episode,avg_reward,noise_std
1,-203.210459,0.298800
2,-204.891029,0.297605
3,-175.121010,0.296414
4,-157.164016,0.295229
5,-178.091664,0.294048
6,-106.118660,0.292872
7,-46.093389,0.291700
8,-43.952405,0.290533
9,-17.437534,0.289371
10,-108.056494,0.288214
11,3.202218,0.287061
12,-41.026422,0.285913
13,-33.400865,0.284769
14,-15.357907,0.283630
15,-17.454542,0.282495
16,-3.183692,0.281365
17,-33.741588,0.280240
18,-14.595681,0.279119
19,-24.648497,0.278002
20,-44.155480,0.276890
21,-11.038195,0.275783
22,-48.415942,0.274680
23,-53.842117,0.273581
24,-35.568252,0.272487
25,-45.742660,0.271397
26,-40.298073,0.270311
27,-48.545467,0.269230
28,-49.063788,0.268153
29,-38.093943,0.267080
30,-30.382048,0.266012
31,-30.807356,0.264948
32,-40.005013,0.263888
33,-33.096896,0.262833
34,-46.707977,0.261781
35,-48.254338,0.260734
36,-30.773820,0.259691
37,-33.192252,0.258653
38,-44.757051,0.257618
39,-27.846064,0.256587
40,-39.196010,0.255561
41,-55.054836,0.254539
42,-33.405114,0.253521
43,-46.528301,0.252507
44,-20.642444,0.251497
45,-41.922163,0.250491
46,-26.571110,0.249489
47,-31.789257,0.248491
48,-24.471202,0.247497
49,-29.000406,0.246507
50,-46.517343,0.245521
51,-32.432513,0.244539
52,-35.425528,0.243560
53,-46.607222,0.242586
54,-62.047061,0.241616
55,-35.110992,0.240649
56,-57.486442,0.239687
57,-41.366883,0.238728
58,-44.028739,0.237773
59,-39.388429,0.236822
60,-50.053919,0.235875
61,-51.044724,0.234931
62,-31.773314,0.233992
63,-35.635758,0.233056
64,-48.917762,0.232123
65,-56.996871,0.231195
66,-55.674409,0.230270
67,-36.479753,0.229349
68,-31.465150,0.228432
69,-31.400250,0.227518
70,-10.893172,0.226608
71,-14.984882,0.225701
72,-61.851510,0.224799
73,-47.869284,0.223899
74,-83.703384,0.223004
75,-28.313380,0.222112
76,-16.537567,0.221223
77,-44.410878,0.220338
78,-26.607471,0.219457
79,-53.014351,0.218579
80,-23.277025,0.217705
81,-12.800188,0.216834
82,-63.650242,0.215967
83,-41.487772,0.215103
84,-14.413251,0.214243
85,-34.891417,0.213386
86,-16.760081,0.212532
87,-45.702700,0.211682
88,-49.423077,0.210835
89,-23.972375,0.209992
90,-76.196557,0.209152
91,-16.169761,0.208315
92,-35.184445,0.207482
93,-33.074303,0.206652
94,-18.456158,0.205825
95,-17.426221,0.205002
96,-39.114986,0.204182
97,-4.801264,0.203365
98,-0.348832,0.202552
99,-17.913327,0.201742
100,-17.108062,0.200935
101,-4.082630,0.200131
102,-14.420862,0.199331
103,-26.429397,0.198533
104,2.331071,0.197739
105,-34.044357,0.196948
106,-32.296562,0.196160
107,-34.604258,0.195376
108,-0.156971,0.194594
109,-37.531341,0.193816
110,-17.275469,0.193041
111,-32.530069,0.192268
112,-33.516574,0.191499
113,-23.746297,0.190733
114,-19.004663,0.189970
115,9.365689,0.189210
116,-15.045757,0.188454
117,6.397357,0.187700
118,-22.535447,0.186949
119,-17.774004,0.186201
120,-13.064693,0.185456
121,-55.794138,0.184715
122,-27.577694,0.183976
123,-43.999124,0.183240
124,-25.618011,0.182507
125,-22.493217,0.181777
126,-10.987416,0.181050
127,-26.721940,0.180326
128,4.830928,0.179604
129,-34.034189,0.178886
130,-32.407957,0.178170
131,-12.650663,0.177458
132,-13.889473,0.176748
133,-6.230214,0.176041
134,-15.671200,0.175337
135,-15.283901,0.174635
136,-26.857058,0.173937
137,-29.407874,0.173241
138,-31.572658,0.172548
139,-29.516281,0.171858
140,-62.260656,0.171170
141,-27.436246,0.170486
142,-21.077361,0.169804
143,-7.303354,0.169125
144,-26.403289,0.168448
145,-56.820622,0.167774
146,-59.391778,0.167103
147,-35.788964,0.166435
148,-11.847595,0.165769
149,-22.603853,0.165106
150,-32.969042,0.164446
151,-28.088838,0.163788
152,-33.145321,0.163133
153,-32.790758,0.162480
154,-28.285142,0.161830
155,-47.188222,0.161183
156,-21.348001,0.160538
157,-43.590053,0.159896
158,-34.535554,0.159256
159,-20.524998,0.158619
160,-64.650726,0.157985
161,-18.106233,0.157353
162,-9.694942,0.156723
163,-28.051370,0.156097
164,-30.965917,0.155472
165,-46.771918,0.154850
166,-22.198667,0.154231
167,-28.394065,0.153614
168,-1.172886,0.153000
169,-29.482917,0.152388
170,-39.991023,0.151778
171,1.534374,0.151171
172,-12.491607,0.150566
173,1.313886,0.149964
174,-25.147380,0.149364
175,-38.505095,0.148767
176,-11.830015,0.148172
177,-5.191324,0.147579
178,-35.257883,0.146989
179,-31.273994,0.146401
180,-40.609087,0.145815
181,-37.221617,0.145232
182,-12.686510,0.144651
183,-2.524790,0.144072
184,-19.356244,0.143496
185,-19.351713,0.142922
186,-14.751349,0.142350
187,-43.507771,0.141781
188,-19.744143,0.141214
189,-19.775067,0.140649
190,-12.590452,0.140086
191,-4.282948,0.139526
192,-24.442551,0.138968
193,-9.859795,0.138412
194,-55.966043,0.137858
195,-18.295207,0.137307
196,-28.983879,0.136758
197,-6.206423,0.136211
198,-45.607733,0.135666
199,-30.426431,0.135123
200,-17.565172,0.134583
201,-15.064919,0.134044
202,-35.967325,0.133508
203,-5.030732,0.132974
204,-30.547653,0.132442
205,-25.387960,0.131912
206,-11.674060,0.131385
207,-20.718544,0.130859
208,9.799160,0.130336
209,-16.434427,0.129814
210,2.016686,0.129295
211,-8.877651,0.128778
212,-12.523374,0.128263
213,-25.842066,0.127750
214,-33.473869,0.127239
215,-7.801663,0.126730
216,-19.775499,0.126223
217,-32.702057,0.125718
218,-2.375353,0.125215
219,-22.482954,0.124714
220,-31.715174,0.124215
221,-23.142813,0.123719
222,-36.628562,0.123224
223,-14.448992,0.122731
224,-13.684971,0.122240
225,-24.792160,0.121751
226,-26.196817,0.121264
227,-10.912597,0.120779
228,-25.091736,0.120296
229,-15.900722,0.119815
230,-24.180354,0.119335
231,-16.612240,0.118858
232,-4.312691,0.118383
233,-19.214175,0.117909
234,-18.650862,0.117437
235,-25.964141,0.116968
236,-1.715089,0.116500
237,-26.149480,0.116034
238,-1.947153,0.115570
239,-3.183228,0.115107
240,-4.415977,0.114647
241,-18.288968,0.114188
242,-22.690978,0.113732
243,-16.880643,0.113277
244,-22.131483,0.112824
245,-10.751805,0.112372
246,-29.277058,0.111923
247,-31.575069,0.111475
248,-56.992179,0.111029
249,-28.358251,0.110585
250,-13.757601,0.110143
251,-29.165832,0.109702
252,-29.578809,0.109263
253,-52.202523,0.108826
254,-59.633581,0.108391
255,-15.365723,0.107957
256,-19.583797,0.107526
257,-52.329047,0.107096
258,-54.175933,0.106667
259,-23.098056,0.106240
260,2.723145,0.105815
261,-19.391086,0.105392
262,-26.935145,0.104971
263,-31.074355,0.104551
264,-26.749207,0.104133
265,-25.464113,0.103716
266,-48.233292,0.103301
267,-47.432023,0.102888
268,-19.915134,0.102476
269,-45.052064,0.102067
270,-7.678741,0.101658
271,-56.417008,0.101252
272,-41.049868,0.100847
273,-31.231507,0.100443
274,-40.003658,0.100041
275,-34.776294,0.099641
276,-10.676664,0.099243
277,-12.209982,0.098846
278,-33.597495,0.098450
279,0.114876,0.098057
280,-29.302102,0.097664
281,-43.183770,0.097274
282,-2.848165,0.096885
283,-51.669255,0.096497
284,-25.856351,0.096111
285,-29.319985,0.095727
286,-10.060656,0.095344
287,-30.694667,0.094962
288,-15.461717,0.094582
289,-10.895728,0.094204
290,-71.157164,0.093827
291,-10.986552,0.093452
292,-26.773282,0.093078
293,-29.423167,0.092706
294,-37.920119,0.092335
295,-22.884591,0.091966
296,-54.846662,0.091598
297,-68.275357,0.091231
298,-28.478105,0.090867
299,-31.777834,0.090503
300,-13.562476,0.090141
301,-46.161247,0.089781
302,-2.686063,0.089421
303,-35.605756,0.089064
304,-7.913569,0.088707
305,-40.675305,0.088353
306,-20.276613,0.087999
307,-31.155065,0.087647
308,-41.942539,0.087297
309,-23.107145,0.086947
310,-37.884027,0.086600
311,-44.968265,0.086253
312,-21.853140,0.085908
313,-9.644335,0.085565
314,-13.590422,0.085222
315,-32.942816,0.084881
316,-27.264965,0.084542
317,-16.898437,0.084204
318,-41.366488,0.083867
319,4.408198,0.083531
320,-25.595506,0.083197
321,-10.904628,0.082865
322,-41.133006,0.082533
323,-3.664957,0.082203
324,-27.763814,0.081874
325,-17.092504,0.081547
326,-18.844365,0.081220
327,-41.440233,0.080896
328,-23.340893,0.080572
329,0.685819,0.080250
330,-26.921523,0.079929
331,10.038019,0.079609
332,-35.555941,0.079291
333,-45.269202,0.078973
334,-63.385943,0.078658
335,-31.740564,0.078343
336,-35.681644,0.078030
337,-21.751355,0.077717
338,-26.384342,0.077407
339,-13.301326,0.077097
340,-26.555572,0.076789
341,-34.109894,0.076481
342,-20.281995,0.076175
343,-45.504782,0.075871
344,-38.994079,0.075567
345,-56.136075,0.075265
346,-5.586478,0.074964
347,-29.554517,0.074664
348,-31.367889,0.074365
349,1.423680,0.074068
350,-78.577395,0.073772
351,-47.360281,0.073477
352,-19.459381,0.073183
353,-11.612369,0.072890
354,-12.316412,0.072598
355,-30.997793,0.072308
356,-11.972973,0.072019
357,-27.959938,0.071731
358,-46.392317,0.071444
359,-0.113313,0.071158
360,-21.995908,0.070873
361,-47.137415,0.070590
362,-59.335987,0.070308
363,-9.440500,0.070026
364,-41.182469,0.069746
365,-27.231612,0.069467
366,-29.276949,0.069189
367,-10.027227,0.068913
368,-29.947687,0.068637
369,-36.914573,0.068362
370,-32.492477,0.068089
371,-43.076075,0.067817
372,-25.232589,0.067545
373,-12.608736,0.067275
374,-44.667007,0.067006
375,-71.362284,0.066738
376,-32.026657,0.066471
377,-48.593880,0.066205
378,-52.587077,0.065940
379,-2.541166,0.065677
380,-0.957587,0.065414
381,-31.372884,0.065152
382,-29.333472,0.064892
383,-36.406394,0.064632
384,-11.407823,0.064374
385,-38.729055,0.064116
386,-15.586215,0.063860
387,-27.365459,0.063604
388,-10.024545,0.063350
389,-16.953828,0.063096
390,-31.414975,0.062844
391,-34.904395,0.062593
392,-49.145613,0.062342
393,-23.789106,0.062093
394,-65.924850,0.061844
395,-16.529493,0.061597
396,-61.940955,0.061351
397,1.749592,0.061105
398,-12.461189,0.060861
399,-13.681020,0.060617
400,-45.596642,0.060375
401,-19.885917,0.060133
402,-22.204117,0.059893
403,-16.445831,0.059653
404,-21.777657,0.059415
405,-16.561924,0.059177
406,-3.563087,0.058940
407,-52.267546,0.058705
408,-23.363979,0.058470
409,-24.548866,0.058236
410,-2.533664,0.058003
411,-26.596817,0.057771
412,-44.931320,0.057540
413,-31.508944,0.057310
414,-44.078075,0.057080
415,9.590411,0.056852
416,-25.718481,0.056625
417,-18.652406,0.056398
418,-4.514229,0.056173
419,-10.583895,0.055948
420,-8.829934,0.055724
421,4.445412,0.055501
422,-1.278103,0.055279
423,-22.148045,0.055058
424,-24.176583,0.054838
425,-28.154081,0.054619
426,-83.929732,0.054400
427,-18.821861,0.054182
428,-21.451954,0.053966
429,-6.761319,0.053750
430,-12.246593,0.053535
431,-25.482986,0.053321
432,-29.839847,0.053107
433,-23.650548,0.052895
434,-20.090460,0.052683
435,-14.733839,0.052473
436,-34.577938,0.052263
437,-9.987278,0.052054
438,-51.447073,0.051846
439,-5.912952,0.051638
440,-19.511029,0.051432
441,-28.885364,0.051226
442,-38.128960,0.051021
443,-20.208483,0.050817
444,-43.348834,0.050614
445,-35.502647,0.050411
446,-29.201213,0.050210
447,-8.969468,0.050009
448,-12.521195,0.050000
449,-35.465696,0.050000
450,-32.165682,0.050000
451,-32.916554,0.050000
452,-1.616983,0.050000
453,0.298114,0.050000
454,-26.009459,0.050000
455,-26.649909,0.050000
456,-9.306937,0.050000
457,-24.410254,0.050000
458,-13.570225,0.050000
459,-8.540457,0.050000
460,-23.059314,0.050000
461,3.930655,0.050000
462,-9.555922,0.050000
463,-40.480458,0.050000
464,-3.598907,0.050000
465,-46.019598,0.050000
466,-16.445912,0.050000
467,-11.783534,0.050000
468,-44.093420,0.050000
469,-32.012658,0.050000
470,-43.846195,0.050000
471,-17.906610,0.050000
472,-29.914048,0.050000
473,-13.529678,0.050000
474,-42.854032,0.050000
475,-7.851153,0.050000
476,-25.593955,0.050000
477,-34.937442,0.050000
478,-18.476209,0.050000
479,-25.830542,0.050000
480,2.920706,0.050000
481,-9.211794,0.050000
482,-3.221670,0.050000
483,-29.752557,0.050000
484,-32.634803,0.050000
485,-53.729753,0.050000
486,-44.725564,0.050000
487,-65.659414,0.050000
488,-48.446109,0.050000
489,4.271304,0.050000
490,-22.604391,0.050000
491,-26.005109,0.050000
492,-51.162680,0.050000
493,-16.363604,0.050000
494,-34.282448,0.050000
495,-20.628708,0.050000
496,-27.869423,0.050000
497,-25.879708,0.050000
498,-22.082759,0.050000
499,-65.741490,0.050000
500,-76.835000,0.050000
501,-26.163964,0.050000
502,-20.307279,0.050000
503,-79.214662,0.050000
504,-47.654984,0.050000
505,-47.331400,0.050000
506,-65.398231,0.050000
507,-64.371341,0.050000
508,-21.193800,0.050000
509,-9.517926,0.050000
510,-42.032706,0.050000
511,-14.820831,0.050000
512,-58.798395,0.050000
513,-70.132112,0.050000
514,-55.668992,0.050000
515,-16.505001,0.050000
516,-48.594436,0.050000
517,-30.634599,0.050000
518,-30.608161,0.050000
519,-56.791539,0.050000
520,-28.973876,0.050000
521,-11.877661,0.050000
522,-10.268958,0.050000
523,-17.432152,0.050000
524,-50.402596,0.050000
525,-38.177160,0.050000
526,-33.597080,0.050000
527,-45.396493,0.050000
528,-32.352152,0.050000
529,-48.334311,0.050000
530,-31.806506,0.050000
531,1.240245,0.050000
532,-44.210287,0.050000
533,-51.502333,0.050000
534,-54.396724,0.050000
535,-60.279232,0.050000
536,-18.305821,0.050000
537,-11.369301,0.050000
538,-6.322723,0.050000
539,-2.297721,0.050000
540,-13.422783,0.050000
541,-37.172791,0.050000
542,-33.835715,0.050000
543,-19.551968,0.050000
544,-39.520158,0.050000
545,-17.826232,0.050000
546,-11.667899,0.050000
547,-26.179557,0.050000
548,-32.875407,0.050000
549,-11.233194,0.050000
550,-49.124928,0.050000
551,-6.405145,0.050000
552,-59.930648,0.050000
553,-35.663790,0.050000
554,-24.332562,0.050000
555,-37.290599,0.050000
556,-32.481243,0.050000
557,-48.951564,0.050000
558,-47.457134,0.050000
559,-15.215239,0.050000
560,-52.479157,0.050000
561,3.213378,0.050000
562,-13.362788,0.050000
563,-27.322576,0.050000
564,-29.908852,0.050000
565,-9.923306,0.050000
566,-33.798169,0.050000
567,-62.332414,0.050000
568,-54.485777,0.050000
569,-12.821643,0.050000
570,-65.110044,0.050000
571,-22.315682,0.050000
572,-51.886852,0.050000
573,-42.906937,0.050000
574,-49.027560,0.050000
575,-34.131487,0.050000
576,-12.340762,0.050000
577,-20.027755,0.050000
578,-40.098824,0.050000
579,-16.747340,0.050000
580,-12.433948,0.050000
581,-0.247718,0.050000
582,-37.107188,0.050000
583,-43.026328,0.050000
584,17.420664,0.050000
585,-30.528094,0.050000
586,-39.527458,0.050000
587,-24.753099,0.050000
588,-3.253733,0.050000
589,-41.873530,0.050000
590,10.183812,0.050000
591,-33.327850,0.050000
592,-38.168488,0.050000
593,-42.633672,0.050000
594,-8.908707,0.050000
595,-25.673441,0.050000
596,-10.646388,0.050000
597,-27.045372,0.050000
598,3.471093,0.050000
599,-15.008027,0.050000
600,-37.855400,0.050000
601,-22.939974,0.050000
602,-33.745570,0.050000
603,-52.254439,0.050000
604,-17.646004,0.050000
605,-23.431863,0.050000
606,5.570735,0.050000
607,-30.811252,0.050000
608,-7.957815,0.050000
609,-16.104489,0.050000
610,-51.905775,0.050000
611,-15.812447,0.050000
612,12.003400,0.050000
613,-32.303937,0.050000
614,-4.693442,0.050000
615,-21.089308,0.050000
616,-26.961125,0.050000
617,-39.087284,0.050000
618,3.179498,0.050000
619,-21.387543,0.050000
620,-7.244347,0.050000
621,-12.300674,0.050000
622,-3.598125,0.050000
623,-6.849799,0.050000
624,-4.422139,0.050000
625,-16.224560,0.050000
626,-30.379768,0.050000
627,-28.264755,0.050000
628,-25.369325,0.050000
629,-7.184481,0.050000
630,0.095481,0.050000
631,-25.447589,0.050000
632,-12.297573,0.050000
633,-2.436380,0.050000
634,-8.397237,0.050000
635,9.938827,0.050000
636,-22.876105,0.050000
637,-28.990178,0.050000
638,-4.254343,0.050000
639,-8.505107,0.050000
640,-5.327601,0.050000
641,-6.141740,0.050000
642,-18.433542,0.050000
643,-28.797486,0.050000
644,-16.749069,0.050000
645,10.554105,0.050000
646,-17.303887,0.050000
647,-28.305440,0.050000
648,-57.070076,0.050000
649,-39.429991,0.050000
650,-24.102263,0.050000
651,-26.955894,0.050000
652,-40.524891,0.050000
653,-35.012986,0.050000
654,-32.234618,0.050000
655,-10.786280,0.050000
656,-48.987983,0.050000
657,-13.454304,0.050000
658,-24.526852,0.050000
659,-4.919662,0.050000
660,-19.573607,0.050000
661,-12.605198,0.050000
662,-18.621314,0.050000
663,-44.797452,0.050000
664,-7.096605,0.050000
665,-49.193598,0.050000
666,-21.177777,0.050000
667,-34.544690,0.050000
668,-7.608668,0.050000
669,-10.594276,0.050000
670,-9.526590,0.050000
671,-50.474052,0.050000
672,-6.950325,0.050000
673,-6.235953,0.050000
674,-5.419086,0.050000
675,-29.267571,0.050000
676,-17.053980,0.050000
677,-48.909233,0.050000
678,2.484547,0.050000
679,8.448905,0.050000
680,-33.166609,0.050000
681,-5.227931,0.050000
682,-24.692469,0.050000
683,1.274102,0.050000
684,-9.119129,0.050000
685,-38.970338,0.050000
686,-59.028983,0.050000
687,-60.063618,0.050000
688,-38.391270,0.050000
689,-83.259305,0.050000
690,-42.222575,0.050000
691,-39.248003,0.050000
692,-32.451867,0.050000
693,-22.377088,0.050000
694,1.431220,0.050000
695,-47.176460,0.050000
696,-14.657536,0.050000
697,-18.858034,0.050000
698,-18.418838,0.050000
699,-7.042727,0.050000
700,-28.700025,0.050000
701,-22.107979,0.050000
702,-33.066174,0.050000
703,-22.828862,0.050000
704,-52.028202,0.050000
705,-13.785765,0.050000
706,-24.491822,0.050000
707,-1.600556,0.050000
708,-46.956148,0.050000
709,-64.834123,0.050000
710,-48.212050,0.050000
711,-15.731357,0.050000
712,-26.177349,0.050000
713,-13.956610,0.050000
714,-20.151162,0.050000
715,-9.724755,0.050000
716,-12.818926,0.050000
717,2.948827,0.050000
718,-15.270283,0.050000
719,-1.975508,0.050000
720,-37.234298,0.050000
721,-12.579883,0.050000
722,-61.269736,0.050000
723,-24.590334,0.050000
724,-4.256341,0.050000
725,-31.946870,0.050000
726,-16.132070,0.050000
727,-14.800064,0.050000
728,-47.233393,0.050000
729,-14.547844,0.050000
730,-46.749413,0.050000
731,-5.847123,0.050000
732,-2.839916,0.050000
733,-9.075446,0.050000
734,-15.720564,0.050000
735,-37.444993,0.050000
736,-35.452073,0.050000
737,-8.331575,0.050000
738,-18.185565,0.050000
739,-15.620610,0.050000
740,2.505194,0.050000
741,8.332410,0.050000
742,-35.100230,0.050000
743,-31.262244,0.050000
744,-1.603760,0.050000
745,-2.114704,0.050000
746,-16.967590,0.050000
747,-12.587725,0.050000
748,-0.373711,0.050000
749,-34.696172,0.050000
750,-13.409511,0.050000
751,-19.921037,0.050000
752,-30.124831,0.050000
753,-37.238200,0.050000
754,-9.975723,0.050000
755,-31.164704,0.050000
756,-19.946332,0.050000
757,-13.546544,0.050000
758,-40.583745,0.050000
759,-0.017238,0.050000
760,-21.617165,0.050000
761,-25.404513,0.050000
762,-24.593160,0.050000
763,-19.825738,0.050000
764,-38.527070,0.050000
765,-11.247983,0.050000
766,22.304192,0.050000
767,-25.523800,0.050000
768,-3.432569,0.050000
769,-14.526040,0.050000
770,-11.076900,0.050000
771,-24.966241,0.050000
772,-23.686647,0.050000
773,-25.362301,0.050000
774,-22.148469,0.050000
775,-30.384003,0.050000
776,0.538822,0.050000
777,-11.023046,0.050000
778,13.942911,0.050000
779,13.727081,0.050000
780,-32.903125,0.050000
781,-24.442111,0.050000
782,-7.322656,0.050000
783,-2.379344,0.050000
784,-53.916563,0.050000
785,-25.174814,0.050000
786,-9.480209,0.050000
787,-41.823718,0.050000
788,-2.673786,0.050000
789,-43.162149,0.050000
790,-26.437942,0.050000
791,-36.440483,0.050000
792,-30.164805,0.050000
793,-9.294180,0.050000
794,-26.036457,0.050000
795,-38.265559,0.050000
796,-19.399440,0.050000
797,-28.475396,0.050000
798,-10.390384,0.050000
799,5.806971,0.050000
800,18.884856,0.050000
801,-19.293749,0.050000
802,-23.439164,0.050000
803,-1.808282,0.050000
804,-2.986695,0.050000
805,-23.644364,0.050000
806,-22.002708,0.050000
807,-22.149740,0.050000
808,-25.196717,0.050000
809,-0.036535,0.050000
810,-8.318277,0.050000
811,-20.990769,0.050000
812,-17.034584,0.050000
813,-8.503515,0.050000
814,-0.490192,0.050000
815,-10.229189,0.050000
816,-2.173647,0.050000
817,-2.862662,0.050000
818,-0.882581,0.050000
819,-34.923393,0.050000
820,-5.082654,0.050000
821,-42.233091,0.050000
822,-5.255336,0.050000
823,1.052063,0.050000
824,-9.865009,0.050000
825,-13.804508,0.050000
826,-38.661888,0.050000
827,-17.436511,0.050000
828,-9.989143,0.050000
829,17.757943,0.050000
830,-7.082268,0.050000
831,-21.740359,0.050000
832,-24.480074,0.050000
833,-26.588829,0.050000
834,-16.179410,0.050000
835,0.648835,0.050000
836,-8.760802,0.050000
837,-21.710097,0.050000
838,-0.358061,0.050000
839,-14.764861,0.050000
840,-13.519445,0.050000
841,-12.174804,0.050000
842,7.576299,0.050000
843,-8.994617,0.050000
844,-7.575617,0.050000
845,-9.513531,0.050000
846,-44.255237,0.050000
847,-27.344509,0.050000
848,-17.474329,0.050000
849,-39.354927,0.050000
850,7.965340,0.050000
851,-10.555081,0.050000
852,-20.788162,0.050000
853,-27.235856,0.050000
854,4.206898,0.050000
855,-22.709109,0.050000
856,-24.000976,0.050000
857,2.902148,0.050000
858,-7.804585,0.050000
859,-1.929176,0.050000
860,-18.378037,0.050000
861,-25.241988,0.050000
862,1.356884,0.050000
863,-18.058973,0.050000
864,-3.720274,0.050000
865,-24.067333,0.050000
866,4.270482,0.050000
867,-13.182000,0.050000
868,-6.895325,0.050000
869,-27.580777,0.050000
870,-20.985450,0.050000
871,6.871912,0.050000
872,-10.768404,0.050000
873,3.825139,0.050000
874,-26.347599,0.050000
875,-36.676109,0.050000
876,5.009575,0.050000
877,10.399228,0.050000
878,-0.716337,0.050000
879,1.326827,0.050000
880,16.661225,0.050000
881,-25.629551,0.050000
882,-18.317451,0.050000
883,-26.162879,0.050000
884,-5.831943,0.050000
885,-19.799474,0.050000
886,3.444023,0.050000
887,-8.740806,0.050000
888,2.506498,0.050000
889,-4.725760,0.050000
890,-29.293113,0.050000
891,-13.647764,0.050000
892,-5.957535,0.050000
893,-15.321129,0.050000
894,-28.607429,0.050000
895,-21.175374,0.050000
896,-12.676389,0.050000
897,-24.317798,0.050000
898,-1.684655,0.050000
899,-0.856457,0.050000
900,-22.545640,0.050000
901,-25.513585,0.050000
902,-20.579794,0.050000
903,-27.570686,0.050000
904,-21.482355,0.050000
905,-35.153104,0.050000
906,-46.617655,0.050000
907,-12.502478,0.050000
908,-16.462923,0.050000
909,-20.889268,0.050000
910,-35.566346,0.050000
911,-26.385452,0.050000
912,-42.732078,0.050000
913,-6.734179,0.050000
914,-20.399234,0.050000
915,-20.244818,0.050000
916,3.504363,0.050000
917,-21.650509,0.050000
918,-19.268074,0.050000
919,-32.670679,0.050000
920,-25.455334,0.050000
921,-10.141261,0.050000
922,-19.275402,0.050000
923,-18.986631,0.050000
924,-8.631344,0.050000
925,-1.317131,0.050000
926,-8.949743,0.050000
927,-45.058408,0.050000
928,-18.515260,0.050000
929,-36.585869,0.050000
930,-10.049703,0.050000
931,-6.486786,0.050000
932,-14.420045,0.050000
933,-27.444029,0.050000
934,-34.857286,0.050000
935,-23.448619,0.050000
936,-27.306070,0.050000
937,-19.348289,0.050000
938,0.612190,0.050000
939,-5.398720,0.050000
940,-51.671439,0.050000
941,-30.479506,0.050000
942,-35.546918,0.050000
943,-57.431261,0.050000
944,-26.477128,0.050000
945,-50.739680,0.050000
946,-55.911407,0.050000
947,-16.653648,0.050000
948,-47.539233,0.050000
949,-48.382532,0.050000
950,-15.316549,0.050000
951,-24.004441,0.050000
952,-25.635484,0.050000
953,-53.588703,0.050000
954,-42.605655,0.050000
955,-32.700428,0.050000
956,-45.289893,0.050000
957,-12.783546,0.050000
958,-25.035025,0.050000
959,-20.198448,0.050000
960,-27.616902,0.050000
961,-18.618500,0.050000
962,-12.477262,0.050000
963,-63.257501,0.050000
964,-17.412805,0.050000
965,-29.996145,0.050000
966,-38.760796,0.050000
967,-19.685640,0.050000
968,-48.084618,0.050000
969,-48.906458,0.050000
970,-28.651204,0.050000
971,-42.446686,0.050000
972,-31.330146,0.050000
973,-14.512084,0.050000
974,-22.280637,0.050000
975,-18.300550,0.050000
976,-11.985871,0.050000
977,-31.102094,0.050000
978,-69.757331,0.050000
979,-15.492769,0.050000
980,-41.993340,0.050000
981,-29.394744,0.050000
982,-43.045119,0.050000
983,-30.729063,0.050000
984,-11.332695,0.050000
985,-37.475839,0.050000
986,-44.211738,0.050000
987,-8.706021,0.050000
988,-25.745199,0.050000
989,-28.794048,0.050000
990,-23.688642,0.050000
991,-29.423320,0.050000
992,-67.788803,0.050000
993,-44.781445,0.050000
994,-32.894398,0.050000
995,-39.077452,0.050000
996,-24.450884,0.050000
997,-39.648962,0.050000
998,-40.482815,0.050000
999,-55.447592,0.050000
1000,-39.008730,0.050000
1001,-20.824522,0.050000
1002,-30.021670,0.050000
1003,-28.852866,0.050000
1004,-51.798482,0.050000
1005,-43.170967,0.050000
1006,-9.493840,0.050000
1007,-10.381363,0.050000
1008,-26.937588,0.050000
1009,-26.265995,0.050000
1010,-35.268759,0.050000
1011,-40.015150,0.050000
1012,-18.835388,0.050000
1013,-42.716032,0.050000
1014,-21.654677,0.050000
1015,-13.171130,0.050000
1016,-44.704351,0.050000
1017,-54.415564,0.050000
1018,-5.426359,0.050000
1019,-6.340304,0.050000
1020,-44.971048,0.050000
1021,-3.264724,0.050000
1022,-87.569636,0.050000
1023,-15.171497,0.050000
1024,-37.342088,0.050000
1025,-41.790971,0.050000
1026,-43.248791,0.050000
1027,-39.847601,0.050000
1028,-14.865053,0.050000
1029,-26.527385,0.050000
1030,-28.813931,0.050000
1031,-37.677866,0.050000
1032,-31.461000,0.050000
1033,-49.676948,0.050000
1034,-44.923662,0.050000
1035,-27.261373,0.050000
1036,-21.422310,0.050000
1037,-5.419964,0.050000
1038,-28.892695,0.050000
1039,-25.726552,0.050000
1040,-39.094100,0.050000
1041,-42.761022,0.050000
1042,-24.332944,0.050000
1043,-44.192253,0.050000
1044,-68.176620,0.050000
1045,-36.629686,0.050000
1046,-66.630787,0.050000
1047,-37.813121,0.050000
1048,-51.370457,0.050000
1049,-45.640180,0.050000
1050,-25.810378,0.050000
1051,-18.431248,0.050000
1052,-26.202109,0.050000
1053,-41.793460,0.050000
1054,-91.398627,0.050000
1055,-45.085213,0.050000
1056,-30.807109,0.050000
1057,-50.728796,0.050000
1058,-51.959466,0.050000
1059,-45.219321,0.050000
1060,-55.958307,0.050000
1061,-39.518811,0.050000
1062,-53.844122,0.050000
1063,-57.137080,0.050000
1064,-13.213983,0.050000
1065,-48.872157,0.050000
1066,-74.852165,0.050000
1067,-75.785661,0.050000
1068,-50.697133,0.050000
1069,-42.170968,0.050000
1070,-52.095618,0.050000
1071,-61.532118,0.050000
1072,-38.414873,0.050000
1073,-52.278124,0.050000
1074,-94.807102,0.050000
1075,-55.290917,0.050000
1076,-46.213783,0.050000
1077,-60.876389,0.050000
1078,-24.453951,0.050000
1079,-48.498314,0.050000
1080,-41.913875,0.050000
1081,-55.738530,0.050000
1082,-63.116339,0.050000
1083,-31.398907,0.050000
1084,-39.974862,0.050000
1085,-39.076784,0.050000
1086,-73.914971,0.050000
1087,-54.392316,0.050000
1088,-46.798216,0.050000
1089,-31.638389,0.050000
1090,-53.579706,0.050000
1091,-91.266825,0.050000
1092,-45.092653,0.050000
1093,-31.945182,0.050000
1094,-52.546995,0.050000
1095,-57.061039,0.050000
1096,-11.366554,0.050000
1097,-46.973841,0.050000
1098,-73.817284,0.050000
1099,-60.038954,0.050000
1100,-56.781976,0.050000
1101,-33.279774,0.050000
1102,-53.481681,0.050000
1103,-40.799990,0.050000
1104,-41.007540,0.050000
1105,-71.532970,0.050000
1106,-58.613806,0.050000
1107,-81.565207,0.050000
1108,-99.114788,0.050000
1109,-85.192324,0.050000
1110,-38.159387,0.050000
1111,-27.617451,0.050000
1112,-76.086043,0.050000
1113,-68.703309,0.050000
1114,-50.433064,0.050000
1115,-40.504353,0.050000
1116,-36.088988,0.050000
1117,-77.219137,0.050000
1118,-30.994312,0.050000
1119,-56.308177,0.050000
1120,-66.913536,0.050000
1121,-48.972595,0.050000
1122,-90.716963,0.050000
1123,-39.896954,0.050000
1124,-80.527311,0.050000
1125,-47.813294,0.050000
1126,-20.301041,0.050000
1127,-58.033754,0.050000
1128,-42.993290,0.050000
1129,-17.588944,0.050000
1130,-88.685461,0.050000
1131,-45.920695,0.050000
1132,-43.553687,0.050000
1133,-65.265645,0.050000
1134,-42.053277,0.050000
1135,-69.901265,0.050000
1136,-54.089383,0.050000
1137,-33.488486,0.050000
1138,-29.914214,0.050000
1139,-51.916730,0.050000
1140,-42.928785,0.050000
1141,-62.652530,0.050000
1142,-48.462388,0.050000
1143,-23.547979,0.050000
1144,-18.555509,0.050000
1145,-7.849668,0.050000
1146,-26.044391,0.050000
1147,-19.178186,0.050000
1148,-77.468459,0.050000
1149,-31.233635,0.050000
1150,-42.660063,0.050000
1151,-52.114659,0.050000
1152,-52.060530,0.050000
1153,-44.450260,0.050000
1154,-52.049909,0.050000
1155,-74.286460,0.050000
1156,-49.055549,0.050000
1157,-54.683505,0.050000
1158,-72.494560,0.050000
1159,-40.056950,0.050000
1160,-50.317332,0.050000
1161,-27.687298,0.050000
1162,-34.616914,0.050000
1163,-48.141176,0.050000
1164,-20.805125,0.050000
1165,-43.941420,0.050000
1166,-22.980194,0.050000
1167,-26.893956,0.050000
1168,-35.979328,0.050000
1169,-17.259306,0.050000
1170,-45.685822,0.050000
1171,-25.523682,0.050000
1172,-5.015191,0.050000
1173,-47.612796,0.050000
1174,-47.594058,0.050000
1175,9.151076,0.050000
1176,-56.173720,0.050000
1177,-8.842045,0.050000
1178,-54.813964,0.050000
1179,-16.147128,0.050000
1180,-39.559373,0.050000
1181,-18.334492,0.050000
1182,-59.751494,0.050000
1183,-78.462548,0.050000
1184,-49.862304,0.050000
1185,-12.228711,0.050000
1186,-46.785385,0.050000
1187,-7.577502,0.050000
1188,-51.793602,0.050000
1189,-15.394968,0.050000
1190,-54.046509,0.050000
1191,-38.644258,0.050000
1192,-21.315049,0.050000
1193,-29.213946,0.050000
1194,-33.172822,0.050000
1195,-47.004863,0.050000
1196,-42.766351,0.050000
1197,-40.136444,0.050000
1198,-66.728939,0.050000
1199,-30.487631,0.050000
1200,-50.871252,0.050000
1201,-39.751308,0.050000
1202,-27.844828,0.050000
1203,-27.713021,0.050000
1204,-94.463074,0.050000
1205,-1.822738,0.050000
1206,-42.839158,0.050000
1207,-48.906834,0.050000
1208,-70.271533,0.050000
1209,-6.111751,0.050000
1210,-51.748778,0.050000
1211,-30.446915,0.050000
1212,-52.037828,0.050000
1213,-18.043608,0.050000
1214,-17.775989,0.050000
1215,-28.771129,0.050000
1216,-9.638060,0.050000
1217,-50.239798,0.050000
1218,-21.293292,0.050000
1219,-69.009394,0.050000
1220,-28.704839,0.050000
1221,-16.020986,0.050000
1222,-43.963206,0.050000
1223,-20.919750,0.050000
1224,-47.421397,0.050000
1225,-31.205457,0.050000
1226,-40.248402,0.050000
1227,-43.738030,0.050000
1228,-74.923684,0.050000
1229,-38.927108,0.050000
1230,-32.703885,0.050000
1231,-47.400009,0.050000
1232,1.636727,0.050000
1233,-42.844466,0.050000
1234,-35.595127,0.050000
1235,-22.511503,0.050000
1236,-35.708815,0.050000
1237,-51.411124,0.050000
1238,-20.251509,0.050000
1239,-51.389488,0.050000
1240,-40.956582,0.050000
1241,-14.435248,0.050000
1242,-68.809132,0.050000
1243,-46.320738,0.050000
1244,-26.137830,0.050000
1245,-35.316359,0.050000
1246,-81.102434,0.050000
1247,-59.402006,0.050000
1248,-57.270040,0.050000
1249,-53.009169,0.050000
1250,-69.520534,0.050000
1251,-24.139221,0.050000
1252,-28.328439,0.050000
1253,-46.744788,0.050000
1254,-7.596520,0.050000
1255,-2.434638,0.050000
1256,-34.213539,0.050000
1257,-30.145941,0.050000
1258,-6.266303,0.050000
1259,-28.794377,0.050000
1260,-25.435095,0.050000
1261,-18.968350,0.050000
1262,-20.889027,0.050000
1263,-38.387931,0.050000
1264,-1.386177,0.050000
1265,-35.102923,0.050000
1266,-6.479793,0.050000
1267,-1.718153,0.050000
1268,-26.940268,0.050000
1269,-52.790001,0.050000
1270,-35.940437,0.050000
1271,-69.416094,0.050000
1272,-49.378056,0.050000
1273,-1.830114,0.050000
1274,-47.521030,0.050000
1275,-61.373890,0.050000
1276,-25.743044,0.050000
1277,-55.506282,0.050000
1278,-52.854520,0.050000
1279,-17.650664,0.050000
1280,-24.210039,0.050000
1281,-53.815038,0.050000
1282,-7.081115,0.050000
1283,-12.842112,0.050000
1284,-60.713767,0.050000
1285,11.264528,0.050000
1286,-16.704856,0.050000
1287,-39.013824,0.050000
1288,-27.334482,0.050000
1289,-29.972642,0.050000
1290,-52.319131,0.050000
1291,-43.837183,0.050000
1292,-25.722965,0.050000
1293,-57.303443,0.050000
1294,-34.879732,0.050000
1295,-48.168755,0.050000
1296,-25.149643,0.050000
1297,-48.242888,0.050000
1298,-48.156639,0.050000
1299,-64.684478,0.050000
1300,-38.559417,0.050000
1301,-62.852777,0.050000
1302,-38.865434,0.050000
1303,-49.206498,0.050000
1304,-32.009437,0.050000
1305,-27.072388,0.050000
1306,-17.643506,0.050000
1307,-18.016927,0.050000
1308,-11.303919,0.050000
1309,-25.064803,0.050000
1310,-25.565609,0.050000
1311,-28.405272,0.050000
1312,-18.355110,0.050000
1313,-13.586869,0.050000
1314,-43.999583,0.050000
1315,-18.060224,0.050000
1316,-57.667270,0.050000
1317,-29.601978,0.050000
1318,-23.909073,0.050000
1319,-22.288429,0.050000
1320,-42.102313,0.050000
1321,-32.268495,0.050000
1322,-27.043557,0.050000
1323,-41.591921,0.050000
1324,6.798374,0.050000
1325,-38.225535,0.050000
1326,-28.726414,0.050000
1327,-41.212396,0.050000
1328,-0.447634,0.050000
1329,-15.192102,0.050000
1330,-31.453822,0.050000
1331,-47.277609,0.050000
1332,-52.527855,0.050000
1333,-27.746745,0.050000
1334,-11.541431,0.050000
1335,-46.859696,0.050000
1336,-29.683000,0.050000
1337,-67.563008,0.050000
1338,-41.645242,0.050000
1339,-7.943050,0.050000
1340,-18.927031,0.050000
1341,-11.843891,0.050000
1342,-13.418821,0.050000
1343,-26.321295,0.050000
1344,-7.936167,0.050000
1345,-13.702470,0.050000
1346,-6.132540,0.050000
1347,-53.270756,0.050000
1348,8.928340,0.050000
1349,-37.002026,0.050000
1350,-46.995129,0.050000
1351,-16.385062,0.050000
1352,-23.707145,0.050000
1353,7.504922,0.050000
1354,-12.767640,0.050000
1355,-27.448126,0.050000
1356,-4.603178,0.050000
1357,-13.803007,0.050000
1358,-2.448082,0.050000
1359,-2.671065,0.050000
1360,-2.434248,0.050000
1361,-5.350364,0.050000
1362,-48.320964,0.050000
1363,-22.184477,0.050000
1364,-29.526660,0.050000
1365,-17.332882,0.050000
1366,6.849451,0.050000
1367,-7.839480,0.050000
1368,-18.902102,0.050000
1369,-21.500483,0.050000
1370,-7.984098,0.050000
1371,6.955507,0.050000
1372,-47.293023,0.050000
1373,-61.920433,0.050000
1374,-10.349418,0.050000
1375,0.206601,0.050000
1376,-17.633085,0.050000
1377,-7.825737,0.050000
1378,-40.401318,0.050000
1379,-0.741060,0.050000
1380,-26.431926,0.050000
1381,-6.966987,0.050000
1382,-34.674486,0.050000
1383,-5.626894,0.050000
1384,-27.853034,0.050000
1385,-9.241136,0.050000
1386,-46.535168,0.050000
1387,-1.587412,0.050000
1388,-23.033340,0.050000
1389,-47.406211,0.050000
1390,-2.850837,0.050000
1391,-30.231912,0.050000
1392,-16.952650,0.050000
1393,-22.467724,0.050000
1394,-32.077660,0.050000
1395,-21.510381,0.050000
1396,-30.884054,0.050000
1397,-45.683474,0.050000
1398,-37.559040,0.050000
1399,-20.730290,0.050000
1400,-49.539146,0.050000
1401,-40.339530,0.050000
1402,-7.321905,0.050000
1403,-27.511973,0.050000
1404,-48.730326,0.050000
1405,-42.989035,0.050000
1406,-9.771669,0.050000
1407,-60.818528,0.050000
1408,-40.577046,0.050000
1409,-46.503124,0.050000
1410,-38.888881,0.050000
1411,-59.191573,0.050000
1412,-56.290259,0.050000
1413,-38.480527,0.050000
1414,-32.375486,0.050000
1415,-49.601081,0.050000
1416,-22.481947,0.050000
1417,-62.164205,0.050000
1418,-89.824249,0.050000
1419,-55.922284,0.050000
1420,-43.367510,0.050000
1421,-94.060822,0.050000
1422,-73.648043,0.050000
1423,-30.724302,0.050000
1424,-66.453304,0.050000
1425,-94.291847,0.050000
1426,-58.913418,0.050000
1427,-17.778523,0.050000
1428,-17.321437,0.050000
1429,-55.619309,0.050000
1430,-25.883997,0.050000
1431,-52.497830,0.050000
1432,-83.364917,0.050000
1433,-70.920836,0.050000
1434,-48.651486,0.050000
1435,-47.085959,0.050000
1436,-75.538507,0.050000
1437,-66.541189,0.050000
1438,-27.917298,0.050000
1439,-106.222799,0.050000
1440,-38.079979,0.050000
1441,-40.990663,0.050000
1442,-41.358312,0.050000
1443,-40.316306,0.050000
1444,-27.107854,0.050000
1445,-26.801235,0.050000
1446,-17.105015,0.050000
1447,-41.475917,0.050000
1448,-87.183399,0.050000
1449,-61.857840,0.050000
1450,-19.500561,0.050000
1451,-76.065194,0.050000
1452,-52.930338,0.050000
1453,-38.432651,0.050000
1454,-33.317365,0.050000
1455,-25.634752,0.050000
1456,-24.452150,0.050000
1457,-22.727265,0.050000
1458,-29.994553,0.050000
1459,-29.760124,0.050000
1460,-18.784637,0.050000
1461,-27.542479,0.050000
1462,-38.386697,0.050000
1463,-33.026989,0.050000
1464,-54.163128,0.050000
1465,-30.223145,0.050000
1466,-1.796604,0.050000
1467,-77.297929,0.050000
1468,-12.368904,0.050000
1469,-15.582453,0.050000
1470,-17.731104,0.050000
1471,-36.873130,0.050000
1472,-52.496077,0.050000
1473,-54.650646,0.050000
1474,-59.257071,0.050000
1475,-34.741698,0.050000
1476,-32.117156,0.050000
1477,-5.041715,0.050000
1478,-74.332415,0.050000
1479,-11.633071,0.050000
1480,-23.487320,0.050000
1481,-34.340845,0.050000
1482,-25.192784,0.050000
1483,-13.019488,0.050000
1484,-19.647784,0.050000
1485,-11.602194,0.050000
1486,-45.603156,0.050000
1487,-61.609555,0.050000
1488,-35.676994,0.050000
1489,-17.335466,0.050000
1490,-41.915140,0.050000
1491,-37.040083,0.050000
1492,-21.531518,0.050000
1493,-28.612306,0.050000
1494,-30.122952,0.050000
1495,-9.722152,0.050000
1496,-19.942205,0.050000
1497,-24.016560,0.050000
1498,-21.665183,0.050000
1499,-18.864661,0.050000
1500,-10.372577,0.050000
1501,-31.267560,0.050000
1502,-37.958252,0.050000
1503,-35.160564,0.050000
1504,-8.464146,0.050000
1505,-18.572148,0.050000
1506,-25.034022,0.050000
1507,-33.401045,0.050000
1508,-17.037717,0.050000
1509,-24.190935,0.050000
1510,-37.545893,0.050000
1511,-60.625493,0.050000
1512,-31.811088,0.050000
1513,1.103257,0.050000
1514,-13.610760,0.050000
1515,-61.184069,0.050000
1516,-40.352386,0.050000
1517,-5.364376,0.050000
1518,-25.263840,0.050000
1519,1.632577,0.050000
1520,13.349747,0.050000
1521,-7.866200,0.050000
1522,-9.842498,0.050000
1523,-28.063688,0.050000
1524,-6.791043,0.050000
1525,-16.671532,0.050000
1526,-11.465642,0.050000
1527,-15.657660,0.050000
1528,-11.032646,0.050000
1529,-21.665271,0.050000
1530,-37.484834,0.050000
1531,-55.989227,0.050000
1532,-29.810043,0.050000
1533,-47.681692,0.050000
1534,-35.607008,0.050000
1535,-2.684748,0.050000
1536,4.107974,0.050000
1537,-19.109570,0.050000
1538,-11.380663,0.050000
1539,-31.988239,0.050000
1540,-10.723430,0.050000
1541,-22.963328,0.050000
1542,-33.862174,0.050000
1543,-30.780792,0.050000
1544,-4.403420,0.050000
1545,-39.112206,0.050000
1546,-5.301478,0.050000
1547,-44.752423,0.050000
1548,-16.937653,0.050000
1549,-33.888823,0.050000
1550,-55.106065,0.050000
1551,-89.742540,0.050000
1552,-30.189453,0.050000
1553,-2.952222,0.050000
1554,-49.585991,0.050000
1555,-77.223937,0.050000
1556,-47.337987,0.050000
1557,-65.805573,0.050000
1558,-5.188830,0.050000
1559,-72.710293,0.050000
1560,-103.114243,0.050000
1561,-48.045898,0.050000
1562,-70.253516,0.050000
1563,-67.925272,0.050000
1564,-67.433181,0.050000
1565,-90.644883,0.050000
1566,-71.460586,0.050000
1567,-11.332411,0.050000
1568,-48.238192,0.050000
1569,-62.151677,0.050000
1570,-11.654248,0.050000
1571,-40.813037,0.050000
1572,-31.886670,0.050000
1573,-43.895103,0.050000
1574,-109.964892,0.050000
1575,-58.392771,0.050000
1576,-99.222564,0.050000
1577,-10.816308,0.050000
1578,-56.956019,0.050000
1579,-38.917670,0.050000
1580,-23.826232,0.050000
1581,-44.502536,0.050000
1582,-15.713846,0.050000
1583,-55.865772,0.050000
1584,-56.851093,0.050000
1585,-53.454816,0.050000
1586,-81.896431,0.050000
1587,-37.079111,0.050000
1588,-7.199831,0.050000
1589,-37.127926,0.050000
1590,-44.987927,0.050000
1591,-30.643554,0.050000
1592,-27.967314,0.050000
1593,-82.588533,0.050000
1594,-44.121630,0.050000
1595,-28.334519,0.050000
1596,-48.471309,0.050000
1597,-17.581777,0.050000
1598,-15.839451,0.050000
1599,-28.903559,0.050000
1600,-56.315492,0.050000
1601,-58.762719,0.050000
1602,-29.360259,0.050000
1603,-56.374671,0.050000
1604,-40.023093,0.050000
1605,-70.289662,0.050000
1606,-30.475741,0.050000
1607,-42.588528,0.050000
1608,-46.486637,0.050000
1609,-18.342067,0.050000
1610,-47.088998,0.050000
1611,-52.593441,0.050000
1612,-29.879447,0.050000
1613,-43.972271,0.050000
1614,-78.435785,0.050000
1615,-41.378705,0.050000
1616,-35.385270,0.050000
1617,-39.917608,0.050000
1618,-41.100589,0.050000
1619,-25.450200,0.050000
1620,-34.244020,0.050000
1621,-23.644626,0.050000
1622,-19.957347,0.050000
1623,-82.022660,0.050000
1624,2.715412,0.050000
1625,-43.404085,0.050000
1626,6.429559,0.050000
1627,-70.656187,0.050000
1628,1.173540,0.050000
1629,-54.424829,0.050000
1630,-57.012193,0.050000
1631,-12.322362,0.050000
1632,-25.078853,0.050000
1633,-18.666588,0.050000
1634,-52.406171,0.050000
1635,-52.803954,0.050000
1636,-82.734823,0.050000
1637,-38.522107,0.050000
1638,-24.602769,0.050000
1639,-96.657547,0.050000
1640,-79.492684,0.050000
1641,-66.417761,0.050000
1642,-73.615112,0.050000
1643,-36.109589,0.050000
1644,-67.919583,0.050000
1645,-45.734244,0.050000
1646,-60.725351,0.050000
1647,-105.910197,0.050000
1648,-57.857961,0.050000
1649,-68.470179,0.050000
1650,-46.876221,0.050000
1651,-74.164168,0.050000
1652,-88.895975,0.050000
1653,-55.601373,0.050000
1654,-52.284453,0.050000
1655,-48.357751,0.050000
1656,-35.647997,0.050000
1657,-19.909453,0.050000
1658,-60.986385,0.050000
1659,-57.397987,0.050000
1660,-70.916929,0.050000
1661,-61.978958,0.050000
1662,-56.988783,0.050000
1663,-29.767726,0.050000
1664,-42.548502,0.050000
1665,-54.952279,0.050000
1666,-116.153673,0.050000
1667,-119.826295,0.050000
1668,-73.034890,0.050000
1669,-43.341870,0.050000
1670,-63.315318,0.050000
1671,-70.030625,0.050000
1672,-50.099417,0.050000
1673,-105.998621,0.050000
1674,-43.615243,0.050000
1675,-48.677716,0.050000
1676,-39.820496,0.050000
1677,-72.527799,0.050000
1678,-90.749006,0.050000
1679,-51.311369,0.050000
1680,-59.867174,0.050000
1681,-96.098260,0.050000
1682,-15.658114,0.050000
1683,-70.731719,0.050000
1684,-94.623122,0.050000
1685,-91.167022,0.050000
1686,-28.887428,0.050000
1687,-62.665509,0.050000
1688,-62.720551,0.050000
1689,-74.465548,0.050000
1690,-71.658552,0.050000
1691,-65.337094,0.050000
1692,-73.105291,0.050000
1693,-36.388246,0.050000
1694,-54.908179,0.050000
1695,-73.258497,0.050000
1696,-93.724524,0.050000
1697,-66.359290,0.050000
1698,-87.560846,0.050000
1699,-23.157002,0.050000
1700,-43.728081,0.050000
1701,-81.399090,0.050000
1702,-84.992117,0.050000
1703,-28.688594,0.050000
1704,-85.778127,0.050000
1705,-85.350031,0.050000
1706,-39.527676,0.050000
1707,-81.218673,0.050000
1708,-48.935322,0.050000
1709,-59.270677,0.050000
1710,-64.990901,0.050000
1711,-62.987452,0.050000
1712,-90.479376,0.050000
1713,-35.376033,0.050000
1714,-49.744146,0.050000
1715,-87.977297,0.050000
1716,-72.743514,0.050000
1717,-54.999612,0.050000
1718,-71.862811,0.050000
1719,-22.708951,0.050000
1720,-81.023032,0.050000
1721,-109.154585,0.050000
1722,-57.966355,0.050000
1723,-85.994608,0.050000
1724,-56.413406,0.050000
1725,-70.976498,0.050000
1726,-85.937589,0.050000
1727,-30.644523,0.050000
1728,-92.117354,0.050000
1729,-78.886214,0.050000
1730,-109.863662,0.050000
1731,-61.910318,0.050000
1732,-129.949464,0.050000
1733,-53.510520,0.050000
1734,-22.046432,0.050000
1735,-68.106154,0.050000
1736,-125.602856,0.050000
1737,-71.208634,0.050000
1738,-104.146287,0.050000
1739,-59.828074,0.050000
1740,-77.952650,0.050000
1741,-103.854444,0.050000
1742,-131.561413,0.050000
1743,-44.813126,0.050000
1744,-38.474273,0.050000
1745,-55.504960,0.050000
1746,-111.594264,0.050000
1747,-122.350006,0.050000
1748,-96.959336,0.050000
1749,-19.679939,0.050000
1750,-134.947972,0.050000
1751,-137.001981,0.050000
1752,-62.877663,0.050000
1753,-89.313888,0.050000
1754,-55.600967,0.050000
1755,-61.283749,0.050000
1756,-70.419635,0.050000
1757,-68.684273,0.050000
1758,-63.136351,0.050000
1759,-52.560255,0.050000
1760,-53.533190,0.050000
1761,-48.210145,0.050000
1762,-76.049299,0.050000
1763,-68.123150,0.050000
1764,-134.818786,0.050000
1765,-104.648780,0.050000
1766,-62.067328,0.050000
1767,-89.586163,0.050000
1768,-49.471497,0.050000
1769,-117.122052,0.050000
1770,-93.346967,0.050000
1771,-67.511136,0.050000
1772,-61.191874,0.050000
1773,-43.550216,0.050000
1774,-131.687315,0.050000
1775,-110.300704,0.050000
1776,-79.102144,0.050000
1777,-101.078529,0.050000
1778,-64.859243,0.050000
1779,-78.155047,0.050000
1780,-70.266637,0.050000
1781,-43.251307,0.050000
1782,-77.902156,0.050000
1783,-59.795313,0.050000
1784,-59.889265,0.050000
1785,-80.124631,0.050000
1786,-59.425879,0.050000
1787,-54.519814,0.050000
1788,-111.665346,0.050000
1789,-80.752414,0.050000
1790,-57.388090,0.050000
1791,-31.359748,0.050000
1792,-89.200266,0.050000
1793,-113.000858,0.050000
1794,-75.889301,0.050000
1795,-45.551209,0.050000
1796,-92.732490,0.050000
1797,-65.487072,0.050000
1798,-80.697026,0.050000
1799,-88.590416,0.050000
1800,-85.158326,0.050000
1801,-67.970461,0.050000
1802,-77.045961,0.050000
1803,-91.549808,0.050000
1804,-60.972572,0.050000
1805,-144.480650,0.050000
1806,-100.991095,0.050000
1807,-57.028058,0.050000
1808,-50.410776,0.050000
1809,-124.551210,0.050000
1810,-146.259606,0.050000
1811,-74.205023,0.050000
1812,-44.047336,0.050000
1813,-131.683533,0.050000
1814,-90.907702,0.050000
1815,-102.903248,0.050000
1816,-92.195594,0.050000
1817,-124.599461,0.050000
1818,-140.200388,0.050000
1819,-183.421948,0.050000
1820,-160.239562,0.050000
1821,-133.805600,0.050000
1822,-147.212187,0.050000
1823,-123.674415,0.050000
1824,-87.338075,0.050000
1825,-131.781208,0.050000
1826,-90.273250,0.050000
1827,-129.937452,0.050000
1828,-137.944617,0.050000
1829,-176.387953,0.050000
1830,-132.450354,0.050000
1831,-163.298366,0.050000
1832,-160.195639,0.050000
1833,-70.267472,0.050000
1834,-79.705215,0.050000
1835,-93.065665,0.050000
1836,-163.579161,0.050000
1837,-158.689707,0.050000
1838,-154.492933,0.050000
1839,-186.329022,0.050000
1840,-140.085727,0.050000
1841,-138.660007,0.050000
1842,-141.000992,0.050000
1843,-171.271847,0.050000
1844,-142.057711,0.050000
1845,-166.132568,0.050000
1846,-174.408980,0.050000
1847,-129.794739,0.050000
1848,-114.164836,0.050000
1849,-166.094796,0.050000
1850,-130.606199,0.050000
1851,-125.271847,0.050000
1852,-113.833591,0.050000
1853,-116.106812,0.050000
1854,-165.245513,0.050000
1855,-155.444984,0.050000
1856,-116.088771,0.050000
1857,-146.680637,0.050000
1858,-121.646888,0.050000
1859,-191.796771,0.050000
1860,-84.443740,0.050000
1861,-61.146028,0.050000
1862,-82.127750,0.050000
1863,-128.851876,0.050000
1864,-82.633531,0.050000
1865,-143.234861,0.050000
1866,-147.625272,0.050000
1867,-98.283832,0.050000
1868,-110.660281,0.050000
1869,-78.059388,0.050000
1870,-47.179555,0.050000
1871,-31.749707,0.050000
1872,-118.528424,0.050000
1873,-55.077767,0.050000
1874,-109.477868,0.050000
1875,-128.271903,0.050000
1876,-131.361696,0.050000
1877,-102.405987,0.050000
1878,-60.137646,0.050000
1879,-70.462797,0.050000
1880,-103.203834,0.050000
1881,-106.591479,0.050000
1882,-77.666559,0.050000
1883,-90.720472,0.050000
1884,-100.642844,0.050000
1885,-96.449394,0.050000
1886,-54.208284,0.050000
1887,-100.356452,0.050000
1888,-165.716945,0.050000
1889,-99.585861,0.050000
1890,-94.853232,0.050000
1891,-59.353730,0.050000
1892,-135.901538,0.050000
1893,-75.091263,0.050000
1894,-92.194675,0.050000
1895,-66.170492,0.050000
1896,-99.051873,0.050000
1897,-102.052444,0.050000
1898,-138.881411,0.050000
1899,-127.721088,0.050000
1900,-121.384034,0.050000
1901,-133.334135,0.050000
1902,-128.394184,0.050000
1903,-101.517273,0.050000
1904,-79.933396,0.050000
1905,-68.975712,0.050000
1906,-75.835223,0.050000
1907,-112.337202,0.050000
1908,-92.908434,0.050000
1909,-85.045264,0.050000
1910,-162.203030,0.050000
1911,-147.127755,0.050000
1912,-134.779600,0.050000
1913,-95.360197,0.050000
1914,-64.389609,0.050000
1915,-104.039457,0.050000
1916,-62.788721,0.050000
1917,-135.461977,0.050000
1918,-45.577318,0.050000
1919,-132.503327,0.050000
1920,-84.647206,0.050000
1921,-82.613587,0.050000
1922,-125.986361,0.050000
1923,-12.480691,0.050000
1924,-104.964034,0.050000
1925,-105.723624,0.050000
1926,-120.596481,0.050000
1927,-32.872858,0.050000
1928,-101.123408,0.050000
1929,-124.566735,0.050000
1930,-11.983195,0.050000
1931,-65.183124,0.050000
1932,-99.082876,0.050000
1933,-80.689819,0.050000
1934,-102.585045,0.050000
1935,-107.619050,0.050000
1936,-79.457783,0.050000
1937,-52.935354,0.050000
1938,-62.472400,0.050000
1939,-69.056029,0.050000
1940,-60.602032,0.050000
1941,-26.979021,0.050000
1942,-75.649618,0.050000
1943,-111.476672,0.050000
1944,-103.247181,0.050000
1945,-47.100108,0.050000
1946,-66.168664,0.050000
1947,-91.420189,0.050000
1948,-76.761987,0.050000
1949,-34.596505,0.050000
1950,-102.316967,0.050000
1951,-66.979209,0.050000
1952,-92.050347,0.050000
1953,-17.477656,0.050000
1954,-76.906578,0.050000
1955,-72.023910,0.050000
1956,-90.783058,0.050000
1957,-54.586509,0.050000
1958,-85.456852,0.050000
1959,-71.716752,0.050000
1960,-51.074212,0.050000
1961,-46.948758,0.050000
1962,-43.776462,0.050000
1963,-65.047703,0.050000
1964,-41.557819,0.050000
1965,-117.888873,0.050000
1966,-77.236269,0.050000
1967,-22.007229,0.050000
1968,-44.434272,0.050000
1969,-59.543133,0.050000
1970,-25.803058,0.050000
1971,-40.775435,0.050000
1972,-54.494947,0.050000
1973,-106.037492,0.050000
1974,-43.697484,0.050000
1975,-52.838250,0.050000
1976,-34.129541,0.050000
1977,-82.455520,0.050000
1978,-76.500577,0.050000
1979,-100.283350,0.050000
1980,-102.897298,0.050000
1981,-59.289654,0.050000
1982,-44.301168,0.050000
1983,-61.611412,0.050000
1984,-58.919371,0.050000
1985,-44.937603,0.050000
1986,-95.372266,0.050000
1987,-78.077683,0.050000
1988,-79.000692,0.050000
1989,-90.242479,0.050000
1990,-73.214006,0.050000
1991,-70.637056,0.050000
1992,-100.606124,0.050000
1993,-165.042770,0.050000
1994,-52.272998,0.050000
1995,-165.814714,0.050000
1996,-104.324915,0.050000
1997,-99.719369,0.050000
1998,-69.428130,0.050000
1999,-72.094644,0.050000
2000,-120.859303,0.050000
2001,-114.836639,0.050000
2002,-109.895487,0.050000
2003,-130.775867,0.050000
2004,-135.107429,0.050000
2005,-75.987716,0.050000
2006,-114.252242,0.050000
2007,-122.934361,0.050000
2008,-142.041335,0.050000
2009,-162.520499,0.050000
2010,-112.570928,0.050000
2011,-117.771981,0.050000
2012,-110.980959,0.050000
2013,-135.047285,0.050000
2014,-82.483851,0.050000
2015,-108.399854,0.050000
2016,-75.525072,0.050000
2017,-118.446805,0.050000
2018,-103.369304,0.050000
2019,-72.898507,0.050000
2020,-69.868691,0.050000
2021,-130.610288,0.050000
2022,-74.723603,0.050000
2023,-70.040644,0.050000
2024,-94.417752,0.050000
2025,-132.467083,0.050000
2026,-102.050514,0.050000
2027,-107.809713,0.050000
2028,-127.333068,0.050000
2029,-51.960681,0.050000
2030,-70.266679,0.050000
2031,-106.272131,0.050000
2032,-117.857973,0.050000
2033,-72.224984,0.050000
2034,-72.693605,0.050000
2035,-115.012378,0.050000
2036,-100.607793,0.050000
2037,-107.188195,0.050000
2038,-99.903539,0.050000
2039,-76.463140,0.050000
2040,-107.160040,0.050000
2041,-144.410263,0.050000
2042,-79.919542,0.050000
2043,-95.203825,0.050000
2044,-117.326312,0.050000
2045,-79.158170,0.050000
2046,-36.303396,0.050000
2047,-79.018261,0.050000
2048,-127.429776,0.050000
2049,-75.151343,0.050000
2050,-82.983932,0.050000
2051,-92.750045,0.050000
2052,-124.419202,0.050000
2053,-107.620219,0.050000
2054,-142.095026,0.050000
2055,-61.522178,0.050000
2056,-121.973021,0.050000
2057,-101.386506,0.050000
2058,-111.482926,0.050000
2059,-99.868285,0.050000
2060,-108.914235,0.050000
2061,-127.605710,0.050000
2062,-87.486493,0.050000
2063,-83.396816,0.050000
2064,-129.804710,0.050000
2065,-86.524044,0.050000
2066,-102.930718,0.050000
2067,-98.253421,0.050000
2068,-84.323400,0.050000
2069,-89.763525,0.050000
2070,-55.671863,0.050000
2071,-130.071594,0.050000
2072,-117.319608,0.050000
2073,-32.461220,0.050000
2074,-75.348373,0.050000
2075,-58.381173,0.050000
2076,-105.701768,0.050000
2077,-106.142576,0.050000
2078,-80.825904,0.050000
2079,-75.400769,0.050000
2080,-69.745188,0.050000
2081,-126.617981,0.050000
2082,-87.197159,0.050000
2083,-82.242537,0.050000
2084,-85.055441,0.050000
2085,-99.913643,0.050000
2086,-82.117018,0.050000
2087,-81.838136,0.050000
2088,-78.234662,0.050000
2089,-64.350302,0.050000
2090,-110.648103,0.050000
2091,-92.376620,0.050000
2092,-126.042113,0.050000
2093,-43.386549,0.050000
2094,-110.934420,0.050000
2095,-129.706781,0.050000
2096,-133.625409,0.050000
2097,-159.795444,0.050000
2098,-45.817275,0.050000
2099,-126.847512,0.050000
2100,-129.640951,0.050000
2101,-90.429471,0.050000
2102,-103.431786,0.050000
2103,-112.436741,0.050000
2104,-128.976555,0.050000
2105,-121.050752,0.050000
2106,-148.810626,0.050000
2107,-118.782291,0.050000
2108,-142.102147,0.050000
2109,-93.690985,0.050000
2110,-112.791231,0.050000
2111,-186.456768,0.050000
2112,-145.747006,0.050000
2113,-89.594581,0.050000
2114,-121.300391,0.050000
2115,-84.362300,0.050000
2116,-178.225105,0.050000
2117,-134.143029,0.050000
2118,-134.002052,0.050000
2119,-75.039061,0.050000
2120,-110.682882,0.050000
2121,-88.900869,0.050000
2122,-101.283164,0.050000
2123,-83.659583,0.050000
2124,-137.943123,0.050000
2125,-181.689534,0.050000
2126,-66.039134,0.050000
2127,-87.686922,0.050000
2128,-102.478984,0.050000
2129,-167.318169,0.050000
2130,-90.894052,0.050000
2131,-130.433611,0.050000
2132,-72.696982,0.050000
2133,-89.968375,0.050000
2134,-169.885937,0.050000
2135,-105.854601,0.050000
2136,-112.568160,0.050000
2137,-112.663227,0.050000
2138,-96.300785,0.050000
2139,-76.943960,0.050000
2140,-145.562199,0.050000
2141,-164.210614,0.050000
2142,-145.743270,0.050000
2143,-168.611973,0.050000
2144,-106.180649,0.050000
2145,-137.672596,0.050000
2146,-164.856697,0.050000
2147,-137.525097,0.050000
2148,-96.109381,0.050000
2149,-104.137204,0.050000
2150,-139.566098,0.050000
2151,-89.353101,0.050000
2152,-71.666954,0.050000
2153,-130.245867,0.050000
2154,-108.789979,0.050000
2155,-122.596979,0.050000
2156,-100.312340,0.050000
2157,-104.441593,0.050000
2158,-73.683701,0.050000
2159,-84.756924,0.050000
2160,-123.938684,0.050000
2161,-61.332029,0.050000
2162,-104.196285,0.050000
2163,-103.721237,0.050000
2164,-152.697305,0.050000
2165,-78.134997,0.050000
2166,-93.298399,0.050000
2167,-121.053354,0.050000
2168,-133.051611,0.050000
2169,-114.277533,0.050000
2170,-72.250437,0.050000
2171,-102.895845,0.050000
2172,-94.934834,0.050000
2173,-102.211277,0.050000
2174,-101.553225,0.050000
2175,-92.546940,0.050000
2176,-104.352358,0.050000
2177,-142.791299,0.050000
2178,-104.134927,0.050000
2179,-119.352592,0.050000
2180,-87.866337,0.050000
2181,-106.134494,0.050000
2182,-31.987017,0.050000
2183,-60.884808,0.050000
2184,-68.356429,0.050000
2185,-82.931821,0.050000
2186,-71.560475,0.050000
2187,-59.308479,0.050000
2188,-94.742967,0.050000
2189,-67.662768,0.050000
2190,-52.694706,0.050000
2191,-45.893775,0.050000
2192,-76.005897,0.050000
2193,-50.126184,0.050000
2194,-59.856875,0.050000
2195,-18.339774,0.050000
2196,-90.335915,0.050000
2197,-56.018512,0.050000
2198,-77.289141,0.050000
2199,-24.309837,0.050000
2200,-62.266833,0.050000
2201,-41.645109,0.050000
2202,-54.589374,0.050000
2203,-69.400705,0.050000
2204,-25.560073,0.050000
2205,-46.555612,0.050000
2206,-32.396827,0.050000
2207,-35.667869,0.050000
2208,-23.623270,0.050000
2209,-60.035508,0.050000
2210,-49.712364,0.050000
2211,-50.172515,0.050000
2212,-50.302557,0.050000
2213,-67.648123,0.050000
2214,-67.518907,0.050000
2215,-41.489416,0.050000
2216,-53.559622,0.050000
2217,-31.617005,0.050000
2218,-71.987856,0.050000
2219,-85.177632,0.050000
2220,-73.799917,0.050000
2221,-51.095947,0.050000
2222,-39.937354,0.050000
2223,-51.114738,0.050000
2224,-48.877744,0.050000
2225,-45.784020,0.050000
2226,-52.584543,0.050000
2227,-37.304698,0.050000
2228,-92.880271,0.050000
2229,-97.212783,0.050000
2230,-40.028956,0.050000
2231,-48.873792,0.050000
2232,-85.696126,0.050000
2233,-65.606044,0.050000
2234,-32.482207,0.050000
2235,-51.048238,0.050000
2236,-49.426911,0.050000
2237,-138.530874,0.050000
2238,-69.017346,0.050000
2239,-86.728618,0.050000
2240,-86.470377,0.050000
2241,-68.747965,0.050000
2242,-78.166239,0.050000
2243,-52.877248,0.050000
2244,-61.360062,0.050000
2245,-60.586094,0.050000
2246,-26.706778,0.050000
2247,-56.489646,0.050000
2248,-4.929007,0.050000
2249,-23.861036,0.050000
2250,-2.459941,0.050000
2251,-48.774703,0.050000
2252,-66.623826,0.050000
2253,-45.006805,0.050000
2254,7.411806,0.050000
2255,-17.155993,0.050000
2256,-34.370184,0.050000
2257,-29.244768,0.050000
2258,-46.475205,0.050000
2259,-51.742015,0.050000
2260,-67.532869,0.050000
2261,-0.132048,0.050000
2262,-25.394206,0.050000
2263,-24.573292,0.050000
2264,-35.347766,0.050000
2265,-41.515478,0.050000
2266,-64.849369,0.050000
2267,-56.028337,0.050000
2268,-9.679589,0.050000
2269,-72.878730,0.050000
2270,-53.036420,0.050000
2271,-44.365773,0.050000
2272,-66.000907,0.050000
2273,-43.960164,0.050000
2274,-82.498730,0.050000
2275,-71.348450,0.050000
2276,-76.149335,0.050000
2277,-86.601308,0.050000
2278,-50.884329,0.050000
2279,-4.617107,0.050000
2280,-57.721193,0.050000
2281,-68.073915,0.050000
2282,-26.242701,0.050000
2283,-45.810124,0.050000
2284,-70.322551,0.050000
2285,-47.243004,0.050000
2286,-51.344093,0.050000
2287,-59.628322,0.050000
2288,-14.954311,0.050000
2289,-12.746563,0.050000
2290,-42.331355,0.050000
2291,-89.972077,0.050000
2292,-59.779652,0.050000
2293,-14.054886,0.050000
2294,-21.073442,0.050000
2295,-56.152843,0.050000
2296,-43.271312,0.050000
2297,-44.711828,0.050000
2298,-55.903462,0.050000
2299,-38.289407,0.050000
2300,-40.787929,0.050000
2301,-16.169487,0.050000
2302,-42.709378,0.050000
2303,-44.519863,0.050000
2304,-65.779227,0.050000
2305,-65.953336,0.050000
2306,-68.763518,0.050000
2307,-35.876494,0.050000
2308,-62.452217,0.050000
2309,-20.588578,0.050000
2310,-43.022332,0.050000
2311,-10.812620,0.050000
2312,-19.175820,0.050000
2313,-14.221930,0.050000
2314,-11.478358,0.050000
2315,-32.400124,0.050000
2316,-32.365547,0.050000
2317,-32.329519,0.050000
2318,-25.353260,0.050000
2319,-20.193363,0.050000
2320,-2.389622,0.050000
2321,-20.386096,0.050000
2322,-22.490729,0.050000
2323,-20.646100,0.050000
2324,-36.773847,0.050000
2325,-46.264563,0.050000
2326,-38.933391,0.050000
2327,-37.848298,0.050000
2328,-31.332681,0.050000
2329,-43.003109,0.050000
2330,-64.942179,0.050000
2331,-27.122941,0.050000
2332,-50.080879,0.050000
2333,-3.392697,0.050000
2334,-25.702762,0.050000
2335,-63.677575,0.050000
2336,-45.662342,0.050000
2337,-3.370584,0.050000
2338,-22.446803,0.050000
2339,-58.711156,0.050000
2340,-41.110982,0.050000
2341,-35.218160,0.050000
2342,-52.311396,0.050000
2343,-52.835970,0.050000
2344,-31.210067,0.050000
2345,-12.810520,0.050000
2346,-48.226478,0.050000
2347,-33.148949,0.050000
2348,-17.601245,0.050000
2349,-44.709565,0.050000
2350,-27.120133,0.050000
2351,-44.870051,0.050000
2352,-16.767276,0.050000
2353,-25.059909,0.050000
2354,-5.591498,0.050000
2355,-49.785492,0.050000
2356,-39.114065,0.050000
2357,-7.371775,0.050000
2358,-11.967198,0.050000
2359,-17.748112,0.050000
2360,-50.309666,0.050000
2361,-30.097025,0.050000
2362,-17.230554,0.050000
2363,-38.626487,0.050000
2364,-21.386056,0.050000
2365,-15.724335,0.050000
2366,-5.008407,0.050000
2367,-20.613701,0.050000
2368,-62.371217,0.050000
2369,-52.859021,0.050000
2370,-28.013820,0.050000
2371,-49.408589,0.050000
2372,-19.788385,0.050000
2373,-15.310573,0.050000
2374,-45.955418,0.050000
2375,-91.389073,0.050000
2376,4.945298,0.050000
2377,-48.682733,0.050000
2378,-46.398856,0.050000
2379,-29.484912,0.050000
2380,-48.431706,0.050000
2381,-37.417263,0.050000
2382,-87.073234,0.050000
2383,-15.173954,0.050000
2384,-31.303494,0.050000
2385,-17.670451,0.050000
2386,-13.516811,0.050000
2387,-10.232761,0.050000
2388,-11.987131,0.050000
2389,-23.238047,0.050000
2390,-5.226555,0.050000
2391,-6.912709,0.050000
2392,-57.486559,0.050000
2393,7.521351,0.050000
2394,-33.226697,0.050000
2395,-48.913816,0.050000
2396,-41.455400,0.050000
2397,-24.644398,0.050000
2398,-40.745820,0.050000
2399,-73.693973,0.050000
2400,-27.589664,0.050000
2401,-60.533879,0.050000
2402,-26.709207,0.050000
2403,-31.116945,0.050000
2404,-31.067404,0.050000
2405,-48.449366,0.050000
2406,-29.053296,0.050000
2407,-58.878924,0.050000
2408,-40.847250,0.050000
2409,-45.101280,0.050000
2410,-17.238224,0.050000
2411,-8.426889,0.050000
2412,-57.107555,0.050000
2413,-5.017847,0.050000
2414,-25.983209,0.050000
2415,-32.449493,0.050000
2416,-24.356892,0.050000
2417,-33.548033,0.050000
2418,-51.077732,0.050000
2419,-12.627317,0.050000
2420,-17.470693,0.050000
2421,-39.402514,0.050000
2422,-52.472436,0.050000
2423,-28.887083,0.050000
2424,-8.343752,0.050000
2425,-76.669883,0.050000
2426,-71.895092,0.050000
2427,-73.647319,0.050000
2428,-48.756189,0.050000
2429,-41.823789,0.050000
2430,-31.438140,0.050000
2431,-20.227775,0.050000
2432,-27.006181,0.050000
2433,-28.402828,0.050000
2434,-48.875980,0.050000
2435,-34.551816,0.050000
2436,-59.127404,0.050000
2437,-17.203816,0.050000
2438,-39.058855,0.050000
2439,-57.910181,0.050000
2440,-78.028204,0.050000
2441,-52.753821,0.050000
2442,-45.043181,0.050000
2443,-85.617022,0.050000
2444,-81.347137,0.050000
2445,-50.562181,0.050000
2446,-53.919389,0.050000
2447,-77.937010,0.050000
2448,-44.007018,0.050000
2449,-58.198746,0.050000
2450,-40.699391,0.050000
2451,-45.871390,0.050000
2452,-61.848879,0.050000
2453,-95.089285,0.050000
2454,-112.555380,0.050000
2455,-102.202380,0.050000
2456,-69.055440,0.050000
2457,-55.928832,0.050000
2458,-44.986242,0.050000
2459,-55.924452,0.050000
2460,-57.558902,0.050000
2461,-53.839063,0.050000
2462,-10.834385,0.050000
2463,-57.652485,0.050000
2464,-23.749273,0.050000
2465,-52.265334,0.050000
2466,-34.641110,0.050000
2467,-60.182615,0.050000
2468,-28.374190,0.050000
2469,-50.730858,0.050000
2470,-19.347476,0.050000
2471,-34.963628,0.050000
2472,-47.267724,0.050000
2473,-55.745117,0.050000
2474,-58.831153,0.050000
2475,-7.049481,0.050000
2476,-28.820413,0.050000
2477,-22.853726,0.050000
2478,-85.943070,0.050000
2479,-33.279438,0.050000
2480,-41.238282,0.050000
2481,-51.642635,0.050000
2482,-70.432346,0.050000
2483,-34.234389,0.050000
2484,-82.821911,0.050000
2485,-13.454932,0.050000
2486,-50.120174,0.050000
2487,-32.255870,0.050000
2488,-41.807469,0.050000
2489,-34.451788,0.050000
2490,-84.962431,0.050000
2491,-71.252122,0.050000
2492,-59.319926,0.050000
2493,-110.113275,0.050000
2494,-62.660372,0.050000
2495,-88.685036,0.050000
2496,-61.654838,0.050000
2497,-70.375143,0.050000
2498,-70.219434,0.050000
2499,-87.970839,0.050000
2500,-17.760081,0.050000
2501,-62.297689,0.050000
2502,-53.728521,0.050000
2503,-46.482170,0.050000
2504,-79.918434,0.050000
2505,-29.670233,0.050000
2506,-60.404094,0.050000
2507,-60.509441,0.050000
2508,-104.822855,0.050000
2509,-23.036532,0.050000
2510,-57.029627,0.050000
2511,-105.594051,0.050000
2512,-45.424912,0.050000
2513,-62.589752,0.050000
2514,-33.540805,0.050000
2515,-52.026398,0.050000
2516,-113.099072,0.050000
2517,-113.061447,0.050000
2518,-69.134894,0.050000
2519,-53.528461,0.050000
2520,-62.998496,0.050000
2521,-130.159572,0.050000
2522,-92.429425,0.050000
2523,-30.343679,0.050000
2524,-45.276961,0.050000
2525,-36.603250,0.050000
2526,-50.860139,0.050000
2527,-83.328874,0.050000
2528,-65.100981,0.050000
2529,-91.062588,0.050000
2530,-60.819154,0.050000
2531,-34.952725,0.050000
2532,-87.975382,0.050000
2533,-71.992980,0.050000
2534,-69.682023,0.050000
2535,-44.560129,0.050000
2536,-28.636704,0.050000
2537,-31.656164,0.050000
2538,-64.921829,0.050000
2539,-49.308858,0.050000
2540,-60.109542,0.050000
2541,-61.313589,0.050000
2542,-75.939298,0.050000
2543,-62.185484,0.050000
2544,-117.780831,0.050000
2545,-49.422708,0.050000
2546,-62.565866,0.050000
2547,-48.907374,0.050000
2548,-61.360877,0.050000
2549,-56.419614,0.050000
2550,-81.866815,0.050000
2551,-108.990657,0.050000
2552,-73.397598,0.050000
2553,-8.310334,0.050000
2554,-63.711884,0.050000
2555,-99.138341,0.050000
2556,-45.981992,0.050000
2557,-57.267203,0.050000
2558,-46.163706,0.050000
2559,-98.781021,0.050000
2560,-43.788555,0.050000
2561,-39.701283,0.050000
2562,-39.862229,0.050000
2563,-6.070129,0.050000
2564,-71.592934,0.050000
2565,-17.282098,0.050000
2566,-43.752073,0.050000
2567,-81.933711,0.050000
2568,-43.768367,0.050000
2569,-15.206998,0.050000
2570,-73.902984,0.050000
2571,-7.521036,0.050000
2572,-37.908239,0.050000
2573,-60.827497,0.050000
2574,-45.483738,0.050000
2575,-85.727553,0.050000
2576,-38.257767,0.050000
2577,-105.389636,0.050000
2578,-40.865814,0.050000
2579,-51.781743,0.050000
2580,-33.157035,0.050000
2581,-13.510552,0.050000
2582,-76.919216,0.050000
2583,-59.001376,0.050000
2584,-51.156143,0.050000
2585,-29.604490,0.050000
2586,-63.759607,0.050000
2587,-62.006243,0.050000
2588,-95.492696,0.050000
2589,-73.838845,0.050000
2590,-65.250284,0.050000
2591,-55.588672,0.050000
2592,-76.240689,0.050000
2593,-67.448831,0.050000
2594,-107.420357,0.050000
2595,-24.937878,0.050000
2596,-87.199549,0.050000
2597,-120.405775,0.050000
2598,-140.262835,0.050000
2599,-18.120797,0.050000
2600,-26.124396,0.050000
2601,-75.265609,0.050000
2602,-70.145841,0.050000
2603,-50.878933,0.050000
2604,-90.022389,0.050000
2605,-53.809921,0.050000
2606,-14.563046,0.050000
2607,-70.251037,0.050000
2608,-8.415467,0.050000
2609,-101.633533,0.050000
2610,-99.732871,0.050000
2611,-116.685400,0.050000
2612,-23.421404,0.050000
2613,-91.146634,0.050000
2614,-71.805301,0.050000
2615,-39.241291,0.050000
2616,-21.348620,0.050000
2617,-55.251776,0.050000
2618,-69.668786,0.050000
2619,-57.947781,0.050000
2620,-116.822386,0.050000
2621,-91.919161,0.050000
2622,-88.910647,0.050000
2623,-93.643974,0.050000
2624,-47.637689,0.050000
2625,-94.676009,0.050000
2626,-108.943231,0.050000
2627,-33.034776,0.050000
2628,-14.771185,0.050000
2629,-124.946024,0.050000
2630,-102.841729,0.050000
2631,-40.383813,0.050000
2632,-116.875730,0.050000
2633,-85.785674,0.050000
2634,-112.293103,0.050000
2635,-61.160728,0.050000
2636,-62.824611,0.050000
2637,-66.727555,0.050000
2638,-56.282946,0.050000
2639,-71.523854,0.050000
2640,-110.402112,0.050000
2641,-61.254392,0.050000
2642,-26.026443,0.050000
2643,-92.921143,0.050000
2644,-56.998756,0.050000
2645,-93.579894,0.050000
2646,-63.475729,0.050000
2647,-112.267461,0.050000
2648,-54.555540,0.050000
2649,-56.589955,0.050000
2650,-83.528662,0.050000
2651,-34.280683,0.050000
2652,-140.090663,0.050000
2653,-55.930792,0.050000
2654,-103.641648,0.050000
2655,-23.716088,0.050000
2656,-64.255108,0.050000
2657,-30.692601,0.050000
2658,-74.772757,0.050000
2659,-102.828316,0.050000
2660,-75.366996,0.050000
2661,-112.180822,0.050000
2662,-74.333357,0.050000
2663,-78.872636,0.050000
2664,-55.679358,0.050000
2665,-78.166363,0.050000
2666,-68.622094,0.050000
2667,-85.704490,0.050000
2668,-37.783441,0.050000
2669,-73.510467,0.050000
2670,-43.045273,0.050000
2671,-84.352303,0.050000
2672,-30.555620,0.050000
2673,-13.284699,0.050000
2674,-109.625564,0.050000
2675,-82.705985,0.050000
2676,-53.080158,0.050000
2677,-59.831243,0.050000
2678,-11.428853,0.050000
2679,-63.499312,0.050000
2680,-51.578711,0.050000
2681,-42.942996,0.050000
2682,-27.304819,0.050000
2683,-55.765935,0.050000
2684,-26.736571,0.050000
2685,-97.853008,0.050000
2686,-59.711042,0.050000
2687,-45.195953,0.050000
2688,-76.553471,0.050000
2689,-72.782342,0.050000
2690,-33.170113,0.050000
2691,-84.361714,0.050000
2692,-43.210297,0.050000
2693,-110.087272,0.050000
2694,-65.087664,0.050000
2695,-49.683971,0.050000
2696,-66.831071,0.050000
2697,-118.740221,0.050000
2698,-58.916413,0.050000
2699,-100.654959,0.050000
2700,-60.484683,0.050000
2701,-62.350792,0.050000
2702,-57.566839,0.050000
2703,-63.237455,0.050000
2704,-103.328427,0.050000
2705,-74.046290,0.050000
2706,-27.181394,0.050000
2707,-91.392396,0.050000
2708,-115.711780,0.050000
2709,-109.905043,0.050000
2710,-100.636630,0.050000
2711,-47.617756,0.050000
2712,-71.770616,0.050000
2713,-75.354474,0.050000
2714,-18.486424,0.050000
2715,-54.240862,0.050000
2716,-99.406913,0.050000
2717,-77.805149,0.050000
2718,-59.154014,0.050000
2719,-70.823073,0.050000
2720,-52.894933,0.050000
2721,-79.927043,0.050000
2722,-66.857806,0.050000
2723,-10.244943,0.050000
2724,-76.961975,0.050000
2725,-13.017148,0.050000
2726,-85.502768,0.050000
2727,-90.336400,0.050000
2728,-40.358189,0.050000
2729,-12.665069,0.050000
2730,-107.330057,0.050000
2731,-82.600987,0.050000
2732,-18.872678,0.050000
2733,-111.825469,0.050000
2734,-104.790083,0.050000
2735,-62.015158,0.050000
2736,-69.150654,0.050000
2737,-83.635440,0.050000
2738,-47.769147,0.050000
2739,-51.308749,0.050000
2740,-19.645337,0.050000
2741,-59.415486,0.050000
2742,-61.472621,0.050000
2743,-63.714651,0.050000
2744,-66.742605,0.050000
2745,-81.663537,0.050000
2746,-32.924889,0.050000
2747,-113.690796,0.050000
2748,-47.178834,0.050000
2749,-74.512657,0.050000
2750,-90.801103,0.050000
2751,-34.857903,0.050000
2752,-56.204113,0.050000
2753,-62.029601,0.050000
2754,-62.008598,0.050000
2755,-78.583953,0.050000
2756,-29.987563,0.050000
2757,-70.965656,0.050000
2758,-56.569154,0.050000
2759,-100.164281,0.050000
2760,-27.989671,0.050000
2761,-42.889501,0.050000
2762,-42.298019,0.050000
2763,-24.897282,0.050000
2764,-85.003065,0.050000
2765,-16.122549,0.050000
2766,-93.005540,0.050000
2767,-31.560052,0.050000
2768,-78.842555,0.050000
2769,-39.552815,0.050000
2770,-134.262526,0.050000
2771,-57.844549,0.050000
2772,-100.717087,0.050000
2773,-44.625919,0.050000
2774,-104.542877,0.050000
2775,-77.361012,0.050000
2776,-90.949251,0.050000
2777,-58.978581,0.050000
2778,-117.769709,0.050000
2779,-30.584483,0.050000
2780,-55.242246,0.050000
2781,-121.184902,0.050000
2782,-76.855989,0.050000
2783,-53.657385,0.050000
2784,-73.222408,0.050000
2785,-73.011099,0.050000
2786,-65.978496,0.050000
2787,-77.960353,0.050000
2788,-43.068598,0.050000
2789,-57.217843,0.050000
2790,-81.574582,0.050000
2791,-111.104814,0.050000
2792,-77.312913,0.050000
2793,-90.456032,0.050000
2794,-124.266306,0.050000
2795,-104.684375,0.050000
2796,-66.014556,0.050000
2797,-106.402429,0.050000
2798,-80.104230,0.050000
2799,-89.933747,0.050000
2800,-78.796797,0.050000
2801,-78.197295,0.050000
2802,-81.331222,0.050000
2803,-93.944620,0.050000
2804,-41.906236,0.050000
2805,-93.714460,0.050000
2806,-65.150579,0.050000
2807,-99.608241,0.050000
2808,-68.249806,0.050000
2809,-104.298719,0.050000
2810,-88.200071,0.050000
2811,-19.457778,0.050000
2812,-45.428165,0.050000
2813,-58.605472,0.050000
2814,-87.311252,0.050000
2815,-84.992487,0.050000
2816,-109.794322,0.050000
2817,-102.713022,0.050000
2818,-93.470376,0.050000
2819,-78.263036,0.050000
2820,-44.339176,0.050000
2821,-108.834847,0.050000
2822,-11.942506,0.050000
2823,-18.278420,0.050000
2824,-85.391661,0.050000
2825,-56.022825,0.050000
2826,-12.278877,0.050000
2827,-85.451067,0.050000
2828,-21.233964,0.050000
2829,-34.288621,0.050000
2830,-88.192352,0.050000
2831,-108.542278,0.050000
2832,-76.400132,0.050000
2833,-56.919405,0.050000
2834,-49.159591,0.050000
2835,-82.733357,0.050000
2836,-28.719138,0.050000
2837,-117.781221,0.050000
2838,-62.805977,0.050000
2839,-48.721730,0.050000
2840,-80.107437,0.050000
2841,-28.467541,0.050000
2842,-67.155709,0.050000
2843,-104.297558,0.050000
2844,-117.320593,0.050000
2845,-75.654087,0.050000
2846,-78.403238,0.050000
2847,-90.854997,0.050000
2848,-105.787233,0.050000
2849,-128.098069,0.050000
2850,-129.651459,0.050000
2851,-81.094218,0.050000
2852,-78.651084,0.050000
2853,-53.816953,0.050000
2854,-29.651762,0.050000
2855,-89.443058,0.050000
2856,-32.330008,0.050000
2857,-58.591319,0.050000
2858,-72.246808,0.050000
2859,-86.121073,0.050000
2860,-37.048547,0.050000
2861,-35.987501,0.050000
2862,-11.875781,0.050000
2863,-73.776943,0.050000
2864,-60.160809,0.050000
2865,-56.938974,0.050000
2866,-27.117221,0.050000
2867,-73.480884,0.050000
2868,-27.137167,0.050000
2869,-20.738383,0.050000
2870,-23.815560,0.050000
2871,-76.502165,0.050000
2872,-62.312958,0.050000
2873,-83.046091,0.050000
2874,-106.320132,0.050000
2875,-68.286940,0.050000
2876,-45.541786,0.050000
2877,-24.479824,0.050000
2878,-38.140664,0.050000
2879,-76.678866,0.050000
2880,-40.427086,0.050000
2881,-17.023103,0.050000
2882,-47.099795,0.050000
2883,-79.737265,0.050000
2884,-51.253002,0.050000
2885,-92.002216,0.050000
2886,-31.125896,0.050000
2887,-1.715346,0.050000
2888,-87.149174,0.050000
2889,-61.289692,0.050000
2890,-89.461458,0.050000
2891,-60.942588,0.050000
2892,-71.762527,0.050000
2893,-67.936204,0.050000
2894,-84.383921,0.050000
2895,-58.334467,0.050000
2896,-78.651659,0.050000
2897,-61.766769,0.050000
2898,-78.250156,0.050000
2899,-83.465717,0.050000
2900,-90.347011,0.050000
2901,-68.315709,0.050000
2902,-58.627721,0.050000
2903,-77.531845,0.050000
2904,-55.072464,0.050000
2905,-60.355294,0.050000
2906,-46.335957,0.050000
2907,-74.668257,0.050000
2908,-45.978803,0.050000
2909,-64.367484,0.050000
2910,-56.562324,0.050000
2911,-31.883548,0.050000
2912,-30.485252,0.050000
2913,-79.445170,0.050000
2914,-43.285349,0.050000
2915,-72.952847,0.050000
2916,-43.605812,0.050000
2917,-45.509301,0.050000
2918,-81.297990,0.050000
2919,-82.874734,0.050000
2920,-75.278656,0.050000
2921,-19.256966,0.050000
2922,-78.186081,0.050000
2923,-42.447314,0.050000
2924,-90.112036,0.050000
2925,-53.868968,0.050000
2926,-78.111073,0.050000
2927,-64.474738,0.050000
2928,-105.953748,0.050000
2929,-18.788849,0.050000
2930,-34.949985,0.050000
2931,-79.829949,0.050000
2932,-98.109901,0.050000
2933,-54.554586,0.050000
2934,-40.259002,0.050000
2935,-109.159394,0.050000
2936,-54.082650,0.050000
2937,-105.300713,0.050000
2938,-124.032280,0.050000
2939,-51.411352,0.050000
2940,-68.583150,0.050000
2941,-80.122235,0.050000
2942,-63.770399,0.050000
2943,-77.617982,0.050000
2944,-36.057350,0.050000
2945,-95.397762,0.050000
2946,-33.171173,0.050000
2947,-68.051401,0.050000
2948,-33.709148,0.050000
2949,-64.229196,0.050000
2950,-66.249327,0.050000
2951,-79.097770,0.050000
2952,-80.567040,0.050000
2953,-56.252532,0.050000
2954,-75.012564,0.050000
2955,-85.135513,0.050000
2956,-44.937278,0.050000
2957,-60.734234,0.050000
2958,-41.994565,0.050000
2959,-70.843737,0.050000
2960,-85.052553,0.050000
2961,-70.626697,0.050000
2962,-115.278741,0.050000
2963,-119.451971,0.050000
2964,-78.960586,0.050000
2965,-43.967427,0.050000
2966,-44.892072,0.050000
2967,-95.503998,0.050000
2968,-106.302897,0.050000
2969,-109.911041,0.050000
2970,-82.375262,0.050000
2971,-67.693461,0.050000
2972,-145.021505,0.050000
2973,-71.347753,0.050000
2974,-48.207228,0.050000
2975,-43.315092,0.050000
2976,-83.222551,0.050000
2977,-85.995116,0.050000
2978,-93.307718,0.050000
2979,-69.694318,0.050000
2980,-108.157233,0.050000
2981,-68.526464,0.050000
2982,-67.532572,0.050000
2983,-46.099226,0.050000
2984,-80.152217,0.050000
2985,-46.996388,0.050000
2986,-118.541074,0.050000
2987,-66.150100,0.050000
2988,-96.849547,0.050000
2989,-82.654296,0.050000
2990,-46.330046,0.050000
2991,-59.457376,0.050000
2992,-76.696191,0.050000
2993,-77.804487,0.050000
2994,-55.780919,0.050000
2995,-107.766538,0.050000
2996,-42.606676,0.050000
2997,-136.410223,0.050000
2998,-32.115581,0.050000
2999,-99.668450,0.050000
3000,-106.041523,0.050000
3001,-91.432349,0.050000
3002,-66.761616,0.050000
3003,-102.489484,0.050000
3004,-127.365950,0.050000
3005,-63.731573,0.050000
3006,-90.105015,0.050000
3007,-90.748524,0.050000
3008,-107.569587,0.050000
3009,-104.647588,0.050000
3010,-100.533595,0.050000
3011,-66.197460,0.050000
3012,-79.495904,0.050000
3013,-57.875470,0.050000
3014,-42.191183,0.050000
3015,-82.328106,0.050000
3016,-45.559843,0.050000
3017,-105.064906,0.050000
3018,-65.365129,0.050000
3019,-52.684604,0.050000
3020,-25.737009,0.050000
3021,-66.558873,0.050000
3022,-42.982363,0.050000
3023,-102.061252,0.050000
3024,-79.850165,0.050000
3025,-124.630483,0.050000
3026,-20.379493,0.050000
3027,-49.485268,0.050000
3028,-102.279342,0.050000
3029,-62.272475,0.050000
3030,-132.425667,0.050000
3031,-80.497065,0.050000
3032,-59.289667,0.050000
3033,-82.088470,0.050000
3034,-72.100342,0.050000
3035,-105.799944,0.050000
3036,-69.076421,0.050000
3037,-95.504375,0.050000
3038,-50.162455,0.050000
3039,-106.380559,0.050000
3040,-42.238058,0.050000
3041,-52.402255,0.050000
3042,-73.291201,0.050000
3043,-70.130031,0.050000
3044,-59.984975,0.050000
3045,-78.584560,0.050000
3046,-83.443358,0.050000
3047,-69.764893,0.050000
3048,-113.466862,0.050000
3049,-43.685743,0.050000
3050,-56.345813,0.050000
3051,-70.183775,0.050000
3052,-54.419337,0.050000
3053,-66.229024,0.050000
3054,-80.650533,0.050000
3055,-71.798029,0.050000
3056,-86.568924,0.050000
3057,-41.453898,0.050000
3058,-75.429321,0.050000
3059,-91.141333,0.050000
3060,-91.697616,0.050000
3061,-45.366986,0.050000
3062,-58.679756,0.050000
3063,-43.961036,0.050000
3064,-28.422882,0.050000
3065,-71.008172,0.050000
3066,-31.847369,0.050000
3067,-88.377931,0.050000
3068,-128.293089,0.050000
3069,-42.100881,0.050000
3070,-84.060789,0.050000
3071,-69.697072,0.050000
3072,-44.553725,0.050000
3073,-56.589819,0.050000
3074,-118.685315,0.050000
3075,-67.132801,0.050000
3076,-72.878246,0.050000
3077,-74.867938,0.050000
3078,-45.387188,0.050000
3079,-79.874647,0.050000
3080,-71.477995,0.050000
3081,-86.722480,0.050000
3082,-96.176256,0.050000
3083,-71.063710,0.050000
3084,-49.539931,0.050000
3085,-26.222714,0.050000
3086,-116.319715,0.050000
3087,-76.564453,0.050000
3088,-74.768055,0.050000
3089,-72.862800,0.050000
3090,-31.789420,0.050000
3091,-63.568436,0.050000
3092,-57.630151,0.050000
3093,-67.985612,0.050000
3094,-45.446928,0.050000
3095,-76.542474,0.050000
3096,-5.213923,0.050000
3097,-52.389740,0.050000
3098,-66.936732,0.050000
3099,-36.593946,0.050000
3100,-85.298851,0.050000
3101,-46.344350,0.050000
3102,-52.525532,0.050000
3103,-73.106052,0.050000
3104,-73.411865,0.050000
3105,-80.703759,0.050000
3106,-72.769668,0.050000
3107,-95.326004,0.050000
3108,-106.221456,0.050000
3109,-109.671362,0.050000
3110,-42.579417,0.050000
3111,-89.950201,0.050000
3112,-32.976186,0.050000
3113,-52.085174,0.050000
3114,-130.042331,0.050000
3115,-75.186523,0.050000
3116,-84.561184,0.050000
3117,-80.883075,0.050000
3118,-69.810579,0.050000
3119,-87.372460,0.050000
3120,-98.349202,0.050000
3121,-85.064429,0.050000
3122,-82.145432,0.050000
3123,-10.191595,0.050000
3124,-73.515652,0.050000
3125,-75.741405,0.050000
3126,-132.359522,0.050000
3127,-87.903962,0.050000
3128,-81.018083,0.050000
3129,-119.792938,0.050000
3130,-66.646889,0.050000
3131,-83.027163,0.050000
3132,-114.438401,0.050000
3133,-73.608645,0.050000
3134,-100.244322,0.050000
3135,-101.091516,0.050000
3136,-68.733310,0.050000
3137,-22.018404,0.050000
3138,-113.646299,0.050000
3139,-112.971160,0.050000
3140,-143.744786,0.050000
3141,-76.742589,0.050000
3142,-69.564290,0.050000
3143,-59.566284,0.050000
3144,-39.749197,0.050000
3145,-126.148714,0.050000
3146,-77.969879,0.050000
3147,-85.883019,0.050000
3148,-98.501624,0.050000
3149,-82.091589,0.050000
3150,-51.067767,0.050000
3151,-126.773829,0.050000
3152,-94.509981,0.050000
3153,-117.113692,0.050000
3154,-107.702323,0.050000
3155,-89.211827,0.050000
3156,-83.325800,0.050000
3157,-120.602080,0.050000
3158,-57.390867,0.050000
3159,-70.657348,0.050000
3160,-27.939889,0.050000
3161,-125.159690,0.050000
3162,-104.235212,0.050000
3163,-75.466817,0.050000
3164,-85.309427,0.050000
3165,-75.719357,0.050000
3166,-78.293355,0.050000
3167,-66.886261,0.050000
3168,-89.639066,0.050000
3169,-57.649465,0.050000
3170,-61.764334,0.050000
3171,-85.265563,0.050000
3172,-61.591321,0.050000
3173,-65.144402,0.050000
3174,-147.024346,0.050000
3175,-58.020817,0.050000
3176,-88.991067,0.050000
3177,-48.698547,0.050000
3178,-36.115288,0.050000
3179,-83.440019,0.050000
3180,-71.791713,0.050000
3181,-37.130590,0.050000
3182,-58.007261,0.050000
3183,-60.089018,0.050000
3184,-84.063673,0.050000
3185,-56.506300,0.050000
3186,-95.979502,0.050000
3187,-56.564320,0.050000
3188,-71.950445,0.050000
3189,-118.393119,0.050000
3190,-103.970978,0.050000
3191,-95.755908,0.050000
3192,-40.504940,0.050000
3193,-74.074101,0.050000
3194,-91.494198,0.050000
3195,-119.776258,0.050000
3196,-49.744097,0.050000
3197,-70.678958,0.050000
3198,-108.495037,0.050000
3199,-97.655822,0.050000
3200,-86.175889,0.050000
3201,-66.841104,0.050000
3202,-102.461132,0.050000
3203,-118.754634,0.050000
3204,-138.123863,0.050000
3205,-109.979258,0.050000
3206,-88.767912,0.050000
3207,-122.280998,0.050000
3208,-73.363518,0.050000
3209,-112.892231,0.050000
3210,-83.204134,0.050000
3211,-54.847018,0.050000
3212,-76.931026,0.050000
3213,-78.800569,0.050000
3214,-62.342531,0.050000
3215,-108.406584,0.050000
3216,-109.670521,0.050000
3217,-57.524134,0.050000
3218,-69.809160,0.050000
3219,-62.700558,0.050000
3220,-109.452588,0.050000
3221,-32.213671,0.050000
3222,-110.334948,0.050000
3223,-88.013199,0.050000
3224,-52.155029,0.050000
3225,-93.120049,0.050000
3226,-89.986159,0.050000
3227,-45.326434,0.050000
3228,-52.031084,0.050000
3229,-43.322319,0.050000
3230,-54.688605,0.050000
3231,-55.961341,0.050000
3232,-55.454232,0.050000
3233,-72.519433,0.050000
3234,-64.606550,0.050000
3235,-76.811759,0.050000
3236,-32.199991,0.050000
3237,-67.850691,0.050000
3238,-44.558928,0.050000
3239,-89.336093,0.050000
3240,-54.668027,0.050000
3241,-66.487900,0.050000
3242,-43.485633,0.050000
3243,-85.736224,0.050000
3244,-42.342737,0.050000
3245,-23.951510,0.050000
3246,-34.532140,0.050000
3247,-71.200206,0.050000
3248,-42.884133,0.050000
3249,-50.617949,0.050000
3250,-56.386931,0.050000
3251,-56.882700,0.050000
3252,-43.739667,0.050000
3253,-51.102306,0.050000
3254,-48.303305,0.050000
3255,-69.469609,0.050000
3256,-68.170607,0.050000
3257,-77.651545,0.050000
3258,-56.321841,0.050000
3259,-113.310282,0.050000
3260,-97.918114,0.050000
3261,-47.832887,0.050000
3262,-47.732297,0.050000
3263,-76.811487,0.050000
3264,-67.300822,0.050000
3265,-59.270450,0.050000
3266,-109.527736,0.050000
3267,-84.966213,0.050000
3268,-136.578126,0.050000
3269,-116.892439,0.050000
3270,-78.066806,0.050000
3271,-46.101714,0.050000
3272,-35.564862,0.050000
3273,-73.443701,0.050000
3274,-94.057722,0.050000
3275,-87.836819,0.050000
3276,-53.259513,0.050000
3277,-82.780665,0.050000
3278,-63.119415,0.050000
3279,-76.843405,0.050000
3280,-95.269278,0.050000
3281,-119.864731,0.050000
3282,-116.234220,0.050000
3283,-77.953703,0.050000
3284,-94.211336,0.050000
3285,-37.079830,0.050000
3286,-113.122673,0.050000
3287,-92.151756,0.050000
3288,-79.252063,0.050000
3289,-80.325558,0.050000
3290,-74.816226,0.050000
3291,-82.779166,0.050000
3292,-85.666619,0.050000
3293,-69.196545,0.050000
3294,-75.304525,0.050000
3295,-43.819340,0.050000
3296,-66.385329,0.050000
3297,-94.662294,0.050000
3298,-98.143656,0.050000
3299,-55.608038,0.050000
3300,-108.090350,0.050000
3301,-98.093034,0.050000
3302,-66.954340,0.050000
3303,-108.627910,0.050000
3304,-83.265174,0.050000
3305,-102.106665,0.050000
3306,-111.768992,0.050000
3307,-49.514527,0.050000
3308,-59.099213,0.050000
3309,-52.972299,0.050000
3310,-113.615502,0.050000
3311,-70.209510,0.050000
3312,-42.913156,0.050000
3313,-123.317361,0.050000
3314,-93.055479,0.050000
3315,-73.777022,0.050000
3316,-78.355464,0.050000
3317,-50.879589,0.050000
3318,-81.827940,0.050000
3319,-108.657946,0.050000
3320,-89.642113,0.050000
3321,-103.925323,0.050000
3322,-139.966308,0.050000
3323,-27.777799,0.050000
3324,-82.321743,0.050000
3325,-76.455008,0.050000
3326,-40.816752,0.050000
3327,-118.651181,0.050000
3328,-124.687227,0.050000
3329,-158.646875,0.050000
3330,-90.897214,0.050000
3331,-142.957354,0.050000
3332,-134.585885,0.050000
3333,-112.337208,0.050000
3334,-153.217588,0.050000
3335,-119.200254,0.050000
3336,-163.080681,0.050000
3337,-146.228989,0.050000
3338,-120.853022,0.050000
3339,-128.148151,0.050000
3340,-142.902947,0.050000
3341,-113.766451,0.050000
3342,-115.362387,0.050000
3343,-108.345611,0.050000
3344,-108.626567,0.050000
3345,-70.756746,0.050000
3346,-90.115146,0.050000
3347,-85.765059,0.050000
3348,-109.702575,0.050000
3349,-119.369352,0.050000
3350,-75.211834,0.050000
3351,-119.124771,0.050000
3352,-54.374468,0.050000
3353,-91.735222,0.050000
3354,-103.595545,0.050000
3355,-70.399842,0.050000
3356,-119.579093,0.050000
3357,-44.868976,0.050000
3358,-101.849449,0.050000
3359,-72.280990,0.050000
3360,-70.477968,0.050000
3361,-54.031957,0.050000
3362,-84.490336,0.050000
3363,-36.886374,0.050000
3364,-86.759314,0.050000
3365,-61.866974,0.050000
3366,-104.087648,0.050000
3367,-99.146881,0.050000
3368,-95.568009,0.050000
3369,-76.991157,0.050000
3370,-63.183173,0.050000
3371,-91.896524,0.050000
3372,-74.040467,0.050000
3373,-103.475573,0.050000
3374,-97.321103,0.050000
3375,-59.201336,0.050000
3376,-94.084595,0.050000
3377,-99.490660,0.050000
3378,-122.838000,0.050000
3379,-62.965433,0.050000
3380,-116.678492,0.050000
3381,-126.182312,0.050000
3382,-75.763181,0.050000
3383,-107.403814,0.050000
3384,-100.657601,0.050000
3385,-81.078235,0.050000
3386,-107.240320,0.050000
3387,-94.085696,0.050000
3388,-83.817280,0.050000
3389,-71.385431,0.050000
3390,-63.722772,0.050000
3391,-40.034172,0.050000
3392,-84.146273,0.050000
3393,-100.872014,0.050000
3394,-62.312902,0.050000
3395,-114.510761,0.050000
3396,-76.783717,0.050000
3397,-51.768717,0.050000
3398,-102.822846,0.050000
3399,-77.059716,0.050000
3400,-81.947552,0.050000
3401,-96.171766,0.050000
3402,-78.533129,0.050000
3403,-69.024124,0.050000
3404,-152.258995,0.050000
3405,-61.840958,0.050000
3406,-117.132856,0.050000
3407,-89.880653,0.050000
3408,-67.875712,0.050000
3409,-56.321561,0.050000
3410,-119.624397,0.050000
3411,-121.712410,0.050000
3412,-79.652103,0.050000
3413,-70.205151,0.050000
3414,-118.763458,0.050000
3415,-56.538833,0.050000
3416,-33.061110,0.050000
3417,-133.887972,0.050000
3418,-110.291402,0.050000
3419,-153.683250,0.050000
3420,-124.374042,0.050000
3421,-124.112023,0.050000
3422,-104.273436,0.050000
3423,-92.928458,0.050000
3424,-96.774312,0.050000
3425,-89.508827,0.050000
3426,-87.104648,0.050000
3427,-86.836130,0.050000
3428,-117.220769,0.050000
3429,-43.735686,0.050000
3430,-37.851421,0.050000
3431,-97.503582,0.050000
3432,-66.848145,0.050000
3433,-81.320248,0.050000
3434,-71.663157,0.050000
3435,-55.995120,0.050000
3436,-25.569624,0.050000
3437,-101.352117,0.050000
3438,-66.065208,0.050000
3439,-17.499635,0.050000
3440,-140.028186,0.050000
3441,-87.550755,0.050000
3442,-113.054834,0.050000
3443,-85.566956,0.050000
3444,-84.592524,0.050000
3445,-28.241563,0.050000
3446,-79.740538,0.050000
3447,-32.449836,0.050000
3448,1.009947,0.050000
3449,-101.213421,0.050000
3450,-24.566372,0.050000
3451,-11.644528,0.050000
3452,-21.791903,0.050000
3453,-106.955648,0.050000
3454,-103.840891,0.050000
3455,-58.598151,0.050000
3456,-98.588578,0.050000
3457,-47.922946,0.050000
3458,-69.375020,0.050000
3459,-18.174140,0.050000
3460,-107.423813,0.050000
3461,-84.431252,0.050000
3462,-51.981918,0.050000
3463,-41.153105,0.050000
3464,-36.337854,0.050000
3465,-66.918881,0.050000
3466,-22.721399,0.050000
3467,-29.970192,0.050000
3468,-30.610406,0.050000
3469,-51.800700,0.050000
3470,-123.745862,0.050000
3471,-11.648179,0.050000
3472,-87.862058,0.050000
3473,-48.429525,0.050000
3474,-122.512061,0.050000
3475,-36.694954,0.050000
3476,-23.371376,0.050000
3477,-55.182318,0.050000
3478,-43.840647,0.050000
3479,-15.396915,0.050000
3480,-74.378101,0.050000
3481,-21.676183,0.050000
3482,-59.258075,0.050000
3483,-45.268682,0.050000
3484,-92.724365,0.050000
3485,-51.300035,0.050000
3486,-58.153013,0.050000
3487,-47.065668,0.050000
3488,-50.384489,0.050000
3489,-18.034089,0.050000
3490,-66.447975,0.050000
3491,-16.522193,0.050000
3492,-111.570102,0.050000
3493,-86.399642,0.050000
3494,-89.562162,0.050000
3495,-25.670495,0.050000
3496,-24.261435,0.050000
3497,-65.331177,0.050000
3498,-71.578182,0.050000
3499,-69.504947,0.050000
3500,-84.701173,0.050000
3501,-26.791558,0.050000
3502,-83.817967,0.050000
3503,-90.791422,0.050000
3504,-68.280851,0.050000
3505,-12.161301,0.050000
3506,-35.718613,0.050000
3507,-105.069173,0.050000
3508,-63.297852,0.050000
3509,-69.799691,0.050000
3510,-30.089863,0.050000
3511,-82.934386,0.050000
3512,-66.244275,0.050000
3513,-32.940853,0.050000
3514,-53.102427,0.050000
3515,-16.661866,0.050000
3516,-35.606148,0.050000
3517,-54.343120,0.050000
3518,-39.005124,0.050000
3519,-62.340663,0.050000
3520,-46.655682,0.050000
3521,-87.219309,0.050000
3522,-79.989668,0.050000
3523,-103.800813,0.050000
3524,-79.662515,0.050000
3525,-62.707322,0.050000
3526,-42.313141,0.050000
3527,-107.570530,0.050000
3528,-158.092225,0.050000
3529,-57.603103,0.050000
3530,-44.172084,0.050000
3531,-101.782551,0.050000
3532,-65.408063,0.050000
3533,-3.844609,0.050000
3534,-65.484072,0.050000
3535,-90.425074,0.050000
3536,-103.883845,0.050000
3537,-13.176125,0.050000
3538,-21.751944,0.050000
3539,-33.691799,0.050000
3540,-37.075204,0.050000
3541,-17.989996,0.050000
3542,-44.904541,0.050000
3543,-23.549154,0.050000
3544,-79.812340,0.050000
3545,-36.893324,0.050000
3546,-86.648541,0.050000
3547,-23.488316,0.050000
3548,-54.616858,0.050000
3549,-45.035491,0.050000
3550,-70.032959,0.050000
3551,-32.365284,0.050000
3552,-71.629723,0.050000
3553,-109.536992,0.050000
3554,-53.252553,0.050000
3555,-69.412145,0.050000
3556,-127.048879,0.050000
3557,-93.036437,0.050000
3558,-125.171956,0.050000
3559,-89.399196,0.050000
3560,-30.698933,0.050000
3561,-98.674118,0.050000
3562,-38.874875,0.050000
3563,-42.181927,0.050000
3564,-47.451790,0.050000
3565,-80.080388,0.050000
3566,-101.159718,0.050000
3567,-45.420663,0.050000
3568,-98.026908,0.050000
3569,-101.231361,0.050000
3570,-71.373578,0.050000
3571,-64.221685,0.050000
3572,-93.593412,0.050000
3573,-68.494892,0.050000
3574,-87.933910,0.050000
3575,-21.321569,0.050000
3576,-23.251657,0.050000
3577,-63.395191,0.050000
3578,-83.773572,0.050000
3579,-62.732176,0.050000
3580,-61.262057,0.050000
3581,-71.362379,0.050000
3582,-95.432606,0.050000
3583,-50.664396,0.050000
3584,-96.090151,0.050000
3585,-108.754298,0.050000
3586,-87.991808,0.050000
3587,-51.182190,0.050000
3588,-88.356547,0.050000
3589,-61.385306,0.050000
3590,-16.996923,0.050000
3591,-99.391510,0.050000
3592,-62.534075,0.050000
3593,-79.189521,0.050000
3594,-101.404937,0.050000
3595,-47.776624,0.050000
3596,-38.706485,0.050000
3597,-87.444819,0.050000
3598,-91.486650,0.050000
3599,-79.176681,0.050000
3600,-65.928775,0.050000
3601,-48.704773,0.050000
3602,-50.536101,0.050000
3603,-50.848162,0.050000
3604,-84.091210,0.050000
3605,-51.991745,0.050000
3606,-46.614090,0.050000
3607,-19.282921,0.050000
3608,-77.352980,0.050000
3609,-44.384989,0.050000
3610,-59.237852,0.050000
3611,-101.918612,0.050000
3612,-21.505359,0.050000
3613,-92.415333,0.050000
3614,-114.161343,0.050000
3615,-39.278769,0.050000
3616,-78.492496,0.050000
3617,-114.498870,0.050000
3618,-85.291839,0.050000
3619,-64.448594,0.050000
3620,-127.364488,0.050000
3621,-104.127549,0.050000
3622,-34.961946,0.050000
3623,-82.971902,0.050000
3624,-78.272372,0.050000
3625,-47.781834,0.050000
3626,-46.115888,0.050000
3627,-77.011772,0.050000
3628,-74.494522,0.050000
3629,-55.123251,0.050000
3630,-54.118671,0.050000
3631,-103.385060,0.050000
3632,-97.992359,0.050000
3633,-93.313639,0.050000
3634,-124.493886,0.050000
3635,-122.831840,0.050000
3636,-71.798052,0.050000
3637,-48.200023,0.050000
3638,-85.088618,0.050000
3639,-60.497238,0.050000
3640,-129.260944,0.050000
3641,-84.923284,0.050000
3642,-71.594665,0.050000
3643,-130.790967,0.050000
3644,-5.313429,0.050000
3645,-56.448487,0.050000
3646,-55.767817,0.050000
3647,-107.579377,0.050000
3648,-64.210288,0.050000
3649,-48.657493,0.050000
3650,-114.481910,0.050000
3651,-35.516072,0.050000
3652,-101.974875,0.050000
3653,-28.238207,0.050000
3654,-57.180180,0.050000
3655,-54.175503,0.050000
3656,-151.006626,0.050000
3657,-81.421596,0.050000
3658,-58.418745,0.050000
3659,-154.114939,0.050000
3660,-73.445621,0.050000
3661,-125.046255,0.050000
3662,-92.843145,0.050000
3663,-128.836559,0.050000
3664,-60.638817,0.050000
3665,-150.930421,0.050000
3666,-130.056281,0.050000
3667,-100.670492,0.050000
3668,-116.937413,0.050000
3669,-100.486672,0.050000
3670,-111.335690,0.050000
3671,-45.928968,0.050000
3672,-76.082799,0.050000
3673,-48.540026,0.050000
3674,-94.230593,0.050000
3675,-112.326807,0.050000
3676,-59.130465,0.050000
3677,-117.679176,0.050000
3678,-68.522423,0.050000
3679,-72.023017,0.050000
3680,-44.300585,0.050000
3681,-62.261533,0.050000
3682,-103.503067,0.050000
3683,-56.627600,0.050000
3684,-46.679255,0.050000
3685,-56.542561,0.050000
3686,-89.920805,0.050000
3687,-85.127665,0.050000
3688,-32.380442,0.050000
3689,-67.846356,0.050000
3690,-90.392563,0.050000
3691,-34.579612,0.050000
3692,-58.302095,0.050000
3693,-54.389995,0.050000
3694,-74.148855,0.050000
3695,-79.302308,0.050000
3696,-109.982366,0.050000
3697,-60.172634,0.050000
3698,-92.630575,0.050000
3699,-60.765398,0.050000
3700,-75.629136,0.050000
3701,-71.255724,0.050000
3702,-81.137217,0.050000
3703,-52.093010,0.050000
3704,-42.799636,0.050000
3705,-73.630019,0.050000
3706,-53.330949,0.050000
3707,-132.651162,0.050000
3708,-82.340988,0.050000
3709,-61.574156,0.050000
3710,-69.846468,0.050000
3711,-51.474057,0.050000
3712,-83.745047,0.050000
3713,-114.970550,0.050000
3714,-163.429745,0.050000
3715,-33.819156,0.050000
3716,-30.514399,0.050000
3717,-42.937575,0.050000
3718,-107.108591,0.050000
3719,-127.453244,0.050000
3720,-47.032919,0.050000
3721,-42.015787,0.050000
3722,-92.006481,0.050000
3723,-102.004111,0.050000
3724,-68.141174,0.050000
3725,-145.719370,0.050000
3726,-115.283136,0.050000
3727,-111.168397,0.050000
3728,-85.890140,0.050000
3729,-85.473199,0.050000
3730,-61.526357,0.050000
3731,-82.853522,0.050000
3732,-139.572551,0.050000
3733,-116.676299,0.050000
3734,-75.475018,0.050000
3735,-126.412415,0.050000
3736,-132.236462,0.050000
3737,-60.713732,0.050000
3738,-59.367674,0.050000
3739,-103.504690,0.050000
3740,-70.436076,0.050000
3741,-102.236903,0.050000
3742,-139.260403,0.050000
3743,-90.992243,0.050000
3744,-81.747113,0.050000
3745,-96.826788,0.050000
3746,-44.702833,0.050000
3747,-60.193685,0.050000
3748,-48.807512,0.050000
3749,-103.268204,0.050000
3750,-87.219743,0.050000
3751,-121.513123,0.050000
3752,-94.701944,0.050000
3753,-59.753978,0.050000
3754,-64.437366,0.050000
3755,-22.147014,0.050000
3756,-69.949879,0.050000
3757,-130.302158,0.050000
3758,-111.537165,0.050000
3759,-69.989596,0.050000
3760,-85.561588,0.050000
3761,-52.005801,0.050000
3762,-103.246997,0.050000
3763,-74.058538,0.050000
3764,-104.141991,0.050000
3765,-107.204641,0.050000
3766,-102.157528,0.050000
3767,-72.783132,0.050000
3768,-68.838316,0.050000
3769,-18.769321,0.050000
3770,-86.747509,0.050000
3771,-74.599734,0.050000
3772,-106.504375,0.050000
3773,-108.680080,0.050000
3774,-86.796604,0.050000
3775,-34.841506,0.050000
3776,-86.663017,0.050000
3777,-28.768108,0.050000
3778,-146.416167,0.050000
3779,-82.357365,0.050000
3780,-102.186336,0.050000
3781,-93.079422,0.050000
3782,-123.515412,0.050000
3783,-74.573395,0.050000
3784,-89.795414,0.050000
3785,-68.372725,0.050000
3786,-85.563062,0.050000
3787,-104.411581,0.050000
3788,-64.652377,0.050000
3789,-56.789093,0.050000
3790,-157.383829,0.050000
3791,-91.281949,0.050000
3792,-126.437584,0.050000
3793,-179.261163,0.050000
3794,-119.980835,0.050000
3795,-59.731350,0.050000
3796,-80.228219,0.050000
3797,-103.218416,0.050000
3798,-154.161119,0.050000
3799,-119.364254,0.050000
3800,-53.465373,0.050000
3801,-116.227714,0.050000
3802,-103.432192,0.050000
3803,-57.548555,0.050000
3804,-44.292949,0.050000
3805,-119.364085,0.050000
3806,-109.362447,0.050000
3807,-107.109900,0.050000
3808,-48.551272,0.050000
3809,-90.521245,0.050000
3810,-95.273387,0.050000
3811,-89.897590,0.050000
3812,-83.842512,0.050000
3813,-97.871643,0.050000
3814,-92.252024,0.050000
3815,-109.194042,0.050000
3816,-105.258393,0.050000
3817,-92.592669,0.050000
3818,-61.075782,0.050000
3819,-62.784375,0.050000
3820,-80.755067,0.050000
3821,-44.790264,0.050000
3822,-56.710673,0.050000
3823,-104.626867,0.050000
3824,-40.873534,0.050000
3825,-46.460861,0.050000
3826,-126.734538,0.050000
3827,-34.912618,0.050000
3828,-98.149591,0.050000
3829,-88.481705,0.050000
3830,-121.353545,0.050000
3831,-55.182222,0.050000
3832,-57.744219,0.050000
3833,-94.550507,0.050000
3834,-58.192606,0.050000
3835,-74.130565,0.050000
3836,-80.263368,0.050000
3837,-63.568599,0.050000
3838,-130.501513,0.050000
3839,-112.060580,0.050000
3840,-65.809301,0.050000
3841,-70.157144,0.050000
3842,-69.100832,0.050000
3843,-63.474005,0.050000
3844,-62.680148,0.050000
3845,-43.232592,0.050000
3846,-111.107757,0.050000
3847,-82.131997,0.050000
3848,-101.405897,0.050000
3849,-109.156451,0.050000
3850,-47.144973,0.050000
3851,-34.261276,0.050000
3852,-65.294571,0.050000
3853,-106.697812,0.050000
3854,-52.184087,0.050000
3855,-57.469222,0.050000
3856,-143.384447,0.050000
3857,-72.968387,0.050000
3858,-124.310883,0.050000
3859,-91.273901,0.050000
3860,-110.191804,0.050000
3861,-140.624141,0.050000
3862,-117.941833,0.050000
3863,-88.250513,0.050000
3864,-103.637810,0.050000
3865,-99.618904,0.050000
3866,-78.859570,0.050000
3867,-40.419092,0.050000
3868,-86.907132,0.050000
3869,-133.919036,0.050000
3870,-103.898401,0.050000
3871,-21.711614,0.050000
3872,-53.356094,0.050000
3873,-68.238251,0.050000
3874,-106.717458,0.050000
3875,-111.318471,0.050000
3876,-105.846937,0.050000
3877,-43.279732,0.050000
3878,-84.038440,0.050000
3879,-75.713527,0.050000
3880,-65.733510,0.050000
3881,-59.847951,0.050000
3882,-98.448054,0.050000
3883,-122.329864,0.050000
3884,-96.232017,0.050000
3885,-69.831997,0.050000
3886,-57.097690,0.050000
3887,-114.787555,0.050000
3888,-98.156421,0.050000
3889,-130.267214,0.050000
3890,-69.379997,0.050000
3891,-114.495629,0.050000
3892,-81.572608,0.050000
3893,-126.068031,0.050000
3894,-100.296695,0.050000
3895,-111.593393,0.050000
3896,-28.194476,0.050000
3897,-52.106193,0.050000
3898,-153.421763,0.050000
3899,-67.705570,0.050000
3900,-132.051934,0.050000
3901,-146.072047,0.050000
3902,-57.526707,0.050000
3903,-48.012613,0.050000
3904,-131.136071,0.050000
3905,-50.011718,0.050000
3906,-156.712050,0.050000
3907,-135.577232,0.050000
3908,-119.288178,0.050000
3909,-109.334785,0.050000
3910,-136.164325,0.050000
3911,-181.493449,0.050000
3912,-114.746383,0.050000
3913,-54.799556,0.050000
3914,-135.581235,0.050000
3915,-71.271856,0.050000
3916,-98.352646,0.050000
3917,-87.966615,0.050000
3918,-81.787851,0.050000
3919,-97.340561,0.050000
3920,-62.419073,0.050000
3921,-54.365990,0.050000
3922,-95.882096,0.050000
3923,-104.310931,0.050000
3924,-105.124096,0.050000
3925,-65.314892,0.050000
3926,-73.933382,0.050000
3927,-90.497523,0.050000
3928,-78.958806,0.050000
3929,-87.875762,0.050000
3930,-80.495707,0.050000
3931,-125.852485,0.050000
3932,-87.062682,0.050000
3933,-109.651137,0.050000
3934,-65.984244,0.050000
3935,-112.486775,0.050000
3936,-101.547511,0.050000
3937,-110.803109,0.050000
3938,-73.871429,0.050000
3939,-66.829495,0.050000
3940,-60.562165,0.050000
3941,-81.469359,0.050000
3942,-106.505523,0.050000
3943,-114.719584,0.050000
3944,-97.548016,0.050000
3945,-74.395590,0.050000
3946,-71.714095,0.050000
3947,-63.684292,0.050000
3948,-94.131803,0.050000
3949,-91.905155,0.050000
3950,-65.497264,0.050000
3951,-106.947527,0.050000
3952,-32.924776,0.050000
3953,-52.742386,0.050000
3954,-77.345562,0.050000
3955,-77.912255,0.050000
3956,-96.865365,0.050000
3957,-57.677172,0.050000
3958,-105.686663,0.050000
3959,-146.805078,0.050000
3960,-121.423570,0.050000
3961,-79.856644,0.050000
3962,-70.491858,0.050000
3963,-93.902455,0.050000
3964,-51.125195,0.050000
3965,-82.150727,0.050000
3966,-31.888634,0.050000
3967,-58.697144,0.050000
3968,-67.715612,0.050000
3969,-76.828723,0.050000
3970,-70.800636,0.050000
3971,-38.452104,0.050000
3972,-120.281498,0.050000
3973,-79.201648,0.050000
3974,-140.365053,0.050000
3975,-15.548411,0.050000
3976,-63.431801,0.050000
3977,-74.945641,0.050000
3978,-66.073296,0.050000
3979,-20.676161,0.050000
3980,-49.305750,0.050000
3981,-112.032989,0.050000
3982,-74.300492,0.050000
3983,-163.153351,0.050000
3984,-44.326715,0.050000
3985,-129.324718,0.050000
3986,-95.279526,0.050000
3987,-105.197750,0.050000
3988,-66.322755,0.050000
3989,-69.406821,0.050000
3990,-90.310721,0.050000
3991,-134.156582,0.050000
3992,-40.725748,0.050000
3993,-81.376940,0.050000
3994,-90.187262,0.050000
3995,-102.326404,0.050000
3996,-72.184045,0.050000
3997,-43.485942,0.050000
3998,-51.258127,0.050000
3999,-43.946271,0.050000
4000,-62.533431,0.050000
4001,-85.255037,0.050000
4002,-90.839856,0.050000
4003,-67.120775,0.050000
4004,-84.971495,0.050000
4005,-55.663295,0.050000
4006,-64.770825,0.050000
4007,-105.884688,0.050000
4008,-86.896639,0.050000
4009,-79.385849,0.050000
4010,-104.844225,0.050000
4011,-140.289081,0.050000
4012,-139.230287,0.050000
4013,-89.667396,0.050000
4014,-137.444325,0.050000
4015,-106.638439,0.050000
4016,-122.782691,0.050000
4017,-109.040329,0.050000
4018,-94.226255,0.050000
4019,-102.992774,0.050000
4020,-67.577470,0.050000
4021,-91.551469,0.050000
4022,-49.808453,0.050000
4023,-125.616061,0.050000
4024,-88.002462,0.050000
4025,-106.958860,0.050000
4026,-96.483736,0.050000
4027,-157.534509,0.050000
4028,-107.779084,0.050000
4029,-125.116664,0.050000
4030,-69.020923,0.050000
4031,-112.941289,0.050000
4032,-117.346772,0.050000
4033,-149.122683,0.050000
4034,-103.728904,0.050000
4035,-60.939784,0.050000
4036,-112.453722,0.050000
4037,-93.524289,0.050000
4038,-110.058088,0.050000
4039,-111.805478,0.050000
4040,-74.436897,0.050000
4041,-108.438783,0.050000
4042,-71.143830,0.050000
4043,-88.863285,0.050000
4044,-104.714365,0.050000
4045,-50.105587,0.050000
4046,-99.914574,0.050000
4047,-100.695930,0.050000
4048,-73.213436,0.050000
4049,-130.474592,0.050000
4050,-48.103234,0.050000
4051,-66.397869,0.050000
4052,-75.140953,0.050000
4053,-59.045970,0.050000
4054,-66.167505,0.050000
4055,-43.244519,0.050000
4056,-99.758288,0.050000
4057,-161.136542,0.050000
4058,-51.976341,0.050000
4059,-54.543280,0.050000
4060,-100.280036,0.050000
4061,-88.569297,0.050000
4062,-45.880399,0.050000
4063,-109.337937,0.050000
4064,-78.908000,0.050000
4065,-108.946033,0.050000
4066,-74.875069,0.050000
4067,-133.627513,0.050000
4068,-105.595983,0.050000
4069,-67.986970,0.050000
4070,-157.928871,0.050000
4071,-123.940221,0.050000
4072,-56.350847,0.050000
4073,-72.703609,0.050000
4074,-91.172324,0.050000
4075,-105.615337,0.050000
4076,-148.953232,0.050000
4077,-124.841692,0.050000
4078,-110.602625,0.050000
4079,-135.712272,0.050000
4080,-55.615344,0.050000
4081,-48.274640,0.050000
4082,-134.958516,0.050000
4083,-113.663764,0.050000
4084,-59.122747,0.050000
4085,-98.226232,0.050000
4086,-63.894774,0.050000
4087,-51.367199,0.050000
4088,-55.769751,0.050000
4089,-89.326445,0.050000
4090,-96.615978,0.050000
4091,-84.165336,0.050000
4092,-137.954494,0.050000
4093,-77.861525,0.050000
4094,-116.862465,0.050000
4095,-47.019026,0.050000
4096,-144.356172,0.050000
4097,-96.133414,0.050000
4098,-23.581460,0.050000
4099,-82.803072,0.050000
4100,-109.679216,0.050000
4101,-94.565014,0.050000
4102,-129.380331,0.050000
4103,-88.596092,0.050000
4104,-90.302763,0.050000
4105,-103.034083,0.050000
4106,-135.716638,0.050000
4107,-46.041711,0.050000
4108,-75.763858,0.050000
4109,-24.499903,0.050000
4110,-98.189355,0.050000
4111,-148.108362,0.050000
4112,-65.186843,0.050000
4113,-106.644227,0.050000
4114,-88.023957,0.050000
4115,-121.700239,0.050000
4116,-97.684269,0.050000
4117,-149.385247,0.050000
4118,-77.694927,0.050000
4119,-79.105118,0.050000
4120,-64.479793,0.050000
4121,-31.339794,0.050000
4122,-105.123785,0.050000
4123,-55.860419,0.050000
4124,-81.308074,0.050000
4125,-20.789142,0.050000
4126,-54.058965,0.050000
4127,-55.091414,0.050000
4128,-67.265301,0.050000
4129,-77.232873,0.050000
4130,-51.650436,0.050000
4131,-28.661273,0.050000
4132,-57.281986,0.050000
4133,-29.130667,0.050000
4134,-53.994664,0.050000
4135,-91.531777,0.050000
4136,-31.739794,0.050000
4137,-22.398424,0.050000
4138,-68.212732,0.050000
4139,-51.451744,0.050000
4140,-84.574444,0.050000
4141,-7.481068,0.050000
4142,-82.113440,0.050000
4143,-40.751162,0.050000
4144,-48.363680,0.050000
4145,-55.295935,0.050000
4146,-41.741381,0.050000
4147,-63.012762,0.050000
4148,-86.702464,0.050000
4149,-69.664322,0.050000
4150,-41.761128,0.050000
4151,-81.060281,0.050000
4152,-84.698312,0.050000
4153,-91.778644,0.050000
4154,-48.646302,0.050000
4155,-44.947189,0.050000
4156,-80.042555,0.050000
4157,-36.847487,0.050000
4158,-96.014316,0.050000
4159,-77.128452,0.050000
4160,-100.737923,0.050000
4161,-140.282226,0.050000
4162,-92.202830,0.050000
4163,-117.860458,0.050000
4164,-77.070231,0.050000
4165,-65.415590,0.050000
4166,-110.855172,0.050000
4167,-126.583842,0.050000
4168,-84.639834,0.050000
4169,-75.472254,0.050000
4170,-93.188611,0.050000
4171,-56.600076,0.050000
4172,-53.356832,0.050000
4173,-95.147157,0.050000
4174,-44.858411,0.050000
4175,-133.145193,0.050000
4176,-119.572512,0.050000
4177,-69.523657,0.050000
4178,-113.511784,0.050000
4179,-85.060675,0.050000
4180,-92.063315,0.050000
4181,-110.216745,0.050000
4182,-64.803011,0.050000
4183,-109.251858,0.050000
4184,-111.826663,0.050000
4185,-43.788469,0.050000
4186,-133.629120,0.050000
4187,-129.759415,0.050000
4188,-157.207206,0.050000
4189,-132.460267,0.050000
4190,-138.102373,0.050000
4191,-131.234935,0.050000
4192,-120.759469,0.050000
4193,-114.545945,0.050000
4194,-98.049352,0.050000
4195,-103.161555,0.050000
4196,-136.775315,0.050000
4197,-112.967334,0.050000
4198,-109.409287,0.050000
4199,-176.473265,0.050000
4200,-134.289685,0.050000
4201,-147.409168,0.050000
4202,-107.804363,0.050000
4203,-124.303696,0.050000
4204,-145.543437,0.050000
4205,-179.075170,0.050000
4206,-205.623356,0.050000
4207,-138.615295,0.050000
4208,-130.116016,0.050000
4209,-148.476895,0.050000
4210,-184.862915,0.050000
4211,-130.128646,0.050000
4212,-216.190212,0.050000
4213,-134.400009,0.050000
4214,-184.020562,0.050000
4215,-81.522791,0.050000
4216,-130.163283,0.050000
4217,-140.828635,0.050000
4218,-125.284082,0.050000
4219,-180.119726,0.050000
4220,-119.833624,0.050000
4221,-119.467546,0.050000
4222,-93.349137,0.050000
4223,-147.259155,0.050000
4224,-56.096539,0.050000
4225,-131.794818,0.050000
4226,-118.732275,0.050000
4227,-124.515425,0.050000
4228,-93.757303,0.050000
4229,-104.682629,0.050000
4230,-154.022908,0.050000
4231,-109.897699,0.050000
4232,-83.835840,0.050000
4233,-47.167392,0.050000
4234,-100.577577,0.050000
4235,-56.730138,0.050000
4236,-154.632924,0.050000
4237,-144.832443,0.050000
4238,-99.855074,0.050000
4239,-84.258430,0.050000
4240,-64.783013,0.050000
4241,-119.378686,0.050000
4242,-104.295790,0.050000
4243,-59.780256,0.050000
4244,-91.451005,0.050000
4245,-60.133956,0.050000
4246,-115.040436,0.050000
4247,-70.383969,0.050000
4248,-88.614810,0.050000
4249,-107.473485,0.050000
4250,-105.501379,0.050000
4251,-107.270787,0.050000
4252,-32.633248,0.050000
4253,-106.186829,0.050000
4254,-44.343552,0.050000
4255,-115.859904,0.050000
4256,-85.603968,0.050000
4257,-99.305438,0.050000
4258,-135.109977,0.050000
4259,-49.653402,0.050000
4260,-122.930153,0.050000
4261,-96.103495,0.050000
4262,-120.822826,0.050000
4263,-141.424724,0.050000
4264,-61.258315,0.050000
4265,-134.521330,0.050000
4266,-131.557202,0.050000
4267,-53.574431,0.050000
4268,-141.373384,0.050000
4269,-56.634158,0.050000
4270,-131.781568,0.050000
4271,-77.626220,0.050000
4272,-106.323922,0.050000
4273,-59.514512,0.050000
4274,-135.286924,0.050000
4275,-144.835803,0.050000
4276,-69.422525,0.050000
4277,-87.605148,0.050000
4278,-82.895632,0.050000
4279,-94.453826,0.050000
4280,-67.704384,0.050000
4281,-54.918252,0.050000
4282,-135.905287,0.050000
4283,-110.158095,0.050000
4284,-104.092722,0.050000
4285,-101.035006,0.050000
4286,-137.118998,0.050000
4287,-113.976980,0.050000
4288,-142.825396,0.050000
4289,-57.561293,0.050000
4290,-154.973844,0.050000
4291,-51.621373,0.050000
4292,-69.598313,0.050000
4293,-90.077235,0.050000
4294,-78.919766,0.050000
4295,-55.761071,0.050000
4296,-148.577290,0.050000
4297,-84.564945,0.050000
4298,-112.160303,0.050000
4299,-74.058078,0.050000
4300,-118.110988,0.050000
4301,-165.234653,0.050000
4302,-48.015693,0.050000
4303,-95.321118,0.050000
4304,-55.737643,0.050000
4305,-64.793168,0.050000
4306,-59.577588,0.050000
4307,-70.472490,0.050000
4308,-110.605377,0.050000
4309,-106.509008,0.050000
4310,-98.509807,0.050000
4311,-50.963473,0.050000
4312,-69.684045,0.050000
4313,-106.319412,0.050000
4314,-57.147280,0.050000
4315,-81.425771,0.050000
4316,-74.221850,0.050000
4317,-95.997123,0.050000
4318,-74.272162,0.050000
4319,-112.335091,0.050000
4320,-106.344971,0.050000
4321,-109.377983,0.050000
4322,-151.258755,0.050000
4323,-132.426997,0.050000
4324,-107.418778,0.050000
4325,-92.596574,0.050000
4326,-58.330864,0.050000
4327,-99.380451,0.050000
4328,-81.059149,0.050000
4329,-99.183860,0.050000
4330,-121.832301,0.050000
4331,-90.414106,0.050000
4332,-83.107325,0.050000
4333,-112.775028,0.050000
4334,-92.672432,0.050000
4335,-90.081841,0.050000
4336,-53.249398,0.050000
4337,-96.929643,0.050000
4338,-48.613050,0.050000
4339,-96.834567,0.050000
4340,-22.027993,0.050000
4341,-83.833298,0.050000
4342,-69.219356,0.050000
4343,-109.470042,0.050000
4344,-129.748512,0.050000
4345,-141.189577,0.050000
4346,-113.092667,0.050000
4347,-89.151704,0.050000
4348,-55.971380,0.050000
4349,-94.833947,0.050000
4350,-116.883731,0.050000
4351,-110.573987,0.050000
4352,-99.569520,0.050000
4353,-83.099697,0.050000
4354,-41.762319,0.050000
4355,-60.746144,0.050000
4356,-80.096571,0.050000
4357,-143.905620,0.050000
4358,-60.085415,0.050000
4359,-58.164453,0.050000
4360,-118.976567,0.050000
4361,-90.601736,0.050000
4362,-93.830573,0.050000
4363,-76.097575,0.050000
4364,-120.666042,0.050000
4365,-75.747976,0.050000
4366,-58.818124,0.050000
4367,-119.908811,0.050000
4368,-101.702211,0.050000
4369,-97.948372,0.050000
4370,-94.958275,0.050000
4371,-122.516827,0.050000
4372,-78.907365,0.050000
4373,-112.319984,0.050000
4374,-121.444640,0.050000
4375,-108.272028,0.050000
4376,-120.040746,0.050000
4377,-157.696406,0.050000
4378,-157.314999,0.050000
4379,-49.815149,0.050000
4380,-116.401633,0.050000
4381,-80.630659,0.050000
4382,-110.638522,0.050000
4383,-110.797342,0.050000
4384,-64.790335,0.050000
4385,-131.283917,0.050000
4386,-166.855895,0.050000
4387,-104.770402,0.050000
4388,-163.863919,0.050000
4389,-150.599856,0.050000
4390,-65.289808,0.050000
4391,-157.221649,0.050000
4392,-112.565448,0.050000
4393,-112.035427,0.050000
4394,-69.384310,0.050000
4395,-84.545995,0.050000
4396,-81.379988,0.050000
4397,-131.890333,0.050000
4398,-67.968414,0.050000
4399,-67.722342,0.050000
4400,-117.989433,0.050000
4401,-89.838080,0.050000
4402,-71.000571,0.050000
4403,-60.803192,0.050000
4404,-118.994381,0.050000
4405,-114.955859,0.050000
4406,-125.859057,0.050000
4407,-128.332342,0.050000
4408,-119.267417,0.050000
4409,-146.234869,0.050000
4410,-132.447432,0.050000
4411,-81.714707,0.050000
4412,-78.135174,0.050000
4413,-154.614280,0.050000
4414,-127.577064,0.050000
4415,-41.979672,0.050000
4416,-109.407601,0.050000
4417,-201.529484,0.050000
4418,-79.807475,0.050000
4419,-112.915217,0.050000
4420,-79.766352,0.050000
4421,-41.755088,0.050000
4422,-201.717197,0.050000
4423,-107.370505,0.050000
4424,-55.543899,0.050000
4425,-134.674264,0.050000
4426,-82.881523,0.050000
4427,-122.242885,0.050000
4428,-86.256318,0.050000
4429,-115.049229,0.050000
4430,-48.657338,0.050000
4431,-53.799273,0.050000
4432,-118.991958,0.050000
4433,-95.358707,0.050000
4434,-128.683554,0.050000
4435,-130.431004,0.050000
4436,-62.393469,0.050000
4437,-86.471465,0.050000
4438,-59.859731,0.050000
4439,-83.427450,0.050000
4440,-113.239806,0.050000
4441,-71.872830,0.050000
4442,-154.081641,0.050000
4443,-114.837500,0.050000
4444,-94.764733,0.050000
4445,-98.204472,0.050000
4446,-95.396550,0.050000
4447,-78.118465,0.050000
4448,-144.083861,0.050000
4449,-59.015071,0.050000
4450,-121.191401,0.050000
4451,-111.718648,0.050000
4452,-139.260488,0.050000
4453,-151.343981,0.050000
4454,-154.109922,0.050000
4455,-86.597089,0.050000
4456,-157.579122,0.050000
4457,-100.204343,0.050000
4458,-82.794312,0.050000
4459,-92.869316,0.050000
4460,-54.051629,0.050000
4461,-88.417337,0.050000
4462,-119.496422,0.050000
4463,-136.833073,0.050000
4464,-173.900464,0.050000
4465,-69.652458,0.050000
4466,-116.046453,0.050000
4467,-106.152019,0.050000
4468,-88.080332,0.050000
4469,-139.710292,0.050000
4470,-111.715238,0.050000
4471,-97.088948,0.050000
4472,-43.421601,0.050000
4473,-129.270371,0.050000
4474,-109.619901,0.050000
4475,-124.097075,0.050000
4476,-94.497118,0.050000
4477,-117.302191,0.050000
4478,-137.235106,0.050000
4479,-97.939611,0.050000
4480,-101.637182,0.050000
4481,-60.140991,0.050000
4482,-109.658708,0.050000
4483,-95.470961,0.050000
4484,-93.123584,0.050000
4485,-89.649883,0.050000
4486,-91.197239,0.050000
4487,-109.282643,0.050000
4488,-86.076276,0.050000
4489,-182.148563,0.050000
4490,-64.295505,0.050000
4491,-131.068471,0.050000
4492,-139.728955,0.050000
4493,-60.865358,0.050000
4494,-73.052560,0.050000
4495,-95.635242,0.050000
4496,-143.974761,0.050000
4497,-113.632758,0.050000
4498,-118.875651,0.050000
4499,-133.915353,0.050000
4500,-85.485429,0.050000
4501,-102.934539,0.050000
4502,-48.193265,0.050000
4503,-95.596663,0.050000
4504,-131.789039,0.050000
4505,-145.615159,0.050000
4506,-58.520611,0.050000
4507,-74.339651,0.050000
4508,-108.929577,0.050000
4509,-81.604342,0.050000
4510,-104.370655,0.050000
4511,-120.022610,0.050000
4512,-105.064745,0.050000
4513,-116.600096,0.050000
4514,-69.695331,0.050000
4515,-54.591974,0.050000
4516,-89.053946,0.050000
4517,-103.557406,0.050000
4518,-80.405489,0.050000
4519,-109.431620,0.050000
4520,-105.291325,0.050000
4521,-146.812816,0.050000
4522,-159.325571,0.050000
4523,-123.086370,0.050000
4524,-135.059071,0.050000
4525,-111.263937,0.050000
4526,-86.868311,0.050000
4527,-120.251601,0.050000
4528,-84.819461,0.050000
4529,-104.215182,0.050000
4530,-100.584522,0.050000
4531,-95.846572,0.050000
4532,-119.364669,0.050000
4533,-196.257379,0.050000
4534,-131.721654,0.050000
4535,-155.418293,0.050000
4536,-120.287577,0.050000
4537,-81.813318,0.050000
4538,-91.238128,0.050000
4539,-81.276853,0.050000
4540,-105.626806,0.050000
4541,-95.503141,0.050000
4542,-58.342111,0.050000
4543,-71.226272,0.050000
4544,-123.286685,0.050000
4545,-139.004780,0.050000
4546,-158.942436,0.050000
4547,-165.488656,0.050000
4548,-106.561267,0.050000
4549,-143.316382,0.050000
4550,-90.031311,0.050000
4551,-105.755654,0.050000
4552,-88.892343,0.050000
4553,-76.885803,0.050000
4554,-102.575757,0.050000
4555,-121.471005,0.050000
4556,-78.082347,0.050000
4557,-43.271786,0.050000
4558,-63.370389,0.050000
4559,-124.751181,0.050000
4560,-65.694606,0.050000
4561,-33.239468,0.050000
4562,-107.614249,0.050000
4563,-56.402881,0.050000
4564,-76.472460,0.050000
4565,-82.578472,0.050000
4566,-116.106479,0.050000
4567,-105.445222,0.050000
4568,-56.126751,0.050000
4569,-102.704613,0.050000
4570,-45.302071,0.050000
4571,-57.797345,0.050000
4572,-114.459902,0.050000
4573,-101.047408,0.050000
4574,-79.777458,0.050000
4575,-43.138524,0.050000
4576,-115.066203,0.050000
4577,-134.256447,0.050000
4578,-113.543435,0.050000
4579,-85.117007,0.050000
4580,-114.036627,0.050000
4581,-30.656161,0.050000
4582,-75.760529,0.050000
4583,-96.056835,0.050000
4584,-130.893450,0.050000
4585,-66.179606,0.050000
4586,-83.676653,0.050000
4587,-132.539770,0.050000
4588,-101.077837,0.050000
4589,-112.481872,0.050000
4590,-89.916212,0.050000
4591,-46.667626,0.050000
4592,-144.788698,0.050000
4593,-95.990432,0.050000
4594,-124.671648,0.050000
4595,-32.778607,0.050000
4596,-171.522422,0.050000
4597,-76.294248,0.050000
4598,-103.595065,0.050000
4599,-66.479861,0.050000
4600,-121.284126,0.050000
4601,-94.078094,0.050000
4602,-74.678965,0.050000
4603,-113.947563,0.050000
4604,-110.478787,0.050000
4605,-150.632398,0.050000
4606,-92.725978,0.050000
4607,-111.204733,0.050000
4608,-101.731506,0.050000
4609,-113.519519,0.050000
4610,-102.353316,0.050000
4611,-104.003768,0.050000
4612,-117.731732,0.050000
4613,-116.367515,0.050000
4614,-64.743848,0.050000
4615,-122.037446,0.050000
4616,-84.274783,0.050000
4617,-124.395219,0.050000
4618,-80.217740,0.050000
4619,-87.763325,0.050000
4620,-94.025942,0.050000
4621,-82.979563,0.050000
4622,-56.215275,0.050000
4623,-121.328758,0.050000
4624,-89.756814,0.050000
4625,-121.261878,0.050000
4626,-83.335965,0.050000
4627,-120.463455,0.050000
4628,-86.330825,0.050000
4629,-95.458850,0.050000
4630,-118.782397,0.050000
4631,-109.952894,0.050000
4632,-104.060088,0.050000
4633,-78.471011,0.050000
4634,-94.490539,0.050000
4635,-75.813238,0.050000
4636,-119.675757,0.050000
4637,-84.563193,0.050000
4638,-72.784931,0.050000
4639,-24.441039,0.050000
4640,-68.728215,0.050000
4641,-106.180097,0.050000
4642,-76.260676,0.050000
4643,-73.116451,0.050000
4644,-108.672386,0.050000
4645,-33.242569,0.050000
4646,-111.615549,0.050000
4647,-131.200937,0.050000
4648,-90.799078,0.050000
4649,-28.822981,0.050000
4650,-102.930903,0.050000
4651,-102.225249,0.050000
4652,-87.352803,0.050000
4653,-76.714744,0.050000
4654,-83.031931,0.050000
4655,-36.106304,0.050000
4656,-60.238214,0.050000
4657,-103.366012,0.050000
4658,-101.757129,0.050000
4659,-78.723527,0.050000
4660,-62.575484,0.050000
4661,-73.280068,0.050000
4662,-51.003174,0.050000
4663,-60.109287,0.050000
4664,-72.929896,0.050000
4665,-70.707947,0.050000
4666,-63.900623,0.050000
4667,-117.913115,0.050000
4668,-92.942327,0.050000
4669,-80.169326,0.050000
4670,-64.269373,0.050000
4671,-62.321389,0.050000
4672,-35.985155,0.050000
4673,-5.615525,0.050000
4674,-67.676035,0.050000
4675,-80.280330,0.050000
4676,-54.743393,0.050000
4677,-52.837297,0.050000
4678,-15.601039,0.050000
4679,-37.340652,0.050000
4680,-27.576556,0.050000
4681,-29.169656,0.050000
4682,-54.974824,0.050000
4683,-115.111794,0.050000
4684,-110.014575,0.050000
4685,-33.247496,0.050000
4686,-83.651826,0.050000
4687,-80.265104,0.050000
4688,-121.932914,0.050000
4689,-86.324048,0.050000
4690,-73.091880,0.050000
4691,-8.993638,0.050000
4692,-50.164846,0.050000
4693,-62.092302,0.050000
4694,-52.860628,0.050000
4695,-46.491003,0.050000
4696,-60.078834,0.050000
4697,-50.779009,0.050000
4698,-144.771230,0.050000
4699,-142.134319,0.050000
4700,-113.737846,0.050000
4701,-60.125599,0.050000
4702,-161.891053,0.050000
4703,-39.716537,0.050000
4704,-82.158073,0.050000
4705,-110.809710,0.050000
4706,-55.934722,0.050000
4707,-76.523359,0.050000
4708,-107.598074,0.050000
4709,-66.326864,0.050000
4710,-69.944117,0.050000
4711,-135.586497,0.050000
4712,-67.951615,0.050000
4713,-85.941404,0.050000
4714,-111.101762,0.050000
4715,-150.186928,0.050000
4716,-111.454268,0.050000
4717,-84.151721,0.050000
4718,-46.866676,0.050000
4719,-71.228714,0.050000
4720,-85.421689,0.050000
4721,-48.877097,0.050000
4722,-64.519849,0.050000
4723,-64.191252,0.050000
4724,-111.160053,0.050000
4725,-56.169048,0.050000
4726,-61.418851,0.050000
4727,-61.874021,0.050000
4728,-83.958036,0.050000
4729,-98.815712,0.050000
4730,-62.274560,0.050000
4731,-53.432748,0.050000
4732,-72.668482,0.050000
4733,-52.057988,0.050000
4734,-95.889412,0.050000
4735,-77.136099,0.050000
4736,-63.690141,0.050000
4737,-69.758255,0.050000
4738,-75.987925,0.050000
4739,-60.125307,0.050000
4740,-55.004860,0.050000
4741,-60.941835,0.050000
4742,-33.540460,0.050000
4743,-60.001713,0.050000
4744,-113.618076,0.050000
4745,-86.631871,0.050000
4746,-78.379643,0.050000
4747,-60.621561,0.050000
4748,-35.941621,0.050000
4749,-42.540781,0.050000
4750,-89.476755,0.050000
4751,-93.227799,0.050000
4752,-74.399326,0.050000
4753,-94.617673,0.050000
4754,-31.890186,0.050000
4755,-109.296369,0.050000
4756,-123.952522,0.050000
4757,-59.840621,0.050000
4758,-85.024235,0.050000
4759,-95.131323,0.050000
4760,-61.597728,0.050000
4761,-111.955329,0.050000
4762,-58.772226,0.050000
4763,-52.851945,0.050000
4764,-24.371547,0.050000
4765,-43.448163,0.050000
4766,-50.433864,0.050000
4767,-74.716461,0.050000
4768,-90.542042,0.050000
4769,-36.192453,0.050000
4770,-103.493416,0.050000
4771,-75.242766,0.050000
4772,-93.917242,0.050000
4773,-76.152149,0.050000
4774,-54.052086,0.050000
4775,-69.217063,0.050000
4776,-90.957228,0.050000
4777,-75.719648,0.050000
4778,-78.005525,0.050000
4779,-71.040221,0.050000
4780,-93.685326,0.050000
4781,-69.570957,0.050000
4782,-43.978990,0.050000
4783,-62.813933,0.050000
4784,-72.532369,0.050000
4785,-61.247927,0.050000
4786,-73.107435,0.050000
4787,-130.516875,0.050000
4788,-66.877814,0.050000
4789,-124.112391,0.050000
4790,-92.240276,0.050000
4791,-43.855248,0.050000
4792,-57.761650,0.050000
4793,-79.586921,0.050000
4794,-88.305937,0.050000
4795,-41.427138,0.050000
4796,-56.745300,0.050000
4797,-43.978796,0.050000
4798,-120.973813,0.050000
4799,-40.657714,0.050000
4800,-75.023567,0.050000
4801,-102.244541,0.050000
4802,-110.502339,0.050000
4803,-83.545691,0.050000
4804,-104.780658,0.050000
4805,-84.409104,0.050000
4806,-84.609783,0.050000
4807,-76.587361,0.050000
4808,-75.803106,0.050000
4809,-55.255546,0.050000
4810,-50.641943,0.050000
4811,-20.851639,0.050000
4812,-37.028700,0.050000
4813,-38.580334,0.050000
4814,-37.798265,0.050000
4815,-43.463292,0.050000
4816,-106.938883,0.050000
4817,-62.447283,0.050000
4818,-82.168002,0.050000
4819,-51.572892,0.050000
4820,-72.359806,0.050000
4821,-104.133277,0.050000
4822,-34.813120,0.050000
4823,-36.833479,0.050000
4824,-114.591904,0.050000
4825,-63.038236,0.050000
4826,-108.638757,0.050000
4827,-81.068912,0.050000
4828,-64.421989,0.050000
4829,-50.500050,0.050000
4830,-86.027682,0.050000
4831,-102.977722,0.050000
4832,-91.790720,0.050000
4833,-35.566958,0.050000
4834,-51.607434,0.050000
4835,-3.298346,0.050000
4836,-56.986507,0.050000
4837,-72.724774,0.050000
4838,-90.827985,0.050000
4839,-55.731482,0.050000
4840,-41.364534,0.050000
4841,-65.473879,0.050000
4842,-78.454495,0.050000
4843,-66.093460,0.050000
4844,-75.546552,0.050000
4845,-39.189239,0.050000
4846,-42.478753,0.050000
4847,-105.242176,0.050000
4848,-55.652029,0.050000
4849,-105.692516,0.050000
4850,-148.508978,0.050000
4851,-82.623427,0.050000
4852,-60.739790,0.050000
4853,-100.186571,0.050000
4854,-59.971955,0.050000
4855,-43.701373,0.050000
4856,-55.456548,0.050000
4857,-28.143103,0.050000
4858,-113.634020,0.050000
4859,-42.493839,0.050000
4860,-107.221756,0.050000
4861,-62.417979,0.050000
4862,-73.627282,0.050000
4863,-34.440399,0.050000
4864,-38.672202,0.050000
4865,-74.952986,0.050000
4866,-57.827236,0.050000
4867,-30.812907,0.050000
4868,-106.103907,0.050000
4869,-25.175954,0.050000
4870,-74.233026,0.050000
4871,-17.033615,0.050000
4872,-73.045384,0.050000
4873,-55.717117,0.050000
4874,-46.007392,0.050000
4875,-103.765752,0.050000
4876,-77.396839,0.050000
4877,-22.130109,0.050000
4878,-40.398758,0.050000
4879,-115.976282,0.050000
4880,-48.182539,0.050000
4881,-14.910223,0.050000
4882,-85.327555,0.050000
4883,-93.506972,0.050000
4884,-100.235553,0.050000
4885,-49.544649,0.050000
4886,-78.874087,0.050000
4887,-176.577159,0.050000
4888,-20.750578,0.050000
4889,-59.092275,0.050000
4890,-95.265899,0.050000
4891,-119.200721,0.050000
4892,-60.977438,0.050000
4893,-50.251062,0.050000
4894,-20.826731,0.050000
4895,-59.681137,0.050000
4896,-78.680195,0.050000
4897,-39.869401,0.050000
4898,-140.508857,0.050000
4899,-74.170234,0.050000
4900,-41.351453,0.050000
4901,-54.586248,0.050000
4902,-88.866006,0.050000
4903,-97.011512,0.050000
4904,-69.009315,0.050000
4905,-106.675558,0.050000
4906,-35.534543,0.050000
4907,-44.132232,0.050000
4908,-25.441185,0.050000
4909,-55.815950,0.050000
4910,-38.573988,0.050000
4911,-56.808965,0.050000
4912,-89.486812,0.050000
4913,-62.605097,0.050000
4914,-30.899431,0.050000
4915,-32.862252,0.050000
4916,-40.948913,0.050000
4917,-45.279925,0.050000
4918,-83.037685,0.050000
4919,-53.079723,0.050000
4920,-129.551249,0.050000
4921,-20.476830,0.050000
4922,-51.650682,0.050000
4923,-34.219633,0.050000
4924,-54.721123,0.050000
4925,-26.515810,0.050000
4926,-37.387846,0.050000
4927,-36.071944,0.050000
4928,-51.549402,0.050000
4929,-46.371464,0.050000
4930,-125.130603,0.050000
4931,-99.484886,0.050000
4932,-51.384725,0.050000
4933,-113.267117,0.050000
4934,-82.346975,0.050000
4935,-88.332635,0.050000
4936,-56.364083,0.050000
4937,-73.268974,0.050000
4938,-50.611208,0.050000
4939,-41.928745,0.050000
4940,-115.077634,0.050000
4941,-59.175930,0.050000
4942,-137.480022,0.050000
4943,-67.537762,0.050000
4944,-42.169535,0.050000
4945,-80.989795,0.050000
4946,-80.996674,0.050000
4947,-68.761631,0.050000
4948,-40.519849,0.050000
4949,-78.224782,0.050000
4950,-50.659521,0.050000
4951,-27.648033,0.050000
4952,-60.946780,0.050000
4953,-72.860459,0.050000
4954,-25.763226,0.050000
4955,-135.200619,0.050000
4956,-41.996933,0.050000
4957,-118.389358,0.050000
4958,-60.312919,0.050000
4959,-55.894316,0.050000
4960,-27.738260,0.050000
4961,-69.916743,0.050000
4962,-55.746567,0.050000
4963,-79.873937,0.050000
4964,-113.797171,0.050000
4965,-69.958692,0.050000
4966,-93.431601,0.050000
4967,-38.977461,0.050000
4968,-39.220226,0.050000
4969,-100.157933,0.050000
4970,-71.481593,0.050000
4971,-102.432234,0.050000
4972,-36.456809,0.050000
4973,-47.529472,0.050000
4974,-75.066838,0.050000
4975,-32.301496,0.050000
4976,-86.754865,0.050000
4977,-66.207797,0.050000
4978,-97.359519,0.050000
4979,-99.770573,0.050000
4980,-87.038822,0.050000
4981,-86.331407,0.050000
4982,-87.293144,0.050000
4983,-71.647724,0.050000
4984,-37.827758,0.050000
4985,-83.238125,0.050000
4986,-24.926813,0.050000
4987,-40.629469,0.050000
4988,-83.435118,0.050000
4989,-43.305105,0.050000
4990,-64.397516,0.050000
4991,-71.952839,0.050000
4992,-44.921398,0.050000
4993,-36.803857,0.050000
4994,-22.452054,0.050000
4995,-56.151618,0.050000
4996,-45.838591,0.050000
4997,-29.101604,0.050000
4998,-93.629496,0.050000
4999,-48.878943,0.050000
5000,-45.207048,0.050000
5001,-79.348073,0.050000
5002,-81.837154,0.050000
5003,-48.886651,0.050000
5004,-47.642681,0.050000
5005,-43.438390,0.050000
5006,-54.380878,0.050000
5007,-31.480498,0.050000
5008,-97.044522,0.050000
5009,-25.840576,0.050000
5010,-42.130584,0.050000
5011,-73.048971,0.050000
5012,-41.265051,0.050000
5013,-32.104401,0.050000
5014,-79.540598,0.050000
5015,-46.310278,0.050000
5016,-59.346795,0.050000
5017,-104.836541,0.050000
5018,-51.965562,0.050000
5019,-48.743224,0.050000
5020,-112.248250,0.050000
5021,-178.194555,0.050000
5022,-83.878504,0.050000
5023,-112.550365,0.050000
5024,-58.045479,0.050000
5025,-110.173549,0.050000
5026,-50.790931,0.050000
5027,-102.554092,0.050000
5028,-51.077144,0.050000
5029,-75.860678,0.050000
5030,-75.629101,0.050000
5031,-82.734721,0.050000
5032,-49.645454,0.050000
5033,-61.323525,0.050000
5034,-27.866986,0.050000
5035,-28.528678,0.050000
5036,-42.961533,0.050000
5037,-78.028982,0.050000
5038,-95.856860,0.050000
5039,-88.252949,0.050000
5040,-59.486944,0.050000
5041,-73.231984,0.050000
5042,-38.223866,0.050000
5043,-29.899067,0.050000
5044,-57.984700,0.050000
5045,-46.954891,0.050000
5046,-77.633376,0.050000
5047,-45.272713,0.050000
5048,-40.354703,0.050000
5049,-81.807167,0.050000
5050,-91.198936,0.050000
5051,-92.564128,0.050000
5052,-82.409516,0.050000
5053,-75.896483,0.050000
5054,-81.048846,0.050000
5055,-133.175233,0.050000
5056,-66.193009,0.050000
5057,-68.904854,0.050000
5058,-90.252784,0.050000
5059,-61.001651,0.050000
5060,-42.882119,0.050000
5061,-49.435858,0.050000
5062,-73.941161,0.050000
5063,-59.452008,0.050000
5064,-34.118064,0.050000
5065,-112.998244,0.050000
5066,-89.646990,0.050000
5067,-66.306081,0.050000
5068,-44.073383,0.050000
5069,-65.367704,0.050000
5070,-92.018198,0.050000
5071,-58.335368,0.050000
5072,-73.799403,0.050000
5073,-81.193846,0.050000
5074,-50.443093,0.050000
5075,-124.891957,0.050000
5076,-115.006697,0.050000
5077,-79.107082,0.050000
5078,-84.911786,0.050000
5079,-84.107307,0.050000
5080,-46.443881,0.050000
5081,-62.972981,0.050000
5082,-88.297961,0.050000
5083,-64.947163,0.050000
5084,-48.100357,0.050000
5085,-121.581290,0.050000
5086,-76.290511,0.050000
5087,-87.483428,0.050000
5088,-51.811113,0.050000
5089,-39.462051,0.050000
5090,-93.876584,0.050000
5091,-47.054706,0.050000
5092,-67.234465,0.050000
5093,-108.689790,0.050000
5094,-75.362631,0.050000
5095,-112.112074,0.050000
5096,-49.915614,0.050000
5097,-49.176770,0.050000
5098,-93.459173,0.050000
5099,-101.071119,0.050000
5100,-86.082161,0.050000
5101,-119.421080,0.050000
5102,-78.371870,0.050000
5103,-27.063081,0.050000
5104,-76.148132,0.050000
5105,-45.644454,0.050000
5106,-105.122324,0.050000
5107,-108.302766,0.050000
5108,-37.038416,0.050000
5109,-57.934581,0.050000
5110,-66.098366,0.050000
5111,-25.276475,0.050000
5112,-97.315957,0.050000
5113,-59.089700,0.050000
5114,-83.448277,0.050000
5115,-59.872918,0.050000
5116,-102.440540,0.050000
5117,-112.342351,0.050000
5118,-71.346258,0.050000
5119,-123.376303,0.050000
5120,-51.073724,0.050000
5121,-99.479676,0.050000
5122,-103.864208,0.050000
5123,-58.663873,0.050000
5124,-76.464176,0.050000
5125,-83.505362,0.050000
5126,-65.422766,0.050000
5127,-69.563465,0.050000
5128,-52.976631,0.050000
5129,-73.199729,0.050000
5130,-129.931972,0.050000
5131,-80.020127,0.050000
5132,-61.575408,0.050000
5133,-92.639572,0.050000
5134,-69.797957,0.050000
5135,-35.061483,0.050000
5136,-79.370162,0.050000
5137,-54.547671,0.050000
5138,-49.832901,0.050000
5139,-34.580049,0.050000
5140,-60.033111,0.050000
5141,-78.364629,0.050000
5142,-57.601701,0.050000
5143,-68.321897,0.050000
5144,-72.930133,0.050000
5145,-67.828598,0.050000
5146,-88.656793,0.050000
5147,-51.721475,0.050000
5148,-78.847142,0.050000
5149,-118.625761,0.050000
5150,-43.201565,0.050000
5151,-121.801042,0.050000
5152,-48.630885,0.050000
5153,-52.224743,0.050000
5154,-68.419999,0.050000
5155,-40.054453,0.050000
5156,-35.626245,0.050000
5157,-24.526348,0.050000
5158,-45.704813,0.050000
5159,-51.503159,0.050000
5160,-87.837630,0.050000
5161,-38.004704,0.050000
5162,-133.773049,0.050000
5163,-52.516779,0.050000
5164,-52.648975,0.050000
5165,-55.844738,0.050000
5166,-65.081937,0.050000
5167,-81.413586,0.050000
5168,-45.804211,0.050000
5169,-78.724664,0.050000
5170,-53.757093,0.050000
5171,-52.826779,0.050000
5172,-67.585509,0.050000
5173,-141.566701,0.050000
5174,-76.059550,0.050000
5175,-76.998638,0.050000
5176,-69.631318,0.050000
5177,-69.456776,0.050000
5178,-77.838982,0.050000
5179,-100.310538,0.050000
5180,-100.147187,0.050000
5181,-59.506353,0.050000
5182,-34.982058,0.050000
5183,-70.557520,0.050000
5184,-36.380918,0.050000
5185,-59.426401,0.050000
5186,-71.834028,0.050000
5187,-63.076676,0.050000
5188,-94.214721,0.050000
5189,-51.834142,0.050000
5190,-85.021576,0.050000
5191,-49.127913,0.050000
5192,-46.920331,0.050000
5193,-74.535920,0.050000
5194,-64.688623,0.050000
5195,-81.512325,0.050000
5196,-48.837948,0.050000
5197,-61.312902,0.050000
5198,-72.157607,0.050000
5199,-43.479885,0.050000
5200,-39.514437,0.050000
5201,-43.107973,0.050000
5202,-79.477361,0.050000
5203,-91.036466,0.050000
5204,-110.912635,0.050000
5205,-58.387138,0.050000
5206,-47.164321,0.050000
5207,-100.248708,0.050000
5208,-36.797196,0.050000
5209,-77.445386,0.050000
5210,-70.257020,0.050000
5211,-73.986999,0.050000
5212,-60.282849,0.050000
5213,-65.574415,0.050000
5214,-48.751257,0.050000
5215,-5.528837,0.050000
5216,-47.472083,0.050000
5217,-79.018934,0.050000
5218,-39.377360,0.050000
5219,-80.670227,0.050000
5220,-70.192349,0.050000
5221,-47.506365,0.050000
5222,-136.182877,0.050000
5223,-37.204492,0.050000
5224,-85.091461,0.050000
5225,-38.212854,0.050000
5226,-35.144183,0.050000
5227,-42.845086,0.050000
5228,-79.122788,0.050000
5229,-41.679191,0.050000
5230,-42.284502,0.050000
5231,-51.473154,0.050000
5232,-45.499633,0.050000
5233,-79.081013,0.050000
5234,-89.417253,0.050000
5235,-23.419443,0.050000
5236,-33.288154,0.050000
5237,-49.895740,0.050000
5238,-45.720594,0.050000
5239,-94.928769,0.050000
5240,-51.884590,0.050000
5241,-68.674536,0.050000
5242,-67.030676,0.050000
5243,-11.359780,0.050000
5244,-36.956260,0.050000
5245,-52.880778,0.050000
5246,-33.985407,0.050000
5247,-50.140837,0.050000
5248,-83.750695,0.050000
5249,-80.714927,0.050000
5250,-29.011122,0.050000
5251,-80.295772,0.050000
5252,-41.419812,0.050000
5253,-108.642259,0.050000
5254,-81.039724,0.050000
5255,-69.745460,0.050000
5256,-69.541871,0.050000
5257,-99.790244,0.050000
5258,-24.129335,0.050000
5259,-93.033693,0.050000
5260,-77.697644,0.050000
5261,-41.849725,0.050000
5262,-119.520278,0.050000
5263,-77.439063,0.050000
5264,-23.951538,0.050000
5265,-43.752088,0.050000
5266,-54.262512,0.050000
5267,-75.879419,0.050000
5268,-112.941745,0.050000
5269,-81.011857,0.050000
5270,-81.516942,0.050000
5271,-95.773778,0.050000
5272,-74.608142,0.050000
5273,-87.129053,0.050000
5274,-90.991191,0.050000
5275,-83.637441,0.050000
5276,-102.314945,0.050000
5277,-67.916167,0.050000
5278,-119.144401,0.050000
5279,-73.824310,0.050000
5280,-75.221002,0.050000
5281,-88.586926,0.050000
5282,-103.042668,0.050000
5283,-149.806606,0.050000
5284,-45.804996,0.050000
5285,-73.788082,0.050000
5286,-110.649399,0.050000
5287,-65.127880,0.050000
5288,-93.223397,0.050000
5289,-38.794103,0.050000
5290,-71.454854,0.050000
5291,-93.071216,0.050000
5292,-43.934849,0.050000
5293,-107.699270,0.050000
5294,-104.205067,0.050000
5295,-133.064332,0.050000
5296,-73.712962,0.050000
5297,-101.150475,0.050000
5298,-113.463060,0.050000
5299,-88.481736,0.050000
5300,-128.981262,0.050000
5301,-117.363473,0.050000
5302,-129.242169,0.050000
5303,-155.853884,0.050000
5304,-149.565356,0.050000
5305,-88.390853,0.050000
5306,-113.837818,0.050000
5307,-93.460851,0.050000
5308,-97.533166,0.050000
5309,-126.805502,0.050000
5310,-94.471422,0.050000
5311,-108.401989,0.050000
5312,-106.905437,0.050000
5313,-192.823297,0.050000
5314,-94.471783,0.050000
5315,-74.845344,0.050000
5316,-73.664016,0.050000
5317,-128.367504,0.050000
5318,-83.581471,0.050000
5319,-113.533339,0.050000
5320,-57.252979,0.050000
5321,-105.498215,0.050000
5322,-55.916626,0.050000
5323,-116.213336,0.050000
5324,-70.406555,0.050000
5325,-125.042977,0.050000
5326,-74.551922,0.050000
5327,-96.772392,0.050000
5328,-103.387849,0.050000
5329,-87.779580,0.050000
5330,-96.080963,0.050000
5331,-98.661012,0.050000
5332,-99.297787,0.050000
5333,-147.848621,0.050000
5334,-80.447018,0.050000
5335,-140.974448,0.050000
5336,-138.863903,0.050000
5337,-88.714096,0.050000
5338,-123.867579,0.050000
5339,-114.328466,0.050000
5340,-106.036448,0.050000
5341,-127.723243,0.050000
5342,-126.796095,0.050000
5343,-123.641241,0.050000
5344,-112.597752,0.050000
5345,-66.555852,0.050000
5346,-101.245895,0.050000
5347,-107.488896,0.050000
5348,-122.728183,0.050000
5349,-101.280333,0.050000
5350,-61.262996,0.050000
5351,-44.190438,0.050000
5352,-109.467651,0.050000
5353,-110.095854,0.050000
5354,-58.217996,0.050000
5355,-83.493499,0.050000
5356,-57.967100,0.050000
5357,-58.997249,0.050000
5358,-81.239486,0.050000
5359,-125.274572,0.050000
5360,-76.927179,0.050000
5361,-102.353360,0.050000
5362,-113.976855,0.050000
5363,-55.490789,0.050000
5364,-81.071770,0.050000
5365,-84.389729,0.050000
5366,-112.988065,0.050000
5367,-137.434891,0.050000
5368,-96.282036,0.050000
5369,-73.281516,0.050000
5370,-111.617253,0.050000
5371,-113.964623,0.050000
5372,-109.417738,0.050000
5373,-122.736541,0.050000
5374,-120.231235,0.050000
5375,-113.168962,0.050000
5376,-105.982522,0.050000
5377,-90.300718,0.050000
5378,-165.702054,0.050000
5379,-136.167350,0.050000
5380,-115.695307,0.050000
5381,-144.675635,0.050000
5382,-107.808868,0.050000
5383,-111.313588,0.050000
5384,-84.623033,0.050000
5385,-81.181361,0.050000
5386,-97.767107,0.050000
5387,-114.588130,0.050000
5388,-93.440518,0.050000
5389,-75.440086,0.050000
5390,-91.499633,0.050000
5391,-121.609596,0.050000
5392,-107.200942,0.050000
5393,-159.385400,0.050000
5394,-145.739341,0.050000
5395,-124.188038,0.050000
5396,-116.190547,0.050000
5397,-47.622263,0.050000
5398,-134.323763,0.050000
5399,-107.274394,0.050000
5400,-117.646805,0.050000
5401,-135.615469,0.050000
5402,-90.828830,0.050000
5403,-126.970257,0.050000
5404,-123.146896,0.050000
5405,-162.669205,0.050000
5406,-62.039909,0.050000
5407,-142.018516,0.050000
5408,-79.435727,0.050000
5409,-102.680438,0.050000
5410,-93.426165,0.050000
5411,-162.242003,0.050000
5412,-111.300986,0.050000
5413,-76.035101,0.050000
5414,-89.509451,0.050000
5415,-127.743156,0.050000
5416,-88.078667,0.050000
5417,-123.608004,0.050000
5418,-83.409497,0.050000
5419,-94.696183,0.050000
5420,-87.325012,0.050000
5421,-112.967953,0.050000
5422,-130.504959,0.050000
5423,-79.641507,0.050000
5424,-58.056671,0.050000
5425,-128.810333,0.050000
5426,-88.685370,0.050000
5427,-151.988289,0.050000
5428,-148.020021,0.050000
5429,-122.242960,0.050000
5430,-115.986352,0.050000
5431,-120.716062,0.050000
5432,-158.985704,0.050000
5433,-73.167726,0.050000
5434,-115.389747,0.050000
5435,-70.225577,0.050000
5436,-161.554592,0.050000
5437,-166.452306,0.050000
5438,-92.183047,0.050000
5439,-105.413591,0.050000
5440,-147.212368,0.050000
5441,-89.450045,0.050000
5442,-149.780645,0.050000
5443,-118.467258,0.050000
5444,-97.918523,0.050000
5445,-80.684382,0.050000
5446,-78.737293,0.050000
5447,-108.834063,0.050000
5448,-126.390159,0.050000
5449,-94.410969,0.050000
5450,-113.386262,0.050000
5451,-143.674317,0.050000
5452,-107.499675,0.050000
5453,-97.993027,0.050000
5454,-111.959487,0.050000
5455,-142.281049,0.050000
5456,-117.906797,0.050000
5457,-155.872441,0.050000
5458,-109.514537,0.050000
5459,-171.169834,0.050000
5460,-183.428132,0.050000
5461,-142.918457,0.050000
5462,-162.151360,0.050000
5463,-105.947549,0.050000
5464,-126.222951,0.050000
5465,-97.364204,0.050000
5466,-160.304611,0.050000
5467,-113.057839,0.050000
5468,-103.633308,0.050000
5469,-162.914023,0.050000
5470,-119.089218,0.050000
5471,-142.735680,0.050000
5472,-97.792120,0.050000
5473,-152.312606,0.050000
5474,-124.459941,0.050000
5475,-124.208054,0.050000
5476,-109.500892,0.050000
5477,-156.433650,0.050000
5478,-131.287704,0.050000
5479,-139.116735,0.050000
5480,-124.425318,0.050000
5481,-146.337666,0.050000
5482,-91.696877,0.050000
5483,-100.971794,0.050000
5484,-127.931587,0.050000
5485,-122.207071,0.050000
5486,-105.178743,0.050000
5487,-99.616820,0.050000
5488,-148.211963,0.050000
5489,-141.205457,0.050000
5490,-77.182430,0.050000
5491,-147.893639,0.050000
5492,-119.617278,0.050000
5493,-120.190748,0.050000
5494,-102.949099,0.050000
5495,-165.880443,0.050000
5496,-129.572298,0.050000
5497,-150.316360,0.050000
5498,-148.005648,0.050000
5499,-119.386978,0.050000
5500,-140.460428,0.050000
5501,-130.912140,0.050000
5502,-88.148791,0.050000
5503,-129.003617,0.050000
5504,-152.874511,0.050000
5505,-164.796848,0.050000
5506,-118.592005,0.050000
5507,-150.823718,0.050000
5508,-103.050098,0.050000
5509,-176.740681,0.050000
5510,-133.280779,0.050000
5511,-158.493562,0.050000
5512,-189.913045,0.050000
5513,-145.608175,0.050000
5514,-141.833042,0.050000
5515,-122.751358,0.050000
5516,-76.477172,0.050000
5517,-102.688026,0.050000
5518,-176.565076,0.050000
5519,-155.975662,0.050000
5520,-66.045200,0.050000
5521,-153.671649,0.050000
5522,-78.479903,0.050000
5523,-94.523510,0.050000
5524,-54.262136,0.050000
5525,-139.099195,0.050000
5526,-111.473472,0.050000
5527,-117.198280,0.050000
5528,-132.328286,0.050000
5529,-144.456363,0.050000
5530,-126.556098,0.050000
5531,-121.950600,0.050000
5532,-105.779280,0.050000
5533,-149.527288,0.050000
5534,-140.488694,0.050000
5535,-105.025959,0.050000
5536,-217.049743,0.050000
5537,-147.560496,0.050000
5538,-146.187475,0.050000
5539,-84.374473,0.050000
5540,-125.475630,0.050000
5541,-118.757325,0.050000
5542,-132.502736,0.050000
5543,-136.741329,0.050000
5544,-125.576145,0.050000
5545,-124.535927,0.050000
5546,-117.784167,0.050000
5547,-40.314388,0.050000
5548,-158.124138,0.050000
5549,-92.642772,0.050000
5550,-150.892015,0.050000
5551,-110.335613,0.050000
5552,-121.643097,0.050000
5553,-126.418876,0.050000
5554,-169.711622,0.050000
5555,-81.240269,0.050000
5556,-102.204282,0.050000
5557,-88.978893,0.050000
5558,-107.081539,0.050000
5559,-100.190460,0.050000
5560,-126.843246,0.050000
5561,-127.332385,0.050000
5562,-110.323171,0.050000
5563,-123.763670,0.050000
5564,-86.144308,0.050000
5565,-142.269744,0.050000
5566,-71.510843,0.050000
5567,-114.825926,0.050000
5568,-133.876535,0.050000
5569,-153.713246,0.050000
5570,-102.392381,0.050000
5571,-183.218899,0.050000
5572,-135.568713,0.050000
5573,-122.201063,0.050000
5574,-109.773435,0.050000
5575,-103.087500,0.050000
5576,-106.398724,0.050000
5577,-95.290463,0.050000
5578,-139.593178,0.050000
5579,-105.673225,0.050000
5580,-86.105400,0.050000
5581,-164.178163,0.050000
5582,-120.885094,0.050000
5583,-103.658660,0.050000
5584,-77.388223,0.050000
5585,-144.811403,0.050000
5586,-194.119659,0.050000
5587,-120.491788,0.050000
5588,-98.029534,0.050000
5589,-162.883677,0.050000
5590,-138.157597,0.050000
5591,-154.594797,0.050000
5592,-106.719782,0.050000
5593,-104.849370,0.050000
5594,-139.674491,0.050000
5595,-122.621269,0.050000
5596,-134.424281,0.050000
5597,-135.244941,0.050000
5598,-126.085116,0.050000
5599,-119.910693,0.050000
5600,-60.896231,0.050000
5601,-69.376642,0.050000
5602,-66.666223,0.050000
5603,-89.278790,0.050000
5604,-98.630612,0.050000
5605,-87.816013,0.050000
5606,-95.836143,0.050000
5607,-112.168510,0.050000
5608,-82.943938,0.050000
5609,-108.241058,0.050000
5610,-70.415077,0.050000
5611,-92.131954,0.050000
5612,-95.570764,0.050000
5613,-105.056519,0.050000
5614,-15.254137,0.050000
5615,-167.797347,0.050000
5616,-110.705596,0.050000
5617,-126.698528,0.050000
5618,-86.787834,0.050000
5619,-119.811287,0.050000
5620,-123.719003,0.050000
5621,-109.418329,0.050000
5622,-109.994891,0.050000
5623,-118.285642,0.050000
5624,-102.673423,0.050000
5625,-99.016975,0.050000
5626,-99.169832,0.050000
5627,-99.486515,0.050000
5628,-129.829750,0.050000
5629,-135.998627,0.050000
5630,-112.166278,0.050000
5631,-138.604571,0.050000
5632,-102.925189,0.050000
5633,-123.809143,0.050000
5634,-145.313477,0.050000
5635,-150.951172,0.050000
5636,-95.849450,0.050000
5637,-174.157532,0.050000
5638,-69.931503,0.050000
5639,-121.308818,0.050000
5640,-61.656704,0.050000
5641,-100.717664,0.050000
5642,-112.814893,0.050000
5643,-93.386572,0.050000
5644,-119.860034,0.050000
5645,-147.034982,0.050000
5646,-101.497803,0.050000
5647,-162.453309,0.050000
5648,-101.209591,0.050000
5649,-129.574761,0.050000
5650,-104.930972,0.050000
5651,-154.755026,0.050000
5652,-185.930869,0.050000
5653,-123.843907,0.050000
5654,-95.345580,0.050000
5655,-119.083293,0.050000
5656,-157.378660,0.050000
5657,-126.671201,0.050000
5658,-126.098112,0.050000
5659,-101.684578,0.050000
5660,-89.241628,0.050000
5661,-45.635584,0.050000
5662,-86.512641,0.050000
5663,-107.675475,0.050000
5664,-75.746041,0.050000
5665,-134.757349,0.050000
5666,-59.359016,0.050000
5667,-127.920026,0.050000
5668,-135.451837,0.050000
5669,-98.612593,0.050000
5670,-90.492325,0.050000
5671,-77.251065,0.050000
5672,-111.501180,0.050000
5673,-129.329509,0.050000
5674,-181.014939,0.050000
5675,-118.289934,0.050000
5676,-101.497232,0.050000
5677,-129.562160,0.050000
5678,-83.536409,0.050000
5679,-121.435196,0.050000
5680,-156.807502,0.050000
5681,-138.376515,0.050000
5682,-104.452137,0.050000
5683,-115.359707,0.050000
5684,-126.450259,0.050000
5685,-106.962287,0.050000
5686,-82.361032,0.050000
5687,-138.884750,0.050000
5688,-169.655951,0.050000
5689,-143.863314,0.050000
5690,-149.372729,0.050000
5691,-113.602523,0.050000
5692,-186.700536,0.050000
5693,-126.969213,0.050000
5694,-199.255030,0.050000
5695,-114.004954,0.050000
5696,-160.917977,0.050000
5697,-131.759203,0.050000
5698,-190.115169,0.050000
5699,-130.929949,0.050000
5700,-141.535121,0.050000
5701,-162.156768,0.050000
5702,-177.214966,0.050000
5703,-123.665666,0.050000
5704,-135.392062,0.050000
5705,-120.089372,0.050000
5706,-137.747708,0.050000
5707,-170.456959,0.050000
5708,-135.907718,0.050000
5709,-206.974881,0.050000
5710,-175.782606,0.050000
5711,-199.403999,0.050000
5712,-148.837628,0.050000
5713,-165.377831,0.050000
5714,-156.839044,0.050000
5715,-185.524312,0.050000
5716,-160.179075,0.050000
5717,-154.366252,0.050000
5718,-124.155579,0.050000
5719,-156.678803,0.050000
5720,-175.492157,0.050000
5721,-118.713380,0.050000
5722,-149.580682,0.050000
5723,-150.444442,0.050000
5724,-140.907087,0.050000
5725,-193.932054,0.050000
5726,-128.740997,0.050000
5727,-156.734476,0.050000
5728,-150.203832,0.050000
5729,-179.462430,0.050000
5730,-146.404524,0.050000
5731,-106.993676,0.050000
5732,-139.152881,0.050000
5733,-104.970493,0.050000
5734,-176.424047,0.050000
5735,-159.340933,0.050000
5736,-113.807868,0.050000
5737,-39.465982,0.050000
5738,-154.083412,0.050000
5739,-176.459844,0.050000
5740,-153.657858,0.050000
5741,-109.889551,0.050000
5742,-171.171773,0.050000
5743,-173.274255,0.050000
5744,-145.724282,0.050000
5745,-164.317583,0.050000
5746,-126.410928,0.050000
5747,-150.721682,0.050000
5748,-124.487352,0.050000
5749,-124.891427,0.050000
5750,-125.844858,0.050000
5751,-108.101630,0.050000
5752,-95.674673,0.050000
5753,-129.802843,0.050000
5754,-168.213199,0.050000
5755,-95.369171,0.050000
5756,-83.287659,0.050000
5757,-107.283805,0.050000
5758,-86.258073,0.050000
5759,-95.316082,0.050000
5760,-92.558114,0.050000
5761,-93.855774,0.050000
5762,-48.471470,0.050000
5763,-115.252491,0.050000
5764,-79.239169,0.050000
5765,-180.751376,0.050000
5766,-137.163992,0.050000
5767,-108.773027,0.050000
5768,-108.729572,0.050000
5769,-79.741608,0.050000
5770,-110.795142,0.050000
5771,-129.484210,0.050000
5772,-110.138154,0.050000
5773,-126.164903,0.050000
5774,-81.019645,0.050000
5775,-146.468684,0.050000
5776,-153.962946,0.050000
5777,-90.329104,0.050000
5778,-142.248459,0.050000
5779,-101.883060,0.050000
5780,-163.969219,0.050000
5781,-72.295065,0.050000
5782,-90.851477,0.050000
5783,-132.394380,0.050000
5784,-67.553838,0.050000
5785,-74.249023,0.050000
5786,-48.544106,0.050000
5787,-78.163906,0.050000
5788,-134.080628,0.050000
5789,-86.507131,0.050000
5790,-116.719957,0.050000
5791,-175.790635,0.050000
5792,-91.638241,0.050000
5793,-129.035579,0.050000
5794,-105.578441,0.050000
5795,-142.904661,0.050000
5796,-99.555658,0.050000
5797,-105.587721,0.050000
5798,-128.636621,0.050000
5799,-122.034898,0.050000
5800,-107.555828,0.050000
5801,-128.914839,0.050000
5802,-109.277808,0.050000
5803,-135.913064,0.050000
5804,-60.342009,0.050000
5805,-106.677080,0.050000
5806,-72.839649,0.050000
5807,-66.695183,0.050000
5808,-80.360620,0.050000
5809,-100.679622,0.050000
5810,-97.252697,0.050000
5811,-90.116763,0.050000
5812,-60.570489,0.050000
5813,-111.551657,0.050000
5814,-152.185184,0.050000
5815,-67.381087,0.050000
5816,-124.915894,0.050000
5817,-124.950841,0.050000
5818,-173.315811,0.050000
5819,-97.277095,0.050000
5820,-113.541767,0.050000
5821,-153.913726,0.050000
5822,-83.551510,0.050000
5823,-95.646869,0.050000
5824,-133.866935,0.050000
5825,-108.513936,0.050000
5826,-57.001439,0.050000
5827,-61.897817,0.050000
5828,-145.240983,0.050000
5829,-146.985095,0.050000
5830,-69.380906,0.050000
5831,-71.753395,0.050000
5832,-144.952146,0.050000
5833,-72.332761,0.050000
5834,-149.292557,0.050000
5835,-99.234042,0.050000
5836,-68.117287,0.050000
5837,-63.407405,0.050000
5838,-151.392010,0.050000
5839,-91.806968,0.050000
5840,-107.928162,0.050000
5841,-97.527940,0.050000
5842,-156.867411,0.050000
5843,-81.479517,0.050000
5844,-133.842273,0.050000
5845,-73.312651,0.050000
5846,-72.309309,0.050000
5847,-97.397480,0.050000
5848,-62.235743,0.050000
5849,-76.553329,0.050000
5850,-70.242974,0.050000
5851,-165.704386,0.050000
5852,-83.632470,0.050000
5853,-69.055212,0.050000
5854,-110.184412,0.050000
5855,-102.239518,0.050000
5856,-80.941966,0.050000
5857,-129.560447,0.050000
5858,-112.641362,0.050000
5859,-143.183931,0.050000
5860,-106.872671,0.050000
5861,-68.149481,0.050000
5862,-143.164750,0.050000
5863,-123.744253,0.050000
5864,-139.598026,0.050000
5865,-85.623123,0.050000
5866,-59.435957,0.050000
5867,-67.028554,0.050000
5868,-82.515888,0.050000
5869,-9.137336,0.050000
5870,-69.751481,0.050000
5871,-47.607845,0.050000
5872,-44.393234,0.050000
5873,-40.642170,0.050000
5874,-41.642635,0.050000
5875,-107.014170,0.050000
5876,-95.766116,0.050000
5877,-46.691884,0.050000
5878,-65.082779,0.050000
5879,-33.725075,0.050000
5880,-66.039245,0.050000
5881,-73.393826,0.050000
5882,-114.838685,0.050000
5883,-39.997288,0.050000
5884,-121.917310,0.050000
5885,-61.452112,0.050000
5886,-102.931605,0.050000
5887,-54.272848,0.050000
5888,-23.077186,0.050000
5889,-90.404133,0.050000
5890,-83.016739,0.050000
5891,-87.462458,0.050000
5892,-43.635405,0.050000
5893,-74.859108,0.050000
5894,-83.481695,0.050000
5895,-94.188303,0.050000
5896,-115.358922,0.050000
5897,-105.944575,0.050000
5898,-45.574138,0.050000
5899,-82.839827,0.050000
5900,-95.165070,0.050000
5901,-43.896852,0.050000
5902,-67.982926,0.050000
5903,-40.506317,0.050000
5904,-63.735721,0.050000
5905,-36.602652,0.050000
5906,-120.377698,0.050000
5907,-42.307500,0.050000
5908,-39.533840,0.050000
5909,-78.343588,0.050000
5910,-54.173810,0.050000
5911,-52.587084,0.050000
5912,-77.196453,0.050000
5913,-67.667744,0.050000
5914,-53.709095,0.050000
5915,-92.160486,0.050000
5916,-60.951605,0.050000
5917,-70.814754,0.050000
5918,-59.130713,0.050000
5919,-133.717757,0.050000
5920,-82.134916,0.050000
5921,-68.903514,0.050000
5922,-33.035613,0.050000
5923,-74.452331,0.050000
5924,-50.565015,0.050000
5925,-32.363979,0.050000
5926,-78.965588,0.050000
5927,-103.964047,0.050000
5928,-64.040082,0.050000
5929,-88.415713,0.050000
5930,-49.117842,0.050000
5931,-61.892602,0.050000
5932,-70.581694,0.050000
5933,-87.488306,0.050000
5934,-63.772195,0.050000
5935,-35.467306,0.050000
5936,-54.531938,0.050000
5937,-115.740848,0.050000
5938,-66.799210,0.050000
5939,-79.576051,0.050000
5940,-65.298613,0.050000
5941,-150.892995,0.050000
5942,-100.387810,0.050000
5943,-57.040665,0.050000
5944,-43.904752,0.050000
5945,-69.913468,0.050000
5946,-93.435864,0.050000
5947,-51.203297,0.050000
5948,-52.373403,0.050000
5949,-57.149647,0.050000
5950,-101.503469,0.050000
5951,-88.282244,0.050000
5952,-93.642221,0.050000
5953,-56.296700,0.050000
5954,-70.942092,0.050000
5955,-65.295737,0.050000
5956,-76.500656,0.050000
5957,-105.637399,0.050000
5958,-35.900299,0.050000
5959,-59.037870,0.050000
5960,-62.365584,0.050000
5961,-68.223550,0.050000
5962,-35.996354,0.050000
5963,-35.901920,0.050000
5964,-64.423056,0.050000
5965,-63.358459,0.050000
5966,-60.019835,0.050000
5967,-83.304775,0.050000
5968,-79.338980,0.050000
5969,-88.916271,0.050000
5970,-97.828946,0.050000
5971,-69.235683,0.050000
5972,-109.826178,0.050000
5973,-55.472611,0.050000
5974,-112.909121,0.050000
5975,-79.333819,0.050000
5976,-89.772609,0.050000
5977,-39.152958,0.050000
5978,-101.291697,0.050000
5979,-74.227703,0.050000
5980,-38.409368,0.050000
5981,-81.465916,0.050000
5982,-77.500057,0.050000
5983,-140.476774,0.050000
5984,-96.329685,0.050000
5985,-104.192796,0.050000
5986,-60.444184,0.050000
5987,-76.895408,0.050000
5988,-112.736242,0.050000
5989,-54.517244,0.050000
5990,-93.977268,0.050000
5991,-124.254736,0.050000
5992,-55.525644,0.050000
5993,-84.090846,0.050000
5994,-60.727000,0.050000
5995,-98.702987,0.050000
5996,-57.039291,0.050000
5997,-69.254719,0.050000
5998,-64.207353,0.050000
5999,-42.923862,0.050000
6000,-66.823374,0.050000
6001,-95.306366,0.050000
6002,-131.006691,0.050000
6003,-115.122915,0.050000
6004,-33.584134,0.050000
6005,-87.978838,0.050000
6006,-65.654918,0.050000
6007,-123.957215,0.050000
6008,-117.032800,0.050000
6009,-81.112856,0.050000
6010,-113.178850,0.050000
6011,-169.552099,0.050000
6012,-85.399678,0.050000
6013,-102.700002,0.050000
6014,-71.149264,0.050000
6015,-130.119669,0.050000
6016,-112.958807,0.050000
6017,-59.314317,0.050000
6018,-145.776247,0.050000
6019,-93.179203,0.050000
6020,-100.482343,0.050000
6021,-87.505629,0.050000
6022,-81.601460,0.050000
6023,-67.136045,0.050000
6024,-73.543590,0.050000
6025,-133.264447,0.050000
6026,-175.338525,0.050000
6027,-163.391162,0.050000
6028,-164.204736,0.050000
6029,-47.711241,0.050000
6030,-70.799616,0.050000
6031,-36.639889,0.050000
6032,-76.815873,0.050000
6033,-53.293693,0.050000
6034,-118.693992,0.050000
6035,-86.259291,0.050000
6036,-52.729685,0.050000
6037,-124.622807,0.050000
6038,-112.561280,0.050000
6039,-95.355436,0.050000
6040,-78.612605,0.050000
6041,-91.127093,0.050000
6042,-52.891334,0.050000
6043,-75.904919,0.050000
6044,-110.103748,0.050000
6045,-39.294748,0.050000
6046,-60.343708,0.050000
6047,-79.462236,0.050000
6048,-141.979215,0.050000
6049,-70.238571,0.050000
6050,-109.629795,0.050000
6051,-85.337330,0.050000
6052,-77.358793,0.050000
6053,-92.923968,0.050000
6054,-104.916783,0.050000
6055,-84.158684,0.050000
6056,-79.830933,0.050000
6057,-71.690454,0.050000
6058,-158.866535,0.050000
6059,-81.619419,0.050000
6060,-85.413725,0.050000
6061,-39.588317,0.050000
6062,-86.371572,0.050000
6063,-103.644288,0.050000
6064,-68.152308,0.050000
6065,-79.281997,0.050000
6066,-123.557213,0.050000
6067,-102.691854,0.050000
6068,-108.333736,0.050000
6069,-79.440073,0.050000
6070,-135.795976,0.050000
6071,-141.765391,0.050000
6072,-56.140857,0.050000
6073,-132.559108,0.050000
6074,-88.573994,0.050000
6075,-161.087412,0.050000
6076,-134.420095,0.050000
6077,-132.322542,0.050000
6078,-122.858812,0.050000
6079,-79.466988,0.050000
6080,-96.838105,0.050000
6081,-178.004775,0.050000
6082,-103.586014,0.050000
6083,-148.469300,0.050000
6084,-76.978530,0.050000
6085,-134.274015,0.050000
6086,-126.338605,0.050000
6087,-53.330246,0.050000
6088,-87.824335,0.050000
6089,-68.382675,0.050000
6090,-141.654725,0.050000
6091,-106.787003,0.050000
6092,-39.051840,0.050000
6093,-107.408843,0.050000
6094,-138.078381,0.050000
6095,-101.052125,0.050000
6096,-90.884174,0.050000
6097,-127.470775,0.050000
6098,-74.686997,0.050000
6099,-60.644847,0.050000
6100,-96.296789,0.050000
6101,-106.360666,0.050000
6102,-92.782692,0.050000
6103,-78.497066,0.050000
6104,-69.296032,0.050000
6105,-95.187247,0.050000
6106,-99.787488,0.050000
6107,-191.091006,0.050000
6108,-64.100304,0.050000
6109,-138.022889,0.050000
6110,-123.596656,0.050000
6111,-72.033192,0.050000
6112,-102.996216,0.050000
6113,-54.987824,0.050000
6114,-112.993629,0.050000
6115,-82.547096,0.050000
6116,-115.466771,0.050000
6117,-111.001981,0.050000
6118,-129.462384,0.050000
6119,-51.585881,0.050000
6120,-79.986099,0.050000
6121,-41.308009,0.050000
6122,-80.095427,0.050000
6123,-87.582508,0.050000
6124,-71.799209,0.050000
6125,-78.169255,0.050000
6126,-29.518384,0.050000
6127,-76.517423,0.050000
6128,-93.039230,0.050000
6129,-121.536376,0.050000
6130,-119.599601,0.050000
6131,-92.679991,0.050000
6132,-120.727823,0.050000
6133,-137.874834,0.050000
6134,-219.397297,0.050000
6135,-102.816614,0.050000
6136,-31.537352,0.050000
6137,-48.136269,0.050000
6138,-166.234091,0.050000
6139,-145.609767,0.050000
6140,-40.879928,0.050000
6141,-150.488199,0.050000
6142,-166.608338,0.050000
6143,-51.084665,0.050000
6144,-59.950290,0.050000
6145,-93.574479,0.050000
6146,-121.147327,0.050000
6147,-188.743427,0.050000
6148,-100.190686,0.050000
6149,-73.724443,0.050000
6150,-99.937061,0.050000
6151,-160.546111,0.050000
6152,-64.471853,0.050000
6153,-85.144620,0.050000
6154,-94.311744,0.050000
6155,-73.853110,0.050000
6156,-114.882865,0.050000
6157,-117.778467,0.050000
6158,-144.136355,0.050000
6159,-78.470751,0.050000
6160,-51.902241,0.050000
6161,-106.146685,0.050000
6162,-113.989640,0.050000
6163,-119.481878,0.050000
6164,-114.520030,0.050000
6165,-136.835504,0.050000
6166,-116.063857,0.050000
6167,-82.964880,0.050000
6168,-88.425182,0.050000
6169,-104.289275,0.050000
6170,-65.701925,0.050000
6171,-145.974595,0.050000
6172,-155.154857,0.050000
6173,-112.016784,0.050000
6174,-80.772691,0.050000
6175,-100.761427,0.050000
6176,-91.600481,0.050000
6177,-97.948299,0.050000
6178,-85.972584,0.050000
6179,-182.579741,0.050000
6180,-52.278871,0.050000
6181,-81.118532,0.050000
6182,-56.594571,0.050000
6183,-56.081429,0.050000
6184,-114.350255,0.050000
6185,-111.736749,0.050000
6186,-31.116361,0.050000
6187,-94.239829,0.050000
6188,-92.001667,0.050000
6189,-111.598180,0.050000
6190,-116.448161,0.050000
6191,-50.347135,0.050000
6192,-104.388840,0.050000
6193,-61.469397,0.050000
6194,-121.718060,0.050000
6195,-89.806282,0.050000
6196,-81.583987,0.050000
6197,-68.615365,0.050000
6198,-69.689232,0.050000
6199,-117.621019,0.050000
6200,-83.559458,0.050000
6201,-103.337715,0.050000
6202,-69.343867,0.050000
6203,-118.887007,0.050000
6204,-54.305813,0.050000
6205,-83.420238,0.050000
6206,-107.063057,0.050000
6207,-50.029588,0.050000
6208,-140.061475,0.050000
6209,-47.066920,0.050000
6210,-140.378288,0.050000
6211,-48.633372,0.050000
6212,-102.052626,0.050000
6213,-101.295585,0.050000
6214,-68.474589,0.050000
6215,-102.018657,0.050000
6216,-49.096748,0.050000
6217,-106.397886,0.050000
6218,-94.327606,0.050000
6219,-101.045237,0.050000
6220,-34.544214,0.050000
6221,-65.478835,0.050000
6222,-44.976415,0.050000
6223,-65.965147,0.050000
6224,-64.795953,0.050000
6225,-120.900009,0.050000
6226,-46.282245,0.050000
6227,-87.093571,0.050000
6228,-120.596123,0.050000
6229,-110.511108,0.050000
6230,-144.835080,0.050000
6231,-70.203149,0.050000
6232,-79.924956,0.050000
6233,-82.508582,0.050000
6234,-108.241138,0.050000
6235,-97.846432,0.050000
6236,-171.217074,0.050000
6237,-74.147948,0.050000
6238,-69.445367,0.050000
6239,-55.841419,0.050000
6240,-89.923318,0.050000
6241,-88.524739,0.050000
6242,-128.869980,0.050000
6243,-95.458216,0.050000
6244,-45.458910,0.050000
6245,-107.490935,0.050000
6246,-98.693514,0.050000
6247,-16.694596,0.050000
6248,-122.696447,0.050000
6249,-93.210628,0.050000
6250,-74.687914,0.050000
6251,-66.006751,0.050000
6252,-151.404999,0.050000
6253,-59.443114,0.050000
6254,-111.311894,0.050000
6255,-51.501803,0.050000
6256,-86.425068,0.050000
6257,-86.002566,0.050000
6258,-117.492671,0.050000
6259,-99.723346,0.050000
6260,-108.521231,0.050000
6261,-116.382043,0.050000
6262,-119.355738,0.050000
6263,-138.028741,0.050000
6264,-91.665918,0.050000
6265,-114.437938,0.050000
6266,-95.731701,0.050000
6267,-120.851003,0.050000
6268,-105.918862,0.050000
6269,-66.671315,0.050000
6270,-130.987039,0.050000
6271,-94.160954,0.050000
6272,-148.843679,0.050000
6273,-68.320652,0.050000
6274,-104.797517,0.050000
6275,-157.266557,0.050000
6276,-116.313727,0.050000
6277,-54.765863,0.050000
6278,-105.718895,0.050000
6279,-89.181621,0.050000
6280,-159.832362,0.050000
6281,-105.559501,0.050000
6282,-134.496076,0.050000
6283,-86.419221,0.050000
6284,-142.492281,0.050000
6285,-146.766140,0.050000
6286,-60.954776,0.050000
6287,-55.456232,0.050000
6288,-143.098204,0.050000
6289,-116.272796,0.050000
6290,-127.942277,0.050000
6291,-106.277922,0.050000
6292,-125.402289,0.050000
6293,-96.461779,0.050000
6294,-110.574790,0.050000
6295,-126.900667,0.050000
6296,-105.066065,0.050000
6297,-81.712332,0.050000
6298,-172.799588,0.050000
6299,-110.911647,0.050000
6300,-118.093779,0.050000
6301,-136.003655,0.050000
6302,-93.199990,0.050000
6303,-87.427744,0.050000
6304,-107.188905,0.050000
6305,-69.013620,0.050000
6306,-88.873076,0.050000
6307,-108.544388,0.050000
6308,-92.726245,0.050000
6309,-119.310671,0.050000
6310,-160.453956,0.050000
6311,-103.151896,0.050000
6312,-102.149077,0.050000
6313,-105.253257,0.050000
6314,-105.095802,0.050000
6315,-119.892560,0.050000
6316,-97.807624,0.050000
6317,-103.441153,0.050000
6318,-67.594322,0.050000
6319,-92.200838,0.050000
6320,-106.771581,0.050000
6321,-137.116733,0.050000
6322,-55.487340,0.050000
6323,-91.603870,0.050000
6324,-50.582637,0.050000
6325,-82.506456,0.050000
6326,-92.305677,0.050000
6327,-123.497630,0.050000
6328,-137.612802,0.050000
6329,-129.568718,0.050000
6330,-145.427475,0.050000
6331,-117.346894,0.050000
6332,-106.079926,0.050000
6333,-133.262930,0.050000
6334,-101.297425,0.050000
6335,-139.939005,0.050000
6336,-157.169036,0.050000
6337,-127.598981,0.050000
6338,-121.737881,0.050000
6339,-83.460668,0.050000
6340,-145.457939,0.050000
6341,-158.310686,0.050000
6342,-140.729131,0.050000
6343,-116.603797,0.050000
6344,-144.076981,0.050000
6345,-106.276314,0.050000
6346,-160.345253,0.050000
6347,-99.328779,0.050000
6348,-96.867544,0.050000
6349,-148.140101,0.050000
6350,-117.328983,0.050000
6351,-93.381888,0.050000
6352,-51.517600,0.050000
6353,-132.193760,0.050000
6354,-157.800694,0.050000
6355,-157.787572,0.050000
6356,-100.440178,0.050000
6357,-84.921762,0.050000
6358,-88.646502,0.050000
6359,-104.326086,0.050000
6360,-60.030451,0.050000
6361,-95.353070,0.050000
6362,-84.305912,0.050000
6363,-123.705934,0.050000
6364,-115.248380,0.050000
6365,-139.825286,0.050000
6366,-93.260689,0.050000
6367,-72.327745,0.050000
6368,-66.991215,0.050000
6369,-58.063826,0.050000
6370,-79.805850,0.050000
6371,-33.937008,0.050000
6372,-77.034701,0.050000
6373,-71.558664,0.050000
6374,-112.721829,0.050000
6375,-67.055818,0.050000
6376,-54.789823,0.050000
6377,-97.576250,0.050000
6378,-121.575367,0.050000
6379,-77.518307,0.050000
6380,-66.897851,0.050000
6381,-90.269926,0.050000
6382,-90.069734,0.050000
6383,-95.635608,0.050000
6384,-113.897946,0.050000
6385,-65.331068,0.050000
6386,-95.259338,0.050000
6387,-49.487254,0.050000
6388,-70.448537,0.050000
6389,-56.860918,0.050000
6390,-11.289715,0.050000
6391,-71.764878,0.050000
6392,-63.384438,0.050000
6393,-50.544156,0.050000
6394,-132.753288,0.050000
6395,-97.438203,0.050000
6396,-50.944879,0.050000
6397,-66.213402,0.050000
6398,-62.266783,0.050000
6399,-93.638322,0.050000
6400,-23.775759,0.050000
6401,-47.599420,0.050000
6402,-52.757748,0.050000
6403,-90.915602,0.050000
6404,-66.586127,0.050000
6405,-66.239831,0.050000
6406,-166.563634,0.050000
6407,-102.680414,0.050000
6408,-60.712962,0.050000
6409,-72.592554,0.050000
6410,-57.104639,0.050000
6411,-79.498398,0.050000
6412,-64.314198,0.050000
6413,-27.044163,0.050000
6414,-45.290776,0.050000
6415,-71.891935,0.050000
6416,-55.597403,0.050000
6417,-94.765743,0.050000
6418,-69.379468,0.050000
6419,-85.945448,0.050000
6420,-70.313866,0.050000
6421,-74.740347,0.050000
6422,-53.949941,0.050000
6423,-83.069181,0.050000
6424,-103.533311,0.050000
6425,-77.190485,0.050000
6426,-65.036443,0.050000
6427,-110.595916,0.050000
6428,-58.950412,0.050000
6429,-108.853381,0.050000
6430,-62.112655,0.050000
6431,-38.614610,0.050000
6432,-56.845066,0.050000
6433,-68.114959,0.050000
6434,-33.061697,0.050000
6435,-94.047224,0.050000
6436,-73.008828,0.050000
6437,-112.119043,0.050000
6438,-18.022695,0.050000
6439,-43.298757,0.050000
6440,-81.271199,0.050000
6441,-52.899183,0.050000
6442,-34.524057,0.050000
6443,-91.214506,0.050000
6444,-71.028946,0.050000
6445,-43.175463,0.050000
6446,-98.067562,0.050000
6447,-57.526396,0.050000
6448,-57.946041,0.050000
6449,-90.094312,0.050000
6450,-122.860467,0.050000
6451,-63.933280,0.050000
6452,-81.224348,0.050000
6453,-129.313406,0.050000
6454,-88.244679,0.050000
6455,-111.584833,0.050000
6456,-84.184645,0.050000
6457,-81.430452,0.050000
6458,-104.138765,0.050000
6459,-60.314954,0.050000
6460,-81.513139,0.050000
6461,-62.744537,0.050000
6462,-87.290437,0.050000
6463,-54.388036,0.050000
6464,-70.746988,0.050000
6465,-70.459071,0.050000
6466,-28.505836,0.050000
6467,-119.895727,0.050000
6468,-61.209721,0.050000
6469,-82.452934,0.050000
6470,-47.375133,0.050000
6471,-79.785082,0.050000
6472,-98.513819,0.050000
6473,-53.000646,0.050000
6474,-83.381394,0.050000
6475,-86.171968,0.050000
6476,-90.613742,0.050000
6477,-46.568680,0.050000
6478,-121.445789,0.050000
6479,-92.009337,0.050000
6480,-84.343918,0.050000
6481,-40.918226,0.050000
6482,-63.006385,0.050000
6483,-48.518968,0.050000
6484,-131.641827,0.050000
6485,-76.828329,0.050000
6486,-129.560036,0.050000
6487,-75.565282,0.050000
6488,-48.130046,0.050000
6489,-96.160093,0.050000
6490,-65.602243,0.050000
6491,-44.688638,0.050000
6492,-101.806820,0.050000
6493,-91.685768,0.050000
6494,-152.358116,0.050000
6495,-115.999054,0.050000
6496,-64.022857,0.050000
6497,-49.006572,0.050000
6498,-25.647170,0.050000
6499,-86.956983,0.050000
6500,-100.421150,0.050000
6501,-120.495800,0.050000
6502,-13.138194,0.050000
6503,-131.590076,0.050000
6504,-84.314068,0.050000
6505,-119.612740,0.050000
6506,-92.048009,0.050000
6507,-107.058425,0.050000
6508,-116.442946,0.050000
6509,-90.121376,0.050000
6510,-74.163752,0.050000
6511,-96.543426,0.050000
6512,-120.614693,0.050000
6513,-67.341462,0.050000
6514,-125.602100,0.050000
6515,-82.071715,0.050000
6516,-71.521727,0.050000
6517,-80.425567,0.050000
6518,-36.582744,0.050000
6519,-83.065045,0.050000
6520,-110.721225,0.050000
6521,-91.858287,0.050000
6522,-40.307915,0.050000
6523,-51.256836,0.050000
6524,-129.550901,0.050000
6525,-79.098324,0.050000
6526,-69.859408,0.050000
6527,-74.457847,0.050000
6528,-99.320799,0.050000
6529,-119.978505,0.050000
6530,-124.519612,0.050000
6531,-96.993188,0.050000
6532,-142.478895,0.050000
6533,-134.969001,0.050000
6534,-79.551536,0.050000
6535,-64.225697,0.050000
6536,-115.828007,0.050000
6537,-30.911805,0.050000
6538,-138.221102,0.050000
6539,-121.952232,0.050000
6540,-49.975745,0.050000
6541,-73.536463,0.050000
6542,-85.430118,0.050000
6543,-90.906130,0.050000
6544,-75.166943,0.050000
6545,-96.404501,0.050000
6546,-71.731114,0.050000
6547,-105.271952,0.050000
6548,-58.902823,0.050000
6549,-88.611137,0.050000
6550,-108.898115,0.050000
6551,-38.014221,0.050000
6552,-87.073990,0.050000
6553,-115.023954,0.050000
6554,-60.722927,0.050000
6555,-120.029333,0.050000
6556,-77.396624,0.050000
6557,-105.065953,0.050000
6558,-76.217715,0.050000
6559,-86.078779,0.050000
6560,-108.683840,0.050000
6561,-120.002878,0.050000
6562,-76.707381,0.050000
6563,-101.624255,0.050000
6564,-122.137206,0.050000
6565,-70.681505,0.050000
6566,-65.290420,0.050000
6567,-118.552102,0.050000
6568,-84.935719,0.050000
6569,-117.250942,0.050000
6570,-86.560243,0.050000
6571,-76.760676,0.050000
6572,-61.419878,0.050000
6573,-86.282303,0.050000
6574,-95.042635,0.050000
6575,-99.908226,0.050000
6576,-118.242658,0.050000
6577,-49.395055,0.050000
6578,-82.991631,0.050000
6579,-70.553811,0.050000
6580,-49.087972,0.050000
6581,-55.543621,0.050000
6582,-40.487470,0.050000
6583,-76.978178,0.050000
6584,-102.996443,0.050000
6585,-54.324998,0.050000
6586,-95.849493,0.050000
6587,-64.551668,0.050000
6588,-62.602193,0.050000
6589,-53.249869,0.050000
6590,-66.978191,0.050000
6591,-90.071163,0.050000
6592,-109.948377,0.050000
6593,-73.607216,0.050000
6594,-82.169368,0.050000
6595,-89.629574,0.050000
6596,-33.539463,0.050000
6597,-45.631398,0.050000
6598,-95.223041,0.050000
6599,-92.566303,0.050000
6600,-77.341971,0.050000
6601,-61.234152,0.050000
6602,-68.889574,0.050000
6603,-56.957304,0.050000
6604,-81.299900,0.050000
6605,-36.057459,0.050000
6606,-130.488771,0.050000
6607,-24.954318,0.050000
6608,-47.888474,0.050000
6609,-52.736223,0.050000
6610,-82.188630,0.050000
6611,-90.212485,0.050000
6612,-50.028474,0.050000
6613,-48.511290,0.050000
6614,-75.300128,0.050000
6615,-70.085934,0.050000
6616,-69.733642,0.050000
6617,-90.649314,0.050000
6618,-88.153793,0.050000
6619,-13.605500,0.050000
6620,-114.947183,0.050000
6621,-118.388811,0.050000
6622,-65.251464,0.050000
6623,-97.906152,0.050000
6624,-62.954781,0.050000
6625,-83.157326,0.050000
6626,-63.519842,0.050000
6627,-83.672274,0.050000
6628,-56.108538,0.050000
6629,-128.740037,0.050000
6630,-55.188369,0.050000
6631,-40.438383,0.050000
6632,-60.484843,0.050000
6633,-35.759133,0.050000
6634,-43.031206,0.050000
6635,-107.413092,0.050000
6636,-82.879597,0.050000
6637,-97.159192,0.050000
6638,-101.207285,0.050000
6639,-100.415960,0.050000
6640,-70.281160,0.050000
6641,-100.521269,0.050000
6642,-61.109604,0.050000
6643,-92.148043,0.050000
6644,-84.804652,0.050000
6645,11.733745,0.050000
6646,-103.157477,0.050000
6647,-47.907278,0.050000
6648,-61.374072,0.050000
6649,-62.532787,0.050000
6650,-64.403927,0.050000
6651,-49.747225,0.050000
6652,-89.187911,0.050000
6653,-55.481188,0.050000
6654,-30.673604,0.050000
6655,-49.620327,0.050000
6656,-130.605677,0.050000
6657,-91.258892,0.050000
6658,-121.558782,0.050000
6659,-95.015589,0.050000
6660,-153.691900,0.050000
6661,-98.793479,0.050000
6662,-56.723614,0.050000
6663,-70.681555,0.050000
6664,-81.957522,0.050000
6665,-31.136293,0.050000
6666,-30.932218,0.050000
6667,-89.550140,0.050000
6668,-124.125669,0.050000
6669,-64.923360,0.050000
6670,-88.437768,0.050000
6671,-56.161180,0.050000
6672,-52.455207,0.050000
6673,-55.790524,0.050000
6674,-77.591556,0.050000
6675,-51.551561,0.050000
6676,-102.173676,0.050000
6677,-128.615317,0.050000
6678,-69.909620,0.050000
6679,-59.692352,0.050000
6680,-34.185830,0.050000
6681,-79.750353,0.050000
6682,-86.941093,0.050000
6683,-75.956109,0.050000
6684,-127.785067,0.050000
6685,-25.809220,0.050000
6686,-52.224993,0.050000
6687,-105.333634,0.050000
6688,-49.908303,0.050000
6689,-79.846044,0.050000
6690,-50.031540,0.050000
6691,-48.674605,0.050000
6692,-36.030143,0.050000
6693,-68.675625,0.050000
6694,-106.946034,0.050000
6695,-94.173324,0.050000
6696,-86.110548,0.050000
6697,-48.725328,0.050000
6698,-50.080906,0.050000
6699,-78.078754,0.050000
6700,-144.482510,0.050000
6701,-55.144614,0.050000
6702,-30.019594,0.050000
6703,-76.971315,0.050000
6704,-105.079697,0.050000
6705,-58.504480,0.050000
6706,-26.532731,0.050000
6707,-77.669567,0.050000
6708,-60.175637,0.050000
6709,-78.919297,0.050000
6710,-90.510725,0.050000
6711,-105.019336,0.050000
6712,-42.635192,0.050000
6713,-65.315715,0.050000
6714,-80.251617,0.050000
6715,-118.296018,0.050000
6716,-58.144265,0.050000
6717,-76.902164,0.050000
6718,-122.503094,0.050000
6719,-112.277328,0.050000
6720,-86.698387,0.050000
6721,-58.220422,0.050000
6722,-104.898191,0.050000
6723,-58.138981,0.050000
6724,-109.289877,0.050000
6725,-117.185709,0.050000
6726,-74.756918,0.050000
6727,-41.964644,0.050000
6728,-85.347313,0.050000
6729,-125.901826,0.050000
6730,-119.112442,0.050000
6731,-91.476217,0.050000
6732,-108.520869,0.050000
6733,-59.499486,0.050000
6734,-73.575738,0.050000
6735,-52.831607,0.050000
6736,-144.586386,0.050000
6737,-68.817545,0.050000
6738,-89.692763,0.050000
6739,-70.862490,0.050000
6740,-75.631568,0.050000
6741,-85.919306,0.050000
6742,-106.232227,0.050000
6743,-80.267348,0.050000
6744,-154.554544,0.050000
6745,-76.557324,0.050000
6746,-34.018439,0.050000
6747,-35.818169,0.050000
6748,-37.216159,0.050000
6749,-115.294154,0.050000
6750,-128.408008,0.050000
6751,-122.668099,0.050000
6752,-32.563093,0.050000
6753,-116.034661,0.050000
6754,-61.820326,0.050000
6755,-84.115392,0.050000
6756,-16.952855,0.050000
6757,-76.255787,0.050000
6758,-141.911602,0.050000
6759,-34.661666,0.050000
6760,-71.261606,0.050000
6761,-50.831489,0.050000
6762,-128.112128,0.050000
6763,-72.344654,0.050000
6764,-52.716335,0.050000
6765,-94.257718,0.050000
6766,-138.490513,0.050000
6767,-138.126545,0.050000
6768,-59.523584,0.050000
6769,-110.287463,0.050000
6770,-73.022557,0.050000
6771,-141.166793,0.050000
6772,-69.973884,0.050000
6773,-23.987079,0.050000
6774,-174.024417,0.050000
6775,-72.012347,0.050000
6776,-100.397770,0.050000
6777,-134.421523,0.050000
6778,-144.435159,0.050000
6779,-73.620301,0.050000
6780,-106.780439,0.050000
6781,-135.082233,0.050000
6782,-68.975100,0.050000
6783,-81.391982,0.050000
6784,-89.915903,0.050000
6785,-104.306104,0.050000
6786,-93.574716,0.050000
6787,-97.071496,0.050000
6788,-61.633256,0.050000
6789,-37.785218,0.050000
6790,-78.577564,0.050000
6791,-117.988053,0.050000
6792,-48.414775,0.050000
6793,-48.778479,0.050000
6794,-104.037502,0.050000
6795,-76.357235,0.050000
6796,-74.941888,0.050000
6797,-70.638977,0.050000
6798,-130.217947,0.050000
6799,-114.726045,0.050000
6800,-29.317705,0.050000
6801,-104.651271,0.050000
6802,-74.686079,0.050000
6803,-65.338394,0.050000
6804,-145.712234,0.050000
6805,-99.285267,0.050000
6806,-97.829249,0.050000
6807,-120.874376,0.050000
6808,-50.152426,0.050000
6809,-56.424636,0.050000
6810,-105.240747,0.050000
6811,-131.546190,0.050000
6812,-97.008811,0.050000
6813,-142.678174,0.050000
6814,-148.696867,0.050000
6815,-114.407525,0.050000
6816,-82.316314,0.050000
6817,-164.232719,0.050000
6818,-103.017300,0.050000
6819,-44.972960,0.050000
6820,-111.600133,0.050000
6821,-53.878856,0.050000
6822,-175.144728,0.050000
6823,-204.076849,0.050000
6824,-84.903544,0.050000
6825,-108.846682,0.050000
6826,-84.639478,0.050000
6827,-69.331305,0.050000
6828,-78.848623,0.050000
6829,-107.372889,0.050000
6830,-95.426688,0.050000
6831,-56.325729,0.050000
6832,-108.239776,0.050000
6833,-134.234394,0.050000
6834,-29.687007,0.050000
6835,-93.950316,0.050000
6836,-104.064761,0.050000
6837,-162.316485,0.050000
6838,-145.403020,0.050000
6839,-163.540581,0.050000
6840,-96.335661,0.050000
6841,-91.173988,0.050000
6842,-171.762218,0.050000
6843,-157.878207,0.050000
6844,-100.384952,0.050000
6845,-118.250196,0.050000
6846,-169.290078,0.050000
6847,-82.323960,0.050000
6848,-170.292824,0.050000
6849,-104.770924,0.050000
6850,-108.466597,0.050000
6851,-79.574843,0.050000
6852,-40.929251,0.050000
6853,-48.433429,0.050000
6854,-77.984197,0.050000
6855,-98.086770,0.050000
6856,-39.659887,0.050000
6857,-95.013548,0.050000
6858,-48.419385,0.050000
6859,-118.536004,0.050000
6860,-121.698316,0.050000
6861,-100.192686,0.050000
6862,-133.156764,0.050000
6863,-60.122883,0.050000
6864,-122.019655,0.050000
6865,-105.245452,0.050000
6866,-76.626904,0.050000
6867,-100.305161,0.050000
6868,-122.069764,0.050000
6869,-112.391126,0.050000
6870,-137.070336,0.050000
6871,-145.228599,0.050000
6872,-67.816452,0.050000
6873,-118.609102,0.050000
6874,-106.061390,0.050000
6875,-89.655844,0.050000
6876,-60.377882,0.050000
6877,-164.156272,0.050000
6878,-142.088562,0.050000
6879,-97.982153,0.050000
6880,-89.670737,0.050000
6881,-87.888414,0.050000
6882,-67.755202,0.050000
6883,-130.272902,0.050000
6884,-113.711877,0.050000
6885,-128.300300,0.050000
6886,-138.975852,0.050000
6887,-146.176307,0.050000
6888,-79.150618,0.050000
6889,-39.790270,0.050000
6890,-95.027192,0.050000
6891,-85.139914,0.050000
6892,-137.275915,0.050000
6893,-47.832497,0.050000
6894,-77.664954,0.050000
6895,-31.518699,0.050000
6896,-136.117398,0.050000
6897,-143.150915,0.050000
6898,-67.412409,0.050000
6899,-69.965667,0.050000
6900,-109.808060,0.050000
6901,-79.141442,0.050000
6902,-119.910471,0.050000
6903,-100.004433,0.050000
6904,-77.583710,0.050000
6905,-84.676353,0.050000
6906,-98.518787,0.050000
6907,-144.075715,0.050000
6908,-25.587474,0.050000
6909,-73.417678,0.050000
6910,-102.726912,0.050000
6911,-77.079814,0.050000
6912,-118.162439,0.050000
6913,-184.575468,0.050000
6914,-137.318387,0.050000
6915,-68.710189,0.050000
6916,-82.582657,0.050000
6917,-131.014572,0.050000
6918,-177.298789,0.050000
6919,-139.080054,0.050000
6920,-156.717099,0.050000
6921,-129.278913,0.050000
6922,-93.107727,0.050000
6923,-83.708472,0.050000
6924,-93.760186,0.050000
6925,-130.371358,0.050000
6926,-120.035725,0.050000
6927,-124.745832,0.050000
6928,-39.127280,0.050000
6929,-28.380649,0.050000
6930,-41.059850,0.050000
6931,-135.052237,0.050000
6932,-65.976378,0.050000
6933,-79.718690,0.050000
6934,-52.918015,0.050000
6935,-126.103397,0.050000
6936,-56.647883,0.050000
6937,-110.891052,0.050000
6938,-109.925035,0.050000
6939,-100.505985,0.050000
6940,-132.612891,0.050000
6941,-118.346051,0.050000
6942,-53.005330,0.050000
6943,-45.229386,0.050000
6944,-157.429041,0.050000
6945,-80.582601,0.050000
6946,-95.841605,0.050000
6947,-123.681792,0.050000
6948,-78.861411,0.050000
6949,-77.653480,0.050000
6950,-153.045093,0.050000
6951,-107.986449,0.050000
6952,-119.222935,0.050000
6953,-83.529469,0.050000
6954,-59.950033,0.050000
6955,-175.097652,0.050000
6956,-75.904072,0.050000
6957,-124.822447,0.050000
6958,-141.807841,0.050000
6959,-61.134921,0.050000
6960,-96.812026,0.050000
6961,-65.983326,0.050000
6962,-135.008769,0.050000
6963,-91.956324,0.050000
6964,-91.967397,0.050000
6965,-67.950870,0.050000
6966,-186.074197,0.050000
6967,-100.058140,0.050000
6968,-61.695008,0.050000
6969,-50.018308,0.050000
6970,-110.257361,0.050000
6971,-19.774687,0.050000
6972,-76.717195,0.050000
6973,-72.063855,0.050000
6974,-84.355766,0.050000
6975,-129.681342,0.050000
6976,-97.585871,0.050000
6977,-53.829647,0.050000
6978,-117.702962,0.050000
6979,-90.796802,0.050000
6980,-53.884238,0.050000
6981,-164.066775,0.050000
6982,-83.508165,0.050000
6983,-38.121714,0.050000
6984,-45.469341,0.050000
6985,-125.521721,0.050000
6986,-54.469752,0.050000
6987,-73.406658,0.050000
6988,-128.170539,0.050000
6989,-132.943911,0.050000
6990,-90.987590,0.050000
6991,-97.762612,0.050000
6992,-91.397593,0.050000
6993,-115.974298,0.050000
6994,-100.085436,0.050000
6995,-77.244754,0.050000
6996,-30.530421,0.050000
6997,-85.535065,0.050000
6998,-41.964369,0.050000
6999,-73.241902,0.050000
7000,-52.372889,0.050000
7001,-81.901507,0.050000
7002,-72.744799,0.050000
7003,-61.321834,0.050000
7004,-86.665459,0.050000
7005,-159.477765,0.050000
7006,-30.465603,0.050000
7007,-67.383244,0.050000
7008,-85.258105,0.050000
7009,-110.768263,0.050000
7010,-97.558681,0.050000
7011,-84.625335,0.050000
7012,-71.809511,0.050000
7013,-56.190362,0.050000
7014,-92.585172,0.050000
7015,-94.887580,0.050000
7016,-92.427966,0.050000
7017,-84.777544,0.050000
7018,-100.075984,0.050000
7019,-71.448862,0.050000
7020,-102.169525,0.050000
7021,-105.190379,0.050000
7022,-171.125612,0.050000
7023,-106.317345,0.050000
7024,-113.814788,0.050000
7025,-43.391340,0.050000
7026,-143.803267,0.050000
7027,-116.506910,0.050000
7028,-119.535248,0.050000
7029,-121.085840,0.050000
7030,-97.612953,0.050000
7031,-87.697100,0.050000
7032,-40.797589,0.050000
7033,-70.981891,0.050000
7034,-69.440504,0.050000
7035,-145.688337,0.050000
7036,-128.250572,0.050000
7037,-120.410561,0.050000
7038,-70.744751,0.050000
7039,-60.989094,0.050000
7040,-65.776228,0.050000
7041,-91.958177,0.050000
7042,-63.216675,0.050000
7043,-126.724873,0.050000
7044,-60.294343,0.050000
7045,-111.713416,0.050000
7046,-72.209380,0.050000
7047,-94.848334,0.050000
7048,-89.408544,0.050000
7049,-93.135672,0.050000
7050,-87.015452,0.050000
7051,-138.868322,0.050000
7052,-70.197511,0.050000
7053,-57.976186,0.050000
7054,-79.854453,0.050000
7055,-89.162219,0.050000
7056,-66.193639,0.050000
7057,-101.113850,0.050000
7058,-117.349233,0.050000
7059,-152.742055,0.050000
7060,-128.566220,0.050000
7061,-80.235081,0.050000
7062,-95.077197,0.050000
7063,-48.743882,0.050000
7064,-108.547984,0.050000
7065,-101.675906,0.050000
7066,-105.403448,0.050000
7067,-94.894653,0.050000
7068,-122.536604,0.050000
7069,-78.386261,0.050000
7070,-3.752817,0.050000
7071,-149.056468,0.050000
7072,-103.171044,0.050000
7073,-45.327933,0.050000
7074,-130.441137,0.050000
7075,-142.459937,0.050000
7076,-121.992013,0.050000
7077,-71.174391,0.050000
7078,-67.531893,0.050000
7079,-60.736929,0.050000
7080,-116.507863,0.050000
7081,-87.987478,0.050000
7082,-87.575769,0.050000
7083,-128.728091,0.050000
7084,-74.026902,0.050000
7085,-134.825192,0.050000
7086,-91.729762,0.050000
7087,-62.965217,0.050000
7088,-69.377357,0.050000
7089,-83.252815,0.050000
7090,-66.773273,0.050000
7091,-97.693401,0.050000
7092,-106.269620,0.050000
7093,-31.635069,0.050000
7094,-101.834255,0.050000
7095,-64.995716,0.050000
7096,-63.609784,0.050000
7097,-119.682798,0.050000
7098,-82.382365,0.050000
7099,-127.594772,0.050000
7100,-57.927916,0.050000
7101,-39.829348,0.050000
7102,-82.789219,0.050000
7103,-86.038410,0.050000
7104,-105.717982,0.050000
7105,-70.599795,0.050000
7106,-95.691972,0.050000
7107,-99.423765,0.050000
7108,-48.669727,0.050000
7109,-65.970194,0.050000
7110,-86.000425,0.050000
7111,-88.753814,0.050000
7112,-102.747370,0.050000
7113,-143.859383,0.050000
7114,-108.613992,0.050000
7115,-84.858663,0.050000
7116,-72.940946,0.050000
7117,-60.133862,0.050000
7118,-98.074617,0.050000
7119,-51.900824,0.050000
7120,-106.355545,0.050000
7121,-73.430737,0.050000
7122,-70.671976,0.050000
7123,-92.215688,0.050000
7124,-65.829589,0.050000
7125,-79.803272,0.050000
7126,-98.377003,0.050000
7127,-101.833143,0.050000
7128,-82.672674,0.050000
7129,-115.616963,0.050000
7130,-124.214578,0.050000
7131,-109.140183,0.050000
7132,-86.578642,0.050000
7133,-98.663384,0.050000
7134,-112.559811,0.050000
7135,-74.542392,0.050000
7136,-116.215121,0.050000
7137,-78.416214,0.050000
7138,-112.153055,0.050000
7139,-102.376580,0.050000
7140,-72.117357,0.050000
7141,-122.242335,0.050000
7142,-62.019232,0.050000
7143,-72.836910,0.050000
7144,-61.850745,0.050000
7145,-36.789497,0.050000
7146,-110.633709,0.050000
7147,-126.372467,0.050000
7148,-55.116920,0.050000
7149,-51.603558,0.050000
7150,-85.545186,0.050000
7151,-87.459091,0.050000
7152,-74.950242,0.050000
7153,-55.160057,0.050000
7154,-122.056101,0.050000
7155,-118.492941,0.050000
7156,-83.828428,0.050000
7157,-66.629804,0.050000
7158,-106.178865,0.050000
7159,-26.814267,0.050000
7160,-81.644256,0.050000
7161,-111.894939,0.050000
7162,-46.933243,0.050000
7163,-57.957021,0.050000
7164,-96.020372,0.050000
7165,-57.044301,0.050000
7166,-91.721084,0.050000
7167,-37.760443,0.050000
7168,-109.033260,0.050000
7169,-74.320550,0.050000
7170,-81.137889,0.050000
7171,-58.701871,0.050000
7172,-75.777778,0.050000
7173,-77.346958,0.050000
7174,-68.323790,0.050000
7175,-80.239073,0.050000
7176,-41.771761,0.050000
7177,-56.783085,0.050000
7178,-63.947334,0.050000
7179,-65.344309,0.050000
7180,-60.375827,0.050000
7181,-37.043450,0.050000
7182,-112.073445,0.050000
7183,-95.415994,0.050000
7184,-96.244922,0.050000
7185,-84.594215,0.050000
7186,-69.671169,0.050000
7187,-113.987760,0.050000
7188,-98.779680,0.050000
7189,-58.351601,0.050000
7190,-53.020904,0.050000
7191,-64.720484,0.050000
7192,-120.755143,0.050000
7193,-85.831409,0.050000
7194,-140.876727,0.050000
7195,-60.678687,0.050000
7196,-86.892648,0.050000
7197,-87.702184,0.050000
7198,-64.210187,0.050000
7199,-108.295562,0.050000
7200,-159.570511,0.050000
7201,-68.094195,0.050000
7202,-114.719689,0.050000
7203,-53.849151,0.050000
7204,-49.232857,0.050000
7205,-93.512620,0.050000
7206,-85.513953,0.050000
7207,-55.773553,0.050000
7208,-126.941653,0.050000
7209,-75.283854,0.050000
7210,-56.240558,0.050000
7211,-70.694581,0.050000
7212,-77.148915,0.050000
7213,-70.343431,0.050000
7214,-35.215695,0.050000
7215,-110.300743,0.050000
7216,-108.355150,0.050000
7217,-112.704773,0.050000
7218,-40.445992,0.050000
7219,-74.469313,0.050000
7220,-92.387638,0.050000
7221,-51.297247,0.050000
7222,-69.503683,0.050000
7223,-44.420429,0.050000
7224,-37.518662,0.050000
7225,-115.007055,0.050000
7226,-139.073526,0.050000
7227,-62.176638,0.050000
7228,-76.843351,0.050000
7229,-46.574608,0.050000
7230,-104.716583,0.050000
7231,-76.577217,0.050000
7232,-41.375240,0.050000
7233,-56.116762,0.050000
7234,-78.717255,0.050000
7235,-111.892016,0.050000
7236,-114.617158,0.050000
7237,-106.113199,0.050000
7238,-164.207510,0.050000
7239,-134.388618,0.050000
7240,-78.968479,0.050000
7241,-99.850672,0.050000
7242,-93.370410,0.050000
7243,-101.616404,0.050000
7244,-150.299008,0.050000
7245,-91.254016,0.050000
7246,-117.882773,0.050000
7247,-120.316385,0.050000
7248,-76.549756,0.050000
7249,-56.806984,0.050000
7250,-114.552117,0.050000
7251,-101.691864,0.050000
7252,-66.921837,0.050000
7253,-104.988922,0.050000
7254,-70.539565,0.050000
7255,-55.575232,0.050000
7256,-71.289423,0.050000
7257,-86.733331,0.050000
7258,-110.145722,0.050000
7259,-40.967223,0.050000
7260,-87.644304,0.050000
7261,-107.674873,0.050000
7262,-127.443171,0.050000
7263,-83.247137,0.050000
7264,-57.642050,0.050000
7265,-51.782017,0.050000
7266,-99.113607,0.050000
7267,-114.532187,0.050000
7268,-37.314215,0.050000
7269,-69.872464,0.050000
7270,-69.501039,0.050000
7271,-74.710521,0.050000
7272,-127.957391,0.050000
7273,-84.410788,0.050000
7274,-61.496942,0.050000
7275,-79.204897,0.050000
7276,-85.512259,0.050000
7277,-96.389332,0.050000
7278,-99.174734,0.050000
7279,-103.591573,0.050000
7280,-98.709826,0.050000
7281,-88.058557,0.050000
7282,-78.394827,0.050000
7283,-101.327076,0.050000
7284,-62.042218,0.050000
7285,-76.906702,0.050000
7286,-42.542879,0.050000
7287,-75.520981,0.050000
7288,-74.008126,0.050000
7289,-75.585119,0.050000
7290,-66.656405,0.050000
7291,-65.784824,0.050000
7292,-41.495323,0.050000
7293,-48.684820,0.050000
7294,-58.077423,0.050000
7295,-60.901575,0.050000
7296,-103.197649,0.050000
7297,-44.058513,0.050000
7298,-90.820944,0.050000
7299,-88.761420,0.050000
7300,-57.243831,0.050000
7301,-67.328914,0.050000
7302,-123.163091,0.050000
7303,-85.687550,0.050000
7304,-77.174312,0.050000
7305,-37.537592,0.050000
7306,-123.429243,0.050000
7307,-83.519281,0.050000
7308,-64.855036,0.050000
7309,-84.694812,0.050000
7310,-65.716683,0.050000
7311,-72.229153,0.050000
7312,-35.453558,0.050000
7313,-60.721109,0.050000
7314,-91.859885,0.050000
7315,-66.890881,0.050000
7316,-84.243522,0.050000
7317,-86.797537,0.050000
7318,-54.614140,0.050000
7319,-30.642980,0.050000
7320,-66.473244,0.050000
7321,-84.579792,0.050000
7322,-70.481808,0.050000
7323,-57.906635,0.050000
7324,-42.702567,0.050000
7325,-52.809102,0.050000
7326,-62.663585,0.050000
7327,-55.998961,0.050000
7328,-84.288331,0.050000
7329,-33.658364,0.050000
7330,-96.830916,0.050000
7331,-54.915539,0.050000
7332,-55.802642,0.050000
7333,-113.373745,0.050000
7334,-67.675434,0.050000
7335,-80.219153,0.050000
7336,-52.644355,0.050000
7337,-22.910364,0.050000
7338,-98.051212,0.050000
7339,-29.036451,0.050000
7340,-65.424545,0.050000
7341,-50.918604,0.050000
7342,-32.449901,0.050000
7343,-63.620656,0.050000
7344,-58.505846,0.050000
7345,-105.521412,0.050000
7346,-96.720987,0.050000
7347,-99.823243,0.050000
7348,-138.737136,0.050000
7349,-70.111394,0.050000
7350,-64.186385,0.050000
7351,-84.631198,0.050000
7352,-50.227436,0.050000
7353,-71.708710,0.050000
7354,-75.131070,0.050000
7355,-48.910021,0.050000
7356,-103.702368,0.050000
7357,-53.272853,0.050000
7358,-70.858659,0.050000
7359,-119.666157,0.050000
7360,-51.128696,0.050000
7361,-90.844833,0.050000
7362,-63.539409,0.050000
7363,-40.527371,0.050000
7364,-63.794652,0.050000
7365,-77.653655,0.050000
7366,-74.501399,0.050000
7367,-97.339048,0.050000
7368,-65.994775,0.050000
7369,-103.503171,0.050000
7370,-66.590791,0.050000
7371,-93.950438,0.050000
7372,-85.003475,0.050000
7373,-199.913071,0.050000
7374,-56.330924,0.050000
7375,-72.747981,0.050000
7376,-43.277799,0.050000
7377,-106.770386,0.050000
7378,-116.778317,0.050000
7379,-54.896417,0.050000
7380,-42.873825,0.050000
7381,-75.228185,0.050000
7382,-64.840565,0.050000
7383,-69.636793,0.050000
7384,-40.026654,0.050000
7385,-43.258190,0.050000
7386,-73.496813,0.050000
7387,-46.253842,0.050000
7388,-110.079765,0.050000
7389,-107.198572,0.050000
7390,-58.752380,0.050000
7391,-78.058459,0.050000
7392,-66.587286,0.050000
7393,-45.790835,0.050000
7394,-87.452006,0.050000
7395,-55.308858,0.050000
7396,-84.698525,0.050000
7397,-52.214940,0.050000
7398,-53.031986,0.050000
7399,-68.623343,0.050000
7400,-52.471023,0.050000
7401,-147.428340,0.050000
7402,-64.678614,0.050000
7403,-113.049015,0.050000
7404,-77.632372,0.050000
7405,-80.253532,0.050000
7406,-38.600957,0.050000
7407,-77.481350,0.050000
7408,-51.741500,0.050000
7409,-82.138164,0.050000
7410,-71.909673,0.050000
7411,-125.409837,0.050000
7412,-102.522664,0.050000
7413,-100.072700,0.050000
7414,-55.084789,0.050000
7415,-107.394297,0.050000
7416,-94.441189,0.050000
7417,-81.255349,0.050000
7418,-94.191982,0.050000
7419,-134.659968,0.050000
7420,-78.134997,0.050000
7421,-64.804343,0.050000
7422,-62.250706,0.050000
7423,-75.052270,0.050000
7424,-132.104207,0.050000
7425,-37.658827,0.050000
7426,-96.168260,0.050000
7427,-158.773344,0.050000
7428,-110.228541,0.050000
7429,-91.335001,0.050000
7430,-135.043593,0.050000
7431,-153.254116,0.050000
7432,-103.545335,0.050000
7433,-122.035674,0.050000
7434,-108.415142,0.050000
7435,-123.812498,0.050000
7436,-123.802211,0.050000
7437,-135.939744,0.050000
7438,-121.529792,0.050000
7439,-62.686087,0.050000
7440,-96.991174,0.050000
7441,-77.623307,0.050000
7442,-132.041703,0.050000
7443,-42.849096,0.050000
7444,-48.480575,0.050000
7445,-51.553497,0.050000
7446,-99.487072,0.050000
7447,-69.505889,0.050000
7448,-48.337191,0.050000
7449,-138.510225,0.050000
7450,-98.948407,0.050000
7451,-90.828097,0.050000
7452,-48.428157,0.050000
7453,-105.561004,0.050000
7454,-104.412120,0.050000
7455,-149.033848,0.050000
7456,-111.258078,0.050000
7457,-102.887197,0.050000
7458,-113.630316,0.050000
7459,-87.692624,0.050000
7460,-95.352959,0.050000
7461,-86.185261,0.050000
7462,-152.342379,0.050000
7463,-90.660208,0.050000
7464,-58.637964,0.050000
7465,-62.790544,0.050000
7466,-47.145184,0.050000
7467,-79.104298,0.050000
7468,-104.179571,0.050000
7469,-107.073131,0.050000
7470,-81.577608,0.050000
7471,-66.281757,0.050000
7472,-80.798433,0.050000
7473,-106.726359,0.050000
7474,-87.876842,0.050000
7475,-85.557686,0.050000
7476,-59.989797,0.050000
7477,-142.217936,0.050000
7478,-95.710331,0.050000
7479,-58.542972,0.050000
7480,-111.232850,0.050000
7481,-63.845365,0.050000
7482,-139.347050,0.050000
7483,-83.184077,0.050000
7484,-63.708028,0.050000
7485,-37.644764,0.050000
7486,-105.759345,0.050000
7487,-68.562761,0.050000
7488,-97.547066,0.050000
7489,-166.937048,0.050000
7490,-164.367722,0.050000
7491,-88.499821,0.050000
7492,-95.164063,0.050000
7493,-55.150635,0.050000
7494,-105.535693,0.050000
7495,-98.263853,0.050000
7496,-91.476635,0.050000
7497,-73.752880,0.050000
7498,-62.351261,0.050000
7499,-44.758278,0.050000
7500,-133.141945,0.050000
7501,-51.108512,0.050000
7502,-76.036611,0.050000
7503,-88.507285,0.050000
7504,-67.382634,0.050000
7505,-56.098922,0.050000
7506,-84.238013,0.050000
7507,-128.602763,0.050000
7508,-78.025604,0.050000
7509,-131.513914,0.050000
7510,-79.483762,0.050000
7511,-67.345906,0.050000
7512,-51.102064,0.050000
7513,-81.188358,0.050000
7514,-102.190745,0.050000
7515,-92.442695,0.050000
7516,-114.461175,0.050000
7517,-64.571472,0.050000
7518,-44.011094,0.050000
7519,-111.199217,0.050000
7520,-113.050531,0.050000
7521,-90.099752,0.050000
7522,-123.752674,0.050000
7523,-116.596148,0.050000
7524,-114.945783,0.050000
7525,-145.825740,0.050000
7526,-61.339266,0.050000
7527,-36.640034,0.050000
7528,-53.316715,0.050000
7529,-70.132592,0.050000
7530,-171.756987,0.050000
7531,-108.358291,0.050000
7532,-51.420480,0.050000
7533,-147.294893,0.050000
7534,-107.791142,0.050000
7535,-113.243763,0.050000
7536,-127.299874,0.050000
7537,-98.447879,0.050000
7538,-108.711972,0.050000
7539,-101.917880,0.050000
7540,-91.698097,0.050000
7541,-113.790477,0.050000
7542,-137.371756,0.050000
7543,-65.392134,0.050000
7544,-143.138866,0.050000
7545,-109.816769,0.050000
7546,-116.406918,0.050000
7547,-128.626154,0.050000
7548,-121.833008,0.050000
7549,-114.391615,0.050000
7550,-97.023894,0.050000
7551,-90.218652,0.050000
7552,-128.624689,0.050000
7553,-144.171825,0.050000
7554,-73.744988,0.050000
7555,-155.866190,0.050000
7556,-112.892528,0.050000
7557,-98.952731,0.050000
7558,-167.800469,0.050000
7559,-146.503714,0.050000
7560,-138.894715,0.050000
7561,-192.769232,0.050000
7562,-92.351163,0.050000
7563,-85.126113,0.050000
7564,-85.275784,0.050000
7565,-123.985401,0.050000
7566,-104.223774,0.050000
7567,-107.553209,0.050000
7568,-115.778399,0.050000
7569,-160.585347,0.050000
7570,-117.823014,0.050000
7571,-102.151476,0.050000
7572,-140.486911,0.050000
7573,-120.233569,0.050000
7574,-129.556924,0.050000
7575,-44.239238,0.050000
7576,-152.805719,0.050000
7577,-75.686781,0.050000
7578,-97.612396,0.050000
7579,-85.790077,0.050000
7580,-139.091589,0.050000
7581,-77.495334,0.050000
7582,-69.886608,0.050000
7583,-55.763370,0.050000
7584,-158.250565,0.050000
7585,-93.812944,0.050000
7586,-85.695818,0.050000
7587,-103.330860,0.050000
7588,-76.391214,0.050000
7589,-99.273300,0.050000
7590,-76.790482,0.050000
7591,-30.365331,0.050000
7592,-129.697557,0.050000
7593,-151.521225,0.050000
7594,-49.180057,0.050000
7595,-107.446199,0.050000
7596,-169.622983,0.050000
7597,-63.898037,0.050000
7598,-49.080451,0.050000
7599,-76.098088,0.050000
7600,-97.426632,0.050000
7601,-40.652621,0.050000
7602,-159.407213,0.050000
7603,-127.120396,0.050000
7604,-93.517035,0.050000
7605,-70.049711,0.050000
7606,-113.576794,0.050000
7607,-41.255843,0.050000
7608,-133.645557,0.050000
7609,-183.832868,0.050000
7610,-193.458366,0.050000
7611,-145.729225,0.050000
7612,-169.805019,0.050000
7613,-110.266802,0.050000
7614,-75.519080,0.050000
7615,-35.237181,0.050000
7616,-108.003065,0.050000
7617,-77.781843,0.050000
7618,-177.214827,0.050000
7619,-116.272096,0.050000
7620,-112.624128,0.050000
7621,-109.415257,0.050000
7622,-159.636809,0.050000
7623,-138.183677,0.050000
7624,-107.859115,0.050000
7625,-128.669447,0.050000
7626,-103.771144,0.050000
7627,-129.204240,0.050000
7628,-156.375288,0.050000
7629,-144.986912,0.050000
7630,-130.393811,0.050000
7631,-68.544566,0.050000
7632,-37.400610,0.050000
7633,-79.070102,0.050000
7634,-126.996293,0.050000
7635,-129.050136,0.050000
7636,-189.095099,0.050000
7637,-105.452268,0.050000
7638,-129.086270,0.050000
7639,-82.224173,0.050000
7640,-93.737228,0.050000
7641,-45.521541,0.050000
7642,-73.700482,0.050000
7643,-57.970433,0.050000
7644,-88.354197,0.050000
7645,-146.320858,0.050000
7646,-83.016599,0.050000
7647,-80.821681,0.050000
7648,-130.839077,0.050000
7649,-96.476887,0.050000
7650,-101.844494,0.050000
7651,-76.128645,0.050000
7652,-110.882647,0.050000
7653,-90.281888,0.050000
7654,-76.939991,0.050000
7655,-76.776229,0.050000
7656,-105.144851,0.050000
7657,-90.834891,0.050000
7658,-102.731152,0.050000
7659,-78.292967,0.050000
7660,-45.782757,0.050000
7661,-100.047568,0.050000
7662,-103.445693,0.050000
7663,-56.861545,0.050000
7664,-126.224084,0.050000
7665,-110.870400,0.050000
7666,-81.040409,0.050000
7667,-114.778200,0.050000
7668,-108.090089,0.050000
7669,-69.055041,0.050000
7670,-85.740278,0.050000
7671,-58.808443,0.050000
7672,-102.708350,0.050000
7673,-87.801861,0.050000
7674,-163.526798,0.050000
7675,-55.778243,0.050000
7676,-96.050694,0.050000
7677,-46.046164,0.050000
7678,-78.182114,0.050000
7679,-92.419847,0.050000
7680,-74.687780,0.050000
7681,-53.631879,0.050000
7682,-82.767390,0.050000
7683,-92.462342,0.050000
7684,-79.661883,0.050000
7685,-179.488949,0.050000
7686,-78.743117,0.050000
7687,-106.247866,0.050000
7688,-112.376045,0.050000
7689,-57.006711,0.050000
7690,-72.098058,0.050000
7691,-79.074600,0.050000
7692,-23.554792,0.050000
7693,-76.417097,0.050000
7694,-72.697864,0.050000
7695,-136.174595,0.050000
7696,-88.073229,0.050000
7697,-139.907311,0.050000
7698,-160.936290,0.050000
7699,-87.565933,0.050000
7700,-106.740751,0.050000
7701,-80.751210,0.050000
7702,-103.588619,0.050000
7703,-80.672457,0.050000
7704,-125.435594,0.050000
7705,-67.300019,0.050000
7706,-64.542676,0.050000
7707,-76.851607,0.050000
7708,-88.760877,0.050000
7709,-121.535779,0.050000
7710,-151.850707,0.050000
7711,-115.369762,0.050000
7712,-103.239331,0.050000
7713,-63.876580,0.050000
7714,-147.733392,0.050000
7715,-80.385301,0.050000
7716,-47.894032,0.050000
7717,-142.565276,0.050000
7718,-108.457578,0.050000
7719,-119.907356,0.050000
7720,-84.761482,0.050000
7721,-59.295592,0.050000
7722,-101.765394,0.050000
7723,-134.096818,0.050000
7724,-130.870411,0.050000
7725,-64.837323,0.050000
7726,-50.948681,0.050000
7727,-81.505493,0.050000
7728,-102.148755,0.050000
7729,-89.674732,0.050000
7730,-64.762578,0.050000
7731,-70.613900,0.050000
7732,-67.597207,0.050000
7733,-62.232406,0.050000
7734,-73.764094,0.050000
7735,-98.658425,0.050000
7736,-58.396463,0.050000
7737,-107.350041,0.050000
7738,-88.553536,0.050000
7739,-15.193668,0.050000
7740,-113.504911,0.050000
7741,-78.026986,0.050000
7742,-60.174104,0.050000
7743,-65.377709,0.050000
7744,-117.404872,0.050000
7745,-75.835913,0.050000
7746,-151.874849,0.050000
7747,-72.126894,0.050000
7748,-116.330401,0.050000
7749,-132.639202,0.050000
7750,-73.142350,0.050000
7751,-68.177359,0.050000
7752,-92.628799,0.050000
7753,-127.097529,0.050000
7754,-92.777873,0.050000
7755,-69.568797,0.050000
7756,-62.911121,0.050000
7757,-48.963764,0.050000
7758,-118.902578,0.050000
7759,-120.350378,0.050000
7760,-105.704754,0.050000
7761,-84.268475,0.050000
7762,-98.698502,0.050000
7763,-101.392805,0.050000
7764,-116.756802,0.050000
7765,-110.331056,0.050000
7766,-55.097905,0.050000
7767,-92.197873,0.050000
7768,-93.086302,0.050000
7769,-139.967830,0.050000
7770,-97.783774,0.050000
7771,-19.182255,0.050000
7772,-133.756157,0.050000
7773,-96.870075,0.050000
7774,-80.803257,0.050000
7775,-101.896062,0.050000
7776,-104.979868,0.050000
7777,-118.211380,0.050000
7778,-18.145926,0.050000
7779,-53.130802,0.050000
7780,-90.463105,0.050000
7781,-144.260997,0.050000
7782,-64.674682,0.050000
7783,-96.833324,0.050000
7784,-59.299494,0.050000
7785,-77.068074,0.050000
7786,-73.228907,0.050000
7787,-36.538278,0.050000
7788,-106.547112,0.050000
7789,-132.287473,0.050000
7790,-83.920299,0.050000
7791,-36.709167,0.050000
7792,-133.217730,0.050000
7793,-148.875506,0.050000
7794,-109.814745,0.050000
7795,-60.889543,0.050000
7796,-58.695915,0.050000
7797,-33.512982,0.050000
7798,-103.186349,0.050000
7799,-68.403045,0.050000
7800,-124.589464,0.050000
7801,-56.923053,0.050000
7802,-97.658303,0.050000
7803,-73.065194,0.050000
7804,-78.694279,0.050000
7805,-99.617355,0.050000
7806,-123.165705,0.050000
7807,-85.700378,0.050000
7808,-85.626684,0.050000
7809,-106.592444,0.050000
7810,-38.564028,0.050000
7811,-124.033268,0.050000
7812,-58.447452,0.050000
7813,-30.170033,0.050000
7814,-74.993319,0.050000
7815,-131.563814,0.050000
7816,-128.966503,0.050000
7817,-153.879771,0.050000
7818,-85.733846,0.050000
7819,-45.871549,0.050000
7820,-68.227023,0.050000
7821,-57.046658,0.050000
7822,-29.322189,0.050000
7823,-76.926064,0.050000
7824,-64.257023,0.050000
7825,-47.413611,0.050000
7826,-45.890541,0.050000
7827,-37.580156,0.050000
7828,-109.330885,0.050000
7829,-67.610291,0.050000
7830,-110.617027,0.050000
7831,-52.867835,0.050000
7832,-134.501822,0.050000
7833,-117.148636,0.050000
7834,-79.699061,0.050000
7835,-125.328419,0.050000
7836,-59.648205,0.050000
7837,-116.113066,0.050000
7838,-73.045148,0.050000
7839,-65.455276,0.050000
7840,-36.420651,0.050000
7841,-64.484307,0.050000
7842,-61.121351,0.050000
7843,-95.905509,0.050000
7844,-106.060942,0.050000
7845,-56.843201,0.050000
7846,-88.419744,0.050000
7847,-52.357194,0.050000
7848,-109.416182,0.050000
7849,-115.781956,0.050000
7850,-80.539625,0.050000
7851,-120.033833,0.050000
7852,-78.003882,0.050000
7853,-31.677187,0.050000
7854,-130.483099,0.050000
7855,-53.596724,0.050000
7856,-93.104477,0.050000
7857,-69.218522,0.050000
7858,-58.591350,0.050000
7859,-90.079104,0.050000
7860,-87.088901,0.050000
7861,-71.634320,0.050000
7862,-11.498789,0.050000
7863,-79.212743,0.050000
7864,-94.251404,0.050000
7865,-155.434427,0.050000
7866,-39.682484,0.050000
7867,-159.460004,0.050000
7868,-65.669475,0.050000
7869,-106.567057,0.050000
7870,-67.203133,0.050000
7871,-137.779839,0.050000
7872,-80.848526,0.050000
7873,-134.892113,0.050000
7874,-66.661227,0.050000
7875,-42.375017,0.050000
7876,-106.063074,0.050000
7877,-96.113914,0.050000
7878,-45.564766,0.050000
7879,-66.222308,0.050000
7880,-133.054143,0.050000
7881,-73.771843,0.050000
7882,-145.147351,0.050000
7883,-73.995656,0.050000
7884,-78.313235,0.050000
7885,-32.630187,0.050000
7886,-86.397436,0.050000
7887,-75.549450,0.050000
7888,-98.521366,0.050000
7889,-102.782267,0.050000
7890,-110.965067,0.050000
7891,-125.658285,0.050000
7892,-42.464773,0.050000
7893,-111.158665,0.050000
7894,-85.912851,0.050000
7895,-76.691686,0.050000
7896,-141.538913,0.050000
7897,-101.786488,0.050000
7898,-66.755878,0.050000
7899,-112.462947,0.050000
7900,-155.784291,0.050000
7901,-26.560896,0.050000
7902,-87.603183,0.050000
7903,-103.887182,0.050000
7904,-107.333692,0.050000
7905,-88.023562,0.050000
7906,-135.491661,0.050000
7907,-48.145824,0.050000
7908,-32.210075,0.050000
7909,-64.043967,0.050000
7910,-116.345070,0.050000
7911,-108.797577,0.050000
7912,-89.579608,0.050000
7913,-49.232082,0.050000
7914,-95.348322,0.050000
7915,-74.235840,0.050000
7916,-109.374728,0.050000
7917,-47.764748,0.050000
7918,-46.702256,0.050000
7919,-101.723457,0.050000
7920,-59.161116,0.050000
7921,-20.526400,0.050000
7922,-157.757324,0.050000
7923,-84.359636,0.050000
7924,-73.077942,0.050000
7925,-78.690084,0.050000
7926,-98.675096,0.050000
7927,-44.250210,0.050000
7928,-113.664101,0.050000
7929,-101.526044,0.050000
7930,-57.972320,0.050000
7931,-101.450061,0.050000
7932,-126.417198,0.050000
7933,-68.887826,0.050000
7934,-98.230493,0.050000
7935,-96.020279,0.050000
7936,-14.528439,0.050000
7937,-57.724226,0.050000
7938,-49.386126,0.050000
7939,-53.207567,0.050000
7940,-178.070744,0.050000
7941,-90.458263,0.050000
7942,-34.626400,0.050000
7943,-91.954430,0.050000
7944,-75.014678,0.050000
7945,-66.678999,0.050000
7946,-101.799104,0.050000
7947,-81.568417,0.050000
7948,-139.779842,0.050000
7949,-45.291314,0.050000
7950,-97.385806,0.050000
7951,-124.432440,0.050000
7952,-30.882148,0.050000
7953,-5.931820,0.050000
7954,-86.105811,0.050000
7955,-38.917453,0.050000
7956,-104.205560,0.050000
7957,-51.706913,0.050000
7958,-69.836339,0.050000
7959,-73.469142,0.050000
7960,-69.365353,0.050000
7961,-78.455413,0.050000
7962,-111.255409,0.050000
7963,-37.652198,0.050000
7964,-56.409176,0.050000
7965,-51.952775,0.050000
7966,-60.693423,0.050000
7967,-85.583569,0.050000
7968,-105.851701,0.050000
7969,-73.971348,0.050000
7970,-97.988046,0.050000
7971,-39.953972,0.050000
7972,-109.008868,0.050000
7973,-121.897129,0.050000
7974,-98.514790,0.050000
7975,-30.424897,0.050000
7976,-84.885163,0.050000
7977,-111.432313,0.050000
7978,-56.626222,0.050000
7979,-105.021005,0.050000
7980,-105.798179,0.050000
7981,-78.244407,0.050000
7982,-158.954068,0.050000
7983,-48.471920,0.050000
7984,-30.765367,0.050000
7985,-19.621657,0.050000
7986,-102.466956,0.050000
7987,-83.155231,0.050000
7988,-142.250567,0.050000
7989,-150.615656,0.050000
7990,-58.569691,0.050000
7991,-101.451100,0.050000
7992,-51.361894,0.050000
7993,-28.088362,0.050000
7994,-50.397511,0.050000
7995,-62.797671,0.050000
7996,-88.203427,0.050000
7997,-69.128167,0.050000
7998,-83.032849,0.050000
7999,-48.178592,0.050000
8000,-122.204732,0.050000
8001,-9.571028,0.050000
8002,-78.175534,0.050000
8003,-139.391332,0.050000
8004,-109.575495,0.050000
8005,-93.751699,0.050000
8006,-25.833738,0.050000
8007,-117.635364,0.050000
8008,-84.302912,0.050000
8009,-85.980540,0.050000
8010,-150.668102,0.050000
8011,-69.764439,0.050000
8012,-98.074391,0.050000
8013,-158.715178,0.050000
8014,-104.481146,0.050000
8015,-91.010282,0.050000
8016,-146.473114,0.050000
8017,-116.385963,0.050000
8018,-17.956213,0.050000
8019,-68.882251,0.050000
8020,-19.637147,0.050000
8021,-69.867239,0.050000
8022,-51.718816,0.050000
8023,-69.877552,0.050000
8024,-183.613245,0.050000
8025,-75.506929,0.050000
8026,-73.824782,0.050000
8027,-107.316071,0.050000
8028,-93.074903,0.050000
8029,-70.165435,0.050000
8030,-86.173687,0.050000
8031,-80.508505,0.050000
8032,-137.992313,0.050000
8033,-66.412863,0.050000
8034,-79.653678,0.050000
8035,-19.500097,0.050000
8036,-80.941392,0.050000
8037,-130.482754,0.050000
8038,-134.306616,0.050000
8039,-171.625064,0.050000
8040,-124.449223,0.050000
8041,-105.558477,0.050000
8042,-20.228447,0.050000
8043,-43.084114,0.050000
8044,-133.520434,0.050000
8045,-76.241738,0.050000
8046,-59.820645,0.050000
8047,-89.001285,0.050000
8048,-133.145774,0.050000
8049,-47.268392,0.050000
8050,-50.654783,0.050000
8051,-83.505931,0.050000
8052,-44.331633,0.050000
8053,-62.866400,0.050000
8054,-112.276652,0.050000
8055,-120.262813,0.050000
8056,-11.270746,0.050000
8057,-64.313976,0.050000
8058,-92.996211,0.050000
8059,-61.761723,0.050000
8060,-54.067819,0.050000
8061,-79.303785,0.050000
8062,-61.608538,0.050000
8063,-91.509253,0.050000
8064,-55.843572,0.050000
8065,-35.320467,0.050000
8066,-54.792225,0.050000
8067,-99.837538,0.050000
8068,-24.347794,0.050000
8069,-62.675638,0.050000
8070,-161.435410,0.050000
8071,-78.592856,0.050000
8072,-60.936912,0.050000
8073,-115.367845,0.050000
8074,-74.721111,0.050000
8075,-63.734169,0.050000
8076,-64.688418,0.050000
8077,-131.624663,0.050000
8078,-93.797306,0.050000
8079,-122.752094,0.050000
8080,-79.920333,0.050000
8081,-75.515961,0.050000
8082,-48.115057,0.050000
8083,-94.293436,0.050000
8084,-135.268525,0.050000
8085,-84.900976,0.050000
8086,-69.822992,0.050000
8087,-94.774822,0.050000
8088,-70.115772,0.050000
8089,-68.522701,0.050000
8090,-52.712428,0.050000
8091,-68.661306,0.050000
8092,-92.143600,0.050000
8093,-82.940863,0.050000
8094,-34.455141,0.050000
8095,-77.889018,0.050000
8096,-121.989974,0.050000
8097,-52.362693,0.050000
8098,-154.515837,0.050000
8099,-132.237141,0.050000
8100,-92.543149,0.050000
8101,-79.432398,0.050000
8102,-95.757805,0.050000
8103,-24.747290,0.050000
8104,-96.841236,0.050000
8105,-66.458075,0.050000
8106,-105.804068,0.050000
8107,-69.161115,0.050000
8108,-103.533425,0.050000
8109,-74.614883,0.050000
8110,-52.587537,0.050000
8111,-34.730547,0.050000
8112,-75.917978,0.050000
8113,-86.487260,0.050000
8114,-39.497404,0.050000
8115,-63.779607,0.050000
8116,-115.698569,0.050000
8117,-72.213371,0.050000
8118,-105.745401,0.050000
8119,-65.816946,0.050000
8120,-85.686883,0.050000
8121,-77.078600,0.050000
8122,-133.278857,0.050000
8123,-71.617821,0.050000
8124,-122.884411,0.050000
8125,-89.659599,0.050000
8126,-120.369952,0.050000
8127,-70.398832,0.050000
8128,-76.479998,0.050000
8129,-147.475208,0.050000
8130,-81.884541,0.050000
8131,-87.102664,0.050000
8132,-98.037972,0.050000
8133,-126.661115,0.050000
8134,-147.923670,0.050000
8135,-70.723157,0.050000
8136,-74.194798,0.050000
8137,-116.038573,0.050000
8138,-65.980353,0.050000
8139,-73.674237,0.050000
8140,-55.184482,0.050000
8141,-54.593555,0.050000
8142,-59.068685,0.050000
8143,-64.079738,0.050000
8144,-78.162111,0.050000
8145,-133.103137,0.050000
8146,-123.417354,0.050000
8147,-77.202057,0.050000
8148,-83.705557,0.050000
8149,-54.437162,0.050000
8150,-78.097525,0.050000
8151,-82.909291,0.050000
8152,-119.748563,0.050000
8153,-75.996479,0.050000
8154,-62.729702,0.050000
8155,-78.125398,0.050000
8156,-82.433543,0.050000
8157,-112.466976,0.050000
8158,-52.633641,0.050000
8159,-60.469081,0.050000
8160,-59.832387,0.050000
8161,-125.883632,0.050000
8162,-121.820923,0.050000
8163,-54.906081,0.050000
8164,-105.143449,0.050000
8165,-92.486478,0.050000
8166,-90.101725,0.050000
8167,-96.211251,0.050000
8168,-111.895670,0.050000
8169,-105.355969,0.050000
8170,-63.978405,0.050000
8171,-118.576793,0.050000
8172,-103.196403,0.050000
8173,-193.648432,0.050000
8174,-115.072952,0.050000
8175,-164.756258,0.050000
8176,-53.738351,0.050000
8177,-140.630223,0.050000
8178,-93.439541,0.050000
8179,-92.675237,0.050000
8180,-118.186010,0.050000
8181,-94.005424,0.050000
8182,-52.105648,0.050000
8183,-142.201626,0.050000
8184,-82.549673,0.050000
8185,-88.501938,0.050000
8186,-121.799997,0.050000
8187,-85.468875,0.050000
8188,-76.356837,0.050000
8189,-61.650834,0.050000
8190,-117.826742,0.050000
8191,-151.230828,0.050000
8192,-98.793985,0.050000
8193,-81.506850,0.050000
8194,-80.686450,0.050000
8195,-50.676465,0.050000
8196,-120.073305,0.050000
8197,-120.353031,0.050000
8198,-136.909903,0.050000
8199,-97.240307,0.050000
8200,-95.469606,0.050000
8201,-52.506488,0.050000
8202,-124.740112,0.050000
8203,-134.582585,0.050000
8204,-121.756535,0.050000
8205,-76.040453,0.050000
8206,-86.825739,0.050000
8207,-127.924406,0.050000
8208,-108.561401,0.050000
8209,-82.242090,0.050000
8210,-111.331943,0.050000
8211,-90.987684,0.050000
8212,-84.638405,0.050000
8213,-142.882481,0.050000
8214,-69.278763,0.050000
8215,-88.474029,0.050000
8216,-69.905941,0.050000
8217,-81.426892,0.050000
8218,-69.942955,0.050000
8219,-73.053485,0.050000
8220,-59.916363,0.050000
8221,-93.683140,0.050000
8222,-77.406091,0.050000
8223,-86.298688,0.050000
8224,-148.829738,0.050000
8225,-162.530645,0.050000
8226,-62.524378,0.050000
8227,-101.657961,0.050000
8228,-99.569011,0.050000
8229,-57.175854,0.050000
8230,-43.566732,0.050000
8231,-121.740502,0.050000
8232,-89.459542,0.050000
8233,-104.592289,0.050000
8234,-66.728731,0.050000
8235,-70.535447,0.050000
8236,-67.246385,0.050000
8237,-82.603479,0.050000
8238,-73.283402,0.050000
8239,-99.404706,0.050000
8240,-65.425682,0.050000
8241,-41.947125,0.050000
8242,-90.185867,0.050000
8243,-166.087874,0.050000
8244,-98.544395,0.050000
8245,-99.453194,0.050000
8246,-138.779824,0.050000
8247,-61.138036,0.050000
8248,-106.694027,0.050000
8249,-80.282514,0.050000
8250,-78.907457,0.050000
8251,-54.245150,0.050000
8252,-89.646999,0.050000
8253,-107.481705,0.050000
8254,-117.283229,0.050000
8255,-107.904051,0.050000
8256,-98.155338,0.050000
8257,-41.781786,0.050000
8258,-80.559611,0.050000
8259,-47.976285,0.050000
8260,-57.261483,0.050000
8261,-73.466347,0.050000
8262,-94.219329,0.050000
8263,-117.656937,0.050000
8264,-52.903719,0.050000
8265,-135.147843,0.050000
8266,-103.340114,0.050000
8267,-126.042366,0.050000
8268,-52.585891,0.050000
8269,-99.343696,0.050000
8270,-75.318919,0.050000
8271,-115.745609,0.050000
8272,-73.128848,0.050000
8273,-126.898978,0.050000
8274,-94.155285,0.050000
8275,-88.797180,0.050000
8276,-121.535506,0.050000
8277,-123.504528,0.050000
8278,-141.495962,0.050000
8279,-115.645303,0.050000
8280,-71.829698,0.050000
8281,-110.416244,0.050000
8282,-41.596140,0.050000
8283,-106.942478,0.050000
8284,-123.466849,0.050000
8285,-96.944257,0.050000
8286,-79.972076,0.050000
8287,-72.947989,0.050000
8288,-78.279831,0.050000
8289,-122.938849,0.050000
8290,-66.854740,0.050000
8291,-110.081900,0.050000
8292,-48.204113,0.050000
8293,-65.661761,0.050000
8294,-88.484279,0.050000
8295,-101.874305,0.050000
8296,-102.051483,0.050000
8297,-119.007513,0.050000
8298,-74.222665,0.050000
8299,-89.374493,0.050000
8300,-87.940199,0.050000
8301,-102.554318,0.050000
8302,-92.492858,0.050000
8303,-78.005266,0.050000
8304,-92.993399,0.050000
8305,-35.591384,0.050000
8306,-74.885089,0.050000
8307,-53.565538,0.050000
8308,-63.098622,0.050000
8309,-80.678595,0.050000
8310,-115.041045,0.050000
8311,-55.669044,0.050000
8312,-69.611239,0.050000
8313,-56.442147,0.050000
8314,-70.659000,0.050000
8315,-109.276226,0.050000
8316,-111.452443,0.050000
8317,-122.978857,0.050000
8318,-74.704980,0.050000
8319,-93.726763,0.050000
8320,-171.152772,0.050000
8321,-151.931251,0.050000
8322,-71.919039,0.050000
8323,-93.759612,0.050000
8324,-124.560022,0.050000
8325,-83.797276,0.050000
8326,-82.915141,0.050000
8327,-86.354981,0.050000
8328,-93.264846,0.050000
8329,-108.451182,0.050000
8330,-149.420888,0.050000
8331,-143.050276,0.050000
8332,-68.028594,0.050000
8333,-113.210402,0.050000
8334,-110.796296,0.050000
8335,-107.177539,0.050000
8336,-110.155793,0.050000
8337,-103.340465,0.050000
8338,-128.613293,0.050000
8339,-39.523437,0.050000
8340,-102.748707,0.050000
8341,-71.309555,0.050000
8342,-93.680903,0.050000
8343,-108.584205,0.050000
8344,-100.688202,0.050000
8345,-73.233114,0.050000
8346,-85.321642,0.050000
8347,-75.756271,0.050000
8348,-77.884792,0.050000
8349,-131.356149,0.050000
8350,-94.032621,0.050000
8351,-97.851462,0.050000
8352,-99.730195,0.050000
8353,-75.149907,0.050000
8354,-73.278426,0.050000
8355,-111.828158,0.050000
8356,-83.118600,0.050000
8357,-117.005387,0.050000
8358,-86.773984,0.050000
8359,-120.646090,0.050000
8360,-90.363089,0.050000
8361,-113.400161,0.050000
8362,-57.868739,0.050000
8363,-56.944559,0.050000
8364,-115.382501,0.050000
8365,-93.123787,0.050000
8366,-58.661031,0.050000
8367,-57.630614,0.050000
8368,-115.768407,0.050000
8369,-79.312119,0.050000
8370,-59.702874,0.050000
8371,-103.912135,0.050000
8372,-61.369957,0.050000
8373,-128.159978,0.050000
8374,-79.868920,0.050000
8375,-115.608382,0.050000
8376,-138.386452,0.050000
8377,-80.201849,0.050000
8378,-48.581397,0.050000
8379,-44.694605,0.050000
8380,-135.055781,0.050000
8381,-112.748751,0.050000
8382,-74.135033,0.050000
8383,-135.504232,0.050000
8384,-70.337043,0.050000
8385,-84.170121,0.050000
8386,-122.854271,0.050000
8387,-143.687839,0.050000
8388,-155.873182,0.050000
8389,-120.434845,0.050000
8390,-121.634906,0.050000
8391,-56.666263,0.050000
8392,-134.831672,0.050000
8393,-103.115582,0.050000
8394,-60.701375,0.050000
8395,-84.420610,0.050000
8396,-90.195802,0.050000
8397,-111.917118,0.050000
8398,-79.087553,0.050000
8399,-131.114826,0.050000
8400,-188.690404,0.050000
8401,-38.249872,0.050000
8402,-167.996671,0.050000
8403,-79.729186,0.050000
8404,-129.578235,0.050000
8405,-111.406246,0.050000
8406,-105.936276,0.050000
8407,-181.797470,0.050000
8408,-144.220773,0.050000
8409,-162.155506,0.050000
8410,-136.129977,0.050000
8411,-31.464659,0.050000
8412,-152.545846,0.050000
8413,-140.803500,0.050000
8414,-142.705155,0.050000
8415,-156.609069,0.050000
8416,-92.441175,0.050000
8417,-165.187395,0.050000
8418,-98.743845,0.050000
8419,-69.558554,0.050000
8420,-152.723591,0.050000
8421,-168.237203,0.050000
8422,-114.556462,0.050000
8423,-141.395044,0.050000
8424,-158.920821,0.050000
8425,-72.518064,0.050000
8426,-100.780431,0.050000
8427,-181.072986,0.050000
8428,-111.050777,0.050000
8429,-156.617237,0.050000
8430,-58.494077,0.050000
8431,-93.637015,0.050000
8432,-123.597040,0.050000
8433,-91.508839,0.050000
8434,-75.013664,0.050000
8435,-133.077273,0.050000
8436,-147.024936,0.050000
8437,-102.488208,0.050000
8438,-92.672558,0.050000
8439,-171.058196,0.050000
8440,-168.851540,0.050000
8441,-46.730737,0.050000
8442,-112.516871,0.050000
8443,-152.527558,0.050000
8444,-80.266040,0.050000
8445,-100.140241,0.050000
8446,-104.857384,0.050000
8447,-115.990434,0.050000
8448,-166.194813,0.050000
8449,-172.216417,0.050000
8450,-90.152162,0.050000
8451,-133.392458,0.050000
8452,-147.531135,0.050000
8453,-174.740086,0.050000
8454,-46.423696,0.050000
8455,-111.110647,0.050000
8456,-105.367461,0.050000
8457,-132.348475,0.050000
8458,-130.778586,0.050000
8459,-96.658171,0.050000
8460,-87.026504,0.050000
8461,-123.463332,0.050000
8462,-88.846904,0.050000
8463,-37.627041,0.050000
8464,-69.465177,0.050000
8465,-85.632436,0.050000
8466,-178.181419,0.050000
8467,-86.889487,0.050000
8468,-114.879157,0.050000
8469,-138.790243,0.050000
8470,-56.083156,0.050000
8471,-98.206294,0.050000
8472,-79.608150,0.050000
8473,-116.805673,0.050000
8474,-130.834295,0.050000
8475,-35.770604,0.050000
8476,-43.133105,0.050000
8477,-226.696304,0.050000
8478,-111.677105,0.050000
8479,-119.520523,0.050000
8480,-77.471629,0.050000
8481,-171.240579,0.050000
8482,-113.718169,0.050000
8483,-141.675360,0.050000
8484,-223.854804,0.050000
8485,-158.122809,0.050000
8486,-106.608625,0.050000
8487,-115.537335,0.050000
8488,-85.486784,0.050000
8489,-109.792679,0.050000
8490,-147.690363,0.050000
8491,-72.440225,0.050000
8492,-134.234638,0.050000
8493,-155.662235,0.050000
8494,-96.031990,0.050000
8495,-119.082421,0.050000
8496,-112.570383,0.050000
8497,-89.475724,0.050000
8498,-95.292197,0.050000
8499,-172.414662,0.050000
8500,-180.984427,0.050000
8501,-82.519650,0.050000
8502,-145.515706,0.050000
8503,-37.811374,0.050000
8504,-58.868772,0.050000
8505,-26.765072,0.050000
8506,-140.774117,0.050000
8507,-107.336856,0.050000
8508,-131.966294,0.050000
8509,-96.068547,0.050000
8510,-88.529801,0.050000
8511,-112.831344,0.050000
8512,-152.819355,0.050000
8513,-107.241191,0.050000
8514,-167.076326,0.050000
8515,-85.773123,0.050000
8516,-84.406072,0.050000
8517,-118.151011,0.050000
8518,-87.012568,0.050000
8519,-99.741593,0.050000
8520,-157.930261,0.050000
8521,-79.021669,0.050000
8522,-134.297776,0.050000
8523,-157.351660,0.050000
8524,-104.997792,0.050000
8525,-110.369439,0.050000
8526,-44.471562,0.050000
8527,-154.221417,0.050000
8528,-58.358932,0.050000
8529,-105.540522,0.050000
8530,-67.426490,0.050000
8531,-170.448974,0.050000
8532,-87.812713,0.050000
8533,-116.097726,0.050000
8534,-103.103267,0.050000
8535,-179.671912,0.050000
8536,-146.067234,0.050000
8537,-113.475474,0.050000
8538,-135.948891,0.050000
8539,-84.782828,0.050000
8540,-113.208431,0.050000
8541,-116.375371,0.050000
8542,-188.571589,0.050000
8543,-56.420258,0.050000
8544,-77.823541,0.050000
8545,-91.651366,0.050000
8546,-100.768056,0.050000
8547,-132.194767,0.050000
8548,-131.199189,0.050000
8549,-99.665742,0.050000
8550,-124.012646,0.050000
8551,-107.365297,0.050000
8552,-95.536297,0.050000
8553,-96.932796,0.050000
8554,-115.064297,0.050000
8555,-85.164561,0.050000
8556,-162.283537,0.050000
8557,-69.425447,0.050000
8558,-108.926216,0.050000
8559,-77.444274,0.050000
8560,-128.360703,0.050000
8561,-108.893259,0.050000
8562,-95.075319,0.050000
8563,-142.577332,0.050000
8564,-154.465357,0.050000
8565,-67.265912,0.050000
8566,-181.245109,0.050000
8567,-103.340255,0.050000
8568,-110.079690,0.050000
8569,-160.538648,0.050000
8570,-128.207535,0.050000
8571,-157.163645,0.050000
8572,-88.303149,0.050000
8573,-148.410321,0.050000
8574,-110.428777,0.050000
8575,-117.291825,0.050000
8576,-82.394377,0.050000
8577,-96.890995,0.050000
8578,-95.028417,0.050000
8579,-132.041183,0.050000
8580,-130.410500,0.050000
8581,-119.359167,0.050000
8582,-118.723295,0.050000
8583,-105.063495,0.050000
8584,-71.531917,0.050000
8585,-126.591418,0.050000
8586,-87.941960,0.050000
8587,-58.201859,0.050000
8588,-126.505637,0.050000
8589,-135.508338,0.050000
8590,-92.313636,0.050000
8591,-108.095865,0.050000
8592,-135.111749,0.050000
8593,-82.701997,0.050000
8594,-68.964262,0.050000
8595,-165.123784,0.050000
8596,-117.630339,0.050000
8597,-41.420362,0.050000
8598,-47.708822,0.050000
8599,-247.890089,0.050000
8600,-112.263137,0.050000
8601,-92.812993,0.050000
8602,-85.116442,0.050000
8603,-111.985813,0.050000
8604,-85.037334,0.050000
8605,-147.190912,0.050000
8606,-196.897333,0.050000
8607,-144.218193,0.050000
8608,-131.518066,0.050000
8609,-163.138688,0.050000
8610,-145.639338,0.050000
8611,-136.617953,0.050000
8612,-119.349430,0.050000
8613,-170.816010,0.050000
8614,-188.605184,0.050000
8615,-99.614884,0.050000
8616,-158.485757,0.050000
8617,-159.529701,0.050000
8618,-138.957433,0.050000
8619,-117.977467,0.050000
8620,-257.597497,0.050000
8621,-66.047479,0.050000
8622,-193.893305,0.050000
8623,-118.672669,0.050000
8624,-180.166196,0.050000
8625,-75.858362,0.050000
8626,-80.742794,0.050000
8627,-150.504012,0.050000
8628,-92.343078,0.050000
8629,-191.086724,0.050000
8630,-195.621042,0.050000
8631,-179.257591,0.050000
8632,-59.908295,0.050000
8633,-155.476324,0.050000
8634,-124.324831,0.050000
8635,-161.010834,0.050000
8636,-205.638497,0.050000
8637,-164.983424,0.050000
8638,-156.911363,0.050000
8639,-176.988572,0.050000
8640,-116.863273,0.050000
8641,-159.075642,0.050000
8642,-104.990376,0.050000
8643,-119.114438,0.050000
8644,-164.281684,0.050000
8645,-125.080495,0.050000
8646,-136.358375,0.050000
8647,-95.138225,0.050000
8648,-132.491198,0.050000
8649,-158.666414,0.050000
8650,-164.038804,0.050000
8651,-94.401703,0.050000
8652,-109.268379,0.050000
8653,-113.459308,0.050000
8654,-128.115073,0.050000
8655,-127.802290,0.050000
8656,-143.113736,0.050000
8657,-151.285475,0.050000
8658,-123.480767,0.050000
8659,-111.987376,0.050000
8660,-56.448587,0.050000
8661,-178.361999,0.050000
8662,-115.296066,0.050000
8663,-55.145284,0.050000
8664,-191.198237,0.050000
8665,-164.764298,0.050000
8666,-130.569916,0.050000
8667,-103.225758,0.050000
8668,-136.696511,0.050000
8669,-114.425368,0.050000
8670,-101.958551,0.050000
8671,-78.305448,0.050000
8672,-146.582368,0.050000
8673,-134.800031,0.050000
8674,-174.570537,0.050000
8675,-165.567965,0.050000
8676,-55.769790,0.050000
8677,-117.091934,0.050000
8678,-89.619228,0.050000
8679,-166.243245,0.050000
8680,-134.842884,0.050000
8681,-74.442746,0.050000
8682,-116.700639,0.050000
8683,-157.660044,0.050000
8684,-107.131050,0.050000
8685,-124.331931,0.050000
8686,-118.947186,0.050000
8687,-115.362977,0.050000
8688,-97.557247,0.050000
8689,-100.362290,0.050000
8690,-133.178723,0.050000
8691,-129.255025,0.050000
8692,-96.899617,0.050000
8693,-90.968131,0.050000
8694,-82.306764,0.050000
8695,-67.832818,0.050000
8696,-101.058860,0.050000
8697,-226.212597,0.050000
8698,-91.839053,0.050000
8699,-138.392483,0.050000
8700,-141.652076,0.050000
8701,-112.486039,0.050000
8702,-126.237079,0.050000
8703,-111.844449,0.050000
8704,-195.418673,0.050000
8705,-112.126114,0.050000
8706,-123.958031,0.050000
8707,-126.357879,0.050000
8708,-69.911557,0.050000
8709,-181.978444,0.050000
8710,-83.838106,0.050000
8711,-113.668610,0.050000
8712,-124.731100,0.050000
8713,-107.058584,0.050000
8714,-91.224037,0.050000
8715,-104.679269,0.050000
8716,-70.560721,0.050000
8717,-135.190694,0.050000
8718,-112.558182,0.050000
8719,-91.880258,0.050000
8720,-98.216243,0.050000
8721,-76.990694,0.050000
8722,-60.925109,0.050000
8723,-110.466626,0.050000
8724,-139.876689,0.050000
8725,-114.004902,0.050000
8726,-135.702452,0.050000
8727,-125.888886,0.050000
8728,-107.898571,0.050000
8729,-156.806411,0.050000
8730,-128.138878,0.050000
8731,-120.280012,0.050000
8732,-88.458869,0.050000
8733,-73.756299,0.050000
8734,-112.719477,0.050000
8735,-99.001421,0.050000
8736,-69.083905,0.050000
8737,-136.290669,0.050000
8738,-111.089456,0.050000
8739,-121.417111,0.050000
8740,-145.958549,0.050000
8741,-78.246551,0.050000
8742,-140.841969,0.050000
8743,-98.902306,0.050000
8744,-46.356834,0.050000
8745,-91.441192,0.050000
8746,-43.142105,0.050000
8747,-131.806860,0.050000
8748,-124.504267,0.050000
8749,-86.393284,0.050000
8750,-134.668413,0.050000
8751,-131.929708,0.050000
8752,-63.190419,0.050000
8753,-99.274961,0.050000
8754,-161.730360,0.050000
8755,-125.094784,0.050000
8756,-74.897625,0.050000
8757,-128.651376,0.050000
8758,-105.572915,0.050000
8759,-139.983489,0.050000
8760,-58.410806,0.050000
8761,-51.799461,0.050000
8762,-154.186378,0.050000
8763,-133.404955,0.050000
8764,-88.163860,0.050000
8765,-159.719501,0.050000
8766,-70.438000,0.050000
8767,-127.952543,0.050000
8768,-89.319290,0.050000
8769,-97.716157,0.050000
8770,-113.602418,0.050000
8771,-104.295023,0.050000
8772,-103.052445,0.050000
8773,-143.765182,0.050000
8774,-30.983235,0.050000
8775,-155.494196,0.050000
8776,-106.739411,0.050000
8777,-113.909183,0.050000
8778,-90.782738,0.050000
8779,-112.145008,0.050000
8780,-100.597427,0.050000
8781,-152.407848,0.050000
8782,-127.933392,0.050000
8783,-112.871153,0.050000
8784,-142.433956,0.050000
8785,-125.766734,0.050000
8786,-119.446686,0.050000
8787,-80.190951,0.050000
8788,-125.082313,0.050000
8789,-106.135364,0.050000
8790,-100.459703,0.050000
8791,-133.047766,0.050000
8792,-139.252231,0.050000
8793,-105.030170,0.050000
8794,-144.949444,0.050000
8795,-162.956759,0.050000
8796,-153.699370,0.050000
8797,-88.121989,0.050000
8798,-100.925869,0.050000
8799,-36.670414,0.050000
8800,-168.737049,0.050000
8801,-161.621951,0.050000
8802,-106.121503,0.050000
8803,-149.034293,0.050000
8804,-57.986727,0.050000
8805,-91.971488,0.050000
8806,-101.806326,0.050000
8807,-139.911604,0.050000
8808,-81.037568,0.050000
8809,-175.910888,0.050000
8810,-136.243671,0.050000
8811,-95.597812,0.050000
8812,-54.309988,0.050000
8813,-55.391345,0.050000
8814,-125.561837,0.050000
8815,-91.879293,0.050000
8816,-91.677869,0.050000
8817,-68.601766,0.050000
8818,-123.111941,0.050000
8819,-95.836519,0.050000
8820,-130.492853,0.050000
8821,-102.185611,0.050000
8822,-108.035881,0.050000
8823,-75.890234,0.050000
8824,-155.943754,0.050000
8825,-76.186082,0.050000
8826,-79.697494,0.050000
8827,-151.786083,0.050000
8828,-175.058972,0.050000
8829,-96.566842,0.050000
8830,-144.853498,0.050000
8831,-135.096385,0.050000
8832,-129.545782,0.050000
8833,-101.571348,0.050000
8834,-187.315614,0.050000
8835,-96.870129,0.050000
8836,-104.891527,0.050000
8837,-60.911752,0.050000
8838,-132.385008,0.050000
8839,-124.528289,0.050000
8840,-128.327318,0.050000
8841,-195.116486,0.050000
8842,-60.961373,0.050000
8843,-98.084034,0.050000
8844,-123.420592,0.050000
8845,-99.657596,0.050000
8846,-147.443649,0.050000
8847,-88.989948,0.050000
8848,-215.515044,0.050000
8849,-107.884585,0.050000
8850,-110.542995,0.050000
8851,-78.435571,0.050000
8852,-75.381432,0.050000
8853,-103.265788,0.050000
8854,-86.770390,0.050000
8855,-172.337717,0.050000
8856,-85.501858,0.050000
8857,-131.551947,0.050000
8858,-119.150495,0.050000
8859,-119.476847,0.050000
8860,-98.781163,0.050000
8861,-110.441266,0.050000
8862,-112.626757,0.050000
8863,-65.742301,0.050000
8864,-123.700646,0.050000
8865,-106.910780,0.050000
8866,-163.161726,0.050000
8867,-139.538530,0.050000
8868,-75.477706,0.050000
8869,-50.209041,0.050000
8870,-140.396726,0.050000
8871,-166.931189,0.050000
8872,-159.119507,0.050000
8873,-188.357872,0.050000
8874,-153.550664,0.050000
8875,-172.354535,0.050000
8876,-120.054718,0.050000
8877,-164.767992,0.050000
8878,-198.904892,0.050000
8879,-38.332889,0.050000
8880,-118.080832,0.050000
8881,-143.779527,0.050000
8882,-157.950387,0.050000
8883,-115.794626,0.050000
8884,-114.771838,0.050000
8885,-124.240137,0.050000
8886,-112.791431,0.050000
8887,-82.203706,0.050000
8888,-131.397791,0.050000
8889,-121.184463,0.050000
8890,-177.606181,0.050000
8891,-166.047794,0.050000
8892,-94.574277,0.050000
8893,-117.383423,0.050000
8894,-120.277175,0.050000
8895,-44.535004,0.050000
8896,-114.627053,0.050000
8897,-136.155495,0.050000
8898,-113.852761,0.050000
8899,-131.846480,0.050000
8900,-104.687905,0.050000
8901,-190.594247,0.050000
8902,-187.724262,0.050000
8903,-174.826339,0.050000
8904,-201.905425,0.050000
8905,-105.470406,0.050000
8906,-107.857550,0.050000
8907,-66.724357,0.050000
8908,-106.516985,0.050000
8909,-178.393788,0.050000
8910,-133.639608,0.050000
8911,-152.373635,0.050000
8912,-73.915102,0.050000
8913,-73.987423,0.050000
8914,-121.843198,0.050000
8915,-174.164079,0.050000
8916,-139.414355,0.050000
8917,-101.395849,0.050000
8918,-140.053664,0.050000
8919,-145.194650,0.050000
8920,-145.237900,0.050000
8921,-97.415120,0.050000
8922,-57.679655,0.050000
8923,-151.219179,0.050000
8924,-160.090869,0.050000
8925,-177.045513,0.050000
8926,-121.360065,0.050000
8927,-193.977454,0.050000
8928,-145.072707,0.050000
8929,-171.786144,0.050000
8930,-84.868292,0.050000
8931,-123.237422,0.050000
8932,-134.381339,0.050000
8933,-126.929138,0.050000
8934,-149.953876,0.050000
8935,-162.152686,0.050000
8936,-109.728878,0.050000
8937,-138.634451,0.050000
8938,-77.896706,0.050000
8939,-167.251890,0.050000
8940,-151.222455,0.050000
8941,-192.149241,0.050000
8942,-215.920208,0.050000
8943,-114.342372,0.050000
8944,-132.210911,0.050000
8945,-152.205386,0.050000
8946,-170.662100,0.050000
8947,-175.081668,0.050000
8948,-77.349624,0.050000
8949,-123.564272,0.050000
8950,-198.906105,0.050000
8951,-166.360337,0.050000
8952,-123.183801,0.050000
8953,-140.519631,0.050000
8954,-211.247702,0.050000
8955,-165.813077,0.050000
8956,-125.324501,0.050000
8957,-115.986387,0.050000
8958,-171.260060,0.050000
8959,-168.619138,0.050000
8960,-135.925076,0.050000
8961,-73.473372,0.050000
8962,-119.665190,0.050000
8963,-98.873594,0.050000
8964,-111.729727,0.050000
8965,-156.048995,0.050000
8966,-151.374963,0.050000
8967,-112.810390,0.050000
8968,-154.640514,0.050000
8969,-119.455375,0.050000
8970,-103.911437,0.050000
8971,-115.213371,0.050000
8972,-144.271985,0.050000
8973,-158.879498,0.050000
8974,-171.329515,0.050000
8975,-167.864766,0.050000
8976,-111.492404,0.050000
8977,-152.095692,0.050000
8978,-89.177333,0.050000
8979,-144.835533,0.050000
8980,-109.820536,0.050000
8981,-128.365199,0.050000
8982,-124.485327,0.050000
8983,-118.541370,0.050000
8984,-80.943590,0.050000
8985,-66.384379,0.050000
8986,-65.344612,0.050000
8987,-55.687809,0.050000
8988,-54.555938,0.050000
8989,-127.018340,0.050000
8990,-129.425627,0.050000
8991,-124.711357,0.050000
8992,-159.009704,0.050000
8993,-115.876664,0.050000
8994,-59.072234,0.050000
8995,-108.939703,0.050000
8996,-159.737380,0.050000
8997,-81.567078,0.050000
8998,-138.562766,0.050000
8999,-26.332388,0.050000
9000,-87.619017,0.050000
9001,-129.255476,0.050000
9002,-158.257472,0.050000
9003,-93.086583,0.050000
9004,-84.981674,0.050000
9005,-104.041655,0.050000
9006,-86.897530,0.050000
9007,-160.003041,0.050000
9008,-91.692735,0.050000
9009,-130.581595,0.050000
9010,-176.455235,0.050000
9011,-174.739550,0.050000
9012,-100.346435,0.050000
9013,-84.869871,0.050000
9014,-131.124743,0.050000
9015,-67.812386,0.050000
9016,-67.510612,0.050000
9017,-101.132075,0.050000
9018,-120.591835,0.050000
9019,-166.324778,0.050000
9020,-108.810461,0.050000
9021,-164.463562,0.050000
9022,-109.862502,0.050000
9023,-62.731164,0.050000
9024,-111.699135,0.050000
9025,-115.220795,0.050000
9026,-74.292963,0.050000
9027,-109.224807,0.050000
9028,-139.695012,0.050000
9029,-110.584112,0.050000
9030,-74.089962,0.050000
9031,-183.743241,0.050000
9032,-110.690592,0.050000
9033,-34.014830,0.050000
9034,-56.712595,0.050000
9035,-27.252974,0.050000
9036,-135.806604,0.050000
9037,-65.204209,0.050000
9038,-74.683035,0.050000
9039,-126.992506,0.050000
9040,-92.098200,0.050000
9041,-106.635519,0.050000
9042,-127.652852,0.050000
9043,-94.538369,0.050000
9044,-100.995154,0.050000
9045,-132.080486,0.050000
9046,-182.898433,0.050000
9047,-105.479267,0.050000
9048,-138.322604,0.050000
9049,-54.138793,0.050000
9050,-56.142101,0.050000
9051,-181.756344,0.050000
9052,-176.481652,0.050000
9053,-137.441656,0.050000
9054,-54.199687,0.050000
9055,-79.653960,0.050000
9056,-82.776412,0.050000
9057,-150.720020,0.050000
9058,-185.682217,0.050000
9059,-31.956084,0.050000
9060,-93.494526,0.050000
9061,-156.047642,0.050000
9062,-172.803222,0.050000
9063,-88.854705,0.050000
9064,-74.402445,0.050000
9065,-53.537838,0.050000
9066,-105.738455,0.050000
9067,-181.999890,0.050000
9068,-100.093651,0.050000
9069,-82.105234,0.050000
9070,-185.381309,0.050000
9071,-185.577961,0.050000
9072,-86.339109,0.050000
9073,-125.741968,0.050000
9074,-105.897740,0.050000
9075,-153.836547,0.050000
9076,-73.505780,0.050000
9077,-148.202694,0.050000
9078,-122.757647,0.050000
9079,-104.973252,0.050000
9080,-109.805065,0.050000
9081,-132.847372,0.050000
9082,-178.593449,0.050000
9083,-93.105935,0.050000
9084,-72.641280,0.050000
9085,-166.064687,0.050000
9086,-82.223989,0.050000
9087,-84.363682,0.050000
9088,-161.068871,0.050000
9089,-107.619006,0.050000
9090,-112.266968,0.050000
9091,-116.014585,0.050000
9092,-90.276045,0.050000
9093,-51.585607,0.050000
9094,-129.450793,0.050000
9095,-91.125979,0.050000
9096,-153.234162,0.050000
9097,-101.629053,0.050000
9098,-132.146381,0.050000
9099,-128.535434,0.050000
9100,-133.332510,0.050000
9101,-149.182781,0.050000
9102,-120.575766,0.050000
9103,-126.217732,0.050000
9104,-144.584608,0.050000
9105,-129.784987,0.050000
9106,-81.371391,0.050000
9107,-143.351623,0.050000
9108,-141.741215,0.050000
9109,-122.093897,0.050000
9110,-38.608903,0.050000
9111,-118.773941,0.050000
9112,-126.507143,0.050000
9113,-92.094943,0.050000
9114,-64.260922,0.050000
9115,-88.094679,0.050000
9116,-101.940048,0.050000
9117,-105.668611,0.050000
9118,-72.846446,0.050000
9119,-166.775132,0.050000
9120,-67.565360,0.050000
9121,-79.112128,0.050000
9122,-139.506887,0.050000
9123,-128.567395,0.050000
9124,-136.177380,0.050000
9125,-81.670309,0.050000
9126,-125.620844,0.050000
9127,-107.741193,0.050000
9128,-102.481828,0.050000
9129,-105.315625,0.050000
9130,-67.020029,0.050000
9131,-64.776811,0.050000
9132,-106.957013,0.050000
9133,-152.947944,0.050000
9134,-53.674568,0.050000
9135,-176.617644,0.050000
9136,-167.890567,0.050000
9137,-63.434078,0.050000
9138,-110.893244,0.050000
9139,-97.096043,0.050000
9140,-108.408053,0.050000
9141,-52.770282,0.050000
9142,-82.134539,0.050000
9143,-61.077834,0.050000
9144,-68.544595,0.050000
9145,-47.957822,0.050000
9146,-94.271584,0.050000
9147,-114.204694,0.050000
9148,-86.184585,0.050000
9149,-104.086799,0.050000
9150,-97.487583,0.050000
9151,-124.493182,0.050000
9152,-93.796076,0.050000
9153,-93.384067,0.050000
9154,-67.740564,0.050000
9155,-91.820484,0.050000
9156,-93.529427,0.050000
9157,-108.731478,0.050000
9158,-120.001750,0.050000
9159,-106.413357,0.050000
9160,-149.842456,0.050000
9161,-121.288656,0.050000
9162,-134.399481,0.050000
9163,-95.108746,0.050000
9164,-114.855756,0.050000
9165,-59.442797,0.050000
9166,-86.654137,0.050000
9167,-46.135009,0.050000
9168,-99.291147,0.050000
9169,-153.719273,0.050000
9170,-43.900617,0.050000
9171,-58.200219,0.050000
9172,-86.873303,0.050000
9173,-129.480831,0.050000
9174,-140.634780,0.050000
9175,-62.082678,0.050000
9176,-57.112215,0.050000
9177,-80.265213,0.050000
9178,-157.177150,0.050000
9179,-100.995663,0.050000
9180,-73.766874,0.050000
9181,-132.064340,0.050000
9182,-67.254804,0.050000
9183,-58.216009,0.050000
9184,-156.001192,0.050000
9185,-136.198157,0.050000
9186,-144.774925,0.050000
9187,-110.634613,0.050000
9188,-51.894835,0.050000
9189,-34.804955,0.050000
9190,-150.136335,0.050000
9191,-81.598756,0.050000
9192,-121.990134,0.050000
9193,-132.277958,0.050000
9194,-75.719903,0.050000
9195,-87.889753,0.050000
9196,-90.832584,0.050000
9197,-137.754540,0.050000
9198,-82.106920,0.050000
9199,-75.058912,0.050000
9200,-166.682820,0.050000
9201,-150.026658,0.050000
9202,-110.887193,0.050000
9203,-86.372332,0.050000
9204,-74.804783,0.050000
9205,-108.625957,0.050000
9206,-29.657472,0.050000
9207,-119.160427,0.050000
9208,-42.448841,0.050000
9209,-111.069093,0.050000
9210,-119.381422,0.050000
9211,-58.536066,0.050000
9212,-63.698726,0.050000
9213,-79.871753,0.050000
9214,-140.909647,0.050000
9215,-78.573501,0.050000
9216,-139.795955,0.050000
9217,-130.052828,0.050000
9218,-112.840238,0.050000
9219,-77.696550,0.050000
9220,-94.083016,0.050000
9221,-150.762477,0.050000
9222,-94.520961,0.050000
9223,-117.383504,0.050000
9224,-112.442518,0.050000
9225,-74.242015,0.050000
9226,-158.624703,0.050000
9227,-148.850092,0.050000
9228,-107.723855,0.050000
9229,-37.642271,0.050000
9230,-82.735266,0.050000
9231,-139.308228,0.050000
9232,-74.235030,0.050000
9233,-99.266606,0.050000
9234,-117.153477,0.050000
9235,-119.635976,0.050000
9236,-106.660834,0.050000
9237,-116.647695,0.050000
9238,-107.667195,0.050000
9239,-124.245773,0.050000
9240,-106.509104,0.050000
9241,-76.840680,0.050000
9242,-82.411475,0.050000
9243,-92.397735,0.050000
9244,-103.848068,0.050000
9245,-113.914790,0.050000
9246,-122.357098,0.050000
9247,-128.890320,0.050000
9248,-121.659152,0.050000
9249,-152.429525,0.050000
9250,-62.883616,0.050000
9251,-100.710034,0.050000
9252,-131.880518,0.050000
9253,-158.131225,0.050000
9254,-132.514630,0.050000
9255,-32.432274,0.050000
9256,-60.297992,0.050000
9257,-161.384781,0.050000
9258,-144.926426,0.050000
9259,-88.653288,0.050000
9260,-66.703275,0.050000
9261,-122.077101,0.050000
9262,-64.756563,0.050000
9263,-45.074609,0.050000
9264,-207.146560,0.050000
9265,-164.519745,0.050000
9266,-133.800337,0.050000
9267,-138.200408,0.050000
9268,-138.165896,0.050000
9269,-117.663096,0.050000
9270,-132.072933,0.050000
9271,-164.898807,0.050000
9272,-131.147249,0.050000
9273,-120.859968,0.050000
9274,-114.609602,0.050000
9275,-93.259485,0.050000
9276,-95.204240,0.050000
9277,-176.779094,0.050000
9278,-139.212966,0.050000
9279,-141.160861,0.050000
9280,-154.132760,0.050000
9281,-140.331163,0.050000
9282,-34.399309,0.050000
9283,-182.850298,0.050000
9284,-204.345733,0.050000
9285,-94.731982,0.050000
9286,-148.375027,0.050000
9287,-104.702870,0.050000
9288,-92.749131,0.050000
9289,-77.339569,0.050000
9290,-141.675764,0.050000
9291,-129.466206,0.050000
9292,-42.887683,0.050000
9293,-122.853505,0.050000
9294,-107.798085,0.050000
9295,-89.117807,0.050000
9296,-152.402640,0.050000
9297,-145.016700,0.050000
9298,-142.638661,0.050000
9299,-128.028352,0.050000
9300,-57.469239,0.050000
9301,-166.854136,0.050000
9302,-152.042543,0.050000
9303,-68.980961,0.050000
9304,-98.342221,0.050000
9305,-151.399873,0.050000
9306,-20.560741,0.050000
9307,-95.446023,0.050000
9308,-162.393856,0.050000
9309,-104.033696,0.050000
9310,-112.293186,0.050000
9311,-84.829347,0.050000
9312,-79.543186,0.050000
9313,-39.461049,0.050000
9314,-148.868193,0.050000
9315,-108.908168,0.050000
9316,-72.506986,0.050000
9317,-37.854364,0.050000
9318,-93.156044,0.050000
9319,-98.835418,0.050000
9320,-75.256734,0.050000
9321,-115.741128,0.050000
9322,-83.126390,0.050000
9323,-93.179894,0.050000
9324,-24.864948,0.050000
9325,-71.508563,0.050000
9326,-109.626743,0.050000
9327,-156.081404,0.050000
9328,-163.173527,0.050000
9329,-61.586269,0.050000
9330,-152.111745,0.050000
9331,-113.656980,0.050000
9332,-55.216177,0.050000
9333,-141.396201,0.050000
9334,-112.201551,0.050000
9335,-28.635561,0.050000
9336,-65.207330,0.050000
9337,-70.174181,0.050000
9338,-85.553985,0.050000
9339,-151.657738,0.050000
9340,-77.483525,0.050000
9341,-107.930097,0.050000
9342,-158.714969,0.050000
9343,-68.278834,0.050000
9344,-12.409262,0.050000
9345,-135.217776,0.050000
9346,-50.977099,0.050000
9347,-74.067909,0.050000
9348,-91.174602,0.050000
9349,-47.240420,0.050000
9350,-113.491616,0.050000
9351,-60.741836,0.050000
9352,-175.804162,0.050000
9353,-101.709071,0.050000
9354,-102.418675,0.050000
9355,-79.750746,0.050000
9356,-76.320442,0.050000
9357,-57.972131,0.050000
9358,-123.764991,0.050000
9359,-5.008966,0.050000
9360,-86.200862,0.050000
9361,-77.917417,0.050000
9362,-80.848879,0.050000
9363,-84.384646,0.050000
9364,-99.494677,0.050000
9365,-58.516974,0.050000
9366,-101.197347,0.050000
9367,-82.069853,0.050000
9368,-102.003138,0.050000
9369,-80.518108,0.050000
9370,-96.439144,0.050000
9371,-90.036224,0.050000
9372,-98.181492,0.050000
9373,-65.782835,0.050000
9374,-71.333080,0.050000
9375,-90.310756,0.050000
9376,-103.882818,0.050000
9377,-132.463123,0.050000
9378,-83.733749,0.050000
9379,-142.772346,0.050000
9380,-94.751546,0.050000
9381,-116.652149,0.050000
9382,-59.305482,0.050000
9383,-156.837743,0.050000
9384,-58.331607,0.050000
9385,-81.237071,0.050000
9386,-70.150498,0.050000
9387,-85.004136,0.050000
9388,-45.483274,0.050000
9389,-101.266039,0.050000
9390,-42.765052,0.050000
9391,-62.061922,0.050000
9392,-93.128768,0.050000
9393,-37.275685,0.050000
9394,-51.418678,0.050000
9395,-163.133699,0.050000
9396,-120.686574,0.050000
9397,-92.138719,0.050000
9398,-70.486893,0.050000
9399,-144.397389,0.050000
9400,-82.760692,0.050000
9401,-177.988668,0.050000
9402,-105.521075,0.050000
9403,-88.844277,0.050000
9404,-73.373650,0.050000
9405,-60.411637,0.050000
9406,-47.870106,0.050000
9407,-120.079877,0.050000
9408,-136.377020,0.050000
9409,-30.316070,0.050000
9410,-100.323063,0.050000
9411,-25.485446,0.050000
9412,-92.675527,0.050000
9413,-96.942293,0.050000
9414,-73.753046,0.050000
9415,-74.669787,0.050000
9416,-92.677135,0.050000
9417,-126.346090,0.050000
9418,-132.489555,0.050000
9419,-103.730446,0.050000
9420,-49.032632,0.050000
9421,-103.806896,0.050000
9422,-105.275970,0.050000
9423,-164.046325,0.050000
9424,-39.868283,0.050000
9425,-90.229372,0.050000
9426,-95.190124,0.050000
9427,-163.052235,0.050000
9428,-66.605793,0.050000
9429,-116.902562,0.050000
9430,-37.718841,0.050000
9431,-86.357181,0.050000
9432,-124.255717,0.050000
9433,-144.622982,0.050000
9434,-110.752231,0.050000
9435,-103.690263,0.050000
9436,-141.568479,0.050000
9437,-129.188202,0.050000
9438,-103.109365,0.050000
9439,-78.461725,0.050000
9440,-126.782288,0.050000
9441,-95.985823,0.050000
9442,-118.062117,0.050000
9443,-152.072476,0.050000
9444,-162.795576,0.050000
9445,-146.840187,0.050000
9446,-158.761157,0.050000
9447,-118.176675,0.050000
9448,-99.570401,0.050000
9449,-179.590203,0.050000
9450,-106.341504,0.050000
9451,-76.424749,0.050000
9452,-109.693956,0.050000
9453,-108.917335,0.050000
9454,-87.565907,0.050000
9455,-221.388646,0.050000
9456,-92.960174,0.050000
9457,-117.995753,0.050000
9458,-161.626124,0.050000
9459,-134.298587,0.050000
9460,-91.491278,0.050000
9461,-151.024701,0.050000
9462,-95.690135,0.050000
9463,-125.840200,0.050000
9464,-124.392852,0.050000
9465,-109.629476,0.050000
9466,-59.863628,0.050000
9467,-194.958529,0.050000
9468,-148.573957,0.050000
9469,-229.334834,0.050000
9470,-132.140039,0.050000
9471,-145.872490,0.050000
9472,-117.582330,0.050000
9473,-61.713050,0.050000
9474,-82.636389,0.050000
9475,-100.441711,0.050000
9476,-97.442353,0.050000
9477,-145.190823,0.050000
9478,-131.174982,0.050000
9479,-81.831166,0.050000
9480,-116.880150,0.050000
9481,-159.094776,0.050000
9482,-91.676319,0.050000
9483,-95.438420,0.050000
9484,-101.854184,0.050000
9485,-92.072092,0.050000
9486,-65.704174,0.050000
9487,-82.210325,0.050000
9488,-72.461003,0.050000
9489,-123.511980,0.050000
9490,-96.541340,0.050000
9491,-127.846507,0.050000
9492,-101.038060,0.050000
9493,-48.166085,0.050000
9494,-84.227484,0.050000
9495,-100.059624,0.050000
9496,-137.844474,0.050000
9497,-85.971833,0.050000
9498,-14.573955,0.050000
9499,-155.190997,0.050000
9500,-42.150295,0.050000
9501,-108.812974,0.050000
9502,-83.056171,0.050000
9503,-144.273443,0.050000
9504,-73.026455,0.050000
9505,-72.460255,0.050000
9506,-129.165650,0.050000
9507,-79.589722,0.050000
9508,-138.843131,0.050000
9509,-87.615612,0.050000
9510,-98.884379,0.050000
9511,-112.471604,0.050000
9512,-98.024145,0.050000
9513,-108.316893,0.050000
9514,-130.035097,0.050000
9515,-109.722765,0.050000
9516,-159.424912,0.050000
9517,-94.957440,0.050000
9518,-106.897455,0.050000
9519,-176.638109,0.050000
9520,-105.437212,0.050000
9521,-90.458600,0.050000
9522,-107.402209,0.050000
9523,-147.390836,0.050000
9524,-104.968209,0.050000
9525,-63.219247,0.050000
9526,-37.020683,0.050000
9527,-196.008530,0.050000
9528,-84.124934,0.050000
9529,-131.374991,0.050000
9530,-130.999713,0.050000
9531,-147.290698,0.050000
9532,-119.571236,0.050000
9533,-133.448980,0.050000
9534,-55.952885,0.050000
9535,-120.783842,0.050000
9536,-145.822728,0.050000
9537,-81.075740,0.050000
9538,-148.291270,0.050000
9539,-105.693661,0.050000
9540,-106.064239,0.050000
9541,-144.261551,0.050000
9542,-124.992291,0.050000
9543,-114.928764,0.050000
9544,-127.666698,0.050000
9545,-177.117061,0.050000
9546,-180.682753,0.050000
9547,-168.935476,0.050000
9548,-88.745472,0.050000
9549,-107.350645,0.050000
9550,-135.886493,0.050000
9551,-157.623664,0.050000
9552,-79.489465,0.050000
9553,-83.192176,0.050000
9554,-53.828079,0.050000
9555,-86.290066,0.050000
9556,-81.994269,0.050000
9557,-83.783028,0.050000
9558,-103.994707,0.050000
9559,-110.499155,0.050000
9560,-102.333297,0.050000
9561,-123.386870,0.050000
9562,-176.516990,0.050000
9563,-144.971359,0.050000
9564,-94.241003,0.050000
9565,-166.072729,0.050000
9566,-91.601778,0.050000
9567,-116.199884,0.050000
9568,-120.961164,0.050000
9569,-148.339034,0.050000
9570,-129.481886,0.050000
9571,-196.860856,0.050000
9572,-151.966802,0.050000
9573,-206.807233,0.050000
9574,-94.084425,0.050000
9575,-155.351813,0.050000
9576,-155.038252,0.050000
9577,-185.656666,0.050000
9578,-68.593140,0.050000
9579,-174.609089,0.050000
9580,-151.236899,0.050000
9581,-126.118948,0.050000
9582,-154.033402,0.050000
9583,-196.212162,0.050000
9584,-93.227132,0.050000
9585,-136.106202,0.050000
9586,-136.410496,0.050000
9587,-175.136894,0.050000
9588,-115.585631,0.050000
9589,-65.094341,0.050000
9590,-169.303326,0.050000
9591,-166.308836,0.050000
9592,-134.190290,0.050000
9593,-158.232282,0.050000
9594,-80.790446,0.050000
9595,-98.930736,0.050000
9596,-182.899283,0.050000
9597,-120.726894,0.050000
9598,-181.088274,0.050000
9599,-154.765771,0.050000
9600,-138.305175,0.050000
9601,-181.664668,0.050000
9602,-163.081339,0.050000
9603,-138.141027,0.050000
9604,-116.363238,0.050000
9605,-139.463475,0.050000
9606,-194.790527,0.050000
9607,-67.130243,0.050000
9608,-43.346560,0.050000
9609,-183.808270,0.050000
9610,-190.332899,0.050000
9611,-168.637343,0.050000
9612,-102.837006,0.050000
9613,-133.136282,0.050000
9614,-96.103417,0.050000
9615,-136.023641,0.050000
9616,-195.417580,0.050000
9617,-80.474465,0.050000
9618,-72.801804,0.050000
9619,-175.371283,0.050000
9620,-146.331130,0.050000
9621,-157.319285,0.050000
9622,-93.295323,0.050000
9623,-164.499926,0.050000
9624,-87.768776,0.050000
9625,-148.762950,0.050000
9626,-184.811202,0.050000
9627,-164.784178,0.050000
9628,-161.022723,0.050000
9629,-113.859626,0.050000
9630,-98.046838,0.050000
9631,-119.179477,0.050000
9632,-108.271043,0.050000
9633,-166.029748,0.050000
9634,-194.942637,0.050000
9635,-121.372778,0.050000
9636,-130.215137,0.050000
9637,-98.757343,0.050000
9638,-128.332224,0.050000
9639,-193.422502,0.050000
9640,-121.485052,0.050000
9641,-158.275240,0.050000
9642,-139.397404,0.050000
9643,-141.281595,0.050000
9644,-95.084990,0.050000
9645,-154.044831,0.050000
9646,-102.629283,0.050000
9647,-189.904515,0.050000
9648,-193.039853,0.050000
9649,-142.580422,0.050000
9650,-101.292901,0.050000
9651,-95.073424,0.050000
9652,-137.943484,0.050000
9653,-112.444352,0.050000
9654,-139.412228,0.050000
9655,-156.092963,0.050000
9656,-100.698658,0.050000
9657,-178.095251,0.050000
9658,-232.409757,0.050000
9659,-151.937433,0.050000
9660,-142.444486,0.050000
9661,-145.496403,0.050000
9662,-141.516841,0.050000
9663,-186.275730,0.050000
9664,-176.226856,0.050000
9665,-203.876520,0.050000
9666,-60.405271,0.050000
9667,-157.899297,0.050000
9668,-157.977119,0.050000
9669,-192.990371,0.050000
9670,-117.078983,0.050000
9671,-59.694964,0.050000
9672,-101.317807,0.050000
9673,-122.255898,0.050000
9674,-98.436414,0.050000
9675,-99.325621,0.050000
9676,-159.796982,0.050000
9677,-116.554850,0.050000
9678,-111.835740,0.050000
9679,-114.973491,0.050000
9680,-74.134316,0.050000
9681,-162.919704,0.050000
9682,-91.645294,0.050000
9683,-122.363595,0.050000
9684,-160.092673,0.050000
9685,-88.200750,0.050000
9686,-85.355466,0.050000
9687,-123.505596,0.050000
9688,-173.458151,0.050000
9689,-132.171526,0.050000
9690,-85.665707,0.050000
9691,-79.724234,0.050000
9692,-167.456436,0.050000
9693,-85.933026,0.050000
9694,-58.636372,0.050000
9695,-175.871996,0.050000
9696,-51.432016,0.050000
9697,-122.480038,0.050000
9698,-154.791306,0.050000
9699,-135.043049,0.050000
9700,-129.293418,0.050000
9701,-105.067863,0.050000
9702,-145.938741,0.050000
9703,-80.107258,0.050000
9704,-162.385560,0.050000
9705,-181.622606,0.050000
9706,-95.003758,0.050000
9707,-191.862437,0.050000
9708,-123.145085,0.050000
9709,-125.542138,0.050000
9710,-88.393095,0.050000
9711,-173.025632,0.050000
9712,-86.025612,0.050000
9713,-111.658405,0.050000
9714,-132.094899,0.050000
9715,-85.915532,0.050000
9716,-114.013655,0.050000
9717,-163.993883,0.050000
9718,-77.564255,0.050000
9719,-184.078340,0.050000
9720,-148.508828,0.050000
9721,-107.480281,0.050000
9722,-115.281365,0.050000
9723,-141.107554,0.050000
9724,-81.099521,0.050000
9725,-134.267635,0.050000
9726,-164.230704,0.050000
9727,-94.324983,0.050000
9728,-153.157000,0.050000
9729,-70.604309,0.050000
9730,-149.086473,0.050000
9731,-158.639619,0.050000
9732,-53.205771,0.050000
9733,-148.811603,0.050000
9734,-109.786721,0.050000
9735,-103.308308,0.050000
9736,-71.655247,0.050000
9737,-115.305222,0.050000
9738,-151.474715,0.050000
9739,-163.482782,0.050000
9740,-142.988644,0.050000
9741,-50.695189,0.050000
9742,-184.137758,0.050000
9743,-110.835002,0.050000
9744,-134.343234,0.050000
9745,-121.716885,0.050000
9746,-87.980436,0.050000
9747,-88.287108,0.050000
9748,-160.429294,0.050000
9749,-158.105927,0.050000
9750,-63.157699,0.050000
9751,-121.415195,0.050000
9752,-80.748713,0.050000
9753,-105.979259,0.050000
9754,-126.210720,0.050000
9755,-90.587882,0.050000
9756,-145.901124,0.050000
9757,-94.682950,0.050000
9758,-188.127852,0.050000
9759,-97.215806,0.050000
9760,-110.888771,0.050000
9761,-34.672266,0.050000
9762,-63.032057,0.050000
9763,-148.615743,0.050000
9764,-177.680707,0.050000
9765,-91.250264,0.050000
9766,-131.082079,0.050000
9767,-78.982064,0.050000
9768,-117.507541,0.050000
9769,-142.616767,0.050000
9770,-173.173532,0.050000
9771,-169.603865,0.050000
9772,-120.291421,0.050000
9773,-114.096297,0.050000
9774,-106.504512,0.050000
9775,-171.334232,0.050000
9776,-190.520543,0.050000
9777,-79.977657,0.050000
9778,-152.179461,0.050000
9779,-117.235841,0.050000
9780,-79.642137,0.050000
9781,-150.596878,0.050000
9782,-118.238870,0.050000
9783,-162.696867,0.050000
9784,-104.474000,0.050000
9785,-100.488672,0.050000
9786,-145.073301,0.050000
9787,-129.332340,0.050000
9788,-155.577320,0.050000
9789,-104.530827,0.050000
9790,-210.461439,0.050000
9791,-49.835618,0.050000
9792,-138.652179,0.050000
9793,-183.178973,0.050000
9794,-158.916143,0.050000
9795,-198.924858,0.050000
9796,-50.070490,0.050000
9797,-161.895585,0.050000
9798,-122.178656,0.050000
9799,-113.215898,0.050000
9800,-72.803027,0.050000
9801,-108.424827,0.050000
9802,-136.332061,0.050000
9803,-172.170499,0.050000
9804,-65.169619,0.050000
9805,-169.061329,0.050000
9806,-154.741812,0.050000
9807,-139.471481,0.050000
9808,-158.080616,0.050000
9809,-67.707685,0.050000
9810,-172.594930,0.050000
9811,-182.114828,0.050000
9812,-188.682665,0.050000
9813,-222.241340,0.050000
9814,-241.120486,0.050000
9815,-108.821792,0.050000
9816,-209.016696,0.050000
9817,-99.227315,0.050000
9818,-178.810173,0.050000
9819,-140.224007,0.050000
9820,-116.250151,0.050000
9821,-153.287356,0.050000
9822,-131.998092,0.050000
9823,-123.779246,0.050000
9824,-153.677899,0.050000
9825,-127.024272,0.050000
9826,-180.977470,0.050000
9827,-183.982625,0.050000
9828,-137.426655,0.050000
9829,-203.277545,0.050000
9830,-150.345862,0.050000
9831,-112.690356,0.050000
9832,-161.234908,0.050000
9833,-168.059348,0.050000
9834,-189.939653,0.050000
9835,-234.472959,0.050000
9836,-134.940187,0.050000
9837,-161.997458,0.050000
9838,-189.256633,0.050000
9839,-160.531521,0.050000
9840,-207.803596,0.050000
9841,-117.285498,0.050000
9842,-139.506527,0.050000
9843,-92.740709,0.050000
9844,-156.474882,0.050000
9845,-176.216248,0.050000
9846,-119.164938,0.050000
9847,-118.205060,0.050000
9848,-172.187190,0.050000
9849,-182.646175,0.050000
9850,-62.065695,0.050000
9851,-213.215343,0.050000
9852,-190.964399,0.050000
9853,-125.397679,0.050000
9854,-81.934465,0.050000
9855,-153.469779,0.050000
9856,-144.590587,0.050000
9857,-170.641230,0.050000
9858,-104.951913,0.050000
9859,-127.155427,0.050000
9860,-233.369106,0.050000
9861,-208.492684,0.050000
9862,-153.136774,0.050000
9863,-161.202769,0.050000
9864,-96.807622,0.050000
9865,-106.111331,0.050000
9866,-142.247871,0.050000
9867,-207.433407,0.050000
9868,-124.518768,0.050000
9869,-179.999923,0.050000
9870,-107.276445,0.050000
9871,-118.464243,0.050000
9872,-125.703690,0.050000
9873,-119.324339,0.050000
9874,-85.325913,0.050000
9875,-155.972197,0.050000
9876,-177.535608,0.050000
9877,-194.689572,0.050000
9878,-79.667959,0.050000
9879,-154.201622,0.050000
9880,-163.482027,0.050000
9881,-195.653245,0.050000
9882,-60.453576,0.050000
9883,-210.061893,0.050000
9884,-183.738688,0.050000
9885,-157.977691,0.050000
9886,-175.819709,0.050000
9887,-183.789201,0.050000
9888,-132.629691,0.050000
9889,-204.986612,0.050000
9890,-175.698516,0.050000
9891,-216.411133,0.050000
9892,-139.219569,0.050000
9893,-136.025141,0.050000
9894,-158.294149,0.050000
9895,-130.798141,0.050000
9896,-233.817003,0.050000
9897,-231.871627,0.050000
9898,-127.925960,0.050000
9899,-124.728624,0.050000
9900,-108.204211,0.050000
9901,-175.801155,0.050000
9902,-148.022806,0.050000
9903,-98.216760,0.050000
9904,-177.767562,0.050000
9905,-141.834859,0.050000
9906,-146.540567,0.050000
9907,-132.115356,0.050000
9908,-159.348226,0.050000
9909,-126.415262,0.050000
9910,-164.564684,0.050000
9911,-163.144450,0.050000
9912,-183.824760,0.050000
9913,-151.193142,0.050000
9914,-165.600885,0.050000
9915,-108.594079,0.050000
9916,-176.598816,0.050000
9917,-157.658073,0.050000
9918,-115.649135,0.050000
9919,-200.524899,0.050000
9920,-179.613144,0.050000
9921,-129.302439,0.050000
9922,-98.127673,0.050000
9923,-163.152701,0.050000
9924,-201.591688,0.050000
9925,-165.209171,0.050000
9926,-212.096464,0.050000
9927,-177.136313,0.050000
9928,-192.669901,0.050000
9929,-115.258637,0.050000
9930,-135.383007,0.050000
9931,-123.972786,0.050000
9932,-154.178821,0.050000
9933,-200.067647,0.050000
9934,-147.360896,0.050000
9935,-168.034356,0.050000
9936,-107.678627,0.050000
9937,-113.157365,0.050000
9938,-115.529885,0.050000
9939,-112.108336,0.050000
9940,-193.575906,0.050000
9941,-131.070536,0.050000
9942,-190.376189,0.050000
9943,-148.979405,0.050000
9944,-132.824542,0.050000
9945,-167.095310,0.050000
9946,-111.966112,0.050000
9947,-262.235767,0.050000
9948,-158.001729,0.050000
9949,-171.156213,0.050000
9950,-212.126479,0.050000
9951,-143.968701,0.050000
9952,-182.257086,0.050000
9953,-202.586660,0.050000
9954,-189.224659,0.050000
9955,-238.043860,0.050000
9956,-178.155609,0.050000
9957,-145.870753,0.050000
9958,-152.131938,0.050000
9959,-182.234699,0.050000
9960,-201.599045,0.050000
9961,-203.414841,0.050000
9962,-166.384962,0.050000
9963,-214.550228,0.050000
9964,-155.307640,0.050000
9965,-132.462037,0.050000
9966,-207.197878,0.050000
9967,-131.605992,0.050000
9968,-122.109133,0.050000
9969,-127.729382,0.050000
9970,-101.307560,0.050000
9971,-136.596918,0.050000
9972,-234.115536,0.050000
9973,-136.536187,0.050000
9974,-178.393731,0.050000
9975,-98.873662,0.050000
9976,-167.367514,0.050000
9977,-222.560278,0.050000
9978,-204.165680,0.050000
9979,-184.815821,0.050000
9980,-162.015732,0.050000
9981,-202.278210,0.050000
9982,-117.986913,0.050000
9983,-127.390225,0.050000
9984,-138.366762,0.050000
9985,-103.016954,0.050000
9986,-176.246286,0.050000
9987,-239.882322,0.050000
9988,-235.350327,0.050000
9989,-219.608837,0.050000
9990,-163.062377,0.050000
9991,-178.636904,0.050000
9992,-211.861017,0.050000
9993,-173.205589,0.050000
9994,-205.737369,0.050000
9995,-163.960699,0.050000
9996,-210.140520,0.050000
9997,-192.457601,0.050000
9998,-153.364072,0.050000
9999,-178.207195,0.050000
10000,-149.250323,0.050000
10001,-157.305772,0.050000
10002,-161.071904,0.050000
10003,-130.238664,0.050000
10004,-193.773925,0.050000
10005,-173.100261,0.050000
10006,-166.941942,0.050000
10007,-241.832864,0.050000
10008,-173.088160,0.050000
10009,-208.716484,0.050000
10010,-165.933738,0.050000
10011,-151.254982,0.050000
10012,-175.697247,0.050000
10013,-156.385189,0.050000
10014,-130.228983,0.050000
10015,-210.762102,0.050000
10016,-198.959809,0.050000
10017,-170.398251,0.050000
10018,-220.035219,0.050000
10019,-192.421872,0.050000
10020,-188.054048,0.050000
10021,-153.295444,0.050000
10022,-230.703993,0.050000
10023,-182.858244,0.050000
10024,-186.385677,0.050000
10025,-110.345714,0.050000
10026,-172.618098,0.050000
10027,-236.063600,0.050000
10028,-178.971528,0.050000
10029,-201.256068,0.050000
10030,-206.035807,0.050000
10031,-161.787631,0.050000
10032,-152.169629,0.050000
10033,-133.033333,0.050000
10034,-179.636851,0.050000
10035,-259.162377,0.050000
10036,-197.282410,0.050000
10037,-165.532113,0.050000
10038,-139.095518,0.050000
10039,-159.410632,0.050000
10040,-177.442645,0.050000
10041,-161.066470,0.050000
10042,-225.077297,0.050000
10043,-207.653990,0.050000
10044,-161.185076,0.050000
10045,-149.724015,0.050000
10046,-226.741596,0.050000
10047,-203.882426,0.050000
10048,-237.187959,0.050000
10049,-203.295679,0.050000
10050,-142.806070,0.050000
10051,-182.318685,0.050000
10052,-133.355075,0.050000
10053,-181.917024,0.050000
10054,-170.779407,0.050000
10055,-185.079025,0.050000
10056,-172.788777,0.050000
10057,-164.941518,0.050000
10058,-204.760633,0.050000
10059,-199.543704,0.050000
10060,-212.948220,0.050000
10061,-196.350678,0.050000
10062,-127.133339,0.050000
10063,-193.770501,0.050000
10064,-124.418370,0.050000
10065,-120.817127,0.050000
10066,-73.849487,0.050000
10067,-67.780020,0.050000
10068,-183.438600,0.050000
10069,-149.723252,0.050000
10070,-210.732995,0.050000
10071,-139.952822,0.050000
10072,-203.746904,0.050000
10073,-157.193333,0.050000
10074,-137.996519,0.050000
10075,-190.987057,0.050000
10076,-130.639116,0.050000
10077,-178.790299,0.050000
10078,-240.899394,0.050000
10079,-185.309989,0.050000
10080,-181.193716,0.050000
10081,-125.977328,0.050000
10082,-163.825277,0.050000
10083,-99.171229,0.050000
10084,-179.592723,0.050000
10085,-221.320992,0.050000
10086,-183.552649,0.050000
10087,-98.413961,0.050000
10088,-193.662462,0.050000
10089,-206.666454,0.050000
10090,-129.981044,0.050000
10091,-263.650011,0.050000
10092,-161.095055,0.050000
10093,-142.761753,0.050000
10094,-113.623558,0.050000
10095,-197.059126,0.050000
10096,-196.562617,0.050000
10097,-47.309398,0.050000
10098,-113.401579,0.050000
10099,-153.930145,0.050000
10100,-143.077907,0.050000
10101,-99.430548,0.050000
10102,-142.399860,0.050000
10103,-199.332724,0.050000
10104,-115.829417,0.050000
10105,-138.386627,0.050000
10106,-242.825578,0.050000
10107,-178.508352,0.050000
10108,-174.090280,0.050000
10109,-108.850288,0.050000
10110,-154.355799,0.050000
10111,-158.673838,0.050000
10112,-117.008953,0.050000
10113,-144.258858,0.050000
10114,-135.308789,0.050000
10115,-89.762697,0.050000
10116,-143.010500,0.050000
10117,-134.477947,0.050000
10118,-193.210515,0.050000
10119,-179.252375,0.050000
10120,-141.557138,0.050000
10121,-163.610150,0.050000
10122,-115.602395,0.050000
10123,-142.729733,0.050000
10124,-146.204572,0.050000
10125,-103.075869,0.050000
10126,-188.794020,0.050000
10127,-170.203050,0.050000
10128,-219.288031,0.050000
10129,-88.966526,0.050000
10130,-168.736565,0.050000
10131,-147.956040,0.050000
10132,-175.103279,0.050000
10133,-133.180911,0.050000
10134,-230.988046,0.050000
10135,-130.702297,0.050000
10136,-186.262711,0.050000
10137,-202.656009,0.050000
10138,-131.348965,0.050000
10139,-130.865349,0.050000
10140,-179.836736,0.050000
10141,-172.809390,0.050000
10142,-190.681201,0.050000
10143,-149.961781,0.050000
10144,-199.683293,0.050000
10145,-147.368366,0.050000
10146,-174.456497,0.050000
10147,-184.067555,0.050000
10148,-146.611143,0.050000
10149,-216.855407,0.050000
10150,-149.534187,0.050000
10151,-211.342269,0.050000
10152,-166.995834,0.050000
10153,-207.165157,0.050000
10154,-184.161600,0.050000
10155,-199.886073,0.050000
10156,-215.132207,0.050000
10157,-164.710313,0.050000
10158,-138.277433,0.050000
10159,-214.176204,0.050000
10160,-143.319618,0.050000
10161,-112.192316,0.050000
10162,-124.137507,0.050000
10163,-266.690589,0.050000
10164,-108.090190,0.050000
10165,-183.745935,0.050000
10166,-235.183531,0.050000
10167,-155.177871,0.050000
10168,-138.375175,0.050000
10169,-121.223923,0.050000
10170,-170.806920,0.050000
10171,-147.916363,0.050000
10172,-166.779372,0.050000
10173,-159.117434,0.050000
10174,-234.665959,0.050000
10175,-226.245199,0.050000
10176,-149.262186,0.050000
10177,-229.524694,0.050000
10178,-221.929438,0.050000
10179,-182.265112,0.050000
10180,-172.378121,0.050000
10181,-144.998279,0.050000
10182,-150.278982,0.050000
10183,-170.887619,0.050000
10184,-196.624827,0.050000
10185,-211.020558,0.050000
10186,-99.601346,0.050000
10187,-192.909880,0.050000
10188,-279.149849,0.050000
10189,-208.433662,0.050000
10190,-149.082148,0.050000
10191,-182.529490,0.050000
10192,-193.912252,0.050000
10193,-193.988443,0.050000
10194,-157.631631,0.050000
10195,-208.684116,0.050000
10196,-188.530986,0.050000
10197,-227.641507,0.050000
10198,-160.563820,0.050000
10199,-61.783504,0.050000
10200,-199.174660,0.050000
10201,-118.140376,0.050000
10202,-272.232208,0.050000
10203,-221.875030,0.050000
10204,-184.421951,0.050000
10205,-204.178287,0.050000
10206,-168.878293,0.050000
10207,-263.860432,0.050000
10208,-200.257455,0.050000
10209,-117.064472,0.050000
10210,-177.179958,0.050000
10211,-225.023232,0.050000
10212,-115.185615,0.050000
10213,-167.529307,0.050000
10214,-101.509521,0.050000
10215,-135.553678,0.050000
10216,-112.268481,0.050000
10217,-195.263336,0.050000
10218,-102.310664,0.050000
10219,-87.032692,0.050000
10220,-214.996761,0.050000
10221,-120.252689,0.050000
10222,-218.594719,0.050000
10223,-132.365582,0.050000
10224,-140.444596,0.050000
10225,-177.368426,0.050000
10226,-171.110585,0.050000
10227,-181.035210,0.050000
10228,-80.232462,0.050000
10229,-183.469847,0.050000
10230,-218.825381,0.050000
10231,-180.799217,0.050000
10232,-120.177794,0.050000
10233,-250.921238,0.050000
10234,-182.975883,0.050000
10235,-223.070526,0.050000
10236,-182.972266,0.050000
10237,-92.988735,0.050000
10238,-175.261494,0.050000
10239,-120.299627,0.050000
10240,-202.578436,0.050000
10241,-105.314351,0.050000
10242,-147.489366,0.050000
10243,-167.760971,0.050000
10244,-146.064620,0.050000
10245,-168.756068,0.050000
10246,-99.240686,0.050000
10247,-46.951728,0.050000
10248,-267.135478,0.050000
10249,-152.926965,0.050000
10250,-202.254022,0.050000
10251,-136.280171,0.050000
10252,-158.096389,0.050000
10253,-166.269051,0.050000
10254,-140.356931,0.050000
10255,-103.557720,0.050000
10256,-177.447658,0.050000
10257,-199.423069,0.050000
10258,-118.450314,0.050000
10259,-185.779910,0.050000
10260,-173.802818,0.050000
10261,-77.175841,0.050000
10262,-105.574343,0.050000
10263,-33.551174,0.050000
10264,-197.510393,0.050000
10265,-182.336627,0.050000
10266,-115.484161,0.050000
10267,-146.197894,0.050000
10268,-203.678050,0.050000
10269,-155.088452,0.050000
10270,-139.599312,0.050000
10271,-72.635522,0.050000
10272,-134.671741,0.050000
10273,-109.239162,0.050000
10274,-95.065061,0.050000
10275,-154.995098,0.050000
10276,-257.096979,0.050000
10277,-185.283235,0.050000
10278,-147.519880,0.050000
10279,-193.294537,0.050000
10280,-149.254527,0.050000
10281,-159.740459,0.050000
10282,-129.846322,0.050000
10283,-63.628596,0.050000
10284,-199.506432,0.050000
10285,-167.093995,0.050000
10286,-230.352256,0.050000
10287,-148.863053,0.050000
10288,-132.088586,0.050000
10289,-216.301594,0.050000
10290,-167.088132,0.050000
10291,-172.569651,0.050000
10292,-153.872055,0.050000
10293,-110.293283,0.050000
10294,-230.079602,0.050000
10295,-155.045013,0.050000
10296,-180.853965,0.050000
10297,-215.531921,0.050000
10298,-145.367795,0.050000
10299,-257.668538,0.050000
10300,-172.550848,0.050000
10301,-115.692071,0.050000
10302,-181.768529,0.050000
10303,-116.629350,0.050000
10304,-162.653373,0.050000
10305,-101.639795,0.050000
10306,-200.138952,0.050000
10307,-168.375419,0.050000
10308,-162.797282,0.050000
10309,-179.396778,0.050000
10310,-191.112552,0.050000
10311,-165.831000,0.050000
10312,-152.976750,0.050000
10313,-151.795007,0.050000
10314,-247.459973,0.050000
10315,-214.128838,0.050000
10316,-204.619683,0.050000
10317,-167.190448,0.050000
10318,-200.640775,0.050000
10319,-221.059055,0.050000
10320,-142.559538,0.050000
10321,-97.987317,0.050000
10322,-130.312826,0.050000
10323,-148.533767,0.050000
10324,-127.576594,0.050000
10325,-138.725826,0.050000
10326,-126.749429,0.050000
10327,-147.647501,0.050000
10328,-172.351692,0.050000
10329,-172.671635,0.050000
10330,-119.646057,0.050000
10331,-186.873634,0.050000
10332,-96.702019,0.050000
10333,-194.196349,0.050000
10334,-155.208127,0.050000
10335,-171.687476,0.050000
10336,-193.130575,0.050000
10337,-148.062210,0.050000
10338,-124.388076,0.050000
10339,-144.081430,0.050000
10340,-163.622848,0.050000
10341,-118.427776,0.050000
10342,-144.453201,0.050000
10343,-141.049837,0.050000
10344,-158.142164,0.050000
10345,-172.041001,0.050000
10346,-117.189201,0.050000
10347,-174.887971,0.050000
10348,-177.019327,0.050000
10349,-79.276712,0.050000
10350,-142.041630,0.050000
10351,-147.232404,0.050000
10352,-148.394867,0.050000
10353,-138.780785,0.050000
10354,-180.507463,0.050000
10355,-227.084861,0.050000
10356,-132.836542,0.050000
10357,-143.791356,0.050000
10358,-184.914717,0.050000
10359,-139.204566,0.050000
10360,-196.301783,0.050000
10361,-57.162708,0.050000
10362,-115.023914,0.050000
10363,-154.340829,0.050000
10364,-148.579468,0.050000
10365,-177.939591,0.050000
10366,-92.524887,0.050000
10367,-97.932055,0.050000
10368,-222.929087,0.050000
10369,-128.995283,0.050000
10370,-141.067353,0.050000
10371,-138.838454,0.050000
10372,-106.173060,0.050000
10373,-143.239508,0.050000
10374,-203.608479,0.050000
10375,-158.410640,0.050000
10376,-174.124409,0.050000
10377,-126.528338,0.050000
10378,-169.304432,0.050000
10379,-197.650147,0.050000
10380,-79.951669,0.050000
10381,-129.989788,0.050000
10382,-196.182484,0.050000
10383,-223.009761,0.050000
10384,-244.080391,0.050000
10385,-167.233494,0.050000
10386,-160.596366,0.050000
10387,-180.451510,0.050000
10388,-191.304554,0.050000
10389,-110.492408,0.050000
10390,-198.824086,0.050000
10391,-144.458843,0.050000
10392,-231.794539,0.050000
10393,-133.000664,0.050000
10394,-226.917976,0.050000
10395,-174.609537,0.050000
10396,-122.323298,0.050000
10397,-131.698763,0.050000
10398,-152.186774,0.050000
10399,-122.253247,0.050000
10400,-173.461434,0.050000
10401,-187.945510,0.050000
10402,-206.081500,0.050000
10403,-170.863513,0.050000
10404,-153.651689,0.050000
10405,-126.883509,0.050000
10406,-121.963382,0.050000
10407,-181.205073,0.050000
10408,-208.401148,0.050000
10409,-130.341798,0.050000
10410,-165.163846,0.050000
10411,-148.208817,0.050000
10412,-91.159177,0.050000
10413,-134.057473,0.050000
10414,-75.424169,0.050000
10415,-208.850006,0.050000
10416,-123.876324,0.050000
10417,-112.019389,0.050000
10418,-178.264785,0.050000
10419,-160.867318,0.050000
10420,-121.084349,0.050000
10421,-102.360055,0.050000
10422,-157.130850,0.050000
10423,-180.364432,0.050000
10424,-136.271460,0.050000
10425,-109.048713,0.050000
10426,-164.554751,0.050000
10427,-139.348753,0.050000
10428,-137.193774,0.050000
10429,-111.246053,0.050000
10430,-201.713348,0.050000
10431,-148.346866,0.050000
10432,-156.051298,0.050000
10433,-158.474850,0.050000
10434,-125.255480,0.050000
10435,-168.208431,0.050000
10436,-90.543116,0.050000
10437,-135.514250,0.050000
10438,-141.111798,0.050000
10439,-77.556294,0.050000
10440,-105.718405,0.050000
10441,-162.903215,0.050000
10442,-74.735966,0.050000
10443,-124.053397,0.050000
10444,-157.787735,0.050000
10445,-104.545000,0.050000
10446,-251.145648,0.050000
10447,-141.812214,0.050000
10448,-98.727714,0.050000
10449,-158.566788,0.050000
10450,-154.625857,0.050000
10451,-141.377669,0.050000
10452,-94.717150,0.050000
10453,-103.729107,0.050000
10454,-172.294213,0.050000
10455,-88.733906,0.050000
10456,-159.610282,0.050000
10457,-90.667325,0.050000
10458,-91.696017,0.050000
10459,-198.383683,0.050000
10460,-160.271303,0.050000
10461,-130.552955,0.050000
10462,-128.619352,0.050000
10463,-168.182773,0.050000
10464,-182.936933,0.050000
10465,-110.961350,0.050000
10466,-133.389501,0.050000
10467,-187.094291,0.050000
10468,-180.674158,0.050000
10469,-105.991950,0.050000
10470,-164.552901,0.050000
10471,-96.120132,0.050000
10472,-224.464389,0.050000
10473,-86.878150,0.050000
10474,-41.927685,0.050000
10475,-135.428257,0.050000
10476,-166.994038,0.050000
10477,-202.499351,0.050000
10478,-95.879591,0.050000
10479,-103.829710,0.050000
10480,-147.816003,0.050000
10481,-122.517937,0.050000
10482,-165.987503,0.050000
10483,-168.269602,0.050000
10484,-229.332982,0.050000
10485,-76.019572,0.050000
10486,-165.230172,0.050000
10487,-176.847451,0.050000
10488,-126.749311,0.050000
10489,-200.741313,0.050000
10490,-124.173296,0.050000
10491,-98.571080,0.050000
10492,-61.658990,0.050000
10493,-119.701715,0.050000
10494,-124.592506,0.050000
10495,-193.751224,0.050000
10496,-133.892665,0.050000
10497,-179.743661,0.050000
10498,-138.559549,0.050000
10499,-141.735999,0.050000
10500,-85.745109,0.050000
10501,-143.322983,0.050000
10502,-111.235180,0.050000
10503,-118.622995,0.050000
10504,-142.709217,0.050000
10505,-122.413536,0.050000
10506,-140.330234,0.050000
10507,-198.153281,0.050000
10508,-110.636401,0.050000
10509,-184.139743,0.050000
10510,-117.954823,0.050000
10511,-122.683226,0.050000
10512,-158.169544,0.050000
10513,-173.791910,0.050000
10514,-171.331041,0.050000
10515,-145.477351,0.050000
10516,-63.301143,0.050000
10517,-109.872994,0.050000
10518,-90.249452,0.050000
10519,-106.435078,0.050000
10520,-49.738200,0.050000
10521,-157.231471,0.050000
10522,-98.271480,0.050000
10523,-136.004245,0.050000
10524,-99.935021,0.050000
10525,-53.741602,0.050000
10526,-36.806014,0.050000
10527,-83.218847,0.050000
10528,-135.996073,0.050000
10529,-85.166708,0.050000
10530,-178.637022,0.050000
10531,-95.169562,0.050000
10532,-144.087025,0.050000
10533,-126.895051,0.050000
10534,-72.184800,0.050000
10535,-54.198988,0.050000
10536,-39.934425,0.050000
10537,-102.389667,0.050000
10538,-147.056827,0.050000
10539,-44.414534,0.050000
10540,-175.390755,0.050000
10541,-100.246131,0.050000
10542,-86.905632,0.050000
10543,-107.089276,0.050000
10544,-119.374441,0.050000
10545,-136.206540,0.050000
10546,-85.348783,0.050000
10547,-152.147650,0.050000
10548,-114.573506,0.050000
10549,-70.790703,0.050000
10550,-103.324118,0.050000
10551,-146.421001,0.050000
10552,-86.729578,0.050000
10553,-86.704922,0.050000
10554,-149.903372,0.050000
10555,-123.991106,0.050000
10556,-157.614770,0.050000
10557,-143.473958,0.050000
10558,-90.173424,0.050000
10559,-75.572996,0.050000
10560,-142.793047,0.050000
10561,-131.084293,0.050000
10562,-146.873743,0.050000
10563,-142.072167,0.050000
10564,-192.522041,0.050000
10565,-20.996015,0.050000
10566,-157.901696,0.050000
10567,-163.578736,0.050000
10568,-104.479875,0.050000
10569,-127.237885,0.050000
10570,-110.425218,0.050000
10571,-141.519053,0.050000
10572,-123.412141,0.050000
10573,-72.781411,0.050000
10574,-88.672925,0.050000
10575,-73.548583,0.050000
10576,-189.397367,0.050000
10577,-114.906592,0.050000
10578,-53.366861,0.050000
10579,-64.743926,0.050000
10580,-88.903056,0.050000
10581,-50.331518,0.050000
10582,-80.449101,0.050000
10583,-120.092423,0.050000
10584,-119.266608,0.050000
10585,-130.083702,0.050000
10586,-144.230611,0.050000
10587,-100.924705,0.050000
10588,-84.430119,0.050000
10589,-155.237681,0.050000
10590,-114.982095,0.050000
10591,-52.472422,0.050000
10592,-77.594855,0.050000
10593,-11.885022,0.050000
10594,-145.811807,0.050000
10595,-98.262194,0.050000
10596,-84.875545,0.050000
10597,-123.824466,0.050000
10598,-107.242367,0.050000
10599,-94.124038,0.050000
10600,-107.815785,0.050000
10601,-91.668274,0.050000
10602,-154.945435,0.050000
10603,-128.571147,0.050000
10604,-112.486224,0.050000
10605,-87.306123,0.050000
10606,-145.177818,0.050000
10607,-124.875682,0.050000
10608,-116.363991,0.050000
10609,-201.573460,0.050000
10610,-72.789688,0.050000
10611,-119.363424,0.050000
10612,-82.875267,0.050000
10613,-184.947001,0.050000
10614,-96.277767,0.050000
10615,-94.141213,0.050000
10616,-156.731417,0.050000
10617,-106.534497,0.050000
10618,-121.454989,0.050000
10619,-83.449259,0.050000
10620,-71.466178,0.050000
10621,-179.160787,0.050000
10622,-182.730998,0.050000
10623,-93.706405,0.050000
10624,-67.250171,0.050000
10625,-98.237832,0.050000
10626,-161.292759,0.050000
10627,-124.457688,0.050000
10628,-127.774406,0.050000
10629,-132.102926,0.050000
10630,-29.811268,0.050000
10631,-132.680932,0.050000
10632,-80.561524,0.050000
10633,-95.471446,0.050000
10634,-120.094021,0.050000
10635,-179.786899,0.050000
10636,-62.803767,0.050000
10637,-142.326747,0.050000
10638,-62.084141,0.050000
10639,-76.963841,0.050000
10640,-174.463769,0.050000
10641,-173.243063,0.050000
10642,-101.048277,0.050000
10643,-116.367321,0.050000
10644,-82.224249,0.050000
10645,-105.398930,0.050000
10646,-70.511327,0.050000
10647,-146.477119,0.050000
10648,-127.235115,0.050000
10649,-143.397064,0.050000
10650,-89.963807,0.050000
10651,-129.113595,0.050000
10652,-145.919986,0.050000
10653,-96.908388,0.050000
10654,-133.245348,0.050000
10655,-88.230066,0.050000
10656,-129.087919,0.050000
10657,-112.996210,0.050000
10658,-94.406351,0.050000
10659,-87.532647,0.050000
10660,-75.849626,0.050000
10661,-102.170582,0.050000
10662,-154.308561,0.050000
10663,-102.416533,0.050000
10664,-189.129032,0.050000
10665,-119.123764,0.050000
10666,-75.702345,0.050000
10667,-131.942452,0.050000
10668,-91.736269,0.050000
10669,-125.033172,0.050000
10670,-156.687101,0.050000
10671,-115.572958,0.050000
10672,-125.079320,0.050000
10673,-172.880895,0.050000
10674,-136.663506,0.050000
10675,-57.694262,0.050000
10676,-148.956239,0.050000
10677,-171.469922,0.050000
10678,-98.491651,0.050000
10679,-100.579378,0.050000
10680,-139.958423,0.050000
10681,-110.502393,0.050000
10682,-92.836260,0.050000
10683,-91.609373,0.050000
10684,-70.076823,0.050000
10685,-89.045488,0.050000
10686,-121.265927,0.050000
10687,-148.396432,0.050000
10688,-83.875528,0.050000
10689,-106.615789,0.050000
10690,-85.401534,0.050000
10691,-88.409604,0.050000
10692,-118.037897,0.050000
10693,-95.253077,0.050000
10694,-166.513053,0.050000
10695,-120.844908,0.050000
10696,-63.133899,0.050000
10697,-120.075105,0.050000
10698,-168.453310,0.050000
10699,-69.298202,0.050000
10700,-127.470285,0.050000
10701,-118.873859,0.050000
10702,-169.101867,0.050000
10703,-125.941616,0.050000
10704,-154.635132,0.050000
10705,-121.499449,0.050000
10706,-123.634614,0.050000
10707,-113.519798,0.050000
10708,-77.949003,0.050000
10709,-72.626191,0.050000
10710,-162.032567,0.050000
10711,-150.018152,0.050000
10712,-154.474810,0.050000
10713,-127.120852,0.050000
10714,-65.344050,0.050000
10715,-129.515626,0.050000
10716,-141.019649,0.050000
10717,-52.040036,0.050000
10718,-92.211100,0.050000
10719,-78.464604,0.050000
10720,-210.979704,0.050000
10721,-103.457845,0.050000
10722,-122.578062,0.050000
10723,-132.865333,0.050000
10724,-173.032369,0.050000
10725,-166.243841,0.050000
10726,-121.038254,0.050000
10727,-176.795653,0.050000
10728,-90.519793,0.050000
10729,-141.089562,0.050000
10730,-110.335307,0.050000
10731,-118.626806,0.050000
10732,-201.079648,0.050000
10733,-69.672014,0.050000
10734,-127.949692,0.050000
10735,-144.744996,0.050000
10736,-106.764864,0.050000
10737,-160.241732,0.050000
10738,-96.468513,0.050000
10739,-171.714449,0.050000
10740,-178.163211,0.050000
10741,-107.925376,0.050000
10742,-157.988696,0.050000
10743,-164.718738,0.050000
10744,-126.209543,0.050000
10745,-122.964304,0.050000
10746,-112.108016,0.050000
10747,-72.329699,0.050000
10748,-109.065573,0.050000
10749,-66.907270,0.050000
10750,-125.349525,0.050000
10751,-128.390711,0.050000
10752,-135.094936,0.050000
10753,-200.957390,0.050000
10754,-188.680006,0.050000
10755,-152.123168,0.050000
10756,-175.451740,0.050000
10757,-133.215799,0.050000
10758,-86.352947,0.050000
10759,-95.577438,0.050000
10760,-103.478168,0.050000
10761,-124.419142,0.050000
10762,-90.619739,0.050000
10763,-36.614424,0.050000
10764,-177.535907,0.050000
10765,-98.362046,0.050000
10766,-148.934176,0.050000
10767,-137.854291,0.050000
10768,-88.090413,0.050000
10769,-133.103414,0.050000
10770,-161.950194,0.050000
10771,-174.122217,0.050000
10772,-146.745451,0.050000
10773,-155.456686,0.050000
10774,-180.046534,0.050000
10775,-154.933420,0.050000
10776,-192.810198,0.050000
10777,-174.380813,0.050000
10778,-190.085098,0.050000
10779,-147.105263,0.050000
10780,-81.863099,0.050000
10781,-136.757205,0.050000
10782,-91.987490,0.050000
10783,-143.672605,0.050000
10784,-70.647399,0.050000
10785,-143.469572,0.050000
10786,-86.385970,0.050000
10787,-98.839399,0.050000
10788,-88.075065,0.050000
10789,-160.922542,0.050000
10790,-160.603409,0.050000
10791,-99.647206,0.050000
10792,-92.615114,0.050000
10793,-205.094327,0.050000
10794,-162.051736,0.050000
10795,-118.900321,0.050000
10796,-193.446224,0.050000
10797,-136.177148,0.050000
10798,-145.496234,0.050000
10799,-100.658264,0.050000
10800,-190.833519,0.050000
10801,-119.241723,0.050000
10802,-157.411968,0.050000
10803,-198.731017,0.050000
10804,-126.694275,0.050000
10805,-102.124181,0.050000
10806,-80.064082,0.050000
10807,-71.029847,0.050000
10808,-110.963704,0.050000
10809,-131.120749,0.050000
10810,-130.233105,0.050000
10811,-137.763754,0.050000
10812,-129.296202,0.050000
10813,-145.388177,0.050000
10814,-128.600809,0.050000
10815,-84.600706,0.050000
10816,-145.020861,0.050000
10817,-113.760520,0.050000
10818,-93.976089,0.050000
10819,-113.325418,0.050000
10820,-162.458489,0.050000
10821,-146.847486,0.050000
10822,-151.005733,0.050000
10823,-70.310870,0.050000
10824,-155.247767,0.050000
10825,-82.543004,0.050000
10826,-32.347586,0.050000
10827,-75.266332,0.050000
10828,-134.225697,0.050000
10829,-134.817494,0.050000
10830,-162.406871,0.050000
10831,-118.439473,0.050000
10832,-109.072922,0.050000
10833,-108.105226,0.050000
10834,-97.568155,0.050000
10835,-121.223530,0.050000
10836,-153.538336,0.050000
10837,-127.934111,0.050000
10838,-123.614098,0.050000
10839,-134.082104,0.050000
10840,-114.905484,0.050000
10841,-180.559109,0.050000
10842,-55.833509,0.050000
10843,-89.992895,0.050000
10844,-125.894824,0.050000
10845,-149.084800,0.050000
10846,-63.102792,0.050000
10847,-130.702995,0.050000
10848,-107.251733,0.050000
10849,-114.451945,0.050000
10850,-89.197667,0.050000
10851,-115.253096,0.050000
10852,-82.097260,0.050000
10853,-113.094556,0.050000
10854,-126.593956,0.050000
10855,-149.102007,0.050000
10856,-99.379240,0.050000
10857,-123.549578,0.050000
10858,-91.406433,0.050000
10859,-132.657633,0.050000
10860,-113.916518,0.050000
10861,-86.869679,0.050000
10862,-111.706479,0.050000
10863,-125.853476,0.050000
10864,-115.728300,0.050000
10865,-101.710706,0.050000
10866,-161.891753,0.050000
10867,-127.934843,0.050000
10868,-131.629241,0.050000
10869,-173.534253,0.050000
10870,-134.446477,0.050000
10871,-63.561350,0.050000
10872,-97.315491,0.050000
10873,-79.954198,0.050000
10874,-170.951163,0.050000
10875,-169.337463,0.050000
10876,-101.763451,0.050000
10877,-101.925587,0.050000
10878,-116.824351,0.050000
10879,-115.058281,0.050000
10880,-135.264300,0.050000
10881,-90.811852,0.050000
10882,-204.016291,0.050000
10883,-127.649355,0.050000
10884,-124.156322,0.050000
10885,-167.908356,0.050000
10886,-131.210320,0.050000
10887,-104.239045,0.050000
10888,-133.985904,0.050000
10889,-172.082402,0.050000
10890,-91.451000,0.050000
10891,-178.330311,0.050000
10892,-164.040014,0.050000
10893,-184.952442,0.050000
10894,-157.079851,0.050000
10895,-101.639273,0.050000
10896,-111.320266,0.050000
10897,-85.761228,0.050000
10898,-149.993594,0.050000
10899,-144.811427,0.050000
10900,-110.032945,0.050000
10901,-121.099270,0.050000
10902,-177.803795,0.050000
10903,-123.838664,0.050000
10904,-105.729417,0.050000
10905,-108.780696,0.050000
10906,-136.500660,0.050000
10907,-113.176799,0.050000
10908,-162.931926,0.050000
10909,-110.466199,0.050000
10910,-100.955483,0.050000
10911,-101.337473,0.050000
10912,-127.995036,0.050000
10913,-96.476573,0.050000
10914,-153.786138,0.050000
10915,-97.422210,0.050000
10916,-116.216582,0.050000
10917,-124.077124,0.050000
10918,-97.607311,0.050000
10919,-131.970202,0.050000
10920,-130.519887,0.050000
10921,-176.649901,0.050000
10922,-132.675386,0.050000
10923,-120.979146,0.050000
10924,-152.419277,0.050000
10925,-65.516913,0.050000
10926,-126.918836,0.050000
10927,-134.340301,0.050000
10928,-66.522698,0.050000
10929,-107.358263,0.050000
10930,-104.431785,0.050000
10931,-185.622723,0.050000
10932,-108.535818,0.050000
10933,-105.157570,0.050000
10934,-74.554767,0.050000
10935,-101.267525,0.050000
10936,-138.867366,0.050000
10937,-164.854019,0.050000
10938,-106.046511,0.050000
10939,-104.491764,0.050000
10940,-111.056754,0.050000
10941,-138.409495,0.050000
10942,-92.026606,0.050000
10943,-80.640387,0.050000
10944,-106.441907,0.050000
10945,-132.522758,0.050000
10946,-99.393332,0.050000
10947,-98.471801,0.050000
10948,-93.341087,0.050000
10949,-55.003140,0.050000
10950,-104.415930,0.050000
10951,-77.194625,0.050000
10952,-115.641365,0.050000
10953,-125.682023,0.050000
10954,-93.601735,0.050000
10955,-138.675128,0.050000
10956,-99.421776,0.050000
10957,-173.049062,0.050000
10958,-93.148084,0.050000
10959,-124.730659,0.050000
10960,-144.097462,0.050000
10961,-160.420725,0.050000
10962,-150.666199,0.050000
10963,-156.095462,0.050000
10964,-146.152597,0.050000
10965,-152.135257,0.050000
10966,-180.881513,0.050000
10967,-129.725640,0.050000
10968,-101.207771,0.050000
10969,-149.205248,0.050000
10970,-77.651830,0.050000
10971,-102.573772,0.050000
10972,-114.231236,0.050000
10973,-122.255171,0.050000
10974,-134.957042,0.050000
10975,-172.444894,0.050000
10976,-140.885800,0.050000
10977,-88.456067,0.050000
10978,-102.221409,0.050000
10979,-182.711886,0.050000
10980,-130.497634,0.050000
10981,-48.620074,0.050000
10982,-88.522215,0.050000
10983,-75.789116,0.050000
10984,-163.078197,0.050000
10985,-116.250046,0.050000
10986,-119.263871,0.050000
10987,-155.946976,0.050000
10988,-114.785860,0.050000
10989,-148.996923,0.050000
10990,-134.260047,0.050000
10991,-149.990711,0.050000
10992,-90.671469,0.050000
10993,-140.437897,0.050000
10994,-92.935224,0.050000
10995,-113.394829,0.050000
10996,-91.042876,0.050000
10997,-114.717068,0.050000
10998,-145.456155,0.050000
10999,-157.907905,0.050000
11000,-98.709099,0.050000
11001,-128.695068,0.050000
11002,-169.924354,0.050000
11003,-185.012470,0.050000
11004,-173.443706,0.050000
11005,-120.979532,0.050000
11006,-88.809901,0.050000
11007,-70.415837,0.050000
11008,-132.534477,0.050000
11009,-137.786805,0.050000
11010,-78.273148,0.050000
11011,-45.349500,0.050000
11012,-183.263509,0.050000
11013,-89.733162,0.050000
11014,-77.574866,0.050000
11015,-80.571217,0.050000
11016,-27.283690,0.050000
11017,-52.690085,0.050000
11018,-119.656777,0.050000
11019,-173.577224,0.050000
11020,-84.582936,0.050000
11021,-59.881180,0.050000
11022,-106.005537,0.050000
11023,-211.803138,0.050000
11024,-89.594785,0.050000
11025,-95.626522,0.050000
11026,-153.846213,0.050000
11027,-154.665366,0.050000
11028,-99.417879,0.050000
11029,-140.584347,0.050000
11030,-82.442458,0.050000
11031,-101.364855,0.050000
11032,-103.392713,0.050000
11033,-189.640132,0.050000
11034,-78.826952,0.050000
11035,-34.796289,0.050000
11036,-42.479006,0.050000
11037,-84.550465,0.050000
11038,-89.419527,0.050000
11039,-146.295566,0.050000
11040,-162.528126,0.050000
11041,-128.133629,0.050000
11042,-114.478896,0.050000
11043,-27.365625,0.050000
11044,-100.741470,0.050000
11045,-153.532709,0.050000
11046,-104.457881,0.050000
11047,-109.843659,0.050000
11048,-160.415067,0.050000
11049,-144.251458,0.050000
11050,-179.435558,0.050000
11051,-102.900103,0.050000
11052,-105.792676,0.050000
11053,-108.751698,0.050000
11054,-139.195443,0.050000
11055,-79.478769,0.050000
11056,-87.330186,0.050000
11057,-53.891771,0.050000
11058,-37.556467,0.050000
11059,-63.077841,0.050000
11060,-134.963606,0.050000
11061,-236.681086,0.050000
11062,-94.540879,0.050000
11063,-99.214619,0.050000
11064,-86.594195,0.050000
11065,-87.679468,0.050000
11066,-105.233028,0.050000
11067,-117.310577,0.050000
11068,-69.442450,0.050000
11069,-139.343754,0.050000
11070,-44.409429,0.050000
11071,-132.554309,0.050000
11072,-113.074400,0.050000
11073,-112.991422,0.050000
11074,-159.742090,0.050000
11075,-161.336113,0.050000
11076,-145.095523,0.050000
11077,-155.047328,0.050000
11078,-80.255802,0.050000
11079,-147.684450,0.050000
11080,-117.329293,0.050000
11081,-122.634354,0.050000
11082,-114.362965,0.050000
11083,-107.205948,0.050000
11084,-275.282639,0.050000
11085,-139.943384,0.050000
11086,-131.077570,0.050000
11087,-110.137777,0.050000
11088,-158.297837,0.050000
11089,-75.272096,0.050000
11090,-91.777358,0.050000
11091,-123.592580,0.050000
11092,-87.715495,0.050000
11093,-191.020993,0.050000
11094,-129.128791,0.050000
11095,-112.587555,0.050000
11096,-102.862671,0.050000
11097,-218.049328,0.050000
11098,-149.358437,0.050000
11099,-101.897102,0.050000
11100,-154.818389,0.050000
11101,-69.749405,0.050000
11102,-146.925209,0.050000
11103,-145.946689,0.050000
11104,-109.638659,0.050000
11105,-81.518739,0.050000
11106,-112.868376,0.050000
11107,-94.773708,0.050000
11108,-126.461058,0.050000
11109,-114.475406,0.050000
11110,-127.552329,0.050000
11111,-135.842829,0.050000
11112,-59.004872,0.050000
11113,-134.323357,0.050000
11114,-157.633068,0.050000
11115,-139.773211,0.050000
11116,-159.824653,0.050000
11117,-161.811736,0.050000
11118,-55.858687,0.050000
11119,-120.785996,0.050000
11120,-204.779901,0.050000
11121,-136.008471,0.050000
11122,-49.582503,0.050000
11123,-96.471517,0.050000
11124,-63.015439,0.050000
11125,-140.325979,0.050000
11126,-103.824782,0.050000
11127,-135.206867,0.050000
11128,-63.829175,0.050000
11129,-65.774539,0.050000
11130,-56.487299,0.050000
11131,-153.534822,0.050000
11132,-70.258632,0.050000
11133,-75.426335,0.050000
11134,-116.376310,0.050000
11135,-86.404349,0.050000
11136,-115.035044,0.050000
11137,-110.932102,0.050000
11138,-118.552448,0.050000
11139,-88.176850,0.050000
11140,-172.940720,0.050000
11141,-104.042910,0.050000
11142,-199.838880,0.050000
11143,-119.999288,0.050000
11144,-98.168239,0.050000
11145,-163.017980,0.050000
11146,-55.608415,0.050000
11147,-179.177306,0.050000
11148,-169.748774,0.050000
11149,-123.671184,0.050000
11150,-169.414413,0.050000
11151,-85.633239,0.050000
11152,-123.226788,0.050000
11153,-134.441783,0.050000
11154,-136.278288,0.050000
11155,-157.184295,0.050000
11156,-101.748030,0.050000
11157,-118.562392,0.050000
11158,-81.033440,0.050000
11159,-136.967572,0.050000
11160,-171.068041,0.050000
11161,-96.803062,0.050000
11162,-57.679492,0.050000
11163,-159.459465,0.050000
11164,-92.169851,0.050000
11165,-80.367854,0.050000
11166,-180.710490,0.050000
11167,-121.288011,0.050000
11168,-110.030268,0.050000
11169,-111.133671,0.050000
11170,-73.954961,0.050000
11171,-88.386590,0.050000
11172,-143.932973,0.050000
11173,-126.600182,0.050000
11174,-94.883492,0.050000
11175,-107.665976,0.050000
11176,-140.524482,0.050000
11177,-74.080359,0.050000
11178,-125.658081,0.050000
11179,-106.697168,0.050000
11180,-67.172452,0.050000
11181,-147.810377,0.050000
11182,-68.145435,0.050000
11183,-121.586672,0.050000
11184,-64.591199,0.050000
11185,-67.772021,0.050000
11186,-72.924857,0.050000
11187,-184.091228,0.050000
11188,-78.415930,0.050000
11189,-77.419577,0.050000
11190,-85.865644,0.050000
11191,-121.665192,0.050000
11192,-76.874738,0.050000
11193,-42.086916,0.050000
11194,-88.326573,0.050000
11195,-146.269471,0.050000
11196,-101.822038,0.050000
11197,-104.823327,0.050000
11198,-175.410290,0.050000
11199,-152.430216,0.050000
11200,-51.062969,0.050000
11201,-111.920584,0.050000
11202,-13.404286,0.050000
11203,-139.803518,0.050000
11204,-143.365440,0.050000
11205,-190.910282,0.050000
11206,-63.642259,0.050000
11207,-80.081397,0.050000
11208,-114.697492,0.050000
11209,-107.327767,0.050000
11210,-144.841407,0.050000
11211,-139.348107,0.050000
11212,-138.987157,0.050000
11213,-132.077101,0.050000
11214,-134.314825,0.050000
11215,-102.200306,0.050000
11216,-127.993419,0.050000
11217,-184.585277,0.050000
11218,-167.621751,0.050000
11219,-135.721397,0.050000
11220,-143.817970,0.050000
11221,-171.110265,0.050000
11222,-151.037962,0.050000
11223,-110.930712,0.050000
11224,-77.266778,0.050000
11225,-205.782799,0.050000
11226,-141.949088,0.050000
11227,-86.589625,0.050000
11228,-144.513781,0.050000
11229,-157.209279,0.050000
11230,-168.529272,0.050000
11231,-88.899452,0.050000
11232,-139.292381,0.050000
11233,-87.692821,0.050000
11234,-107.453723,0.050000
11235,-133.824213,0.050000
11236,-102.516201,0.050000
11237,-131.433438,0.050000
11238,-112.300073,0.050000
11239,-138.498781,0.050000
11240,-35.213306,0.050000
11241,-146.724788,0.050000
11242,-163.077586,0.050000
11243,-114.395898,0.050000
11244,-170.922642,0.050000
11245,-149.574983,0.050000
11246,-153.511084,0.050000
11247,-121.783680,0.050000
11248,-93.552573,0.050000
11249,-147.055393,0.050000
11250,-148.486067,0.050000
11251,-125.430491,0.050000
11252,-124.522980,0.050000
11253,-117.631827,0.050000
11254,-139.409232,0.050000
11255,-121.569632,0.050000
11256,-90.581063,0.050000
11257,-148.314803,0.050000
11258,-144.007115,0.050000
11259,-71.406162,0.050000
11260,-82.957125,0.050000
11261,-132.133609,0.050000
11262,-198.665321,0.050000
11263,-168.729237,0.050000
11264,-80.168670,0.050000
11265,-95.456199,0.050000
11266,-89.823001,0.050000
11267,-170.661352,0.050000
11268,-157.010670,0.050000
11269,-158.852203,0.050000
11270,-128.817276,0.050000
11271,-121.037807,0.050000
11272,-113.152108,0.050000
11273,-116.029464,0.050000
11274,-114.607474,0.050000
11275,-113.100656,0.050000
11276,-92.574099,0.050000
11277,-75.588358,0.050000
11278,-89.609219,0.050000
11279,-150.801928,0.050000
11280,-106.641079,0.050000
11281,-142.451605,0.050000
11282,-143.237729,0.050000
11283,-52.524729,0.050000
11284,-73.688923,0.050000
11285,-173.003599,0.050000
11286,-136.477266,0.050000
11287,-170.364911,0.050000
11288,-163.039109,0.050000
11289,-116.811283,0.050000
11290,-96.007168,0.050000
11291,-96.155681,0.050000
11292,-94.350851,0.050000
11293,-61.491138,0.050000
11294,-97.087198,0.050000
11295,-115.102452,0.050000
11296,-229.939121,0.050000
11297,-126.769812,0.050000
11298,-153.228372,0.050000
11299,-161.070603,0.050000
11300,-149.322460,0.050000
11301,-142.357687,0.050000
11302,-70.209040,0.050000
11303,-134.568378,0.050000
11304,-132.161522,0.050000
11305,-167.883771,0.050000
11306,-162.475657,0.050000
11307,-162.515949,0.050000
11308,-61.911178,0.050000
11309,-188.986561,0.050000
11310,-165.490661,0.050000
11311,-73.822856,0.050000
11312,-164.152061,0.050000
11313,-184.525400,0.050000
11314,-136.365023,0.050000
11315,-192.312267,0.050000
11316,-180.999348,0.050000
11317,-102.317425,0.050000
11318,-136.054221,0.050000
11319,-160.357743,0.050000
11320,-114.597495,0.050000
11321,-155.616047,0.050000
11322,-115.090726,0.050000
11323,-161.639305,0.050000
11324,-121.717027,0.050000
11325,-192.574924,0.050000
11326,-145.071309,0.050000
11327,-172.657894,0.050000
11328,-139.578331,0.050000
11329,-128.506768,0.050000
11330,-232.549616,0.050000
11331,-212.352538,0.050000
11332,-119.841041,0.050000
11333,-146.057946,0.050000
11334,-62.710128,0.050000
11335,-178.323603,0.050000
11336,-124.648910,0.050000
11337,-147.480376,0.050000
11338,-135.309475,0.050000
11339,-159.627871,0.050000
11340,-135.703190,0.050000
11341,-112.091210,0.050000
11342,-157.923330,0.050000
11343,-162.899285,0.050000
11344,-184.831792,0.050000
11345,-176.766158,0.050000
11346,-190.584021,0.050000
11347,-64.793994,0.050000
11348,-159.989008,0.050000
11349,-84.090569,0.050000
11350,-228.078575,0.050000
11351,-149.815129,0.050000
11352,-116.358824,0.050000
11353,-111.672820,0.050000
11354,-148.977473,0.050000
11355,-142.846158,0.050000
11356,-143.148481,0.050000
11357,-99.238639,0.050000
11358,-102.524440,0.050000
11359,-136.500233,0.050000
11360,-108.189972,0.050000
11361,-136.536378,0.050000
11362,-97.734879,0.050000
11363,-143.906237,0.050000
11364,-136.371638,0.050000
11365,-94.173292,0.050000
11366,-174.551388,0.050000
11367,-121.927684,0.050000
11368,-156.271896,0.050000
11369,-146.891741,0.050000
11370,-168.993242,0.050000
11371,-165.681317,0.050000
11372,-128.855099,0.050000
11373,-101.879898,0.050000
11374,-213.794163,0.050000
11375,-116.172291,0.050000
11376,-72.008989,0.050000
11377,-175.215129,0.050000
11378,-87.641531,0.050000
11379,-145.466026,0.050000
11380,-117.261331,0.050000
11381,-142.001897,0.050000
11382,-129.088152,0.050000
11383,-79.597054,0.050000
11384,-122.945481,0.050000
11385,-132.512485,0.050000
11386,-68.762858,0.050000
11387,-120.305540,0.050000
11388,-161.026624,0.050000
11389,-99.907852,0.050000
11390,-139.332632,0.050000
11391,-123.172140,0.050000
11392,-69.589874,0.050000
11393,-102.976490,0.050000
11394,-85.238003,0.050000
11395,-170.410109,0.050000
11396,-122.406486,0.050000
11397,-156.678141,0.050000
11398,-139.022516,0.050000
11399,-60.209931,0.050000
11400,-131.098102,0.050000
11401,-123.438169,0.050000
11402,-104.878293,0.050000
11403,-148.070215,0.050000
11404,-203.674164,0.050000
11405,-100.488904,0.050000
11406,-108.223302,0.050000
11407,-138.202017,0.050000
11408,-46.836114,0.050000
11409,-133.062799,0.050000
11410,-97.472310,0.050000
11411,-105.209639,0.050000
11412,-146.728055,0.050000
11413,-73.061552,0.050000
11414,-84.035336,0.050000
11415,-107.928575,0.050000
11416,-53.662766,0.050000
11417,-76.848166,0.050000
11418,-195.950150,0.050000
11419,-121.480736,0.050000
11420,-138.644661,0.050000
11421,-79.722638,0.050000
11422,-135.579474,0.050000
11423,-113.870118,0.050000
11424,-92.097015,0.050000
11425,-148.144977,0.050000
11426,-64.842044,0.050000
11427,-110.449183,0.050000
11428,-142.741703,0.050000
11429,-147.629925,0.050000
11430,-146.698500,0.050000
11431,-97.562471,0.050000
11432,-83.965554,0.050000
11433,-109.402197,0.050000
11434,-148.724798,0.050000
11435,-90.805507,0.050000
11436,-86.315153,0.050000
11437,-110.726379,0.050000
11438,-102.235183,0.050000
11439,-90.702536,0.050000
11440,-127.613286,0.050000
11441,-59.207230,0.050000
11442,-116.311575,0.050000
11443,-57.698270,0.050000
11444,-112.147390,0.050000
11445,-134.388080,0.050000
11446,-80.836944,0.050000
11447,-187.583417,0.050000
11448,-98.903683,0.050000
11449,-112.219022,0.050000
11450,-144.383029,0.050000
11451,-81.435479,0.050000
11452,-121.180668,0.050000
11453,-106.617972,0.050000
11454,-67.108080,0.050000
11455,-148.362723,0.050000
11456,-155.825832,0.050000
11457,-168.199461,0.050000
11458,-162.110329,0.050000
11459,-161.512356,0.050000
11460,-90.150076,0.050000
11461,-73.904959,0.050000
11462,-166.003943,0.050000
11463,-69.761103,0.050000
11464,-115.013778,0.050000
11465,-168.628183,0.050000
11466,-86.076771,0.050000
11467,-168.677255,0.050000
11468,-138.020369,0.050000
11469,-46.298525,0.050000
11470,-148.635460,0.050000
11471,-107.461575,0.050000
11472,-93.013180,0.050000
11473,-175.498038,0.050000
11474,-89.020186,0.050000
11475,-72.944391,0.050000
11476,-136.043890,0.050000
11477,-91.278580,0.050000
11478,-188.869232,0.050000
11479,-157.094014,0.050000
11480,-136.105236,0.050000
11481,-100.983404,0.050000
11482,-68.951016,0.050000
11483,-157.132222,0.050000
11484,-95.064257,0.050000
11485,-119.505165,0.050000
11486,-158.560266,0.050000
11487,-139.886443,0.050000
11488,-118.238007,0.050000
11489,-107.289306,0.050000
11490,-144.713346,0.050000
11491,-85.156785,0.050000
11492,-160.299601,0.050000
11493,-147.346784,0.050000
11494,-158.330060,0.050000
11495,-74.398789,0.050000
11496,-140.786258,0.050000
11497,-91.391386,0.050000
11498,-222.349876,0.050000
11499,-147.424878,0.050000
11500,-106.475890,0.050000
11501,-74.489064,0.050000
11502,-133.376252,0.050000
11503,-165.233822,0.050000
11504,-138.358312,0.050000
11505,-153.868409,0.050000
11506,-94.692096,0.050000
11507,-105.919946,0.050000
11508,-75.154303,0.050000
11509,-138.194882,0.050000
11510,-109.911409,0.050000
11511,-119.682020,0.050000
11512,-141.250025,0.050000
11513,-134.100271,0.050000
11514,-76.103830,0.050000
11515,-154.968092,0.050000
11516,-124.665074,0.050000
11517,-57.071805,0.050000
11518,-130.484198,0.050000
11519,-88.177157,0.050000
11520,-138.985609,0.050000
11521,-166.846607,0.050000
11522,-169.065804,0.050000
11523,-131.706332,0.050000
11524,-110.278628,0.050000
11525,-64.670408,0.050000
11526,-105.492207,0.050000
11527,-125.457922,0.050000
11528,-98.282428,0.050000
11529,-116.341268,0.050000
11530,-131.506225,0.050000
11531,-103.044300,0.050000
11532,-162.343913,0.050000
11533,-153.442964,0.050000
11534,-157.848830,0.050000
11535,-66.893278,0.050000
11536,-182.232709,0.050000
11537,-127.123072,0.050000
11538,-134.674096,0.050000
11539,-120.673879,0.050000
11540,-187.874998,0.050000
11541,-95.159772,0.050000
11542,-111.861157,0.050000
11543,-130.880261,0.050000
11544,-104.631955,0.050000
11545,-172.168363,0.050000
11546,-197.457551,0.050000
11547,-211.134074,0.050000
11548,-171.009674,0.050000
11549,-130.321460,0.050000
11550,-114.452276,0.050000
11551,-132.007220,0.050000
11552,-81.680000,0.050000
11553,-91.105827,0.050000
11554,-149.826204,0.050000
11555,-129.347580,0.050000
11556,-83.594420,0.050000
11557,-172.072909,0.050000
11558,-114.727397,0.050000
11559,-99.573431,0.050000
11560,-165.095480,0.050000
11561,-189.792773,0.050000
11562,-125.951949,0.050000
11563,-137.278648,0.050000
11564,-106.527234,0.050000
11565,-146.265655,0.050000
11566,-153.145268,0.050000
11567,-138.062647,0.050000
11568,-149.328583,0.050000
11569,-179.478654,0.050000
11570,-185.146225,0.050000
11571,-115.382920,0.050000
11572,-163.615761,0.050000
11573,-226.605800,0.050000
11574,-143.594837,0.050000
11575,-149.881026,0.050000
11576,-110.912036,0.050000
11577,-182.189156,0.050000
11578,-128.498155,0.050000
11579,-188.297633,0.050000
11580,-224.853415,0.050000
11581,-129.773708,0.050000
11582,-143.613581,0.050000
11583,-126.779936,0.050000
11584,-86.548001,0.050000
11585,-113.761220,0.050000
11586,-128.103715,0.050000
11587,-119.680828,0.050000
11588,-153.484541,0.050000
11589,-102.237823,0.050000
11590,-203.654409,0.050000
11591,-131.323088,0.050000
11592,-101.913534,0.050000
11593,-138.637683,0.050000
11594,-90.633536,0.050000
11595,-113.581660,0.050000
11596,-136.443048,0.050000
11597,-107.203554,0.050000
11598,-230.080970,0.050000
11599,-105.350922,0.050000
11600,-138.936074,0.050000
11601,-150.895174,0.050000
11602,-126.480664,0.050000
11603,-113.242916,0.050000
11604,-121.557988,0.050000
11605,-101.138259,0.050000
11606,-135.274725,0.050000
11607,-127.930144,0.050000
11608,-214.581413,0.050000
11609,-259.358450,0.050000
11610,-217.543063,0.050000
11611,-79.288171,0.050000
11612,-73.924356,0.050000
11613,-151.185474,0.050000
11614,-107.560700,0.050000
11615,-150.235648,0.050000
11616,-196.137175,0.050000
11617,-183.966422,0.050000
11618,-125.342644,0.050000
11619,-153.632442,0.050000
11620,-175.980585,0.050000
11621,-216.192929,0.050000
11622,-153.346259,0.050000
11623,-131.561744,0.050000
11624,-175.397455,0.050000
11625,-137.750656,0.050000
11626,-75.330324,0.050000
11627,-179.289378,0.050000
11628,-105.832110,0.050000
11629,-168.824087,0.050000
11630,-160.794121,0.050000
11631,-104.241157,0.050000
11632,-174.616952,0.050000
11633,-141.675238,0.050000
11634,-165.293651,0.050000
11635,-76.866360,0.050000
11636,-119.989670,0.050000
11637,-163.020190,0.050000
11638,-150.697139,0.050000
11639,-195.057403,0.050000
11640,-153.668879,0.050000
11641,-166.047140,0.050000
11642,-124.693308,0.050000
11643,-97.998557,0.050000
11644,-122.711017,0.050000
11645,-148.455087,0.050000
11646,-132.768012,0.050000
11647,-181.859404,0.050000
11648,-147.794036,0.050000
11649,-86.435269,0.050000
11650,-111.968150,0.050000
11651,-122.589911,0.050000
11652,-167.775938,0.050000
11653,-189.961127,0.050000
11654,-121.236929,0.050000
11655,-207.010561,0.050000
11656,-135.642602,0.050000
11657,-124.817878,0.050000
11658,-188.307933,0.050000
11659,-166.120541,0.050000
11660,-200.744673,0.050000
11661,-96.392464,0.050000
11662,-132.511981,0.050000
11663,-174.596538,0.050000
11664,-143.574958,0.050000
11665,-202.942413,0.050000
11666,-100.530014,0.050000
11667,-138.459435,0.050000
11668,-135.457299,0.050000
11669,-141.747020,0.050000
11670,-185.257383,0.050000
11671,-170.133285,0.050000
11672,-106.283393,0.050000
11673,-93.066207,0.050000
11674,-152.025482,0.050000
11675,-90.602682,0.050000
11676,-177.368786,0.050000
11677,-125.475995,0.050000
11678,-151.165289,0.050000
11679,-155.265791,0.050000
11680,-253.755892,0.050000
11681,-164.343517,0.050000
11682,-126.409390,0.050000
11683,-146.574785,0.050000
11684,-203.980748,0.050000
11685,-136.965464,0.050000
11686,-192.069716,0.050000
11687,-162.449488,0.050000
11688,-171.075394,0.050000
11689,-122.300582,0.050000
11690,-161.179938,0.050000
11691,-158.601071,0.050000
11692,-85.692076,0.050000
11693,-213.798578,0.050000
11694,-130.906022,0.050000
11695,-182.512499,0.050000
11696,-200.045435,0.050000
11697,-32.661467,0.050000
11698,-202.932424,0.050000
11699,-153.016186,0.050000
11700,-98.159134,0.050000
11701,-115.066661,0.050000
11702,-153.472896,0.050000
11703,-177.414783,0.050000
11704,-151.127522,0.050000
11705,-176.506231,0.050000
11706,-107.439203,0.050000
11707,-154.761846,0.050000
11708,-104.198134,0.050000
11709,-110.741173,0.050000
11710,-163.284757,0.050000
11711,-221.474327,0.050000
11712,-151.588538,0.050000
11713,-122.689888,0.050000
11714,-119.503191,0.050000
11715,-135.374108,0.050000
11716,-140.343730,0.050000
11717,-98.293674,0.050000
11718,-148.965122,0.050000
11719,-156.511668,0.050000
11720,-151.628174,0.050000
11721,-84.999702,0.050000
11722,-135.761837,0.050000
11723,-56.609411,0.050000
11724,-129.393073,0.050000
11725,-147.452052,0.050000
11726,-137.060797,0.050000
11727,-154.954123,0.050000
11728,-196.302976,0.050000
11729,-118.936082,0.050000
11730,-129.229724,0.050000
11731,-168.363819,0.050000
11732,-86.686985,0.050000
11733,-93.994773,0.050000
11734,-140.422139,0.050000
11735,-119.286027,0.050000
11736,-108.832414,0.050000
11737,-91.110549,0.050000
11738,-129.908406,0.050000
11739,-93.068989,0.050000
11740,-133.065789,0.050000
11741,-58.631773,0.050000
11742,-166.715141,0.050000
11743,-140.470521,0.050000
11744,-136.139689,0.050000
11745,-88.458628,0.050000
11746,-67.765243,0.050000
11747,-111.167105,0.050000
11748,-142.949989,0.050000
11749,-100.935773,0.050000
11750,-165.483476,0.050000
11751,-83.541595,0.050000
11752,-165.524026,0.050000
11753,-145.900967,0.050000
11754,-96.562745,0.050000
11755,-143.320138,0.050000
11756,-198.104348,0.050000
11757,-153.030899,0.050000
11758,-121.056529,0.050000
11759,-105.322190,0.050000
11760,-169.751278,0.050000
11761,-127.209490,0.050000
11762,-119.775719,0.050000
11763,-187.007360,0.050000
11764,-97.361687,0.050000
11765,-119.371485,0.050000
11766,-160.404187,0.050000
11767,-147.345443,0.050000
11768,-114.192959,0.050000
11769,-156.110931,0.050000
11770,-99.829516,0.050000
11771,-122.148681,0.050000
11772,-200.085725,0.050000
11773,-95.300885,0.050000
11774,-67.018709,0.050000
11775,-117.043556,0.050000
11776,-152.662496,0.050000
11777,-74.761663,0.050000
11778,-113.460883,0.050000
11779,-82.071579,0.050000
11780,-217.625601,0.050000
11781,-107.656443,0.050000
11782,-182.028031,0.050000
11783,-154.610463,0.050000
11784,-200.594396,0.050000
11785,-108.109970,0.050000
11786,-190.047375,0.050000
11787,-132.984538,0.050000
11788,-155.303616,0.050000
11789,-160.604731,0.050000
11790,-110.591958,0.050000
11791,-200.904915,0.050000
11792,-156.641432,0.050000
11793,-136.439281,0.050000
11794,-161.020230,0.050000
11795,-152.848543,0.050000
11796,-139.231532,0.050000
11797,-157.210180,0.050000
11798,-211.179956,0.050000
11799,-75.093490,0.050000
11800,-220.971350,0.050000
11801,-150.713233,0.050000
11802,-133.976835,0.050000
11803,-156.367550,0.050000
11804,-132.012494,0.050000
11805,-238.764774,0.050000
11806,-169.905020,0.050000
11807,-128.990022,0.050000
11808,-191.418401,0.050000
11809,-93.823006,0.050000
11810,-106.720473,0.050000
11811,-75.857432,0.050000
11812,-115.548208,0.050000
11813,-152.317263,0.050000
11814,-159.718488,0.050000
11815,-185.579275,0.050000
11816,-132.541612,0.050000
11817,-201.120604,0.050000
11818,-137.549747,0.050000
11819,-139.098297,0.050000
11820,-191.025321,0.050000
11821,-108.400692,0.050000
11822,-147.319420,0.050000
11823,-142.293935,0.050000
11824,-128.873645,0.050000
11825,-48.752190,0.050000
11826,-166.560326,0.050000
11827,-173.185457,0.050000
11828,-221.364988,0.050000
11829,-144.998557,0.050000
11830,-143.702586,0.050000
11831,-190.369393,0.050000
11832,-95.157465,0.050000
11833,-185.554573,0.050000
11834,-209.931663,0.050000
11835,-191.885709,0.050000
11836,-217.997705,0.050000
11837,-180.910491,0.050000
11838,-167.083210,0.050000
11839,-165.607546,0.050000
11840,-103.800648,0.050000
11841,-148.330709,0.050000
11842,-219.239968,0.050000
11843,-147.906311,0.050000
11844,-133.625331,0.050000
11845,-107.050343,0.050000
11846,-222.196377,0.050000
11847,-122.466248,0.050000
11848,-143.330648,0.050000
11849,-189.619453,0.050000
11850,-142.980869,0.050000
11851,-139.526629,0.050000
11852,-93.227444,0.050000
11853,-212.502197,0.050000
11854,-128.140295,0.050000
11855,-164.089391,0.050000
11856,-156.467524,0.050000
11857,-172.492673,0.050000
11858,-104.965913,0.050000
11859,-61.665029,0.050000
11860,-63.853454,0.050000
11861,-94.840298,0.050000
11862,-189.211240,0.050000
11863,-163.528491,0.050000
11864,-75.961199,0.050000
11865,-148.848686,0.050000
11866,-170.017169,0.050000
11867,-93.180107,0.050000
11868,-205.598915,0.050000
11869,-86.490538,0.050000
11870,-161.182227,0.050000
11871,-218.956646,0.050000
11872,-107.103221,0.050000
11873,-134.336731,0.050000
11874,-108.534526,0.050000
11875,-169.378020,0.050000
11876,-99.337587,0.050000
11877,-134.875698,0.050000
11878,-91.095869,0.050000
11879,-194.748102,0.050000
11880,-140.251613,0.050000
11881,-137.962051,0.050000
11882,-115.851367,0.050000
11883,-158.602209,0.050000
11884,-140.803886,0.050000
11885,-134.947769,0.050000
11886,-91.883165,0.050000
11887,-119.949118,0.050000
11888,-165.878457,0.050000
11889,-178.483128,0.050000
11890,-199.886312,0.050000
11891,-88.780820,0.050000
11892,-129.973788,0.050000
11893,-232.092276,0.050000
11894,-143.079304,0.050000
11895,-80.102592,0.050000
11896,-203.594912,0.050000
11897,-163.193652,0.050000
11898,-120.775237,0.050000
11899,-157.607880,0.050000
11900,-134.028629,0.050000
11901,-201.056436,0.050000
11902,-168.756048,0.050000
11903,-128.431679,0.050000
11904,-116.369321,0.050000
11905,-168.535321,0.050000
11906,-170.900625,0.050000
11907,-148.135707,0.050000
11908,-143.800795,0.050000
11909,-162.801566,0.050000
11910,-238.601211,0.050000
11911,-81.637600,0.050000
11912,-198.422178,0.050000
11913,-212.922428,0.050000
11914,-109.638234,0.050000
11915,-219.051972,0.050000
11916,-182.967570,0.050000
11917,-216.878232,0.050000
11918,-204.767817,0.050000
11919,-185.844531,0.050000
11920,-161.142739,0.050000
11921,-187.388626,0.050000
11922,-88.051828,0.050000
11923,-208.710520,0.050000
11924,-121.042153,0.050000
11925,-159.747897,0.050000
11926,-119.638878,0.050000
11927,-186.816637,0.050000
11928,-110.009066,0.050000
11929,-144.331172,0.050000
11930,-124.218632,0.050000
11931,-149.450076,0.050000
11932,-139.854434,0.050000
11933,-183.025639,0.050000
11934,-151.697771,0.050000
11935,-87.301018,0.050000
11936,-193.909867,0.050000
11937,-134.295172,0.050000
11938,-113.656705,0.050000
11939,-108.837077,0.050000
11940,-134.924863,0.050000
11941,-134.362615,0.050000
11942,-151.240238,0.050000
11943,-67.115908,0.050000
11944,-90.503980,0.050000
11945,-89.310969,0.050000
11946,-120.070619,0.050000
11947,-107.757598,0.050000
11948,-149.020599,0.050000
11949,-120.446798,0.050000
11950,-155.902797,0.050000
11951,-160.278146,0.050000
11952,-169.541168,0.050000
11953,-91.723540,0.050000
11954,-170.307755,0.050000
11955,-132.399342,0.050000
11956,-121.058042,0.050000
11957,-181.751135,0.050000
11958,-199.892760,0.050000
11959,-130.470641,0.050000
11960,-93.038941,0.050000
11961,-188.695855,0.050000
11962,-181.886500,0.050000
11963,-209.260346,0.050000
11964,-227.047731,0.050000
11965,-182.446125,0.050000
11966,-122.707787,0.050000
11967,-110.316727,0.050000
11968,-172.469107,0.050000
11969,-191.274039,0.050000
11970,-205.512169,0.050000
11971,-162.638398,0.050000
11972,-109.636633,0.050000
11973,-92.596301,0.050000
11974,-139.502735,0.050000
11975,-212.386113,0.050000
11976,-111.390353,0.050000
11977,-164.871146,0.050000
11978,-228.659576,0.050000
11979,-208.814332,0.050000
11980,-134.127918,0.050000
11981,-179.401053,0.050000
11982,-103.272190,0.050000
11983,-102.742204,0.050000
11984,-125.674722,0.050000
11985,-191.985907,0.050000
11986,-161.121845,0.050000
11987,-179.638337,0.050000
11988,-196.807507,0.050000
11989,-221.620031,0.050000
11990,-189.359188,0.050000
11991,-137.690002,0.050000
11992,-85.588031,0.050000
11993,-132.673827,0.050000
11994,-163.302432,0.050000
11995,-235.159441,0.050000
11996,-196.287744,0.050000
11997,-147.092484,0.050000
11998,-167.419377,0.050000
11999,-169.375397,0.050000
12000,-158.044956,0.050000
12001,-160.847818,0.050000
12002,-224.254833,0.050000
12003,-133.408854,0.050000
12004,-125.081699,0.050000
12005,-147.073199,0.050000
12006,-136.167913,0.050000
12007,-166.283797,0.050000
12008,-68.596570,0.050000
12009,-125.680265,0.050000
12010,-126.998045,0.050000
12011,-170.328665,0.050000
12012,-99.102634,0.050000
12013,-132.174834,0.050000
12014,-213.571591,0.050000
12015,-131.285510,0.050000
12016,-112.349028,0.050000
12017,-113.419938,0.050000
12018,-99.388609,0.050000
12019,-117.495585,0.050000
12020,-123.329774,0.050000
12021,-135.673759,0.050000
12022,-197.097737,0.050000
12023,-175.260356,0.050000
12024,-101.315094,0.050000
12025,-93.325801,0.050000
12026,-101.018918,0.050000
12027,-122.530022,0.050000
12028,-77.527617,0.050000
12029,-150.451248,0.050000
12030,-91.892246,0.050000
12031,-149.504763,0.050000
12032,-124.869399,0.050000
12033,-156.345697,0.050000
12034,-114.312606,0.050000
12035,-117.912072,0.050000
12036,-76.973118,0.050000
12037,-52.447169,0.050000
12038,-102.295589,0.050000
12039,-116.429364,0.050000
12040,-109.151397,0.050000
12041,-106.719490,0.050000
12042,-100.860726,0.050000
12043,-143.963724,0.050000
12044,-160.689052,0.050000
12045,-138.223946,0.050000
12046,-81.934013,0.050000
12047,-79.039609,0.050000
12048,-99.204105,0.050000
12049,-122.359111,0.050000
12050,-85.413227,0.050000
12051,-80.347536,0.050000
12052,-62.172643,0.050000
12053,-102.963785,0.050000
12054,-171.409579,0.050000
12055,-114.817070,0.050000
12056,-39.986984,0.050000
12057,-82.659567,0.050000
12058,-85.652069,0.050000
12059,-77.235897,0.050000
12060,-104.201405,0.050000
12061,-101.580739,0.050000
12062,-56.618603,0.050000
12063,-130.996665,0.050000
12064,-137.048809,0.050000
12065,-135.073852,0.050000
12066,-105.851625,0.050000
12067,-77.338813,0.050000
12068,-128.727570,0.050000
12069,-106.857199,0.050000
12070,-131.363154,0.050000
12071,-179.116144,0.050000
12072,-145.639105,0.050000
12073,-130.006903,0.050000
12074,-122.230315,0.050000
12075,-140.247596,0.050000
12076,-123.380606,0.050000
12077,-187.520838,0.050000
12078,-148.752228,0.050000
12079,-85.191633,0.050000
12080,-139.678875,0.050000
12081,-120.672938,0.050000
12082,-114.765754,0.050000
12083,-122.616178,0.050000
12084,-155.086505,0.050000
12085,-126.241480,0.050000
12086,-113.681868,0.050000
12087,-133.473322,0.050000
12088,-72.522209,0.050000
12089,-105.585110,0.050000
12090,-55.405038,0.050000
12091,-100.494556,0.050000
12092,-98.836971,0.050000
12093,-73.929979,0.050000
12094,-76.522549,0.050000
12095,-115.938456,0.050000
12096,-158.108736,0.050000
12097,-182.606278,0.050000
12098,-140.727267,0.050000
12099,-72.874537,0.050000
12100,-59.046232,0.050000
12101,-92.400139,0.050000
12102,-87.092618,0.050000
12103,-148.230439,0.050000
12104,-93.666637,0.050000
12105,-114.018600,0.050000
12106,-104.925909,0.050000
12107,-90.659670,0.050000
12108,-135.789049,0.050000
12109,-127.366291,0.050000
12110,-131.976843,0.050000
12111,-163.441279,0.050000
12112,-114.372195,0.050000
12113,-136.344155,0.050000
12114,-178.742029,0.050000
12115,-112.710671,0.050000
12116,-96.265821,0.050000
12117,-145.547744,0.050000
12118,-154.079745,0.050000
12119,-121.301085,0.050000
12120,-143.914268,0.050000
12121,-146.604619,0.050000
12122,-123.773348,0.050000
12123,-201.659145,0.050000
12124,-180.155897,0.050000
12125,-79.012916,0.050000
12126,-140.189764,0.050000
12127,-121.102511,0.050000
12128,-156.849870,0.050000
12129,-137.905823,0.050000
12130,-202.065033,0.050000
12131,-156.831356,0.050000
12132,-172.466493,0.050000
12133,-96.747247,0.050000
12134,-145.699127,0.050000
12135,-89.793518,0.050000
12136,-194.291044,0.050000
12137,-147.773971,0.050000
12138,-98.712072,0.050000
12139,-114.309322,0.050000
12140,-126.056292,0.050000
12141,-122.391376,0.050000
12142,-110.166107,0.050000
12143,-143.751598,0.050000
12144,-176.844202,0.050000
12145,-227.387998,0.050000
12146,-107.693701,0.050000
12147,-191.466777,0.050000
12148,-161.545891,0.050000
12149,-164.978903,0.050000
12150,-78.662114,0.050000
12151,-198.164278,0.050000
12152,-62.702380,0.050000
12153,-85.701846,0.050000
12154,-120.726750,0.050000
12155,-113.941731,0.050000
12156,-114.098916,0.050000
12157,-154.995992,0.050000
12158,-155.384905,0.050000
12159,-151.239729,0.050000
12160,-61.233673,0.050000
12161,-98.468030,0.050000
12162,-146.871111,0.050000
12163,-117.180495,0.050000
12164,-72.241572,0.050000
12165,-113.002035,0.050000
12166,-146.447605,0.050000
12167,-161.421201,0.050000
12168,-79.336001,0.050000
12169,-154.584369,0.050000
12170,-124.058781,0.050000
12171,-79.745617,0.050000
12172,-151.042073,0.050000
12173,-185.776813,0.050000
12174,-142.416986,0.050000
12175,-165.368380,0.050000
12176,-113.521981,0.050000
12177,-29.681659,0.050000
12178,-108.923168,0.050000
12179,-174.741655,0.050000
12180,-157.332054,0.050000
12181,-195.151892,0.050000
12182,-103.557550,0.050000
12183,-164.153626,0.050000
12184,-122.084074,0.050000
12185,-121.740144,0.050000
12186,-154.243236,0.050000
12187,-181.670052,0.050000
12188,-153.662787,0.050000
12189,-124.818631,0.050000
12190,-104.293777,0.050000
12191,-155.074343,0.050000
12192,-120.716835,0.050000
12193,-151.088909,0.050000
12194,-195.698445,0.050000
12195,-104.724147,0.050000
12196,-170.237929,0.050000
12197,-127.988058,0.050000
12198,-159.065404,0.050000
12199,-146.309783,0.050000
12200,-137.032644,0.050000
12201,-161.465457,0.050000
12202,-150.208634,0.050000
12203,-182.340231,0.050000
12204,-97.443968,0.050000
12205,-180.441206,0.050000
12206,-154.505605,0.050000
12207,-143.514608,0.050000
12208,-145.255784,0.050000
12209,-151.673173,0.050000
12210,-185.072532,0.050000
12211,-148.028034,0.050000
12212,-140.241070,0.050000
12213,-146.370246,0.050000
12214,-131.441056,0.050000
12215,-133.547849,0.050000
12216,-108.232468,0.050000
12217,-139.147439,0.050000
12218,-106.079304,0.050000
12219,-113.638769,0.050000
12220,-165.242763,0.050000
12221,-162.352327,0.050000
12222,-131.878449,0.050000
12223,-150.132756,0.050000
12224,-194.623211,0.050000
12225,-103.209917,0.050000
12226,-243.267651,0.050000
12227,-152.713430,0.050000
12228,-150.275184,0.050000
12229,-117.352513,0.050000
12230,-110.924340,0.050000
12231,-101.859396,0.050000
12232,-206.437211,0.050000
12233,-227.417141,0.050000
12234,-220.854423,0.050000
12235,-177.477636,0.050000
12236,-186.620852,0.050000
12237,-112.211221,0.050000
12238,-184.271077,0.050000
12239,-159.881556,0.050000
12240,-210.104404,0.050000
12241,-227.920139,0.050000
12242,-203.172191,0.050000
12243,-142.781978,0.050000
12244,-94.744392,0.050000
12245,-159.363305,0.050000
12246,-204.218625,0.050000
12247,-198.139877,0.050000
12248,-161.304112,0.050000
12249,-168.134462,0.050000
12250,-201.537929,0.050000
12251,-71.683790,0.050000
12252,-216.595510,0.050000
12253,-203.182233,0.050000
12254,-122.001738,0.050000
12255,-226.408046,0.050000
12256,-182.272745,0.050000
12257,-101.955325,0.050000
12258,-101.628042,0.050000
12259,-223.359219,0.050000
12260,-203.951725,0.050000
12261,-188.158486,0.050000
12262,-220.379027,0.050000
12263,-136.154805,0.050000
12264,-192.736039,0.050000
12265,-187.696862,0.050000
12266,-163.877048,0.050000
12267,-238.979354,0.050000
12268,-256.435362,0.050000
12269,-196.657254,0.050000
12270,-173.318672,0.050000
12271,-178.717546,0.050000
12272,-77.249508,0.050000
12273,-169.689068,0.050000
12274,-145.736308,0.050000
12275,-147.332783,0.050000
12276,-157.680514,0.050000
12277,-159.281553,0.050000
12278,-141.629274,0.050000
12279,-166.901338,0.050000
12280,-156.195023,0.050000
12281,-202.265669,0.050000
12282,-138.064244,0.050000
12283,-101.602393,0.050000
12284,-106.085332,0.050000
12285,-93.548618,0.050000
12286,-55.269745,0.050000
12287,-143.740598,0.050000
12288,-109.519777,0.050000
12289,-166.377069,0.050000
12290,-235.361037,0.050000
12291,-107.137750,0.050000
12292,-232.975674,0.050000
12293,-144.000972,0.050000
12294,-230.782227,0.050000
12295,-235.165672,0.050000
12296,-224.142755,0.050000
12297,-177.896651,0.050000
12298,-153.955033,0.050000
12299,-84.185579,0.050000
12300,-219.822528,0.050000
12301,-114.768878,0.050000
12302,-175.225493,0.050000
12303,-139.213565,0.050000
12304,-212.571031,0.050000
12305,-149.820854,0.050000
12306,-126.322875,0.050000
12307,-252.129989,0.050000
12308,-225.799895,0.050000
12309,-170.388252,0.050000
12310,-131.407694,0.050000
12311,-218.281137,0.050000
12312,-175.288185,0.050000
12313,-250.128850,0.050000
12314,-253.408339,0.050000
12315,-205.204107,0.050000
12316,-169.359142,0.050000
12317,-131.984826,0.050000
12318,-127.966798,0.050000
12319,-104.487892,0.050000
12320,-219.589281,0.050000
12321,-163.515083,0.050000
12322,-110.075581,0.050000
12323,-187.179495,0.050000
12324,-173.812375,0.050000
12325,-236.003145,0.050000
12326,-213.690344,0.050000
12327,-226.352580,0.050000
12328,-153.988928,0.050000
12329,-198.093786,0.050000
12330,-182.785979,0.050000
12331,-140.411819,0.050000
12332,-170.254825,0.050000
12333,-147.144406,0.050000
12334,-155.804424,0.050000
12335,-80.100032,0.050000
12336,-178.189697,0.050000
12337,-154.756306,0.050000
12338,-201.900343,0.050000
12339,-187.056650,0.050000
12340,-90.317383,0.050000
12341,-198.699294,0.050000
12342,-231.042805,0.050000
12343,-207.017010,0.050000
12344,-184.011539,0.050000
12345,-167.951951,0.050000
12346,-161.688033,0.050000
12347,-146.692333,0.050000
12348,-168.242903,0.050000
12349,-221.674565,0.050000
12350,-148.028835,0.050000
12351,-140.845031,0.050000
12352,-177.986572,0.050000
12353,-202.517232,0.050000
12354,-204.487173,0.050000
12355,-153.307912,0.050000
12356,-151.384545,0.050000
12357,-218.762023,0.050000
12358,-199.024188,0.050000
12359,-270.313877,0.050000
12360,-131.387635,0.050000
12361,-115.983142,0.050000
12362,-188.618041,0.050000
12363,-189.136915,0.050000
12364,-138.394989,0.050000
12365,-145.366887,0.050000
12366,-107.692468,0.050000
12367,-150.488297,0.050000
12368,-163.235784,0.050000
12369,-168.802275,0.050000
12370,-185.084125,0.050000
12371,-191.768414,0.050000
12372,-123.482257,0.050000
12373,-199.126716,0.050000
12374,-130.950319,0.050000
12375,-180.220464,0.050000
12376,-155.734634,0.050000
12377,-175.183326,0.050000
12378,-118.112583,0.050000
12379,-176.793782,0.050000
12380,-257.305554,0.050000
12381,-111.753345,0.050000
12382,-110.322318,0.050000
12383,-175.331772,0.050000
12384,-82.566779,0.050000
12385,-112.684461,0.050000
12386,-113.550521,0.050000
12387,-186.215829,0.050000
12388,-141.412676,0.050000
12389,-139.062738,0.050000
12390,-95.371609,0.050000
12391,-146.223925,0.050000
12392,-142.342934,0.050000
12393,-143.910087,0.050000
12394,-125.530466,0.050000
12395,-127.573341,0.050000
12396,-237.842933,0.050000
12397,-206.942655,0.050000
12398,-197.974951,0.050000
12399,-152.687554,0.050000
12400,-143.730533,0.050000
12401,-163.243057,0.050000
12402,-123.187252,0.050000
12403,-153.499583,0.050000
12404,-181.892701,0.050000
12405,-88.164411,0.050000
12406,-90.286880,0.050000
12407,-146.118127,0.050000
12408,-163.964595,0.050000
12409,-122.642191,0.050000
12410,-161.406537,0.050000
12411,-123.303292,0.050000
12412,-145.467470,0.050000
12413,-111.438527,0.050000
12414,-185.056025,0.050000
12415,-110.520418,0.050000
12416,-183.502695,0.050000
12417,-170.016013,0.050000
12418,-155.688451,0.050000
12419,-104.090463,0.050000
12420,-79.185861,0.050000
12421,-132.114586,0.050000
12422,-165.139445,0.050000
12423,-187.064384,0.050000
12424,-149.887569,0.050000
12425,-194.779628,0.050000
12426,-173.382142,0.050000
12427,-218.309470,0.050000
12428,-131.598027,0.050000
12429,-226.160723,0.050000
12430,-211.919561,0.050000
12431,-159.751495,0.050000
12432,-175.269000,0.050000
12433,-129.349876,0.050000
12434,-143.457046,0.050000
12435,-139.634491,0.050000
12436,-148.230517,0.050000
12437,-196.576691,0.050000
12438,-152.143766,0.050000
12439,-159.060425,0.050000
12440,-215.606636,0.050000
12441,-122.376700,0.050000
12442,-182.044882,0.050000
12443,-167.729139,0.050000
12444,-143.204944,0.050000
12445,-169.618111,0.050000
12446,-189.874705,0.050000
12447,-165.162239,0.050000
12448,-150.975707,0.050000
12449,-144.171570,0.050000
12450,-139.314508,0.050000
12451,-118.724320,0.050000
12452,-106.620754,0.050000
12453,-81.706979,0.050000
12454,-160.815512,0.050000
12455,-171.603619,0.050000
12456,-143.499077,0.050000
12457,-161.323510,0.050000
12458,-176.734821,0.050000
12459,-128.649933,0.050000
12460,-175.261203,0.050000
12461,-77.962498,0.050000
12462,-48.463757,0.050000
12463,-141.537696,0.050000
12464,-203.270841,0.050000
12465,-190.096085,0.050000
12466,-170.202343,0.050000
12467,-159.334725,0.050000
12468,-176.335841,0.050000
12469,-215.902408,0.050000
12470,-99.837042,0.050000
12471,-185.565532,0.050000
12472,-179.512422,0.050000
12473,-213.033569,0.050000
12474,-88.835835,0.050000
12475,-88.403319,0.050000
12476,-143.203665,0.050000
12477,-151.643818,0.050000
12478,-95.600166,0.050000
12479,-172.692921,0.050000
12480,-110.265490,0.050000
12481,-124.788318,0.050000
12482,-161.171421,0.050000
12483,-163.900116,0.050000
12484,-113.434567,0.050000
12485,-76.988078,0.050000
12486,-92.133125,0.050000
12487,-170.080268,0.050000
12488,-187.031230,0.050000
12489,-217.380117,0.050000
12490,-51.373529,0.050000
12491,-184.785051,0.050000
12492,-117.480208,0.050000
12493,-162.557353,0.050000
12494,-137.363279,0.050000
12495,-178.183126,0.050000
12496,-88.957349,0.050000
12497,-85.542301,0.050000
12498,-152.139424,0.050000
12499,-153.107761,0.050000
12500,-152.159898,0.050000
12501,-205.844795,0.050000
12502,-125.284357,0.050000
12503,-106.727886,0.050000
12504,-219.300126,0.050000
12505,-174.282812,0.050000
12506,-83.314806,0.050000
12507,-159.969559,0.050000
12508,-121.851932,0.050000
12509,-106.288004,0.050000
12510,-123.119509,0.050000
12511,-166.743556,0.050000
12512,-140.476857,0.050000
12513,-120.516374,0.050000
12514,-223.639267,0.050000
12515,-127.767045,0.050000
12516,-178.363489,0.050000
12517,-144.421018,0.050000
12518,-180.122548,0.050000
12519,-167.168156,0.050000
12520,-78.115514,0.050000
12521,-205.608106,0.050000
12522,-159.529689,0.050000
12523,-97.260336,0.050000
12524,-126.187302,0.050000
12525,-84.436017,0.050000
12526,-158.112312,0.050000
12527,-145.934727,0.050000
12528,-149.723783,0.050000
12529,-105.064408,0.050000
12530,-215.413861,0.050000
12531,-186.722147,0.050000
12532,-96.773237,0.050000
12533,-137.640403,0.050000
12534,-187.732246,0.050000
12535,-213.711307,0.050000
12536,-118.080002,0.050000
12537,-196.713476,0.050000
12538,-150.343527,0.050000
12539,-186.572628,0.050000
12540,-172.077389,0.050000
12541,-201.022409,0.050000
12542,-140.090844,0.050000
12543,-119.055798,0.050000
12544,-150.585666,0.050000
12545,-127.925290,0.050000
12546,-154.807482,0.050000
12547,-121.661481,0.050000
12548,-128.060751,0.050000
12549,-120.821788,0.050000
12550,-115.969931,0.050000
12551,-139.975341,0.050000
12552,-124.510263,0.050000
12553,-119.800124,0.050000
12554,-102.678042,0.050000
12555,-154.321739,0.050000
12556,-125.829395,0.050000
12557,-181.914601,0.050000
12558,-83.296708,0.050000
12559,-133.523988,0.050000
12560,-133.541632,0.050000
12561,-207.746979,0.050000
12562,-140.246146,0.050000
12563,-165.694293,0.050000
12564,-149.574869,0.050000
12565,-153.440887,0.050000
12566,-180.910674,0.050000
12567,-94.636285,0.050000
12568,-139.421538,0.050000
12569,-92.494896,0.050000
12570,-129.666863,0.050000
12571,-60.814165,0.050000
12572,-72.241680,0.050000
12573,-84.186190,0.050000
12574,-109.913899,0.050000
12575,-100.356589,0.050000
12576,-97.624688,0.050000
12577,-116.209228,0.050000
12578,-67.371752,0.050000
12579,-89.695649,0.050000
12580,-196.556337,0.050000
12581,-126.648922,0.050000
12582,-102.259659,0.050000
12583,-69.708772,0.050000
12584,-157.521592,0.050000
12585,-152.395218,0.050000
12586,-49.567577,0.050000
12587,-74.178932,0.050000
12588,-90.700542,0.050000
12589,-94.034786,0.050000
12590,-83.959333,0.050000
12591,-156.910923,0.050000
12592,-147.663357,0.050000
12593,-124.257943,0.050000
12594,-118.727935,0.050000
12595,-52.457738,0.050000
12596,-71.700249,0.050000
12597,-145.753547,0.050000
12598,-56.486587,0.050000
12599,-168.563278,0.050000
12600,-122.158451,0.050000
12601,-110.080613,0.050000
12602,-112.737633,0.050000
12603,-209.873686,0.050000
12604,-154.524881,0.050000
12605,-103.910119,0.050000
12606,-96.579621,0.050000
12607,-134.989557,0.050000
12608,-178.108583,0.050000
12609,-129.363951,0.050000
12610,-140.050473,0.050000
12611,-119.849166,0.050000
12612,-146.332883,0.050000
12613,-53.102270,0.050000
12614,-142.007762,0.050000
12615,-69.076319,0.050000
12616,-171.734555,0.050000
12617,-185.730132,0.050000
12618,-57.216386,0.050000
12619,-125.848740,0.050000
12620,-139.606878,0.050000
12621,-117.164962,0.050000
12622,-136.819751,0.050000
12623,-167.108619,0.050000
12624,-114.406684,0.050000
12625,-133.732476,0.050000
12626,-153.445714,0.050000
12627,-88.570464,0.050000
12628,-130.543446,0.050000
12629,-115.225455,0.050000
12630,-124.898469,0.050000
12631,-127.305351,0.050000
12632,-138.851724,0.050000
12633,-62.615750,0.050000
12634,-99.138759,0.050000
12635,-146.562691,0.050000
12636,-66.081087,0.050000
12637,-121.981315,0.050000
12638,-166.931483,0.050000
12639,-113.341363,0.050000
12640,-88.545612,0.050000
12641,-162.949933,0.050000
12642,-168.133217,0.050000
12643,-116.853757,0.050000
12644,-134.724265,0.050000
12645,-123.463631,0.050000
12646,-138.027703,0.050000
12647,-94.828625,0.050000
12648,-132.971068,0.050000
12649,-143.213692,0.050000
12650,-147.605069,0.050000
12651,-146.596788,0.050000
12652,-100.563930,0.050000
12653,-152.126262,0.050000
12654,-82.889682,0.050000
12655,-183.693935,0.050000
12656,-137.107585,0.050000
12657,-157.006530,0.050000
12658,-76.681406,0.050000
12659,-134.964189,0.050000
12660,-146.738743,0.050000
12661,-99.969361,0.050000
12662,-203.110186,0.050000
12663,-184.853412,0.050000
12664,-157.878312,0.050000
12665,-164.660627,0.050000
12666,-140.124298,0.050000
12667,-193.430816,0.050000
12668,-131.663149,0.050000
12669,-148.452665,0.050000
12670,-108.660425,0.050000
12671,-135.323520,0.050000
12672,-195.484037,0.050000
12673,-186.305681,0.050000
12674,-197.441321,0.050000
12675,-223.238890,0.050000
12676,-178.676236,0.050000
12677,-170.766431,0.050000
12678,-115.584772,0.050000
12679,-188.367753,0.050000
12680,-263.529335,0.050000
12681,-225.775090,0.050000
12682,-180.809977,0.050000
12683,-124.812927,0.050000
12684,-144.328075,0.050000
12685,-175.285264,0.050000
12686,-172.582828,0.050000
12687,-176.796365,0.050000
12688,-126.738541,0.050000
12689,-173.384650,0.050000
12690,-201.209640,0.050000
12691,-158.209221,0.050000
12692,-168.339343,0.050000
12693,-132.021211,0.050000
12694,-102.163211,0.050000
12695,-134.599921,0.050000
12696,-302.129270,0.050000
12697,-111.056466,0.050000
12698,-153.898778,0.050000
12699,-107.332392,0.050000
12700,-107.329784,0.050000
12701,-177.422989,0.050000
12702,-149.422105,0.050000
12703,-193.989550,0.050000
12704,-114.138586,0.050000
12705,-148.845080,0.050000
12706,-119.019394,0.050000
12707,-150.614311,0.050000
12708,-100.731904,0.050000
12709,-161.607069,0.050000
12710,-182.482860,0.050000
12711,-183.984669,0.050000
12712,-166.219310,0.050000
12713,-163.050770,0.050000
12714,-152.859904,0.050000
12715,-166.710168,0.050000
12716,-137.830307,0.050000
12717,-135.050357,0.050000
12718,-254.964161,0.050000
12719,-187.665321,0.050000
12720,-158.833126,0.050000
12721,-178.876199,0.050000
12722,-164.730162,0.050000
12723,-124.522477,0.050000
12724,-190.890625,0.050000
12725,-272.995471,0.050000
12726,-205.766257,0.050000
12727,-176.116013,0.050000
12728,-176.521902,0.050000
12729,-153.791724,0.050000
12730,-150.084018,0.050000
12731,-129.773898,0.050000
12732,-172.175802,0.050000
12733,-126.725904,0.050000
12734,-108.292470,0.050000
12735,-189.218942,0.050000
12736,-201.172096,0.050000
12737,-165.530643,0.050000
12738,-228.595789,0.050000
12739,-104.298371,0.050000
12740,-119.384857,0.050000
12741,-187.007784,0.050000
12742,-228.377602,0.050000
12743,-167.689035,0.050000
12744,-122.556680,0.050000
12745,-136.475520,0.050000
12746,-125.193438,0.050000
12747,-138.291056,0.050000
12748,-157.248863,0.050000
12749,-219.827998,0.050000
12750,-168.549303,0.050000
12751,-141.233908,0.050000
12752,-170.639114,0.050000
12753,-163.214661,0.050000
12754,-168.228610,0.050000
12755,-173.992442,0.050000
12756,-107.237550,0.050000
12757,-142.945272,0.050000
12758,-184.228910,0.050000
12759,-184.863377,0.050000
12760,-136.580732,0.050000
12761,-155.387014,0.050000
12762,-191.628986,0.050000
12763,-185.445406,0.050000
12764,-150.262758,0.050000
12765,-129.815075,0.050000
12766,-166.308555,0.050000
12767,-179.920611,0.050000
12768,-112.095170,0.050000
12769,-86.037438,0.050000
12770,-108.078105,0.050000
12771,-184.513543,0.050000
12772,-173.386449,0.050000
12773,-122.054841,0.050000
12774,-193.925125,0.050000
12775,-152.501708,0.050000
12776,-118.076002,0.050000
12777,-138.697843,0.050000
12778,-98.576650,0.050000
12779,-146.449624,0.050000
12780,-146.087212,0.050000
12781,-187.802542,0.050000
12782,-187.829347,0.050000
12783,-144.573383,0.050000
12784,-229.339443,0.050000
12785,-169.531896,0.050000
12786,-209.839402,0.050000
12787,-135.675649,0.050000
12788,-124.400194,0.050000
12789,-206.994759,0.050000
12790,-148.591615,0.050000
12791,-173.920308,0.050000
12792,-149.203354,0.050000
12793,-160.269011,0.050000
12794,-119.805506,0.050000
12795,-126.148771,0.050000
12796,-219.829414,0.050000
12797,-166.875614,0.050000
12798,-167.103766,0.050000
12799,-137.582976,0.050000
12800,-105.330722,0.050000
12801,-242.227378,0.050000
12802,-141.129075,0.050000
12803,-136.324244,0.050000
12804,-172.794391,0.050000
12805,-173.590442,0.050000
12806,-169.995282,0.050000
12807,-79.301126,0.050000
12808,-154.892420,0.050000
12809,-176.061889,0.050000
12810,-120.149503,0.050000
12811,-173.959095,0.050000
12812,-85.122212,0.050000
12813,-134.352018,0.050000
12814,-192.696306,0.050000
12815,-151.733901,0.050000
12816,-122.437805,0.050000
12817,-142.812775,0.050000
12818,-149.363584,0.050000
12819,-139.106850,0.050000
12820,-47.386220,0.050000
12821,-125.895274,0.050000
12822,-133.386124,0.050000
12823,-172.766135,0.050000
12824,-120.242056,0.050000
12825,-93.971982,0.050000
12826,-198.134254,0.050000
12827,-179.067310,0.050000
12828,-230.120585,0.050000
12829,-136.131887,0.050000
12830,-154.408620,0.050000
12831,-159.115529,0.050000
12832,-95.944374,0.050000
12833,-112.792603,0.050000
12834,-128.441246,0.050000
12835,-195.233427,0.050000
12836,-149.567304,0.050000
12837,-212.412551,0.050000
12838,-133.436268,0.050000
12839,-173.716570,0.050000
12840,-104.640189,0.050000
12841,-193.046072,0.050000
12842,-199.096299,0.050000
12843,-171.604471,0.050000
12844,-203.382002,0.050000
12845,-224.543378,0.050000
12846,-113.987141,0.050000
12847,-228.868798,0.050000
12848,-218.903416,0.050000
12849,-219.638075,0.050000
12850,-194.795335,0.050000
12851,-181.232170,0.050000
12852,-151.846932,0.050000
12853,-128.654359,0.050000
12854,-202.798522,0.050000
12855,-163.937188,0.050000
12856,-131.952451,0.050000
12857,-115.964303,0.050000
12858,-213.657616,0.050000
12859,-148.512860,0.050000
12860,-174.830858,0.050000
12861,-127.053198,0.050000
12862,-155.294354,0.050000
12863,-217.268270,0.050000
12864,-216.850355,0.050000
12865,-163.428097,0.050000
12866,-185.421797,0.050000
12867,-222.431896,0.050000
12868,-141.562478,0.050000
12869,-165.908242,0.050000
12870,-132.417719,0.050000
12871,-162.672185,0.050000
12872,-204.423083,0.050000
12873,-180.431667,0.050000
12874,-72.222902,0.050000
12875,-163.262772,0.050000
12876,-165.294692,0.050000
12877,-251.449672,0.050000
12878,-163.731617,0.050000
12879,-133.749763,0.050000
12880,-231.877854,0.050000
12881,-107.140401,0.050000
12882,-106.665802,0.050000
12883,-89.545494,0.050000
12884,-169.967037,0.050000
12885,-170.354710,0.050000
12886,-233.900204,0.050000
12887,-180.593355,0.050000
12888,-178.586201,0.050000
12889,-175.988735,0.050000
12890,-149.598541,0.050000
12891,-142.175278,0.050000
12892,-172.871310,0.050000
12893,-209.883576,0.050000
12894,-184.880700,0.050000
12895,-241.853251,0.050000
12896,-206.769080,0.050000
12897,-227.456342,0.050000
12898,-197.896996,0.050000
12899,-170.583248,0.050000
12900,-193.221327,0.050000
12901,-130.829975,0.050000
12902,-208.942590,0.050000
12903,-192.011594,0.050000
12904,-210.145996,0.050000
12905,-173.254039,0.050000
12906,-241.151046,0.050000
12907,-117.365868,0.050000
12908,-151.974869,0.050000
12909,-223.923295,0.050000
12910,-108.697391,0.050000
12911,-166.159357,0.050000
12912,-155.273660,0.050000
12913,-121.829704,0.050000
12914,-174.229369,0.050000
12915,-138.296875,0.050000
12916,-149.020255,0.050000
12917,-247.976244,0.050000
12918,-210.848359,0.050000
12919,-136.942607,0.050000
12920,-221.160496,0.050000
12921,-139.375271,0.050000
12922,-175.353614,0.050000
12923,-248.491470,0.050000
12924,-212.195533,0.050000
12925,-260.181720,0.050000
12926,-256.662981,0.050000
12927,-212.868959,0.050000
12928,-148.214735,0.050000
12929,-240.756513,0.050000
12930,-170.508992,0.050000
12931,-197.646585,0.050000
12932,-180.745192,0.050000
12933,-137.437478,0.050000
12934,-175.416742,0.050000
12935,-218.951270,0.050000
12936,-161.240978,0.050000
12937,-155.424439,0.050000
12938,-184.955633,0.050000
12939,-205.841680,0.050000
12940,-218.342462,0.050000
12941,-110.844597,0.050000
12942,-186.190905,0.050000
12943,-183.731242,0.050000
12944,-236.012680,0.050000
12945,-154.897810,0.050000
12946,-177.940800,0.050000
12947,-213.395925,0.050000
12948,-139.625667,0.050000
12949,-155.056824,0.050000
12950,-116.619977,0.050000
12951,-210.922177,0.050000
12952,-202.667766,0.050000
12953,-218.545100,0.050000
12954,-267.598896,0.050000
12955,-230.760759,0.050000
12956,-153.446432,0.050000
12957,-178.713293,0.050000
12958,-207.880041,0.050000
12959,-197.918958,0.050000
12960,-271.750226,0.050000
12961,-108.503126,0.050000
12962,-170.269182,0.050000
12963,-119.517169,0.050000
12964,-121.513447,0.050000
12965,-186.276614,0.050000
12966,-119.184735,0.050000
12967,-186.088397,0.050000
12968,-167.879986,0.050000
12969,-158.507909,0.050000
12970,-200.806290,0.050000
12971,-170.717482,0.050000
12972,-173.710237,0.050000
12973,-220.044423,0.050000
12974,-219.205790,0.050000
12975,-145.177296,0.050000
12976,-183.442740,0.050000
12977,-143.955380,0.050000
12978,-158.633547,0.050000
12979,-140.319739,0.050000
12980,-173.164231,0.050000
12981,-115.316300,0.050000
12982,-162.727236,0.050000
12983,-184.137880,0.050000
12984,-256.292655,0.050000
12985,-207.788658,0.050000
12986,-126.709713,0.050000
12987,-159.382126,0.050000
12988,-146.430337,0.050000
12989,-135.741126,0.050000
12990,-145.014427,0.050000
12991,-172.505710,0.050000
12992,-203.951622,0.050000
12993,-122.664225,0.050000
12994,-137.898390,0.050000
12995,-169.991319,0.050000
12996,-170.919930,0.050000
12997,-187.759533,0.050000
12998,-227.965640,0.050000
12999,-150.814820,0.050000
13000,-160.902019,0.050000
13001,-203.659427,0.050000
13002,-232.442033,0.050000
13003,-146.660984,0.050000
13004,-167.475654,0.050000
13005,-107.917600,0.050000
13006,-123.167532,0.050000
13007,-168.330971,0.050000
13008,-184.327634,0.050000
13009,-230.612586,0.050000
13010,-99.980966,0.050000
13011,-178.300187,0.050000
13012,-140.389706,0.050000
13013,-212.457333,0.050000
13014,-137.522585,0.050000
13015,-103.483452,0.050000
13016,-162.953845,0.050000
13017,-136.042004,0.050000
13018,-206.816017,0.050000
13019,-130.480977,0.050000
13020,-213.297793,0.050000
13021,-98.168823,0.050000
13022,-183.862848,0.050000
13023,-178.294198,0.050000
13024,-104.197440,0.050000
13025,-107.559357,0.050000
13026,-249.065585,0.050000
13027,-72.309434,0.050000
13028,-173.037131,0.050000
13029,-160.824480,0.050000
13030,-128.150261,0.050000
13031,-79.819078,0.050000
13032,-133.369045,0.050000
13033,-137.128493,0.050000
13034,-184.308626,0.050000
13035,-99.128612,0.050000
13036,-189.096976,0.050000
13037,-204.681853,0.050000
13038,-152.436812,0.050000
13039,-220.461530,0.050000
13040,-140.683760,0.050000
13041,-118.141816,0.050000
13042,-125.289169,0.050000
13043,-153.111759,0.050000
13044,-160.944037,0.050000
13045,-82.104374,0.050000
13046,-178.024808,0.050000
13047,-131.215150,0.050000
13048,-98.338287,0.050000
13049,-207.097347,0.050000
13050,-152.945093,0.050000
13051,-196.377906,0.050000
13052,-171.003917,0.050000
13053,-161.416354,0.050000
13054,-143.774431,0.050000
13055,-135.317119,0.050000
13056,-175.771234,0.050000
13057,-161.977152,0.050000
13058,-151.013510,0.050000
13059,-237.823722,0.050000
13060,-281.926317,0.050000
13061,-225.658919,0.050000
13062,-122.697868,0.050000
13063,-182.944914,0.050000
13064,-239.719864,0.050000
13065,-120.769456,0.050000
13066,-112.013410,0.050000
13067,-172.679574,0.050000
13068,-235.809473,0.050000
13069,-180.764856,0.050000
13070,-188.266875,0.050000
13071,-160.391655,0.050000
13072,-169.101930,0.050000
13073,-140.294223,0.050000
13074,-205.702653,0.050000
13075,-123.961207,0.050000
13076,-167.388615,0.050000
13077,-215.293193,0.050000
13078,-256.000272,0.050000
13079,-244.855507,0.050000
13080,-131.972154,0.050000
13081,-200.410618,0.050000
13082,-157.127717,0.050000
13083,-238.657776,0.050000
13084,-200.063508,0.050000
13085,-148.961929,0.050000
13086,-255.458571,0.050000
13087,-203.431747,0.050000
13088,-149.983522,0.050000
13089,-152.045178,0.050000
13090,-182.002693,0.050000
13091,-189.461662,0.050000
13092,-196.008584,0.050000
13093,-217.919353,0.050000
13094,-153.473406,0.050000
13095,-168.332060,0.050000
13096,-195.257875,0.050000
13097,-165.799459,0.050000
13098,-221.856736,0.050000
13099,-185.373936,0.050000
13100,-164.408661,0.045000
13101,-133.237102,0.045000
13102,-184.542560,0.045000
13103,-140.921171,0.045000
13104,-155.075234,0.045000
13105,-289.783500,0.045000
13106,-210.172113,0.045000
13107,-123.688596,0.045000
13108,-238.255583,0.045000
13109,-191.685315,0.045000
13110,-165.953842,0.045000
13111,-150.664210,0.045000
13112,-247.124398,0.045000
13113,-179.010902,0.045000
13114,-130.774498,0.045000
13115,-188.838698,0.045000
13116,-122.827577,0.045000
13117,-204.747483,0.045000
13118,-209.733561,0.045000
13119,-150.297568,0.045000
13120,-161.204657,0.045000
13121,-117.152191,0.045000
13122,-221.551064,0.045000
13123,-106.364313,0.045000
13124,-176.698688,0.045000
13125,-198.042944,0.045000
13126,-154.180022,0.045000
13127,-211.218505,0.045000
13128,-157.661046,0.045000
13129,-127.523770,0.045000
13130,-152.304144,0.045000
13131,-173.248510,0.045000
13132,-122.335543,0.045000
13133,-102.009330,0.045000
13134,-146.956589,0.045000
13135,-197.915490,0.045000
13136,-213.657412,0.045000
13137,-270.007289,0.045000
13138,-176.088017,0.045000
13139,-112.186427,0.045000
13140,-177.817129,0.045000
13141,-117.245389,0.045000
13142,-145.922690,0.045000
13143,-85.229916,0.045000
13144,-177.163984,0.045000
13145,-155.914151,0.045000
13146,-198.772730,0.045000
13147,-128.149365,0.045000
13148,-132.721115,0.045000
13149,-231.823500,0.045000
13150,-156.414993,0.045000
13151,-223.957355,0.045000
13152,-214.012615,0.045000
13153,-126.422974,0.045000
13154,-97.596622,0.045000
13155,-197.564950,0.045000
13156,-138.589394,0.045000
13157,-173.298802,0.045000
13158,-137.405654,0.045000
13159,-154.667046,0.045000
13160,-113.697819,0.045000
13161,-182.325978,0.045000
13162,-172.359055,0.045000
13163,-201.829442,0.045000
13164,-185.689972,0.045000
13165,-188.827738,0.045000
13166,-161.826194,0.045000
13167,-212.736918,0.045000
13168,-158.108545,0.045000
13169,-171.742057,0.045000
13170,-176.347883,0.045000
13171,-130.241938,0.045000
13172,-142.181467,0.045000
13173,-126.586437,0.045000
13174,-126.614762,0.045000
13175,-154.843640,0.045000
13176,-128.691539,0.045000
13177,-104.266253,0.045000
13178,-205.472396,0.045000
13179,-171.232621,0.045000
13180,-160.482633,0.045000
13181,-206.550464,0.045000
13182,-161.345730,0.045000
13183,-151.987455,0.045000
13184,-115.871841,0.045000
13185,-225.884826,0.045000
13186,-219.011434,0.045000
13187,-180.143601,0.045000
13188,-170.086760,0.045000
13189,-141.689672,0.045000
13190,-183.890989,0.045000
13191,-127.637685,0.045000
13192,-156.219896,0.045000
13193,-133.484163,0.045000
13194,-135.222440,0.045000
13195,-112.181536,0.045000
13196,-252.209565,0.045000
13197,-184.100266,0.045000
13198,-119.465555,0.045000
13199,-178.270396,0.045000
13200,-153.763098,0.040500
13201,-121.969673,0.040500
13202,-130.625667,0.040500
13203,-120.182278,0.040500
13204,-164.095200,0.040500
13205,-141.694254,0.040500
13206,-192.660756,0.040500
13207,-133.105877,0.040500
13208,-161.939319,0.040500
13209,-203.598832,0.040500
13210,-123.726807,0.040500
13211,-138.708742,0.040500
13212,-180.838784,0.040500
13213,-165.678466,0.040500
13214,-152.417524,0.040500
13215,-125.324482,0.040500
13216,-158.274557,0.040500
13217,-105.529091,0.040500
13218,-142.715767,0.040500
13219,-148.990923,0.040500
13220,-144.020971,0.040500
13221,-167.308335,0.040500
13222,-153.966293,0.040500
13223,-162.868522,0.040500
13224,-161.641263,0.040500
13225,-87.263392,0.040500
13226,-146.200707,0.040500
13227,-166.393413,0.040500
13228,-145.751721,0.040500
13229,-181.456330,0.040500
13230,-146.182378,0.040500
13231,-206.915661,0.040500
13232,-49.624071,0.040500
13233,-134.792024,0.040500
13234,-107.067722,0.040500
13235,-171.582278,0.040500
13236,-139.859129,0.040500
13237,-171.700540,0.040500
13238,-207.750338,0.040500
13239,-144.117034,0.040500
13240,-112.546811,0.040500
13241,-182.999193,0.040500
13242,-140.002876,0.040500
13243,-248.110621,0.040500
13244,-181.389768,0.040500
13245,-179.452598,0.040500
13246,-166.902223,0.040500
13247,-146.438352,0.040500
13248,-132.007970,0.040500
13249,-129.600336,0.040500
13250,-107.375050,0.040500
13251,-150.567497,0.040500
13252,-213.315895,0.040500
13253,-171.827120,0.040500
13254,-168.243059,0.040500
13255,-240.607036,0.040500
13256,-179.900905,0.040500
13257,-150.721798,0.040500
13258,-187.228740,0.040500
13259,-130.243063,0.040500
13260,-137.668897,0.040500
13261,-132.066657,0.040500
13262,-189.396489,0.040500
13263,-134.470518,0.040500
13264,-163.136807,0.040500
13265,-152.262183,0.040500
13266,-192.820557,0.040500
13267,-168.386961,0.040500
13268,-140.866589,0.040500
13269,-235.072047,0.040500
13270,-105.801285,0.040500
13271,-154.309453,0.040500
13272,-165.823760,0.040500
13273,-101.923262,0.040500
13274,-178.831981,0.040500
13275,-158.524793,0.040500
13276,-166.902978,0.040500
13277,-161.256187,0.040500
13278,-187.276712,0.040500
13279,-188.962513,0.040500
13280,-115.212603,0.040500
13281,-95.852201,0.040500
13282,-168.976330,0.040500
13283,-188.090411,0.040500
13284,-143.621020,0.040500
13285,-216.312509,0.040500
13286,-155.481975,0.040500
13287,-215.066687,0.040500
13288,-152.045775,0.040500
13289,-196.350739,0.040500
13290,-211.168468,0.040500
13291,-159.856727,0.040500
13292,-209.949646,0.040500
13293,-219.020614,0.040500
13294,-148.087915,0.040500
13295,-185.556716,0.040500
13296,-188.307267,0.040500
13297,-192.696087,0.040500
13298,-158.941945,0.040500
13299,-171.367565,0.040500
13300,-190.536797,0.036450
13301,-142.968949,0.036450
13302,-136.562841,0.036450
13303,-182.507540,0.036450
13304,-173.791948,0.036450
13305,-143.251755,0.036450
13306,-161.407945,0.036450
13307,-110.153519,0.036450
13308,-233.166965,0.036450
13309,-194.175889,0.036450
13310,-225.095145,0.036450
13311,-190.872133,0.036450
13312,-152.193879,0.036450
13313,-194.555425,0.036450
13314,-151.448831,0.036450
13315,-109.393660,0.036450
13316,-220.224050,0.036450
13317,-202.239814,0.036450
13318,-206.299356,0.036450
13319,-205.824104,0.036450
13320,-144.204465,0.036450
13321,-198.433035,0.036450
13322,-127.036458,0.036450
13323,-154.700235,0.036450
13324,-214.985783,0.036450
13325,-219.797811,0.036450
13326,-141.619070,0.036450
13327,-203.063947,0.036450
13328,-223.588761,0.036450
13329,-250.376997,0.036450
13330,-209.182060,0.036450
13331,-128.871798,0.036450
13332,-193.775506,0.036450
13333,-210.273433,0.036450
13334,-129.385431,0.036450
13335,-169.577379,0.036450
13336,-184.889822,0.036450
13337,-196.578608,0.036450
13338,-158.554439,0.036450
13339,-219.310671,0.036450
13340,-283.330563,0.036450
13341,-127.946441,0.036450
13342,-206.566853,0.036450
13343,-104.091066,0.036450
13344,-268.472517,0.036450
13345,-165.117986,0.036450
13346,-215.796296,0.036450
13347,-151.700848,0.036450
13348,-164.113379,0.036450
13349,-197.486585,0.036450
13350,-229.003446,0.036450
13351,-155.742069,0.036450
13352,-165.436335,0.036450
13353,-214.031883,0.036450
13354,-159.581811,0.036450
13355,-120.244628,0.036450
13356,-185.341159,0.036450
13357,-217.626125,0.036450
13358,-175.864119,0.036450
13359,-122.814672,0.036450
13360,-164.711661,0.036450
13361,-208.740787,0.036450
13362,-215.605647,0.036450
13363,-273.133580,0.036450
13364,-215.245922,0.036450
13365,-176.717680,0.036450
13366,-163.996275,0.036450
13367,-217.163686,0.036450
13368,-145.216282,0.036450
13369,-148.258254,0.036450
13370,-189.841326,0.036450
13371,-164.386779,0.036450
13372,-250.503246,0.036450
13373,-178.713529,0.036450
13374,-195.023330,0.036450
13375,-163.830273,0.036450
13376,-116.552789,0.036450
13377,-205.900000,0.036450
13378,-178.465278,0.036450
13379,-154.347532,0.036450
13380,-168.912369,0.036450
13381,-160.746229,0.036450
13382,-94.558976,0.036450
13383,-201.140692,0.036450
13384,-155.240916,0.036450
13385,-143.727167,0.036450
13386,-244.757669,0.036450
13387,-251.605052,0.036450
13388,-161.565068,0.036450
13389,-182.373714,0.036450
13390,-132.028077,0.036450
13391,-189.304791,0.036450
13392,-133.436779,0.036450
13393,-113.798378,0.036450
13394,-121.859497,0.036450
13395,-163.115221,0.036450
13396,-155.927679,0.036450
13397,-127.912180,0.036450
13398,-173.788580,0.036450
13399,-88.707856,0.036450
13400,-157.134759,0.032805
13401,-118.453657,0.032805
13402,-171.493312,0.032805
13403,-105.915360,0.032805
13404,-167.175120,0.032805
13405,-206.041323,0.032805
13406,-133.522719,0.032805
13407,-143.832607,0.032805
13408,-112.532479,0.032805
13409,-135.085171,0.032805
13410,-138.629715,0.032805
13411,-106.751456,0.032805
13412,-126.606903,0.032805
13413,-89.676687,0.032805
13414,-163.165600,0.032805
13415,-123.515347,0.032805
13416,-125.198525,0.032805
13417,-99.555879,0.032805
13418,-203.704307,0.032805
13419,-173.273152,0.032805
13420,-176.391594,0.032805
13421,-139.953059,0.032805
13422,-136.981261,0.032805
13423,-126.742507,0.032805
13424,-75.530579,0.032805
13425,-167.205153,0.032805
13426,-155.779619,0.032805
13427,-214.786569,0.032805
13428,-227.008324,0.032805
13429,-198.964982,0.032805
13430,-169.333468,0.032805
13431,-177.547696,0.032805
13432,-112.783976,0.032805
13433,-151.777612,0.032805
13434,-156.862902,0.032805
13435,-121.378406,0.032805
13436,-113.588532,0.032805
13437,-150.409522,0.032805
13438,-209.110842,0.032805
13439,-87.557715,0.032805
13440,-129.759866,0.032805
13441,-122.914447,0.032805
13442,-91.014877,0.032805
13443,-137.014150,0.032805
13444,-164.106848,0.032805
13445,-136.024495,0.032805
13446,-157.416279,0.032805
13447,-207.779729,0.032805
13448,-183.072694,0.032805
13449,-160.069748,0.032805
13450,-194.004488,0.032805
13451,-167.538229,0.032805
13452,-109.086020,0.032805
13453,-112.908046,0.032805
13454,-161.632088,0.032805
13455,-123.673203,0.032805
13456,-179.764507,0.032805
13457,-161.042650,0.032805
13458,-187.563005,0.032805
13459,-125.010000,0.032805
13460,-141.986605,0.032805
13461,-177.260997,0.032805
13462,-139.174906,0.032805
13463,-198.887593,0.032805
13464,-97.506187,0.032805
13465,-95.748089,0.032805
13466,-142.214017,0.032805
13467,-151.106416,0.032805
13468,-131.325761,0.032805
13469,-196.318260,0.032805
13470,-91.825167,0.032805
13471,-146.376660,0.032805
13472,-184.272538,0.032805
13473,-173.007968,0.032805
13474,-169.960154,0.032805
13475,-216.291071,0.032805
13476,-85.053265,0.032805
13477,-147.498647,0.032805
13478,-106.737725,0.032805
13479,-187.291147,0.032805
13480,-167.482921,0.032805
13481,-200.107338,0.032805
13482,-215.347537,0.032805
13483,-165.347598,0.032805
13484,-83.668023,0.032805
13485,-144.126330,0.032805
13486,-173.595213,0.032805
13487,-183.724002,0.032805
13488,-127.506825,0.032805
13489,-122.662951,0.032805
13490,-191.958966,0.032805
13491,-143.681573,0.032805
13492,-165.877723,0.032805
13493,-202.379211,0.032805
13494,-139.359087,0.032805
13495,-134.733938,0.032805
13496,-162.828812,0.032805
13497,-215.098709,0.032805
13498,-139.434383,0.032805
13499,-147.742503,0.032805
13500,-124.253549,0.029525
13501,-181.881601,0.029525
13502,-93.964598,0.029525
13503,-167.147373,0.029525
13504,-125.075332,0.029525
13505,-147.105899,0.029525
13506,-117.867237,0.029525
13507,-163.313145,0.029525
13508,-182.032631,0.029525
13509,-227.723450,0.029525
13510,-132.302322,0.029525
13511,-135.646857,0.029525
13512,-171.924310,0.029525
13513,-220.643111,0.029525
13514,-169.478880,0.029525
13515,-172.568601,0.029525
13516,-156.811720,0.029525
13517,-128.674505,0.029525
13518,-141.944787,0.029525
13519,-151.783112,0.029525
13520,-197.935212,0.029525
13521,-163.073640,0.029525
13522,-103.103778,0.029525
13523,-72.951783,0.029525
13524,-162.804377,0.029525
13525,-117.094639,0.029525
13526,-124.125271,0.029525
13527,-185.172612,0.029525
13528,-185.447074,0.029525
13529,-179.600867,0.029525
13530,-179.127140,0.029525
13531,-168.218486,0.029525
13532,-205.029632,0.029525
13533,-160.506098,0.029525
13534,-149.633247,0.029525
13535,-225.348730,0.029525
13536,-177.325960,0.029525
13537,-168.518013,0.029525
13538,-208.781591,0.029525
13539,-188.072825,0.029525
13540,-136.481955,0.029525
13541,-140.766439,0.029525
13542,-235.079107,0.029525
13543,-201.835874,0.029525
13544,-181.296890,0.029525
13545,-188.555963,0.029525
13546,-238.191275,0.029525
13547,-103.819867,0.029525
13548,-139.017439,0.029525
13549,-182.043637,0.029525
13550,-220.062800,0.029525
13551,-141.657248,0.029525
13552,-117.416426,0.029525
13553,-182.921588,0.029525
13554,-165.556197,0.029525
13555,-249.222886,0.029525
13556,-164.757487,0.029525
13557,-239.952626,0.029525
13558,-102.639799,0.029525
13559,-133.748077,0.029525
13560,-164.588177,0.029525
13561,-196.982905,0.029525
13562,-187.098023,0.029525
13563,-186.284832,0.029525
13564,-186.318679,0.029525
13565,-155.578297,0.029525
13566,-158.445775,0.029525
13567,-210.001601,0.029525
13568,-209.844696,0.029525
13569,-145.591931,0.029525
13570,-223.240259,0.029525
13571,-212.621509,0.029525
13572,-198.795449,0.029525
13573,-212.959315,0.029525
13574,-104.585049,0.029525
13575,-173.269994,0.029525
13576,-140.946026,0.029525
13577,-138.439369,0.029525
13578,-127.046975,0.029525
13579,-223.608924,0.029525
13580,-152.125979,0.029525
13581,-152.236704,0.029525
13582,-124.759663,0.029525
13583,-206.328035,0.029525
13584,-159.852351,0.029525
13585,-105.985799,0.029525
13586,-139.117536,0.029525
13587,-128.796663,0.029525
13588,-115.371781,0.029525
13589,-181.845214,0.029525
13590,-175.507595,0.029525
13591,-121.628226,0.029525
13592,-132.499918,0.029525
13593,-146.165655,0.029525
13594,-126.437498,0.029525
13595,-184.845153,0.029525
13596,-158.961670,0.029525
13597,-175.121533,0.029525
13598,-193.546036,0.029525
13599,-186.700635,0.029525
13600,-191.482137,0.026572
13601,-185.702777,0.026572
13602,-149.595423,0.026572
13603,-177.893847,0.026572
13604,-116.087155,0.026572
13605,-250.346176,0.026572
13606,-151.890079,0.026572
13607,-159.692275,0.026572
13608,-162.768267,0.026572
13609,-118.731751,0.026572
13610,-88.818141,0.026572
13611,-140.857295,0.026572
13612,-136.775489,0.026572
13613,-95.275718,0.026572
13614,-107.955534,0.026572
13615,-164.089897,0.026572
13616,-149.043675,0.026572
13617,-157.942993,0.026572
13618,-78.228439,0.026572
13619,-163.885650,0.026572
13620,-194.484207,0.026572
13621,-181.142494,0.026572
13622,-154.556101,0.026572
13623,-206.029091,0.026572
13624,-135.430754,0.026572
13625,-114.543790,0.026572
13626,-75.838547,0.026572
13627,-181.634874,0.026572
13628,-193.071653,0.026572
13629,-103.396782,0.026572
13630,-135.713645,0.026572
13631,-105.956983,0.026572
13632,-68.359086,0.026572
13633,-128.702778,0.026572
13634,-105.793997,0.026572
13635,-189.834061,0.026572
13636,-60.735617,0.026572
13637,-108.384525,0.026572
13638,-70.818681,0.026572
13639,-86.658192,0.026572
13640,-166.579384,0.026572
13641,-89.583173,0.026572
13642,-128.744474,0.026572
13643,-166.337721,0.026572
13644,-51.513945,0.026572
13645,-103.564062,0.026572
13646,-118.193880,0.026572
13647,-52.172741,0.026572
13648,-112.545605,0.026572
13649,-135.805415,0.026572
13650,-116.256695,0.026572
13651,-85.532703,0.026572
13652,-182.345731,0.026572
13653,-191.698487,0.026572
13654,-51.819719,0.026572
13655,-96.004944,0.026572
13656,-113.837014,0.026572
13657,-160.734720,0.026572
13658,-167.226980,0.026572
13659,-97.670949,0.026572
13660,-70.513629,0.026572
13661,-70.603824,0.026572
13662,-110.790546,0.026572
13663,-134.532858,0.026572
13664,-208.341683,0.026572
13665,-119.327074,0.026572
13666,-83.157104,0.026572
13667,-132.171541,0.026572
13668,-80.063691,0.026572
13669,-150.492447,0.026572
13670,-109.249547,0.026572
13671,-114.675099,0.026572
13672,-94.300343,0.026572
13673,-52.093720,0.026572
13674,-139.757152,0.026572
13675,-84.908779,0.026572
13676,-127.707637,0.026572
13677,-146.586760,0.026572
13678,-163.048771,0.026572
13679,-134.621370,0.026572
13680,-170.812841,0.026572
13681,-84.585419,0.026572
13682,-100.581796,0.026572
13683,-131.904152,0.026572
13684,-115.412395,0.026572
13685,-88.061583,0.026572
13686,-105.932026,0.026572
13687,-112.383998,0.026572
13688,-156.989233,0.026572
13689,-101.363095,0.026572
13690,-202.012722,0.026572
13691,-151.631211,0.026572
13692,-92.200891,0.026572
13693,-102.233634,0.026572
13694,-198.387458,0.026572
13695,-105.085501,0.026572
13696,-108.169947,0.026572
13697,-73.462663,0.026572
13698,-184.195463,0.026572
13699,-139.611814,0.026572
13700,-90.575082,0.023915
13701,-154.864218,0.023915
13702,-97.931866,0.023915
13703,-112.621473,0.023915
13704,-130.787548,0.023915
13705,-113.136317,0.023915
13706,-82.363105,0.023915
13707,-98.687692,0.023915
13708,-174.415922,0.023915
13709,-145.593977,0.023915
13710,-202.573583,0.023915
13711,-72.165398,0.023915
13712,-125.309146,0.023915
13713,-77.631181,0.023915
13714,-189.086099,0.023915
13715,-129.475680,0.023915
13716,-179.704070,0.023915
13717,-99.379696,0.023915
13718,-87.752048,0.023915
13719,-107.142462,0.023915
13720,-125.486191,0.023915
13721,-95.814012,0.023915
13722,-131.178367,0.023915
13723,-145.298093,0.023915
13724,-117.331325,0.023915
13725,-59.021631,0.023915
13726,-129.452711,0.023915
13727,-150.224956,0.023915
13728,-99.835611,0.023915
13729,-178.718550,0.023915
13730,-147.889399,0.023915
13731,-105.158468,0.023915
13732,-192.209675,0.023915
13733,-91.690307,0.023915
13734,-94.751925,0.023915
13735,-119.050375,0.023915
13736,-158.897787,0.023915
13737,-102.938344,0.023915
13738,-187.270327,0.023915
13739,-68.003991,0.023915
13740,-183.680142,0.023915
13741,-169.577268,0.023915
13742,-149.192900,0.023915
13743,-141.700604,0.023915
13744,-160.228349,0.023915
13745,-106.750977,0.023915
13746,-132.986019,0.023915
13747,-144.322462,0.023915
13748,-116.979829,0.023915
13749,-66.271124,0.023915
13750,-130.187339,0.023915
13751,-176.146312,0.023915
13752,-133.499113,0.023915
13753,-181.060311,0.023915
13754,-90.412979,0.023915
13755,-140.051094,0.023915
13756,-53.127660,0.023915
13757,-69.256255,0.023915
13758,-49.492202,0.023915
13759,-180.485700,0.023915
13760,-63.733166,0.023915
13761,-56.028534,0.023915
13762,-111.617456,0.023915
13763,-139.596183,0.023915
13764,-86.331207,0.023915
13765,-50.557246,0.023915
13766,-125.060846,0.023915
13767,-82.470410,0.023915
13768,-118.023219,0.023915
13769,-95.963707,0.023915
13770,-116.547484,0.023915
13771,-75.263305,0.023915
13772,-123.116743,0.023915
13773,-103.575410,0.023915
13774,-129.146202,0.023915
13775,-142.633438,0.023915
13776,-69.339998,0.023915
13777,-45.732563,0.023915
13778,-135.203255,0.023915
13779,-127.542023,0.023915
13780,-190.540925,0.023915
13781,-143.200376,0.023915
13782,-105.115403,0.023915
13783,-100.480927,0.023915
13784,-109.081866,0.023915
13785,-74.346906,0.023915
13786,-113.718484,0.023915
13787,-81.172883,0.023915
13788,-147.750324,0.023915
13789,-151.012300,0.023915
13790,-62.170915,0.023915
13791,-104.707624,0.023915
13792,-98.308347,0.023915
13793,-106.798743,0.023915
13794,-197.132592,0.023915
13795,-111.786806,0.023915
13796,-149.229864,0.023915
13797,-102.906796,0.023915
13798,-75.846523,0.023915
13799,-104.038623,0.023915
13800,-108.423018,0.021523
13801,-160.765070,0.021523
13802,-90.658587,0.021523
13803,-98.296071,0.021523
13804,-74.375705,0.021523
13805,-68.064119,0.021523
13806,-131.212662,0.021523
13807,-49.737930,0.021523
13808,-126.055425,0.021523
13809,-71.367997,0.021523
13810,-108.995942,0.021523
13811,-128.202184,0.021523
13812,-91.993671,0.021523
13813,-152.831828,0.021523
13814,-67.045423,0.021523
13815,-72.000662,0.021523
13816,-102.138331,0.021523
13817,-147.315472,0.021523
13818,-45.642379,0.021523
13819,-65.730730,0.021523
13820,-139.718931,0.021523
13821,-75.895877,0.021523
13822,-115.612471,0.021523
13823,-71.160221,0.021523
13824,-66.406296,0.021523
13825,-99.156051,0.021523
13826,-93.406743,0.021523
13827,-88.198874,0.021523
13828,-62.594157,0.021523
13829,-109.972860,0.021523
13830,-82.449056,0.021523
13831,-66.573496,0.021523
13832,-28.017297,0.021523
13833,-114.870998,0.021523
13834,-94.909918,0.021523
13835,-106.281338,0.021523
13836,-39.249362,0.021523
13837,-79.000283,0.021523
13838,-113.250459,0.021523
13839,-122.973326,0.021523
13840,-70.815846,0.021523
13841,-147.071559,0.021523
13842,-103.243057,0.021523
13843,-105.554778,0.021523
13844,-133.192888,0.021523
13845,-145.881935,0.021523
13846,-99.987813,0.021523
13847,-77.343897,0.021523
13848,-88.651596,0.021523
13849,-80.992421,0.021523
13850,-164.298900,0.021523
13851,-94.758912,0.021523
13852,-69.771223,0.021523
13853,-76.142125,0.021523
13854,-59.660492,0.021523
13855,-123.017030,0.021523
13856,-80.920534,0.021523
13857,-146.780559,0.021523
13858,-89.960788,0.021523
13859,-49.546858,0.021523
13860,-109.093346,0.021523
13861,-107.951862,0.021523
13862,-52.057886,0.021523
13863,-69.844984,0.021523
13864,-88.981127,0.021523
13865,-85.366858,0.021523
13866,-123.351245,0.021523
13867,-47.799560,0.021523
13868,-101.560376,0.021523
13869,-100.285257,0.021523
13870,-11.362822,0.021523
13871,-53.154253,0.021523
13872,-82.259959,0.021523
13873,-121.300691,0.021523
13874,-121.298666,0.021523
13875,-148.617666,0.021523
13876,-155.137864,0.021523
13877,-79.030006,0.021523
13878,-53.509884,0.021523
13879,-41.848005,0.021523
13880,-126.529748,0.021523
13881,-108.325993,0.021523
13882,-69.860911,0.021523
13883,-103.848933,0.021523
13884,-48.463261,0.021523
13885,-68.677473,0.021523
13886,-118.362996,0.021523
13887,-58.158710,0.021523
13888,-73.738697,0.021523
13889,-57.004877,0.021523
13890,-141.137470,0.021523
13891,-84.236753,0.021523
13892,-62.398784,0.021523
13893,-82.924879,0.021523
13894,-70.851468,0.021523
13895,-180.444158,0.021523
13896,-94.631765,0.021523
13897,-76.989226,0.021523
13898,-62.189531,0.021523
13899,-85.787983,0.021523
13900,-143.756733,0.019371
13901,-174.074459,0.019371
13902,-119.396554,0.019371
13903,-84.366149,0.019371
13904,-78.375226,0.019371
13905,-125.823748,0.019371
13906,-67.790570,0.019371
13907,-70.668141,0.019371
13908,-89.665172,0.019371
13909,-106.445725,0.019371
13910,-107.130678,0.019371
13911,-43.400277,0.019371
13912,-76.516855,0.019371
13913,-123.367926,0.019371
13914,-74.023338,0.019371
13915,-110.002921,0.019371
13916,-103.072043,0.019371
13917,-82.796805,0.019371
13918,-37.327811,0.019371
13919,-97.603783,0.019371
13920,-110.433444,0.019371
13921,-149.789731,0.019371
13922,-16.180214,0.019371
13923,-92.685690,0.019371
13924,-117.282167,0.019371
13925,-160.211679,0.019371
13926,-56.436554,0.019371
13927,-123.115086,0.019371
13928,-145.259495,0.019371
13929,-128.266505,0.019371
13930,-155.506416,0.019371
13931,-131.275668,0.019371
13932,-114.639349,0.019371
13933,-147.523896,0.019371
13934,-166.127001,0.019371
13935,-108.315593,0.019371
13936,-125.961469,0.019371
13937,-158.654271,0.019371
13938,-76.741958,0.019371
13939,-147.860803,0.019371
13940,-155.201288,0.019371
13941,-90.876774,0.019371
13942,-163.685995,0.019371
13943,-168.075360,0.019371
13944,-111.165733,0.019371
13945,-125.805045,0.019371
13946,-159.619058,0.019371
13947,-95.135887,0.019371
13948,-65.383629,0.019371
13949,-231.594803,0.019371
13950,-135.826260,0.019371
13951,-183.064223,0.019371
13952,-194.461169,0.019371
13953,-224.135760,0.019371
13954,-152.308525,0.019371
13955,-61.498349,0.019371
13956,-90.065457,0.019371
13957,-152.191456,0.019371
13958,-137.266665,0.019371
13959,-137.136736,0.019371
13960,-80.184022,0.019371
13961,-74.976113,0.019371
13962,-84.437962,0.019371
13963,-179.181175,0.019371
13964,-163.960757,0.019371
13965,-164.127814,0.019371
13966,-110.750922,0.019371
13967,-161.674642,0.019371
13968,-147.650017,0.019371
13969,-115.300241,0.019371
13970,-116.569878,0.019371
13971,-100.449142,0.019371
13972,-50.664207,0.019371
13973,-158.777234,0.019371
13974,-106.173421,0.019371
13975,-159.654310,0.019371
13976,-131.388874,0.019371
13977,-102.499930,0.019371
13978,-111.604513,0.019371
13979,-183.803992,0.019371
13980,-163.378651,0.019371
13981,-131.433868,0.019371
13982,-117.533224,0.019371
13983,-94.964708,0.019371
13984,-70.613884,0.019371
13985,-68.037826,0.019371
13986,-113.721731,0.019371
13987,-71.482529,0.019371
13988,-97.486214,0.019371
13989,-106.469167,0.019371
13990,-109.255528,0.019371
13991,-98.980303,0.019371
13992,-99.807200,0.019371
13993,-133.222024,0.019371
13994,-129.692899,0.019371
13995,-120.800723,0.019371
13996,-159.052321,0.019371
13997,-88.294237,0.019371
13998,-99.708280,0.019371
13999,-164.647109,0.019371
14000,-49.520583,0.017434
14001,-81.941083,0.017434
14002,-114.652994,0.017434
14003,-148.120662,0.017434
14004,-30.188236,0.017434
14005,-151.012431,0.017434
14006,-71.541777,0.017434
14007,-101.495006,0.017434
14008,-136.203243,0.017434
14009,-168.208112,0.017434
14010,-104.881927,0.017434
14011,-61.425504,0.017434
14012,-83.929914,0.017434
14013,-110.898590,0.017434
14014,-135.913408,0.017434
14015,-89.889961,0.017434
14016,-79.512062,0.017434
14017,-9.416128,0.017434
14018,-39.671589,0.017434
14019,-111.594367,0.017434
14020,-70.909395,0.017434
14021,-117.121157,0.017434
14022,-57.028407,0.017434
14023,-95.793586,0.017434
14024,-125.975466,0.017434
14025,-63.312275,0.017434
14026,-58.143717,0.017434
14027,-60.459623,0.017434
14028,-93.398274,0.017434
14029,-86.584339,0.017434
14030,-152.189820,0.017434
14031,-64.563468,0.017434
14032,-82.323319,0.017434
14033,-33.243258,0.017434
14034,-138.430636,0.017434
14035,-71.786477,0.017434
14036,-128.626158,0.017434
14037,-70.499030,0.017434
14038,-59.091609,0.017434
14039,-55.209910,0.017434
14040,-107.972367,0.017434
14041,-75.462520,0.017434
14042,-83.188794,0.017434
14043,-75.780947,0.017434
14044,-56.662995,0.017434
14045,-60.825985,0.017434
14046,-115.560153,0.017434
14047,-61.484318,0.017434
14048,-81.068663,0.017434
14049,-114.408437,0.017434
14050,-102.877493,0.017434
14051,-166.327255,0.017434
14052,-95.199638,0.017434
14053,-144.632377,0.017434
14054,-123.228895,0.017434
14055,-49.152589,0.017434
14056,-119.066479,0.017434
14057,-133.197241,0.017434
14058,-105.111095,0.017434
14059,-89.968071,0.017434
14060,-96.883862,0.017434
14061,-24.805000,0.017434
14062,-70.197151,0.017434
14063,-113.610817,0.017434
14064,-120.824039,0.017434
14065,-94.353325,0.017434
14066,-51.120198,0.017434
14067,-62.530323,0.017434
14068,-86.209859,0.017434
14069,-94.692550,0.017434
14070,-74.456703,0.017434
14071,-51.114242,0.017434
14072,-70.452554,0.017434
14073,-85.643018,0.017434
14074,-125.085199,0.017434
14075,-89.979737,0.017434
14076,-69.505186,0.017434
14077,-112.341148,0.017434
14078,-87.884914,0.017434
14079,-104.244502,0.017434
14080,-115.344535,0.017434
14081,-82.375507,0.017434
14082,-90.474218,0.017434
14083,-141.060148,0.017434
14084,-70.298249,0.017434
14085,-126.133528,0.017434
14086,-103.777416,0.017434
14087,-136.809629,0.017434
14088,-79.575800,0.017434
14089,-66.449920,0.017434
14090,-61.647633,0.017434
14091,-80.069967,0.017434
14092,-76.881404,0.017434
14093,-90.875260,0.017434
14094,-110.422941,0.017434
14095,-45.718185,0.017434
14096,-126.784529,0.017434
14097,-71.790252,0.017434
14098,-79.184404,0.017434
14099,-79.364929,0.017434
14100,-78.581295,0.015691
14101,-94.748949,0.015691
14102,-98.778210,0.015691
14103,-76.396340,0.015691
14104,-162.947097,0.015691
14105,-87.435024,0.015691
14106,-105.017768,0.015691
14107,-102.298464,0.015691
14108,-60.734629,0.015691
14109,-77.129248,0.015691
14110,-89.606423,0.015691
14111,-103.466291,0.015691
14112,-103.252867,0.015691
14113,-62.010992,0.015691
14114,-187.572865,0.015691
14115,-80.549151,0.015691
14116,-51.329605,0.015691
14117,-132.623209,0.015691
14118,-136.316040,0.015691
14119,-80.831849,0.015691
14120,-109.998063,0.015691
14121,-96.776060,0.015691
14122,-97.730542,0.015691
14123,-145.538509,0.015691
14124,-108.176830,0.015691
14125,-119.350319,0.015691
14126,-177.512039,0.015691
14127,-111.738617,0.015691
14128,-70.407710,0.015691
14129,-103.019556,0.015691
14130,-108.200902,0.015691
14131,-121.989373,0.015691
14132,-64.863103,0.015691
14133,-77.894292,0.015691
14134,-146.607347,0.015691
14135,-66.887925,0.015691
14136,-87.129889,0.015691
14137,-168.047908,0.015691
14138,-126.502025,0.015691
14139,-167.540131,0.015691
14140,-100.093347,0.015691
14141,-67.350482,0.015691
14142,-142.570621,0.015691
14143,-83.990732,0.015691
14144,-120.357429,0.015691
14145,-120.909962,0.015691
14146,-78.397783,0.015691
14147,-142.575725,0.015691
14148,-122.447180,0.015691
14149,-115.658995,0.015691
14150,-101.819561,0.015691
14151,-112.471382,0.015691
14152,-110.678886,0.015691
14153,-138.944263,0.015691
14154,-112.437318,0.015691
14155,-141.975152,0.015691
14156,-100.179060,0.015691
14157,-135.809091,0.015691
14158,-133.749036,0.015691
14159,-180.394285,0.015691
14160,-113.129921,0.015691
14161,-171.127052,0.015691
14162,-95.275059,0.015691
14163,-142.505226,0.015691
14164,-44.034925,0.015691
14165,-79.603672,0.015691
14166,-103.285540,0.015691
14167,-78.278477,0.015691
14168,-85.360812,0.015691
14169,-91.723727,0.015691
14170,-101.057147,0.015691
14171,-50.604069,0.015691
14172,-165.288308,0.015691
14173,-127.209799,0.015691
14174,-100.387733,0.015691
14175,-121.040962,0.015691
14176,-84.363686,0.015691
14177,-92.743162,0.015691
14178,-180.459781,0.015691
14179,-131.886766,0.015691
14180,-98.962722,0.015691
14181,-138.042371,0.015691
14182,-104.106776,0.015691
14183,-133.658484,0.015691
14184,-100.953652,0.015691
14185,-52.112003,0.015691
14186,-134.512960,0.015691
14187,-181.204046,0.015691
14188,-140.997246,0.015691
14189,-92.544297,0.015691
14190,-115.636558,0.015691
14191,-89.142916,0.015691
14192,-108.028574,0.015691
14193,-150.934424,0.015691
14194,-80.384652,0.015691
14195,-109.903437,0.015691
14196,-90.604662,0.015691
14197,-121.914158,0.015691
14198,-111.426330,0.015691
14199,-100.317789,0.015691
14200,-108.743057,0.014121
14201,-139.926559,0.014121
14202,-99.518217,0.014121
14203,-73.259125,0.014121
14204,-106.926851,0.014121
14205,-163.700078,0.014121
14206,-161.012369,0.014121
14207,-92.468962,0.014121
14208,-126.316165,0.014121
14209,-118.905502,0.014121
14210,-133.056765,0.014121
14211,-102.488929,0.014121
14212,-111.408410,0.014121
14213,-68.495449,0.014121
14214,-89.056640,0.014121
14215,-70.731122,0.014121
14216,-78.769984,0.014121
14217,-91.662194,0.014121
14218,-110.531735,0.014121
14219,-96.678794,0.014121
14220,-59.637291,0.014121
14221,-76.769850,0.014121
14222,-78.090775,0.014121
14223,-99.665094,0.014121
14224,-152.681338,0.014121
14225,-66.818816,0.014121
14226,-134.486743,0.014121
14227,-96.690300,0.014121
14228,-89.415807,0.014121
14229,-90.852731,0.014121
14230,-98.940114,0.014121
14231,-96.939571,0.014121
14232,-78.479913,0.014121
14233,-113.960213,0.014121
14234,-85.243565,0.014121
14235,-103.134170,0.014121
14236,-126.682875,0.014121
14237,-160.624474,0.014121
14238,-127.621943,0.014121
14239,-149.323562,0.014121
14240,-120.355541,0.014121
14241,-86.721056,0.014121
14242,-81.905227,0.014121
14243,-137.685178,0.014121
14244,-93.719181,0.014121
14245,-71.026221,0.014121
14246,-107.544529,0.014121
14247,-143.861499,0.014121
14248,-170.043092,0.014121
14249,-102.097408,0.014121
14250,-105.651913,0.014121
14251,-94.685937,0.014121
14252,-80.100743,0.014121
14253,-138.083604,0.014121
14254,-103.649924,0.014121
14255,-65.322779,0.014121
14256,-81.394322,0.014121
14257,-114.436115,0.014121
14258,-131.042424,0.014121
14259,-136.397416,0.014121
14260,-116.387094,0.014121
14261,-110.772029,0.014121
14262,-109.113413,0.014121
14263,-146.640763,0.014121
14264,-123.907109,0.014121
14265,-87.175729,0.014121
14266,-108.293402,0.014121
14267,-81.831867,0.014121
14268,-139.951554,0.014121
14269,-81.979043,0.014121
14270,-62.813645,0.014121
14271,-92.423058,0.014121
14272,-59.762780,0.014121
14273,-99.044888,0.014121
14274,-115.520271,0.014121
14275,-76.316983,0.014121
14276,-147.281887,0.014121
14277,-98.167471,0.014121
14278,-136.572804,0.014121
14279,-51.335572,0.014121
14280,-155.656034,0.014121
14281,-148.833437,0.014121
14282,-111.411705,0.014121
14283,-92.894948,0.014121
14284,-87.068019,0.014121
14285,-101.842831,0.014121
14286,-59.010054,0.014121
14287,-87.851494,0.014121
14288,-51.693353,0.014121
14289,-82.725053,0.014121
14290,-90.052308,0.014121
14291,-114.901267,0.014121
14292,-66.215295,0.014121
14293,-136.439443,0.014121
14294,-48.213348,0.014121
14295,-147.351029,0.014121
14296,-78.965091,0.014121
14297,-115.025355,0.014121
14298,-126.012643,0.014121
14299,-165.492166,0.014121
14300,-107.099830,0.012709
14301,-118.359992,0.012709
14302,-114.200172,0.012709
14303,-104.851127,0.012709
14304,-109.293541,0.012709
14305,-87.442395,0.012709
14306,-107.733426,0.012709
14307,-178.806847,0.012709
14308,-157.987357,0.012709
14309,-176.754109,0.012709
14310,-126.470336,0.012709
14311,-110.603242,0.012709
14312,-91.578259,0.012709
14313,-116.508770,0.012709
14314,-138.037849,0.012709
14315,-68.708828,0.012709
14316,-91.140106,0.012709
14317,-140.758924,0.012709
14318,-94.540938,0.012709
14319,-171.563450,0.012709
14320,-118.716393,0.012709
14321,-122.277271,0.012709
14322,-144.254107,0.012709
14323,-124.778544,0.012709
14324,-106.312494,0.012709
14325,-75.846943,0.012709
14326,-105.626967,0.012709
14327,-130.253346,0.012709
14328,-69.136879,0.012709
14329,-81.761567,0.012709
14330,-82.725696,0.012709
14331,-106.698066,0.012709
14332,-95.241585,0.012709
14333,-89.606064,0.012709
14334,-155.510677,0.012709
14335,-126.446656,0.012709
14336,-140.966287,0.012709
14337,-165.609092,0.012709
14338,-145.734300,0.012709
14339,-46.262644,0.012709
14340,-127.499990,0.012709
14341,-99.366002,0.012709
14342,-97.857976,0.012709
14343,-83.280716,0.012709
14344,-224.473755,0.012709
14345,-83.086503,0.012709
14346,-92.419215,0.012709
14347,-78.186142,0.012709
14348,-86.121624,0.012709
14349,-45.225230,0.012709
14350,-111.983288,0.012709
14351,-41.162580,0.012709
14352,-111.468989,0.012709
14353,-93.249661,0.012709
14354,-123.200278,0.012709
14355,-151.303229,0.012709
14356,-68.854968,0.012709
14357,-111.665174,0.012709
14358,-114.546568,0.012709
14359,-101.533036,0.012709
14360,-30.651362,0.012709
14361,-58.166464,0.012709
14362,-49.701863,0.012709
14363,-82.246192,0.012709
14364,-79.507671,0.012709
14365,-115.057428,0.012709
14366,-89.742645,0.012709
14367,-165.001575,0.012709
14368,-134.113519,0.012709
14369,-172.715703,0.012709
14370,-89.849603,0.012709
14371,-138.466854,0.012709
14372,-112.432573,0.012709
14373,-122.297052,0.012709
14374,-136.347397,0.012709
14375,-172.292753,0.012709
14376,-102.503587,0.012709
14377,-114.262339,0.012709
14378,-107.935636,0.012709
14379,-96.694976,0.012709
14380,-52.930807,0.012709
14381,-130.681995,0.012709
14382,-82.429874,0.012709
14383,-103.164379,0.012709
14384,-118.423060,0.012709
14385,-137.778040,0.012709
14386,-184.731490,0.012709
14387,-111.044944,0.012709
14388,-184.520449,0.012709
14389,-140.325165,0.012709
14390,-161.019519,0.012709
14391,-105.835529,0.012709
14392,-119.272268,0.012709
14393,-126.410787,0.012709
14394,-141.531674,0.012709
14395,-100.679417,0.012709
14396,-141.402107,0.012709
14397,-178.273756,0.012709
14398,-89.272767,0.012709
14399,-78.800309,0.012709
14400,-132.572728,0.011438
14401,-136.195890,0.011438
14402,-132.094732,0.011438
14403,-100.526788,0.011438
14404,-120.161539,0.011438
14405,-172.230020,0.011438
14406,-105.292997,0.011438
14407,-100.133285,0.011438
14408,-173.309999,0.011438
14409,-121.821298,0.011438
14410,-147.225371,0.011438
14411,-189.113259,0.011438
14412,-113.755947,0.011438
14413,-144.005216,0.011438
14414,-131.567130,0.011438
14415,-144.721446,0.011438
14416,-160.041525,0.011438
14417,-158.515037,0.011438
14418,-122.489464,0.011438
14419,-129.414423,0.011438
14420,-183.903155,0.011438
14421,-186.632752,0.011438
14422,-105.279933,0.011438
14423,-114.027905,0.011438
14424,-131.974891,0.011438
14425,-153.800203,0.011438
14426,-207.220602,0.011438
14427,-121.230280,0.011438
14428,-78.004490,0.011438
14429,-127.046383,0.011438
14430,-106.287427,0.011438
14431,-148.885672,0.011438
14432,-95.961054,0.011438
14433,-93.550777,0.011438
14434,-171.860494,0.011438
14435,-113.497189,0.011438
14436,-138.689314,0.011438
14437,-93.573892,0.011438
14438,-99.204452,0.011438
14439,-134.575290,0.011438
14440,-138.742228,0.011438
14441,-198.358523,0.011438
14442,-159.085968,0.011438
14443,-174.309603,0.011438
14444,-207.965588,0.011438
14445,-182.671194,0.011438
14446,-157.367427,0.011438
14447,-108.125556,0.011438
14448,-46.938989,0.011438
14449,-120.323420,0.011438
14450,-138.803096,0.011438
14451,-137.374137,0.011438
14452,-197.396261,0.011438
14453,-131.572470,0.011438
14454,-147.519460,0.011438
14455,-217.983532,0.011438
14456,-160.746292,0.011438
14457,-100.584843,0.011438
14458,-73.569527,0.011438
14459,-143.428817,0.011438
14460,-112.430599,0.011438
14461,-174.630038,0.011438
14462,-130.777483,0.011438
14463,-131.943034,0.011438
14464,-153.815254,0.011438
14465,-184.248202,0.011438
14466,-132.038303,0.011438
14467,-153.080137,0.011438
14468,-183.815976,0.011438
14469,-66.525311,0.011438
14470,-132.877633,0.011438
14471,-90.931068,0.011438
14472,-149.983967,0.011438
14473,-115.689279,0.011438
14474,-126.802343,0.011438
14475,-145.897993,0.011438
14476,-157.726570,0.011438
14477,-99.338336,0.011438
14478,-224.312394,0.011438
14479,-83.055882,0.011438
14480,-169.613731,0.011438
14481,-153.162918,0.011438
14482,-160.689726,0.011438
14483,-103.462490,0.011438
14484,-147.111339,0.011438
14485,-158.977370,0.011438
14486,-144.116514,0.011438
14487,-76.427575,0.011438
14488,-127.768155,0.011438
14489,-149.157545,0.011438
14490,-135.716947,0.011438
14491,-53.843748,0.011438
14492,-140.960762,0.011438
14493,-169.914870,0.011438
14494,-175.681474,0.011438
14495,-125.275389,0.011438
14496,-116.298681,0.011438
14497,-108.568754,0.011438
14498,-120.399500,0.011438
14499,-67.646974,0.011438
14500,-147.013525,0.010295
14501,-143.765674,0.010295
14502,-88.113729,0.010295
14503,-124.009417,0.010295
14504,-190.464775,0.010295
14505,-141.731270,0.010295
14506,-96.733093,0.010295
14507,-153.392194,0.010295
14508,-115.438153,0.010295
14509,-162.792290,0.010295
14510,-128.910807,0.010295
14511,-124.402108,0.010295
14512,-40.995815,0.010295
14513,-117.093263,0.010295
14514,-115.334909,0.010295
14515,-147.203115,0.010295
14516,-114.178137,0.010295
14517,-165.728700,0.010295
14518,-93.311168,0.010295
14519,-234.060189,0.010295
14520,-138.583656,0.010295
14521,-46.606065,0.010295
14522,-163.569757,0.010295
14523,-111.367237,0.010295
14524,-142.008205,0.010295
14525,-152.804326,0.010295
14526,-133.746088,0.010295
14527,-169.634711,0.010295
14528,-89.941745,0.010295
14529,-107.322248,0.010295
14530,-209.293874,0.010295
14531,-104.632242,0.010295
14532,-108.586018,0.010295
14533,-74.681492,0.010295
14534,-99.296545,0.010295
14535,-152.721726,0.010295
14536,-80.278713,0.010295
14537,-191.499869,0.010295
14538,-136.071301,0.010295
14539,-181.846732,0.010295
14540,-72.315491,0.010295
14541,-131.960812,0.010295
14542,-109.345947,0.010295
14543,-151.785627,0.010295
14544,-194.064529,0.010295
14545,-161.432756,0.010295
14546,-65.675169,0.010295
14547,-80.212455,0.010295
14548,-176.315871,0.010295
14549,-257.614511,0.010295
14550,-170.908994,0.010295
14551,-104.381547,0.010295
14552,-156.001720,0.010295
14553,-169.662845,0.010295
14554,-163.812976,0.010295
14555,-84.842281,0.010295
14556,-141.969767,0.010295
14557,-88.001435,0.010295
14558,-269.388597,0.010295
14559,-209.571688,0.010295
14560,-212.965705,0.010295
14561,-139.863409,0.010295
14562,-134.113747,0.010295
14563,-93.200555,0.010295
14564,-154.091068,0.010295
14565,-232.328764,0.010295
14566,-101.346622,0.010295
14567,-175.265267,0.010295
14568,-111.234048,0.010295
14569,-136.135249,0.010295
14570,-148.916092,0.010295
14571,-140.251651,0.010295
14572,-177.142572,0.010295
14573,-144.462884,0.010295
14574,-140.421897,0.010295
14575,-168.640326,0.010295
14576,-116.942181,0.010295
14577,-172.689555,0.010295
14578,-64.970817,0.010295
14579,-217.504161,0.010295
14580,-185.828393,0.010295
14581,-113.948688,0.010295
14582,-209.895844,0.010295
14583,-165.338055,0.010295
14584,-129.273089,0.010295
14585,-127.091112,0.010295
14586,-192.553955,0.010295
14587,-170.374445,0.010295
14588,-109.583703,0.010295
14589,-170.740918,0.010295
14590,-152.539252,0.010295
14591,-221.410848,0.010295
14592,-146.104822,0.010295
14593,-117.323553,0.010295
14594,-172.980578,0.010295
14595,-164.846246,0.010295
14596,-64.054342,0.010295
14597,-113.390151,0.010295
14598,-192.706856,0.010295
14599,-194.731390,0.010295
14600,-223.598445,0.009265
14601,-224.482599,0.009265
14602,-194.337887,0.009265
14603,-213.580232,0.009265
14604,-136.831327,0.009265
14605,-209.726962,0.009265
14606,-233.452463,0.009265
14607,-123.696199,0.009265
14608,-121.721169,0.009265
14609,-78.149235,0.009265
14610,-204.453681,0.009265
14611,-98.084649,0.009265
14612,-204.017343,0.009265
14613,-93.912001,0.009265
14614,-195.444669,0.009265
14615,-137.695791,0.009265
14616,-105.645915,0.009265
14617,-149.139788,0.009265
14618,-113.948934,0.009265
14619,-111.237043,0.009265
14620,-187.611843,0.009265
14621,-139.713479,0.009265
14622,-188.298784,0.009265
14623,-162.158190,0.009265
14624,-194.459269,0.009265
14625,-177.886442,0.009265
14626,-164.426719,0.009265
14627,-181.210157,0.009265
14628,-110.608444,0.009265
14629,-103.309687,0.009265
14630,-88.687566,0.009265
14631,-182.074530,0.009265
14632,-82.143421,0.009265
14633,-113.237434,0.009265
14634,-131.445173,0.009265
14635,-156.374954,0.009265
14636,-137.237760,0.009265
14637,-117.851001,0.009265
14638,-108.425641,0.009265
14639,-124.210736,0.009265
14640,-148.672927,0.009265
14641,-112.739747,0.009265
14642,-231.586353,0.009265
14643,-196.132907,0.009265
14644,-124.401340,0.009265
14645,-129.131786,0.009265
14646,-228.867798,0.009265
14647,-188.604190,0.009265
14648,-162.563305,0.009265
14649,-156.255693,0.009265
14650,-130.912841,0.009265
14651,-123.833532,0.009265
14652,-122.159813,0.009265
14653,-111.734897,0.009265
14654,-181.211736,0.009265
14655,-195.521353,0.009265
14656,-210.567937,0.009265
14657,-101.056145,0.009265
14658,-72.725687,0.009265
14659,-151.482670,0.009265
14660,-235.573912,0.009265
14661,-79.109879,0.009265
14662,-145.803797,0.009265
14663,-184.316538,0.009265
14664,-141.596289,0.009265
14665,-118.332417,0.009265
14666,-46.793914,0.009265
14667,-191.304472,0.009265
14668,-143.895896,0.009265
14669,-162.381273,0.009265
14670,-145.841001,0.009265
14671,-166.376954,0.009265
14672,-187.894393,0.009265
14673,-205.910001,0.009265
14674,-147.474986,0.009265
14675,-143.027928,0.009265
14676,-191.597866,0.009265
14677,-152.389811,0.009265
14678,-177.659777,0.009265
14679,-108.262437,0.009265
14680,-230.283323,0.009265
14681,-145.626376,0.009265
14682,-149.505515,0.009265
14683,-208.905970,0.009265
14684,-146.269433,0.009265
14685,-160.000939,0.009265
14686,-141.351870,0.009265
14687,-87.896636,0.009265
14688,-141.041769,0.009265
14689,-140.581305,0.009265
14690,-160.337577,0.009265
14691,-168.560369,0.009265
14692,-177.085661,0.009265
14693,-195.716618,0.009265
14694,-115.351353,0.009265
14695,-109.883949,0.009265
14696,-48.538460,0.009265
14697,-82.884004,0.009265
14698,-111.691354,0.009265
14699,-152.107605,0.009265
14700,-123.000872,0.008339
14701,-204.365402,0.008339
14702,-165.234641,0.008339
14703,-193.414519,0.008339
14704,-190.538139,0.008339
14705,-123.251331,0.008339
14706,-55.949597,0.008339
14707,-196.163351,0.008339
14708,-134.398839,0.008339
14709,-112.470514,0.008339
14710,-100.370895,0.008339
14711,-119.136189,0.008339
14712,-187.452935,0.008339
14713,-133.796277,0.008339
14714,-90.761800,0.008339
14715,-176.155890,0.008339
14716,-139.812829,0.008339
14717,-190.557415,0.008339
14718,-192.959039,0.008339
14719,-167.261097,0.008339
14720,-198.554970,0.008339
14721,-146.540642,0.008339
14722,-127.760061,0.008339
14723,-149.577519,0.008339
14724,-120.910949,0.008339
14725,-114.182220,0.008339
14726,-153.722083,0.008339
14727,-119.556406,0.008339
14728,-162.691784,0.008339
14729,-205.627762,0.008339
14730,-141.466684,0.008339
14731,-92.697085,0.008339
14732,-149.119806,0.008339
14733,-213.264252,0.008339
14734,-131.331702,0.008339
14735,-129.564563,0.008339
14736,-68.479546,0.008339
14737,-73.366833,0.008339
14738,-143.731625,0.008339
14739,-180.145605,0.008339
14740,-113.720101,0.008339
14741,-196.524928,0.008339
14742,-74.110188,0.008339
14743,-161.901863,0.008339
14744,-118.113855,0.008339
14745,-134.901712,0.008339
14746,-96.448788,0.008339
14747,-122.780270,0.008339
14748,-165.116256,0.008339
14749,-168.557785,0.008339
14750,-165.599099,0.008339
14751,-130.149245,0.008339
14752,-102.456437,0.008339
14753,-133.858102,0.008339
14754,-194.416579,0.008339
14755,-134.006686,0.008339
14756,-225.575012,0.008339
14757,-189.720360,0.008339
14758,-108.417738,0.008339
14759,-138.357806,0.008339
14760,-165.304747,0.008339
14761,-157.937199,0.008339
14762,-170.153692,0.008339
14763,-135.149488,0.008339
14764,-42.627061,0.008339
14765,-173.961960,0.008339
14766,-130.359834,0.008339
14767,-183.314429,0.008339
14768,-175.467427,0.008339
14769,-192.777615,0.008339
14770,-111.802518,0.008339
14771,-69.228022,0.008339
14772,-225.642223,0.008339
14773,-128.608896,0.008339
14774,-154.494192,0.008339
14775,-161.736587,0.008339
14776,-199.427836,0.008339
14777,-122.160027,0.008339
14778,-203.464371,0.008339
14779,-116.153060,0.008339
14780,-164.594066,0.008339
14781,-161.967746,0.008339
14782,-118.485468,0.008339
14783,-92.986967,0.008339
14784,-182.776632,0.008339
14785,-202.589082,0.008339
14786,-108.457737,0.008339
14787,-103.299798,0.008339
14788,-214.390869,0.008339
14789,-122.217048,0.008339
14790,-205.616854,0.008339
14791,-167.629601,0.008339
14792,-187.349197,0.008339
14793,-181.996011,0.008339
14794,-122.453568,0.008339
14795,-209.432964,0.008339
14796,-148.923871,0.008339
14797,-141.342936,0.008339
14798,-101.417401,0.008339
14799,-125.282718,0.008339
14800,-98.633445,0.007505
14801,-218.623581,0.007505
14802,-216.209473,0.007505
14803,-202.340010,0.007505
14804,-181.407154,0.007505
14805,-114.980491,0.007505
14806,-145.053977,0.007505
14807,-141.070602,0.007505
14808,-139.826646,0.007505
14809,-194.418698,0.007505
14810,-163.661197,0.007505
14811,-155.125352,0.007505
14812,-175.011009,0.007505
14813,-183.606960,0.007505
14814,-178.820672,0.007505
14815,-100.353247,0.007505
14816,-213.413583,0.007505
14817,-155.619435,0.007505
14818,-239.691338,0.007505
14819,-187.807389,0.007505
14820,-210.321501,0.007505
14821,-126.946115,0.007505
14822,-166.222189,0.007505
14823,-192.914080,0.007505
14824,-117.886058,0.007505
14825,-167.408265,0.007505
14826,-132.913722,0.007505
14827,-38.608051,0.007505
14828,-202.491007,0.007505
14829,-108.682843,0.007505
14830,-203.688165,0.007505
14831,-91.253991,0.007505
14832,-178.918238,0.007505
14833,-188.847559,0.007505
14834,-126.022278,0.007505
14835,-211.084496,0.007505
14836,-196.811526,0.007505
14837,-167.012146,0.007505
14838,-152.964022,0.007505
14839,-169.453628,0.007505
14840,-100.806584,0.007505
14841,-146.029136,0.007505
14842,-192.386352,0.007505
14843,-202.991494,0.007505
14844,-171.949317,0.007505
14845,-128.318355,0.007505
14846,-154.184216,0.007505
14847,-143.920964,0.007505
14848,-159.180529,0.007505
14849,-127.280476,0.007505
14850,-184.788429,0.007505
14851,-109.119237,0.007505
14852,-198.376886,0.007505
14853,-190.894825,0.007505
14854,-155.975509,0.007505
14855,-179.952062,0.007505
14856,-160.426328,0.007505
14857,-132.818956,0.007505
14858,-154.322481,0.007505
14859,-124.653899,0.007505
14860,-185.388205,0.007505
14861,-100.341086,0.007505
14862,-131.627596,0.007505
14863,-131.198919,0.007505
14864,-141.868690,0.007505
14865,-182.528699,0.007505
14866,-207.014689,0.007505
14867,-129.463520,0.007505
14868,-162.811763,0.007505
14869,-99.814434,0.007505
14870,-82.796570,0.007505
14871,-160.156702,0.007505
14872,-163.148362,0.007505
14873,-197.062919,0.007505
14874,-169.518900,0.007505
14875,-145.213453,0.007505
14876,-160.589688,0.007505
14877,-90.270210,0.007505
14878,-114.554463,0.007505
14879,-236.003110,0.007505
14880,-203.330627,0.007505
14881,-147.619700,0.007505
14882,-143.639634,0.007505
14883,-172.782459,0.007505
14884,-142.761686,0.007505
14885,-200.347932,0.007505
14886,-141.379376,0.007505
14887,-264.867130,0.007505
14888,-187.648149,0.007505
14889,-250.332973,0.007505
14890,-110.679008,0.007505
14891,-160.362193,0.007505
14892,-152.386294,0.007505
14893,-121.808338,0.007505
14894,-140.970186,0.007505
14895,-134.345160,0.007505
14896,-128.969557,0.007505
14897,-101.003871,0.007505
14898,-172.110748,0.007505
14899,-132.170007,0.007505
14900,-232.745733,0.006754
14901,-160.554458,0.006754
14902,-65.985880,0.006754
14903,-172.278688,0.006754
14904,-76.449572,0.006754
14905,-206.684592,0.006754
14906,-202.148931,0.006754
14907,-108.359147,0.006754
14908,-105.837993,0.006754
14909,-155.271138,0.006754
14910,-121.709298,0.006754
14911,-180.222044,0.006754
14912,-137.011180,0.006754
14913,-148.504193,0.006754
14914,-146.527646,0.006754
14915,-137.401971,0.006754
14916,-164.389759,0.006754
14917,-151.754067,0.006754
14918,-189.043674,0.006754
14919,-137.163754,0.006754
14920,-129.084936,0.006754
14921,-111.381584,0.006754
14922,-188.102287,0.006754
14923,-185.139057,0.006754
14924,-115.360298,0.006754
14925,-75.352170,0.006754
14926,-134.853300,0.006754
14927,-159.986932,0.006754
14928,-215.143056,0.006754
14929,-154.453643,0.006754
14930,-118.042503,0.006754
14931,-127.770452,0.006754
14932,-174.235159,0.006754
14933,-149.221859,0.006754
14934,-124.299582,0.006754
14935,-189.148128,0.006754
14936,-177.955562,0.006754
14937,-160.110295,0.006754
14938,-70.212085,0.006754
14939,-178.765716,0.006754
14940,-102.047157,0.006754
14941,-104.463695,0.006754
14942,-176.925844,0.006754
14943,-137.429852,0.006754
14944,-109.218371,0.006754
14945,-116.870420,0.006754
14946,-126.274710,0.006754
14947,-127.820430,0.006754
14948,-141.121496,0.006754
14949,-101.264367,0.006754
14950,-171.927739,0.006754
14951,-193.331872,0.006754
14952,-181.202584,0.006754
14953,-233.483027,0.006754
14954,-137.373751,0.006754
14955,-118.711825,0.006754
14956,-113.647709,0.006754
14957,-89.108826,0.006754
14958,-101.433966,0.006754
14959,-133.867953,0.006754
14960,-139.120591,0.006754
14961,-161.693909,0.006754
14962,-210.452826,0.006754
14963,-112.522161,0.006754
14964,-173.515124,0.006754
14965,-122.963333,0.006754
14966,-136.668561,0.006754
14967,-176.756155,0.006754
14968,-151.142324,0.006754
14969,-138.189044,0.006754
14970,-200.128933,0.006754
14971,-187.570500,0.006754
14972,-191.158082,0.006754
14973,-228.071852,0.006754
14974,-92.638233,0.006754
14975,-240.828945,0.006754
14976,-167.004732,0.006754
14977,-127.169205,0.006754
14978,-162.594003,0.006754
14979,-168.331107,0.006754
14980,-179.530677,0.006754
14981,-131.322947,0.006754
14982,-169.914899,0.006754
14983,-171.347128,0.006754
14984,-173.812894,0.006754
14985,-187.095300,0.006754
14986,-136.632704,0.006754
14987,-84.315207,0.006754
14988,-180.988098,0.006754
14989,-175.573676,0.006754
14990,-121.533967,0.006754
14991,-177.279526,0.006754
14992,-154.439628,0.006754
14993,-134.073777,0.006754
14994,-212.150253,0.006754
14995,-165.102241,0.006754
14996,-179.416517,0.006754
14997,-70.425875,0.006754
14998,-72.057307,0.006754
14999,-95.325149,0.006754
15000,-138.112532,0.006079
15001,-103.483836,0.006079
15002,-77.481205,0.006079
15003,-124.918109,0.006079
15004,-94.080262,0.006079
15005,-141.954709,0.006079
15006,-124.366360,0.006079
15007,-157.959091,0.006079
15008,-147.124256,0.006079
15009,-156.657235,0.006079
15010,-82.577940,0.006079
15011,-158.455919,0.006079
15012,-101.650429,0.006079
15013,-51.186529,0.006079
15014,-91.228612,0.006079
15015,-190.641497,0.006079
15016,-174.647205,0.006079
15017,-138.777501,0.006079
15018,-143.345118,0.006079
15019,-174.469883,0.006079
15020,-198.272917,0.006079
15021,-202.384805,0.006079
15022,-152.997983,0.006079
15023,-89.089498,0.006079
15024,-66.240086,0.006079
15025,-194.527851,0.006079
15026,-151.840191,0.006079
15027,-201.497832,0.006079
15028,-214.852113,0.006079
15029,-75.421408,0.006079
15030,-131.911791,0.006079
15031,-132.347290,0.006079
15032,-174.834295,0.006079
15033,-125.616241,0.006079
15034,-136.552216,0.006079
15035,-88.906575,0.006079
15036,-147.356316,0.006079
15037,-214.003596,0.006079
15038,-158.937686,0.006079
15039,-168.850400,0.006079
15040,-116.612373,0.006079
15041,-52.745661,0.006079
15042,-170.168682,0.006079
15043,-111.258408,0.006079
15044,-55.286363,0.006079
15045,-196.222687,0.006079
15046,-124.168023,0.006079
15047,-130.655127,0.006079
15048,-68.168819,0.006079
15049,-204.662086,0.006079
15050,-78.619932,0.006079
15051,-218.289246,0.006079
15052,-52.432733,0.006079
15053,-127.514091,0.006079
15054,-154.840401,0.006079
15055,-150.908191,0.006079
15056,-69.672541,0.006079
15057,-106.718125,0.006079
15058,-190.453722,0.006079
15059,-192.701156,0.006079
15060,-118.812283,0.006079
15061,-137.954968,0.006079
15062,-187.369616,0.006079
15063,-54.207705,0.006079
15064,-76.728806,0.006079
15065,-83.398825,0.006079
15066,-153.172473,0.006079
15067,-189.332079,0.006079
15068,-233.654536,0.006079
15069,-190.861451,0.006079
15070,-228.279932,0.006079
15071,-91.126089,0.006079
15072,-107.158310,0.006079
15073,-189.443376,0.006079
15074,-115.271493,0.006079
15075,-160.208936,0.006079
15076,-142.019153,0.006079
15077,-112.903894,0.006079
15078,-266.828490,0.006079
15079,-58.468325,0.006079
15080,-167.281299,0.006079
15081,-121.167756,0.006079
15082,-121.087356,0.006079
15083,-167.742050,0.006079
15084,-105.686046,0.006079
15085,-147.849797,0.006079
15086,-115.194874,0.006079
15087,-96.823018,0.006079
15088,-264.614194,0.006079
15089,-164.233425,0.006079
15090,-243.358601,0.006079
15091,-91.731402,0.006079
15092,-165.933282,0.006079
15093,-138.089362,0.006079
15094,-130.005443,0.006079
15095,-169.136700,0.006079
15096,-91.537334,0.006079
15097,-156.606294,0.006079
15098,-130.813770,0.006079
15099,-92.697171,0.006079
15100,-135.752019,0.005471
15101,-116.288649,0.005471
15102,-70.320041,0.005471
15103,-171.333508,0.005471
15104,-152.829458,0.005471
15105,-182.069816,0.005471
15106,-157.123118,0.005471
15107,-185.649899,0.005471
15108,-153.941411,0.005471
15109,-111.533029,0.005471
15110,-222.711465,0.005471
15111,-151.935798,0.005471
15112,-284.600781,0.005471
15113,-110.683227,0.005471
15114,-197.467209,0.005471
15115,-109.901586,0.005471
15116,-44.818985,0.005471
15117,-180.536877,0.005471
15118,-112.000423,0.005471
15119,-226.323247,0.005471
15120,-141.025411,0.005471
15121,-147.922297,0.005471
15122,-115.168439,0.005471
15123,-105.684629,0.005471
15124,-71.895403,0.005471
15125,-133.160655,0.005471
15126,-200.662068,0.005471
15127,-158.827066,0.005471
15128,-149.847052,0.005471
15129,-77.827274,0.005471
15130,-128.073275,0.005471
15131,-256.577465,0.005471
15132,-128.702281,0.005471
15133,-164.707047,0.005471
15134,-80.043257,0.005471
15135,-108.745939,0.005471
15136,-100.779419,0.005471
15137,-112.820209,0.005471
15138,-178.957751,0.005471
15139,-192.599089,0.005471
15140,-149.643083,0.005471
15141,-119.915875,0.005471
15142,-127.024209,0.005471
15143,-87.398508,0.005471
15144,-85.690764,0.005471
15145,-185.995157,0.005471
15146,-165.852178,0.005471
15147,-173.610069,0.005471
15148,-201.639584,0.005471
15149,-183.279083,0.005471
15150,-310.421848,0.005471
15151,-180.476250,0.005471
15152,-85.469968,0.005471
15153,-139.638419,0.005471
15154,-114.460290,0.005471
15155,-154.001845,0.005471
15156,-176.086213,0.005471
15157,-187.195406,0.005471
15158,-185.841404,0.005471
15159,-177.806475,0.005471
15160,-114.441914,0.005471
15161,-96.880163,0.005471
15162,-114.911602,0.005471
15163,-226.701339,0.005471
15164,-167.402566,0.005471
15165,-168.175803,0.005471
15166,-158.582278,0.005471
15167,-73.923300,0.005471
15168,-163.473180,0.005471
15169,-207.375875,0.005471
15170,-180.246925,0.005471
15171,-55.222751,0.005471
15172,-148.006904,0.005471
15173,-159.701913,0.005471
15174,-175.735662,0.005471
15175,-212.983549,0.005471
15176,-158.300890,0.005471
15177,-163.710310,0.005471
15178,-112.512268,0.005471
15179,-137.260365,0.005471
15180,-216.604426,0.005471
15181,-81.152526,0.005471
15182,-172.320178,0.005471
15183,-181.641138,0.005471
15184,-154.068544,0.005471
15185,-144.284854,0.005471
15186,-184.090698,0.005471
15187,-61.216521,0.005471
15188,-195.441359,0.005471
15189,-91.614222,0.005471
15190,-175.955103,0.005471
15191,-111.977466,0.005471
15192,-235.510714,0.005471
15193,-207.106884,0.005471
15194,-76.142593,0.005471
15195,-160.043897,0.005471
15196,-139.717151,0.005471
15197,-122.829585,0.005471
15198,-194.879822,0.005471
15199,-207.445623,0.005471
15200,-93.863742,0.004924
15201,-237.480523,0.004924
15202,-95.592763,0.004924
15203,-155.228904,0.004924
15204,-150.397298,0.004924
15205,-142.177329,0.004924
15206,-150.678105,0.004924
15207,-77.116832,0.004924
15208,-129.559580,0.004924
15209,-86.359741,0.004924
15210,-81.497933,0.004924
15211,-172.784843,0.004924
15212,-86.274800,0.004924
15213,-182.567171,0.004924
15214,-193.839578,0.004924
15215,-136.253321,0.004924
15216,-181.560244,0.004924
15217,-147.035071,0.004924
15218,-127.509401,0.004924
15219,-264.878401,0.004924
15220,-104.662696,0.004924
15221,-164.956825,0.004924
15222,-110.546886,0.004924
15223,-134.813474,0.004924
15224,-132.073943,0.004924
15225,-150.551350,0.004924
15226,-115.363618,0.004924
15227,-129.402682,0.004924
15228,-67.844263,0.004924
15229,-76.657254,0.004924
15230,-237.870910,0.004924
15231,-111.047684,0.004924
15232,-214.846498,0.004924
15233,-155.375940,0.004924
15234,-193.384101,0.004924
15235,-180.127853,0.004924
15236,-165.816954,0.004924
15237,-158.782699,0.004924
15238,-70.448539,0.004924
15239,-91.011185,0.004924
15240,-127.589740,0.004924
15241,-167.396577,0.004924
15242,-144.309865,0.004924
15243,-187.914067,0.004924
15244,-141.514192,0.004924
15245,-237.303819,0.004924
15246,-45.364378,0.004924
15247,-182.775482,0.004924
15248,-165.746576,0.004924
15249,-87.548891,0.004924
15250,-138.914505,0.004924
15251,-162.295769,0.004924
15252,-125.833019,0.004924
15253,-134.425295,0.004924
15254,-218.649899,0.004924
15255,-72.362209,0.004924
15256,-133.021260,0.004924
15257,-111.161271,0.004924
15258,-113.724191,0.004924
15259,-150.235366,0.004924
15260,-128.700780,0.004924
15261,-119.981758,0.004924
15262,-259.093187,0.004924
15263,-126.768476,0.004924
15264,-151.468037,0.004924
15265,-113.567294,0.004924
15266,-196.303691,0.004924
15267,-74.867996,0.004924
15268,-164.457987,0.004924
15269,-135.729524,0.004924
15270,-236.052378,0.004924
15271,-54.586735,0.004924
15272,-126.847367,0.004924
15273,-196.137135,0.004924
15274,-77.886236,0.004924
15275,-226.979140,0.004924
15276,-145.602287,0.004924
15277,-186.629657,0.004924
15278,-93.900697,0.004924
15279,-157.918471,0.004924
15280,-103.699459,0.004924
15281,-136.490157,0.004924
15282,-151.097666,0.004924
15283,-132.899132,0.004924
15284,-206.267951,0.004924
15285,-173.904671,0.004924
15286,-143.051167,0.004924
15287,-121.171471,0.004924
15288,-204.066913,0.004924
15289,-79.728449,0.004924
15290,-75.606717,0.004924
15291,-227.164580,0.004924
15292,-158.659987,0.004924
15293,-150.328955,0.004924
15294,-143.230554,0.004924
15295,-129.626058,0.004924
15296,-114.998540,0.004924
15297,-108.631841,0.004924
15298,-111.808800,0.004924
15299,-195.938062,0.004924
15300,-151.045227,0.004431
15301,-169.249926,0.004431
15302,-237.917449,0.004431
15303,-190.397415,0.004431
15304,-161.373019,0.004431
15305,-100.591707,0.004431
15306,-233.601235,0.004431
15307,-113.452792,0.004431
15308,-185.785362,0.004431
15309,-83.957825,0.004431
15310,-143.478878,0.004431
15311,-139.249150,0.004431
15312,-125.010401,0.004431
15313,-131.208415,0.004431
15314,-100.652361,0.004431
15315,-116.038201,0.004431
15316,-145.145030,0.004431
15317,-154.872649,0.004431
15318,-115.607704,0.004431
15319,-110.855593,0.004431
15320,-121.848468,0.004431
15321,-161.657702,0.004431
15322,-182.283517,0.004431
15323,-152.933453,0.004431
15324,-157.129430,0.004431
15325,-99.076976,0.004431
15326,-174.984891,0.004431
15327,-120.285301,0.004431
15328,-167.670064,0.004431
15329,-91.489199,0.004431
15330,-186.978755,0.004431
15331,-92.131099,0.004431
15332,-106.717376,0.004431
15333,-185.031729,0.004431
15334,-130.416616,0.004431
15335,-161.354986,0.004431
15336,-142.898112,0.004431
15337,-102.455883,0.004431
15338,-159.149937,0.004431
15339,-133.562428,0.004431
15340,-107.899837,0.004431
15341,-182.346890,0.004431
15342,-114.159542,0.004431
15343,-163.677132,0.004431
15344,-142.100557,0.004431
15345,-118.170060,0.004431
15346,-169.822997,0.004431
15347,-185.876824,0.004431
15348,-102.599322,0.004431
15349,-108.795344,0.004431
15350,-98.285647,0.004431
15351,-142.919513,0.004431
15352,-154.829953,0.004431
15353,-123.704657,0.004431
15354,-241.266039,0.004431
15355,-209.060185,0.004431
15356,-117.432779,0.004431
15357,-185.490797,0.004431
15358,-186.764903,0.004431
15359,-143.373034,0.004431
15360,-134.032332,0.004431
15361,-154.234463,0.004431
15362,-162.547643,0.004431
15363,-131.209783,0.004431
15364,-144.155662,0.004431
15365,-105.886891,0.004431
15366,-131.491730,0.004431
15367,-113.959576,0.004431
15368,-161.353278,0.004431
15369,-99.729333,0.004431
15370,-124.902190,0.004431
15371,-198.193347,0.004431
15372,-131.631011,0.004431
15373,-117.975706,0.004431
15374,-114.694982,0.004431
15375,-142.466260,0.004431
15376,-86.247437,0.004431
15377,-69.660728,0.004431
15378,-213.500968,0.004431
15379,-105.130310,0.004431
15380,-170.054684,0.004431
15381,-143.564184,0.004431
15382,-123.622166,0.004431
15383,-99.970249,0.004431
15384,-110.376547,0.004431
15385,-150.485102,0.004431
15386,-91.916899,0.004431
15387,-162.044956,0.004431
15388,-127.181038,0.004431
15389,-139.126145,0.004431
15390,-156.264619,0.004431
15391,-124.604171,0.004431
15392,-131.115762,0.004431
15393,-159.490924,0.004431
15394,-147.056560,0.004431
15395,-112.023848,0.004431
15396,-196.429839,0.004431
15397,-132.673945,0.004431
15398,-161.469060,0.004431
15399,-148.581757,0.004431
15400,-160.374396,0.003988
15401,-129.712417,0.003988
15402,-175.757396,0.003988
15403,-117.713764,0.003988
15404,-168.664733,0.003988
15405,-166.284414,0.003988
15406,-107.833938,0.003988
15407,-88.238847,0.003988
15408,-86.872432,0.003988
15409,-137.537354,0.003988
15410,-195.159406,0.003988
15411,-143.239404,0.003988
15412,-121.911879,0.003988
15413,-109.559552,0.003988
15414,-109.200836,0.003988
15415,-160.378343,0.003988
15416,-145.439760,0.003988
15417,-94.864766,0.003988
15418,-117.989051,0.003988
15419,-61.343921,0.003988
15420,-149.414754,0.003988
15421,-129.694827,0.003988
15422,-114.055153,0.003988
15423,-135.257840,0.003988
15424,-126.866804,0.003988
15425,-140.115893,0.003988
15426,-158.634789,0.003988
15427,-137.303860,0.003988
15428,-135.005627,0.003988
15429,-153.303355,0.003988
15430,-119.594964,0.003988
15431,-76.290516,0.003988
15432,-180.772873,0.003988
15433,-135.515362,0.003988
15434,-125.366218,0.003988
15435,-106.227971,0.003988
15436,-147.575528,0.003988
15437,-105.346895,0.003988
15438,-120.051926,0.003988
15439,-117.180755,0.003988
15440,-116.428441,0.003988
15441,-128.737879,0.003988
15442,-133.653707,0.003988
15443,-138.862294,0.003988
15444,-175.139950,0.003988
15445,-138.739324,0.003988
15446,-123.040242,0.003988
15447,-71.917969,0.003988
15448,-105.258266,0.003988
15449,-87.326812,0.003988
15450,-170.460912,0.003988
15451,-104.409613,0.003988
15452,-105.718434,0.003988
15453,-102.660851,0.003988
15454,-132.327549,0.003988
15455,-87.823828,0.003988
15456,-164.510862,0.003988
15457,-77.927926,0.003988
15458,-119.413848,0.003988
15459,-99.374814,0.003988
15460,-81.167180,0.003988
15461,-163.334081,0.003988
15462,-127.268149,0.003988
15463,-96.358199,0.003988
15464,-227.309623,0.003988
15465,-138.599834,0.003988
15466,-129.412947,0.003988
15467,-75.619204,0.003988
15468,-114.262653,0.003988
15469,-124.606267,0.003988
15470,-95.362670,0.003988
15471,-86.781996,0.003988
15472,-100.147732,0.003988
15473,-107.211525,0.003988
15474,-116.748821,0.003988
15475,-104.617033,0.003988
15476,-169.578089,0.003988
15477,-119.973892,0.003988
15478,-95.228225,0.003988
15479,-169.664806,0.003988
15480,-180.287988,0.003988
15481,-145.386159,0.003988
15482,-91.365328,0.003988
15483,-188.448628,0.003988
15484,-72.669291,0.003988
15485,-130.356156,0.003988
15486,-83.183758,0.003988
15487,-91.292714,0.003988
15488,-110.251112,0.003988
15489,-135.889174,0.003988
15490,-136.116556,0.003988
15491,-131.249654,0.003988
15492,-130.717791,0.003988
15493,-91.970474,0.003988
15494,-83.374067,0.003988
15495,-155.219408,0.003988
15496,-161.634215,0.003988
15497,-180.870042,0.003988
15498,-118.362606,0.003988
15499,-147.530941,0.003988
15500,-118.525512,0.003589
15501,-118.139087,0.003589
15502,-154.394685,0.003589
15503,-151.835783,0.003589
15504,-85.632215,0.003589
15505,-149.775310,0.003589
15506,-181.750587,0.003589
15507,-143.604804,0.003589
15508,-120.402495,0.003589
15509,-174.879778,0.003589
15510,-121.623190,0.003589
15511,-168.610161,0.003589
15512,-137.583661,0.003589
15513,-127.014516,0.003589
15514,-172.789702,0.003589
15515,-193.007230,0.003589
15516,-142.349572,0.003589
15517,-171.114473,0.003589
15518,-161.070382,0.003589
15519,-132.801743,0.003589
15520,-90.784417,0.003589
15521,-154.449336,0.003589
15522,-194.803799,0.003589
15523,-191.935513,0.003589
15524,-163.349277,0.003589
15525,-168.114759,0.003589
15526,-162.201575,0.003589
15527,-118.896245,0.003589
15528,-194.151725,0.003589
15529,-133.100696,0.003589
15530,-179.449317,0.003589
15531,-68.315080,0.003589
15532,-205.877810,0.003589
15533,-173.117610,0.003589
15534,-143.844803,0.003589
15535,-157.142170,0.003589
15536,-167.775113,0.003589
15537,-114.691234,0.003589
15538,-184.805289,0.003589
15539,-148.755044,0.003589
15540,-185.190343,0.003589
15541,-170.754157,0.003589
15542,-121.434510,0.003589
15543,-146.182715,0.003589
15544,-149.079353,0.003589
15545,-163.018427,0.003589
15546,-179.669833,0.003589
15547,-141.219241,0.003589
15548,-206.925586,0.003589
15549,-123.297199,0.003589
15550,-174.441574,0.003589
15551,-132.639667,0.003589
15552,-185.393413,0.003589
15553,-205.569822,0.003589
15554,-170.327583,0.003589
15555,-209.866300,0.003589
15556,-162.546540,0.003589
15557,-204.427414,0.003589
15558,-132.710949,0.003589
15559,-226.819093,0.003589
15560,-137.373528,0.003589
15561,-177.556094,0.003589
15562,-203.832606,0.003589
15563,-82.920062,0.003589
15564,-155.802013,0.003589
15565,-202.581767,0.003589
15566,-216.332792,0.003589
15567,-123.446055,0.003589
15568,-209.790443,0.003589
15569,-169.493078,0.003589
15570,-163.881676,0.003589
15571,-131.824901,0.003589
15572,-158.754072,0.003589
15573,-165.568356,0.003589
15574,-159.075447,0.003589
15575,-172.103140,0.003589
15576,-95.880506,0.003589
15577,-275.377320,0.003589
15578,-161.522323,0.003589
15579,-156.042011,0.003589
15580,-155.574437,0.003589
15581,-150.980140,0.003589
15582,-141.562575,0.003589
15583,-188.590742,0.003589
15584,-84.469386,0.003589
15585,-127.927451,0.003589
15586,-165.989965,0.003589
15587,-97.180875,0.003589
15588,-166.057379,0.003589
15589,-102.879857,0.003589
15590,-155.191882,0.003589
15591,-274.635734,0.003589
15592,-116.700716,0.003589
15593,-141.979532,0.003589
15594,-131.710093,0.003589
15595,-147.468310,0.003589
15596,-143.285900,0.003589
15597,-110.102710,0.003589
15598,-149.182526,0.003589
15599,-176.789265,0.003589
15600,-123.832674,0.003231
15601,-139.778929,0.003231
15602,-110.026632,0.003231
15603,-217.775346,0.003231
15604,-181.954222,0.003231
15605,-97.173542,0.003231
15606,-81.877471,0.003231
15607,-90.644389,0.003231
15608,-102.354457,0.003231
15609,-155.884532,0.003231
15610,-129.347085,0.003231
15611,-109.538450,0.003231
15612,-147.708208,0.003231
15613,-117.398769,0.003231
15614,-141.996999,0.003231
15615,-187.755585,0.003231
15616,-110.239134,0.003231
15617,-124.449958,0.003231
15618,-159.739314,0.003231
15619,-157.609740,0.003231
15620,-179.988232,0.003231
15621,-112.698151,0.003231
15622,-125.873440,0.003231
15623,-150.046496,0.003231
15624,-227.989132,0.003231
15625,-181.620414,0.003231
15626,-115.740639,0.003231
15627,-150.432051,0.003231
15628,-107.161001,0.003231
15629,-91.350175,0.003231
15630,-166.761113,0.003231
15631,-133.520730,0.003231
15632,-143.071141,0.003231
15633,-47.489875,0.003231
15634,-92.527869,0.003231
15635,-128.158218,0.003231
15636,-162.378496,0.003231
15637,-148.821813,0.003231
15638,-129.468227,0.003231
15639,-105.880349,0.003231
15640,-228.399762,0.003231
15641,-211.369269,0.003231
15642,-75.575292,0.003231
15643,-186.302701,0.003231
15644,-106.817237,0.003231
15645,-182.311476,0.003231
15646,-136.596137,0.003231
15647,-98.206966,0.003231
15648,-70.291569,0.003231
15649,-126.231105,0.003231
15650,-69.659998,0.003231
15651,-102.100259,0.003231
15652,-235.801650,0.003231
15653,-179.505758,0.003231
15654,-197.542540,0.003231
15655,-111.443093,0.003231
15656,-69.554257,0.003231
15657,-235.323145,0.003231
15658,-115.107142,0.003231
15659,-89.304497,0.003231
15660,-208.277498,0.003231
15661,-92.749015,0.003231
15662,-186.782472,0.003231
15663,-104.806954,0.003231
15664,-94.613225,0.003231
15665,-137.095706,0.003231
15666,-163.286377,0.003231
15667,-166.766477,0.003231
15668,-180.397514,0.003231
15669,-139.774727,0.003231
15670,-178.251576,0.003231
15671,-115.525196,0.003231
15672,-187.175709,0.003231
15673,-178.038323,0.003231
15674,-140.847857,0.003231
15675,-116.282203,0.003231
15676,-129.030697,0.003231
15677,-142.717057,0.003231
15678,-80.224846,0.003231
15679,-165.185835,0.003231
15680,-193.443766,0.003231
15681,-152.080241,0.003231
15682,-122.344279,0.003231
15683,-163.255633,0.003231
15684,-161.968353,0.003231
15685,-104.226438,0.003231
15686,-100.759327,0.003231
15687,-94.393447,0.003231
15688,-189.506188,0.003231
15689,-88.158179,0.003231
15690,-196.580648,0.003231
15691,-183.829169,0.003231
15692,-91.595965,0.003231
15693,-134.370338,0.003231
15694,-158.632203,0.003231
15695,-145.851885,0.003231
15696,-163.340651,0.003231
15697,-138.601087,0.003231
15698,-118.248739,0.003231
15699,-155.949230,0.003231
15700,-116.472327,0.002907
15701,-97.087909,0.002907
15702,-110.451185,0.002907
15703,-126.305178,0.002907
15704,-184.496928,0.002907
15705,-121.719398,0.002907
15706,-119.786629,0.002907
15707,-111.965967,0.002907
15708,-148.141843,0.002907
15709,-172.428998,0.002907
15710,-90.995471,0.002907
15711,-167.676758,0.002907
15712,-186.734429,0.002907
15713,-141.654600,0.002907
15714,-150.389816,0.002907
15715,-112.334753,0.002907
15716,-79.463558,0.002907
15717,-163.421273,0.002907
15718,-164.293313,0.002907
15719,-135.664529,0.002907
15720,-135.898400,0.002907
15721,-151.189014,0.002907
15722,-175.183933,0.002907
15723,-163.000594,0.002907
15724,-93.126114,0.002907
15725,-161.068466,0.002907
15726,-165.569353,0.002907
15727,-121.603338,0.002907
15728,-132.330378,0.002907
15729,-147.546574,0.002907
15730,-145.801341,0.002907
15731,-180.740033,0.002907
15732,-190.228018,0.002907
15733,-105.000746,0.002907
15734,-107.603892,0.002907
15735,-126.404363,0.002907
15736,-115.393199,0.002907
15737,-128.201755,0.002907
15738,-106.682184,0.002907
15739,-159.516413,0.002907
15740,-193.073275,0.002907
15741,-98.348382,0.002907
15742,-229.533228,0.002907
15743,-161.463773,0.002907
15744,-66.939602,0.002907
15745,-139.831213,0.002907
15746,-126.407801,0.002907
15747,-173.128472,0.002907
15748,-121.482738,0.002907
15749,-112.991986,0.002907
15750,-150.669042,0.002907
15751,-65.056077,0.002907
15752,-110.450822,0.002907
15753,-151.154512,0.002907
15754,-88.355970,0.002907
15755,-77.965582,0.002907
15756,-124.010476,0.002907
15757,-159.499873,0.002907
15758,-107.421036,0.002907
15759,-85.315865,0.002907
15760,-122.395623,0.002907
15761,-200.667355,0.002907
15762,-193.358035,0.002907
15763,-142.869525,0.002907
15764,-156.899760,0.002907
15765,-177.550656,0.002907
15766,-148.718546,0.002907
15767,-97.259166,0.002907
15768,-238.362203,0.002907
15769,-157.709916,0.002907
15770,-168.332592,0.002907
15771,-130.621997,0.002907
15772,-137.513486,0.002907
15773,-153.325850,0.002907
15774,-112.482475,0.002907
15775,-135.692409,0.002907
15776,-168.917083,0.002907
15777,-150.608924,0.002907
15778,-176.162518,0.002907
15779,-134.594205,0.002907
15780,-191.093906,0.002907
15781,-157.940130,0.002907
15782,-163.067808,0.002907
15783,-160.079962,0.002907
15784,-166.448858,0.002907
15785,-106.603343,0.002907
15786,-164.938218,0.002907
15787,-162.693124,0.002907
15788,-180.549902,0.002907
15789,-199.391591,0.002907
15790,-160.753176,0.002907
15791,-101.862184,0.002907
15792,-168.501640,0.002907
15793,-156.896121,0.002907
15794,-167.318012,0.002907
15795,-216.028952,0.002907
15796,-112.229447,0.002907
15797,-170.260539,0.002907
15798,-143.885501,0.002907
15799,-153.243638,0.002907
15800,-96.726894,0.002617
15801,-141.071084,0.002617
15802,-164.352552,0.002617
15803,-185.355464,0.002617
15804,-117.004770,0.002617
15805,-105.333668,0.002617
15806,-136.719268,0.002617
15807,-174.050955,0.002617
15808,-141.564080,0.002617
15809,-157.367530,0.002617
15810,-133.007745,0.002617
15811,-124.247273,0.002617
15812,-95.213960,0.002617
15813,-114.688945,0.002617
15814,-155.707061,0.002617
15815,-98.251699,0.002617
15816,-165.181171,0.002617
15817,-53.746691,0.002617
15818,-41.873135,0.002617
15819,-190.666922,0.002617
15820,-93.162906,0.002617
15821,-56.476408,0.002617
15822,-172.618098,0.002617
15823,-27.471570,0.002617
15824,-147.573838,0.002617
15825,-166.902431,0.002617
15826,-117.473208,0.002617
15827,-126.199415,0.002617
15828,-132.119194,0.002617
15829,-104.139437,0.002617
15830,-160.903137,0.002617
15831,-168.957984,0.002617
15832,-117.199891,0.002617
15833,-158.701748,0.002617
15834,-96.421291,0.002617
15835,-134.602924,0.002617
15836,-183.430926,0.002617
15837,-170.333438,0.002617
15838,-94.295395,0.002617
15839,-165.507928,0.002617
15840,-116.855316,0.002617
15841,-139.279530,0.002617
15842,-127.489776,0.002617
15843,-66.157550,0.002617
15844,-86.730354,0.002617
15845,-124.025238,0.002617
15846,-93.595812,0.002617
15847,-120.282422,0.002617
15848,-109.801483,0.002617
15849,-175.272871,0.002617
15850,-166.278052,0.002617
15851,-97.741620,0.002617
15852,-127.038611,0.002617
15853,-91.559442,0.002617
15854,-92.746297,0.002617
15855,-86.080871,0.002617
15856,-96.266897,0.002617
15857,-116.276092,0.002617
15858,-129.097066,0.002617
15859,-113.614578,0.002617
15860,-149.457044,0.002617
15861,-96.706039,0.002617
15862,-131.492290,0.002617
15863,-120.164632,0.002617
15864,-130.917335,0.002617
15865,-168.321995,0.002617
15866,-122.843913,0.002617
15867,-125.973810,0.002617
15868,-146.288527,0.002617
15869,-135.633939,0.002617
15870,-99.279968,0.002617
15871,-151.888717,0.002617
15872,-170.180892,0.002617
15873,-135.539546,0.002617
15874,-79.470730,0.002617
15875,-142.065625,0.002617
15876,-184.667076,0.002617
15877,-98.445047,0.002617
15878,-143.329277,0.002617
15879,-168.835249,0.002617
15880,-123.293246,0.002617
15881,-141.657945,0.002617
15882,-140.519455,0.002617
15883,-132.336275,0.002617
15884,-129.396338,0.002617
15885,-163.207071,0.002617
15886,-124.507893,0.002617
15887,-121.796498,0.002617
15888,-106.101798,0.002617
15889,-194.376237,0.002617
15890,-121.151166,0.002617
15891,-118.093539,0.002617
15892,-146.285221,0.002617
15893,-124.305357,0.002617
15894,-204.248974,0.002617
15895,-155.040484,0.002617
15896,-184.111616,0.002617
15897,-145.199555,0.002617
15898,-135.585134,0.002617
15899,-142.247616,0.002617
15900,-131.297945,0.002355
15901,-126.579044,0.002355
15902,-128.339495,0.002355
15903,-183.037853,0.002355
15904,-92.196998,0.002355
15905,-122.387780,0.002355
15906,-117.607582,0.002355
15907,-125.556247,0.002355
15908,-128.788327,0.002355
15909,-104.844741,0.002355
15910,-176.764993,0.002355
15911,-105.828105,0.002355
15912,-174.286548,0.002355
15913,-119.919999,0.002355
15914,-133.998766,0.002355
15915,-139.531615,0.002355
15916,-120.001069,0.002355
15917,-145.596444,0.002355
15918,-170.347828,0.002355
15919,-193.889206,0.002355
15920,-141.641325,0.002355
15921,-152.188616,0.002355
15922,-187.360999,0.002355
15923,-165.171953,0.002355
15924,-194.743363,0.002355
15925,-185.994238,0.002355
15926,-181.204928,0.002355
15927,-174.206165,0.002355
15928,-181.865480,0.002355
15929,-176.655397,0.002355
15930,-131.238368,0.002355
15931,-162.788540,0.002355
15932,-160.220227,0.002355
15933,-178.340427,0.002355
15934,-146.110082,0.002355
15935,-174.447705,0.002355
15936,-182.120720,0.002355
15937,-192.947677,0.002355
15938,-172.344521,0.002355
15939,-162.717958,0.002355
15940,-165.538889,0.002355
15941,-101.093209,0.002355
15942,-116.815982,0.002355
15943,-208.833240,0.002355
15944,-129.056498,0.002355
15945,-183.069639,0.002355
15946,-124.889326,0.002355
15947,-146.068004,0.002355
15948,-113.842965,0.002355
15949,-217.427263,0.002355
15950,-156.502622,0.002355
15951,-136.163970,0.002355
15952,-147.146867,0.002355
15953,-170.599984,0.002355
15954,-168.762300,0.002355
15955,-121.756673,0.002355
15956,-168.472903,0.002355
15957,-109.357212,0.002355
15958,-202.701747,0.002355
15959,-127.871051,0.002355
15960,-164.322614,0.002355
15961,-73.389967,0.002355
15962,-140.693918,0.002355
15963,-120.624385,0.002355
15964,-125.324464,0.002355
15965,-112.551225,0.002355
15966,-123.452357,0.002355
15967,-141.529829,0.002355
15968,-166.574990,0.002355
15969,-176.171454,0.002355
15970,-142.302782,0.002355
15971,-134.599211,0.002355
15972,-116.186986,0.002355
15973,-250.019833,0.002355
15974,-172.299937,0.002355
15975,-185.211447,0.002355
15976,-139.002331,0.002355
15977,-163.285275,0.002355
15978,-176.697931,0.002355
15979,-143.471905,0.002355
15980,-135.059806,0.002355
15981,-190.671929,0.002355
15982,-164.889010,0.002355
15983,-147.982663,0.002355
15984,-133.988647,0.002355
15985,-170.509512,0.002355
15986,-132.815930,0.002355
15987,-138.625997,0.002355
15988,-154.178234,0.002355
15989,-134.381013,0.002355
15990,-130.097266,0.002355
15991,-202.719424,0.002355
15992,-159.633825,0.002355
15993,-129.221692,0.002355
15994,-142.182874,0.002355
15995,-185.752028,0.002355
15996,-178.673581,0.002355
15997,-176.838421,0.002355
15998,-142.976918,0.002355
15999,-208.358978,0.002355
16000,-202.945868,0.002120
