episode,avg_reward,noise_std
1,11.845111,0.298800
2,13.339651,0.297605
3,1.837336,0.296414
4,-3.293399,0.295229
5,1.556543,0.294048
6,5.291179,0.292872
7,-2.140349,0.291700
8,-3.621564,0.290533
9,-11.970013,0.289371
10,-2.331830,0.288214
11,-6.224670,0.287061
12,-9.441695,0.285913
13,-2.721346,0.284769
14,-4.634384,0.283630
15,-1.252052,0.282495
16,1.168869,0.281365
17,-13.827344,0.280240
18,2.185458,0.279119
19,-4.267568,0.278002
20,-4.401583,0.276890
21,-14.554142,0.275783
22,-9.595862,0.274680
23,-12.714734,0.273581
24,-7.261079,0.272487
25,-10.967271,0.271397
26,-14.922601,0.270311
27,-5.521614,0.269230
28,-6.290097,0.268153
29,-9.408874,0.267080
30,-14.120648,0.266012
31,-0.241439,0.264948
32,-11.575061,0.263888
33,-14.436262,0.262833
34,-4.778142,0.261781
35,-11.156986,0.260734
36,-18.629581,0.259691
37,-13.540256,0.258653
38,-7.166134,0.257618
39,-5.094338,0.256587
40,-2.274265,0.255561
41,3.109210,0.254539
42,-10.206373,0.253521
43,-0.702272,0.252507
44,0.162514,0.251497
45,-8.571939,0.250491
46,9.342417,0.249489
47,0.477672,0.248491
48,-6.386673,0.247497
49,-8.664525,0.246507
50,3.669270,0.245521
51,0.923118,0.244539
52,4.059049,0.243560
53,1.053622,0.242586
54,0.077832,0.241616
55,-2.882993,0.240649
56,-13.013020,0.239687
57,-5.076116,0.238728
58,-1.120131,0.237773
59,-6.837455,0.236822
60,-7.428440,0.235875
61,5.467439,0.234931
62,-10.896160,0.233992
63,3.299222,0.233056
64,-0.417244,0.232123
65,-12.327369,0.231195
66,-1.973248,0.230270
67,-4.106869,0.229349
68,-5.254447,0.228432
69,-7.465260,0.227518
70,-9.352388,0.226608
71,-5.009655,0.225701
72,-2.263742,0.224799
73,-2.983226,0.223899
74,-1.354913,0.223004
75,-5.290174,0.222112
76,-5.304526,0.221223
77,-5.203058,0.220338
78,-8.746745,0.219457
79,-7.490977,0.218579
80,-7.867310,0.217705
81,-12.588386,0.216834
82,3.159924,0.215967
83,-3.882674,0.215103
84,-6.577229,0.214243
85,-5.415780,0.213386
86,-2.094536,0.212532
87,-1.955964,0.211682
88,2.412148,0.210835
89,-2.553454,0.209992
90,-4.728055,0.209152
91,-1.786152,0.208315
92,8.067594,0.207482
93,-5.927425,0.206652
94,2.917605,0.205825
95,6.627164,0.205002
96,0.622256,0.204182
97,1.426478,0.203365
98,-0.676373,0.202552
99,-1.312428,0.201742
100,-0.831488,0.200935
101,13.163293,0.200131
102,4.027241,0.199331
103,3.341848,0.198533
104,-3.555589,0.197739
105,0.354440,0.196948
106,-5.856717,0.196160
107,-2.132769,0.195376
108,-6.134348,0.194594
109,-8.227421,0.193816
110,8.270972,0.193041
111,4.946826,0.192268
112,-4.515784,0.191499
113,-4.234198,0.190733
114,-3.977148,0.189970
115,-14.593790,0.189210
116,-5.650636,0.188454
117,-5.172825,0.187700
118,1.646741,0.186949
119,-2.521318,0.186201
120,-0.710941,0.185456
121,-9.203947,0.184715
122,3.668038,0.183976
123,-1.104882,0.183240
124,2.617512,0.182507
125,-4.570397,0.181777
126,6.166542,0.181050
127,6.980533,0.180326
128,3.559514,0.179604
129,10.116672,0.178886
130,5.224984,0.178170
131,-1.220250,0.177458
132,5.767882,0.176748
133,5.121455,0.176041
134,10.429712,0.175337
135,-2.879910,0.174635
136,-0.510093,0.173937
137,-5.846377,0.173241
138,2.378563,0.172548
139,0.655654,0.171858
140,-5.866807,0.171170
141,-7.324051,0.170486
142,-1.142010,0.169804
143,1.495210,0.169125
144,8.933165,0.168448
145,6.714459,0.167774
146,2.155449,0.167103
147,4.208422,0.166435
148,-10.913636,0.165769
149,1.018353,0.165106
150,8.733606,0.164446
151,11.562478,0.163788
152,-5.208312,0.163133
153,2.330618,0.162480
154,-5.782221,0.161830
155,-0.079213,0.161183
156,0.258496,0.160538
157,3.349363,0.159896
158,1.408740,0.159256
159,2.668503,0.158619
160,5.954396,0.157985
161,-2.618264,0.157353
162,0.818234,0.156723
163,2.491925,0.156097
164,-4.188981,0.155472
165,-1.311808,0.154850
166,-8.951305,0.154231
167,-1.650104,0.153614
168,0.811296,0.153000
169,9.255419,0.152388
170,-5.892757,0.151778
171,0.470324,0.151171
172,-3.922165,0.150566
173,5.984092,0.149964
174,0.351659,0.149364
175,2.419172,0.148767
176,-0.809359,0.148172
177,-1.982075,0.147579
178,11.249712,0.146989
179,3.421437,0.146401
180,0.130632,0.145815
181,11.076030,0.145232
182,15.506058,0.144651
183,8.567448,0.144072
184,0.420952,0.143496
185,7.070209,0.142922
186,10.896658,0.142350
187,11.094838,0.141781
188,8.372865,0.141214
189,8.521600,0.140649
190,1.603653,0.140086
191,6.393231,0.139526
192,10.855503,0.138968
193,-1.177086,0.138412
194,0.040698,0.137858
195,5.792034,0.137307
196,-8.881762,0.136758
197,-6.407264,0.136211
198,-2.232854,0.135666
199,-7.565547,0.135123
200,6.721731,0.134583
201,6.365255,0.134044
202,-2.893517,0.133508
203,8.847201,0.132974
204,8.201494,0.132442
205,-1.047233,0.131912
206,-3.020321,0.131385
207,-4.667406,0.130859
208,-0.183723,0.130336
209,-7.554688,0.129814
210,-12.817953,0.129295
211,-5.679772,0.128778
212,3.983448,0.128263
213,1.328454,0.127750
214,0.430397,0.127239
215,-5.959014,0.126730
216,13.589207,0.126223
217,-11.248566,0.125718
218,-8.853648,0.125215
219,1.019738,0.124714
220,-0.868996,0.124215
221,-11.428915,0.123719
222,0.173247,0.123224
223,-14.760615,0.122731
224,-2.245404,0.122240
225,0.924153,0.121751
226,-10.019516,0.121264
227,6.149660,0.120779
228,-8.997054,0.120296
229,1.270117,0.119815
230,7.406090,0.119335
231,-19.332750,0.118858
232,-7.640535,0.118383
233,2.761389,0.117909
234,-4.127544,0.117437
235,-9.666925,0.116968
236,-11.017681,0.116500
237,-4.746860,0.116034
238,-0.108877,0.115570
239,-2.364447,0.115107
240,-0.260844,0.114647
241,10.529407,0.114188
242,-0.200987,0.113732
243,-2.861661,0.113277
244,-8.119131,0.112824
245,-10.343146,0.112372
246,-4.464142,0.111923
247,-10.040154,0.111475
248,-15.733162,0.111029
249,-12.581653,0.110585
250,-5.965877,0.110143
251,-12.157037,0.109702
252,-8.326610,0.109263
253,-14.973700,0.108826
254,-14.458553,0.108391
255,-11.659655,0.107957
256,-10.965782,0.107526
257,-7.910443,0.107096
258,-11.107223,0.106667
259,-2.671875,0.106240
260,-0.627097,0.105815
261,4.121516,0.105392
262,-2.471925,0.104971
263,-0.923908,0.104551
264,-20.977239,0.104133
265,-8.374256,0.103716
266,-2.410154,0.103301
267,-4.448235,0.102888
268,-2.453355,0.102476
269,-4.457911,0.102067
270,-5.079902,0.101658
271,-12.050072,0.101252
272,-1.696083,0.100847
273,-7.098858,0.100443
274,-6.451357,0.100041
275,-7.048792,0.099641
276,-1.943978,0.099243
277,-4.620602,0.098846
278,-12.443517,0.098450
279,-1.994128,0.098057
280,0.837066,0.097664
281,-4.274186,0.097274
282,-4.159293,0.096885
283,-3.140922,0.096497
284,-6.239005,0.096111
285,2.361334,0.095727
286,-6.064109,0.095344
287,-4.388718,0.094962
288,-8.665826,0.094582
289,-6.653621,0.094204
290,-8.209241,0.093827
291,-7.538139,0.093452
292,-5.473960,0.093078
293,-3.067107,0.092706
294,-11.798793,0.092335
295,-14.079357,0.091966
296,-5.523766,0.091598
297,-8.265490,0.091231
298,-5.319748,0.090867
299,-7.654384,0.090503
300,-9.697186,0.090141
301,-5.206440,0.089781
302,-14.821759,0.089421
303,-12.074233,0.089064
304,-16.022923,0.088707
305,-7.855147,0.088353
306,-12.835315,0.087999
307,-18.506859,0.087647
308,-15.800285,0.087297
309,-14.137604,0.086947
310,-10.928295,0.086600
311,-16.245119,0.086253
312,-20.610781,0.085908
313,-13.843819,0.085565
314,-15.544475,0.085222
315,-17.433167,0.084881
316,-13.407674,0.084542
317,-16.067986,0.084204
318,-9.224632,0.083867
319,-16.102997,0.083531
320,-19.226088,0.083197
321,-9.024924,0.082865
322,-13.551089,0.082533
323,-9.547210,0.082203
324,-11.434546,0.081874
325,-10.978962,0.081547
326,-10.430298,0.081220
327,-16.889257,0.080896
328,-3.167186,0.080572
329,-12.171898,0.080250
330,-11.053475,0.079929
331,-5.146584,0.079609
332,-15.172684,0.079291
333,-9.816106,0.078973
334,-11.096878,0.078658
335,-7.721160,0.078343
336,-5.287492,0.078030
337,-8.487591,0.077717
338,-4.044909,0.077407
339,-10.301327,0.077097
340,-13.687614,0.076789
341,-10.602949,0.076481
342,-14.867896,0.076175
343,-4.555423,0.075871
344,-12.604670,0.075567
345,-5.301854,0.075265
346,-14.730220,0.074964
347,-14.826842,0.074664
348,-8.201751,0.074365
349,-16.101701,0.074068
350,-8.746823,0.073772
351,-4.138549,0.073477
352,-9.051782,0.073183
353,-8.976005,0.072890
354,-7.596440,0.072598
355,-9.961663,0.072308
356,-5.982147,0.072019
357,-16.491074,0.071731
358,-7.015135,0.071444
359,-0.207540,0.071158
360,-17.219304,0.070873
361,-3.130155,0.070590
362,-8.764857,0.070308
363,-1.516042,0.070026
364,0.039210,0.069746
365,-15.546056,0.069467
366,-9.559427,0.069189
367,-4.696051,0.068913
368,-7.074398,0.068637
369,-16.119807,0.068362
370,-5.868094,0.068089
371,-3.255971,0.067817
372,-9.845419,0.067545
373,-9.589940,0.067275
374,-9.458888,0.067006
375,-11.108206,0.066738
376,-14.304500,0.066471
377,-13.473776,0.066205
378,-11.128713,0.065940
379,-6.456609,0.065677
380,-7.217120,0.065414
381,-9.398946,0.065152
382,-10.948565,0.064892
383,-7.480535,0.064632
384,-5.517669,0.064374
385,-1.247270,0.064116
386,-8.418975,0.063860
387,-10.070186,0.063604
388,-7.620476,0.063350
389,-1.404810,0.063096
390,-2.873688,0.062844
391,-8.776141,0.062593
392,1.766836,0.062342
393,-8.332327,0.062093
394,2.570181,0.061844
395,-5.727514,0.061597
396,2.824669,0.061351
397,1.138987,0.061105
398,-2.618121,0.060861
399,2.909824,0.060617
400,-5.668933,0.060375
401,-5.641374,0.060133
402,-5.896548,0.059893
403,-2.562215,0.059653
404,-5.487034,0.059415
405,-4.440004,0.059177
406,-7.606166,0.058940
407,-7.678707,0.058705
408,-2.561441,0.058470
409,-2.565115,0.058236
410,-5.002400,0.058003
411,1.485017,0.057771
412,-5.165064,0.057540
413,-5.463660,0.057310
414,-5.194298,0.057080
415,-1.581717,0.056852
416,-16.662375,0.056625
417,-10.572596,0.056398
418,-6.662435,0.056173
419,-8.646447,0.055948
420,-4.587346,0.055724
421,-2.817897,0.055501
422,-4.128509,0.055279
423,-0.846892,0.055058
424,-7.453862,0.054838
425,-1.776497,0.054619
426,-10.681088,0.054400
427,-10.901557,0.054182
428,-5.946544,0.053966
429,-10.022020,0.053750
430,-6.390517,0.053535
431,-6.974417,0.053321
432,-11.676393,0.053107
433,-2.282741,0.052895
434,-9.448869,0.052683
435,-13.572914,0.052473
436,-10.467842,0.052263
437,-12.058188,0.052054
438,-5.602431,0.051846
439,2.780315,0.051638
440,-1.490221,0.051432
441,-6.762751,0.051226
442,-3.526369,0.051021
443,-1.856414,0.050817
444,-0.307857,0.050614
445,-10.146430,0.050411
446,-3.490489,0.050210
447,-4.207009,0.050009
448,-0.373771,0.050000
449,-4.511252,0.050000
450,-5.589312,0.050000
451,-7.225890,0.050000
452,-7.327636,0.050000
453,-2.855171,0.050000
454,-11.023861,0.050000
455,-4.335624,0.050000
456,-0.134619,0.050000
457,1.322962,0.050000
458,0.447262,0.050000
459,-1.607875,0.050000
460,4.476062,0.050000
461,-3.203228,0.050000
462,6.452832,0.050000
463,-0.488039,0.050000
464,1.924439,0.050000
465,0.061625,0.050000
466,-0.298718,0.050000
467,-2.549100,0.050000
468,9.104208,0.050000
469,2.197319,0.050000
470,-3.300429,0.050000
471,-0.387635,0.050000
472,3.458652,0.050000
473,4.751439,0.050000
474,3.510684,0.050000
475,9.812534,0.050000
476,9.588703,0.050000
477,8.440539,0.050000
478,-2.245694,0.050000
479,6.329526,0.050000
480,4.796392,0.050000
481,-8.275379,0.050000
482,4.685560,0.050000
483,6.153768,0.050000
484,7.007439,0.050000
485,-9.301253,0.050000
486,1.153037,0.050000
487,3.633367,0.050000
488,-1.564414,0.050000
489,-1.952473,0.050000
490,4.949595,0.050000
491,2.297544,0.050000
492,1.326388,0.050000
493,-0.798766,0.050000
494,9.791340,0.050000
495,-5.527579,0.050000
496,1.334642,0.050000
497,-2.399358,0.050000
498,-1.493816,0.050000
499,10.312920,0.050000
500,1.312230,0.050000
501,4.863049,0.050000
502,0.732734,0.050000
503,5.381850,0.050000
504,-1.320066,0.050000
505,0.838052,0.050000
506,-0.821147,0.050000
507,-2.000072,0.050000
508,2.084741,0.050000
509,0.904611,0.050000
510,-3.860277,0.050000
511,2.807659,0.050000
512,1.340623,0.050000
513,-10.748545,0.050000
514,-2.273721,0.050000
515,7.598089,0.050000
516,2.933306,0.050000
517,-3.579720,0.050000
518,1.552934,0.050000
519,8.691858,0.050000
520,-0.833842,0.050000
521,-0.693318,0.050000
522,-3.992467,0.050000
523,-2.714121,0.050000
524,2.684221,0.050000
525,-7.816317,0.050000
526,4.682688,0.050000
527,-4.263702,0.050000
528,0.824690,0.050000
529,-4.091491,0.050000
530,-1.078347,0.050000
531,0.922574,0.050000
532,6.499998,0.050000
533,-9.592630,0.050000
534,-1.094927,0.050000
535,-6.464083,0.050000
536,-4.523611,0.050000
537,-2.978049,0.050000
538,0.983472,0.050000
539,-6.910533,0.050000
540,1.045347,0.050000
541,-8.710023,0.050000
542,-14.965429,0.050000
543,2.437846,0.050000
544,6.768223,0.050000
545,9.753312,0.050000
546,11.154291,0.050000
547,4.071190,0.050000
548,2.084474,0.050000
549,1.764705,0.050000
550,3.864209,0.050000
551,-3.984156,0.050000
552,2.629210,0.050000
553,2.361912,0.050000
554,-5.489330,0.050000
555,3.147014,0.050000
556,-7.731140,0.050000
557,-11.722392,0.050000
558,-3.751594,0.050000
559,-13.356701,0.050000
560,5.779983,0.050000
561,-0.859311,0.050000
562,1.394000,0.050000
563,-8.121329,0.050000
564,-7.610853,0.050000
565,-10.166972,0.050000
566,-10.081399,0.050000
567,-10.790103,0.050000
568,-6.864971,0.050000
569,0.356031,0.050000
570,-3.066295,0.050000
571,-7.892482,0.050000
572,-8.131701,0.050000
573,-2.467961,0.050000
574,-5.644805,0.050000
575,-2.775718,0.050000
576,-2.416332,0.050000
577,-7.374298,0.050000
578,-1.369760,0.050000
579,-1.738574,0.050000
580,-11.591012,0.050000
581,-2.974342,0.050000
582,-5.553867,0.050000
583,2.236243,0.050000
584,-3.027511,0.050000
585,-2.015408,0.050000
586,5.423941,0.050000
587,3.334418,0.050000
588,1.489060,0.050000
589,2.818633,0.050000
590,1.580798,0.050000
591,1.299569,0.050000
592,-1.238799,0.050000
593,-13.334598,0.050000
594,-1.325935,0.050000
595,4.556187,0.050000
596,4.471140,0.050000
597,-4.182424,0.050000
598,-3.591223,0.050000
599,1.505528,0.050000
600,-0.067024,0.050000
601,-2.151075,0.050000
602,-5.809905,0.050000
603,0.923604,0.050000
604,-2.559426,0.050000
605,1.423191,0.050000
606,-4.916016,0.050000
607,-8.265796,0.050000
608,-9.693238,0.050000
609,-8.205776,0.050000
610,2.570114,0.050000
611,-2.532326,0.050000
612,-1.178228,0.050000
613,4.027183,0.050000
614,0.864149,0.050000
615,-1.488053,0.050000
616,5.202428,0.050000
617,-9.658990,0.050000
618,-2.957107,0.050000
619,-3.410193,0.050000
620,-4.003337,0.050000
621,-7.348058,0.050000
622,-4.939622,0.050000
623,-9.781514,0.050000
624,-3.944477,0.050000
625,0.901896,0.050000
626,2.094424,0.050000
627,-5.460880,0.050000
628,-7.374417,0.050000
629,1.157108,0.050000
630,-2.732398,0.050000
631,-7.810206,0.050000
632,-6.017308,0.050000
633,2.115576,0.050000
634,-4.016012,0.050000
635,-7.517164,0.050000
636,-0.626081,0.050000
637,-9.749060,0.050000
638,-10.172571,0.050000
639,0.238707,0.050000
640,-6.536299,0.050000
641,-3.852637,0.050000
642,-5.385907,0.050000
643,-7.296908,0.050000
644,-9.745591,0.050000
645,-7.309330,0.050000
646,-8.028397,0.050000
647,-2.922028,0.050000
648,-11.926818,0.050000
649,3.902433,0.050000
650,3.198820,0.050000
651,-3.847954,0.050000
652,-4.454408,0.050000
653,-8.901335,0.050000
654,-0.626578,0.050000
655,2.576480,0.050000
656,3.761645,0.050000
657,-10.792724,0.050000
658,-9.153218,0.050000
659,-1.821150,0.050000
660,-6.496824,0.050000
661,5.987026,0.050000
662,-9.400308,0.050000
663,-17.932037,0.050000
664,-0.627455,0.050000
665,-6.462347,0.050000
666,1.664134,0.050000
667,-4.560950,0.050000
668,-3.681654,0.050000
669,-2.850403,0.050000
670,-3.899037,0.050000
671,-5.916824,0.050000
672,-7.170619,0.050000
673,-17.494051,0.050000
674,-2.533272,0.050000
675,-7.662402,0.050000
676,-3.050062,0.050000
677,3.316514,0.050000
678,-12.502241,0.050000
679,8.860847,0.050000
680,-5.515142,0.050000
681,-6.409281,0.050000
682,-4.396015,0.050000
683,-2.920297,0.050000
684,-6.289592,0.050000
685,-5.894472,0.050000
686,-10.167511,0.050000
687,-8.824284,0.050000
688,-1.882382,0.050000
689,-4.982411,0.050000
690,-1.734508,0.050000
691,7.919790,0.050000
692,-2.328712,0.050000
693,-1.295119,0.050000
694,-6.438396,0.050000
695,-3.182191,0.050000
696,-8.445753,0.050000
697,-6.932134,0.050000
698,-13.856041,0.050000
699,-5.653908,0.050000
700,3.962957,0.050000
701,-10.932251,0.050000
702,-0.785236,0.050000
703,13.049702,0.050000
704,-7.513302,0.050000
705,-10.298344,0.050000
706,-2.007797,0.050000
707,-6.924534,0.050000
708,-10.114532,0.050000
709,-8.684306,0.050000
710,-3.683481,0.050000
711,-6.608702,0.050000
712,-7.811166,0.050000
713,-2.057359,0.050000
714,-3.627927,0.050000
715,-4.522413,0.050000
716,-9.094153,0.050000
717,-7.138057,0.050000
718,-3.211622,0.050000
719,-0.737023,0.050000
720,-7.130643,0.050000
721,-2.120829,0.050000
722,-9.070997,0.050000
723,-6.576981,0.050000
724,-4.532941,0.050000
725,-15.695138,0.050000
726,-3.624252,0.050000
727,0.087572,0.050000
728,-2.773952,0.050000
729,6.564542,0.050000
730,-1.500041,0.050000
731,0.396992,0.050000
732,2.563577,0.050000
733,9.775964,0.050000
734,0.277447,0.050000
735,-3.342686,0.050000
736,4.534773,0.050000
737,0.847159,0.050000
738,1.274267,0.050000
739,-7.833406,0.050000
740,2.387255,0.050000
741,-3.308623,0.050000
742,0.778029,0.050000
743,2.886534,0.050000
744,1.921932,0.050000
745,-6.023931,0.050000
746,-3.584317,0.050000
747,-8.745836,0.050000
748,-8.640391,0.050000
749,-5.943237,0.050000
750,-11.268849,0.050000
751,-2.229972,0.050000
752,-5.467988,0.050000
753,-7.515590,0.050000
754,-5.581858,0.050000
755,-4.710274,0.050000
756,-9.875894,0.050000
757,-3.278118,0.050000
758,-8.390680,0.050000
759,-7.329864,0.050000
760,1.388766,0.050000
761,-12.889685,0.050000
762,-8.299150,0.050000
763,-6.509642,0.050000
764,-7.907422,0.050000
765,-13.684419,0.050000
766,-10.098387,0.050000
767,-0.581816,0.050000
768,-9.374723,0.050000
769,-16.885616,0.050000
770,-8.782670,0.050000
771,-5.000126,0.050000
772,-5.489950,0.050000
773,-1.579687,0.050000
774,-8.941761,0.050000
775,-5.114508,0.050000
776,-8.507971,0.050000
777,-13.715317,0.050000
778,2.340554,0.050000
779,3.348827,0.050000
780,-5.495605,0.050000
781,-2.531440,0.050000
782,-5.128415,0.050000
783,-6.342839,0.050000
784,-5.278137,0.050000
785,-0.495468,0.050000
786,-9.085325,0.050000
787,-0.700241,0.050000
788,-4.503411,0.050000
789,0.512923,0.050000
790,-1.811241,0.050000
791,0.247235,0.050000
792,-4.520786,0.050000
793,-6.013105,0.050000
794,-1.083323,0.050000
795,-5.759352,0.050000
796,-4.680780,0.050000
797,-1.732117,0.050000
798,1.241481,0.050000
799,1.881477,0.050000
800,-1.091069,0.050000
801,-2.515133,0.050000
802,0.163508,0.050000
803,-1.610976,0.050000
804,0.354944,0.050000
805,1.609111,0.050000
806,-0.680975,0.050000
807,-3.859918,0.050000
808,2.127676,0.050000
809,-12.557900,0.050000
810,-6.665170,0.050000
811,-12.288591,0.050000
812,-5.362838,0.050000
813,-4.825098,0.050000
814,-3.563046,0.050000
815,-13.675529,0.050000
816,-4.901558,0.050000
817,1.626894,0.050000
818,-12.587834,0.050000
819,-7.574077,0.050000
820,1.779570,0.050000
821,-7.905633,0.050000
822,-9.106161,0.050000
823,-7.364377,0.050000
824,-3.003859,0.050000
825,-12.828657,0.050000
826,-7.981402,0.050000
827,-4.726903,0.050000
828,-8.356022,0.050000
829,-2.436331,0.050000
830,-2.778788,0.050000
831,-5.175346,0.050000
832,-8.962392,0.050000
833,-1.744616,0.050000
834,-9.507933,0.050000
835,-7.811987,0.050000
836,-12.009570,0.050000
837,-0.901514,0.050000
838,-9.096440,0.050000
839,-12.293743,0.050000
840,-17.781835,0.050000
841,-9.913302,0.050000
842,-1.782062,0.050000
843,-2.271930,0.050000
844,-14.386371,0.050000
845,-15.083769,0.050000
846,-17.667036,0.050000
847,-10.136008,0.050000
848,-16.525871,0.050000
849,-8.239665,0.050000
850,-11.107783,0.050000
851,-6.092094,0.050000
852,-13.132290,0.050000
853,-12.749622,0.050000
854,-13.355411,0.050000
855,-10.925226,0.050000
856,-8.368435,0.050000
857,-5.170086,0.050000
858,-16.135671,0.050000
859,-12.641584,0.050000
860,-9.476172,0.050000
861,-13.830213,0.050000
862,-17.596384,0.050000
863,-20.389670,0.050000
864,-17.452240,0.050000
865,-10.597970,0.050000
866,-15.567254,0.050000
867,-9.073007,0.050000
868,-15.088396,0.050000
869,-8.860014,0.050000
870,-8.117552,0.050000
871,-8.099264,0.050000
872,-7.906242,0.050000
873,-15.618940,0.050000
874,-12.835668,0.050000
875,-8.315162,0.050000
876,-9.840688,0.050000
877,-5.199886,0.050000
878,-12.907120,0.050000
879,-9.847236,0.050000
880,-11.402421,0.050000
881,-18.448753,0.050000
882,-10.797457,0.050000
883,-12.064030,0.050000
884,-11.212950,0.050000
885,-11.702465,0.050000
886,-9.666130,0.050000
887,-6.907300,0.050000
888,-9.597814,0.050000
889,-10.313302,0.050000
890,-9.315281,0.050000
891,-5.893307,0.050000
892,-8.038612,0.050000
893,-12.703832,0.050000
894,-7.213135,0.050000
895,-2.405583,0.050000
896,-0.980335,0.050000
897,-6.415044,0.050000
898,2.676410,0.050000
899,-3.161530,0.050000
900,-8.444178,0.050000
901,-2.401919,0.050000
902,-2.663900,0.050000
903,-9.069834,0.050000
904,-1.061281,0.050000
905,-3.907785,0.050000
906,-2.967875,0.050000
907,-3.184737,0.050000
908,1.515253,0.050000
909,0.600504,0.050000
910,-10.725486,0.050000
911,-9.524588,0.050000
912,-5.962546,0.050000
913,-2.969303,0.050000
914,-2.836277,0.050000
915,1.100600,0.050000
916,-3.878745,0.050000
917,-7.737627,0.050000
918,-4.762085,0.050000
919,-8.142055,0.050000
920,-4.592723,0.050000
921,-3.455030,0.050000
922,-1.879937,0.050000
923,-8.098513,0.050000
924,-1.396831,0.050000
925,-0.091227,0.050000
926,3.392743,0.050000
927,-6.329243,0.050000
928,-6.633725,0.050000
929,-8.559744,0.050000
930,-1.388465,0.050000
931,-8.636671,0.050000
932,-3.840290,0.050000
933,-6.626296,0.050000
934,-8.107740,0.050000
935,-2.909100,0.050000
936,-4.138853,0.050000
937,-6.152907,0.050000
938,-1.288362,0.050000
939,-10.201357,0.050000
940,-6.129104,0.050000
941,-6.735271,0.050000
942,-6.690733,0.050000
943,-8.578689,0.050000
944,3.754616,0.050000
945,-8.710353,0.050000
946,-11.319841,0.050000
947,-13.666595,0.050000
948,-10.345867,0.050000
949,-7.521274,0.050000
950,-5.183391,0.050000
951,-4.516810,0.050000
952,-1.990851,0.050000
953,-6.008014,0.050000
954,-11.004966,0.050000
955,-6.866461,0.050000
956,-0.909206,0.050000
957,-12.875647,0.050000
958,-1.459232,0.050000
959,-2.182082,0.050000
960,-3.483344,0.050000
961,-3.782957,0.050000
962,-4.714715,0.050000
963,1.064397,0.050000
964,-4.555399,0.050000
965,0.348650,0.050000
966,-3.334378,0.050000
967,-4.263375,0.050000
968,-8.672122,0.050000
969,-5.930365,0.050000
970,-6.629195,0.050000
971,-7.152035,0.050000
972,-6.512031,0.050000
973,-8.649547,0.050000
974,-9.399758,0.050000
975,-4.574804,0.050000
976,-1.389608,0.050000
977,-8.433208,0.050000
978,-8.963932,0.050000
979,-11.087269,0.050000
980,-3.339461,0.050000
981,-3.397800,0.050000
982,-3.253520,0.050000
983,-0.334334,0.050000
984,-5.045244,0.050000
985,-2.740073,0.050000
986,0.661392,0.050000
987,-1.578882,0.050000
988,-10.006150,0.050000
989,-8.218516,0.050000
990,-4.906723,0.050000
991,-10.933897,0.050000
992,-7.647510,0.050000
993,-0.953285,0.050000
994,-6.510230,0.050000
995,-5.607147,0.050000
996,-1.139488,0.050000
997,-8.945522,0.050000
998,-11.150397,0.050000
999,-9.586939,0.050000
1000,-10.438558,0.050000
1001,-4.150539,0.050000
1002,-6.358207,0.050000
1003,-3.828411,0.050000
1004,-3.624983,0.050000
1005,-9.876521,0.050000
1006,-13.925606,0.050000
1007,-6.546295,0.050000
1008,1.791995,0.050000
1009,6.328456,0.050000
1010,-4.510228,0.050000
1011,-0.034219,0.050000
1012,-0.276012,0.050000
1013,-8.764847,0.050000
1014,-2.235327,0.050000
1015,-5.508910,0.050000
1016,0.168866,0.050000
1017,-5.541080,0.050000
1018,-4.714804,0.050000
1019,-0.060951,0.050000
1020,6.207854,0.050000
1021,0.273886,0.050000
1022,0.891755,0.050000
1023,2.539960,0.050000
1024,3.304279,0.050000
1025,-5.430120,0.050000
1026,-1.310522,0.050000
1027,-2.928414,0.050000
1028,-0.857862,0.050000
1029,-3.876869,0.050000
1030,-2.255595,0.050000
1031,-3.699344,0.050000
1032,4.850297,0.050000
1033,2.846693,0.050000
1034,0.715179,0.050000
1035,-5.959958,0.050000
1036,4.018824,0.050000
1037,-1.553298,0.050000
1038,-1.626529,0.050000
1039,-0.527141,0.050000
1040,3.607971,0.050000
1041,-3.450265,0.050000
1042,7.320308,0.050000
1043,-1.934716,0.050000
1044,4.401147,0.050000
1045,-2.924482,0.050000
1046,-4.658805,0.050000
1047,-1.649312,0.050000
1048,-8.765701,0.050000
1049,-5.449588,0.050000
1050,11.701579,0.050000
1051,-2.289148,0.050000
1052,1.301800,0.050000
1053,-3.295997,0.050000
1054,5.910703,0.050000
1055,-4.489543,0.050000
1056,3.390286,0.050000
1057,2.370475,0.050000
1058,8.328295,0.050000
1059,4.621315,0.050000
1060,-0.102008,0.050000
1061,2.977063,0.050000
1062,1.729285,0.050000
1063,7.065003,0.050000
1064,7.693915,0.050000
1065,4.999834,0.050000
1066,8.245803,0.050000
1067,-1.599415,0.050000
1068,12.390710,0.050000
1069,6.498669,0.050000
1070,2.500342,0.050000
1071,7.275077,0.050000
1072,5.949744,0.050000
1073,6.435490,0.050000
1074,-4.960920,0.050000
1075,1.659047,0.050000
1076,1.628547,0.050000
1077,5.536038,0.050000
1078,9.754539,0.050000
1079,-1.291024,0.050000
1080,2.873458,0.050000
1081,9.272034,0.050000
1082,2.148912,0.050000
1083,-7.041605,0.050000
1084,2.284374,0.050000
1085,10.403791,0.050000
1086,7.969981,0.050000
1087,6.822544,0.050000
1088,3.495347,0.050000
1089,3.830971,0.050000
1090,11.780743,0.050000
1091,-1.834458,0.050000
1092,8.118427,0.050000
1093,11.923740,0.050000
1094,4.134649,0.050000
1095,3.329055,0.050000
1096,4.872063,0.050000
1097,4.586185,0.050000
1098,4.592359,0.050000
1099,4.710987,0.050000
1100,0.213898,0.050000
1101,1.360454,0.050000
1102,3.004217,0.050000
1103,2.520305,0.050000
1104,14.935838,0.050000
1105,-0.913512,0.050000
1106,-11.412688,0.050000
1107,7.418022,0.050000
1108,-1.360085,0.050000
1109,7.337077,0.050000
1110,0.554168,0.050000
1111,-0.663972,0.050000
1112,-0.228569,0.050000
1113,10.828513,0.050000
1114,2.789531,0.050000
1115,2.406961,0.050000
1116,3.352811,0.050000
1117,5.191187,0.050000
1118,9.111726,0.050000
1119,2.788240,0.050000
1120,0.533307,0.050000
1121,0.435338,0.050000
1122,7.349916,0.050000
1123,3.461128,0.050000
1124,-4.762056,0.050000
1125,0.212578,0.050000
1126,-0.360209,0.050000
1127,3.318958,0.050000
1128,-2.296458,0.050000
1129,0.178460,0.050000
1130,4.555193,0.050000
1131,-7.188619,0.050000
1132,-3.017246,0.050000
1133,6.614743,0.050000
1134,0.705589,0.050000
1135,1.513974,0.050000
1136,11.090058,0.050000
1137,4.080418,0.050000
1138,2.778278,0.050000
1139,11.524817,0.050000
1140,9.437164,0.050000
1141,5.085714,0.050000
1142,9.780420,0.050000
1143,1.857762,0.050000
1144,2.460994,0.050000
1145,2.874543,0.050000
1146,11.435261,0.050000
1147,10.474665,0.050000
1148,15.312528,0.050000
1149,3.241797,0.050000
1150,7.539503,0.050000
1151,11.501577,0.050000
1152,11.296000,0.050000
1153,-0.955568,0.050000
1154,4.522307,0.050000
1155,11.030605,0.050000
1156,5.972173,0.050000
1157,1.586525,0.050000
1158,10.752856,0.050000
1159,-7.935571,0.050000
1160,12.315711,0.050000
1161,-2.913563,0.050000
1162,8.485929,0.050000
1163,5.826638,0.050000
1164,14.513019,0.050000
1165,6.482210,0.050000
1166,5.374011,0.050000
1167,4.144822,0.050000
1168,6.312094,0.050000
1169,3.489494,0.050000
1170,5.988841,0.050000
1171,2.023777,0.050000
1172,1.207886,0.050000
1173,9.496891,0.050000
1174,-2.270492,0.050000
1175,-1.793830,0.050000
1176,-4.334753,0.050000
1177,8.322302,0.050000
1178,9.343759,0.050000
1179,14.205742,0.050000
1180,2.175528,0.050000
1181,7.074753,0.050000
1182,11.324687,0.050000
1183,0.040598,0.050000
1184,10.573367,0.050000
1185,0.812077,0.050000
1186,-6.008062,0.050000
1187,5.278678,0.050000
1188,9.201732,0.050000
1189,7.337065,0.050000
1190,-1.525545,0.050000
1191,10.666882,0.050000
1192,10.906002,0.050000
1193,4.891894,0.050000
1194,6.609069,0.050000
1195,6.161196,0.050000
1196,-5.851031,0.050000
1197,-8.499557,0.050000
1198,7.315618,0.050000
1199,6.601076,0.050000
1200,3.323277,0.050000
1201,2.934415,0.050000
1202,0.916744,0.050000
1203,3.876562,0.050000
1204,4.830047,0.050000
1205,7.850822,0.050000
1206,3.077716,0.050000
1207,6.149022,0.050000
1208,1.579981,0.050000
1209,-2.918578,0.050000
1210,8.470438,0.050000
1211,-0.705301,0.050000
1212,-0.942735,0.050000
1213,1.311476,0.050000
1214,1.940332,0.050000
1215,10.709442,0.050000
1216,15.000730,0.050000
1217,10.150190,0.050000
1218,-1.841249,0.050000
1219,8.188995,0.050000
1220,-2.483896,0.050000
1221,0.920927,0.050000
1222,-2.834507,0.050000
1223,9.740552,0.050000
1224,4.917409,0.050000
1225,-2.726573,0.050000
1226,-0.925762,0.050000
1227,10.272168,0.050000
1228,7.975439,0.050000
1229,-4.817204,0.050000
1230,1.485175,0.050000
1231,9.611634,0.050000
1232,8.873084,0.050000
1233,1.857555,0.050000
1234,0.188369,0.050000
1235,-0.095856,0.050000
1236,1.155903,0.050000
1237,1.210704,0.050000
1238,3.938928,0.050000
1239,0.501376,0.050000
1240,5.101498,0.050000
1241,-1.395191,0.050000
1242,5.516412,0.050000
1243,1.269982,0.050000
1244,-3.245263,0.050000
1245,3.199577,0.050000
1246,-7.026175,0.050000
1247,8.237890,0.050000
1248,2.289900,0.050000
1249,3.455361,0.050000
1250,4.862411,0.050000
1251,5.278279,0.050000
1252,-3.297603,0.050000
1253,-4.926585,0.050000
1254,1.828737,0.050000
1255,4.426091,0.050000
1256,-2.417676,0.050000
1257,1.815447,0.050000
1258,1.368150,0.050000
1259,-3.463010,0.050000
1260,5.050744,0.050000
1261,3.330049,0.050000
1262,-6.330839,0.050000
1263,3.717237,0.050000
1264,2.481038,0.050000
1265,0.403651,0.050000
1266,-0.653044,0.050000
1267,-2.744393,0.050000
1268,7.599286,0.050000
1269,-1.531505,0.050000
1270,6.217863,0.050000
1271,-3.123302,0.050000
1272,-3.160275,0.050000
1273,0.728285,0.050000
1274,3.992149,0.050000
1275,-2.458522,0.050000
1276,4.504603,0.050000
1277,3.205010,0.050000
1278,-2.511187,0.050000
1279,3.787343,0.050000
1280,6.231780,0.050000
1281,6.296620,0.050000
1282,-4.198589,0.050000
1283,-0.703225,0.050000
1284,2.733126,0.050000
1285,-3.364540,0.050000
1286,0.471119,0.050000
1287,1.953834,0.050000
1288,-1.597901,0.050000
1289,4.695828,0.050000
1290,2.721556,0.050000
1291,3.215969,0.050000
1292,-3.802129,0.050000
1293,3.818654,0.050000
1294,-2.906619,0.050000
1295,3.965918,0.050000
1296,0.187808,0.050000
1297,-8.779266,0.050000
1298,2.668105,0.050000
1299,-8.118012,0.050000
1300,-0.350671,0.050000
1301,3.891634,0.050000
1302,3.376174,0.050000
1303,9.788755,0.050000
1304,-1.195682,0.050000
1305,-5.924638,0.050000
1306,2.053141,0.050000
1307,-8.125766,0.050000
1308,-12.375797,0.050000
1309,2.994220,0.050000
1310,-0.750348,0.050000
1311,-4.214385,0.050000
1312,3.304189,0.050000
1313,6.758018,0.050000
1314,-1.551712,0.050000
1315,0.685617,0.050000
1316,0.016524,0.050000
1317,0.900580,0.050000
1318,0.474027,0.050000
1319,-4.378032,0.050000
1320,3.597996,0.050000
1321,-5.833440,0.050000
1322,-2.889497,0.050000
1323,-4.441669,0.050000
1324,5.292653,0.050000
1325,-2.489780,0.050000
1326,6.832864,0.050000
1327,-0.861260,0.050000
1328,3.424177,0.050000
1329,-1.815060,0.050000
1330,8.614834,0.050000
1331,1.251015,0.050000
1332,1.687855,0.050000
1333,1.941803,0.050000
1334,14.864604,0.050000
1335,5.686947,0.050000
1336,7.325189,0.050000
1337,-1.598715,0.050000
1338,0.662306,0.050000
1339,5.589087,0.050000
1340,-0.612905,0.050000
1341,2.317480,0.050000
1342,3.402079,0.050000
1343,-10.599624,0.050000
1344,1.777486,0.050000
1345,-4.316380,0.050000
1346,-2.509334,0.050000
1347,-0.827024,0.050000
1348,0.901434,0.050000
1349,2.915814,0.050000
1350,2.483714,0.050000
1351,-9.661297,0.050000
1352,-1.850866,0.050000
1353,3.400463,0.050000
1354,0.278424,0.050000
1355,4.260294,0.050000
1356,0.596959,0.050000
1357,0.530972,0.050000
1358,-10.293485,0.050000
1359,-12.106766,0.050000
1360,-7.729192,0.050000
1361,-4.705271,0.050000
1362,-6.564409,0.050000
1363,-3.306926,0.050000
1364,-8.057210,0.050000
1365,-5.203540,0.050000
1366,-14.971625,0.050000
1367,-2.151720,0.050000
1368,-7.742294,0.050000
1369,-3.630248,0.050000
1370,-10.904974,0.050000
1371,-5.925337,0.050000
1372,-6.878347,0.050000
1373,-9.656081,0.050000
1374,-3.772612,0.050000
1375,-10.840720,0.050000
1376,-6.588805,0.050000
1377,-6.446410,0.050000
1378,-13.694849,0.050000
1379,-13.399022,0.050000
1380,-5.965817,0.050000
1381,-11.261916,0.050000
1382,-7.860221,0.050000
1383,-18.888509,0.050000
1384,-8.390489,0.050000
1385,-13.666442,0.050000
1386,-13.801894,0.050000
1387,-16.498858,0.050000
1388,-8.543530,0.050000
1389,-17.849761,0.050000
1390,-12.800478,0.050000
1391,-4.380979,0.050000
1392,-9.266665,0.050000
1393,-8.980169,0.050000
1394,0.395568,0.050000
1395,-3.409492,0.050000
1396,-10.998398,0.050000
1397,-9.530523,0.050000
1398,-7.963333,0.050000
1399,-9.997121,0.050000
1400,-7.938215,0.050000
1401,-12.789284,0.050000
1402,-4.715165,0.050000
1403,-12.453776,0.050000
1404,-12.428526,0.050000
1405,-5.711093,0.050000
1406,-3.253611,0.050000
1407,-7.586885,0.050000
1408,-8.827184,0.050000
1409,-7.600369,0.050000
1410,-19.720171,0.050000
1411,-12.935850,0.050000
1412,-14.126948,0.050000
1413,-6.190925,0.050000
1414,-14.498062,0.050000
1415,-12.589780,0.050000
1416,-12.495913,0.050000
1417,-14.329921,0.050000
1418,-9.911098,0.050000
1419,-13.839552,0.050000
1420,-11.710934,0.050000
1421,-19.224625,0.050000
1422,-16.628167,0.050000
1423,-18.535956,0.050000
1424,-9.475053,0.050000
1425,-15.826991,0.050000
1426,-13.834478,0.050000
1427,-9.045279,0.050000
1428,-7.633085,0.050000
1429,-10.703278,0.050000
1430,-13.234060,0.050000
1431,0.930337,0.050000
1432,-13.445751,0.050000
1433,-5.235459,0.050000
1434,-7.931730,0.050000
1435,-3.570696,0.050000
1436,-13.376540,0.050000
1437,-2.796089,0.050000
1438,-0.540852,0.050000
1439,-3.807737,0.050000
1440,-7.454314,0.050000
1441,-6.640358,0.050000
1442,-0.987078,0.050000
1443,-13.548400,0.050000
1444,-4.966752,0.050000
1445,-2.198603,0.050000
1446,-15.161332,0.050000
1447,-2.797516,0.050000
1448,1.147267,0.050000
1449,-3.884870,0.050000
1450,-5.568965,0.050000
1451,-8.699980,0.050000
1452,-8.114727,0.050000
1453,-2.624384,0.050000
1454,-5.859424,0.050000
1455,-3.099707,0.050000
1456,-5.240636,0.050000
1457,-5.008923,0.050000
1458,-1.367400,0.050000
1459,-11.932735,0.050000
1460,-6.658600,0.050000
1461,-9.341096,0.050000
1462,-6.528584,0.050000
1463,-6.404541,0.050000
1464,0.185321,0.050000
1465,-7.688964,0.050000
1466,-11.499376,0.050000
1467,-6.158763,0.050000
1468,-11.446755,0.050000
1469,-3.438490,0.050000
1470,-2.285052,0.050000
1471,2.035262,0.050000
1472,-7.771575,0.050000
1473,-1.373611,0.050000
1474,-2.031447,0.050000
1475,0.604104,0.050000
1476,-10.952922,0.050000
1477,0.312445,0.050000
1478,-4.529069,0.050000
1479,-4.796055,0.050000
1480,-5.447125,0.050000
1481,-1.866731,0.050000
1482,-1.623913,0.050000
1483,1.189653,0.050000
1484,-4.541560,0.050000
1485,-3.526967,0.050000
1486,-7.940174,0.050000
1487,-5.428884,0.050000
1488,-7.082637,0.050000
1489,-3.018157,0.050000
1490,-3.622514,0.050000
1491,1.729521,0.050000
1492,0.042330,0.050000
1493,-3.496916,0.050000
1494,-0.280938,0.050000
1495,-9.186987,0.050000
1496,-6.497645,0.050000
1497,4.980123,0.050000
1498,-2.365618,0.050000
1499,-8.079962,0.050000
1500,-5.013216,0.050000
1501,-2.052271,0.050000
1502,1.702775,0.050000
1503,3.284965,0.050000
1504,-7.886254,0.050000
1505,-4.929356,0.050000
1506,-7.600006,0.050000
1507,-2.008023,0.050000
1508,-2.842634,0.050000
1509,-1.711293,0.050000
1510,-2.150313,0.050000
1511,-4.733943,0.050000
1512,-9.800867,0.050000
1513,-3.046574,0.050000
1514,-11.330243,0.050000
1515,-14.168716,0.050000
1516,-2.300643,0.050000
1517,-3.065920,0.050000
1518,-5.763117,0.050000
1519,-6.551913,0.050000
1520,1.892730,0.050000
1521,-5.275328,0.050000
1522,-9.298480,0.050000
1523,-4.615306,0.050000
1524,-5.549457,0.050000
1525,-4.723009,0.050000
1526,-4.296056,0.050000
1527,-5.815112,0.050000
1528,-7.848374,0.050000
1529,-6.336805,0.050000
1530,2.570601,0.050000
1531,-13.700417,0.050000
1532,-6.741134,0.050000
1533,-3.870437,0.050000
1534,-1.287975,0.050000
1535,0.641982,0.050000
1536,4.200938,0.050000
1537,-1.236768,0.050000
1538,4.903736,0.050000
1539,0.405660,0.050000
1540,1.880974,0.050000
1541,-4.413375,0.050000
1542,0.839620,0.050000
1543,-1.142226,0.050000
1544,-2.974216,0.050000
1545,-2.616004,0.050000
1546,-3.832731,0.050000
1547,2.822145,0.050000
1548,0.458134,0.050000
1549,1.151040,0.050000
1550,5.342275,0.050000
1551,1.102991,0.050000
1552,-0.788493,0.050000
1553,-5.241571,0.050000
1554,2.390793,0.050000
1555,9.183108,0.050000
1556,1.541039,0.050000
1557,-3.173179,0.050000
1558,-0.263129,0.050000
1559,-2.905970,0.050000
1560,-5.228245,0.050000
1561,-4.614160,0.050000
1562,-3.120761,0.050000
1563,-5.788430,0.050000
1564,-2.898183,0.050000
1565,6.414499,0.050000
1566,2.550571,0.050000
1567,1.699116,0.050000
1568,-9.834621,0.050000
1569,-1.984275,0.050000
1570,-0.313528,0.050000
1571,-5.357262,0.050000
1572,1.640756,0.050000
1573,6.670473,0.050000
1574,2.932497,0.050000
1575,-7.003867,0.050000
1576,-9.347688,0.050000
1577,-0.777300,0.050000
1578,-0.856705,0.050000
1579,-0.127180,0.050000
1580,0.726629,0.050000
1581,-4.031909,0.050000
1582,-0.262853,0.050000
1583,-6.318913,0.050000
1584,-3.224668,0.050000
1585,1.530860,0.050000
1586,-2.492127,0.050000
1587,-0.243612,0.050000
1588,-6.709208,0.050000
1589,-5.409509,0.050000
1590,-0.758309,0.050000
1591,-4.078718,0.050000
1592,3.355709,0.050000
1593,-4.375768,0.050000
1594,-8.590970,0.050000
1595,-5.210764,0.050000
1596,1.832978,0.050000
1597,-0.207554,0.050000
1598,0.435838,0.050000
1599,-0.441233,0.050000
1600,-0.170712,0.050000
1601,1.510787,0.050000
1602,-3.238354,0.050000
1603,2.669045,0.050000
1604,-4.312408,0.050000
1605,6.370416,0.050000
1606,-6.248930,0.050000
1607,-1.492750,0.050000
1608,-6.478093,0.050000
1609,-4.693060,0.050000
1610,-2.631563,0.050000
1611,1.573555,0.050000
1612,-3.600573,0.050000
1613,2.555724,0.050000
1614,-3.816829,0.050000
1615,-7.185742,0.050000
1616,2.231304,0.050000
1617,8.118938,0.050000
1618,2.289420,0.050000
1619,-4.170903,0.050000
1620,-10.523872,0.050000
1621,-2.280388,0.050000
1622,-2.427745,0.050000
1623,-1.474711,0.050000
1624,2.280971,0.050000
1625,4.292872,0.050000
1626,-2.701798,0.050000
1627,9.023909,0.050000
1628,-0.823426,0.050000
1629,5.450488,0.050000
1630,1.759607,0.050000
1631,-0.505128,0.050000
1632,-2.388329,0.050000
1633,-7.687491,0.050000
1634,-5.422728,0.050000
1635,-4.623048,0.050000
1636,1.625469,0.050000
1637,-3.570379,0.050000
1638,2.538181,0.050000
1639,-2.026394,0.050000
1640,0.493089,0.050000
1641,6.682360,0.050000
1642,-0.336505,0.050000
1643,-2.539092,0.050000
1644,-14.039872,0.050000
1645,0.844747,0.050000
1646,-3.932146,0.050000
1647,-3.760997,0.050000
1648,4.171020,0.050000
1649,-9.884334,0.050000
1650,-3.146013,0.050000
1651,-1.832307,0.050000
1652,-2.028482,0.050000
1653,2.436587,0.050000
1654,-5.704409,0.050000
1655,4.800646,0.050000
1656,-0.631675,0.050000
1657,1.162784,0.050000
1658,3.415773,0.050000
1659,6.942421,0.050000
1660,-1.949718,0.050000
1661,-1.920830,0.050000
1662,0.748064,0.050000
1663,8.112869,0.050000
1664,3.939377,0.050000
1665,1.735500,0.050000
1666,-1.554442,0.050000
1667,-4.702707,0.050000
1668,-1.393585,0.050000
1669,-1.941647,0.050000
1670,-1.634392,0.050000
1671,-4.903685,0.050000
1672,-6.609926,0.050000
1673,-8.510385,0.050000
1674,-6.153663,0.050000
1675,-2.004378,0.050000
1676,0.206304,0.050000
1677,2.457141,0.050000
1678,-4.340681,0.050000
1679,-1.967005,0.050000
1680,2.198181,0.050000
1681,3.855686,0.050000
1682,-5.020126,0.050000
1683,-0.134087,0.050000
1684,-3.911264,0.050000
1685,-6.047012,0.050000
1686,3.435157,0.050000
1687,-5.158186,0.050000
1688,-7.073048,0.050000
1689,0.850732,0.050000
1690,-2.576503,0.050000
1691,-3.292781,0.050000
1692,-2.141150,0.050000
1693,2.033577,0.050000
1694,1.277661,0.050000
1695,-4.719658,0.050000
1696,-4.999987,0.050000
1697,-0.076598,0.050000
1698,-4.918563,0.050000
1699,4.312353,0.050000
1700,-5.101397,0.050000
1701,3.767701,0.050000
1702,-7.849377,0.050000
1703,-2.658406,0.050000
1704,-5.639194,0.050000
1705,-5.801244,0.050000
1706,-7.690759,0.050000
1707,-3.444079,0.050000
1708,-0.634669,0.050000
1709,-4.438711,0.050000
1710,-7.332990,0.050000
1711,-1.793687,0.050000
1712,3.567384,0.050000
1713,-1.901261,0.050000
1714,-1.701224,0.050000
1715,-9.168628,0.050000
1716,0.448321,0.050000
1717,-7.082984,0.050000
1718,9.093399,0.050000
1719,-1.662825,0.050000
1720,1.164260,0.050000
1721,0.915594,0.050000
1722,0.022766,0.050000
1723,-1.144528,0.050000
1724,7.989249,0.050000
1725,-1.142985,0.050000
1726,-8.839405,0.050000
1727,-4.096947,0.050000
1728,-0.260416,0.050000
1729,4.527204,0.050000
1730,0.443889,0.050000
1731,3.084708,0.050000
1732,0.233732,0.050000
1733,1.889514,0.050000
1734,-1.607572,0.050000
1735,-0.261874,0.050000
1736,-3.835398,0.050000
1737,-0.163576,0.050000
1738,10.322598,0.050000
1739,-2.047837,0.050000
1740,-0.242854,0.050000
1741,-7.890054,0.050000
1742,4.981100,0.050000
1743,3.010401,0.050000
1744,-2.902105,0.050000
1745,9.026593,0.050000
1746,2.243763,0.050000
1747,-1.707559,0.050000
1748,5.937304,0.050000
1749,3.166911,0.050000
1750,3.412421,0.050000
1751,-8.073055,0.050000
1752,-2.002657,0.050000
1753,9.356568,0.050000
1754,8.972702,0.050000
1755,7.219217,0.050000
1756,-0.636009,0.050000
1757,1.154363,0.050000
1758,0.549483,0.050000
1759,4.714756,0.050000
1760,-0.393784,0.050000
1761,2.261104,0.050000
1762,3.550521,0.050000
1763,0.789930,0.050000
1764,-12.102678,0.050000
1765,2.668635,0.050000
1766,-3.153241,0.050000
1767,-5.050271,0.050000
1768,-3.211032,0.050000
1769,-8.071279,0.050000
1770,-0.138671,0.050000
1771,4.336254,0.050000
1772,0.238315,0.050000
1773,-9.624402,0.050000
1774,-7.301330,0.050000
1775,9.245694,0.050000
1776,6.017255,0.050000
1777,-2.402442,0.050000
1778,1.665300,0.050000
1779,-2.695575,0.050000
1780,-4.534244,0.050000
1781,6.459012,0.050000
1782,1.929104,0.050000
1783,-0.341269,0.050000
1784,1.152270,0.050000
1785,-1.959170,0.050000
1786,3.491970,0.050000
1787,3.693444,0.050000
1788,10.001926,0.050000
1789,5.419805,0.050000
1790,4.372147,0.050000
1791,-1.136649,0.050000
1792,-0.151614,0.050000
1793,-3.726771,0.050000
1794,-9.177700,0.050000
1795,2.573684,0.050000
1796,1.116461,0.050000
1797,-5.774670,0.050000
1798,4.581434,0.050000
1799,3.171848,0.050000
1800,-1.608070,0.050000
1801,-11.719520,0.050000
1802,1.021876,0.050000
1803,0.931482,0.050000
1804,-6.855554,0.050000
1805,-2.542288,0.050000
1806,-7.097007,0.050000
1807,-2.054489,0.050000
1808,6.429855,0.050000
1809,1.122478,0.050000
1810,1.489440,0.050000
1811,-1.292619,0.050000
1812,0.581399,0.050000
1813,-4.610126,0.050000
1814,-5.116675,0.050000
1815,-4.213506,0.050000
1816,-7.591432,0.050000
1817,-2.802553,0.050000
1818,-1.662352,0.050000
1819,3.774509,0.050000
1820,-1.563464,0.050000
1821,-3.854979,0.050000
1822,-4.153013,0.050000
1823,7.843908,0.050000
1824,6.895478,0.050000
1825,11.610411,0.050000
1826,-5.935839,0.050000
1827,8.226968,0.050000
1828,11.856320,0.050000
1829,6.802250,0.050000
1830,-0.932806,0.050000
1831,-3.239849,0.050000
1832,13.436525,0.050000
1833,-1.401837,0.050000
1834,-9.388878,0.050000
1835,0.177737,0.050000
1836,5.178846,0.050000
1837,-2.123385,0.050000
1838,-2.015512,0.050000
1839,-5.583029,0.050000
1840,-4.360018,0.050000
1841,-5.592379,0.050000
1842,1.484722,0.050000
1843,-3.454099,0.050000
1844,-6.382816,0.050000
1845,0.495745,0.050000
1846,-0.217588,0.050000
1847,-4.864771,0.050000
1848,3.159419,0.050000
1849,6.849204,0.050000
1850,6.147904,0.050000
1851,8.379695,0.050000
1852,-3.398198,0.050000
1853,-11.518666,0.050000
1854,-7.556772,0.050000
1855,1.241504,0.050000
1856,-8.213668,0.050000
1857,4.567243,0.050000
1858,3.310912,0.050000
1859,-0.222371,0.050000
1860,5.702690,0.050000
1861,13.822020,0.050000
1862,7.272719,0.050000
1863,10.110195,0.050000
1864,-4.052453,0.050000
1865,5.967916,0.050000
1866,-3.301447,0.050000
1867,2.886041,0.050000
1868,7.983437,0.050000
1869,5.233075,0.050000
1870,-0.700419,0.050000
1871,5.269397,0.050000
1872,-3.553406,0.050000
1873,-0.543406,0.050000
1874,0.891213,0.050000
1875,-0.428757,0.050000
1876,2.984916,0.050000
1877,10.992470,0.050000
1878,0.281219,0.050000
1879,3.950565,0.050000
1880,9.959575,0.050000
1881,9.730109,0.050000
1882,1.947862,0.050000
1883,-8.629261,0.050000
1884,4.074206,0.050000
1885,-1.091196,0.050000
1886,7.601789,0.050000
1887,-0.118018,0.050000
1888,-1.656359,0.050000
1889,4.665497,0.050000
1890,13.325299,0.050000
1891,-1.012785,0.050000
1892,2.242339,0.050000
1893,7.405600,0.050000
1894,12.778916,0.050000
1895,9.457301,0.050000
1896,1.448951,0.050000
1897,4.770995,0.050000
1898,-0.609349,0.050000
1899,8.126340,0.050000
1900,9.218060,0.050000
1901,11.003269,0.050000
1902,0.979899,0.050000
1903,11.889753,0.050000
1904,2.643804,0.050000
1905,-3.485818,0.050000
1906,4.536496,0.050000
1907,9.439074,0.050000
1908,3.853838,0.050000
1909,2.212123,0.050000
1910,11.888577,0.050000
1911,4.434906,0.050000
1912,-1.730464,0.050000
1913,12.638683,0.050000
1914,8.792786,0.050000
1915,5.205204,0.050000
1916,7.586699,0.050000
1917,16.309435,0.050000
1918,11.279202,0.050000
1919,8.184530,0.050000
1920,10.289916,0.050000
1921,4.912091,0.050000
1922,4.139224,0.050000
1923,1.207880,0.050000
1924,1.628378,0.050000
1925,11.139043,0.050000
1926,1.846018,0.050000
1927,8.248406,0.050000
1928,-1.252172,0.050000
1929,3.886808,0.050000
1930,-3.564501,0.050000
1931,4.425219,0.050000
1932,8.972116,0.050000
1933,7.078368,0.050000
1934,4.304775,0.050000
1935,2.419929,0.050000
1936,2.409635,0.050000
1937,0.462906,0.050000
1938,1.056247,0.050000
1939,1.945281,0.050000
1940,-0.198270,0.050000
1941,4.103410,0.050000
1942,1.872878,0.050000
1943,7.173880,0.050000
1944,6.444206,0.050000
1945,0.973946,0.050000
1946,-3.369402,0.050000
1947,4.751825,0.050000
1948,8.119515,0.050000
1949,3.093531,0.050000
1950,-11.995895,0.050000
1951,3.311372,0.050000
1952,6.641543,0.050000
1953,4.768682,0.050000
1954,8.870888,0.050000
1955,3.047987,0.050000
1956,1.715576,0.050000
1957,2.759715,0.050000
1958,6.065257,0.050000
1959,8.400946,0.050000
1960,-1.900474,0.050000
1961,1.031608,0.050000
1962,-4.600010,0.050000
1963,-6.369380,0.050000
1964,-1.775659,0.050000
1965,-4.308079,0.050000
1966,-2.157117,0.050000
1967,7.639188,0.050000
1968,-7.428341,0.050000
1969,1.681579,0.050000
1970,3.311725,0.050000
1971,-1.750812,0.050000
1972,6.608577,0.050000
1973,4.342712,0.050000
1974,5.794891,0.050000
1975,2.531466,0.050000
1976,-6.285634,0.050000
1977,2.320233,0.050000
1978,-2.258927,0.050000
1979,4.804032,0.050000
1980,2.164636,0.050000
1981,8.482770,0.050000
1982,5.620372,0.050000
1983,6.723844,0.050000
1984,-1.261347,0.050000
1985,7.200661,0.050000
1986,0.380192,0.050000
1987,-0.022207,0.050000
1988,9.135038,0.050000
1989,1.201478,0.050000
1990,1.900608,0.050000
1991,-2.929965,0.050000
1992,3.951021,0.050000
1993,7.803220,0.050000
1994,-3.837388,0.050000
1995,2.802506,0.050000
1996,11.490820,0.050000
1997,8.512770,0.050000
1998,2.359551,0.050000
1999,8.420256,0.050000
2000,7.559199,0.050000
2001,5.829311,0.050000
2002,11.182252,0.050000
2003,8.032046,0.050000
2004,-4.379947,0.050000
2005,10.434660,0.050000
2006,7.802915,0.050000
2007,5.367254,0.050000
2008,-0.446459,0.050000
2009,7.648602,0.050000
2010,10.108810,0.050000
2011,-0.601618,0.050000
2012,10.891199,0.050000
2013,8.361943,0.050000
2014,10.130216,0.050000
2015,4.921402,0.050000
2016,13.529729,0.050000
2017,10.279342,0.050000
2018,8.696511,0.050000
2019,16.761269,0.050000
2020,6.558571,0.050000
2021,12.893989,0.050000
2022,0.656900,0.050000
2023,15.146249,0.050000
2024,0.397975,0.050000
2025,4.566528,0.050000
2026,11.856079,0.050000
2027,4.928306,0.050000
2028,7.172724,0.050000
2029,10.798767,0.050000
2030,-1.741171,0.050000
2031,9.132521,0.050000
2032,5.870438,0.050000
2033,11.312072,0.050000
2034,14.750493,0.050000
2035,9.634682,0.050000
2036,6.867899,0.050000
2037,0.026705,0.050000
2038,8.203581,0.050000
2039,12.984752,0.050000
2040,11.494512,0.050000
2041,10.904971,0.050000
2042,4.765099,0.050000
2043,7.661708,0.050000
2044,7.355975,0.050000
2045,10.475274,0.050000
2046,3.058950,0.050000
2047,14.434256,0.050000
2048,5.807677,0.050000
2049,6.813956,0.050000
2050,13.231856,0.050000
2051,8.443826,0.050000
2052,5.269776,0.050000
2053,5.917871,0.050000
2054,8.222882,0.050000
2055,5.288598,0.050000
2056,7.638128,0.050000
2057,-1.306305,0.050000
2058,9.588848,0.050000
2059,7.315353,0.050000
2060,0.244877,0.050000
2061,5.690680,0.050000
2062,0.321274,0.050000
2063,6.651875,0.050000
2064,9.027479,0.050000
2065,2.782902,0.050000
2066,7.149975,0.050000
2067,2.474749,0.050000
2068,12.838591,0.050000
2069,-1.092438,0.050000
2070,4.304528,0.050000
2071,8.449605,0.050000
2072,3.534278,0.050000
2073,10.243730,0.050000
2074,8.718929,0.050000
2075,6.636835,0.050000
2076,10.562490,0.050000
2077,7.650978,0.050000
2078,1.291048,0.050000
2079,4.304098,0.050000
2080,-0.809550,0.050000
2081,-1.270525,0.050000
2082,6.677964,0.050000
2083,7.359824,0.050000
2084,-3.673954,0.050000
2085,7.820504,0.050000
2086,3.956612,0.050000
2087,1.999104,0.050000
2088,1.582275,0.050000
2089,3.883916,0.050000
2090,4.849747,0.050000
2091,-0.908418,0.050000
2092,6.021605,0.050000
2093,16.630719,0.050000
2094,-2.538183,0.050000
2095,5.504403,0.050000
2096,4.906327,0.050000
2097,0.313196,0.050000
2098,-0.216865,0.050000
2099,4.262454,0.050000
2100,11.138231,0.050000
2101,4.632503,0.050000
2102,7.346579,0.050000
2103,-1.923420,0.050000
2104,10.021260,0.050000
2105,12.023793,0.050000
2106,4.795311,0.050000
2107,6.775845,0.050000
2108,-3.074817,0.050000
2109,9.045744,0.050000
2110,8.336023,0.050000
2111,8.913838,0.050000
2112,10.989980,0.050000
2113,8.474411,0.050000
2114,13.224006,0.050000
2115,-6.266744,0.050000
2116,3.631948,0.050000
2117,12.447564,0.050000
2118,10.225676,0.050000
2119,0.904372,0.050000
2120,3.426431,0.050000
2121,4.638585,0.050000
2122,0.839205,0.050000
2123,6.677013,0.050000
2124,0.851660,0.050000
2125,7.811383,0.050000
2126,10.656214,0.050000
2127,11.061208,0.050000
2128,15.265470,0.050000
2129,4.025384,0.050000
2130,3.658549,0.050000
2131,8.204978,0.050000
2132,15.272809,0.050000
2133,15.823783,0.050000
2134,19.461062,0.050000
2135,16.236518,0.050000
2136,4.959811,0.050000
2137,8.406672,0.050000
2138,3.149946,0.050000
2139,6.884404,0.050000
2140,-1.636853,0.050000
2141,9.467463,0.050000
2142,7.033474,0.050000
2143,15.978272,0.050000
2144,3.219171,0.050000
2145,6.719033,0.050000
2146,12.701076,0.050000
2147,13.038211,0.050000
2148,10.147513,0.050000
2149,4.015475,0.050000
2150,5.824712,0.050000
2151,10.386357,0.050000
2152,-4.616617,0.050000
2153,5.837366,0.050000
2154,3.487193,0.050000
2155,9.587720,0.050000
2156,11.803127,0.050000
2157,2.519718,0.050000
2158,13.326180,0.050000
2159,3.046592,0.050000
2160,14.028449,0.050000
2161,14.994763,0.050000
2162,5.409446,0.050000
2163,0.498968,0.050000
2164,4.019305,0.050000
2165,1.215657,0.050000
2166,14.446381,0.050000
2167,1.042419,0.050000
2168,3.028915,0.050000
2169,-0.295755,0.050000
2170,11.924580,0.050000
2171,7.532554,0.050000
2172,6.357425,0.050000
2173,8.447145,0.050000
2174,2.731758,0.050000
2175,11.824136,0.050000
2176,-1.446648,0.050000
2177,-2.264685,0.050000
2178,-2.612993,0.050000
2179,4.870796,0.050000
2180,9.081611,0.050000
2181,1.257324,0.050000
2182,6.792630,0.050000
2183,-6.421005,0.050000
2184,-0.716814,0.050000
2185,13.292417,0.050000
2186,4.689201,0.050000
2187,-11.893441,0.050000
2188,7.645231,0.050000
2189,10.936383,0.050000
2190,6.773949,0.050000
2191,7.242170,0.050000
2192,4.928657,0.050000
2193,12.163596,0.050000
2194,-3.438199,0.050000
2195,5.921693,0.050000
2196,8.815654,0.050000
2197,4.421166,0.050000
2198,0.446714,0.050000
2199,9.420712,0.050000
2200,3.302208,0.050000
2201,-7.012333,0.050000
2202,4.109871,0.050000
2203,3.315708,0.050000
2204,2.523797,0.050000
2205,5.881415,0.050000
2206,10.315645,0.050000
2207,6.579150,0.050000
2208,9.149491,0.050000
2209,9.790269,0.050000
2210,-3.408526,0.050000
2211,-9.396603,0.050000
2212,-6.277575,0.050000
2213,4.577632,0.050000
2214,-0.375935,0.050000
2215,-2.729578,0.050000
2216,6.812731,0.050000
2217,3.217666,0.050000
2218,-15.832130,0.050000
2219,-0.797789,0.050000
2220,5.120967,0.050000
2221,6.287438,0.050000
2222,1.684483,0.050000
2223,5.856216,0.050000
2224,1.776693,0.050000
2225,12.810186,0.050000
2226,-6.052686,0.050000
2227,8.918616,0.050000
2228,8.887309,0.050000
2229,2.959072,0.050000
2230,-1.313680,0.050000
2231,5.641807,0.050000
2232,5.761748,0.050000
2233,6.112806,0.050000
2234,-1.366705,0.050000
2235,0.316714,0.050000
2236,10.028934,0.050000
2237,4.656331,0.050000
2238,-0.614747,0.050000
2239,6.569578,0.050000
2240,11.186854,0.050000
2241,-2.118441,0.050000
2242,7.928023,0.050000
2243,6.494233,0.050000
2244,13.827071,0.050000
2245,9.629465,0.050000
2246,4.229329,0.050000
2247,1.878421,0.050000
2248,8.963756,0.050000
2249,3.842429,0.050000
2250,0.794728,0.050000
2251,6.702610,0.050000
2252,-0.494511,0.050000
2253,-0.117488,0.050000
2254,7.525549,0.050000
2255,2.418514,0.050000
2256,7.801230,0.050000
2257,11.785147,0.050000
2258,1.099751,0.050000
2259,11.457397,0.050000
2260,-0.756171,0.050000
2261,5.146801,0.050000
2262,0.484708,0.050000
2263,9.585821,0.050000
2264,6.288030,0.050000
2265,-2.070546,0.050000
2266,7.603412,0.050000
2267,6.255112,0.050000
2268,4.841231,0.050000
2269,2.121158,0.050000
2270,5.576778,0.050000
2271,7.379232,0.050000
2272,2.697771,0.050000
2273,1.610173,0.050000
2274,3.242130,0.050000
2275,-2.523622,0.050000
2276,0.668897,0.050000
2277,5.662119,0.050000
2278,4.003384,0.050000
2279,1.963229,0.050000
2280,1.524198,0.050000
2281,2.480087,0.050000
2282,8.768375,0.050000
2283,7.566939,0.050000
2284,9.689904,0.050000
2285,0.355628,0.050000
2286,12.836442,0.050000
2287,4.066290,0.050000
2288,4.876381,0.050000
2289,7.785744,0.050000
2290,7.837226,0.050000
2291,2.918627,0.050000
2292,-0.607950,0.050000
2293,2.202080,0.050000
2294,4.621503,0.050000
2295,9.186254,0.050000
2296,11.007356,0.050000
2297,0.589704,0.050000
2298,4.571658,0.050000
2299,9.896831,0.050000
2300,10.940982,0.050000
2301,5.968539,0.050000
2302,13.095434,0.050000
2303,10.401235,0.050000
2304,6.977359,0.050000
2305,4.818481,0.050000
2306,0.923131,0.050000
2307,-1.494247,0.050000
2308,6.265405,0.050000
2309,1.927824,0.050000
2310,0.482471,0.050000
2311,2.144478,0.050000
2312,7.425750,0.050000
2313,4.798497,0.050000
2314,5.768089,0.050000
2315,5.921430,0.050000
2316,6.110100,0.050000
2317,2.719805,0.050000
2318,8.007741,0.050000
2319,4.033421,0.050000
2320,8.069227,0.050000
2321,6.314879,0.050000
2322,1.666158,0.050000
2323,7.424265,0.050000
2324,4.747538,0.050000
2325,7.090334,0.050000
2326,5.411696,0.050000
2327,-3.633457,0.050000
2328,3.104483,0.050000
2329,-0.012421,0.050000
2330,-0.560402,0.050000
2331,7.894427,0.050000
2332,-3.164136,0.050000
2333,7.485696,0.050000
2334,9.754320,0.050000
2335,6.129889,0.050000
2336,9.688615,0.050000
2337,4.547780,0.050000
2338,6.125732,0.050000
2339,3.895107,0.050000
2340,4.223767,0.050000
2341,3.604191,0.050000
2342,0.044851,0.050000
2343,9.074311,0.050000
2344,3.765927,0.050000
2345,10.507824,0.050000
2346,10.513753,0.050000
2347,5.565014,0.050000
2348,0.852327,0.050000
2349,4.153732,0.050000
2350,0.902796,0.050000
2351,6.048808,0.050000
2352,11.231994,0.050000
2353,5.447057,0.050000
2354,3.776208,0.050000
2355,7.912673,0.050000
2356,4.813960,0.050000
2357,7.557339,0.050000
2358,9.248569,0.050000
2359,6.853984,0.050000
2360,3.435605,0.050000
2361,8.940478,0.050000
2362,-4.366579,0.050000
2363,4.222953,0.050000
2364,0.481802,0.050000
2365,-1.543972,0.050000
2366,6.098184,0.050000
2367,6.305898,0.050000
2368,3.373623,0.050000
2369,7.340704,0.050000
2370,5.501571,0.050000
2371,7.846669,0.050000
2372,3.944135,0.050000
2373,3.153577,0.050000
2374,6.392083,0.050000
2375,-4.990164,0.050000
2376,1.804652,0.050000
2377,2.798264,0.050000
2378,6.012572,0.050000
2379,-0.737509,0.050000
2380,9.218803,0.050000
2381,7.403080,0.050000
2382,5.416069,0.050000
2383,3.283009,0.050000
2384,2.544904,0.050000
2385,-3.337025,0.050000
2386,13.206809,0.050000
2387,-9.370131,0.050000
2388,12.221837,0.050000
2389,11.550106,0.050000
2390,9.757420,0.050000
2391,11.324848,0.050000
2392,-0.305327,0.050000
2393,7.707801,0.050000
2394,12.386523,0.050000
2395,8.537780,0.050000
2396,6.955331,0.050000
2397,3.276025,0.050000
2398,-3.492547,0.050000
2399,6.315512,0.050000
2400,1.517528,0.050000
2401,4.584579,0.050000
2402,-7.884231,0.050000
2403,8.427580,0.050000
2404,3.065079,0.050000
2405,5.865324,0.050000
2406,0.484891,0.050000
2407,-0.422375,0.050000
2408,8.775744,0.050000
2409,1.814804,0.050000
2410,12.261962,0.050000
2411,2.142240,0.050000
2412,5.444276,0.050000
2413,-3.994842,0.050000
2414,4.720357,0.050000
2415,-2.984140,0.050000
2416,12.281296,0.050000
2417,-2.598655,0.050000
2418,3.161746,0.050000
2419,-8.564335,0.050000
2420,10.592898,0.050000
2421,-3.630858,0.050000
2422,5.601584,0.050000
2423,5.950157,0.050000
2424,0.442477,0.050000
2425,8.753443,0.050000
2426,11.113515,0.050000
2427,0.490833,0.050000
2428,1.556496,0.050000
2429,10.587470,0.050000
2430,-3.245744,0.050000
2431,2.826703,0.050000
2432,1.616939,0.050000
2433,4.400867,0.050000
2434,-4.630086,0.050000
2435,-3.250145,0.050000
2436,10.998113,0.050000
2437,-5.795989,0.050000
2438,3.825541,0.050000
2439,5.899139,0.050000
2440,4.840471,0.050000
2441,0.033971,0.050000
2442,6.504754,0.050000
2443,5.775576,0.050000
2444,3.409613,0.050000
2445,-0.752855,0.050000
2446,8.957166,0.050000
2447,7.977420,0.050000
2448,-1.434301,0.050000
2449,5.531567,0.050000
2450,7.225576,0.050000
2451,10.260033,0.050000
2452,2.773092,0.050000
2453,7.821161,0.050000
2454,-2.401956,0.050000
2455,1.259461,0.050000
2456,8.924228,0.050000
2457,-0.898246,0.050000
2458,0.682631,0.050000
2459,-7.132672,0.050000
2460,-9.660843,0.050000
2461,4.485216,0.050000
2462,-3.727057,0.050000
2463,0.046122,0.050000
2464,3.440610,0.050000
2465,3.421936,0.050000
2466,-0.396583,0.050000
2467,-12.976086,0.050000
2468,4.566775,0.050000
2469,6.218795,0.050000
2470,3.688191,0.050000
2471,-0.199753,0.050000
2472,3.324553,0.050000
2473,5.271193,0.050000
2474,6.209907,0.050000
2475,-3.766257,0.050000
2476,-0.512869,0.050000
2477,1.313805,0.050000
2478,5.554993,0.050000
2479,-4.676053,0.050000
2480,-2.731936,0.050000
2481,-3.900830,0.050000
2482,-6.313850,0.050000
2483,-3.516889,0.050000
2484,-6.633100,0.050000
2485,-6.102992,0.050000
2486,3.768501,0.050000
2487,3.363720,0.050000
2488,8.251264,0.050000
2489,3.171285,0.050000
2490,2.324955,0.050000
2491,-0.318048,0.050000
2492,-1.323279,0.050000
2493,-3.008217,0.050000
2494,-8.353486,0.050000
2495,2.061705,0.050000
2496,-1.855724,0.050000
2497,-4.162222,0.050000
2498,-2.763217,0.050000
2499,7.346999,0.050000
2500,2.790434,0.050000
2501,0.535033,0.050000
2502,1.806705,0.050000
2503,6.365173,0.050000
2504,3.482035,0.050000
2505,-3.878427,0.050000
2506,0.279926,0.050000
2507,-2.275407,0.050000
2508,5.202571,0.050000
2509,-3.929721,0.050000
2510,7.094260,0.050000
2511,9.536997,0.050000
2512,-8.013558,0.050000
2513,-3.154083,0.050000
2514,0.982793,0.050000
2515,-4.596681,0.050000
2516,4.103221,0.050000
2517,3.523579,0.050000
2518,-1.335960,0.050000
2519,0.924884,0.050000
2520,-2.012847,0.050000
2521,1.842808,0.050000
2522,10.605359,0.050000
2523,4.388261,0.050000
2524,10.319314,0.050000
2525,0.795960,0.050000
2526,-1.979126,0.050000
2527,5.369059,0.050000
2528,5.225464,0.050000
2529,-5.168669,0.050000
2530,3.891226,0.050000
2531,-2.753376,0.050000
2532,3.230284,0.050000
2533,-2.601126,0.050000
2534,0.268641,0.050000
2535,-5.704226,0.050000
2536,-7.570516,0.050000
2537,-5.356554,0.050000
2538,-5.069714,0.050000
2539,-9.856591,0.050000
2540,2.978400,0.050000
2541,-1.042867,0.050000
2542,-3.191369,0.050000
2543,-11.194542,0.050000
2544,-13.359259,0.050000
2545,-6.401962,0.050000
2546,-0.918288,0.050000
2547,-3.834126,0.050000
2548,-1.552434,0.050000
2549,-4.950039,0.050000
2550,-2.391324,0.050000
2551,-2.299107,0.050000
2552,0.711187,0.050000
2553,-6.906281,0.050000
2554,-6.618896,0.050000
2555,-2.186889,0.050000
2556,-6.278828,0.050000
2557,-4.727321,0.050000
2558,-3.557548,0.050000
2559,-2.098990,0.050000
2560,8.227480,0.050000
2561,-1.685236,0.050000
2562,-12.840706,0.050000
2563,-8.070339,0.050000
2564,-5.622092,0.050000
2565,1.261383,0.050000
2566,2.826214,0.050000
2567,-7.984698,0.050000
2568,3.685763,0.050000
2569,-7.291187,0.050000
2570,1.791235,0.050000
2571,-0.980669,0.050000
2572,-2.014125,0.050000
2573,-1.806251,0.050000
2574,-2.369474,0.050000
2575,-12.333822,0.050000
2576,0.681650,0.050000
2577,-2.119876,0.050000
2578,-0.967621,0.050000
2579,1.431203,0.050000
2580,-5.283962,0.050000
2581,-8.253603,0.050000
2582,5.439928,0.050000
2583,-7.419605,0.050000
2584,-11.298976,0.050000
2585,0.319434,0.050000
2586,-7.389280,0.050000
2587,-8.498256,0.050000
2588,-3.615669,0.050000
2589,-4.471811,0.050000
2590,-6.153678,0.050000
2591,-1.865005,0.050000
2592,-7.886666,0.050000
2593,-4.240367,0.050000
2594,-2.348980,0.050000
2595,-8.463108,0.050000
2596,-11.568322,0.050000
2597,-7.984558,0.050000
2598,5.347858,0.050000
2599,-4.140700,0.050000
2600,-14.479495,0.050000
2601,-0.457628,0.050000
2602,-4.829668,0.050000
2603,-3.935580,0.050000
2604,-6.627774,0.050000
2605,0.973784,0.050000
2606,1.113232,0.050000
2607,-4.087799,0.050000
2608,2.816637,0.050000
2609,-4.908473,0.050000
2610,-0.160276,0.050000
2611,-4.084234,0.050000
2612,-10.838009,0.050000
2613,-1.195928,0.050000
2614,-8.109527,0.050000
2615,-5.499859,0.050000
2616,-11.393935,0.050000
2617,-1.530165,0.050000
2618,6.311791,0.050000
2619,-7.569808,0.050000
2620,-11.367805,0.050000
2621,-0.640354,0.050000
2622,-0.417094,0.050000
2623,-8.617950,0.050000
2624,-7.079310,0.050000
2625,-6.725520,0.050000
2626,-1.629475,0.050000
2627,0.519236,0.050000
2628,5.234984,0.050000
2629,-8.006168,0.050000
2630,-3.641837,0.050000
2631,-2.820790,0.050000
2632,-5.058038,0.050000
2633,-4.903327,0.050000
2634,-8.231187,0.050000
2635,-2.973998,0.050000
2636,-3.109312,0.050000
2637,1.876975,0.050000
2638,-2.671413,0.050000
2639,6.358573,0.050000
2640,5.021555,0.050000
2641,-2.174499,0.050000
2642,-9.765383,0.050000
2643,-2.097309,0.050000
2644,0.479670,0.050000
2645,-0.643879,0.050000
2646,3.834428,0.050000
2647,-0.609372,0.050000
2648,-6.401815,0.050000
2649,-0.175284,0.050000
2650,-6.623850,0.050000
2651,0.368565,0.050000
2652,-5.283012,0.050000
2653,-7.424853,0.050000
2654,-12.804206,0.050000
2655,-9.989095,0.050000
2656,-8.218072,0.050000
2657,0.772050,0.050000
2658,0.296634,0.050000
2659,-6.670071,0.050000
2660,4.364042,0.050000
2661,9.185244,0.050000
2662,3.960294,0.050000
2663,-9.662546,0.050000
2664,2.813316,0.050000
2665,-4.986020,0.050000
2666,-6.091358,0.050000
2667,4.693937,0.050000
2668,-9.024865,0.050000
2669,-10.608491,0.050000
2670,-4.109486,0.050000
2671,-4.768385,0.050000
2672,-5.526543,0.050000
2673,-2.106466,0.050000
2674,-6.876848,0.050000
2675,-1.739867,0.050000
2676,-7.320338,0.050000
2677,-2.529159,0.050000
2678,8.216585,0.050000
2679,-1.105228,0.050000
2680,-0.392592,0.050000
2681,4.078025,0.050000
2682,-4.333529,0.050000
2683,-0.202486,0.050000
2684,1.242091,0.050000
2685,0.767129,0.050000
2686,7.695272,0.050000
2687,-5.771941,0.050000
2688,-6.448910,0.050000
2689,-1.076083,0.050000
2690,1.491563,0.050000
2691,-5.124870,0.050000
2692,-0.093296,0.050000
2693,-2.491015,0.050000
2694,-5.647464,0.050000
2695,-0.878901,0.050000
2696,-4.147445,0.050000
2697,0.791209,0.050000
2698,-8.404017,0.050000
2699,-0.390826,0.050000
2700,6.939017,0.050000
2701,-2.617159,0.050000
2702,-0.558214,0.050000
2703,3.124035,0.050000
2704,-3.976474,0.050000
2705,8.064874,0.050000
2706,4.243572,0.050000
2707,-4.029321,0.050000
2708,-0.524296,0.050000
2709,-3.910920,0.050000
2710,-3.838251,0.050000
2711,-3.416288,0.050000
2712,-4.259723,0.050000
2713,-0.647883,0.050000
2714,2.962446,0.050000
2715,1.840599,0.050000
2716,6.958433,0.050000
2717,3.651557,0.050000
2718,3.885317,0.050000
2719,-0.233313,0.050000
2720,-10.432576,0.050000
2721,-1.275331,0.050000
2722,-7.215455,0.050000
2723,-0.707816,0.050000
2724,5.647484,0.050000
2725,6.591543,0.050000
2726,8.219474,0.050000
2727,-0.028085,0.050000
2728,-2.685831,0.050000
2729,-1.801643,0.050000
2730,-13.576769,0.050000
2731,-9.148705,0.050000
2732,-4.743945,0.050000
2733,-6.695459,0.050000
2734,1.944864,0.050000
2735,3.953093,0.050000
2736,0.706712,0.050000
2737,-3.025779,0.050000
2738,0.392150,0.050000
2739,-5.705807,0.050000
2740,-11.000919,0.050000
2741,-7.497661,0.050000
2742,-14.154139,0.050000
2743,-5.397674,0.050000
2744,4.463362,0.050000
2745,-0.901647,0.050000
2746,-0.171695,0.050000
2747,-7.691025,0.050000
2748,-4.231929,0.050000
2749,-2.025098,0.050000
2750,-5.226127,0.050000
2751,-11.684471,0.050000
2752,2.129057,0.050000
2753,-1.934010,0.050000
2754,2.823608,0.050000
2755,-13.775447,0.050000
2756,-0.745940,0.050000
2757,5.063251,0.050000
2758,3.917928,0.050000
2759,5.819198,0.050000
2760,4.638478,0.050000
2761,-2.021671,0.050000
2762,-2.781809,0.050000
2763,-3.132386,0.050000
2764,3.232529,0.050000
2765,-2.342040,0.050000
2766,1.465155,0.050000
2767,2.775482,0.050000
2768,-11.313989,0.050000
2769,-0.312451,0.050000
2770,-2.935377,0.050000
2771,-3.939804,0.050000
2772,0.570002,0.050000
2773,-7.660667,0.050000
2774,-8.856850,0.050000
2775,-5.685453,0.050000
2776,1.159780,0.050000
2777,-1.899175,0.050000
2778,-5.207970,0.050000
2779,-4.158282,0.050000
2780,2.934738,0.050000
2781,-0.725139,0.050000
2782,-1.498435,0.050000
2783,7.289260,0.050000
2784,-0.357928,0.050000
2785,2.222387,0.050000
2786,-1.109159,0.050000
2787,-0.649851,0.050000
2788,-1.471209,0.050000
2789,-3.560309,0.050000
2790,2.602413,0.050000
2791,-8.271882,0.050000
2792,-3.893063,0.050000
2793,-1.765939,0.050000
2794,-6.367652,0.050000
2795,-6.582329,0.050000
2796,-14.428898,0.050000
2797,-0.371093,0.050000
2798,3.630280,0.050000
2799,0.990494,0.050000
2800,5.200219,0.050000
2801,-11.767855,0.050000
2802,-1.381661,0.050000
2803,-10.303744,0.050000
2804,1.457268,0.050000
2805,0.628054,0.050000
2806,-7.748682,0.050000
2807,-2.645562,0.050000
2808,-2.832161,0.050000
2809,-3.773046,0.050000
2810,-5.556345,0.050000
2811,3.179377,0.050000
2812,-8.151671,0.050000
2813,-0.568793,0.050000
2814,-10.202085,0.050000
2815,-18.139666,0.050000
2816,-7.992672,0.050000
2817,-0.284324,0.050000
2818,7.712699,0.050000
2819,-0.871792,0.050000
2820,2.049133,0.050000
2821,-2.980831,0.050000
2822,1.799435,0.050000
2823,-3.997494,0.050000
2824,-5.071823,0.050000
2825,0.680618,0.050000
2826,4.059949,0.050000
2827,-1.250698,0.050000
2828,-1.394163,0.050000
2829,-8.349897,0.050000
2830,-2.176909,0.050000
2831,-3.520675,0.050000
2832,-7.460484,0.050000
2833,-0.405772,0.050000
2834,-6.399915,0.050000
2835,-4.186644,0.050000
2836,-0.549149,0.050000
2837,-3.590838,0.050000
2838,2.538237,0.050000
2839,-4.139337,0.050000
2840,-19.700466,0.050000
2841,-5.124735,0.050000
2842,2.626997,0.050000
2843,-0.155669,0.050000
2844,-3.358112,0.050000
2845,-3.522223,0.050000
2846,-10.450859,0.050000
2847,-6.721681,0.050000
2848,-4.475066,0.050000
2849,-7.805267,0.050000
2850,-15.739061,0.050000
2851,-5.639315,0.050000
2852,-17.626767,0.050000
2853,-22.062032,0.050000
2854,-18.603464,0.050000
2855,-19.864625,0.050000
2856,-10.818395,0.050000
2857,-16.955054,0.050000
2858,-12.432862,0.050000
2859,-8.043030,0.050000
2860,-11.211162,0.050000
2861,-6.572223,0.050000
2862,-13.112095,0.050000
2863,-16.250321,0.050000
2864,-6.526214,0.050000
2865,-6.691726,0.050000
2866,-6.050132,0.050000
2867,-13.315381,0.050000
2868,-20.115387,0.050000
2869,-12.832121,0.050000
2870,-10.484187,0.050000
2871,-3.997862,0.050000
2872,-3.344176,0.050000
2873,-2.720498,0.050000
2874,-13.281839,0.050000
2875,-9.205530,0.050000
2876,-14.558984,0.050000
2877,-5.205286,0.050000
2878,-19.730758,0.050000
2879,-4.352183,0.050000
2880,-14.460281,0.050000
2881,-11.054860,0.050000
2882,-8.063102,0.050000
2883,-6.404372,0.050000
2884,-8.134628,0.050000
2885,-7.757228,0.050000
2886,-9.575313,0.050000
2887,-19.679038,0.050000
2888,-18.609211,0.050000
2889,-7.042115,0.050000
2890,-19.976494,0.050000
2891,-8.174436,0.050000
2892,-10.667151,0.050000
2893,-10.776331,0.050000
2894,-17.264788,0.050000
2895,-6.261692,0.050000
2896,-11.060332,0.050000
2897,-15.455368,0.050000
2898,-13.077826,0.050000
2899,-17.913821,0.050000
2900,-11.523167,0.050000
2901,-20.051891,0.050000
2902,-17.897346,0.050000
2903,-10.279512,0.050000
2904,-16.132535,0.050000
2905,-13.455332,0.050000
2906,-9.737506,0.050000
2907,-7.648400,0.050000
2908,-17.854803,0.050000
2909,-12.501659,0.050000
2910,-9.999641,0.050000
2911,-9.211823,0.050000
2912,-13.838700,0.050000
2913,-9.879424,0.050000
2914,-18.008193,0.050000
2915,-11.424350,0.050000
2916,-8.086485,0.050000
2917,-9.825765,0.050000
2918,-15.470740,0.050000
2919,-13.316616,0.050000
2920,-2.577289,0.050000
2921,-10.083226,0.050000
2922,-19.628955,0.050000
2923,-21.553459,0.050000
2924,-15.363087,0.050000
2925,-10.539307,0.050000
2926,-12.904753,0.050000
2927,-8.049370,0.050000
2928,-12.501207,0.050000
2929,-14.797534,0.050000
2930,-13.703579,0.050000
2931,-10.290782,0.050000
2932,-12.630515,0.050000
2933,-8.948082,0.050000
2934,-18.647241,0.050000
2935,-5.811241,0.050000
2936,-14.014773,0.050000
2937,-3.509643,0.050000
2938,-11.700435,0.050000
2939,-8.695230,0.050000
2940,-13.373951,0.050000
2941,-17.466441,0.050000
2942,-7.133908,0.050000
2943,-5.905976,0.050000
2944,-10.792372,0.050000
2945,-3.827989,0.050000
2946,-13.677710,0.050000
2947,-10.280800,0.050000
2948,-7.139814,0.050000
2949,-13.125170,0.050000
2950,-17.217540,0.050000
2951,-4.319902,0.050000
2952,-10.573715,0.050000
2953,-19.000304,0.050000
2954,-14.909952,0.050000
2955,-7.500405,0.050000
2956,-5.273308,0.050000
2957,-12.113414,0.050000
2958,-11.773474,0.050000
2959,-7.175238,0.050000
2960,-7.204607,0.050000
2961,-5.528007,0.050000
2962,-10.238158,0.050000
2963,-14.303014,0.050000
2964,-6.574854,0.050000
2965,-18.668194,0.050000
2966,-13.510217,0.050000
2967,-14.519545,0.050000
2968,-2.985807,0.050000
2969,-12.923429,0.050000
2970,0.836302,0.050000
2971,-4.879151,0.050000
2972,-10.153409,0.050000
2973,-4.764132,0.050000
2974,-5.616852,0.050000
2975,-20.523341,0.050000
2976,0.879251,0.050000
2977,-4.212789,0.050000
2978,-6.443206,0.050000
2979,-2.816096,0.050000
2980,-4.489566,0.050000
2981,-5.633013,0.050000
2982,-5.373215,0.050000
2983,-6.370165,0.050000
2984,-6.727266,0.050000
2985,-4.996358,0.050000
2986,-3.359514,0.050000
2987,-8.075744,0.050000
2988,-4.246352,0.050000
2989,-17.159604,0.050000
2990,-0.903675,0.050000
2991,-8.123455,0.050000
2992,-6.378205,0.050000
2993,7.909962,0.050000
2994,-8.944519,0.050000
2995,-5.774010,0.050000
2996,-2.862873,0.050000
2997,5.743467,0.050000
2998,-5.573441,0.050000
2999,-7.968626,0.050000
3000,-7.377762,0.050000
3001,-10.796886,0.050000
3002,-5.565693,0.050000
3003,-8.569064,0.050000
3004,-3.791021,0.050000
3005,-2.074493,0.050000
3006,-6.798376,0.050000
3007,-9.479086,0.050000
3008,-4.631290,0.050000
3009,-9.039362,0.050000
3010,0.822414,0.050000
3011,-2.914133,0.050000
3012,1.217777,0.050000
3013,-11.864712,0.050000
3014,-8.505154,0.050000
3015,-4.454045,0.050000
3016,-2.294702,0.050000
3017,-8.999529,0.050000
3018,-4.858660,0.050000
3019,-10.751280,0.050000
3020,-4.064489,0.050000
3021,-12.239113,0.050000
3022,-3.252114,0.050000
3023,-6.935306,0.050000
3024,-7.962047,0.050000
3025,-6.481289,0.050000
3026,-1.485297,0.050000
3027,0.931261,0.050000
3028,-8.033062,0.050000
3029,-4.874869,0.050000
3030,-6.959528,0.050000
3031,-7.140643,0.050000
3032,-4.792587,0.050000
3033,-2.162710,0.050000
3034,-0.390333,0.050000
3035,-10.981072,0.050000
3036,-0.460154,0.050000
3037,-1.321620,0.050000
3038,-3.747171,0.050000
3039,-4.605064,0.050000
3040,-13.108779,0.050000
3041,-4.930909,0.050000
3042,-15.236159,0.050000
3043,-6.822740,0.050000
3044,-6.701484,0.050000
3045,-4.007256,0.050000
3046,-2.946899,0.050000
3047,-2.608413,0.050000
3048,4.596530,0.050000
3049,-5.703596,0.050000
3050,-13.502628,0.050000
3051,-3.907186,0.050000
3052,-5.406851,0.050000
3053,-7.455393,0.050000
3054,-1.932999,0.050000
3055,-1.755249,0.050000
3056,-6.885301,0.050000
3057,0.179313,0.050000
3058,-4.886406,0.050000
3059,-9.692397,0.050000
3060,-10.819818,0.050000
3061,1.243311,0.050000
3062,4.122242,0.050000
3063,-1.404071,0.050000
3064,9.754371,0.050000
3065,-5.448636,0.050000
3066,-1.903578,0.050000
3067,-8.237382,0.050000
3068,-5.590055,0.050000
3069,-2.776135,0.050000
3070,0.233201,0.050000
3071,3.410993,0.050000
3072,-2.593638,0.050000
3073,-13.066847,0.050000
3074,-2.614069,0.050000
3075,-5.085110,0.050000
3076,0.735263,0.050000
3077,-0.131814,0.050000
3078,-7.468188,0.050000
3079,-4.866540,0.050000
3080,0.257121,0.050000
3081,-2.973528,0.050000
3082,-2.592585,0.050000
3083,4.209556,0.050000
3084,-12.611321,0.050000
3085,-4.341276,0.050000
3086,-4.377846,0.050000
3087,-6.992729,0.050000
3088,3.171783,0.050000
3089,-6.675936,0.050000
3090,-10.167204,0.050000
3091,2.176664,0.050000
3092,-2.138335,0.050000
3093,4.814903,0.050000
3094,-10.745076,0.050000
3095,-4.221183,0.050000
3096,-9.826507,0.050000
3097,-11.632112,0.050000
3098,-14.807140,0.050000
3099,1.775416,0.050000
3100,-0.182215,0.050000
3101,-6.496211,0.050000
3102,-11.874471,0.050000
3103,-10.879777,0.050000
3104,1.621266,0.050000
3105,-5.681680,0.050000
3106,-5.562899,0.050000
3107,0.023673,0.050000
3108,-8.080657,0.050000
3109,-1.736096,0.050000
3110,-0.197949,0.050000
3111,-3.930753,0.050000
3112,-2.359864,0.050000
3113,-7.173983,0.050000
3114,-0.504728,0.050000
3115,1.693192,0.050000
3116,-2.114147,0.050000
3117,-4.416713,0.050000
3118,-9.159474,0.050000
3119,0.764878,0.050000
3120,-1.937457,0.050000
3121,6.022825,0.050000
3122,-3.268259,0.050000
3123,3.575604,0.050000
3124,-7.287492,0.050000
3125,-11.898297,0.050000
3126,-4.781831,0.050000
3127,2.440130,0.050000
3128,-5.672027,0.050000
3129,-3.406911,0.050000
3130,-6.623485,0.050000
3131,-1.452311,0.050000
3132,3.829356,0.050000
3133,-5.233008,0.050000
3134,1.057527,0.050000
3135,4.253441,0.050000
3136,-7.373053,0.050000
3137,4.830622,0.050000
3138,-3.407738,0.050000
3139,0.280787,0.050000
3140,-20.545928,0.050000
3141,-2.447103,0.050000
3142,-6.070373,0.050000
3143,1.700070,0.050000
3144,2.283966,0.050000
3145,10.018120,0.050000
3146,-13.161806,0.050000
3147,-11.470987,0.050000
3148,-12.194392,0.050000
3149,1.222118,0.050000
3150,-2.641230,0.050000
3151,-14.650858,0.050000
3152,-8.065837,0.050000
3153,1.294990,0.050000
3154,2.394738,0.050000
3155,-0.613458,0.050000
3156,2.593479,0.050000
3157,4.010216,0.050000
3158,-8.748810,0.050000
3159,-7.767313,0.050000
3160,-8.512373,0.050000
3161,-2.974728,0.050000
3162,1.546935,0.050000
3163,2.755236,0.050000
3164,-4.845832,0.050000
3165,-2.014259,0.050000
3166,-0.330109,0.050000
3167,-6.416529,0.050000
3168,2.368907,0.050000
3169,-2.492118,0.050000
3170,-1.826437,0.050000
3171,4.023667,0.050000
3172,-9.764429,0.050000
3173,-0.597142,0.050000
3174,1.064989,0.050000
3175,0.779922,0.050000
3176,-6.857137,0.050000
3177,0.887148,0.050000
3178,5.881960,0.050000
3179,-14.621885,0.050000
3180,1.753796,0.050000
3181,-0.843645,0.050000
3182,1.043926,0.050000
3183,-11.669018,0.050000
3184,2.036187,0.050000
3185,-1.689366,0.050000
3186,4.806734,0.050000
3187,-2.152803,0.050000
3188,-14.997424,0.050000
3189,0.990147,0.050000
3190,-5.652007,0.050000
3191,1.623689,0.050000
3192,-0.638543,0.050000
3193,-0.649006,0.050000
3194,-10.839596,0.050000
3195,-7.937905,0.050000
3196,-1.275958,0.050000
3197,-11.011920,0.050000
3198,3.713765,0.050000
3199,-7.736426,0.050000
3200,-2.584826,0.050000
3201,-2.281463,0.050000
3202,0.468930,0.050000
3203,2.263180,0.050000
3204,-2.726108,0.050000
3205,-5.688921,0.050000
3206,-2.709979,0.050000
3207,-1.604739,0.050000
3208,-13.671598,0.050000
3209,-11.518583,0.050000
3210,0.415395,0.050000
3211,3.176058,0.050000
3212,-6.838968,0.050000
3213,-7.092306,0.050000
3214,1.929746,0.050000
3215,-6.926177,0.050000
3216,-1.373983,0.050000
3217,-3.710065,0.050000
3218,-7.841957,0.050000
3219,-15.025783,0.050000
3220,-0.720188,0.050000
3221,0.309747,0.050000
3222,-1.666888,0.050000
3223,-6.773580,0.050000
3224,-10.867539,0.050000
3225,-2.370951,0.050000
3226,-3.009748,0.050000
3227,1.728244,0.050000
3228,-0.607872,0.050000
3229,2.359319,0.050000
3230,-16.355794,0.050000
3231,-6.266497,0.050000
3232,-15.186154,0.050000
3233,-5.826858,0.050000
3234,0.122937,0.050000
3235,-0.987582,0.050000
3236,-2.401459,0.050000
3237,6.268315,0.050000
3238,-1.887699,0.050000
3239,2.059129,0.050000
3240,-3.934002,0.050000
3241,1.255712,0.050000
3242,0.082001,0.050000
3243,-6.375992,0.050000
3244,-11.240013,0.050000
3245,-3.735710,0.050000
3246,-2.031526,0.050000
3247,4.426802,0.050000
3248,-0.003484,0.050000
3249,-7.910358,0.050000
3250,-3.949662,0.050000
3251,-9.544611,0.050000
3252,-3.509630,0.050000
3253,-9.506737,0.050000
3254,-3.982760,0.050000
3255,0.870194,0.050000
3256,0.395885,0.050000
3257,5.633512,0.050000
3258,-9.007492,0.050000
3259,-4.083295,0.050000
3260,-3.327663,0.050000
3261,-4.219560,0.050000
3262,-6.769613,0.050000
3263,-1.155601,0.050000
3264,-9.054012,0.050000
3265,-9.676473,0.050000
3266,5.317073,0.050000
3267,-1.034040,0.050000
3268,-7.280395,0.050000
3269,-9.936598,0.050000
3270,-4.090629,0.050000
3271,-9.326969,0.050000
3272,-12.931452,0.050000
3273,-4.447945,0.050000
3274,-3.878415,0.050000
3275,-4.939797,0.050000
3276,-6.478763,0.050000
3277,-13.223481,0.050000
3278,-2.678898,0.050000
3279,-1.239662,0.050000
3280,-3.065819,0.050000
3281,3.413963,0.050000
3282,-12.648626,0.050000
3283,1.029346,0.050000
3284,-0.465048,0.050000
3285,-4.272016,0.050000
3286,-16.007447,0.050000
3287,-9.106843,0.050000
3288,-0.337233,0.050000
3289,6.353537,0.050000
3290,-16.798160,0.050000
3291,-1.347397,0.050000
3292,-4.585955,0.050000
3293,-7.247482,0.050000
3294,-5.034935,0.050000
3295,-2.990497,0.050000
3296,-4.509405,0.050000
3297,-9.793256,0.050000
3298,0.517917,0.050000
3299,-3.667215,0.050000
3300,-3.973651,0.050000
3301,-2.820647,0.050000
3302,-6.594091,0.050000
3303,-12.659507,0.050000
3304,-9.975556,0.050000
3305,-7.485166,0.050000
3306,-1.484493,0.050000
3307,-10.044682,0.050000
3308,-4.872694,0.050000
3309,-4.062051,0.050000
3310,-0.331723,0.050000
3311,-8.105861,0.050000
3312,-5.475288,0.050000
3313,-0.183372,0.050000
3314,-1.868100,0.050000
3315,-10.092878,0.050000
3316,0.469707,0.050000
3317,-6.990260,0.050000
3318,-1.144537,0.050000
3319,-0.672852,0.050000
3320,-7.892561,0.050000
3321,1.017861,0.050000
3322,1.080531,0.050000
3323,-9.469428,0.050000
3324,2.569870,0.050000
3325,-3.008461,0.050000
3326,-18.407641,0.050000
3327,-6.932989,0.050000
3328,-5.162687,0.050000
3329,-10.989003,0.050000
3330,4.268611,0.050000
3331,-8.457323,0.050000
3332,-15.844356,0.050000
3333,4.640383,0.050000
3334,2.828138,0.050000
3335,-2.040178,0.050000
3336,-9.415084,0.050000
3337,-4.750163,0.050000
3338,-5.569032,0.050000
3339,-0.168613,0.050000
3340,-3.594847,0.050000
3341,-5.156639,0.050000
3342,-12.054493,0.050000
3343,4.948121,0.050000
3344,-8.316190,0.050000
3345,-13.404321,0.050000
3346,-8.189582,0.050000
3347,-8.493363,0.050000
3348,-3.724986,0.050000
3349,-2.512584,0.050000
3350,2.028394,0.050000
3351,-3.887402,0.050000
3352,-16.536672,0.050000
3353,4.452319,0.050000
3354,-13.046162,0.050000
3355,0.790803,0.050000
3356,-14.159944,0.050000
3357,3.534334,0.050000
3358,-11.468812,0.050000
3359,-12.103547,0.050000
3360,-0.179143,0.050000
3361,-14.024045,0.050000
3362,-6.790049,0.050000
3363,6.497400,0.050000
3364,-9.312091,0.050000
3365,5.352980,0.050000
3366,9.763645,0.050000
3367,-0.901463,0.050000
3368,-0.614056,0.050000
3369,-14.643061,0.050000
3370,-12.639884,0.050000
3371,-1.207788,0.050000
3372,0.376141,0.050000
3373,6.433974,0.050000
3374,0.432481,0.050000
3375,-15.701834,0.050000
3376,-4.519962,0.050000
3377,-4.472031,0.050000
3378,-11.494839,0.050000
3379,-0.293325,0.050000
3380,5.306936,0.050000
3381,-8.238820,0.050000
3382,-3.153866,0.050000
3383,2.012398,0.050000
3384,-10.201097,0.050000
3385,-1.897809,0.050000
3386,0.026618,0.050000
3387,-20.863813,0.050000
3388,0.984620,0.050000
3389,-6.773161,0.050000
3390,0.857415,0.050000
3391,-5.151388,0.050000
3392,-2.443570,0.050000
3393,-7.780528,0.050000
3394,3.931027,0.050000
3395,-4.661150,0.050000
3396,-5.981765,0.050000
3397,-13.684487,0.050000
3398,-2.413748,0.050000
3399,0.415585,0.050000
3400,-10.551951,0.050000
3401,-5.575153,0.050000
3402,-5.846100,0.050000
3403,0.899528,0.050000
3404,-3.427155,0.050000
3405,-5.742356,0.050000
3406,-0.937212,0.050000
3407,-6.239109,0.050000
3408,1.156881,0.050000
3409,-7.099013,0.050000
3410,-6.609067,0.050000
3411,-9.978855,0.050000
3412,-13.228264,0.050000
3413,0.855319,0.050000
3414,2.494853,0.050000
3415,-5.273405,0.050000
3416,-6.857566,0.050000
3417,-4.738122,0.050000
3418,-5.454160,0.050000
3419,0.628221,0.050000
3420,-12.070237,0.050000
3421,-8.074750,0.050000
3422,-7.545285,0.050000
3423,-21.736663,0.050000
3424,-9.342335,0.050000
3425,-6.120893,0.050000
3426,-6.857108,0.050000
3427,7.108497,0.050000
3428,-8.331093,0.050000
3429,-17.174774,0.050000
3430,-1.519786,0.050000
3431,-5.859634,0.050000
3432,-0.611578,0.050000
3433,2.552364,0.050000
3434,-2.538166,0.050000
3435,-3.813831,0.050000
3436,-12.191244,0.050000
3437,0.214150,0.050000
3438,-13.344413,0.050000
3439,-11.851891,0.050000
3440,-8.866862,0.050000
3441,-2.422880,0.050000
3442,-8.544599,0.050000
3443,-11.013036,0.050000
3444,-6.599468,0.050000
3445,-8.116006,0.050000
3446,-11.460218,0.050000
3447,-14.493219,0.050000
3448,-4.605691,0.050000
3449,-11.542554,0.050000
3450,-0.771502,0.050000
3451,-9.416050,0.050000
3452,-1.965354,0.050000
3453,-4.372533,0.050000
3454,-1.002906,0.050000
3455,-0.605363,0.050000
3456,-6.284709,0.050000
3457,-3.195229,0.050000
3458,-2.796848,0.050000
3459,-8.003115,0.050000
3460,-12.847368,0.050000
3461,-7.082475,0.050000
3462,-1.802327,0.050000
3463,-13.829955,0.050000
3464,1.983030,0.050000
3465,-8.755172,0.050000
3466,-2.170362,0.050000
3467,-5.698615,0.050000
3468,-9.503231,0.050000
3469,-25.203439,0.050000
3470,-6.390583,0.050000
3471,-4.099909,0.050000
3472,-3.396841,0.050000
3473,-8.744292,0.050000
3474,-13.516723,0.050000
3475,-6.218446,0.050000
3476,-2.811251,0.050000
3477,-6.076973,0.050000
3478,-1.099093,0.050000
3479,-5.256896,0.050000
3480,-11.220999,0.050000
3481,-0.636671,0.050000
3482,-6.077785,0.050000
3483,-1.967198,0.050000
3484,-10.554169,0.050000
3485,-11.880932,0.050000
3486,-9.899276,0.050000
3487,-6.119000,0.050000
3488,-10.028081,0.050000
3489,-12.058796,0.050000
3490,-11.838085,0.050000
3491,-6.796967,0.050000
3492,3.852895,0.050000
3493,-2.536531,0.050000
3494,-5.263604,0.050000
3495,-7.375865,0.050000
3496,-3.335449,0.050000
3497,-0.767276,0.050000
3498,-0.825623,0.050000
3499,-3.305538,0.050000
3500,-2.338852,0.050000
3501,-3.235107,0.050000
3502,-2.802017,0.050000
3503,-13.503914,0.050000
3504,-11.835202,0.050000
3505,-5.210722,0.050000
3506,-0.669784,0.050000
3507,-3.821371,0.050000
3508,-4.941326,0.050000
3509,2.514782,0.050000
3510,-9.928360,0.050000
3511,-1.542134,0.050000
3512,-2.834796,0.050000
3513,-2.182612,0.050000
3514,-3.017994,0.050000
3515,-4.461864,0.050000
3516,0.877182,0.050000
3517,14.489707,0.050000
3518,-18.442916,0.050000
3519,-3.347441,0.050000
3520,-9.650116,0.050000
3521,2.205734,0.050000
3522,-9.202554,0.050000
3523,-3.588568,0.050000
3524,-5.916160,0.050000
3525,-6.511366,0.050000
3526,-3.996906,0.050000
3527,-8.406094,0.050000
3528,1.077984,0.050000
3529,-12.538315,0.050000
3530,-13.797350,0.050000
3531,-3.140376,0.050000
3532,-4.709537,0.050000
3533,-9.316520,0.050000
3534,-6.330204,0.050000
3535,-3.246360,0.050000
3536,-13.474170,0.050000
3537,6.498462,0.050000
3538,-3.850461,0.050000
3539,-7.540137,0.050000
3540,-0.809551,0.050000
3541,-3.463122,0.050000
3542,-6.126717,0.050000
3543,-3.134502,0.050000
3544,-1.836343,0.050000
3545,-7.810978,0.050000
3546,-3.512774,0.050000
3547,-2.013207,0.050000
3548,-7.693029,0.050000
3549,-6.605109,0.050000
3550,-4.346296,0.050000
3551,8.985523,0.050000
3552,0.346146,0.050000
3553,-0.518636,0.050000
3554,1.018250,0.050000
3555,0.838077,0.050000
3556,8.727107,0.050000
3557,2.825250,0.050000
3558,-2.093245,0.050000
3559,2.296318,0.050000
3560,-1.644590,0.050000
3561,-4.832268,0.050000
3562,4.387676,0.050000
3563,2.898559,0.050000
3564,-8.174221,0.050000
3565,6.017618,0.050000
3566,-3.842854,0.050000
3567,-4.359432,0.050000
3568,-13.362203,0.050000
3569,-6.588678,0.050000
3570,-2.473714,0.050000
3571,-5.516457,0.050000
3572,-3.629170,0.050000
3573,6.018107,0.050000
3574,-4.199241,0.050000
3575,0.566052,0.050000
3576,0.204520,0.050000
3577,-0.665473,0.050000
3578,-4.997200,0.050000
3579,-5.275173,0.050000
3580,-5.599307,0.050000
3581,-5.184724,0.050000
3582,-0.256108,0.050000
3583,-7.520846,0.050000
3584,0.695963,0.050000
3585,-4.268128,0.050000
3586,-4.157169,0.050000
3587,-8.623999,0.050000
3588,-5.842324,0.050000
3589,-13.839775,0.050000
3590,6.401526,0.050000
3591,-10.013167,0.050000
3592,-11.893319,0.050000
3593,-2.422205,0.050000
3594,-0.461803,0.050000
3595,-7.536413,0.050000
3596,-0.914496,0.050000
3597,-3.844939,0.050000
3598,-8.789708,0.050000
3599,-13.360289,0.050000
3600,-1.923427,0.050000
3601,-0.250057,0.050000
3602,-3.364399,0.050000
3603,-7.707852,0.050000
3604,-6.839644,0.050000
3605,-5.051806,0.050000
3606,-8.469707,0.050000
3607,-6.912975,0.050000
3608,-6.484670,0.050000
3609,6.963230,0.050000
3610,3.419232,0.050000
3611,-1.746590,0.050000
3612,-2.236023,0.050000
3613,1.513810,0.050000
3614,-2.803983,0.050000
3615,2.532844,0.050000
3616,-10.134704,0.050000
3617,4.185935,0.050000
3618,4.195899,0.050000
3619,-1.740815,0.050000
3620,-7.068733,0.050000
3621,-1.968641,0.050000
3622,3.075766,0.050000
3623,-8.829200,0.050000
3624,12.463712,0.050000
3625,0.359832,0.050000
3626,3.064780,0.050000
3627,3.176742,0.050000
3628,2.508320,0.050000
3629,-2.307076,0.050000
3630,-3.190094,0.050000
3631,-4.265519,0.050000
3632,1.825387,0.050000
3633,-1.381504,0.050000
3634,-3.533210,0.050000
3635,-5.050741,0.050000
3636,-3.477592,0.050000
3637,1.664564,0.050000
3638,-6.628761,0.050000
3639,-8.901964,0.050000
3640,-3.683099,0.050000
3641,-5.250310,0.050000
3642,-10.841463,0.050000
3643,-3.362145,0.050000
3644,3.390580,0.050000
3645,-6.087878,0.050000
3646,-10.499943,0.050000
3647,-5.242374,0.050000
3648,-7.864029,0.050000
3649,-7.746428,0.050000
3650,-18.578216,0.050000
3651,-6.121704,0.050000
3652,1.245875,0.050000
3653,-4.143049,0.050000
3654,-11.055386,0.050000
3655,-9.649269,0.050000
3656,3.389882,0.050000
3657,-5.425778,0.050000
3658,-2.782926,0.050000
3659,-4.609464,0.050000
3660,4.988520,0.050000
3661,-1.313291,0.050000
3662,-2.857882,0.050000
3663,-6.096873,0.050000
3664,-4.869537,0.050000
3665,-3.007995,0.050000
3666,-1.054260,0.050000
3667,-4.378206,0.050000
3668,3.939818,0.050000
3669,-7.285610,0.050000
3670,-2.945942,0.050000
3671,3.439217,0.050000
3672,1.978082,0.050000
3673,-3.992826,0.050000
3674,-3.310756,0.050000
3675,1.182029,0.050000
3676,-3.425650,0.050000
3677,0.027620,0.050000
3678,-5.302428,0.050000
3679,-9.217527,0.050000
3680,-5.829797,0.050000
3681,-2.617737,0.050000
3682,0.822073,0.050000
3683,-6.664633,0.050000
3684,0.505343,0.050000
3685,-3.477652,0.050000
3686,7.388920,0.050000
3687,-1.305914,0.050000
3688,7.398742,0.050000
3689,8.845471,0.050000
3690,6.573252,0.050000
3691,-3.309630,0.050000
3692,0.309500,0.050000
3693,4.763962,0.050000
3694,-14.964359,0.050000
3695,-10.801251,0.050000
3696,-5.064279,0.050000
3697,0.782885,0.050000
3698,2.669333,0.050000
3699,-0.209283,0.050000
3700,1.669139,0.050000
3701,-4.279837,0.050000
3702,-4.847244,0.050000
3703,-0.354602,0.050000
3704,8.216939,0.050000
3705,-6.381047,0.050000
3706,-2.048078,0.050000
3707,2.303712,0.050000
3708,-0.191491,0.050000
3709,-4.878344,0.050000
3710,-4.732699,0.050000
3711,-3.476594,0.050000
3712,-11.093098,0.050000
3713,6.786330,0.050000
3714,-2.945907,0.050000
3715,2.401667,0.050000
3716,-0.010359,0.050000
3717,-1.517955,0.050000
3718,-0.576541,0.050000
3719,-8.719959,0.050000
3720,-2.767471,0.050000
3721,-5.423641,0.050000
3722,-4.633433,0.050000
3723,-7.350589,0.050000
3724,-4.257373,0.050000
3725,-11.268390,0.050000
3726,2.827515,0.050000
3727,-0.325720,0.050000
3728,3.047622,0.050000
3729,1.415121,0.050000
3730,-5.276865,0.050000
3731,-13.038391,0.050000
3732,3.415490,0.050000
3733,-21.138188,0.050000
3734,4.968791,0.050000
3735,1.222492,0.050000
3736,-6.910827,0.050000
3737,-0.446229,0.050000
3738,-14.188047,0.050000
3739,-4.637734,0.050000
3740,-1.700623,0.050000
3741,4.006042,0.050000
3742,-5.105746,0.050000
3743,3.670272,0.050000
3744,-4.093044,0.050000
3745,-11.792954,0.050000
3746,-1.818811,0.050000
3747,-2.078100,0.050000
3748,-10.137596,0.050000
3749,1.967899,0.050000
3750,-4.931726,0.050000
3751,-4.562235,0.050000
3752,-1.366356,0.050000
3753,-12.728852,0.050000
3754,-2.818665,0.050000
3755,-5.267085,0.050000
3756,-7.342960,0.050000
3757,-6.391749,0.050000
3758,-3.105436,0.050000
3759,-4.624067,0.050000
3760,-1.783621,0.050000
3761,-14.489669,0.050000
3762,-0.935709,0.050000
3763,-10.714353,0.050000
3764,-5.030399,0.050000
3765,-1.074628,0.050000
3766,3.855763,0.050000
3767,-3.302901,0.050000
3768,-0.518121,0.050000
3769,0.806066,0.050000
3770,-4.923739,0.050000
3771,0.298270,0.050000
3772,-3.133859,0.050000
3773,-1.095190,0.050000
3774,-5.646800,0.050000
3775,-11.146503,0.050000
3776,-18.549889,0.050000
3777,-6.861331,0.050000
3778,-13.363589,0.050000
3779,-10.413780,0.050000
3780,-3.455054,0.050000
3781,-3.876914,0.050000
3782,-5.865891,0.050000
3783,-4.903345,0.050000
3784,-5.305522,0.050000
3785,-8.608742,0.050000
3786,3.404788,0.050000
3787,-6.114581,0.050000
3788,-5.087449,0.050000
3789,9.770440,0.050000
3790,-2.328383,0.050000
3791,-3.516099,0.050000
3792,-11.219499,0.050000
3793,-3.231683,0.050000
3794,-6.402619,0.050000
3795,-2.687495,0.050000
3796,-3.482239,0.050000
3797,-6.003987,0.050000
3798,-5.479079,0.050000
3799,-8.666354,0.050000
3800,2.304108,0.050000
3801,-2.509749,0.050000
3802,-0.300256,0.050000
3803,-3.442592,0.050000
3804,-2.604371,0.050000
3805,-10.620618,0.050000
3806,-14.842337,0.050000
3807,-7.944689,0.050000
3808,-2.574370,0.050000
3809,-10.360217,0.050000
3810,-6.016201,0.050000
3811,-9.659645,0.050000
3812,2.515880,0.050000
3813,-5.632982,0.050000
3814,-7.521409,0.050000
3815,-3.749726,0.050000
3816,-2.141746,0.050000
3817,-2.799729,0.050000
3818,-9.182096,0.050000
3819,-2.812523,0.050000
3820,2.041435,0.050000
3821,-6.432390,0.050000
3822,-5.003005,0.050000
3823,-8.719323,0.050000
3824,-6.114031,0.050000
3825,-1.071715,0.050000
3826,-11.959503,0.050000
3827,0.720150,0.050000
3828,-5.644299,0.050000
3829,-10.263612,0.050000
3830,-5.961157,0.050000
3831,-2.350691,0.050000
3832,-4.135083,0.050000
3833,1.475175,0.050000
3834,-0.147299,0.050000
3835,-0.949682,0.050000
3836,-9.472815,0.050000
3837,-7.818901,0.050000
3838,-4.447119,0.050000
3839,-1.850704,0.050000
3840,-2.742233,0.050000
3841,6.719332,0.050000
3842,-9.227921,0.050000
3843,-4.775188,0.050000
3844,0.336409,0.050000
3845,-13.670728,0.050000
3846,-8.311844,0.050000
3847,-1.121502,0.050000
3848,-9.296478,0.050000
3849,-0.151257,0.050000
3850,-5.470409,0.050000
3851,-1.544260,0.050000
3852,-0.928386,0.050000
3853,0.184456,0.050000
3854,-9.776653,0.050000
3855,-4.028334,0.050000
3856,-7.132372,0.050000
3857,-4.468579,0.050000
3858,1.095864,0.050000
3859,-6.306940,0.050000
3860,1.052641,0.050000
3861,-4.810065,0.050000
3862,-1.898124,0.050000
3863,-4.647162,0.050000
3864,-9.175521,0.050000
3865,-11.994867,0.050000
3866,-0.303289,0.050000
3867,-1.122413,0.050000
3868,3.257175,0.050000
3869,-3.885464,0.050000
3870,-3.820797,0.050000
3871,-7.744189,0.050000
3872,-4.581245,0.050000
3873,-3.458705,0.050000
3874,3.348776,0.050000
3875,2.342977,0.050000
3876,-5.047795,0.050000
3877,-1.726882,0.050000
3878,-0.687805,0.050000
3879,-8.707729,0.050000
3880,-3.103249,0.050000
3881,2.018848,0.050000
3882,-2.408688,0.050000
3883,-1.302495,0.050000
3884,3.117163,0.050000
3885,-8.292028,0.050000
3886,-6.505565,0.050000
3887,-0.670511,0.050000
3888,1.075992,0.050000
3889,-1.523559,0.050000
3890,-13.679650,0.050000
3891,-6.988646,0.050000
3892,-4.731651,0.050000
3893,-4.058690,0.050000
3894,-4.323973,0.050000
3895,1.736796,0.050000
3896,-15.592752,0.050000
3897,-10.361057,0.050000
3898,-2.528625,0.050000
3899,-7.106290,0.050000
3900,-10.445384,0.050000
3901,-5.301790,0.050000
3902,-5.942723,0.050000
3903,-2.997334,0.050000
3904,-9.780818,0.050000
3905,1.106853,0.050000
3906,-11.232359,0.050000
3907,-6.960994,0.050000
3908,3.956996,0.050000
3909,-4.565931,0.050000
3910,-13.584754,0.050000
3911,-9.694401,0.050000
3912,-6.500304,0.050000
3913,-7.271381,0.050000
3914,-1.896752,0.050000
3915,-13.693276,0.050000
3916,-9.715593,0.050000
3917,-7.389207,0.050000
3918,1.276835,0.050000
3919,-3.426805,0.050000
3920,-3.656256,0.050000
3921,-4.340570,0.050000
3922,-6.479080,0.050000
3923,-1.406949,0.050000
3924,-8.036623,0.050000
3925,1.989973,0.050000
3926,-10.202134,0.050000
3927,-8.144676,0.050000
3928,-8.417259,0.050000
3929,-5.332722,0.050000
3930,-4.755989,0.050000
3931,-8.636051,0.050000
3932,-9.777057,0.050000
3933,-0.971215,0.050000
3934,1.015186,0.050000
3935,-1.376402,0.050000
3936,1.117160,0.050000
3937,-4.671555,0.050000
3938,-6.513326,0.050000
3939,-4.221335,0.050000
3940,-8.187367,0.050000
3941,-1.424604,0.050000
3942,-10.713310,0.050000
3943,-3.482484,0.050000
3944,-7.346700,0.050000
3945,-1.504155,0.050000
3946,-0.940534,0.050000
3947,8.350641,0.050000
3948,-10.163569,0.050000
3949,-8.020939,0.050000
3950,-4.207721,0.050000
3951,1.938696,0.050000
3952,-4.297961,0.050000
3953,-5.719579,0.050000
3954,-4.785077,0.050000
3955,1.797986,0.050000
3956,-8.195195,0.050000
3957,0.694085,0.050000
3958,2.573803,0.050000
3959,-8.466684,0.050000
3960,0.873430,0.050000
3961,-3.197744,0.050000
3962,5.016171,0.050000
3963,-3.692841,0.050000
3964,5.383133,0.050000
3965,-1.939987,0.050000
3966,-11.826045,0.050000
3967,-0.422400,0.050000
3968,-8.113709,0.050000
3969,-4.633383,0.050000
3970,-11.087343,0.050000
3971,-5.295229,0.050000
3972,-4.018496,0.050000
3973,0.439870,0.050000
3974,-7.488245,0.050000
3975,-5.348919,0.050000
3976,-8.494479,0.050000
3977,-4.937202,0.050000
3978,-2.518099,0.050000
3979,-9.242235,0.050000
3980,-9.430514,0.050000
3981,-0.905774,0.050000
3982,-2.894779,0.050000
3983,2.882675,0.050000
3984,-0.091049,0.050000
3985,-6.879309,0.050000
3986,-4.427908,0.050000
3987,-2.876060,0.050000
3988,-2.536748,0.050000
3989,-7.178686,0.050000
3990,-4.459372,0.050000
3991,-1.982477,0.050000
3992,-7.831175,0.050000
3993,1.237191,0.050000
3994,-4.941119,0.050000
3995,-14.390360,0.050000
3996,-7.443429,0.050000
3997,-3.386527,0.050000
3998,-9.708723,0.050000
3999,-4.959487,0.050000
4000,-3.523920,0.050000
4001,-1.331141,0.050000
4002,-3.770550,0.050000
4003,-1.470386,0.050000
4004,-6.569750,0.050000
4005,-8.400128,0.050000
4006,-2.818176,0.050000
4007,-4.889867,0.050000
4008,-7.633033,0.050000
4009,-4.188287,0.050000
4010,-4.793212,0.050000
4011,-8.764196,0.050000
4012,1.246220,0.050000
4013,-7.350915,0.050000
4014,-3.221465,0.050000
4015,-11.936125,0.050000
4016,-6.842060,0.050000
4017,7.130018,0.050000
4018,-6.831788,0.050000
4019,-7.186359,0.050000
4020,0.771415,0.050000
4021,-0.354880,0.050000
4022,-5.191909,0.050000
4023,-2.290288,0.050000
4024,-2.503213,0.050000
4025,-7.604770,0.050000
4026,-4.522375,0.050000
4027,-3.694935,0.050000
4028,-3.229136,0.050000
4029,-7.840830,0.050000
4030,-7.281611,0.050000
4031,-9.579273,0.050000
4032,1.362732,0.050000
4033,1.322705,0.050000
4034,-7.149690,0.050000
4035,-6.604106,0.050000
4036,-10.323457,0.050000
4037,-6.177685,0.050000
4038,-0.879702,0.050000
4039,1.078372,0.050000
4040,-11.876393,0.050000
4041,3.122944,0.050000
4042,-4.277076,0.050000
4043,-13.224861,0.050000
4044,-5.215366,0.050000
4045,-8.384503,0.050000
4046,-10.639777,0.050000
4047,4.373901,0.050000
4048,-3.565342,0.050000
4049,-2.533997,0.050000
4050,-8.572791,0.050000
4051,-9.349873,0.050000
4052,-7.302895,0.050000
4053,2.965382,0.050000
4054,-1.707147,0.050000
4055,-2.489005,0.050000
4056,-18.856241,0.050000
4057,-1.001052,0.050000
4058,-5.068757,0.050000
4059,-1.169606,0.050000
4060,3.948318,0.050000
4061,-9.855349,0.050000
4062,8.654401,0.050000
4063,3.233777,0.050000
4064,-3.710729,0.050000
4065,-6.295385,0.050000
4066,-1.283863,0.050000
4067,-4.067237,0.050000
4068,-2.939435,0.050000
4069,-4.024316,0.050000
4070,-1.612401,0.050000
4071,3.037566,0.050000
4072,-0.944640,0.050000
4073,-3.133880,0.050000
4074,-5.381430,0.050000
4075,-12.818630,0.050000
4076,-1.144204,0.050000
4077,3.300261,0.050000
4078,-5.449618,0.050000
4079,-0.396586,0.050000
4080,-7.829373,0.050000
4081,0.127685,0.050000
4082,3.700241,0.050000
4083,1.364505,0.050000
4084,-0.567638,0.050000
4085,-0.516004,0.050000
4086,-7.808264,0.050000
4087,-6.179720,0.050000
4088,5.819042,0.050000
4089,-3.082082,0.050000
4090,-1.907639,0.050000
4091,-1.080199,0.050000
4092,-2.684850,0.050000
4093,-1.699904,0.050000
4094,-1.402892,0.050000
4095,0.249847,0.050000
4096,1.042000,0.050000
4097,1.455119,0.050000
4098,-0.207126,0.050000
4099,-4.355774,0.050000
4100,-0.734557,0.050000
4101,-2.800428,0.050000
4102,7.019654,0.050000
4103,-7.208778,0.050000
4104,1.843257,0.050000
4105,-4.653174,0.050000
4106,5.609069,0.050000
4107,0.116746,0.050000
4108,-0.257063,0.050000
4109,4.289974,0.050000
4110,0.482764,0.050000
4111,-2.886752,0.050000
4112,-3.210968,0.050000
4113,-0.444827,0.050000
4114,-0.508725,0.050000
4115,-4.422890,0.050000
4116,3.319366,0.050000
4117,0.764366,0.050000
4118,1.998514,0.050000
4119,-1.887478,0.050000
4120,-6.761783,0.050000
4121,-2.784871,0.050000
4122,-7.842964,0.050000
4123,4.356875,0.050000
4124,-5.549121,0.050000
4125,-3.647145,0.050000
4126,-14.757516,0.050000
4127,7.978600,0.050000
4128,-7.407181,0.050000
4129,-4.419963,0.050000
4130,-3.490274,0.050000
4131,-7.616347,0.050000
4132,-10.365380,0.050000
4133,-5.195478,0.050000
4134,-5.519426,0.050000
4135,1.046670,0.050000
4136,1.286810,0.050000
4137,5.230352,0.050000
4138,-6.965238,0.050000
4139,9.480040,0.050000
4140,-8.404313,0.050000
4141,-11.558424,0.050000
4142,-5.081295,0.050000
4143,-8.723765,0.050000
4144,0.839079,0.050000
4145,-4.240704,0.050000
4146,-7.132067,0.050000
4147,-2.858611,0.050000
4148,-10.342141,0.050000
4149,-4.355635,0.050000
4150,-1.357829,0.050000
4151,-1.681709,0.050000
4152,-5.285220,0.050000
4153,0.964470,0.050000
4154,-6.399995,0.050000
4155,-1.289567,0.050000
4156,-3.161301,0.050000
4157,-8.297675,0.050000
4158,-7.414345,0.050000
4159,-4.919324,0.050000
4160,-1.056429,0.050000
4161,-3.682529,0.050000
4162,-4.850451,0.050000
4163,-0.312000,0.050000
4164,-2.767253,0.050000
4165,1.422746,0.050000
4166,-8.978242,0.050000
4167,-8.331056,0.050000
4168,-6.414790,0.050000
4169,-5.804352,0.050000
4170,-10.369214,0.050000
4171,-10.015483,0.050000
4172,2.452200,0.050000
4173,-2.901318,0.050000
4174,-7.870129,0.050000
4175,-12.406668,0.050000
4176,-0.605705,0.050000
4177,2.035373,0.050000
4178,-8.589882,0.050000
4179,-8.662215,0.050000
4180,-10.637993,0.050000
4181,-9.356120,0.050000
4182,-2.918109,0.050000
4183,-3.930514,0.050000
4184,-2.948443,0.050000
4185,-5.774378,0.050000
4186,-6.647152,0.050000
4187,-0.594224,0.050000
4188,-13.943799,0.050000
4189,-4.297803,0.050000
4190,-13.875697,0.050000
4191,-8.522760,0.050000
4192,-10.733252,0.050000
4193,-3.721020,0.050000
4194,-7.684670,0.050000
4195,0.940234,0.050000
4196,-8.179505,0.050000
4197,-10.561237,0.050000
4198,7.549816,0.050000
4199,-9.821873,0.050000
4200,0.361534,0.050000
4201,-12.831459,0.050000
4202,2.521946,0.050000
4203,-8.325057,0.050000
4204,1.512367,0.050000
4205,-3.259483,0.050000
4206,8.375877,0.050000
4207,1.275537,0.050000
4208,-4.798534,0.050000
4209,-5.236485,0.050000
4210,-2.008610,0.050000
4211,-6.331113,0.050000
4212,-4.615481,0.050000
4213,7.685418,0.050000
4214,4.823516,0.050000
4215,-2.849022,0.050000
4216,-4.333479,0.050000
4217,7.038312,0.050000
4218,-4.224801,0.050000
4219,7.834186,0.050000
4220,1.025869,0.050000
4221,-7.350555,0.050000
4222,-4.940602,0.050000
4223,0.582207,0.050000
4224,-13.723235,0.050000
4225,-7.201164,0.050000
4226,-0.043071,0.050000
4227,-0.388487,0.050000
4228,-7.460673,0.050000
4229,-10.412043,0.050000
4230,-5.551277,0.050000
4231,0.280267,0.050000
4232,1.403696,0.050000
4233,-5.455127,0.050000
4234,-5.212878,0.050000
4235,3.151164,0.050000
4236,-4.687632,0.050000
4237,1.232592,0.050000
4238,-1.199905,0.050000
4239,6.466679,0.050000
4240,4.986956,0.050000
4241,7.108127,0.050000
4242,3.588432,0.050000
4243,-4.050397,0.050000
4244,6.415986,0.050000
4245,1.944445,0.050000
4246,-3.586510,0.050000
4247,-1.574032,0.050000
4248,1.081649,0.050000
4249,-5.137150,0.050000
4250,1.032450,0.050000
4251,0.976317,0.050000
4252,-4.148631,0.050000
4253,0.654053,0.050000
4254,-5.379826,0.050000
4255,-4.197896,0.050000
4256,6.448972,0.050000
4257,5.833389,0.050000
4258,-12.254670,0.050000
4259,5.832642,0.050000
4260,0.411261,0.050000
4261,-0.326108,0.050000
4262,-7.847085,0.050000
4263,-8.389201,0.050000
4264,1.120801,0.050000
4265,4.081398,0.050000
4266,3.477171,0.050000
4267,-2.601563,0.050000
4268,-2.410844,0.050000
4269,-3.561718,0.050000
4270,4.443099,0.050000
4271,10.046704,0.050000
4272,-8.012139,0.050000
4273,8.814942,0.050000
4274,0.437531,0.050000
4275,9.025522,0.050000
4276,-3.326361,0.050000
4277,-9.995527,0.050000
4278,-2.334915,0.050000
4279,2.839791,0.050000
4280,3.682042,0.050000
4281,3.937994,0.050000
4282,-0.879793,0.050000
4283,0.429528,0.050000
4284,0.393265,0.050000
4285,0.273447,0.050000
4286,1.232202,0.050000
4287,3.532640,0.050000
4288,8.500154,0.050000
4289,2.201559,0.050000
4290,-5.703297,0.050000
4291,-0.481813,0.050000
4292,4.652886,0.050000
4293,0.779478,0.050000
4294,4.551086,0.050000
4295,1.319330,0.050000
4296,-1.121633,0.050000
4297,-12.710105,0.050000
4298,-0.979328,0.050000
4299,-8.008565,0.050000
4300,2.296914,0.050000
4301,-2.760697,0.050000
4302,0.652480,0.050000
4303,4.405340,0.050000
4304,-2.733753,0.050000
4305,8.167912,0.050000
4306,7.143126,0.050000
4307,6.127278,0.050000
4308,11.194334,0.050000
4309,2.571816,0.050000
4310,3.174391,0.050000
4311,-4.333917,0.050000
4312,-7.394228,0.050000
4313,3.780554,0.050000
4314,-0.226735,0.050000
4315,6.665069,0.050000
4316,9.519259,0.050000
4317,1.101328,0.050000
4318,4.857287,0.050000
4319,5.178895,0.050000
4320,3.488364,0.050000
4321,2.661138,0.050000
4322,6.327304,0.050000
4323,5.892984,0.050000
4324,3.016849,0.050000
4325,-1.955792,0.050000
4326,-0.958632,0.050000
4327,0.958351,0.050000
4328,-2.940618,0.050000
4329,-2.017799,0.050000
4330,1.265133,0.050000
4331,2.732043,0.050000
4332,-4.074421,0.050000
4333,1.338959,0.050000
4334,1.972740,0.050000
4335,-0.986649,0.050000
4336,5.577943,0.050000
4337,-0.036801,0.050000
4338,-5.313733,0.050000
4339,-10.653093,0.050000
4340,4.955539,0.050000
4341,-2.812332,0.050000
4342,9.531100,0.050000
4343,0.576467,0.050000
4344,7.627262,0.050000
4345,1.505213,0.050000
4346,-1.590434,0.050000
4347,-0.813234,0.050000
4348,3.359771,0.050000
4349,5.798586,0.050000
4350,-5.615814,0.050000
4351,-5.046057,0.050000
4352,1.981458,0.050000
4353,7.401684,0.050000
4354,0.370231,0.050000
4355,6.543953,0.050000
4356,-5.157564,0.050000
4357,-4.444552,0.050000
4358,-7.193946,0.050000
4359,-3.627912,0.050000
4360,-2.338749,0.050000
4361,2.188954,0.050000
4362,-5.699241,0.050000
4363,-1.455977,0.050000
4364,-6.292998,0.050000
4365,5.007682,0.050000
4366,-1.662600,0.050000
4367,-2.536863,0.050000
4368,-3.709167,0.050000
4369,-1.242648,0.050000
4370,3.279883,0.050000
4371,5.640058,0.050000
4372,1.957470,0.050000
4373,-1.181209,0.050000
4374,-6.842671,0.050000
4375,0.227377,0.050000
4376,1.988655,0.050000
4377,-1.863267,0.050000
4378,1.387957,0.050000
4379,1.249749,0.050000
4380,-0.223908,0.050000
4381,-6.607887,0.050000
4382,-1.843236,0.050000
4383,4.545565,0.050000
4384,1.678095,0.050000
4385,-2.158762,0.050000
4386,-6.355525,0.050000
4387,3.882991,0.050000
4388,0.527264,0.050000
4389,6.421613,0.050000
4390,-5.795856,0.050000
4391,-1.146018,0.050000
4392,-4.824799,0.050000
4393,-11.040230,0.050000
4394,-10.808436,0.050000
4395,-13.262234,0.050000
4396,-5.465935,0.050000
4397,-5.420660,0.050000
4398,-7.764340,0.050000
4399,-4.087636,0.050000
4400,-8.154977,0.050000
4401,0.850348,0.050000
4402,-3.470169,0.050000
4403,0.720089,0.050000
4404,1.252033,0.050000
4405,10.410173,0.050000
4406,-1.253762,0.050000
4407,-3.267367,0.050000
4408,-5.281794,0.050000
4409,-0.197579,0.050000
4410,-7.284837,0.050000
4411,-13.258904,0.050000
4412,-0.062024,0.050000
4413,-6.255805,0.050000
4414,-9.550696,0.050000
4415,1.631436,0.050000
4416,-12.178436,0.050000
4417,-6.875527,0.050000
4418,0.396176,0.050000
4419,-0.223004,0.050000
4420,-5.720803,0.050000
4421,-13.008627,0.050000
4422,1.119596,0.050000
4423,-4.089343,0.050000
4424,-7.784644,0.050000
4425,-6.101645,0.050000
4426,-5.806906,0.050000
4427,-2.187421,0.050000
4428,-6.582351,0.050000
4429,-6.472446,0.050000
4430,-12.840813,0.050000
4431,-9.806277,0.050000
4432,-8.498477,0.050000
4433,-4.011379,0.050000
4434,-6.660248,0.050000
4435,-8.901690,0.050000
4436,-5.966857,0.050000
4437,-2.887054,0.050000
4438,-1.867030,0.050000
4439,-1.233195,0.050000
4440,-1.643997,0.050000
4441,-3.465218,0.050000
4442,-5.031394,0.050000
4443,-4.997851,0.050000
4444,-0.817921,0.050000
4445,-4.437095,0.050000
4446,-2.767252,0.050000
4447,5.216497,0.050000
4448,-1.326690,0.050000
4449,-4.816150,0.050000
4450,-7.942492,0.050000
4451,-6.454340,0.050000
4452,-4.102555,0.050000
4453,6.703106,0.050000
4454,0.685076,0.050000
4455,0.297655,0.050000
4456,-3.167193,0.050000
4457,-2.686129,0.050000
4458,-11.816525,0.050000
4459,-7.133650,0.050000
4460,-4.096972,0.050000
4461,6.488477,0.050000
4462,-2.405600,0.050000
4463,-6.821756,0.050000
4464,-16.466372,0.050000
4465,-3.574605,0.050000
4466,-2.486278,0.050000
4467,-2.929385,0.050000
4468,-5.001671,0.050000
4469,4.652607,0.050000
4470,-5.926632,0.050000
4471,-0.518149,0.050000
4472,4.068911,0.050000
4473,-11.702855,0.050000
4474,-3.526423,0.050000
4475,-3.892970,0.050000
4476,-9.468099,0.050000
4477,-4.176355,0.050000
4478,-9.996696,0.050000
4479,-5.094580,0.050000
4480,2.146787,0.050000
4481,-8.947103,0.050000
4482,-14.064100,0.050000
4483,-0.525816,0.050000
4484,-8.161916,0.050000
4485,4.561864,0.050000
4486,-1.506435,0.050000
4487,-22.924262,0.050000
4488,-7.495090,0.050000
4489,-11.910624,0.050000
4490,-1.484993,0.050000
4491,-1.308429,0.050000
4492,-16.198544,0.050000
4493,-16.417030,0.050000
4494,-19.389776,0.050000
4495,-16.899057,0.050000
4496,-13.436074,0.050000
4497,-7.676038,0.050000
4498,0.358144,0.050000
4499,-1.844509,0.050000
4500,-8.882613,0.050000
4501,0.080279,0.050000
4502,-11.261642,0.050000
4503,-1.507786,0.050000
4504,-7.184637,0.050000
4505,-9.238136,0.050000
4506,-0.961360,0.050000
4507,-8.373747,0.050000
4508,-9.547201,0.050000
4509,-8.740968,0.050000
4510,-0.283183,0.050000
4511,-10.676967,0.050000
4512,-2.189572,0.050000
4513,-1.930603,0.050000
4514,-7.589258,0.050000
4515,-3.178658,0.050000
4516,-5.437863,0.050000
4517,-14.610771,0.050000
4518,-12.311637,0.050000
4519,-11.090242,0.050000
4520,-10.525726,0.050000
4521,-9.015473,0.050000
4522,-5.032292,0.050000
4523,8.751539,0.050000
4524,-4.243863,0.050000
4525,-5.191536,0.050000
4526,1.501168,0.050000
4527,1.492938,0.050000
4528,-6.403692,0.050000
4529,-7.883826,0.050000
4530,-4.490734,0.050000
4531,8.799530,0.050000
4532,-7.960258,0.050000
4533,-3.676356,0.050000
4534,-5.017578,0.050000
4535,-10.046023,0.050000
4536,-16.490784,0.050000
4537,-11.331990,0.050000
4538,-18.089137,0.050000
4539,-3.081206,0.050000
4540,-8.909724,0.050000
4541,-11.263729,0.050000
4542,-6.519433,0.050000
4543,-11.830671,0.050000
4544,1.712917,0.050000
4545,2.917359,0.050000
4546,-10.391001,0.050000
4547,1.719089,0.050000
4548,-2.748037,0.050000
4549,1.549050,0.050000
4550,-11.136023,0.050000
4551,-7.522877,0.050000
4552,2.557649,0.050000
4553,-0.082159,0.050000
4554,-9.586285,0.050000
4555,1.204393,0.050000
4556,4.031214,0.050000
4557,-11.742924,0.050000
4558,-10.265861,0.050000
4559,-7.950831,0.050000
4560,-1.334021,0.050000
4561,-1.846490,0.050000
4562,-0.904152,0.050000
4563,5.641127,0.050000
4564,-8.132042,0.050000
4565,-6.833980,0.050000
4566,-4.827660,0.050000
4567,-3.308031,0.050000
4568,-0.589710,0.050000
4569,-6.906623,0.050000
4570,-2.489551,0.050000
4571,-7.736096,0.050000
4572,7.816920,0.050000
4573,2.496340,0.050000
4574,-1.378423,0.050000
4575,-4.782358,0.050000
4576,-1.635211,0.050000
4577,0.845447,0.050000
4578,-12.736250,0.050000
4579,4.763100,0.050000
4580,-3.976027,0.050000
4581,1.829785,0.050000
4582,4.730974,0.050000
4583,-11.258459,0.050000
4584,1.531096,0.050000
4585,-4.304432,0.050000
4586,0.259378,0.050000
4587,-5.980162,0.050000
4588,6.436955,0.050000
4589,-13.235919,0.050000
4590,-2.668114,0.050000
4591,0.052890,0.050000
4592,-0.677751,0.050000
4593,-9.018214,0.050000
4594,-0.322484,0.050000
4595,3.025714,0.050000
4596,1.184238,0.050000
4597,1.090834,0.050000
4598,-7.984600,0.050000
4599,-5.598845,0.050000
4600,-6.429934,0.050000
4601,1.695010,0.050000
4602,-1.220782,0.050000
4603,3.416691,0.050000
4604,-5.090716,0.050000
4605,3.578254,0.050000
4606,-0.348438,0.050000
4607,-7.364212,0.050000
4608,-6.078981,0.050000
4609,0.713665,0.050000
4610,0.122917,0.050000
4611,-7.432911,0.050000
4612,-0.096906,0.050000
4613,3.999333,0.050000
4614,-2.270026,0.050000
4615,-0.440596,0.050000
4616,-8.062895,0.050000
4617,-8.122987,0.050000
4618,-3.067778,0.050000
4619,-1.247047,0.050000
4620,3.100547,0.050000
4621,-2.917690,0.050000
4622,-3.064898,0.050000
4623,5.662416,0.050000
4624,1.063151,0.050000
4625,-3.744067,0.050000
4626,-2.986706,0.050000
4627,-0.115340,0.050000
4628,-3.041040,0.050000
4629,-9.808442,0.050000
4630,2.234256,0.050000
4631,-6.318561,0.050000
4632,-0.058743,0.050000
4633,-0.839844,0.050000
4634,-5.702284,0.050000
4635,-5.436948,0.050000
4636,-5.739941,0.050000
4637,-11.780514,0.050000
4638,2.540580,0.050000
4639,-2.001747,0.050000
4640,-6.329606,0.050000
4641,-8.213262,0.050000
4642,-4.752162,0.050000
4643,1.133741,0.050000
4644,-9.950820,0.050000
4645,-4.252163,0.050000
4646,-7.355184,0.050000
4647,2.259789,0.050000
4648,-0.287436,0.050000
4649,-4.996354,0.050000
4650,-1.129570,0.050000
4651,0.704258,0.050000
4652,-4.437079,0.050000
4653,2.753518,0.050000
4654,-10.634807,0.050000
4655,-10.698503,0.050000
4656,-2.529003,0.050000
4657,-2.109467,0.050000
4658,-19.166025,0.050000
4659,-0.257620,0.050000
4660,3.488352,0.050000
4661,-8.098122,0.050000
4662,-2.062524,0.050000
4663,-14.614352,0.050000
4664,1.064203,0.050000
4665,-3.595458,0.050000
4666,-7.494108,0.050000
4667,-1.658190,0.050000
4668,-3.310986,0.050000
4669,2.518298,0.050000
4670,-16.474812,0.050000
4671,-11.637114,0.050000
4672,-7.039205,0.050000
4673,-6.472529,0.050000
4674,-0.319042,0.050000
4675,-7.521674,0.050000
4676,0.612369,0.050000
4677,-3.621935,0.050000
4678,-1.484859,0.050000
4679,-3.861234,0.050000
4680,2.931588,0.050000
4681,-4.355534,0.050000
4682,-5.352049,0.050000
4683,-4.182118,0.050000
4684,0.414832,0.050000
4685,-2.156093,0.050000
4686,-11.542091,0.050000
4687,-6.114366,0.050000
4688,-3.252688,0.050000
4689,-12.052708,0.050000
4690,-7.614242,0.050000
4691,-11.853101,0.050000
4692,-12.948143,0.050000
4693,-10.815309,0.050000
4694,-10.143568,0.050000
4695,-7.500399,0.050000
4696,-8.843259,0.050000
4697,-11.537740,0.050000
4698,-5.307671,0.050000
4699,-3.598086,0.050000
4700,-9.205884,0.050000
4701,-12.308675,0.050000
4702,-4.853888,0.050000
4703,-12.282338,0.050000
4704,-6.284915,0.050000
4705,-10.784861,0.050000
4706,-3.065105,0.050000
4707,-7.930676,0.050000
4708,-3.230290,0.050000
4709,-1.249787,0.050000
4710,-10.369816,0.050000
4711,4.613248,0.050000
4712,6.325411,0.050000
4713,-12.759992,0.050000
4714,-3.867672,0.050000
4715,-2.243500,0.050000
4716,-4.112853,0.050000
4717,-7.344760,0.050000
4718,-0.511016,0.050000
4719,-5.386765,0.050000
4720,-8.293167,0.050000
4721,-4.544453,0.050000
4722,-8.973480,0.050000
4723,-1.006672,0.050000
4724,-4.496631,0.050000
4725,-1.857545,0.050000
4726,-11.883300,0.050000
4727,-1.418295,0.050000
4728,-4.760929,0.050000
4729,-6.564576,0.050000
4730,0.092992,0.050000
4731,-4.942811,0.050000
4732,4.540472,0.050000
4733,-11.772382,0.050000
4734,-3.738195,0.050000
4735,0.870938,0.050000
4736,-12.731371,0.050000
4737,-12.287059,0.050000
4738,-7.451264,0.050000
4739,-13.577940,0.050000
4740,3.318432,0.050000
4741,-12.488622,0.050000
4742,-9.503473,0.050000
4743,-4.499386,0.050000
4744,-3.953445,0.050000
4745,8.771616,0.050000
4746,-14.116438,0.050000
4747,-9.313317,0.050000
4748,-7.194012,0.050000
4749,-2.784670,0.050000
4750,-0.582687,0.050000
4751,-5.909324,0.050000
4752,-13.765708,0.050000
4753,-2.313691,0.050000
4754,-7.982182,0.050000
4755,-7.753196,0.050000
4756,-6.819220,0.050000
4757,-4.122543,0.050000
4758,-3.060248,0.050000
4759,-3.957067,0.050000
4760,-6.810068,0.050000
4761,-4.769942,0.050000
4762,-13.140977,0.050000
4763,-6.795814,0.050000
4764,-11.659495,0.050000
4765,-3.666968,0.050000
4766,-5.898096,0.050000
4767,-3.471698,0.050000
4768,-0.539990,0.050000
4769,-0.782454,0.050000
4770,0.659177,0.050000
4771,7.661056,0.050000
4772,-0.486386,0.050000
4773,7.200991,0.050000
4774,-10.879502,0.050000
4775,-0.947458,0.050000
4776,0.920447,0.050000
4777,4.717027,0.050000
4778,-1.976205,0.050000
4779,-0.831914,0.050000
4780,-0.777734,0.050000
4781,-6.243351,0.050000
4782,0.616805,0.050000
4783,-0.177820,0.050000
4784,-0.324874,0.050000
4785,-1.472537,0.050000
4786,-12.633628,0.050000
4787,3.673125,0.050000
4788,-2.237418,0.050000
4789,-11.848813,0.050000
4790,-0.860056,0.050000
4791,-0.658026,0.050000
4792,2.852751,0.050000
4793,-2.030067,0.050000
4794,-5.318214,0.050000
4795,2.708682,0.050000
4796,-8.606058,0.050000
4797,9.615080,0.050000
4798,-1.819449,0.050000
4799,-8.395433,0.050000
4800,4.754990,0.050000
4801,0.023648,0.050000
4802,-8.051607,0.050000
4803,13.920640,0.050000
4804,4.164923,0.050000
4805,1.775178,0.050000
4806,-5.811462,0.050000
4807,0.458449,0.050000
4808,10.666507,0.050000
4809,-9.397289,0.050000
4810,-4.009095,0.050000
4811,2.407806,0.050000
4812,-1.871912,0.050000
4813,5.852532,0.050000
4814,-1.314468,0.050000
4815,-2.198642,0.050000
4816,2.813429,0.050000
4817,-1.183854,0.050000
4818,1.900158,0.050000
4819,-5.332418,0.050000
4820,1.816651,0.050000
4821,-2.552982,0.050000
4822,-9.513509,0.050000
4823,-1.040020,0.050000
4824,-0.788370,0.050000
4825,5.218299,0.050000
4826,-7.284999,0.050000
4827,-8.123075,0.050000
4828,0.328221,0.050000
4829,-2.578280,0.050000
4830,-3.297587,0.050000
4831,-1.678858,0.050000
4832,-6.474834,0.050000
4833,-2.879457,0.050000
4834,2.736136,0.050000
4835,-2.631907,0.050000
4836,-2.397162,0.050000
4837,-0.218067,0.050000
4838,-5.544158,0.050000
4839,0.489462,0.050000
4840,-5.716668,0.050000
4841,-0.694459,0.050000
4842,-1.306546,0.050000
4843,-0.603692,0.050000
4844,0.293783,0.050000
4845,0.074728,0.050000
4846,-5.440834,0.050000
4847,2.853874,0.050000
4848,-5.320423,0.050000
4849,-9.280339,0.050000
4850,1.351838,0.050000
4851,-0.747651,0.050000
4852,-10.792775,0.050000
4853,6.759559,0.050000
4854,8.737736,0.050000
4855,2.373801,0.050000
4856,-3.976820,0.050000
4857,5.595689,0.050000
4858,-2.555680,0.050000
4859,-7.394017,0.050000
4860,-0.817042,0.050000
4861,0.546444,0.050000
4862,-3.058384,0.050000
4863,-2.591281,0.050000
4864,-0.132425,0.050000
4865,-1.786593,0.050000
4866,-0.566555,0.050000
4867,-0.204797,0.050000
4868,-3.493266,0.050000
4869,-0.404582,0.050000
4870,-0.504227,0.050000
4871,0.198942,0.050000
4872,-2.864969,0.050000
4873,5.272815,0.050000
4874,-6.884585,0.050000
4875,-4.219639,0.050000
4876,0.710792,0.050000
4877,-12.904967,0.050000
4878,-1.481122,0.050000
4879,2.896924,0.050000
4880,-12.596426,0.050000
4881,-8.023980,0.050000
4882,-5.794699,0.050000
4883,-0.328125,0.050000
4884,-2.181140,0.050000
4885,-8.505045,0.050000
4886,-4.266613,0.050000
4887,3.547597,0.050000
4888,-1.614719,0.050000
4889,-4.433334,0.050000
4890,-14.737036,0.050000
4891,-1.666089,0.050000
4892,-6.506974,0.050000
4893,-0.755876,0.050000
4894,-7.952071,0.050000
4895,-4.761318,0.050000
4896,-16.659961,0.050000
4897,9.992521,0.050000
4898,-7.377986,0.050000
4899,-6.144480,0.050000
4900,-7.085674,0.050000
4901,-3.435064,0.050000
4902,-5.422928,0.050000
4903,-0.280212,0.050000
4904,-7.985199,0.050000
4905,0.794280,0.050000
4906,-9.413936,0.050000
4907,-8.308935,0.050000
4908,-4.010131,0.050000
4909,-0.047886,0.050000
4910,0.044743,0.050000
4911,1.102661,0.050000
4912,-13.162320,0.050000
4913,0.908833,0.050000
4914,5.172799,0.050000
4915,-4.652595,0.050000
4916,-7.000487,0.050000
4917,-1.664625,0.050000
4918,-9.644776,0.050000
4919,-12.868694,0.050000
4920,-0.209125,0.050000
4921,-8.928727,0.050000
4922,-14.115927,0.050000
4923,6.985394,0.050000
4924,-8.475638,0.050000
4925,-14.060350,0.050000
4926,-6.428836,0.050000
4927,-5.827807,0.050000
4928,-4.808632,0.050000
4929,-4.231075,0.050000
4930,-0.009803,0.050000
4931,-6.486008,0.050000
4932,-6.087944,0.050000
4933,1.239641,0.050000
4934,2.599590,0.050000
4935,-0.308578,0.050000
4936,4.989551,0.050000
4937,-3.468298,0.050000
4938,-9.300244,0.050000
4939,-15.942561,0.050000
4940,-10.810167,0.050000
4941,-8.629711,0.050000
4942,-6.241947,0.050000
4943,-2.364066,0.050000
4944,-0.736152,0.050000
4945,-6.123970,0.050000
4946,-3.996292,0.050000
4947,-7.427427,0.050000
4948,-4.524862,0.050000
4949,4.223528,0.050000
4950,-9.595937,0.050000
4951,-4.548927,0.050000
4952,-10.654489,0.050000
4953,-11.754066,0.050000
4954,-13.890625,0.050000
4955,-7.928474,0.050000
4956,-14.472417,0.050000
4957,-4.785172,0.050000
4958,-2.453438,0.050000
4959,-13.653137,0.050000
4960,-16.263139,0.050000
4961,-6.950891,0.050000
4962,-15.878197,0.050000
4963,-6.076215,0.050000
4964,-19.099607,0.050000
4965,-16.572196,0.050000
4966,-11.616255,0.050000
4967,-8.663001,0.050000
4968,-18.418067,0.050000
4969,-8.854820,0.050000
4970,-18.060192,0.050000
4971,-11.376683,0.050000
4972,-5.364644,0.050000
4973,-10.368879,0.050000
4974,-8.965550,0.050000
4975,-3.088585,0.050000
4976,-3.620173,0.050000
4977,-13.487684,0.050000
4978,-5.327811,0.050000
4979,-4.603979,0.050000
4980,-13.180474,0.050000
4981,-8.038844,0.050000
4982,-12.693591,0.050000
4983,-9.925100,0.050000
4984,-10.598750,0.050000
4985,-13.296153,0.050000
4986,-10.869331,0.050000
4987,-4.512368,0.050000
4988,-15.152565,0.050000
4989,-11.182272,0.050000
4990,-11.387287,0.050000
4991,-16.663354,0.050000
4992,-5.056283,0.050000
4993,-14.017760,0.050000
4994,-15.188807,0.050000
4995,-14.463435,0.050000
4996,-9.747752,0.050000
4997,-11.955914,0.050000
4998,-10.188229,0.050000
4999,-19.258094,0.050000
5000,-12.286743,0.050000
5001,-10.763960,0.050000
5002,-13.149021,0.050000
5003,-9.198996,0.050000
5004,-8.797936,0.050000
5005,-14.257332,0.050000
5006,-13.853977,0.050000
5007,-25.132590,0.050000
5008,-10.204810,0.050000
5009,-14.238329,0.050000
5010,-14.540356,0.050000
5011,-8.862117,0.050000
5012,-5.531630,0.050000
5013,-11.131495,0.050000
5014,-3.835034,0.050000
5015,-22.290494,0.050000
5016,-5.868585,0.050000
5017,-9.300419,0.050000
5018,-12.542125,0.050000
5019,-17.283560,0.050000
5020,-20.057962,0.050000
5021,-10.262934,0.050000
5022,-14.278746,0.050000
5023,-3.966692,0.050000
5024,-13.518219,0.050000
5025,-6.842944,0.050000
5026,-10.167814,0.050000
5027,-12.244203,0.050000
5028,-13.922455,0.050000
5029,-8.488361,0.050000
5030,-4.256313,0.050000
5031,-11.620591,0.050000
5032,-15.510483,0.050000
5033,-8.480069,0.050000
5034,-10.065785,0.050000
5035,-1.347874,0.050000
5036,-12.866544,0.050000
5037,-1.588409,0.050000
5038,-10.346811,0.050000
5039,-2.677039,0.050000
5040,-4.932204,0.050000
5041,-6.923481,0.050000
5042,-6.597763,0.050000
5043,-7.364809,0.050000
5044,-4.889797,0.050000
5045,-4.733545,0.050000
5046,-4.162543,0.050000
5047,2.494363,0.050000
5048,-5.039027,0.050000
5049,1.130610,0.050000
5050,-11.451681,0.050000
5051,-4.954419,0.050000
5052,-1.673101,0.050000
5053,-6.124251,0.050000
5054,-11.504828,0.050000
5055,-5.507243,0.050000
5056,-13.431891,0.050000
5057,3.177031,0.050000
5058,-1.765794,0.050000
5059,-4.946080,0.050000
5060,-4.912126,0.050000
5061,-6.442360,0.050000
5062,-10.600670,0.050000
5063,-11.929927,0.050000
5064,-2.414364,0.050000
5065,2.948716,0.050000
5066,-9.921917,0.050000
5067,-0.397981,0.050000
5068,-8.169658,0.050000
5069,2.024181,0.050000
5070,-7.804054,0.050000
5071,-13.024167,0.050000
5072,-12.460303,0.050000
5073,-5.892672,0.050000
5074,-2.393048,0.050000
5075,-14.461834,0.050000
5076,-5.706375,0.050000
5077,-16.807535,0.050000
5078,-16.623171,0.050000
5079,-6.900105,0.050000
5080,-1.319105,0.050000
5081,-1.256140,0.050000
5082,-5.955527,0.050000
5083,-8.580319,0.050000
5084,-5.980400,0.050000
5085,-0.877619,0.050000
5086,-13.088062,0.050000
5087,-4.203006,0.050000
5088,-0.669345,0.050000
5089,-5.401310,0.050000
5090,-6.584221,0.050000
5091,-6.692574,0.050000
5092,-6.137331,0.050000
5093,-8.417319,0.050000
5094,-5.235381,0.050000
5095,-7.908133,0.050000
5096,-10.494256,0.050000
5097,-0.228387,0.050000
5098,-1.461763,0.050000
5099,-5.936315,0.050000
5100,-2.263894,0.050000
5101,-5.714393,0.050000
5102,1.451683,0.050000
5103,-8.083315,0.050000
5104,-2.411057,0.050000
5105,-4.299211,0.050000
5106,-3.527278,0.050000
5107,-12.090674,0.050000
5108,-2.825280,0.050000
5109,-11.356581,0.050000
5110,-12.127348,0.050000
5111,-3.300994,0.050000
5112,-17.553237,0.050000
5113,-8.763433,0.050000
5114,-13.440138,0.050000
5115,1.145376,0.050000
5116,-9.763409,0.050000
5117,-8.619855,0.050000
5118,-4.671462,0.050000
5119,-2.639457,0.050000
5120,-13.098214,0.050000
5121,-8.880312,0.050000
5122,-10.408629,0.050000
5123,-12.318876,0.050000
5124,-4.894024,0.050000
5125,-8.502036,0.050000
5126,0.603326,0.050000
5127,-2.503642,0.050000
5128,-10.072718,0.050000
5129,-20.587220,0.050000
5130,-4.971782,0.050000
5131,-3.894737,0.050000
5132,-8.205216,0.050000
5133,-9.080787,0.050000
5134,-5.498037,0.050000
5135,-7.773359,0.050000
5136,-4.024000,0.050000
5137,-1.849320,0.050000
5138,-7.094070,0.050000
5139,1.561110,0.050000
5140,-11.388406,0.050000
5141,-9.139297,0.050000
5142,-4.535926,0.050000
5143,0.004536,0.050000
5144,-14.358263,0.050000
5145,-12.152358,0.050000
5146,-9.863944,0.050000
5147,-9.016533,0.050000
5148,-6.414341,0.050000
5149,-16.174758,0.050000
5150,-1.267719,0.050000
5151,-10.550101,0.050000
5152,-2.700533,0.050000
5153,-11.211227,0.050000
5154,-8.722186,0.050000
5155,-9.759545,0.050000
5156,-5.457437,0.050000
5157,-2.706974,0.050000
5158,-2.512457,0.050000
5159,-8.318177,0.050000
5160,-2.603861,0.050000
5161,-2.657471,0.050000
5162,-12.591596,0.050000
5163,-2.768677,0.050000
5164,-6.735652,0.050000
5165,2.435777,0.050000
5166,-6.097391,0.050000
5167,7.195766,0.050000
5168,-3.848093,0.050000
5169,-17.187747,0.050000
5170,-9.509210,0.050000
5171,-11.925266,0.050000
5172,-11.359986,0.050000
5173,-4.759054,0.050000
5174,-12.688064,0.050000
5175,-14.355420,0.050000
5176,-8.451992,0.050000
5177,-8.243177,0.050000
5178,-9.514455,0.050000
5179,-5.046809,0.050000
5180,-16.168544,0.050000
5181,2.863537,0.050000
5182,-6.678908,0.050000
5183,-9.910699,0.050000
5184,-9.873377,0.050000
5185,-8.385824,0.050000
5186,4.157799,0.050000
5187,-2.006533,0.050000
5188,-11.990733,0.050000
5189,-12.694112,0.050000
5190,-4.243387,0.050000
5191,-6.872683,0.050000
5192,-2.689392,0.050000
5193,-4.663208,0.050000
5194,-3.540185,0.050000
5195,-9.884491,0.050000
5196,-2.250972,0.050000
5197,-14.361964,0.050000
5198,-8.874161,0.050000
5199,-4.741428,0.050000
5200,-6.821418,0.050000
5201,-3.439673,0.050000
5202,-12.558840,0.050000
5203,-14.842054,0.050000
5204,-0.381923,0.050000
5205,-0.845229,0.050000
5206,-2.499761,0.050000
5207,-10.890839,0.050000
5208,-3.487518,0.050000
5209,1.466578,0.050000
5210,-10.492603,0.050000
5211,-7.738677,0.050000
5212,-1.214806,0.050000
5213,-2.724068,0.050000
5214,-0.578382,0.050000
5215,-3.672028,0.050000
5216,-8.941015,0.050000
5217,-9.236673,0.050000
5218,0.586047,0.050000
5219,-4.712308,0.050000
5220,1.737420,0.050000
5221,-4.659323,0.050000
5222,-4.047645,0.050000
5223,-2.798083,0.050000
5224,0.870648,0.050000
5225,-7.202445,0.050000
5226,-8.876019,0.050000
5227,-7.869134,0.050000
5228,-5.096144,0.050000
5229,-10.058604,0.050000
5230,-18.076243,0.050000
5231,-6.099580,0.050000
5232,-3.979506,0.050000
5233,-12.690546,0.050000
5234,-12.301925,0.050000
5235,-10.901283,0.050000
5236,-8.337707,0.050000
5237,-14.108806,0.050000
5238,-8.767946,0.050000
5239,-2.989633,0.050000
5240,-16.408096,0.050000
5241,-19.050386,0.050000
5242,-16.631681,0.050000
5243,-12.979346,0.050000
5244,-12.852513,0.050000
5245,-12.807759,0.050000
5246,-13.461944,0.050000
5247,-7.998539,0.050000
5248,-14.817612,0.050000
5249,-13.391909,0.050000
5250,-3.255585,0.050000
5251,-4.144885,0.050000
5252,-6.018817,0.050000
5253,-11.744335,0.050000
5254,-2.230101,0.050000
5255,-10.053653,0.050000
5256,-4.196580,0.050000
5257,-5.174456,0.050000
5258,-14.647254,0.050000
5259,-7.604961,0.050000
5260,0.149288,0.050000
5261,-11.890048,0.050000
5262,-12.636489,0.050000
5263,-7.791694,0.050000
5264,-2.794985,0.050000
5265,-19.720666,0.050000
5266,-0.218501,0.050000
5267,-4.896618,0.050000
5268,-19.408404,0.050000
5269,-3.983624,0.050000
5270,-1.076132,0.050000
5271,-2.969332,0.050000
5272,4.616344,0.050000
5273,-8.097958,0.050000
5274,-16.315114,0.050000
5275,0.151298,0.050000
5276,-3.992192,0.050000
5277,-19.480574,0.050000
5278,-6.545549,0.050000
5279,-3.272429,0.050000
5280,-4.876257,0.050000
5281,-1.725303,0.050000
5282,-2.573508,0.050000
5283,-1.982325,0.050000
5284,-1.049062,0.050000
5285,4.746887,0.050000
5286,-10.783494,0.050000
5287,-4.810613,0.050000
5288,-6.027878,0.050000
5289,-6.022056,0.050000
5290,-0.996190,0.050000
5291,-15.851920,0.050000
5292,-7.032311,0.050000
5293,-5.211976,0.050000
5294,1.828695,0.050000
5295,-0.664909,0.050000
5296,-1.704304,0.050000
5297,5.047034,0.050000
5298,-8.446665,0.050000
5299,-5.741335,0.050000
5300,-7.250767,0.050000
5301,3.225824,0.050000
5302,-6.254963,0.050000
5303,6.400576,0.050000
5304,5.077831,0.050000
5305,-2.185384,0.050000
5306,-2.225497,0.050000
5307,-2.217912,0.050000
5308,2.733312,0.050000
5309,3.125326,0.050000
5310,3.040156,0.050000
5311,-7.391303,0.050000
5312,-1.476422,0.050000
5313,-7.818569,0.050000
5314,-5.981099,0.050000
5315,-10.414400,0.050000
5316,-9.734902,0.050000
5317,1.771821,0.050000
5318,-10.214275,0.050000
5319,-2.367504,0.050000
5320,1.604432,0.050000
5321,-4.701273,0.050000
5322,-7.998344,0.050000
5323,-5.849633,0.050000
5324,-2.312167,0.050000
5325,0.316357,0.050000
5326,-1.220861,0.050000
5327,2.652620,0.050000
5328,1.394084,0.050000
5329,-6.687663,0.050000
5330,-5.762867,0.050000
5331,-12.208150,0.050000
5332,-5.445998,0.050000
5333,0.122894,0.050000
5334,-9.412828,0.050000
5335,-11.624052,0.050000
5336,-11.274357,0.050000
5337,-5.398784,0.050000
5338,1.499597,0.050000
5339,-6.438773,0.050000
5340,-3.502544,0.050000
5341,-9.282109,0.050000
5342,-7.927788,0.050000
5343,-6.020310,0.050000
5344,-8.208968,0.050000
5345,-12.975291,0.050000
5346,-4.538583,0.050000
5347,-1.495860,0.050000
5348,-9.974129,0.050000
5349,-4.130600,0.050000
5350,-7.049236,0.050000
5351,4.250367,0.050000
5352,-6.742260,0.050000
5353,-4.347784,0.050000
5354,-12.303411,0.050000
5355,-11.734550,0.050000
5356,-2.093880,0.050000
5357,-6.739212,0.050000
5358,-1.775448,0.050000
5359,2.537608,0.050000
5360,-5.462738,0.050000
5361,1.263388,0.050000
5362,-11.077171,0.050000
5363,-8.101357,0.050000
5364,3.996092,0.050000
5365,6.792963,0.050000
5366,-0.309937,0.050000
5367,-9.140890,0.050000
5368,-9.216982,0.050000
5369,-9.132258,0.050000
5370,-11.722808,0.050000
5371,-0.541013,0.050000
5372,-4.219281,0.050000
5373,-1.383162,0.050000
5374,-3.868753,0.050000
5375,-5.626251,0.050000
5376,-1.507543,0.050000
5377,-6.888201,0.050000
5378,3.564939,0.050000
5379,-7.053644,0.050000
5380,-4.272979,0.050000
5381,-7.633170,0.050000
5382,2.466281,0.050000
5383,0.348076,0.050000
5384,-12.265076,0.050000
5385,-7.970174,0.050000
5386,1.703951,0.050000
5387,-8.549793,0.050000
5388,-10.800632,0.050000
5389,-0.441776,0.050000
5390,-8.603003,0.050000
5391,-3.994160,0.050000
5392,-15.481659,0.050000
5393,-2.716339,0.050000
5394,-4.510580,0.050000
5395,-8.392917,0.050000
5396,-8.849809,0.050000
5397,3.714927,0.050000
5398,-3.508461,0.050000
5399,2.138180,0.050000
5400,-9.856845,0.050000
5401,-8.033506,0.050000
5402,-15.491723,0.050000
5403,-0.218657,0.050000
5404,5.919969,0.050000
5405,-2.059848,0.050000
5406,-5.075808,0.050000
5407,-7.572746,0.050000
5408,-7.369381,0.050000
5409,-13.457239,0.050000
5410,-2.200756,0.050000
5411,-8.587997,0.050000
5412,-5.388022,0.050000
5413,-7.970726,0.050000
5414,-4.158460,0.050000
5415,0.754922,0.050000
5416,-2.305830,0.050000
5417,-4.824087,0.050000
5418,-18.176643,0.050000
5419,-4.399224,0.050000
5420,-14.918456,0.050000
5421,-1.598928,0.050000
5422,-2.641524,0.050000
5423,-4.298886,0.050000
5424,-4.671884,0.050000
5425,-9.549686,0.050000
5426,2.105128,0.050000
5427,-5.176975,0.050000
5428,-10.454971,0.050000
5429,-13.245003,0.050000
5430,-14.639373,0.050000
5431,-13.976554,0.050000
5432,-7.544830,0.050000
5433,-4.625411,0.050000
5434,-4.852976,0.050000
5435,-5.512848,0.050000
5436,-8.419835,0.050000
5437,-3.160546,0.050000
5438,-8.819622,0.050000
5439,-6.984518,0.050000
5440,-4.434080,0.050000
5441,-5.315465,0.050000
5442,-8.483314,0.050000
5443,-11.964227,0.050000
5444,-4.120555,0.050000
5445,-10.011353,0.050000
5446,-1.599812,0.050000
5447,-5.459369,0.050000
5448,-3.065055,0.050000
5449,-5.923577,0.050000
5450,4.432687,0.050000
5451,-2.638687,0.050000
5452,-2.980254,0.050000
5453,2.028444,0.050000
5454,0.429187,0.050000
5455,-2.292194,0.050000
5456,-2.999716,0.050000
5457,-2.506934,0.050000
5458,-2.882191,0.050000
5459,-8.637295,0.050000
5460,4.146004,0.050000
5461,-4.634426,0.050000
5462,0.431712,0.050000
5463,9.629095,0.050000
5464,-2.850519,0.050000
5465,-3.510975,0.050000
5466,-12.876296,0.050000
5467,-0.879074,0.050000
5468,-5.701572,0.050000
5469,-15.639053,0.050000
5470,-1.800538,0.050000
5471,-1.167706,0.050000
5472,-13.156360,0.050000
5473,-6.511027,0.050000
5474,-7.665557,0.050000
5475,-7.905185,0.050000
5476,-4.228803,0.050000
5477,5.472428,0.050000
5478,-2.802321,0.050000
5479,-5.959477,0.050000
5480,2.813166,0.050000
5481,-14.505331,0.050000
5482,-7.661851,0.050000
5483,-5.332521,0.050000
5484,-3.660405,0.050000
5485,-8.725306,0.050000
5486,-6.992280,0.050000
5487,-8.862543,0.050000
5488,-3.892028,0.050000
5489,2.862599,0.050000
5490,1.386975,0.050000
5491,-0.368646,0.050000
5492,-2.769570,0.050000
5493,-7.144953,0.050000
5494,-12.701487,0.050000
5495,-12.713155,0.050000
5496,2.971143,0.050000
5497,-1.126442,0.050000
5498,-0.247518,0.050000
5499,-9.422081,0.050000
5500,0.281843,0.050000
5501,-3.318473,0.050000
5502,-11.052232,0.050000
5503,-5.142950,0.050000
5504,-4.557248,0.050000
5505,-7.014732,0.050000
5506,-10.594753,0.050000
5507,-4.605577,0.050000
5508,-6.030658,0.050000
5509,3.791445,0.050000
5510,-5.519368,0.050000
5511,-0.729461,0.050000
5512,-4.043967,0.050000
5513,-3.318644,0.050000
5514,6.698320,0.050000
5515,-8.492959,0.050000
5516,-12.304218,0.050000
5517,-3.697331,0.050000
5518,-5.494053,0.050000
5519,-0.817768,0.050000
5520,-4.397263,0.050000
5521,-5.856071,0.050000
5522,-6.958599,0.050000
5523,5.427783,0.050000
5524,-0.870369,0.050000
5525,-6.278550,0.050000
5526,-7.223530,0.050000
5527,-7.319423,0.050000
5528,-7.097997,0.050000
5529,-5.143041,0.050000
5530,-13.927249,0.050000
5531,-1.854015,0.050000
5532,-13.269432,0.050000
5533,-8.021500,0.050000
5534,-10.053945,0.050000
5535,5.017932,0.050000
5536,-4.510614,0.050000
5537,-2.086132,0.050000
5538,-11.298009,0.050000
5539,0.748055,0.050000
5540,0.662823,0.050000
5541,-7.368361,0.050000
5542,-5.610167,0.050000
5543,0.024142,0.050000
5544,-4.851607,0.050000
5545,-9.403897,0.050000
5546,-4.242423,0.050000
5547,-1.817997,0.050000
5548,3.277027,0.050000
5549,-3.032185,0.050000
5550,0.519042,0.050000
5551,-3.578508,0.050000
5552,-1.847035,0.050000
5553,-2.927747,0.050000
5554,-7.514462,0.050000
5555,-2.920747,0.050000
5556,-8.547738,0.050000
5557,-7.603900,0.050000
5558,1.516876,0.050000
5559,-2.406993,0.050000
5560,1.895974,0.050000
5561,-2.328026,0.050000
5562,-8.681214,0.050000
5563,4.205781,0.050000
5564,-8.497907,0.050000
5565,-14.686694,0.050000
5566,-7.652751,0.050000
5567,-1.481734,0.050000
5568,-10.134117,0.050000
5569,4.077336,0.050000
5570,-1.131012,0.050000
5571,-0.652052,0.050000
5572,-1.822999,0.050000
5573,1.847879,0.050000
5574,-1.270445,0.050000
5575,-3.727879,0.050000
5576,-2.178674,0.050000
5577,0.717081,0.050000
5578,-3.555346,0.050000
5579,-5.007505,0.050000
5580,-5.196785,0.050000
5581,-3.392183,0.050000
5582,-3.398180,0.050000
5583,-1.841744,0.050000
5584,-7.249975,0.050000
5585,-5.473348,0.050000
5586,-4.228508,0.050000
5587,-3.868626,0.050000
5588,3.911618,0.050000
5589,3.195239,0.050000
5590,-1.670663,0.050000
5591,-7.694617,0.050000
5592,-4.815997,0.050000
5593,-3.188597,0.050000
5594,-3.684616,0.050000
5595,-6.534290,0.050000
5596,-6.014599,0.050000
5597,0.938356,0.050000
5598,-4.331753,0.050000
5599,-9.074222,0.050000
5600,-4.273580,0.050000
5601,7.406088,0.050000
5602,-2.223834,0.050000
5603,-2.486284,0.050000
5604,-2.268741,0.050000
5605,-4.698447,0.050000
5606,-1.472473,0.050000
5607,-0.543205,0.050000
5608,-6.721486,0.050000
5609,4.302986,0.050000
5610,0.410261,0.050000
5611,6.125160,0.050000
5612,4.406813,0.050000
5613,-13.554209,0.050000
5614,-7.446919,0.050000
5615,-5.866683,0.050000
5616,-8.463484,0.050000
5617,-11.102124,0.050000
5618,-10.058936,0.050000
5619,-1.200053,0.050000
5620,3.375256,0.050000
5621,-5.679433,0.050000
5622,-1.909955,0.050000
5623,-2.861636,0.050000
5624,-7.194724,0.050000
5625,-3.222811,0.050000
5626,-2.930317,0.050000
5627,-10.681258,0.050000
5628,-1.771759,0.050000
5629,-4.673669,0.050000
5630,-6.096950,0.050000
5631,3.855350,0.050000
5632,-6.692886,0.050000
5633,1.427012,0.050000
5634,2.828210,0.050000
5635,-1.010813,0.050000
5636,-4.810380,0.050000
5637,2.212643,0.050000
5638,-0.329547,0.050000
5639,-3.147724,0.050000
5640,1.320753,0.050000
5641,-4.975492,0.050000
5642,-3.763840,0.050000
5643,0.786929,0.050000
5644,-6.053857,0.050000
5645,-4.979082,0.050000
5646,-4.670654,0.050000
5647,2.006792,0.050000
5648,-5.108815,0.050000
5649,-1.609932,0.050000
5650,-2.492295,0.050000
5651,2.870236,0.050000
5652,-5.428222,0.050000
5653,1.975274,0.050000
5654,1.269274,0.050000
5655,-6.652422,0.050000
5656,5.565200,0.050000
5657,4.026837,0.050000
5658,1.527898,0.050000
5659,-3.766191,0.050000
5660,0.400756,0.050000
5661,-1.306349,0.050000
5662,-1.544518,0.050000
5663,4.246008,0.050000
5664,-7.651233,0.050000
5665,0.558034,0.050000
5666,-0.201315,0.050000
5667,3.902656,0.050000
5668,-8.651881,0.050000
5669,1.964716,0.050000
5670,-5.115372,0.050000
5671,-5.161033,0.050000
5672,0.716371,0.050000
5673,10.556730,0.050000
5674,-4.166953,0.050000
5675,3.642021,0.050000
5676,-3.448365,0.050000
5677,-2.660817,0.050000
5678,-3.871360,0.050000
5679,-4.864884,0.050000
5680,-10.911492,0.050000
5681,0.058548,0.050000
5682,-2.686370,0.050000
5683,1.114124,0.050000
5684,-3.134896,0.050000
5685,-2.127313,0.050000
5686,-3.762372,0.050000
5687,-7.031519,0.050000
5688,-4.073698,0.050000
5689,1.793984,0.050000
5690,-2.481153,0.050000
5691,-6.211907,0.050000
5692,-10.301709,0.050000
5693,-2.648949,0.050000
5694,-5.304573,0.050000
5695,-9.425167,0.050000
5696,-5.289942,0.050000
5697,-6.572684,0.050000
5698,3.269220,0.050000
5699,-7.240374,0.050000
5700,1.867234,0.050000
5701,-3.876924,0.050000
5702,1.115094,0.050000
5703,5.766849,0.050000
5704,-3.983969,0.050000
5705,-4.297829,0.050000
5706,-0.899052,0.050000
5707,-0.936744,0.050000
5708,0.947807,0.050000
5709,-0.632249,0.050000
5710,-8.175897,0.050000
5711,-5.775787,0.050000
5712,1.503369,0.050000
5713,-9.517576,0.050000
5714,-4.976742,0.050000
5715,6.752377,0.050000
5716,-3.423411,0.050000
5717,-5.205337,0.050000
5718,-5.171307,0.050000
5719,-5.539344,0.050000
5720,-6.561114,0.050000
5721,-4.776240,0.050000
5722,-3.740391,0.050000
5723,1.811700,0.050000
5724,-2.548779,0.050000
5725,-3.305127,0.050000
5726,-4.916798,0.050000
5727,-4.744631,0.050000
5728,-4.270453,0.050000
5729,1.433386,0.050000
5730,-2.134585,0.050000
5731,3.594144,0.050000
5732,-9.089820,0.050000
5733,-3.016268,0.050000
5734,-4.095901,0.050000
5735,-4.938625,0.050000
5736,-9.946851,0.050000
5737,-2.542237,0.050000
5738,-6.719665,0.050000
5739,3.123796,0.050000
5740,1.708305,0.050000
5741,-8.204511,0.050000
5742,-16.018067,0.050000
5743,-2.512776,0.050000
5744,8.767543,0.050000
5745,-1.291969,0.050000
5746,-8.019275,0.050000
5747,-7.508272,0.050000
5748,-5.116633,0.050000
5749,7.155050,0.050000
5750,-0.668583,0.050000
5751,-6.164179,0.050000
5752,-2.046656,0.050000
5753,9.622072,0.050000
5754,3.064381,0.050000
5755,-3.999551,0.050000
5756,-0.137193,0.050000
5757,-4.151322,0.050000
5758,0.789001,0.050000
5759,1.361131,0.050000
5760,-2.629755,0.050000
5761,-3.966412,0.050000
5762,4.192091,0.050000
5763,-0.843855,0.050000
5764,0.008751,0.050000
5765,-1.545402,0.050000
5766,1.529677,0.050000
5767,-2.649201,0.050000
5768,0.638268,0.050000
5769,-2.743147,0.050000
5770,3.499536,0.050000
5771,-9.398126,0.050000
5772,-5.224899,0.050000
5773,-10.113985,0.050000
5774,-3.478603,0.050000
5775,-1.831296,0.050000
5776,-2.034011,0.050000
5777,1.451194,0.050000
5778,4.243915,0.050000
5779,-8.755323,0.050000
5780,-0.392977,0.050000
5781,-1.645964,0.050000
5782,-6.601670,0.050000
5783,2.003587,0.050000
5784,2.605495,0.050000
5785,-3.366984,0.050000
5786,-3.263513,0.050000
5787,-5.342304,0.050000
5788,-2.162848,0.050000
5789,-0.043671,0.050000
5790,-1.806433,0.050000
5791,-5.789290,0.050000
5792,-12.092991,0.050000
5793,5.241887,0.050000
5794,0.534837,0.050000
5795,4.141712,0.050000
5796,5.448927,0.050000
5797,-2.861168,0.050000
5798,-4.999969,0.050000
5799,3.679837,0.050000
5800,2.845937,0.050000
5801,-1.547195,0.050000
5802,3.281003,0.050000
5803,-2.788982,0.050000
5804,5.259271,0.050000
5805,5.763338,0.050000
5806,-7.115394,0.050000
5807,-10.411044,0.050000
5808,-3.325229,0.050000
5809,5.954166,0.050000
5810,10.375906,0.050000
5811,-1.529939,0.050000
5812,2.732711,0.050000
5813,-2.388346,0.050000
5814,1.872706,0.050000
5815,13.557998,0.050000
5816,2.901942,0.050000
5817,-3.263037,0.050000
5818,3.430057,0.050000
5819,-0.009531,0.050000
5820,1.227596,0.050000
5821,-3.030617,0.050000
5822,1.495095,0.050000
5823,5.761452,0.050000
5824,0.223456,0.050000
5825,1.387196,0.050000
5826,3.778221,0.050000
5827,0.574083,0.050000
5828,3.790534,0.050000
5829,5.250887,0.050000
5830,-5.204957,0.050000
5831,4.183163,0.050000
5832,-1.726902,0.050000
5833,-10.876571,0.050000
5834,-8.159297,0.050000
5835,-4.244847,0.050000
5836,-4.720626,0.050000
5837,2.455609,0.050000
5838,-2.849351,0.050000
5839,-0.125139,0.050000
5840,1.382981,0.050000
5841,-2.360143,0.050000
5842,5.923930,0.050000
5843,3.114135,0.050000
5844,7.291383,0.050000
5845,5.260422,0.050000
5846,-3.623147,0.050000
5847,0.205900,0.050000
5848,-1.458441,0.050000
5849,-0.509462,0.050000
5850,-6.134670,0.050000
5851,-3.960411,0.050000
5852,-1.893551,0.050000
5853,-3.872316,0.050000
5854,4.688714,0.050000
5855,-5.863901,0.050000
5856,4.892775,0.050000
5857,2.662109,0.050000
5858,-6.032087,0.050000
5859,-2.511596,0.050000
5860,-9.503027,0.050000
5861,2.504858,0.050000
5862,-3.885359,0.050000
5863,-3.507625,0.050000
5864,0.105359,0.050000
5865,-4.794621,0.050000
5866,-2.253024,0.050000
5867,-3.126489,0.050000
5868,4.930455,0.050000
5869,1.459390,0.050000
5870,3.264750,0.050000
5871,0.548285,0.050000
5872,-1.145200,0.050000
5873,1.485942,0.050000
5874,-1.280935,0.050000
5875,-3.708717,0.050000
5876,-4.064856,0.050000
5877,2.120205,0.050000
5878,0.249580,0.050000
5879,-9.362860,0.050000
5880,7.014760,0.050000
5881,-2.947225,0.050000
5882,5.479384,0.050000
5883,1.731651,0.050000
5884,-1.021571,0.050000
5885,3.292445,0.050000
5886,-7.466881,0.050000
5887,-0.003065,0.050000
5888,-1.792028,0.050000
5889,-1.234778,0.050000
5890,-11.099819,0.050000
5891,-5.823509,0.050000
5892,-8.653037,0.050000
5893,1.120960,0.050000
5894,-0.251287,0.050000
5895,-11.751332,0.050000
5896,-2.432329,0.050000
5897,-18.376005,0.050000
5898,-1.051580,0.050000
5899,-5.695216,0.050000
5900,-3.725867,0.050000
5901,1.088547,0.050000
5902,-11.062385,0.050000
5903,-0.414290,0.050000
5904,0.751866,0.050000
5905,-5.380479,0.050000
5906,-4.252334,0.050000
5907,3.333105,0.050000
5908,-7.721524,0.050000
5909,-3.125319,0.050000
5910,1.745299,0.050000
5911,5.622178,0.050000
5912,5.479744,0.050000
5913,-9.633714,0.050000
5914,1.686834,0.050000
5915,-2.880595,0.050000
5916,-6.065498,0.050000
5917,4.683931,0.050000
5918,-2.641332,0.050000
5919,-7.157936,0.050000
5920,-5.404803,0.050000
5921,3.235322,0.050000
5922,-6.670071,0.050000
5923,4.395727,0.050000
5924,10.007720,0.050000
5925,-5.683761,0.050000
5926,2.232674,0.050000
5927,1.143103,0.050000
5928,-1.368881,0.050000
5929,6.158307,0.050000
5930,-5.310260,0.050000
5931,-2.327472,0.050000
5932,0.089454,0.050000
5933,6.239048,0.050000
5934,7.379577,0.050000
5935,-2.200730,0.050000
5936,-2.046260,0.050000
5937,-2.279497,0.050000
5938,-3.024455,0.050000
5939,4.479417,0.050000
5940,-2.969999,0.050000
5941,-1.404797,0.050000
5942,-10.305633,0.050000
5943,-2.264591,0.050000
5944,-12.524612,0.050000
5945,-5.807908,0.050000
5946,-10.206945,0.050000
5947,-2.217544,0.050000
5948,-12.984607,0.050000
5949,2.772558,0.050000
5950,-1.786888,0.050000
5951,8.945079,0.050000
5952,-2.576328,0.050000
5953,7.013897,0.050000
5954,3.352313,0.050000
5955,-7.721845,0.050000
5956,3.045752,0.050000
5957,-7.031166,0.050000
5958,3.634344,0.050000
5959,-5.235345,0.050000
5960,0.646560,0.050000
5961,-4.917978,0.050000
5962,-1.067320,0.050000
5963,-2.011481,0.050000
5964,6.080096,0.050000
5965,-2.699435,0.050000
5966,0.351527,0.050000
5967,-6.674109,0.050000
5968,-3.944845,0.050000
5969,-1.583375,0.050000
5970,3.872385,0.050000
5971,-10.495880,0.050000
5972,-9.179539,0.050000
5973,0.766288,0.050000
5974,8.513953,0.050000
5975,2.302389,0.050000
5976,-8.851761,0.050000
5977,0.888609,0.050000
5978,6.840902,0.050000
5979,-7.559666,0.050000
5980,6.908934,0.050000
5981,-5.939459,0.050000
5982,0.708683,0.050000
5983,-4.843403,0.050000
5984,-0.206795,0.050000
5985,0.540171,0.050000
5986,-7.435224,0.050000
5987,-12.639863,0.050000
5988,-2.515328,0.050000
5989,-6.371589,0.050000
5990,-6.908711,0.050000
5991,-7.224940,0.050000
5992,-9.732987,0.050000
5993,1.109721,0.050000
5994,-4.548354,0.050000
5995,8.352838,0.050000
5996,0.149820,0.050000
5997,-4.030119,0.050000
5998,-3.924595,0.050000
5999,0.057104,0.050000
6000,1.221521,0.050000
6001,-8.553040,0.050000
6002,2.170152,0.050000
6003,1.886894,0.050000
6004,-5.917669,0.050000
6005,-2.086276,0.050000
6006,-9.175515,0.050000
6007,-4.009732,0.050000
6008,-2.858786,0.050000
6009,-3.590899,0.050000
6010,-5.432894,0.050000
6011,-3.415619,0.050000
6012,-15.198821,0.050000
6013,-2.525408,0.050000
6014,0.626060,0.050000
6015,-0.734220,0.050000
6016,-7.121308,0.050000
6017,-5.632130,0.050000
6018,-7.382576,0.050000
6019,-0.668901,0.050000
6020,1.061846,0.050000
6021,-2.890072,0.050000
6022,2.537887,0.050000
6023,-6.572605,0.050000
6024,1.972117,0.050000
6025,-5.179279,0.050000
6026,-6.368653,0.050000
6027,-0.349214,0.050000
6028,-2.305774,0.050000
6029,-6.048440,0.050000
6030,-2.783705,0.050000
6031,-13.580428,0.050000
6032,2.774027,0.050000
6033,-9.159422,0.050000
6034,4.871281,0.050000
6035,-4.368057,0.050000
6036,-7.243104,0.050000
6037,-8.222881,0.050000
6038,-0.830299,0.050000
6039,3.233712,0.050000
6040,-10.887337,0.050000
6041,-8.939533,0.050000
6042,-3.294679,0.050000
6043,2.202980,0.050000
6044,4.197490,0.050000
6045,-0.953488,0.050000
6046,-10.209374,0.050000
6047,-1.070686,0.050000
6048,-12.387100,0.050000
6049,-5.147849,0.050000
6050,-3.904901,0.050000
6051,0.680987,0.050000
6052,-0.266274,0.050000
6053,-1.509808,0.050000
6054,2.534187,0.050000
6055,-4.181643,0.050000
6056,-5.305286,0.050000
6057,-9.099018,0.050000
6058,-9.098310,0.050000
6059,-2.937871,0.050000
6060,-10.076518,0.050000
6061,-9.239018,0.050000
6062,-10.619788,0.050000
6063,-14.329799,0.050000
6064,-4.191151,0.050000
6065,-8.290878,0.050000
6066,-4.721299,0.050000
6067,-5.488722,0.050000
6068,-1.756790,0.050000
6069,-4.414457,0.050000
6070,-1.718336,0.050000
6071,-5.510326,0.050000
6072,-13.287232,0.050000
6073,-15.657138,0.050000
6074,-12.245586,0.050000
6075,-8.069359,0.050000
6076,-3.634548,0.050000
6077,-8.889680,0.050000
6078,1.969819,0.050000
6079,-1.156763,0.050000
6080,-8.099516,0.050000
6081,-11.545486,0.050000
6082,-4.533637,0.050000
6083,-8.849073,0.050000
6084,-4.572273,0.050000
6085,0.684582,0.050000
6086,-20.618803,0.050000
6087,-2.150131,0.050000
6088,-3.540613,0.050000
6089,-2.856395,0.050000
6090,-3.407742,0.050000
6091,-3.710596,0.050000
6092,-7.576167,0.050000
6093,-4.050004,0.050000
6094,-9.071803,0.050000
6095,-1.082421,0.050000
6096,1.412534,0.050000
6097,-6.020673,0.050000
6098,-6.309789,0.050000
6099,-5.134686,0.050000
6100,-9.634969,0.050000
6101,2.506920,0.050000
6102,-7.413977,0.050000
6103,-8.903502,0.050000
6104,-10.114479,0.050000
6105,-3.171637,0.050000
6106,-2.930412,0.050000
6107,-10.131163,0.050000
6108,-5.260438,0.050000
6109,-1.503923,0.050000
6110,-3.254626,0.050000
6111,-1.540148,0.050000
6112,-13.997923,0.050000
6113,-6.310720,0.050000
6114,3.459397,0.050000
6115,2.438132,0.050000
6116,-6.019585,0.050000
6117,-17.446326,0.050000
6118,-7.715959,0.050000
6119,-8.456155,0.050000
6120,-11.217367,0.050000
6121,-4.562849,0.050000
6122,1.141509,0.050000
6123,2.783317,0.050000
6124,-7.148372,0.050000
6125,-9.284030,0.050000
6126,-20.522546,0.050000
6127,-2.609721,0.050000
6128,-0.261989,0.050000
6129,-13.176651,0.050000
6130,-16.542447,0.050000
6131,-8.112092,0.050000
6132,-3.178422,0.050000
6133,-10.729444,0.050000
6134,-8.039440,0.050000
6135,-4.976359,0.050000
6136,2.023357,0.050000
6137,-9.342419,0.050000
6138,-9.775956,0.050000
6139,-18.162969,0.050000
6140,-6.184289,0.050000
6141,-9.344460,0.050000
6142,-4.564669,0.050000
6143,-16.604597,0.050000
6144,-4.959889,0.050000
6145,-12.271870,0.050000
6146,1.400714,0.050000
6147,-3.196805,0.050000
6148,0.420962,0.050000
6149,-6.129939,0.050000
6150,-10.369483,0.050000
6151,-13.300718,0.050000
6152,-15.056772,0.050000
6153,-15.488817,0.050000
6154,-8.771810,0.050000
6155,1.995884,0.050000
6156,2.509137,0.050000
6157,-11.373724,0.050000
6158,-8.688531,0.050000
6159,-7.831648,0.050000
6160,-10.168986,0.050000
6161,-0.140346,0.050000
6162,-8.840277,0.050000
6163,0.373306,0.050000
6164,-11.668933,0.050000
6165,-4.260842,0.050000
6166,3.581174,0.050000
6167,-11.336153,0.050000
6168,-4.395065,0.050000
6169,-5.000257,0.050000
6170,-12.182594,0.050000
6171,-10.350220,0.050000
6172,6.481545,0.050000
6173,-6.686216,0.050000
6174,-6.061577,0.050000
6175,-4.013454,0.050000
6176,-6.989258,0.050000
6177,-2.587883,0.050000
6178,-3.107877,0.050000
6179,-10.449016,0.050000
6180,-6.945405,0.050000
6181,-5.359614,0.050000
6182,0.644501,0.050000
6183,0.746537,0.050000
6184,-9.087340,0.050000
6185,-1.267741,0.050000
6186,-18.182316,0.050000
6187,-5.260407,0.050000
6188,-6.462724,0.050000
6189,-1.446949,0.050000
6190,-7.895797,0.050000
6191,-1.637820,0.050000
6192,-0.314257,0.050000
6193,-7.593916,0.050000
6194,-23.794084,0.050000
6195,-3.351357,0.050000
6196,-1.761857,0.050000
6197,-6.085277,0.050000
6198,-6.607538,0.050000
6199,-17.110240,0.050000
6200,-3.132696,0.050000
6201,-2.527751,0.050000
6202,-12.662124,0.050000
6203,0.905071,0.050000
6204,-12.033778,0.050000
6205,-4.019292,0.050000
6206,-2.330856,0.050000
6207,-0.788200,0.050000
6208,-3.207337,0.050000
6209,-6.366666,0.050000
6210,-2.466878,0.050000
6211,-12.058098,0.050000
6212,-2.775438,0.050000
6213,-3.794458,0.050000
6214,-0.937356,0.050000
6215,-5.512058,0.050000
6216,-25.215630,0.050000
6217,-2.661609,0.050000
6218,-4.507273,0.050000
6219,-7.902143,0.050000
6220,-5.234684,0.050000
6221,-4.635701,0.050000
6222,-5.676829,0.050000
6223,1.801273,0.050000
6224,-11.933269,0.050000
6225,4.582257,0.050000
6226,-10.758962,0.050000
6227,-5.014519,0.050000
6228,-6.840069,0.050000
6229,-3.451805,0.050000
6230,-4.277150,0.050000
6231,-2.637863,0.050000
6232,-9.599936,0.050000
6233,-1.420244,0.050000
6234,-9.883721,0.050000
6235,-5.905684,0.050000
6236,-11.044982,0.050000
6237,-8.963061,0.050000
6238,-6.976651,0.050000
6239,-2.209452,0.050000
6240,-4.969682,0.050000
6241,-4.806805,0.050000
6242,-4.826422,0.050000
6243,-6.601737,0.050000
6244,-4.225184,0.050000
6245,-2.510162,0.050000
6246,-1.568968,0.050000
6247,-2.583893,0.050000
6248,-5.080992,0.050000
6249,-6.070937,0.050000
6250,-12.534995,0.050000
6251,-11.180839,0.050000
6252,-5.326676,0.050000
6253,-5.659472,0.050000
6254,-2.013153,0.050000
6255,-0.371853,0.050000
6256,-1.222505,0.050000
6257,-8.138510,0.050000
6258,3.418261,0.050000
6259,-10.587230,0.050000
6260,-1.355085,0.050000
6261,0.582928,0.050000
6262,-2.909775,0.050000
6263,0.113940,0.050000
6264,-2.141369,0.050000
6265,2.054913,0.050000
6266,-5.550508,0.050000
6267,-5.636250,0.050000
6268,-2.640226,0.050000
6269,1.337895,0.050000
6270,-1.754243,0.050000
6271,-0.423286,0.050000
6272,-14.947634,0.050000
6273,2.628104,0.050000
6274,0.964316,0.050000
6275,-5.161019,0.050000
6276,-5.750297,0.050000
6277,-14.777864,0.050000
6278,-8.875958,0.050000
6279,-4.232229,0.050000
6280,-2.151076,0.050000
6281,-0.527803,0.050000
6282,-7.242537,0.050000
6283,5.184319,0.050000
6284,-8.447734,0.050000
6285,-0.746714,0.050000
6286,-3.938469,0.050000
6287,-8.775873,0.050000
6288,-2.287915,0.050000
6289,-16.548903,0.050000
6290,0.829505,0.050000
6291,-5.290965,0.050000
6292,-4.756036,0.050000
6293,5.288973,0.050000
6294,-7.532358,0.050000
6295,-4.352107,0.050000
6296,-8.535222,0.050000
6297,-1.197792,0.050000
6298,-2.517215,0.050000
6299,-3.564406,0.050000
6300,-1.275532,0.050000
6301,2.734540,0.050000
6302,-11.937577,0.050000
6303,-6.019185,0.050000
6304,-3.782149,0.050000
6305,0.612176,0.050000
6306,-6.082683,0.050000
6307,-4.418560,0.050000
6308,-2.125930,0.050000
6309,-8.670333,0.050000
6310,-7.556700,0.050000
6311,2.693867,0.050000
6312,-16.465173,0.050000
6313,-6.671460,0.050000
6314,-7.388758,0.050000
6315,-4.937195,0.050000
6316,-2.789725,0.050000
6317,-5.701520,0.050000
6318,-5.263419,0.050000
6319,-6.645599,0.050000
6320,2.232332,0.050000
6321,-7.283513,0.050000
6322,-4.501473,0.050000
6323,-5.965103,0.050000
6324,-0.280234,0.050000
6325,-6.594691,0.050000
6326,-6.560696,0.050000
6327,0.719946,0.050000
6328,-2.348258,0.050000
6329,-5.289105,0.050000
6330,-7.921858,0.050000
6331,-5.351898,0.050000
6332,1.302960,0.050000
6333,-4.528684,0.050000
6334,-7.173461,0.050000
6335,-11.677622,0.050000
6336,-9.775429,0.050000
6337,-5.199251,0.050000
6338,-15.029974,0.050000
6339,1.552206,0.050000
6340,-2.039322,0.050000
6341,-3.108897,0.050000
6342,-1.606943,0.050000
6343,1.980358,0.050000
6344,-4.937050,0.050000
6345,-4.071492,0.050000
6346,-3.053925,0.050000
6347,2.566346,0.050000
6348,-2.806269,0.050000
6349,-9.135553,0.050000
6350,-3.423502,0.050000
6351,-4.786568,0.050000
6352,-6.911284,0.050000
6353,2.275643,0.050000
6354,6.998101,0.050000
6355,-6.909166,0.050000
6356,0.057417,0.050000
6357,-8.430497,0.050000
6358,-2.267211,0.050000
6359,-5.878036,0.050000
6360,-0.729170,0.050000
6361,-2.835383,0.050000
6362,-13.832328,0.050000
6363,-1.440158,0.050000
6364,-6.609370,0.050000
6365,1.022726,0.050000
6366,-5.693892,0.050000
6367,0.427281,0.050000
6368,-1.920520,0.050000
6369,-3.275839,0.050000
6370,2.228033,0.050000
6371,-14.883425,0.050000
6372,-6.161354,0.050000
6373,-4.398311,0.050000
6374,4.977358,0.050000
6375,4.805511,0.050000
6376,-0.550881,0.050000
6377,-0.321550,0.050000
6378,-8.495869,0.050000
6379,-8.657742,0.050000
6380,-3.295036,0.050000
6381,-4.044184,0.050000
6382,-0.528370,0.050000
6383,3.765682,0.050000
6384,-7.719580,0.050000
6385,-3.433249,0.050000
6386,-21.447767,0.050000
6387,2.201161,0.050000
6388,-2.072204,0.050000
6389,-0.038202,0.050000
6390,-2.035586,0.050000
6391,-3.175739,0.050000
6392,-5.604313,0.050000
6393,0.154526,0.050000
6394,-8.323635,0.050000
6395,-10.443300,0.050000
6396,-13.292245,0.050000
6397,-8.747455,0.050000
6398,-7.182496,0.050000
6399,-2.380330,0.050000
6400,-8.381275,0.050000
6401,-2.422518,0.050000
6402,-2.557745,0.050000
6403,-7.496158,0.050000
6404,-0.809587,0.050000
6405,-4.329210,0.050000
6406,-8.434117,0.050000
6407,-9.697787,0.050000
6408,-9.538416,0.050000
6409,-5.272458,0.050000
6410,4.261150,0.050000
6411,-4.212443,0.050000
6412,-9.956746,0.050000
6413,-5.678382,0.050000
6414,-4.026383,0.050000
6415,1.915348,0.050000
6416,-10.573888,0.050000
6417,-12.232434,0.050000
6418,-3.647284,0.050000
6419,1.577056,0.050000
6420,-0.760716,0.050000
6421,1.688687,0.050000
6422,-0.065829,0.050000
6423,1.064130,0.050000
6424,-2.586729,0.050000
6425,-1.044556,0.050000
6426,-2.933919,0.050000
6427,-2.645045,0.050000
6428,5.278408,0.050000
6429,-1.615524,0.050000
6430,0.667912,0.050000
6431,-1.542566,0.050000
6432,-6.717687,0.050000
6433,-0.167156,0.050000
6434,-5.392019,0.050000
6435,1.016605,0.050000
6436,0.317026,0.050000
6437,-7.827395,0.050000
6438,-3.665251,0.050000
6439,-2.665524,0.050000
6440,3.201998,0.050000
6441,-3.268368,0.050000
6442,2.434219,0.050000
6443,-5.219262,0.050000
6444,-3.198073,0.050000
6445,-1.397683,0.050000
6446,2.004274,0.050000
6447,-5.050983,0.050000
6448,-1.655680,0.050000
6449,-5.212505,0.050000
6450,-3.693387,0.050000
6451,-14.018019,0.050000
6452,-2.423898,0.050000
6453,-3.733568,0.050000
6454,-14.984130,0.050000
6455,-3.149481,0.050000
6456,-0.491233,0.050000
6457,-7.392538,0.050000
6458,-5.950367,0.050000
6459,-8.899360,0.050000
6460,-5.023358,0.050000
6461,-6.861686,0.050000
6462,0.497446,0.050000
6463,0.543671,0.050000
6464,2.900156,0.050000
6465,0.775114,0.050000
6466,-9.118714,0.050000
6467,-7.922754,0.050000
6468,-7.808395,0.050000
6469,-1.121929,0.050000
6470,-0.111087,0.050000
6471,-2.550785,0.050000
6472,-6.560337,0.050000
6473,0.577508,0.050000
6474,-4.085402,0.050000
6475,2.967205,0.050000
6476,-11.775840,0.050000
6477,-13.482299,0.050000
6478,-3.618242,0.050000
6479,-15.882172,0.050000
6480,-1.318060,0.050000
6481,2.947230,0.050000
6482,-11.380272,0.050000
6483,-4.279057,0.050000
6484,-0.405704,0.050000
6485,-11.573692,0.050000
6486,-5.037835,0.050000
6487,-8.120601,0.050000
6488,-1.171339,0.050000
6489,-3.066931,0.050000
6490,-3.451812,0.050000
6491,2.567671,0.050000
6492,-5.419902,0.050000
6493,-2.533761,0.050000
6494,-9.039010,0.050000
6495,-3.747585,0.050000
6496,-3.279772,0.050000
6497,-4.004895,0.050000
6498,-0.765282,0.050000
6499,2.858506,0.050000
6500,-15.958976,0.050000
6501,-2.303958,0.050000
6502,-3.949618,0.050000
6503,-11.620049,0.050000
6504,-3.703729,0.050000
6505,-10.272887,0.050000
6506,-3.422765,0.050000
6507,0.129738,0.050000
6508,-3.292655,0.050000
6509,-9.768961,0.050000
6510,2.918424,0.050000
6511,-1.381763,0.050000
6512,-4.955895,0.050000
6513,1.627577,0.050000
6514,3.850279,0.050000
6515,9.859704,0.050000
6516,-11.658733,0.050000
6517,-7.239823,0.050000
6518,-5.153215,0.050000
6519,-6.731103,0.050000
6520,10.317360,0.050000
6521,-3.191898,0.050000
6522,2.827845,0.050000
6523,6.585471,0.050000
6524,-9.224791,0.050000
6525,-3.008386,0.050000
6526,4.413566,0.050000
6527,1.409117,0.050000
6528,-2.831681,0.050000
6529,-2.732476,0.050000
6530,-7.890252,0.050000
6531,1.790027,0.050000
6532,3.551110,0.050000
6533,-0.784313,0.050000
6534,14.486416,0.050000
6535,5.813170,0.050000
6536,-0.091984,0.050000
6537,-9.880054,0.050000
6538,-7.902199,0.050000
6539,0.494428,0.050000
6540,6.141749,0.050000
6541,-2.000211,0.050000
6542,-8.486780,0.050000
6543,0.268385,0.050000
6544,-10.667191,0.050000
6545,-20.474502,0.050000
6546,-1.761522,0.050000
6547,-5.304453,0.050000
6548,5.016353,0.050000
6549,11.193415,0.050000
6550,1.558951,0.050000
6551,0.028014,0.050000
6552,0.553530,0.050000
6553,-8.601074,0.050000
6554,0.685012,0.050000
6555,2.916379,0.050000
6556,-7.874808,0.050000
6557,0.227947,0.050000
6558,-4.804475,0.050000
6559,-9.529881,0.050000
6560,-0.855713,0.050000
6561,-5.439850,0.050000
6562,1.460599,0.050000
6563,-14.936116,0.050000
6564,-8.968127,0.050000
6565,-0.030772,0.050000
6566,-12.839252,0.050000
6567,-19.751907,0.050000
6568,-13.091356,0.050000
6569,-7.766474,0.050000
6570,-0.830311,0.050000
6571,-2.881958,0.050000
6572,-12.110755,0.050000
6573,-8.205215,0.050000
6574,-13.881088,0.050000
6575,-11.387588,0.050000
6576,-7.895504,0.050000
6577,-1.092084,0.050000
6578,-0.192992,0.050000
6579,-0.528275,0.050000
6580,0.294064,0.050000
6581,-4.042403,0.050000
6582,-7.122648,0.050000
6583,-1.461555,0.050000
6584,-10.618849,0.050000
6585,-11.397898,0.050000
6586,-4.635428,0.050000
6587,8.767468,0.050000
6588,-4.844797,0.050000
6589,-5.254714,0.050000
6590,-10.175256,0.050000
6591,-1.069371,0.050000
6592,-2.488498,0.050000
6593,-6.102003,0.050000
6594,-11.874914,0.050000
6595,-7.408551,0.050000
6596,4.682327,0.050000
6597,-10.106249,0.050000
6598,-7.747252,0.050000
6599,-4.362979,0.050000
6600,-7.735788,0.050000
6601,-1.326979,0.050000
6602,-5.627249,0.050000
6603,-4.938136,0.050000
6604,-6.888960,0.050000
6605,2.487259,0.050000
6606,-9.894695,0.050000
6607,-5.279348,0.050000
6608,0.121778,0.050000
6609,-0.331055,0.050000
6610,-2.943022,0.050000
6611,-3.404016,0.050000
6612,-1.883451,0.050000
6613,-2.633572,0.050000
6614,-10.986648,0.050000
6615,-2.417771,0.050000
6616,-14.260137,0.050000
6617,-2.841166,0.050000
6618,-2.666339,0.050000
6619,-12.865909,0.050000
6620,-1.481017,0.050000
6621,7.783324,0.050000
6622,-9.988338,0.050000
6623,-11.799950,0.050000
6624,-9.318623,0.050000
6625,2.825347,0.050000
6626,-6.466669,0.050000
6627,-13.219698,0.050000
6628,-12.789523,0.050000
6629,-0.223276,0.050000
6630,-0.597803,0.050000
6631,-9.543544,0.050000
6632,-2.849540,0.050000
6633,-4.100434,0.050000
6634,-13.158423,0.050000
6635,-4.492324,0.050000
6636,-2.980596,0.050000
6637,-13.879818,0.050000
6638,-7.996925,0.050000
6639,-10.602436,0.050000
6640,-12.161271,0.050000
6641,-11.732193,0.050000
6642,-0.350194,0.050000
6643,-2.415376,0.050000
6644,-1.441021,0.050000
6645,2.126336,0.050000
6646,-5.099310,0.050000
6647,-4.147535,0.050000
6648,8.652650,0.050000
6649,-13.108730,0.050000
6650,-17.853318,0.050000
6651,-4.877549,0.050000
6652,-9.223874,0.050000
6653,-19.398350,0.050000
6654,-10.491169,0.050000
6655,-7.833025,0.050000
6656,-18.070578,0.050000
6657,-0.311841,0.050000
6658,-12.374279,0.050000
6659,0.705136,0.050000
6660,-0.385423,0.050000
6661,-6.061462,0.050000
6662,-11.416154,0.050000
6663,0.422150,0.050000
6664,-4.509833,0.050000
6665,-23.171022,0.050000
6666,4.338157,0.050000
6667,-11.947797,0.050000
6668,-0.452221,0.050000
6669,-20.362008,0.050000
6670,-10.542624,0.050000
6671,-3.305928,0.050000
6672,-0.478594,0.050000
6673,4.635980,0.050000
6674,-0.481671,0.050000
6675,-0.131840,0.050000
6676,-7.759891,0.050000
6677,-5.981222,0.050000
6678,-11.615363,0.050000
6679,-11.925567,0.050000
6680,-9.777351,0.050000
6681,-10.404489,0.050000
6682,-12.788932,0.050000
6683,-2.499115,0.050000
6684,-4.547064,0.050000
6685,-6.765573,0.050000
6686,-21.979225,0.050000
6687,-7.560772,0.050000
6688,6.063276,0.050000
6689,-11.160262,0.050000
6690,-9.663168,0.050000
6691,-11.782469,0.050000
6692,-1.720620,0.050000
6693,-1.840204,0.050000
6694,-6.009792,0.050000
6695,-4.882455,0.050000
6696,-12.254549,0.050000
6697,-18.792396,0.050000
6698,-4.303046,0.050000
6699,-9.310967,0.050000
6700,1.586332,0.050000
6701,-3.253896,0.050000
6702,-12.993448,0.050000
6703,2.999349,0.050000
6704,-12.012772,0.050000
6705,-10.778417,0.050000
6706,-14.738644,0.050000
6707,-13.629641,0.050000
6708,-11.002620,0.050000
6709,-12.226891,0.050000
6710,-6.061885,0.050000
6711,-4.073965,0.050000
6712,-11.366170,0.050000
6713,-11.371341,0.050000
6714,-5.182310,0.050000
6715,-10.118901,0.050000
6716,-5.530729,0.050000
6717,0.081756,0.050000
6718,-2.807247,0.050000
6719,-16.887691,0.050000
6720,-11.743553,0.050000
6721,-18.055260,0.050000
6722,-6.153285,0.050000
6723,-9.068550,0.050000
6724,-16.656705,0.050000
6725,-21.716007,0.050000
6726,-14.722243,0.050000
6727,-17.461281,0.050000
6728,-10.354694,0.050000
6729,-9.945511,0.050000
6730,-8.225771,0.050000
6731,-8.740693,0.050000
6732,-7.589624,0.050000
6733,-0.484765,0.050000
6734,-9.788840,0.050000
6735,-19.155349,0.050000
6736,-3.023832,0.050000
6737,-6.941269,0.050000
6738,-11.392951,0.050000
6739,4.344829,0.050000
6740,5.923554,0.050000
6741,-5.047337,0.050000
6742,-13.240544,0.050000
6743,1.206369,0.050000
6744,-10.016266,0.050000
6745,1.284073,0.050000
6746,-7.303909,0.050000
6747,-13.811315,0.050000
6748,-4.547170,0.050000
6749,-7.272715,0.050000
6750,-0.923590,0.050000
6751,-13.722105,0.050000
6752,-6.455652,0.050000
6753,-2.512066,0.050000
6754,-14.227394,0.050000
6755,-11.219601,0.050000
6756,-10.439929,0.050000
6757,-6.471600,0.050000
6758,0.928295,0.050000
6759,1.004096,0.050000
6760,-10.672883,0.050000
6761,-14.141624,0.050000
6762,-6.708155,0.050000
6763,-3.845221,0.050000
6764,-11.267299,0.050000
6765,-7.598455,0.050000
6766,-9.073899,0.050000
6767,-7.616873,0.050000
6768,-3.833275,0.050000
6769,-7.618516,0.050000
6770,-4.833221,0.050000
6771,-19.338240,0.050000
6772,-0.959935,0.050000
6773,-17.140614,0.050000
6774,-3.988712,0.050000
6775,0.365470,0.050000
6776,-18.748754,0.050000
6777,-12.593190,0.050000
6778,-10.410647,0.050000
6779,-2.561428,0.050000
6780,-7.246473,0.050000
6781,-11.584409,0.050000
6782,-15.329023,0.050000
6783,-5.683015,0.050000
6784,-0.374921,0.050000
6785,-10.934832,0.050000
6786,-3.441596,0.050000
6787,-8.472991,0.050000
6788,-7.083628,0.050000
6789,-4.735874,0.050000
6790,-0.849870,0.050000
6791,1.359367,0.050000
6792,-14.612739,0.050000
6793,-0.203942,0.050000
6794,4.208776,0.050000
6795,-6.234839,0.050000
6796,2.167721,0.050000
6797,-6.571281,0.050000
6798,-8.022072,0.050000
6799,-7.521580,0.050000
6800,-1.940223,0.050000
6801,-5.945924,0.050000
6802,-9.396426,0.050000
6803,-5.537636,0.050000
6804,-5.306975,0.050000
6805,-11.161227,0.050000
6806,-14.716904,0.050000
6807,-15.590758,0.050000
6808,-4.718243,0.050000
6809,-3.288940,0.050000
6810,-11.225608,0.050000
6811,-10.848350,0.050000
6812,0.470737,0.050000
6813,-14.043165,0.050000
6814,-2.880863,0.050000
6815,-8.791717,0.050000
6816,-4.904960,0.050000
6817,-8.457162,0.050000
6818,-13.105335,0.050000
6819,-11.920211,0.050000
6820,-11.198508,0.050000
6821,-5.969870,0.050000
6822,-11.695546,0.050000
6823,-8.036831,0.050000
6824,-12.896900,0.050000
6825,-4.489309,0.050000
6826,-7.241746,0.050000
6827,-7.433536,0.050000
6828,-4.378621,0.050000
6829,-7.340433,0.050000
6830,-9.532272,0.050000
6831,-4.864687,0.050000
6832,-3.289843,0.050000
6833,-2.388968,0.050000
6834,-6.225410,0.050000
6835,-21.042868,0.050000
6836,-7.163821,0.050000
6837,-3.544786,0.050000
6838,-15.390170,0.050000
6839,-5.994790,0.050000
6840,-5.428671,0.050000
6841,-17.879245,0.050000
6842,-3.143664,0.050000
6843,-18.812338,0.050000
6844,1.323511,0.050000
6845,-9.639522,0.050000
6846,-4.757315,0.050000
6847,-3.969123,0.050000
6848,-13.565750,0.050000
6849,-1.441687,0.050000
6850,-3.401456,0.050000
6851,-1.048985,0.050000
6852,-0.247475,0.050000
6853,-9.114865,0.050000
6854,-0.128364,0.050000
6855,-4.679301,0.050000
6856,-7.582902,0.050000
6857,-1.488731,0.050000
6858,-15.192619,0.050000
6859,-4.647240,0.050000
6860,-18.972421,0.050000
6861,-1.068422,0.050000
6862,-9.458246,0.050000
6863,0.650258,0.050000
6864,-0.870441,0.050000
6865,-11.916360,0.050000
6866,1.567349,0.050000
6867,0.731492,0.050000
6868,-4.874824,0.050000
6869,-6.401598,0.050000
6870,3.949542,0.050000
6871,-10.877458,0.050000
6872,-10.017040,0.050000
6873,-5.400039,0.050000
6874,-6.777425,0.050000
6875,-5.152242,0.050000
6876,-6.362439,0.050000
6877,-6.362757,0.050000
6878,-6.598616,0.050000
6879,-9.710074,0.050000
6880,-6.362764,0.050000
6881,-7.253139,0.050000
6882,-8.727191,0.050000
6883,-10.223638,0.050000
6884,-17.056643,0.050000
6885,-3.808128,0.050000
6886,-13.601585,0.050000
6887,-1.159156,0.050000
6888,-12.854172,0.050000
6889,-7.798571,0.050000
6890,-6.805118,0.050000
6891,-2.655307,0.050000
6892,-2.220855,0.050000
6893,-2.772937,0.050000
6894,-4.782853,0.050000
6895,-7.135047,0.050000
6896,-13.372048,0.050000
6897,-6.240633,0.050000
6898,-7.781152,0.050000
6899,-4.776294,0.050000
6900,-5.544134,0.050000
6901,-6.949315,0.050000
6902,-8.851974,0.050000
6903,1.703059,0.050000
6904,-1.800344,0.050000
6905,-9.172227,0.050000
6906,-10.023652,0.050000
6907,-9.257540,0.050000
6908,-12.777078,0.050000
6909,-7.248322,0.050000
6910,-3.828150,0.050000
6911,-7.704537,0.050000
6912,-5.987545,0.050000
6913,-7.233771,0.050000
6914,-4.536660,0.050000
6915,-6.504169,0.050000
6916,-4.828328,0.050000
6917,-4.835151,0.050000
6918,-3.907491,0.050000
6919,-8.230751,0.050000
6920,-2.813126,0.050000
6921,-3.463483,0.050000
6922,-3.266213,0.050000
6923,-12.650587,0.050000
6924,-7.092335,0.050000
6925,-10.793514,0.050000
6926,-4.190453,0.050000
6927,1.263286,0.050000
6928,-6.072234,0.050000
6929,-8.487429,0.050000
6930,-9.613952,0.050000
6931,-4.216600,0.050000
6932,-9.011064,0.050000
6933,-9.039645,0.050000
6934,-7.156369,0.050000
6935,-6.513506,0.050000
6936,-2.642038,0.050000
6937,-2.504403,0.050000
6938,3.248599,0.050000
6939,-9.837630,0.050000
6940,-9.467904,0.050000
6941,-1.603237,0.050000
6942,-7.073060,0.050000
6943,-13.101974,0.050000
6944,-7.697015,0.050000
6945,-15.357548,0.050000
6946,-6.762918,0.050000
6947,-6.225229,0.050000
6948,-4.734295,0.050000
6949,-13.635424,0.050000
6950,-15.351448,0.050000
6951,0.413434,0.050000
6952,-5.236541,0.050000
6953,-1.176746,0.050000
6954,-4.079184,0.050000
6955,-2.331207,0.050000
6956,-4.787034,0.050000
6957,-8.953025,0.050000
6958,-10.379870,0.050000
6959,-4.982693,0.050000
6960,-3.705135,0.050000
6961,-6.607288,0.050000
6962,-10.566866,0.050000
6963,-7.533674,0.050000
6964,-9.506584,0.050000
6965,-7.423035,0.050000
6966,-8.166052,0.050000
6967,-5.085455,0.050000
6968,3.568093,0.050000
6969,-3.118857,0.050000
6970,-5.923729,0.050000
6971,-8.668845,0.050000
6972,-8.060886,0.050000
6973,-5.636669,0.050000
6974,-5.406448,0.050000
6975,-0.822756,0.050000
6976,-4.350282,0.050000
6977,-2.421738,0.050000
6978,-9.426036,0.050000
6979,-7.293357,0.050000
6980,1.500776,0.050000
6981,-11.691656,0.050000
6982,-2.272340,0.050000
6983,-9.512919,0.050000
6984,-5.904925,0.050000
6985,-2.457305,0.050000
6986,-7.065369,0.050000
6987,-5.077268,0.050000
6988,-9.293837,0.050000
6989,-7.666022,0.050000
6990,-7.623566,0.050000
6991,-5.379770,0.050000
6992,-1.295880,0.050000
6993,-3.503121,0.050000
6994,-3.391925,0.050000
6995,-4.798706,0.050000
6996,-4.970724,0.050000
6997,-8.985731,0.050000
6998,-8.217648,0.050000
6999,-7.556236,0.050000
7000,-6.886972,0.050000
7001,-9.599795,0.050000
7002,-2.527794,0.050000
7003,-9.468803,0.050000
7004,-13.394763,0.050000
7005,-11.299349,0.050000
7006,-2.937989,0.050000
7007,-3.933854,0.050000
7008,-9.497945,0.050000
7009,-2.543421,0.050000
7010,-12.791381,0.050000
7011,-4.833251,0.050000
7012,-5.616079,0.050000
7013,-1.378031,0.050000
7014,-8.795483,0.050000
7015,-1.417631,0.050000
7016,-16.353663,0.050000
7017,0.576904,0.050000
7018,-2.797706,0.050000
7019,-11.156012,0.050000
7020,-2.602977,0.050000
7021,-13.015415,0.050000
7022,-2.132110,0.050000
7023,-7.399196,0.050000
7024,-13.181670,0.050000
7025,-1.963970,0.050000
7026,-9.728164,0.050000
7027,-7.235919,0.050000
7028,-14.216548,0.050000
7029,-12.295966,0.050000
7030,-15.084668,0.050000
7031,2.148703,0.050000
7032,-7.370627,0.050000
7033,-1.646402,0.050000
7034,-9.269630,0.050000
7035,-11.145756,0.050000
7036,-9.864766,0.050000
7037,-9.229673,0.050000
7038,-7.919475,0.050000
7039,-18.450942,0.050000
7040,1.932653,0.050000
7041,-12.521618,0.050000
7042,-5.910650,0.050000
7043,-1.285225,0.050000
7044,-9.469500,0.050000
7045,-5.870371,0.050000
7046,-10.533428,0.050000
7047,-2.261955,0.050000
7048,-10.556454,0.050000
7049,-4.972314,0.050000
7050,-6.410860,0.050000
7051,-5.593049,0.050000
7052,-10.835388,0.050000
7053,-5.721472,0.050000
7054,-7.770186,0.050000
7055,-11.852119,0.050000
7056,-9.901315,0.050000
7057,-4.760888,0.050000
7058,-11.394973,0.050000
7059,-8.446823,0.050000
7060,-2.306511,0.050000
7061,0.033715,0.050000
7062,-8.377983,0.050000
7063,-6.725889,0.050000
7064,-4.753942,0.050000
7065,-14.024977,0.050000
7066,-7.634677,0.050000
7067,-9.058773,0.050000
7068,-7.827326,0.050000
7069,-0.446275,0.050000
7070,-4.799527,0.050000
7071,-11.573714,0.050000
7072,-4.951345,0.050000
7073,-2.320171,0.050000
7074,-8.431269,0.050000
7075,-7.770693,0.050000
7076,-11.192077,0.050000
7077,-10.434436,0.050000
7078,-3.031817,0.050000
7079,-12.683667,0.050000
7080,-5.320313,0.050000
7081,-2.296766,0.050000
7082,-7.948664,0.050000
7083,-6.342899,0.050000
7084,-5.421262,0.050000
7085,-0.337695,0.050000
7086,-2.602346,0.050000
7087,-8.524164,0.050000
7088,-11.641260,0.050000
7089,-20.818593,0.050000
7090,-13.078045,0.050000
7091,-17.618514,0.050000
7092,-7.631063,0.050000
7093,-4.043894,0.050000
7094,-6.838065,0.050000
7095,-9.251142,0.050000
7096,-8.973527,0.050000
7097,-1.569691,0.050000
7098,-9.038188,0.050000
7099,-6.546893,0.050000
7100,-5.639026,0.050000
7101,-19.733743,0.050000
7102,7.881487,0.050000
7103,-6.247057,0.050000
7104,-5.867530,0.050000
7105,-5.147618,0.050000
7106,-8.094355,0.050000
7107,-0.716763,0.050000
7108,-5.976329,0.050000
7109,-11.813500,0.050000
7110,-7.395687,0.050000
7111,-10.076202,0.050000
7112,-0.589310,0.050000
7113,-11.821665,0.050000
7114,-7.218506,0.050000
7115,-14.245406,0.050000
7116,-11.160932,0.050000
7117,-10.387096,0.050000
7118,-11.098553,0.050000
7119,-17.695205,0.050000
7120,-19.093251,0.050000
7121,-9.004076,0.050000
7122,-11.344651,0.050000
7123,-10.029763,0.050000
7124,-7.936240,0.050000
7125,-3.130007,0.050000
7126,-6.487930,0.050000
7127,-2.681848,0.050000
7128,-9.578389,0.050000
7129,-9.544168,0.050000
7130,-5.933280,0.050000
7131,-13.119601,0.050000
7132,-13.670339,0.050000
7133,-6.524405,0.050000
7134,-6.423349,0.050000
7135,-6.554355,0.050000
7136,-16.347299,0.050000
7137,-3.924776,0.050000
7138,-8.485842,0.050000
7139,-1.944247,0.050000
7140,-9.240358,0.050000
7141,-3.120938,0.050000
7142,-15.914148,0.050000
7143,-9.958224,0.050000
7144,-12.864711,0.050000
7145,-12.254484,0.050000
7146,-10.638410,0.050000
7147,-14.969788,0.050000
7148,-8.772206,0.050000
7149,-17.642003,0.050000
7150,-13.399971,0.050000
7151,-14.815372,0.050000
7152,-11.891593,0.050000
7153,-9.827917,0.050000
7154,-8.431776,0.050000
7155,-11.512993,0.050000
7156,-6.361846,0.050000
7157,-14.390604,0.050000
7158,-5.441144,0.050000
7159,-3.047973,0.050000
7160,-13.850369,0.050000
7161,-6.567657,0.050000
7162,1.702456,0.050000
7163,-2.596240,0.050000
7164,-13.157108,0.050000
7165,-9.677305,0.050000
7166,-10.707412,0.050000
7167,-8.977359,0.050000
7168,-6.350338,0.050000
7169,-18.738449,0.050000
7170,-8.712346,0.050000
7171,-2.717886,0.050000
7172,-3.315087,0.050000
7173,-2.545225,0.050000
7174,-11.471677,0.050000
7175,-18.325894,0.050000
7176,-1.086962,0.050000
7177,-10.503120,0.050000
7178,-4.645262,0.050000
7179,-13.507529,0.050000
7180,-14.329306,0.050000
7181,-8.203336,0.050000
7182,-17.252698,0.050000
7183,-9.828491,0.050000
7184,-9.134704,0.050000
7185,-6.235452,0.050000
7186,-15.138543,0.050000
7187,-7.004370,0.050000
7188,-9.604998,0.050000
7189,-15.602823,0.050000
7190,-13.328593,0.050000
7191,-12.253554,0.050000
7192,-15.545370,0.050000
7193,-12.282801,0.050000
7194,-6.583784,0.050000
7195,-9.103232,0.050000
7196,5.043044,0.050000
7197,-6.169212,0.050000
7198,-11.508585,0.050000
7199,-11.043646,0.050000
7200,-8.430066,0.050000
7201,-7.431259,0.050000
7202,-0.681206,0.050000
7203,-11.164942,0.050000
7204,-25.449476,0.050000
7205,-15.196776,0.050000
7206,-6.600811,0.050000
7207,-13.870836,0.050000
7208,-7.431117,0.050000
7209,-16.077389,0.050000
7210,-7.146864,0.050000
7211,-6.796050,0.050000
7212,-7.855260,0.050000
7213,-9.080755,0.050000
7214,-14.985310,0.050000
7215,-9.846997,0.050000
7216,-10.127297,0.050000
7217,-5.158663,0.050000
7218,-3.179527,0.050000
7219,-11.697527,0.050000
7220,-14.616830,0.050000
7221,-6.218845,0.050000
7222,-12.241867,0.050000
7223,-8.489752,0.050000
7224,-3.160761,0.050000
7225,-4.523358,0.050000
7226,-1.647698,0.050000
7227,-1.414721,0.050000
7228,-13.829310,0.050000
7229,-7.884448,0.050000
7230,-9.016144,0.050000
7231,-14.578882,0.050000
7232,-3.915276,0.050000
7233,-20.289382,0.050000
7234,-13.633523,0.050000
7235,-1.968679,0.050000
7236,-14.895507,0.050000
7237,-3.300425,0.050000
7238,-9.522792,0.050000
7239,-10.479637,0.050000
7240,-24.586248,0.050000
7241,-16.624667,0.050000
7242,-8.641521,0.050000
7243,-11.560283,0.050000
7244,-12.687666,0.050000
7245,-12.554758,0.050000
7246,-9.785093,0.050000
7247,-10.246477,0.050000
7248,-9.941234,0.050000
7249,-7.739851,0.050000
7250,-3.561054,0.050000
7251,-11.138759,0.050000
7252,-18.030638,0.050000
7253,-23.399740,0.050000
7254,-8.515807,0.050000
7255,-8.055128,0.050000
7256,-11.094307,0.050000
7257,-2.778044,0.050000
7258,-9.397153,0.050000
7259,-14.153798,0.050000
7260,-8.968790,0.050000
7261,-2.874377,0.050000
7262,-6.167486,0.050000
7263,-6.636417,0.050000
7264,-11.598335,0.050000
7265,-10.755841,0.050000
7266,-16.062411,0.050000
7267,-10.200817,0.050000
7268,-9.333085,0.050000
7269,-11.573063,0.050000
7270,-4.271586,0.050000
7271,-7.234515,0.050000
7272,-6.942513,0.050000
7273,-7.133429,0.050000
7274,-14.382796,0.050000
7275,-1.650831,0.050000
7276,-7.591894,0.050000
7277,-12.520083,0.050000
7278,-2.240371,0.050000
7279,-1.891259,0.050000
7280,-7.543466,0.050000
7281,-17.762353,0.050000
7282,-9.783759,0.050000
7283,-3.738704,0.050000
7284,-12.045852,0.050000
7285,-12.547375,0.050000
7286,-16.315556,0.050000
7287,-18.558383,0.050000
7288,-4.578341,0.050000
7289,-24.206816,0.050000
7290,-8.218361,0.050000
7291,-5.153997,0.050000
7292,-7.918675,0.050000
7293,-11.326127,0.050000
7294,2.448708,0.050000
7295,0.107265,0.050000
7296,-7.416519,0.050000
7297,2.958810,0.050000
7298,-13.520221,0.050000
7299,-13.035422,0.050000
7300,-7.984603,0.050000
7301,-9.442297,0.050000
7302,-12.624295,0.050000
7303,-13.532635,0.050000
7304,-1.940959,0.050000
7305,-7.695270,0.050000
7306,-11.297079,0.050000
7307,-13.089990,0.050000
7308,-4.524678,0.050000
7309,-12.085409,0.050000
7310,-9.463912,0.050000
7311,-10.556110,0.050000
7312,-6.973358,0.050000
7313,-8.388299,0.050000
7314,-10.126415,0.050000
7315,-14.440046,0.050000
7316,-4.896233,0.050000
7317,-13.167100,0.050000
7318,0.996718,0.050000
7319,-15.422665,0.050000
7320,1.796806,0.050000
7321,2.006975,0.050000
7322,-8.363137,0.050000
7323,-7.285402,0.050000
7324,-14.914447,0.050000
7325,-10.155303,0.050000
7326,-10.493084,0.050000
7327,-9.253618,0.050000
7328,0.793735,0.050000
7329,-6.763168,0.050000
7330,-13.944840,0.050000
7331,-9.803547,0.050000
7332,-3.853446,0.050000
7333,-13.671812,0.050000
7334,-6.191866,0.050000
7335,-4.178281,0.050000
7336,-3.101161,0.050000
7337,-4.318253,0.050000
7338,-1.318267,0.050000
7339,-12.113562,0.050000
7340,-5.595417,0.050000
7341,-14.531324,0.050000
7342,-7.177056,0.050000
7343,-2.919210,0.050000
7344,-1.890296,0.050000
7345,-5.719285,0.050000
7346,-0.770012,0.050000
7347,-4.026361,0.050000
7348,-3.054822,0.050000
7349,-0.639565,0.050000
7350,-6.520315,0.050000
7351,-16.948912,0.050000
7352,-12.274705,0.050000
7353,-6.085433,0.050000
7354,-4.452870,0.050000
7355,-3.991540,0.050000
7356,-18.159105,0.050000
7357,-6.134735,0.050000
7358,-7.470281,0.050000
7359,-21.728073,0.050000
7360,-2.008183,0.050000
7361,-7.990254,0.050000
7362,-5.895092,0.050000
7363,-7.684729,0.050000
7364,-6.938353,0.050000
7365,-3.823539,0.050000
7366,-4.228726,0.050000
7367,-4.184597,0.050000
7368,-8.032483,0.050000
7369,-4.424038,0.050000
7370,-13.573407,0.050000
7371,-12.147823,0.050000
7372,-9.906860,0.050000
7373,-11.889660,0.050000
7374,-12.536624,0.050000
7375,-13.150852,0.050000
7376,-5.092574,0.050000
7377,-15.953550,0.050000
7378,-0.340023,0.050000
7379,-21.126534,0.050000
7380,-10.597860,0.050000
7381,-9.718638,0.050000
7382,-12.297594,0.050000
7383,-8.488852,0.050000
7384,-10.370892,0.050000
7385,-18.688476,0.050000
7386,-6.335925,0.050000
7387,-8.417264,0.050000
7388,-24.469498,0.050000
7389,-6.648644,0.050000
7390,-11.654728,0.050000
7391,-10.920555,0.050000
7392,-9.153559,0.050000
7393,-10.654553,0.050000
7394,-15.348921,0.050000
7395,-16.896591,0.050000
7396,-3.831884,0.050000
7397,-6.805538,0.050000
7398,-10.933744,0.050000
7399,-9.874379,0.050000
7400,-12.592864,0.050000
7401,-7.367580,0.050000
7402,-11.052605,0.050000
7403,-6.757305,0.050000
7404,-5.835421,0.050000
7405,-11.232702,0.050000
7406,-6.858271,0.050000
7407,-8.474852,0.050000
7408,-6.314565,0.050000
7409,-15.578034,0.050000
7410,-8.500146,0.050000
7411,-15.983201,0.050000
7412,-6.479070,0.050000
7413,-14.938733,0.050000
7414,-6.247344,0.050000
7415,-13.043503,0.050000
7416,-6.528661,0.050000
7417,-17.825180,0.050000
7418,-8.051156,0.050000
7419,-9.412073,0.050000
7420,-3.583865,0.050000
7421,-7.434262,0.050000
7422,-10.497655,0.050000
7423,-16.844875,0.050000
7424,-11.525913,0.050000
7425,-8.230993,0.050000
7426,-6.494718,0.050000
7427,-12.598423,0.050000
7428,-7.011107,0.050000
7429,-10.920338,0.050000
7430,-6.395384,0.050000
7431,-11.912495,0.050000
7432,-7.064396,0.050000
7433,-5.312351,0.050000
7434,-19.154766,0.050000
7435,-9.980204,0.050000
7436,-9.308622,0.050000
7437,-3.613701,0.050000
7438,-10.559192,0.050000
7439,-11.150553,0.050000
7440,-10.201127,0.050000
7441,0.051006,0.050000
7442,-7.565536,0.050000
7443,-13.136537,0.050000
7444,-16.328061,0.050000
7445,-5.114892,0.050000
7446,-11.399926,0.050000
7447,-15.911975,0.050000
7448,-10.361619,0.050000
7449,-11.876334,0.050000
7450,-8.611093,0.050000
7451,-12.632679,0.050000
7452,-6.590667,0.050000
7453,-5.907065,0.050000
7454,-20.388297,0.050000
7455,-5.373910,0.050000
7456,-6.973603,0.050000
7457,-15.265669,0.050000
7458,-9.432966,0.050000
7459,-7.882970,0.050000
7460,-16.248189,0.050000
7461,-13.771241,0.050000
7462,-13.643480,0.050000
7463,-12.615772,0.050000
7464,-11.019099,0.050000
7465,0.311774,0.050000
7466,-9.037137,0.050000
7467,-7.037222,0.050000
7468,-19.585033,0.050000
7469,-9.359826,0.050000
7470,-17.545977,0.050000
7471,-10.994737,0.050000
7472,-13.524727,0.050000
7473,-18.320017,0.050000
7474,-3.373768,0.050000
7475,-5.974882,0.050000
7476,-1.140929,0.050000
7477,-5.774357,0.050000
7478,-15.542903,0.050000
7479,-11.142316,0.050000
7480,-4.516614,0.050000
7481,-7.722225,0.050000
7482,-3.402161,0.050000
7483,-21.731870,0.050000
7484,-16.185942,0.050000
7485,-10.333454,0.050000
7486,-3.893898,0.050000
7487,-11.852077,0.050000
7488,-7.450287,0.050000
7489,-24.167642,0.050000
7490,-12.233438,0.050000
7491,-16.636037,0.050000
7492,-6.566311,0.050000
7493,-16.426918,0.050000
7494,-3.686998,0.050000
7495,-13.836335,0.050000
7496,-15.183405,0.050000
7497,-13.023871,0.050000
7498,-4.657054,0.050000
7499,-16.134333,0.050000
7500,-4.028519,0.050000
7501,-7.582389,0.050000
7502,-17.956982,0.050000
7503,-1.678111,0.050000
7504,-11.761104,0.050000
7505,-6.042293,0.050000
7506,-10.383857,0.050000
7507,-18.585224,0.050000
7508,-5.366495,0.050000
7509,-8.045531,0.050000
7510,-8.758341,0.050000
7511,-1.113122,0.050000
7512,-8.478820,0.050000
7513,-0.759914,0.050000
7514,-9.948887,0.050000
7515,-7.799551,0.050000
7516,-20.827794,0.050000
7517,-5.172394,0.050000
7518,-18.870674,0.050000
7519,-4.390721,0.050000
7520,-9.561679,0.050000
7521,-1.020490,0.050000
7522,-9.423372,0.050000
7523,-15.820704,0.050000
7524,-6.931294,0.050000
7525,-4.847395,0.050000
7526,-8.653231,0.050000
7527,-5.660916,0.050000
7528,-4.454788,0.050000
7529,2.806576,0.050000
7530,-8.593225,0.050000
7531,-9.680094,0.050000
7532,-9.485714,0.050000
7533,-6.030849,0.050000
7534,-15.909874,0.050000
7535,-9.633200,0.050000
7536,-12.214893,0.050000
7537,0.843227,0.050000
7538,-0.827756,0.050000
7539,-5.148086,0.050000
7540,-10.778050,0.050000
7541,-3.576771,0.050000
7542,-2.533739,0.050000
7543,-5.090740,0.050000
7544,-13.468755,0.050000
7545,-9.257681,0.050000
7546,-8.249877,0.050000
7547,-8.835679,0.050000
7548,-11.971914,0.050000
7549,-2.813630,0.050000
7550,-14.393787,0.050000
7551,-10.879404,0.050000
7552,-5.702620,0.050000
7553,-7.789428,0.050000
7554,-25.567771,0.050000
7555,-4.532331,0.050000
7556,-8.761786,0.050000
7557,-2.505926,0.050000
7558,-9.334983,0.050000
7559,-3.965263,0.050000
7560,0.037405,0.050000
7561,-11.961408,0.050000
7562,-7.312479,0.050000
7563,-7.170003,0.050000
7564,-9.391845,0.050000
7565,-8.999057,0.050000
7566,-7.013439,0.050000
7567,-5.144877,0.050000
7568,-9.742800,0.050000
7569,-4.871285,0.050000
7570,-21.710771,0.050000
7571,-14.870477,0.050000
7572,-5.237834,0.050000
7573,-6.492692,0.050000
7574,-9.054871,0.050000
7575,-6.182512,0.050000
7576,-4.815742,0.050000
7577,-15.783029,0.050000
7578,-10.105751,0.050000
7579,-10.454519,0.050000
7580,-5.084264,0.050000
7581,-6.641365,0.050000
7582,-18.572273,0.050000
7583,-3.991525,0.050000
7584,-9.289681,0.050000
7585,-0.292340,0.050000
7586,-5.104772,0.050000
7587,-16.168199,0.050000
7588,-8.513172,0.050000
7589,-5.345174,0.050000
7590,-17.569332,0.050000
7591,-1.951019,0.050000
7592,-13.365880,0.050000
7593,-2.212169,0.050000
7594,-12.568435,0.050000
7595,-3.775240,0.050000
7596,-17.538651,0.050000
7597,-16.916972,0.050000
7598,-9.667296,0.050000
7599,-13.102896,0.050000
7600,-15.789479,0.050000
7601,-16.107662,0.050000
7602,-9.020089,0.050000
7603,-11.226653,0.050000
7604,-12.952641,0.050000
7605,-3.756295,0.050000
7606,-13.029770,0.050000
7607,-8.697874,0.050000
7608,-16.546815,0.050000
7609,-12.059770,0.050000
7610,1.403097,0.050000
7611,-16.462735,0.050000
7612,-17.994109,0.050000
7613,-11.172202,0.050000
7614,-6.998511,0.050000
7615,-8.507527,0.050000
7616,-5.503369,0.050000
7617,-18.505615,0.050000
7618,-13.906796,0.050000
7619,-5.347677,0.050000
7620,-6.267803,0.050000
7621,-16.376782,0.050000
7622,-11.148123,0.050000
7623,-6.788583,0.050000
7624,-14.601828,0.050000
7625,-16.677341,0.050000
7626,-8.472165,0.050000
7627,-16.521299,0.050000
7628,-9.029834,0.050000
7629,-5.469009,0.050000
7630,-11.214615,0.050000
7631,-18.302420,0.050000
7632,-11.143635,0.050000
7633,-22.916633,0.050000
7634,-12.271891,0.050000
7635,-7.714087,0.050000
7636,-27.473155,0.050000
7637,-22.681900,0.050000
7638,-3.914078,0.050000
7639,-11.878029,0.050000
7640,-2.764146,0.050000
7641,-11.139243,0.050000
7642,-14.998786,0.050000
7643,-8.468141,0.050000
7644,-6.506694,0.050000
7645,-2.998970,0.050000
7646,-16.230133,0.050000
7647,-7.868672,0.050000
7648,-14.208383,0.050000
7649,-1.949494,0.050000
7650,-15.013783,0.050000
7651,-16.506312,0.050000
7652,-12.218866,0.050000
7653,-14.993409,0.050000
7654,-3.133837,0.050000
7655,-9.964131,0.050000
7656,-17.088672,0.050000
7657,-16.735938,0.050000
7658,-19.319794,0.050000
7659,-16.596597,0.050000
7660,-15.251075,0.050000
7661,-7.751056,0.050000
7662,-2.509563,0.050000
7663,-8.706872,0.050000
7664,-11.300962,0.050000
7665,-15.234864,0.050000
7666,-9.825901,0.050000
7667,-5.814533,0.050000
7668,-11.043133,0.050000
7669,-4.715465,0.050000
7670,-11.519720,0.050000
7671,-13.002271,0.050000
7672,-8.688850,0.050000
7673,-17.513323,0.050000
7674,-13.039180,0.050000
7675,-5.624836,0.050000
7676,-3.394711,0.050000
7677,-21.315275,0.050000
7678,-6.951105,0.050000
7679,-21.310487,0.050000
7680,-20.934358,0.050000
7681,-16.106561,0.050000
7682,-2.865875,0.050000
7683,-4.212853,0.050000
7684,-13.760567,0.050000
7685,-12.787417,0.050000
7686,-1.580138,0.050000
7687,-17.083283,0.050000
7688,-5.595558,0.050000
7689,-11.083561,0.050000
7690,-8.787674,0.050000
7691,-18.765141,0.050000
7692,-21.285543,0.050000
7693,4.343902,0.050000
7694,-12.049606,0.050000
7695,-15.274516,0.050000
7696,-7.494109,0.050000
7697,-20.038354,0.050000
7698,-10.009547,0.050000
7699,-16.368279,0.050000
7700,-18.384440,0.050000
7701,-11.535109,0.050000
7702,-13.228633,0.050000
7703,-16.718732,0.050000
7704,-9.783647,0.050000
7705,-16.055614,0.050000
7706,-8.709680,0.050000
7707,-23.276989,0.050000
7708,-22.613201,0.050000
7709,-10.995643,0.050000
7710,-4.847386,0.050000
7711,-20.515850,0.050000
7712,-20.576965,0.050000
7713,-12.182174,0.050000
7714,-14.960376,0.050000
7715,-10.224258,0.050000
7716,-9.629306,0.050000
7717,-14.942580,0.050000
7718,-10.837344,0.050000
7719,-15.380298,0.050000
7720,-6.655084,0.050000
7721,-10.178634,0.050000
7722,-7.960856,0.050000
7723,-13.023544,0.050000
7724,-16.423848,0.050000
7725,-13.996595,0.050000
7726,-10.581675,0.050000
7727,-19.212437,0.050000
7728,-21.446682,0.050000
7729,-22.202508,0.050000
7730,-11.496887,0.050000
7731,-10.854660,0.050000
7732,-15.946808,0.050000
7733,-3.217128,0.050000
7734,-9.694831,0.050000
7735,-13.050545,0.050000
7736,-12.321233,0.050000
7737,-9.226454,0.050000
7738,-17.230863,0.050000
7739,-11.875031,0.050000
7740,-18.938460,0.050000
7741,-22.818416,0.050000
7742,-19.293213,0.050000
7743,-14.189025,0.050000
7744,-17.888319,0.050000
7745,-18.618264,0.050000
7746,-6.946504,0.050000
7747,-21.276902,0.050000
7748,-17.835928,0.050000
7749,-7.732409,0.050000
7750,-10.951979,0.050000
7751,-2.846753,0.050000
7752,-16.778644,0.050000
7753,-6.729634,0.050000
7754,-3.232813,0.050000
7755,-16.342711,0.050000
7756,-14.189828,0.050000
7757,-28.227881,0.050000
7758,-14.701362,0.050000
7759,-25.132055,0.050000
7760,-9.218148,0.050000
7761,-7.835854,0.050000
7762,-9.827001,0.050000
7763,-20.690404,0.050000
7764,-18.202779,0.050000
7765,-22.689725,0.050000
7766,-25.278545,0.050000
7767,-18.236490,0.050000
7768,-23.458112,0.050000
7769,-3.768518,0.050000
7770,-5.117203,0.050000
7771,-17.557557,0.050000
7772,-14.131754,0.050000
7773,-10.928778,0.050000
7774,-15.517898,0.050000
7775,-4.612018,0.050000
7776,-12.138512,0.050000
7777,-12.664257,0.050000
7778,-13.854042,0.050000
7779,-13.525151,0.050000
7780,-16.802655,0.050000
7781,-13.377254,0.050000
7782,-12.400849,0.050000
7783,-9.635340,0.050000
7784,-10.607081,0.050000
7785,-12.589486,0.050000
7786,-5.904602,0.050000
7787,-18.745793,0.050000
7788,-9.225428,0.050000
7789,-14.181609,0.050000
7790,-18.778319,0.050000
7791,-18.068246,0.050000
7792,-13.958786,0.050000
7793,-16.702724,0.050000
7794,-9.963055,0.050000
7795,-13.769250,0.050000
7796,-13.982166,0.050000
7797,-10.427122,0.050000
7798,-8.613689,0.050000
7799,-13.059277,0.050000
7800,-8.631952,0.050000
7801,-16.984376,0.050000
7802,-7.857515,0.050000
7803,-18.461000,0.050000
7804,-17.989152,0.050000
7805,-10.122359,0.050000
7806,-11.510920,0.050000
7807,-10.384885,0.050000
7808,-11.385963,0.050000
7809,-7.504871,0.050000
7810,-6.087142,0.050000
7811,-6.459088,0.050000
7812,-16.593428,0.050000
7813,-20.202825,0.050000
7814,-8.056377,0.050000
7815,-8.131010,0.050000
7816,-15.267377,0.050000
7817,-3.592970,0.050000
7818,-26.108496,0.050000
7819,-11.249844,0.050000
7820,-9.272849,0.050000
7821,-13.815912,0.050000
7822,-18.690098,0.050000
7823,-18.764427,0.050000
7824,-8.923042,0.050000
7825,-11.868153,0.050000
7826,-18.741366,0.050000
7827,-8.149243,0.050000
7828,-10.725475,0.050000
7829,-7.003224,0.050000
7830,7.426154,0.050000
7831,-11.230845,0.050000
7832,-3.827712,0.050000
7833,-2.863480,0.050000
7834,-3.583295,0.050000
7835,-17.083034,0.050000
7836,-9.912794,0.050000
7837,-11.145522,0.050000
7838,-5.959639,0.050000
7839,-1.637976,0.050000
7840,-10.387989,0.050000
7841,-4.264384,0.050000
7842,-11.304902,0.050000
7843,-4.260504,0.050000
7844,-11.711767,0.050000
7845,-6.718832,0.050000
7846,-8.212629,0.050000
7847,-3.440931,0.050000
7848,-0.736604,0.050000
7849,-11.786401,0.050000
7850,-3.068755,0.050000
7851,-2.684684,0.050000
7852,-8.370501,0.050000
7853,-2.091764,0.050000
7854,-3.971542,0.050000
7855,-7.753278,0.050000
7856,-9.159112,0.050000
7857,-11.755203,0.050000
7858,-12.936687,0.050000
7859,-10.342202,0.050000
7860,-5.133470,0.050000
7861,-10.868606,0.050000
7862,-0.529824,0.050000
7863,-8.096600,0.050000
7864,-9.386426,0.050000
7865,-1.967733,0.050000
7866,-7.001004,0.050000
7867,-9.328217,0.050000
7868,-13.127334,0.050000
7869,-12.283681,0.050000
7870,-9.293722,0.050000
7871,-7.081639,0.050000
7872,-7.288113,0.050000
7873,-11.253557,0.050000
7874,-13.716037,0.050000
7875,-4.388882,0.050000
7876,-12.486812,0.050000
7877,0.051260,0.050000
7878,-5.576841,0.050000
7879,-2.134970,0.050000
7880,-4.234524,0.050000
7881,-11.164172,0.050000
7882,-9.449221,0.050000
7883,-4.357177,0.050000
7884,-1.646292,0.050000
7885,-5.684829,0.050000
7886,-10.270328,0.050000
7887,-11.462632,0.050000
7888,-7.901243,0.050000
7889,-14.391529,0.050000
7890,-4.843014,0.050000
7891,-5.430152,0.050000
7892,-10.441446,0.050000
7893,-10.746523,0.050000
7894,-14.897314,0.050000
7895,-14.732934,0.050000
7896,-12.951472,0.050000
7897,-8.248264,0.050000
7898,-8.716095,0.050000
7899,-8.272731,0.050000
7900,-19.466867,0.050000
7901,-14.928698,0.050000
7902,-5.120971,0.050000
7903,-9.796293,0.050000
7904,-18.530864,0.050000
7905,-12.210707,0.050000
7906,-2.506817,0.050000
7907,-8.915263,0.050000
7908,-13.600894,0.050000
7909,-7.957864,0.050000
7910,-11.064654,0.050000
7911,-6.574394,0.050000
7912,-20.359208,0.050000
7913,-14.747443,0.050000
7914,-14.503805,0.050000
7915,-8.144988,0.050000
7916,-9.396961,0.050000
7917,-5.635948,0.050000
7918,-9.086212,0.050000
7919,-6.150155,0.050000
7920,-0.069883,0.050000
7921,1.419463,0.050000
7922,-12.334908,0.050000
7923,-14.559948,0.050000
7924,-14.401129,0.050000
7925,-9.106422,0.050000
7926,-7.881351,0.050000
7927,-10.144498,0.050000
7928,3.327486,0.050000
7929,-11.082933,0.050000
7930,-11.359945,0.050000
7931,-14.278784,0.050000
7932,-13.473854,0.050000
7933,-21.793103,0.050000
7934,-15.294386,0.050000
7935,-6.406270,0.050000
7936,-4.609249,0.050000
7937,-4.462344,0.050000
7938,-5.947740,0.050000
7939,-6.407863,0.050000
7940,-8.685001,0.050000
7941,-12.039035,0.050000
7942,-13.296551,0.050000
7943,-16.890518,0.050000
7944,-8.673622,0.050000
7945,-8.229820,0.050000
7946,-10.779738,0.050000
7947,-11.868289,0.050000
7948,1.770665,0.050000
7949,-7.194146,0.050000
7950,-9.697675,0.050000
7951,-13.437321,0.050000
7952,-12.820183,0.050000
7953,-1.092965,0.050000
7954,-7.310640,0.050000
7955,-5.185409,0.050000
7956,-6.560508,0.050000
7957,-6.116976,0.050000
7958,-10.673532,0.050000
7959,-11.921573,0.050000
7960,-6.463865,0.050000
7961,-20.109040,0.050000
7962,-0.145696,0.050000
7963,-4.978553,0.050000
7964,-5.244032,0.050000
7965,-3.980797,0.050000
7966,-2.568045,0.050000
7967,-4.597678,0.050000
7968,-12.069467,0.050000
7969,-3.309135,0.050000
7970,-9.310691,0.050000
7971,-3.230201,0.050000
7972,-6.537499,0.050000
7973,4.508370,0.050000
7974,-9.149436,0.050000
7975,-22.764177,0.050000
7976,-11.965396,0.050000
7977,-11.238021,0.050000
7978,-9.917680,0.050000
7979,-13.241590,0.050000
7980,-10.503161,0.050000
7981,-7.166386,0.050000
7982,-8.053651,0.050000
7983,-3.435406,0.050000
7984,-6.253725,0.050000
7985,-9.938548,0.050000
7986,-0.696449,0.050000
7987,-16.028044,0.050000
7988,-8.849367,0.050000
7989,-15.442310,0.050000
7990,-2.619658,0.050000
7991,-8.162930,0.050000
7992,-10.996771,0.050000
7993,-14.387326,0.050000
7994,-18.936353,0.050000
7995,-5.405056,0.050000
7996,-10.585900,0.050000
7997,-6.115250,0.050000
7998,-12.184311,0.050000
7999,-12.158663,0.050000
8000,-11.479963,0.050000
8001,-11.367275,0.050000
8002,-14.033606,0.050000
8003,-10.911497,0.050000
8004,-1.536350,0.050000
8005,-18.276149,0.050000
8006,-15.057798,0.050000
8007,-3.793173,0.050000
8008,-13.147447,0.050000
8009,-10.331823,0.050000
8010,-20.328487,0.050000
8011,-3.409440,0.050000
8012,-2.936019,0.050000
8013,-8.532317,0.050000
8014,-7.308759,0.050000
8015,-10.793681,0.050000
8016,-15.535505,0.050000
8017,-9.175008,0.050000
8018,-5.618060,0.050000
8019,-16.063752,0.050000
8020,-8.471256,0.050000
8021,-16.645950,0.050000
8022,-11.693658,0.050000
8023,-3.934548,0.050000
8024,-7.169105,0.050000
8025,-12.279023,0.050000
8026,-11.630180,0.050000
8027,-4.460679,0.050000
8028,-9.854291,0.050000
8029,-8.088114,0.050000
8030,-6.269502,0.050000
8031,-3.853515,0.050000
8032,-11.193374,0.050000
8033,-11.965313,0.050000
8034,-13.714824,0.050000
8035,-2.457377,0.050000
8036,-1.376947,0.050000
8037,0.050439,0.050000
8038,-7.009545,0.050000
8039,-6.281230,0.050000
8040,-4.838520,0.050000
8041,2.875466,0.050000
8042,-2.485608,0.050000
8043,-5.611291,0.050000
8044,-15.858735,0.050000
8045,-14.216965,0.050000
8046,-18.275053,0.050000
8047,-14.141300,0.050000
8048,-7.195511,0.050000
8049,-4.863753,0.050000
8050,-3.645260,0.050000
8051,-6.484440,0.050000
8052,-8.706323,0.050000
8053,-11.029226,0.050000
8054,-2.356571,0.050000
8055,-10.379286,0.050000
8056,-7.581701,0.050000
8057,-12.196936,0.050000
8058,-12.254913,0.050000
8059,-15.890183,0.050000
8060,-9.757042,0.050000
8061,-7.406251,0.050000
8062,-5.019542,0.050000
8063,-10.960283,0.050000
8064,-3.944470,0.050000
8065,-3.860917,0.050000
8066,-8.666090,0.050000
8067,-5.509443,0.050000
8068,-12.184859,0.050000
8069,-16.314324,0.050000
8070,-11.130859,0.050000
8071,-12.014645,0.050000
8072,-8.857040,0.050000
8073,-14.921138,0.050000
8074,-11.304990,0.050000
8075,-12.636859,0.050000
8076,-7.567337,0.050000
8077,-23.407291,0.050000
8078,0.710898,0.050000
8079,-15.185868,0.050000
8080,-4.672973,0.050000
8081,-13.692880,0.050000
8082,-4.761518,0.050000
8083,-3.849815,0.050000
8084,-19.102711,0.050000
8085,-3.065379,0.050000
8086,-2.876453,0.050000
8087,-12.709796,0.050000
8088,-11.639791,0.050000
8089,-4.595407,0.050000
8090,-13.975101,0.050000
8091,-8.710862,0.050000
8092,-11.220104,0.050000
8093,-10.660146,0.050000
8094,-12.326284,0.050000
8095,-8.232822,0.050000
8096,-3.931822,0.050000
8097,-6.811020,0.050000
8098,-14.475531,0.050000
8099,-13.062317,0.050000
8100,-7.931087,0.050000
8101,-2.175942,0.050000
8102,-8.602833,0.050000
8103,-1.645305,0.050000
8104,-14.273542,0.050000
8105,-15.764301,0.050000
8106,-14.152889,0.050000
8107,-9.509705,0.050000
8108,-6.250029,0.050000
8109,-7.906276,0.050000
8110,-2.533102,0.050000
8111,-14.096565,0.050000
8112,-12.586550,0.050000
8113,-18.162281,0.050000
8114,-8.876388,0.050000
8115,-9.058515,0.050000
8116,-1.847493,0.050000
8117,3.116593,0.050000
8118,-10.736204,0.050000
8119,-11.101058,0.050000
8120,-3.736379,0.050000
8121,2.638434,0.050000
8122,-8.091555,0.050000
8123,-8.623822,0.050000
8124,0.590502,0.050000
8125,-12.508671,0.050000
8126,-7.129561,0.050000
8127,-5.737180,0.050000
8128,-8.957647,0.050000
8129,-18.298514,0.050000
8130,-5.354871,0.050000
8131,-9.254231,0.050000
8132,-10.290505,0.050000
8133,-4.432693,0.050000
8134,-10.231909,0.050000
8135,-7.951441,0.050000
8136,-9.743203,0.050000
8137,-3.525797,0.050000
8138,-11.248515,0.050000
8139,-6.444447,0.050000
8140,-4.870445,0.050000
8141,-11.223467,0.050000
8142,-15.366258,0.050000
8143,3.645566,0.050000
8144,-6.177674,0.050000
8145,-0.848429,0.050000
8146,-6.720911,0.050000
8147,-3.073532,0.050000
8148,-7.733691,0.050000
8149,0.151563,0.050000
8150,-12.800297,0.050000
8151,-7.047452,0.050000
8152,-7.490347,0.050000
8153,-11.638494,0.050000
8154,-8.743928,0.050000
8155,-6.930306,0.050000
8156,-13.622024,0.050000
8157,5.511008,0.050000
8158,-14.176663,0.050000
8159,-14.380696,0.050000
8160,-4.574186,0.050000
8161,-7.439129,0.050000
8162,-6.010024,0.050000
8163,-11.962981,0.050000
8164,-4.257119,0.050000
8165,-3.599103,0.050000
8166,-5.658386,0.050000
8167,-3.563934,0.050000
8168,-7.064638,0.050000
8169,-19.205772,0.050000
8170,-15.843444,0.050000
8171,-12.687855,0.050000
8172,-7.019066,0.050000
8173,-16.554874,0.050000
8174,0.080691,0.050000
8175,-3.422139,0.050000
8176,-7.327086,0.050000
8177,-5.092492,0.050000
8178,-20.237151,0.050000
8179,1.645645,0.050000
8180,-17.935659,0.050000
8181,-6.284420,0.050000
8182,-13.443960,0.050000
8183,-7.762058,0.050000
8184,-8.936718,0.050000
8185,-10.286063,0.050000
8186,-8.506413,0.050000
8187,-5.207719,0.050000
8188,-14.515150,0.050000
8189,-5.134991,0.050000
8190,-7.007209,0.050000
8191,-4.604753,0.050000
8192,-7.815659,0.050000
8193,-10.116539,0.050000
8194,-9.480475,0.050000
8195,-9.990461,0.050000
8196,-9.021110,0.050000
8197,-11.128027,0.050000
8198,-9.958604,0.050000
8199,-14.837731,0.050000
8200,-6.667351,0.050000
8201,-3.369826,0.050000
8202,-13.731686,0.050000
8203,-10.798821,0.050000
8204,-11.185245,0.050000
8205,-4.171857,0.050000
8206,-3.394189,0.050000
8207,-3.357947,0.050000
8208,-5.321718,0.050000
8209,-4.243801,0.050000
8210,-10.669157,0.050000
8211,-8.071252,0.050000
8212,-12.864880,0.050000
8213,-7.884917,0.050000
8214,-7.936812,0.050000
8215,-16.129603,0.050000
8216,-11.097253,0.050000
8217,-3.891258,0.050000
8218,-18.485169,0.050000
8219,-13.759001,0.050000
8220,-4.751874,0.050000
8221,-11.887113,0.050000
8222,-8.183547,0.050000
8223,-13.873899,0.050000
8224,-9.338358,0.050000
8225,-1.236880,0.050000
8226,-14.117459,0.050000
8227,-8.715737,0.050000
8228,-17.727528,0.050000
8229,-11.385170,0.050000
8230,-3.689860,0.050000
8231,-5.267475,0.050000
8232,-10.454187,0.050000
8233,-1.423989,0.050000
8234,-18.741601,0.050000
8235,-13.556347,0.050000
8236,-13.790983,0.050000
8237,-12.880460,0.050000
8238,-9.709905,0.050000
8239,-2.482417,0.050000
8240,-15.703687,0.050000
8241,-3.884936,0.050000
8242,-6.376840,0.050000
8243,-12.694825,0.050000
8244,-0.370127,0.050000
8245,-8.550308,0.050000
8246,-13.941785,0.050000
8247,-0.142988,0.050000
8248,-3.857452,0.050000
8249,-8.627179,0.050000
8250,5.329402,0.050000
8251,-3.151169,0.050000
8252,-11.328179,0.050000
8253,-0.609427,0.050000
8254,-13.703599,0.050000
8255,-6.022766,0.050000
8256,-1.784783,0.050000
8257,-3.646972,0.050000
8258,-5.228310,0.050000
8259,-13.049858,0.050000
8260,-6.997994,0.050000
8261,-0.131275,0.050000
8262,1.457937,0.050000
8263,-5.192035,0.050000
8264,-5.411570,0.050000
8265,-8.235641,0.050000
8266,2.114047,0.050000
8267,-5.043269,0.050000
8268,-3.948683,0.050000
8269,-12.447660,0.050000
8270,-9.366266,0.050000
8271,-6.402358,0.050000
8272,-6.203767,0.050000
8273,-15.295224,0.050000
8274,-6.934257,0.050000
8275,-11.161223,0.050000
8276,-12.583015,0.050000
8277,-5.385814,0.050000
8278,0.243147,0.050000
8279,-7.921676,0.050000
8280,-15.736026,0.050000
8281,-2.771947,0.050000
8282,-13.466047,0.050000
8283,-9.648361,0.050000
8284,-7.898780,0.050000
8285,-15.961957,0.050000
8286,-6.269115,0.050000
8287,0.263307,0.050000
8288,-11.715821,0.050000
8289,-2.706482,0.050000
8290,-14.936909,0.050000
8291,-5.621835,0.050000
8292,-5.614257,0.050000
8293,-6.022489,0.050000
8294,-6.630006,0.050000
8295,-11.015408,0.050000
8296,-9.346006,0.050000
8297,-8.198214,0.050000
8298,-0.768305,0.050000
8299,-7.707381,0.050000
8300,-4.421430,0.050000
8301,-12.574101,0.050000
8302,-3.408548,0.050000
8303,6.711736,0.050000
8304,-8.968581,0.050000
8305,-12.471975,0.050000
8306,-12.673514,0.050000
8307,-6.573050,0.050000
8308,-1.247934,0.050000
8309,-2.315555,0.050000
8310,-9.330415,0.050000
8311,-3.631600,0.050000
8312,-5.046743,0.050000
8313,-7.438407,0.050000
8314,-0.304330,0.050000
8315,-13.099298,0.050000
8316,-9.355742,0.050000
8317,-1.834583,0.050000
8318,-8.042658,0.050000
8319,-8.278560,0.050000
8320,-13.047221,0.050000
8321,-10.915338,0.050000
8322,-7.592682,0.050000
8323,-14.677344,0.050000
8324,-5.889326,0.050000
8325,-2.675531,0.050000
8326,-11.157213,0.050000
8327,-11.195111,0.050000
8328,-14.025075,0.050000
8329,-13.769419,0.050000
8330,-1.199286,0.050000
8331,-4.634503,0.050000
8332,-1.770750,0.050000
8333,-6.776650,0.050000
8334,0.272264,0.050000
8335,-7.444830,0.050000
8336,-1.802911,0.050000
8337,-2.916926,0.050000
8338,-6.027691,0.050000
8339,-7.616852,0.050000
8340,-16.533988,0.050000
8341,-1.177985,0.050000
8342,-11.009055,0.050000
8343,1.405576,0.050000
8344,-10.424428,0.050000
8345,-9.763672,0.050000
8346,-1.492391,0.050000
8347,-3.966030,0.050000
8348,-5.924710,0.050000
8349,-6.323542,0.050000
8350,-6.783502,0.050000
8351,-11.387800,0.050000
8352,-3.480314,0.050000
8353,-2.542647,0.050000
8354,-13.480971,0.050000
8355,-4.133634,0.050000
8356,-5.325751,0.050000
8357,3.134337,0.050000
8358,-5.050889,0.050000
8359,-8.021991,0.050000
8360,-6.876935,0.050000
8361,-11.078809,0.050000
8362,-8.632411,0.050000
8363,-14.896519,0.050000
8364,-6.125212,0.050000
8365,-7.911977,0.050000
8366,1.334511,0.050000
8367,-9.593844,0.050000
8368,-5.001989,0.050000
8369,-2.600665,0.050000
8370,-4.284077,0.050000
8371,-13.080560,0.050000
8372,-13.426359,0.050000
8373,-5.749704,0.050000
8374,-3.075999,0.050000
8375,-4.439775,0.050000
8376,-8.635169,0.050000
8377,-6.933244,0.050000
8378,-8.209582,0.050000
8379,-3.314105,0.050000
8380,-7.779584,0.050000
8381,-8.272442,0.050000
8382,-9.420172,0.050000
8383,-17.151332,0.050000
8384,-3.728981,0.050000
8385,-9.062777,0.050000
8386,-10.769612,0.050000
8387,-1.680568,0.050000
8388,-10.489702,0.050000
8389,-6.819712,0.050000
8390,-6.409364,0.050000
8391,0.416247,0.050000
8392,-2.976907,0.050000
8393,-16.043155,0.050000
8394,-0.814017,0.050000
8395,-6.470723,0.050000
8396,-11.443604,0.050000
8397,-3.976449,0.050000
8398,-2.578141,0.050000
8399,1.004221,0.050000
8400,-4.664091,0.050000
8401,-4.114575,0.050000
8402,-7.720866,0.050000
8403,-12.007882,0.050000
8404,-7.753099,0.050000
8405,-9.881710,0.050000
8406,-7.343361,0.050000
8407,-6.151350,0.050000
8408,-15.612465,0.050000
8409,-9.529850,0.050000
8410,1.648556,0.050000
8411,-8.896143,0.050000
8412,-14.419932,0.050000
8413,-2.127643,0.050000
8414,-1.805886,0.050000
8415,-7.305569,0.050000
8416,-8.898354,0.050000
8417,-8.404046,0.050000
8418,-8.924559,0.050000
8419,-2.108563,0.050000
8420,-13.552216,0.050000
8421,-3.333774,0.050000
8422,-5.571985,0.050000
8423,-8.358173,0.050000
8424,-0.846365,0.050000
8425,-5.366695,0.050000
8426,-11.029065,0.050000
8427,-11.363772,0.050000
8428,-13.020261,0.050000
8429,-17.820964,0.050000
8430,-13.715044,0.050000
8431,-2.722750,0.050000
8432,-6.988983,0.050000
8433,-6.055789,0.050000
8434,-8.690395,0.050000
8435,-6.235828,0.050000
8436,-14.241193,0.050000
8437,-0.092025,0.050000
8438,-2.449265,0.050000
8439,-12.086265,0.050000
8440,-5.012319,0.050000
8441,-7.933495,0.050000
8442,-11.769923,0.050000
8443,-13.748487,0.050000
8444,-7.797331,0.050000
8445,-12.208317,0.050000
8446,-4.520522,0.050000
8447,-11.826023,0.050000
8448,-3.348158,0.050000
8449,-0.817816,0.050000
8450,-16.364391,0.050000
8451,-11.881442,0.050000
8452,-3.589598,0.050000
8453,-10.600698,0.050000
8454,-11.804474,0.050000
8455,-16.285977,0.050000
8456,-11.307310,0.050000
8457,-11.140336,0.050000
8458,-13.730333,0.050000
8459,-12.357830,0.050000
8460,-4.557854,0.050000
8461,-7.352922,0.050000
8462,-9.938113,0.050000
8463,-3.060810,0.050000
8464,-17.806976,0.050000
8465,-12.591298,0.050000
8466,-10.146365,0.050000
8467,-10.396736,0.050000
8468,-11.834401,0.050000
8469,-13.511008,0.050000
8470,-16.464140,0.050000
8471,-18.974721,0.050000
8472,-9.083554,0.050000
8473,-12.445041,0.050000
8474,-9.773960,0.050000
8475,-8.129481,0.050000
8476,-8.566068,0.050000
8477,-11.649239,0.050000
8478,-3.098875,0.050000
8479,-12.251794,0.050000
8480,-14.359092,0.050000
8481,-4.933650,0.050000
8482,-1.092324,0.050000
8483,-12.003470,0.050000
8484,-9.250134,0.050000
8485,-4.438870,0.050000
8486,-13.648372,0.050000
8487,-5.417004,0.050000
8488,-14.902182,0.050000
8489,-4.463390,0.050000
8490,-10.636474,0.050000
8491,-3.442990,0.050000
8492,-7.287603,0.050000
8493,-7.723514,0.050000
8494,-9.939964,0.050000
8495,-11.005209,0.050000
8496,-13.719521,0.050000
8497,-6.317855,0.050000
8498,-4.715261,0.050000
8499,-4.248499,0.050000
8500,-10.435293,0.050000
8501,-7.395057,0.050000
8502,-13.709318,0.050000
8503,-5.108698,0.050000
8504,-10.585052,0.050000
8505,-8.094413,0.050000
8506,-9.397619,0.050000
8507,-14.356577,0.050000
8508,-9.071435,0.050000
8509,0.140020,0.050000
8510,-2.452212,0.050000
8511,-2.306360,0.050000
8512,1.107385,0.050000
8513,-10.152117,0.050000
8514,-1.522513,0.050000
8515,-15.311749,0.050000
8516,0.130642,0.050000
8517,-9.137655,0.050000
8518,-12.988030,0.050000
8519,-7.828348,0.050000
8520,-7.617525,0.050000
8521,-15.785676,0.050000
8522,-7.425980,0.050000
8523,-14.524312,0.050000
8524,-8.657422,0.050000
8525,-12.431745,0.050000
8526,-7.221747,0.050000
8527,-11.908924,0.050000
8528,-15.613539,0.050000
8529,-13.407264,0.050000
8530,-11.942718,0.050000
8531,-3.577735,0.050000
8532,-9.768566,0.050000
8533,-2.721627,0.050000
8534,7.789910,0.050000
8535,-3.426985,0.050000
8536,-6.048081,0.050000
8537,-14.906610,0.050000
8538,-7.534242,0.050000
8539,-6.482805,0.050000
8540,-15.225834,0.050000
8541,-11.586351,0.050000
8542,-12.585399,0.050000
8543,-10.325581,0.050000
8544,-7.331160,0.050000
8545,-9.327406,0.050000
8546,-3.018991,0.050000
8547,-9.713434,0.050000
8548,-6.851641,0.050000
8549,-13.542341,0.050000
8550,-21.889310,0.050000
8551,1.948193,0.050000
8552,-0.620413,0.050000
8553,-1.226454,0.050000
8554,-0.227584,0.050000
8555,-5.714925,0.050000
8556,-10.276697,0.050000
8557,-11.388101,0.050000
8558,-3.259715,0.050000
8559,-10.357120,0.050000
8560,-0.502472,0.050000
8561,-12.913358,0.050000
8562,-5.776698,0.050000
8563,-1.021859,0.050000
8564,-3.292824,0.050000
8565,-0.329346,0.050000
8566,-9.758510,0.050000
8567,-7.918256,0.050000
8568,-4.005231,0.050000
8569,-10.088530,0.050000
8570,-9.367693,0.050000
8571,-5.906996,0.050000
8572,1.239097,0.050000
8573,-11.601342,0.050000
8574,-7.341351,0.050000
8575,-7.669704,0.050000
8576,-4.793803,0.050000
8577,-20.200630,0.050000
8578,-7.465075,0.050000
8579,2.240335,0.050000
8580,-9.955279,0.050000
8581,-12.488249,0.050000
8582,-3.550785,0.050000
8583,-0.251019,0.050000
8584,-11.347843,0.050000
8585,-0.447494,0.050000
8586,-3.958576,0.050000
8587,-4.096807,0.050000
8588,-5.494369,0.050000
8589,-11.667078,0.050000
8590,-5.857036,0.050000
8591,-8.922830,0.050000
8592,-3.345770,0.050000
8593,-5.665767,0.050000
8594,-6.967059,0.050000
8595,-5.357626,0.050000
8596,-10.905546,0.050000
8597,-22.094801,0.050000
8598,-6.715067,0.050000
8599,-7.881268,0.050000
8600,-1.143315,0.050000
8601,-17.335169,0.050000
8602,-3.849358,0.050000
8603,-6.937542,0.050000
8604,-5.572369,0.050000
8605,-3.900969,0.050000
8606,1.417428,0.050000
8607,3.460021,0.050000
8608,-0.614027,0.050000
8609,-1.527212,0.050000
8610,-8.529588,0.050000
8611,-7.077823,0.050000
8612,9.559536,0.050000
8613,-14.084430,0.050000
8614,-17.074366,0.050000
8615,-10.256576,0.050000
8616,-10.967304,0.050000
8617,-8.688213,0.050000
8618,-14.963985,0.050000
8619,-13.192710,0.050000
8620,-3.633311,0.050000
8621,-4.902721,0.050000
8622,-12.597358,0.050000
8623,-11.013702,0.050000
8624,-6.570696,0.050000
8625,-7.756351,0.050000
8626,-20.854300,0.050000
8627,-16.984782,0.050000
8628,-12.792465,0.050000
8629,-5.719863,0.050000
8630,-17.896093,0.050000
8631,-8.280592,0.050000
8632,-5.101169,0.050000
8633,-13.204112,0.050000
8634,-14.611214,0.050000
8635,-3.729801,0.050000
8636,1.643850,0.050000
8637,-7.357851,0.050000
8638,-18.187642,0.050000
8639,-9.259474,0.050000
8640,-6.454662,0.050000
8641,-14.153894,0.050000
8642,-9.827123,0.050000
8643,1.027987,0.050000
8644,-16.872713,0.050000
8645,-5.338871,0.050000
8646,-22.952591,0.050000
8647,-3.909189,0.050000
8648,-5.374448,0.050000
8649,-19.232802,0.050000
8650,-4.803939,0.050000
8651,-6.993052,0.050000
8652,-12.302574,0.050000
8653,-8.379494,0.050000
8654,1.286854,0.050000
8655,-17.993469,0.050000
8656,-13.851258,0.050000
8657,-8.136385,0.050000
8658,-12.898491,0.050000
8659,-6.678829,0.050000
8660,1.844659,0.050000
8661,-13.734905,0.050000
8662,-2.971903,0.050000
8663,-10.808996,0.050000
8664,-9.028143,0.050000
8665,-13.690281,0.050000
8666,-16.536376,0.050000
8667,-14.325829,0.050000
8668,-10.983792,0.050000
8669,-6.508724,0.050000
8670,-3.729986,0.050000
8671,-9.681633,0.050000
8672,-9.240421,0.050000
8673,-11.654818,0.050000
8674,-13.246312,0.050000
8675,-2.772757,0.050000
8676,-0.156365,0.050000
8677,-15.089644,0.050000
8678,-16.717381,0.050000
8679,-8.728613,0.050000
8680,-8.085113,0.050000
8681,-7.744082,0.050000
8682,-9.641750,0.050000
8683,-14.689462,0.050000
8684,-19.057964,0.050000
8685,0.870335,0.050000
8686,-11.795569,0.050000
8687,-6.387714,0.050000
8688,-4.023579,0.050000
8689,-10.895651,0.050000
8690,-9.819177,0.050000
8691,-8.577827,0.050000
8692,-15.277840,0.050000
8693,-11.781251,0.050000
8694,-15.154975,0.050000
8695,-15.809268,0.050000
8696,-6.096823,0.050000
8697,-18.438698,0.050000
8698,-2.994540,0.050000
8699,-10.022096,0.050000
8700,-9.892607,0.050000
8701,-10.314603,0.050000
8702,-19.902416,0.050000
8703,-14.442907,0.050000
8704,-2.816498,0.050000
8705,-14.434491,0.050000
8706,-18.780497,0.050000
8707,-12.091637,0.050000
8708,-7.817532,0.050000
8709,-8.982736,0.050000
8710,-9.108599,0.050000
8711,-8.891190,0.050000
8712,-7.362284,0.050000
8713,-14.254637,0.050000
8714,-6.492834,0.050000
8715,-13.253406,0.050000
8716,-14.717059,0.050000
8717,-7.282005,0.050000
8718,-12.498973,0.050000
8719,-11.082890,0.050000
8720,-13.824279,0.050000
8721,-20.349249,0.050000
8722,-15.954294,0.050000
8723,-4.779023,0.050000
8724,-7.430452,0.050000
8725,-13.114780,0.050000
8726,-14.412240,0.050000
8727,-14.344944,0.050000
8728,-5.626963,0.050000
8729,-21.674666,0.050000
8730,-7.123824,0.050000
8731,-4.828180,0.050000
8732,-14.247429,0.050000
8733,-11.328848,0.050000
8734,-7.197274,0.050000
8735,-6.258006,0.050000
8736,-14.331872,0.050000
8737,-12.304484,0.050000
8738,-11.972116,0.050000
8739,-4.163984,0.050000
8740,-14.214471,0.050000
8741,-16.900747,0.050000
8742,-15.597657,0.050000
8743,-14.928947,0.050000
8744,-17.863360,0.050000
8745,0.291422,0.050000
8746,-10.673742,0.050000
8747,-9.219188,0.050000
8748,-12.890045,0.050000
8749,-0.258963,0.050000
8750,-21.824112,0.050000
8751,-4.680992,0.050000
8752,-4.680854,0.050000
8753,-4.064124,0.050000
8754,-16.472616,0.050000
8755,-5.273183,0.050000
8756,-9.378451,0.050000
8757,-11.090793,0.050000
8758,-11.556052,0.050000
8759,-11.769280,0.050000
8760,-6.194591,0.050000
8761,-15.127570,0.050000
8762,-10.015192,0.050000
8763,-10.998896,0.050000
8764,-10.821569,0.050000
8765,-9.806107,0.050000
8766,-4.324529,0.050000
8767,-10.773279,0.050000
8768,-16.838571,0.050000
8769,-12.109695,0.050000
8770,-12.878409,0.050000
8771,-5.849458,0.050000
8772,-9.916213,0.050000
8773,-9.472439,0.050000
8774,-7.037710,0.050000
8775,-10.204644,0.050000
8776,-16.073961,0.050000
8777,-12.638260,0.050000
8778,-12.896406,0.050000
8779,-10.124840,0.050000
8780,-12.308827,0.050000
8781,-14.774225,0.050000
8782,-21.618118,0.050000
8783,-12.753560,0.050000
8784,-15.238008,0.050000
8785,-4.248343,0.050000
8786,-14.302044,0.050000
8787,-11.538802,0.050000
8788,-11.830271,0.050000
8789,-16.643778,0.050000
8790,-12.114846,0.050000
8791,-0.755913,0.050000
8792,-7.927069,0.050000
8793,-11.613787,0.050000
8794,-9.230491,0.050000
8795,-10.882085,0.050000
8796,-12.266707,0.050000
8797,10.096397,0.050000
8798,-6.863375,0.050000
8799,-12.670750,0.050000
8800,-5.044615,0.050000
8801,-19.536275,0.050000
8802,-10.806344,0.050000
8803,-14.227604,0.050000
8804,-14.942293,0.050000
8805,-1.267397,0.050000
8806,-0.600756,0.050000
8807,-4.072216,0.050000
8808,-5.137684,0.050000
8809,-4.152531,0.050000
8810,-3.510539,0.050000
8811,-10.800077,0.050000
8812,-6.321760,0.050000
8813,-8.645790,0.050000
8814,-16.420158,0.050000
8815,-8.426802,0.050000
8816,-1.324651,0.050000
8817,2.201240,0.050000
8818,-8.781018,0.050000
8819,0.081203,0.050000
8820,-6.038286,0.050000
8821,-4.943637,0.050000
8822,-2.730523,0.050000
8823,-6.978005,0.050000
8824,-3.795030,0.050000
8825,-14.481584,0.050000
8826,-7.774268,0.050000
8827,-5.838976,0.050000
8828,-11.011232,0.050000
8829,-15.327040,0.050000
8830,-18.516222,0.050000
8831,-11.334885,0.050000
8832,-14.145249,0.050000
8833,-5.531209,0.050000
8834,-12.398271,0.050000
8835,-9.570197,0.050000
8836,-6.575744,0.050000
8837,-6.191027,0.050000
8838,-12.758393,0.050000
8839,-5.487962,0.050000
8840,-13.409239,0.050000
8841,-8.427635,0.050000
8842,-12.892968,0.050000
8843,-7.825727,0.050000
8844,-8.702838,0.050000
8845,-4.059200,0.050000
8846,-2.332709,0.050000
8847,-9.651045,0.050000
8848,-6.618455,0.050000
8849,-7.650695,0.050000
8850,-3.930207,0.050000
8851,-13.131456,0.050000
8852,-6.374550,0.050000
8853,-7.510990,0.050000
8854,-6.940906,0.050000
8855,-6.460175,0.050000
8856,-9.439612,0.050000
8857,-11.638195,0.050000
8858,-21.301948,0.050000
8859,-7.440084,0.050000
8860,-3.101570,0.050000
8861,-4.221844,0.050000
8862,-7.807805,0.050000
8863,-1.270093,0.050000
8864,-16.554795,0.050000
8865,-8.044122,0.050000
8866,-10.111718,0.050000
8867,2.839126,0.050000
8868,-6.875168,0.050000
8869,-15.105433,0.050000
8870,-10.158573,0.050000
8871,-5.565452,0.050000
8872,-7.321151,0.050000
8873,-5.818658,0.050000
8874,-6.079780,0.050000
8875,-0.403318,0.050000
8876,-8.877070,0.050000
8877,-4.508480,0.050000
8878,-5.036198,0.050000
8879,-11.655053,0.050000
8880,-10.985832,0.050000
8881,-4.987092,0.050000
8882,-8.581891,0.050000
8883,-8.686425,0.050000
8884,-6.647753,0.050000
8885,-15.863118,0.050000
8886,-15.914518,0.050000
8887,-14.378629,0.050000
8888,-14.624087,0.050000
8889,-14.666811,0.050000
8890,-13.478920,0.050000
8891,-8.725956,0.050000
8892,-10.034968,0.050000
8893,-13.244448,0.050000
8894,-2.834133,0.050000
8895,-7.308621,0.050000
8896,-8.554302,0.050000
8897,-3.921616,0.050000
8898,-12.136827,0.050000
8899,-10.733915,0.050000
8900,-12.457019,0.050000
8901,-1.620979,0.050000
8902,-16.980966,0.050000
8903,-7.793584,0.050000
8904,-1.820549,0.050000
8905,-5.914276,0.050000
8906,-13.532319,0.050000
8907,-10.305319,0.050000
8908,-8.975984,0.050000
8909,-11.580860,0.050000
8910,-2.343300,0.050000
8911,-10.061793,0.050000
8912,-3.983489,0.050000
8913,-2.839315,0.050000
8914,-1.781396,0.050000
8915,-14.662491,0.050000
8916,-16.410408,0.050000
8917,0.224958,0.050000
8918,-0.067210,0.050000
8919,-5.224851,0.050000
8920,-7.734850,0.050000
8921,-7.811281,0.050000
8922,-10.430183,0.050000
8923,2.442175,0.050000
8924,-10.408914,0.050000
8925,1.265422,0.050000
8926,-7.009931,0.050000
8927,-1.883195,0.050000
8928,-4.506106,0.050000
8929,-6.563226,0.050000
8930,-7.585167,0.050000
8931,-6.209729,0.050000
8932,-6.949796,0.050000
8933,-8.869321,0.050000
8934,-7.528160,0.050000
8935,-15.254846,0.050000
8936,-1.916917,0.050000
8937,-6.710504,0.050000
8938,-10.799914,0.050000
8939,0.617694,0.050000
8940,-16.887448,0.050000
8941,-4.837798,0.050000
8942,-11.311896,0.050000
8943,-3.190470,0.050000
8944,-8.980383,0.050000
8945,-5.322912,0.050000
8946,-4.606782,0.050000
8947,-1.488906,0.050000
8948,-7.611894,0.050000
8949,-15.632419,0.050000
8950,-4.532532,0.050000
8951,-11.912674,0.050000
8952,-10.188107,0.050000
8953,-1.733469,0.050000
8954,-7.294198,0.050000
8955,-8.139634,0.050000
8956,-11.963743,0.050000
8957,-4.755902,0.050000
8958,-0.187254,0.050000
8959,-10.292884,0.050000
8960,-1.782483,0.050000
8961,-2.908681,0.050000
8962,-23.307843,0.050000
8963,-8.275684,0.050000
8964,-3.646174,0.050000
8965,-4.699442,0.050000
8966,-12.722047,0.050000
8967,-6.275613,0.050000
8968,1.901895,0.050000
8969,-2.781726,0.050000
8970,-9.170353,0.050000
8971,0.277447,0.050000
8972,-16.308408,0.050000
8973,-3.057530,0.050000
8974,-1.077394,0.050000
8975,-6.769957,0.050000
8976,-5.730608,0.050000
8977,-14.262911,0.050000
8978,-15.594966,0.050000
8979,-9.853113,0.050000
8980,-10.311361,0.050000
8981,-9.066036,0.050000
8982,-7.214257,0.050000
8983,2.075576,0.050000
8984,-6.024702,0.050000
8985,-7.951963,0.050000
8986,-19.321356,0.050000
8987,-7.338881,0.050000
8988,-17.408109,0.050000
8989,-9.922909,0.050000
8990,-1.559986,0.050000
8991,-6.001257,0.050000
8992,-10.877837,0.050000
8993,-1.791190,0.050000
8994,-8.658430,0.050000
8995,-13.409275,0.050000
8996,-12.375421,0.050000
8997,-21.253057,0.050000
8998,-8.507244,0.050000
8999,-2.054176,0.050000
9000,-11.006378,0.050000
9001,-8.011777,0.050000
9002,-11.187417,0.050000
9003,-1.365346,0.050000
9004,-12.481284,0.050000
9005,-5.863943,0.050000
9006,-18.766945,0.050000
9007,-9.596674,0.050000
9008,-10.180766,0.050000
9009,-15.888801,0.050000
9010,-8.978225,0.050000
9011,-7.722595,0.050000
9012,-6.221006,0.050000
9013,-8.825776,0.050000
9014,-8.284834,0.050000
9015,-12.202953,0.050000
9016,-14.422688,0.050000
9017,-9.221261,0.050000
9018,-8.485005,0.050000
9019,-9.640119,0.050000
9020,-16.699840,0.050000
9021,-10.775444,0.050000
9022,-7.186105,0.050000
9023,-5.714772,0.050000
9024,-5.532971,0.050000
9025,-8.413910,0.050000
9026,-8.127189,0.050000
9027,0.055400,0.050000
9028,-7.662976,0.050000
9029,-5.385403,0.050000
9030,-6.106886,0.050000
9031,-9.947536,0.050000
9032,-9.953602,0.050000
9033,-5.010683,0.050000
9034,-15.173394,0.050000
9035,-10.432051,0.050000
9036,-1.925108,0.050000
9037,-0.896273,0.050000
9038,-2.648938,0.050000
9039,-10.430826,0.050000
9040,-3.113427,0.050000
9041,-7.897893,0.050000
9042,-5.237056,0.050000
9043,-7.891057,0.050000
9044,-2.763462,0.050000
9045,-10.434633,0.050000
9046,-2.729523,0.050000
9047,-12.196348,0.050000
9048,-10.982886,0.050000
9049,-11.082546,0.050000
9050,2.359573,0.050000
9051,-4.329114,0.050000
9052,0.753396,0.050000
9053,-7.215913,0.050000
9054,-12.228435,0.050000
9055,-9.256742,0.050000
9056,-14.271721,0.050000
9057,-10.146295,0.050000
9058,-2.172778,0.050000
9059,-8.716865,0.050000
9060,-2.590945,0.050000
9061,2.500227,0.050000
9062,-6.092328,0.050000
9063,-14.934231,0.050000
9064,-0.405668,0.050000
9065,-12.924908,0.050000
9066,-13.207499,0.050000
9067,-6.098125,0.050000
9068,-14.585691,0.050000
9069,-11.738506,0.050000
9070,-10.261743,0.050000
9071,-8.855343,0.050000
9072,-11.539791,0.050000
9073,-6.474829,0.050000
9074,-20.819400,0.050000
9075,-15.553201,0.050000
9076,-11.251479,0.050000
9077,-8.477735,0.050000
9078,-7.244091,0.050000
9079,-14.169176,0.050000
9080,-13.234134,0.050000
9081,-12.377253,0.050000
9082,-14.416790,0.050000
9083,-16.357071,0.050000
9084,-14.836787,0.050000
9085,-3.650160,0.050000
9086,-8.917330,0.050000
9087,-14.435154,0.050000
9088,-10.065644,0.050000
9089,-18.600500,0.050000
9090,-13.675190,0.050000
9091,-7.999811,0.050000
9092,-11.302988,0.050000
9093,-17.518717,0.050000
9094,-11.994808,0.050000
9095,-11.993057,0.050000
9096,-13.309692,0.050000
9097,-7.984871,0.050000
9098,-1.724939,0.050000
9099,-5.709187,0.050000
9100,-16.492362,0.050000
9101,-10.223683,0.050000
9102,-1.910945,0.050000
9103,-8.068869,0.050000
9104,-5.731513,0.050000
9105,-10.965166,0.050000
9106,-5.966192,0.050000
9107,-14.571791,0.050000
9108,1.001878,0.050000
9109,-15.583813,0.050000
9110,-11.771108,0.050000
9111,-12.419874,0.050000
9112,-17.002482,0.050000
9113,-13.670106,0.050000
9114,-10.957901,0.050000
9115,-14.389921,0.050000
9116,-7.694970,0.050000
9117,-2.396971,0.050000
9118,-13.608804,0.050000
9119,-3.849902,0.050000
9120,-9.070618,0.050000
9121,-10.517781,0.050000
9122,-14.809060,0.050000
9123,-7.986847,0.050000
9124,-9.094437,0.050000
9125,-0.680418,0.050000
9126,-2.462373,0.050000
9127,-6.699696,0.050000
9128,-11.220323,0.050000
9129,-7.387522,0.050000
9130,-8.082979,0.050000
9131,-6.638736,0.050000
9132,-11.332054,0.050000
9133,-2.523126,0.050000
9134,-13.759535,0.050000
9135,-19.795282,0.050000
9136,-8.812511,0.050000
9137,-4.092346,0.050000
9138,-6.054021,0.050000
9139,-6.775319,0.050000
9140,-7.200564,0.050000
9141,-16.204064,0.050000
9142,0.676206,0.050000
9143,-14.287543,0.050000
9144,-1.025787,0.050000
9145,2.402915,0.050000
9146,-6.919570,0.050000
9147,-13.680595,0.050000
9148,-9.610168,0.050000
9149,-16.385136,0.050000
9150,-10.926965,0.050000
9151,-7.977129,0.050000
9152,-12.028861,0.050000
9153,0.289572,0.050000
9154,-10.710568,0.050000
9155,-16.208216,0.050000
9156,-2.828117,0.050000
9157,-4.987377,0.050000
9158,-14.333208,0.050000
9159,-8.116085,0.050000
9160,-1.147116,0.050000
9161,-3.966748,0.050000
9162,-15.871786,0.050000
9163,3.405868,0.050000
9164,-13.385055,0.050000
9165,-6.113559,0.050000
9166,-10.568722,0.050000
9167,-0.087360,0.050000
9168,-11.326956,0.050000
9169,-7.945111,0.050000
9170,-13.227152,0.050000
9171,-13.620405,0.050000
9172,-9.817431,0.050000
9173,-4.239201,0.050000
9174,-1.183771,0.050000
9175,-17.293042,0.050000
9176,-7.847987,0.050000
9177,-4.738219,0.050000
9178,-13.650613,0.050000
9179,-10.917275,0.050000
9180,-8.246442,0.050000
9181,-3.113281,0.050000
9182,-10.342435,0.050000
9183,-2.626363,0.050000
9184,-5.956368,0.050000
9185,-12.310385,0.050000
9186,-8.725117,0.050000
9187,-13.014787,0.050000
9188,-6.623863,0.050000
9189,-19.394583,0.050000
9190,-4.645038,0.050000
9191,-5.722664,0.050000
9192,-0.049309,0.050000
9193,-7.765389,0.050000
9194,0.537170,0.050000
9195,-8.250300,0.050000
9196,-1.666043,0.050000
9197,-3.967002,0.050000
9198,-9.433098,0.050000
9199,-9.052347,0.050000
9200,-14.806086,0.050000
9201,-5.732333,0.050000
9202,-1.176815,0.050000
9203,-3.911146,0.050000
9204,-1.218067,0.050000
9205,-7.281929,0.050000
9206,-9.795949,0.050000
9207,-2.933483,0.050000
9208,-9.352068,0.050000
9209,-6.388402,0.050000
9210,-11.985318,0.050000
9211,-11.930671,0.050000
9212,-6.543644,0.050000
9213,-9.217489,0.050000
9214,-9.620090,0.050000
9215,-5.596318,0.050000
9216,-8.162916,0.050000
9217,-8.064812,0.050000
9218,-11.224260,0.050000
9219,4.115241,0.050000
9220,-14.293491,0.050000
9221,-1.057316,0.050000
9222,-6.052339,0.050000
9223,-8.546485,0.050000
9224,-1.715223,0.050000
9225,-5.795518,0.050000
9226,0.379110,0.050000
9227,-7.488969,0.050000
9228,-11.245572,0.050000
9229,-10.152461,0.050000
9230,-2.134757,0.050000
9231,-11.382464,0.050000
9232,-14.709759,0.050000
9233,-2.312602,0.050000
9234,-6.288644,0.050000
9235,-10.117514,0.050000
9236,-4.637491,0.050000
9237,4.951313,0.050000
9238,-5.473561,0.050000
9239,-6.044847,0.050000
9240,-4.527295,0.050000
9241,-5.200416,0.050000
9242,-10.004569,0.050000
9243,1.301021,0.050000
9244,-18.987183,0.050000
9245,-0.393218,0.050000
9246,-16.339974,0.050000
9247,-13.967483,0.050000
9248,-2.741630,0.050000
9249,-4.154035,0.050000
9250,2.286800,0.050000
9251,-2.994099,0.050000
9252,-12.665963,0.050000
9253,-14.655563,0.050000
9254,-11.766891,0.050000
9255,-6.047057,0.050000
9256,-17.402814,0.050000
9257,-6.210245,0.050000
9258,-6.874459,0.050000
9259,-15.425343,0.050000
9260,-9.847389,0.050000
9261,-4.173874,0.050000
9262,-8.178442,0.050000
9263,-8.593088,0.050000
9264,-11.537020,0.050000
9265,-12.940456,0.050000
9266,-9.844940,0.050000
9267,-12.615977,0.050000
9268,-16.211116,0.050000
9269,-9.920271,0.050000
9270,-9.931935,0.050000
9271,-2.068472,0.050000
9272,-5.937296,0.050000
9273,-9.258038,0.050000
9274,-10.223623,0.050000
9275,-0.180970,0.050000
9276,-2.734920,0.050000
9277,-13.418272,0.050000
9278,-18.851658,0.050000
9279,-8.627057,0.050000
9280,-10.747647,0.050000
9281,3.658253,0.050000
9282,-6.754124,0.050000
9283,-4.898753,0.050000
9284,-4.712652,0.050000
9285,-11.842922,0.050000
9286,-4.089344,0.050000
9287,-7.427061,0.050000
9288,-1.713112,0.050000
9289,-7.470678,0.050000
9290,-10.810187,0.050000
9291,0.708933,0.050000
9292,-3.428538,0.050000
9293,6.127723,0.050000
9294,-8.389662,0.050000
9295,-6.449354,0.050000
9296,-4.463483,0.050000
9297,-3.064233,0.050000
9298,0.445242,0.050000
9299,-7.212648,0.050000
9300,-15.752943,0.050000
9301,-9.361127,0.050000
9302,-8.171114,0.050000
9303,-10.069681,0.050000
9304,-9.558305,0.050000
9305,-3.336048,0.050000
9306,-2.289174,0.050000
9307,-1.880700,0.050000
9308,-6.605296,0.050000
9309,-10.500394,0.050000
9310,-10.619542,0.050000
9311,-10.950326,0.050000
9312,-2.593650,0.050000
9313,-11.808206,0.050000
9314,-13.315252,0.050000
9315,-4.748453,0.050000
9316,-8.491771,0.050000
9317,-7.936977,0.050000
9318,-5.234848,0.050000
9319,-5.150647,0.050000
9320,-6.683890,0.050000
9321,-4.347332,0.050000
9322,-0.902275,0.050000
9323,-6.129928,0.050000
9324,-1.943561,0.050000
9325,-9.424504,0.050000
9326,-8.287769,0.050000
9327,-7.820610,0.050000
9328,-13.810170,0.050000
9329,1.155862,0.050000
9330,-0.124971,0.050000
9331,-3.992882,0.050000
9332,7.362385,0.050000
9333,-11.038288,0.050000
9334,-3.247248,0.050000
9335,-11.974981,0.050000
9336,2.371786,0.050000
9337,-4.642816,0.050000
9338,-2.363004,0.050000
9339,-9.331606,0.050000
9340,-7.411320,0.050000
9341,-7.140316,0.050000
9342,-14.424759,0.050000
9343,-10.027513,0.050000
9344,-8.100046,0.050000
9345,-8.080287,0.050000
9346,-0.908798,0.050000
9347,-4.464120,0.050000
9348,-8.280044,0.050000
9349,-9.534669,0.050000
9350,-4.798337,0.050000
9351,-0.719141,0.050000
9352,-3.750622,0.050000
9353,-10.959784,0.050000
9354,-9.594093,0.050000
9355,-6.156919,0.050000
9356,-9.786871,0.050000
9357,-9.427500,0.050000
9358,0.770780,0.050000
9359,-5.634641,0.050000
9360,-3.970100,0.050000
9361,-6.047690,0.050000
9362,4.806907,0.050000
9363,1.764780,0.050000
9364,-3.888325,0.050000
9365,-16.454847,0.050000
9366,-12.745856,0.050000
9367,-0.967625,0.050000
9368,-7.987924,0.050000
9369,-1.911711,0.050000
9370,-14.958546,0.050000
9371,-3.459586,0.050000
9372,-10.143659,0.050000
9373,-4.902383,0.050000
9374,-4.327726,0.050000
9375,-9.695423,0.050000
9376,-7.215799,0.050000
9377,-0.737134,0.050000
9378,-11.214217,0.050000
9379,-7.274049,0.050000
9380,0.462915,0.050000
9381,-9.168761,0.050000
9382,-10.211083,0.050000
9383,-9.391132,0.050000
9384,-9.886769,0.050000
9385,-6.429649,0.050000
9386,-2.943616,0.050000
9387,3.386576,0.050000
9388,-6.099757,0.050000
9389,-15.773175,0.050000
9390,-1.068361,0.050000
9391,-9.229104,0.050000
9392,-2.796162,0.050000
9393,-16.471200,0.050000
9394,-8.697664,0.050000
9395,-6.090690,0.050000
9396,7.018217,0.050000
9397,2.064196,0.050000
9398,-4.028430,0.050000
9399,-1.959962,0.050000
9400,-12.442565,0.050000
9401,-8.218238,0.050000
9402,2.463168,0.050000
9403,-6.746293,0.050000
9404,-1.278715,0.050000
9405,-2.839661,0.050000
9406,-6.297139,0.050000
9407,-1.164512,0.050000
9408,-0.584311,0.050000
9409,-3.974254,0.050000
9410,-4.558068,0.050000
9411,-1.784378,0.050000
9412,-5.461755,0.050000
9413,-17.624396,0.050000
9414,6.702410,0.050000
9415,-10.321501,0.050000
9416,-8.509880,0.050000
9417,-14.840688,0.050000
9418,-3.890004,0.050000
9419,-5.219214,0.050000
9420,4.973760,0.050000
9421,-0.867030,0.050000
9422,-7.310686,0.050000
9423,-11.003701,0.050000
9424,-10.404785,0.050000
9425,-1.259037,0.050000
9426,-0.726744,0.050000
9427,-2.590348,0.050000
9428,-1.972564,0.050000
9429,-13.550109,0.050000
9430,-1.329107,0.050000
9431,-9.568406,0.050000
9432,-3.087931,0.050000
9433,-12.764966,0.050000
9434,-7.775563,0.050000
9435,0.016150,0.050000
9436,-12.391866,0.050000
9437,-5.539990,0.050000
9438,-4.024913,0.050000
9439,-8.630209,0.050000
9440,-8.752029,0.050000
9441,-6.912610,0.050000
9442,-6.238825,0.050000
9443,-5.989566,0.050000
9444,-2.667397,0.050000
9445,-3.636970,0.050000
9446,-10.656549,0.050000
9447,-3.074922,0.050000
9448,2.014265,0.050000
9449,-4.638898,0.050000
9450,-2.469893,0.050000
9451,-8.686238,0.050000
9452,-8.743472,0.050000
9453,-4.734991,0.050000
9454,-6.685590,0.050000
9455,-7.260047,0.050000
9456,-6.789222,0.050000
9457,-9.484910,0.050000
9458,-6.156912,0.050000
9459,-23.847379,0.050000
9460,-3.528486,0.050000
9461,-3.315791,0.050000
9462,0.211999,0.050000
9463,-3.540135,0.050000
9464,0.287773,0.050000
9465,2.296570,0.050000
9466,-8.036260,0.050000
9467,-5.396582,0.050000
9468,3.900882,0.050000
9469,-12.057887,0.050000
9470,-10.239854,0.050000
9471,3.318612,0.050000
9472,-7.312551,0.050000
9473,-6.445874,0.050000
9474,-8.880975,0.050000
9475,-0.218633,0.050000
9476,-9.942485,0.050000
9477,-4.722892,0.050000
9478,-4.050400,0.050000
9479,-13.962339,0.050000
9480,-9.827398,0.050000
9481,0.433388,0.050000
9482,-4.827874,0.050000
9483,-2.895604,0.050000
9484,2.362860,0.050000
9485,-5.186665,0.050000
9486,-5.921299,0.050000
9487,-8.465166,0.050000
9488,0.256741,0.050000
9489,-8.720988,0.050000
9490,1.503571,0.050000
9491,-3.100978,0.050000
9492,7.187291,0.050000
9493,-11.520769,0.050000
9494,-11.241962,0.050000
9495,2.266845,0.050000
9496,-3.100071,0.050000
9497,-6.486740,0.050000
9498,-10.137577,0.050000
9499,-2.055685,0.050000
9500,-7.961220,0.050000
9501,-10.279762,0.050000
9502,5.366673,0.050000
9503,-5.677920,0.050000
9504,1.451852,0.050000
9505,-0.098861,0.050000
9506,-6.238654,0.050000
9507,-6.636156,0.050000
9508,-4.931485,0.050000
9509,-2.786697,0.050000
9510,-10.192879,0.050000
9511,-10.995991,0.050000
9512,-2.930294,0.050000
9513,-9.898368,0.050000
9514,-2.248386,0.050000
9515,-1.319152,0.050000
9516,-5.828775,0.050000
9517,-3.798649,0.050000
9518,-6.147123,0.050000
9519,-4.298874,0.050000
9520,-9.036058,0.050000
9521,-6.759627,0.050000
9522,-4.516317,0.050000
9523,-4.803496,0.050000
9524,-2.458766,0.050000
9525,-2.543267,0.050000
9526,-4.180716,0.050000
9527,-1.792385,0.050000
9528,-4.791875,0.050000
9529,-6.086143,0.050000
9530,-3.612631,0.050000
9531,0.163972,0.050000
9532,-4.857747,0.050000
9533,1.786042,0.050000
9534,-11.824902,0.050000
9535,-0.157051,0.050000
9536,-7.684899,0.050000
9537,-3.445621,0.050000
9538,0.540307,0.050000
9539,-10.269113,0.050000
9540,-6.573911,0.050000
9541,-6.609913,0.050000
9542,-3.298014,0.050000
9543,-3.465859,0.050000
9544,-3.397656,0.050000
9545,-6.796952,0.050000
9546,-3.058634,0.050000
9547,-4.900394,0.050000
9548,-8.840162,0.050000
9549,-7.239046,0.050000
9550,-4.678180,0.050000
9551,-4.301136,0.050000
9552,-4.636341,0.050000
9553,-8.633639,0.050000
9554,-10.082114,0.050000
9555,0.549403,0.050000
9556,-1.091666,0.050000
9557,-10.906313,0.050000
9558,-14.764973,0.050000
9559,-6.362025,0.050000
9560,-5.198945,0.050000
9561,-1.139156,0.050000
9562,1.082298,0.050000
9563,-12.470129,0.050000
9564,-4.246254,0.050000
9565,-2.115011,0.050000
9566,-2.749844,0.050000
9567,-0.438027,0.050000
9568,-9.154802,0.050000
9569,-10.497319,0.050000
9570,-5.624547,0.050000
9571,-6.714174,0.050000
9572,-3.725802,0.050000
9573,-12.817001,0.050000
9574,-7.547653,0.050000
9575,-19.337144,0.050000
9576,-10.184543,0.050000
9577,-1.544493,0.050000
9578,-14.314154,0.050000
9579,-3.501761,0.050000
9580,-7.701462,0.050000
9581,-7.692151,0.050000
9582,-10.126513,0.050000
9583,-15.336551,0.050000
9584,-5.581115,0.050000
9585,-5.809989,0.050000
9586,-9.463349,0.050000
9587,-2.039361,0.050000
9588,-16.381932,0.050000
9589,-9.589337,0.050000
9590,1.121474,0.050000
9591,-9.849757,0.050000
9592,-16.679761,0.050000
9593,-5.867210,0.050000
9594,-13.802299,0.050000
9595,-2.907029,0.050000
9596,-13.672510,0.050000
9597,-8.230173,0.050000
9598,-8.769063,0.050000
9599,-8.506414,0.050000
9600,-12.270260,0.050000
9601,-6.081421,0.050000
9602,-4.381361,0.050000
9603,-11.755921,0.050000
9604,-8.717136,0.050000
9605,-7.618585,0.050000
9606,-9.009846,0.050000
9607,-4.242738,0.050000
9608,-15.574664,0.050000
9609,-6.247582,0.050000
9610,-4.407413,0.050000
9611,-19.543078,0.050000
9612,2.998940,0.050000
9613,-4.871391,0.050000
9614,-11.755463,0.050000
9615,-11.016341,0.050000
9616,-9.863375,0.050000
9617,-7.502767,0.050000
9618,-16.944148,0.050000
9619,-0.121090,0.050000
9620,-4.605788,0.050000
9621,-10.196091,0.050000
9622,-6.531285,0.050000
9623,-5.194124,0.050000
9624,-8.515497,0.050000
9625,-3.489949,0.050000
9626,-1.423123,0.050000
9627,-5.645270,0.050000
9628,-2.060051,0.050000
9629,-16.646307,0.050000
9630,0.481685,0.050000
9631,-4.109299,0.050000
9632,-6.174121,0.050000
9633,-14.280047,0.050000
9634,-11.394049,0.050000
9635,-3.785221,0.050000
9636,-5.237008,0.050000
9637,-9.936300,0.050000
9638,-10.875326,0.050000
9639,-12.371336,0.050000
9640,-7.623540,0.050000
9641,2.397151,0.050000
9642,-0.482952,0.050000
9643,-4.910562,0.050000
9644,-5.015653,0.050000
9645,-6.793120,0.050000
9646,-5.195207,0.050000
9647,-11.281507,0.050000
9648,-8.557818,0.050000
9649,-3.643314,0.050000
9650,-7.129119,0.050000
9651,-13.113374,0.050000
9652,-1.629917,0.050000
9653,-14.152814,0.050000
9654,-3.894789,0.050000
9655,-8.985988,0.050000
9656,-2.083695,0.050000
9657,-6.549540,0.050000
9658,-8.446478,0.050000
9659,-9.567494,0.050000
9660,-12.947679,0.050000
9661,-4.250907,0.050000
9662,-11.817775,0.050000
9663,-4.818181,0.050000
9664,-8.539154,0.050000
9665,-19.764110,0.050000
9666,-11.170817,0.050000
9667,-0.561725,0.050000
9668,-14.381857,0.050000
9669,2.480843,0.050000
9670,0.660392,0.050000
9671,-11.337837,0.050000
9672,-9.708026,0.050000
9673,-15.643744,0.050000
9674,-8.715646,0.050000
9675,1.274605,0.050000
9676,-4.815112,0.050000
9677,-10.096946,0.050000
9678,-0.777371,0.050000
9679,-13.781319,0.050000
9680,-3.953049,0.050000
9681,-9.211285,0.050000
9682,-10.115129,0.050000
9683,-8.896151,0.050000
9684,-18.378219,0.050000
9685,-11.771449,0.050000
9686,-15.476866,0.050000
9687,-7.885630,0.050000
9688,-1.730283,0.050000
9689,-4.253521,0.050000
9690,-7.407567,0.050000
9691,-0.527676,0.050000
9692,-9.727797,0.050000
9693,-13.375182,0.050000
9694,-1.371402,0.050000
9695,-7.961545,0.050000
9696,-10.019536,0.050000
9697,-11.662733,0.050000
9698,-8.800592,0.050000
9699,-9.562915,0.050000
9700,-4.328143,0.050000
9701,-2.713083,0.050000
9702,-7.549507,0.050000
9703,-11.504627,0.050000
9704,-10.424325,0.050000
9705,-7.749269,0.050000
9706,-1.745933,0.050000
9707,-8.610535,0.050000
9708,-4.077899,0.050000
9709,-6.051365,0.050000
9710,-4.994186,0.050000
9711,-4.188286,0.050000
9712,-5.608944,0.050000
9713,-6.323408,0.050000
9714,-5.805757,0.050000
9715,-15.523016,0.050000
9716,-16.718247,0.050000
9717,-7.862843,0.050000
9718,-7.161461,0.050000
9719,-11.089059,0.050000
9720,-3.547097,0.050000
9721,2.869029,0.050000
9722,-4.117113,0.050000
9723,-10.967208,0.050000
9724,0.829088,0.050000
9725,-15.818160,0.050000
9726,-13.992564,0.050000
9727,-13.033718,0.050000
9728,2.209887,0.050000
9729,-6.784022,0.050000
9730,-6.941606,0.050000
9731,-12.472840,0.050000
9732,-6.873480,0.050000
9733,-7.059468,0.050000
9734,1.018884,0.050000
9735,-9.331409,0.050000
9736,3.278896,0.050000
9737,5.500516,0.050000
9738,-11.416180,0.050000
9739,0.153675,0.050000
9740,-9.058406,0.050000
9741,5.750667,0.050000
9742,-1.910874,0.050000
9743,-10.513630,0.050000
9744,-14.765868,0.050000
9745,-2.093999,0.050000
9746,-4.546133,0.050000
9747,-4.052496,0.050000
9748,-4.701770,0.050000
9749,-3.454431,0.050000
9750,-4.181177,0.050000
9751,-6.006821,0.050000
9752,-11.055565,0.050000
9753,-2.542507,0.050000
9754,-3.486863,0.050000
9755,0.434785,0.050000
9756,3.736009,0.050000
9757,-10.821816,0.050000
9758,-9.731431,0.050000
9759,-1.929199,0.050000
9760,-1.556692,0.050000
9761,-3.397337,0.050000
9762,-8.340439,0.050000
9763,-3.553158,0.050000
9764,4.339250,0.050000
9765,2.717092,0.050000
9766,-4.208411,0.050000
9767,-1.423273,0.050000
9768,0.386503,0.050000
9769,-1.220654,0.050000
9770,-5.764367,0.050000
9771,-5.865543,0.050000
9772,-2.684028,0.050000
9773,-2.018763,0.050000
9774,-3.472988,0.050000
9775,-0.688454,0.050000
9776,3.680656,0.050000
9777,-9.117324,0.050000
9778,-1.245989,0.050000
9779,1.802671,0.050000
9780,-5.783674,0.050000
9781,-3.526260,0.050000
9782,-5.554558,0.050000
9783,-0.304348,0.050000
9784,-8.253187,0.050000
9785,-10.066730,0.050000
9786,-7.196834,0.050000
9787,-8.784966,0.050000
9788,-3.008711,0.050000
9789,-3.833990,0.050000
9790,-2.815018,0.050000
9791,-1.748538,0.050000
9792,-9.442053,0.050000
9793,-12.862222,0.050000
9794,-7.423991,0.050000
9795,-11.841912,0.050000
9796,2.474789,0.050000
9797,-2.316637,0.050000
9798,-10.914868,0.050000
9799,-3.587097,0.050000
9800,-10.354443,0.050000
9801,-2.698920,0.050000
9802,-11.996710,0.050000
9803,-11.510514,0.050000
9804,-3.481452,0.050000
9805,-1.225418,0.050000
9806,4.078141,0.050000
9807,-8.080415,0.050000
9808,-15.424670,0.050000
9809,-4.230500,0.050000
9810,-5.862175,0.050000
9811,-11.129154,0.050000
9812,-11.885327,0.050000
9813,-11.240070,0.050000
9814,5.335541,0.050000
9815,-3.439452,0.050000
9816,4.172951,0.050000
9817,2.267731,0.050000
9818,-4.984733,0.050000
9819,-9.962347,0.050000
9820,-6.571061,0.050000
9821,-7.381407,0.050000
9822,-13.470410,0.050000
9823,-9.539899,0.050000
9824,-3.263429,0.050000
9825,-7.251097,0.050000
9826,-6.447963,0.050000
9827,-9.081345,0.050000
9828,-0.101812,0.050000
9829,-11.857774,0.050000
9830,-11.325162,0.050000
9831,-0.195732,0.050000
9832,-11.134268,0.050000
9833,-5.525332,0.050000
9834,-3.764963,0.050000
9835,-12.463613,0.050000
9836,-7.108077,0.050000
9837,-2.602448,0.050000
9838,-2.992505,0.050000
9839,-11.662970,0.050000
9840,-9.610463,0.050000
9841,-14.661274,0.050000
9842,1.002075,0.050000
9843,-8.148987,0.050000
9844,-7.164589,0.050000
9845,0.201369,0.050000
9846,-13.704691,0.050000
9847,-10.268302,0.050000
9848,-12.034868,0.050000
9849,-9.567468,0.050000
9850,-4.803895,0.050000
9851,-9.147102,0.050000
9852,-12.518285,0.050000
9853,-6.896754,0.050000
9854,-5.848627,0.050000
9855,2.730705,0.050000
9856,6.088118,0.050000
9857,-5.542488,0.050000
9858,2.418215,0.050000
9859,4.436578,0.050000
9860,1.626995,0.050000
9861,-10.165328,0.050000
9862,8.792920,0.050000
9863,-4.405091,0.050000
9864,-6.981565,0.050000
9865,-5.502362,0.050000
9866,-1.537983,0.050000
9867,-10.934552,0.050000
9868,-7.601985,0.050000
9869,-7.503868,0.050000
9870,-5.650331,0.050000
9871,-11.264957,0.050000
9872,-0.351007,0.050000
9873,-5.584476,0.050000
9874,4.603439,0.050000
9875,-2.988971,0.050000
9876,-9.887912,0.050000
9877,3.830729,0.050000
9878,-4.673612,0.050000
9879,2.133980,0.050000
9880,-3.621024,0.050000
9881,7.118474,0.050000
9882,7.161444,0.050000
9883,-2.361193,0.050000
9884,-7.635909,0.050000
9885,-2.688170,0.050000
9886,-14.209289,0.050000
9887,4.958038,0.050000
9888,1.873921,0.050000
9889,1.849179,0.050000
9890,15.445100,0.050000
9891,6.883932,0.050000
9892,-2.691910,0.050000
9893,-6.092634,0.050000
9894,-4.435433,0.050000
9895,-2.069579,0.050000
9896,4.718157,0.050000
9897,-2.309132,0.050000
9898,2.499370,0.050000
9899,-4.401706,0.050000
9900,-13.853089,0.050000
9901,-3.904522,0.050000
9902,-0.108376,0.050000
9903,-15.921164,0.050000
9904,-6.543639,0.050000
9905,0.752532,0.050000
9906,6.484128,0.050000
9907,-9.048363,0.050000
9908,2.285465,0.050000
9909,5.754062,0.050000
9910,-4.948803,0.050000
9911,6.385930,0.050000
9912,-6.338265,0.050000
9913,4.013311,0.050000
9914,1.255355,0.050000
9915,-4.092822,0.050000
9916,-0.432251,0.050000
9917,-4.453231,0.050000
9918,-13.303086,0.050000
9919,8.032509,0.050000
9920,-9.649098,0.050000
9921,-6.238920,0.050000
9922,-0.157403,0.050000
9923,2.986587,0.050000
9924,-8.113109,0.050000
9925,0.473552,0.050000
9926,-0.770890,0.050000
9927,-13.008055,0.050000
9928,-6.603617,0.050000
9929,0.503814,0.050000
9930,-10.986482,0.050000
9931,-5.275887,0.050000
9932,-5.951742,0.050000
9933,-10.663949,0.050000
9934,-4.149087,0.050000
9935,2.887309,0.050000
9936,-8.651633,0.050000
9937,-3.497798,0.050000
9938,-4.690052,0.050000
9939,-3.788099,0.050000
9940,-2.117373,0.050000
9941,5.584874,0.050000
9942,-6.392403,0.050000
9943,-1.785812,0.050000
9944,-3.453924,0.050000
9945,-2.517423,0.050000
9946,15.462792,0.050000
9947,-10.918753,0.050000
9948,-2.354775,0.050000
9949,3.269443,0.050000
9950,0.128622,0.050000
9951,3.175165,0.050000
9952,-9.691830,0.050000
9953,-9.659637,0.050000
9954,-12.936288,0.050000
9955,2.116219,0.050000
9956,-3.985990,0.050000
9957,-7.273177,0.050000
9958,-5.170117,0.050000
9959,-1.318294,0.050000
9960,-10.669878,0.050000
9961,6.586858,0.050000
9962,-1.058200,0.050000
9963,-8.331263,0.050000
9964,-4.777738,0.050000
9965,-8.235277,0.050000
9966,-3.448364,0.050000
9967,2.396058,0.050000
9968,1.433407,0.050000
9969,-4.771366,0.050000
9970,-3.250912,0.050000
9971,-10.418388,0.050000
9972,-9.256127,0.050000
9973,-10.823479,0.050000
9974,-7.194697,0.050000
9975,-7.784797,0.050000
9976,-4.320000,0.050000
9977,-0.576845,0.050000
9978,2.214673,0.050000
9979,-7.531456,0.050000
9980,-3.270718,0.050000
9981,-8.452774,0.050000
9982,-11.361786,0.050000
9983,-5.778570,0.050000
9984,-11.034269,0.050000
9985,0.806383,0.050000
9986,-4.289389,0.050000
9987,-3.151892,0.050000
9988,-14.995419,0.050000
9989,-5.427824,0.050000
9990,-0.803313,0.050000
9991,-6.395417,0.050000
9992,-10.530717,0.050000
9993,-8.182977,0.050000
9994,-8.291408,0.050000
9995,2.233482,0.050000
9996,-6.866834,0.050000
9997,-2.018607,0.050000
9998,-12.837690,0.050000
9999,-6.469797,0.050000
10000,-2.424770,0.050000
10001,-7.324858,0.050000
10002,-7.785316,0.050000
10003,0.960036,0.050000
10004,-3.824657,0.050000
10005,-4.075124,0.050000
10006,0.840991,0.050000
10007,-11.260507,0.050000
10008,-10.156795,0.050000
10009,-2.867819,0.050000
10010,-4.098622,0.050000
10011,-11.835318,0.050000
10012,-8.350786,0.050000
10013,-0.298770,0.050000
10014,3.166066,0.050000
10015,-11.797991,0.050000
10016,2.933836,0.050000
10017,-10.033895,0.050000
10018,1.219874,0.050000
10019,-10.452015,0.050000
10020,10.918382,0.050000
10021,-4.307048,0.050000
10022,0.030921,0.050000
10023,-8.151966,0.050000
10024,-7.445483,0.050000
10025,0.162042,0.050000
10026,-5.993530,0.050000
10027,10.387106,0.050000
10028,6.252586,0.050000
10029,-3.211057,0.050000
10030,1.349081,0.050000
10031,-5.282935,0.050000
10032,3.408492,0.050000
10033,-2.506519,0.050000
10034,2.195408,0.050000
10035,-8.108580,0.050000
10036,0.956151,0.050000
10037,-11.194263,0.050000
10038,-3.009279,0.050000
10039,5.772782,0.050000
10040,-5.717440,0.050000
10041,-2.140510,0.050000
10042,-8.826463,0.050000
10043,-1.718233,0.050000
10044,-3.140900,0.050000
10045,4.439089,0.050000
10046,6.905713,0.050000
10047,-8.104366,0.050000
10048,-2.329043,0.050000
10049,-15.601059,0.050000
10050,-4.486441,0.050000
10051,-4.286473,0.050000
10052,-17.522625,0.050000
10053,-4.023198,0.050000
10054,0.347660,0.050000
10055,-1.293333,0.050000
10056,-6.500469,0.050000
10057,-6.613373,0.050000
10058,-1.476524,0.050000
10059,-1.275818,0.050000
10060,-1.282637,0.050000
10061,-2.059713,0.050000
10062,-10.783679,0.050000
10063,-16.974566,0.050000
10064,2.894616,0.050000
10065,-5.825756,0.050000
10066,-4.489755,0.050000
10067,-5.928665,0.050000
10068,-8.558198,0.050000
10069,-7.534957,0.050000
10070,-8.780107,0.050000
10071,-5.002871,0.050000
10072,-5.700083,0.050000
10073,-8.285496,0.050000
10074,-0.523613,0.050000
10075,-3.796095,0.050000
10076,-5.240687,0.050000
10077,-7.214315,0.050000
10078,2.864888,0.050000
10079,0.656342,0.050000
10080,-5.178040,0.050000
10081,-5.081247,0.050000
10082,-16.039176,0.050000
10083,-14.934822,0.050000
10084,-11.346827,0.050000
10085,-8.600311,0.050000
10086,-10.596599,0.050000
10087,3.260801,0.050000
10088,-0.854634,0.050000
10089,4.750801,0.050000
10090,-4.056722,0.050000
10091,-4.645999,0.050000
10092,-8.486770,0.050000
10093,2.614839,0.050000
10094,-8.375936,0.050000
10095,-10.333551,0.050000
10096,-1.447266,0.050000
10097,-5.336339,0.050000
10098,-1.540517,0.050000
10099,4.822607,0.050000
10100,-11.948713,0.050000
10101,-1.440730,0.050000
10102,10.676001,0.050000
10103,-10.223095,0.050000
10104,0.132059,0.050000
10105,-9.729731,0.050000
10106,1.232032,0.050000
10107,-14.813209,0.050000
10108,-4.417654,0.050000
10109,-8.014193,0.050000
10110,-13.566408,0.050000
10111,-5.915718,0.050000
10112,4.239333,0.050000
10113,-9.052356,0.050000
10114,-4.355963,0.050000
10115,-0.171623,0.050000
10116,-14.569289,0.050000
10117,-3.298722,0.050000
10118,-6.258299,0.050000
10119,-7.305527,0.050000
10120,-0.628090,0.050000
10121,-5.408330,0.050000
10122,-13.822680,0.050000
10123,0.958083,0.050000
10124,-9.586723,0.050000
10125,-10.110068,0.050000
10126,-6.874158,0.050000
10127,-0.118273,0.050000
10128,-4.088998,0.050000
10129,-8.872363,0.050000
10130,2.513489,0.050000
10131,6.809708,0.050000
10132,-4.643235,0.050000
10133,-4.858179,0.050000
10134,-7.661467,0.050000
10135,4.684160,0.050000
10136,-9.815684,0.050000
10137,-22.905200,0.050000
10138,-6.416145,0.050000
10139,0.306968,0.050000
10140,-4.357345,0.050000
10141,-3.499994,0.050000
10142,-9.949280,0.050000
10143,-0.699775,0.050000
10144,-10.574650,0.050000
10145,-0.574269,0.050000
10146,-12.003338,0.050000
10147,-6.424086,0.050000
10148,-2.113922,0.050000
10149,-18.472243,0.050000
10150,-11.910617,0.050000
10151,2.208706,0.050000
10152,-7.028974,0.050000
10153,-8.015461,0.050000
10154,5.068935,0.050000
10155,-6.637411,0.050000
10156,-8.940099,0.050000
10157,-6.445748,0.050000
10158,-2.858063,0.050000
10159,-8.295799,0.050000
10160,-5.889389,0.050000
10161,-7.814820,0.050000
10162,-14.636951,0.050000
10163,-7.653030,0.050000
10164,-12.459432,0.050000
10165,-4.714622,0.050000
10166,-1.470156,0.050000
10167,-4.373323,0.050000
10168,-7.413362,0.050000
10169,-8.967606,0.050000
10170,-8.659855,0.050000
10171,-2.406706,0.050000
10172,-12.218096,0.050000
10173,-5.770694,0.050000
10174,-4.882645,0.050000
10175,-13.704866,0.050000
10176,-10.859712,0.050000
10177,-10.237780,0.050000
10178,-9.147001,0.050000
10179,-14.544528,0.050000
10180,-10.294899,0.050000
10181,-14.559529,0.050000
10182,-2.644062,0.050000
10183,2.673730,0.050000
10184,-10.409716,0.050000
10185,-3.902498,0.050000
10186,-8.754171,0.050000
10187,-2.496075,0.050000
10188,-4.803441,0.050000
10189,-16.547452,0.050000
10190,-7.147059,0.050000
10191,-2.409666,0.050000
10192,-13.389277,0.050000
10193,-3.429813,0.050000
10194,-11.022731,0.050000
10195,1.170811,0.050000
10196,-5.026940,0.050000
10197,0.565613,0.050000
10198,-8.956495,0.050000
10199,-18.284291,0.050000
10200,4.329247,0.050000
10201,-9.426372,0.050000
10202,-0.162803,0.050000
10203,-11.891025,0.050000
10204,-1.001451,0.050000
10205,1.020859,0.050000
10206,-5.974670,0.050000
10207,2.032036,0.050000
10208,-0.476673,0.050000
10209,6.600103,0.050000
10210,-3.539292,0.050000
10211,-5.686804,0.050000
10212,5.230482,0.050000
10213,-8.331368,0.050000
10214,0.251425,0.050000
10215,-6.468664,0.050000
10216,-4.428497,0.050000
10217,1.818039,0.050000
10218,1.875470,0.050000
10219,-3.461513,0.050000
10220,-1.691762,0.050000
10221,-10.481227,0.050000
10222,-1.855534,0.050000
10223,-5.915703,0.050000
10224,6.796510,0.050000
10225,-2.485550,0.050000
10226,-0.779190,0.050000
10227,-10.321625,0.050000
10228,-7.512861,0.050000
10229,7.480157,0.050000
10230,-3.411576,0.050000
10231,-14.019522,0.050000
10232,0.426812,0.050000
10233,-1.153600,0.050000
10234,-4.203230,0.050000
10235,-9.692589,0.050000
10236,-10.015305,0.050000
10237,-6.195115,0.050000
10238,0.822805,0.050000
10239,-12.506587,0.050000
10240,-2.708928,0.050000
10241,-2.908913,0.050000
10242,3.939715,0.050000
10243,-4.601883,0.050000
10244,-0.434372,0.050000
10245,2.200539,0.050000
10246,-5.468983,0.050000
10247,4.606022,0.050000
10248,3.653713,0.050000
10249,-2.073708,0.050000
10250,-6.895250,0.050000
10251,-14.236757,0.050000
10252,-4.336331,0.050000
10253,-13.588341,0.050000
10254,-11.583588,0.050000
10255,-13.398381,0.050000
10256,-0.374207,0.050000
10257,-13.133846,0.050000
10258,-3.744651,0.050000
10259,-9.526106,0.050000
10260,-6.726232,0.050000
10261,-8.611166,0.050000
10262,-8.706581,0.050000
10263,-4.512211,0.050000
10264,-5.661432,0.050000
10265,-4.126811,0.050000
10266,-8.725875,0.050000
10267,-3.367309,0.050000
10268,-0.341308,0.050000
10269,-10.525802,0.050000
10270,-9.078050,0.050000
10271,-3.353688,0.050000
10272,7.476202,0.050000
10273,-10.714669,0.050000
10274,-0.775121,0.050000
10275,-4.290771,0.050000
10276,-14.800379,0.050000
10277,-5.767387,0.050000
10278,-2.488707,0.050000
10279,-6.223083,0.050000
10280,-4.363037,0.050000
10281,5.768675,0.050000
10282,6.523936,0.050000
10283,-18.448979,0.050000
10284,-2.089952,0.050000
10285,-3.232329,0.050000
10286,-5.591893,0.050000
10287,-14.742601,0.050000
10288,-12.013914,0.050000
10289,-6.364535,0.050000
10290,-5.943714,0.050000
10291,-12.532044,0.050000
10292,-1.505500,0.050000
10293,-7.284893,0.050000
10294,-14.308209,0.050000
10295,-11.455626,0.050000
10296,-4.293276,0.050000
10297,-7.620403,0.050000
10298,-7.952320,0.050000
10299,-5.560396,0.050000
10300,-0.609722,0.050000
10301,-14.384099,0.050000
10302,-3.734202,0.050000
10303,-9.193658,0.050000
10304,-4.456176,0.050000
10305,-18.970656,0.050000
10306,1.828270,0.050000
10307,-10.882559,0.050000
10308,-10.950600,0.050000
10309,-12.102741,0.050000
10310,-16.827281,0.050000
10311,-6.225645,0.050000
10312,-7.764043,0.050000
10313,-3.290805,0.050000
10314,-6.677173,0.050000
10315,-10.711859,0.050000
10316,-18.909098,0.050000
10317,-13.633586,0.050000
10318,-12.630992,0.050000
10319,-10.269541,0.050000
10320,-0.881732,0.050000
10321,-13.897491,0.050000
10322,-11.729898,0.050000
10323,-11.540839,0.050000
10324,-18.466105,0.050000
10325,-13.056135,0.050000
10326,1.148670,0.050000
10327,-18.385424,0.050000
10328,-23.075861,0.050000
10329,-11.839198,0.050000
10330,-7.858646,0.050000
10331,-19.984529,0.050000
10332,-6.540780,0.050000
10333,-9.933768,0.050000
10334,-10.450391,0.050000
10335,0.644867,0.050000
10336,-14.206754,0.050000
10337,-13.602563,0.050000
10338,-6.805438,0.050000
10339,-6.355571,0.050000
10340,-7.415902,0.050000
10341,-0.318818,0.050000
10342,-12.823419,0.050000
10343,-3.297120,0.050000
10344,1.692583,0.050000
10345,-12.704782,0.050000
10346,-13.318219,0.050000
10347,1.216596,0.050000
10348,-10.599607,0.050000
10349,-16.887171,0.050000
10350,-11.188542,0.050000
10351,-15.996915,0.050000
10352,-6.320357,0.050000
10353,-4.753007,0.050000
10354,-7.736703,0.050000
10355,-15.338688,0.050000
10356,-8.813492,0.050000
10357,-7.645691,0.050000
10358,-9.868967,0.050000
10359,-13.022391,0.050000
10360,-14.089362,0.050000
10361,-20.905698,0.050000
10362,-17.393138,0.050000
10363,4.420580,0.050000
10364,-10.542874,0.050000
10365,-9.662533,0.050000
10366,-3.927016,0.050000
10367,-10.886173,0.050000
10368,-10.687166,0.050000
10369,2.902952,0.050000
10370,-0.498208,0.050000
10371,-2.174345,0.050000
10372,-10.140171,0.050000
10373,-4.795111,0.050000
10374,-5.468321,0.050000
10375,-3.970455,0.050000
10376,-15.911930,0.050000
10377,-7.399634,0.050000
10378,-5.437756,0.050000
10379,-12.936769,0.050000
10380,-13.149337,0.050000
10381,-7.771638,0.050000
10382,-14.694249,0.050000
10383,-7.838216,0.050000
10384,-11.744612,0.050000
10385,-9.943642,0.050000
10386,0.403515,0.050000
10387,-9.519066,0.050000
10388,-21.556761,0.050000
10389,3.167657,0.050000
10390,-19.648366,0.050000
10391,1.399383,0.050000
10392,-6.814082,0.050000
10393,-16.802877,0.050000
10394,-18.293075,0.050000
10395,-13.790896,0.050000
10396,-1.247709,0.050000
10397,-3.101239,0.050000
10398,0.302445,0.050000
10399,-3.417136,0.050000
10400,-8.585261,0.050000
10401,-3.117681,0.050000
10402,-0.904526,0.050000
10403,-0.071329,0.050000
10404,-3.577377,0.050000
10405,2.812049,0.050000
10406,-6.710380,0.050000
10407,3.157391,0.050000
10408,-0.445187,0.050000
10409,-6.368446,0.050000
10410,-17.776619,0.050000
10411,-9.579989,0.050000
10412,-8.847695,0.050000
10413,-9.372197,0.050000
10414,-0.732520,0.050000
10415,-5.049997,0.050000
10416,1.604141,0.050000
10417,-3.986728,0.050000
10418,-3.164494,0.050000
10419,-2.522029,0.050000
10420,-6.823385,0.050000
10421,-2.962945,0.050000
10422,-9.449083,0.050000
10423,-7.983822,0.050000
10424,-14.207107,0.050000
10425,-10.551943,0.050000
10426,-6.835635,0.050000
10427,1.261428,0.050000
10428,-11.708058,0.050000
10429,-8.315250,0.050000
10430,-8.880516,0.050000
10431,-0.580299,0.050000
10432,-4.426432,0.050000
10433,-12.780535,0.050000
10434,3.101079,0.050000
10435,-9.527677,0.050000
10436,0.655706,0.050000
10437,-11.444317,0.050000
10438,-3.954522,0.050000
10439,-4.917085,0.050000
10440,-8.914010,0.050000
10441,-10.335009,0.050000
10442,-7.053506,0.050000
10443,2.001799,0.050000
10444,-11.690550,0.050000
10445,-5.902932,0.050000
10446,-5.822351,0.050000
10447,-11.154463,0.050000
10448,-5.608705,0.050000
10449,-6.474839,0.050000
10450,-0.169956,0.050000
10451,-2.774799,0.050000
10452,-8.896563,0.050000
10453,-5.171590,0.050000
10454,-3.844312,0.050000
10455,-1.567861,0.050000
10456,-0.968500,0.050000
10457,-7.078106,0.050000
10458,6.633598,0.050000
10459,-2.003427,0.050000
10460,2.805869,0.050000
10461,-6.706832,0.050000
10462,1.724321,0.050000
10463,-0.668818,0.050000
10464,-8.740021,0.050000
10465,-9.029833,0.050000
10466,-7.672039,0.050000
10467,-0.425505,0.050000
10468,1.159353,0.050000
10469,-7.271369,0.050000
10470,-5.079343,0.050000
10471,-1.282717,0.050000
10472,-7.275344,0.050000
10473,-21.225318,0.050000
10474,2.696517,0.050000
10475,-11.112538,0.050000
10476,-6.516538,0.050000
10477,-7.941834,0.050000
10478,-2.466999,0.050000
10479,-7.241629,0.050000
10480,0.409603,0.050000
10481,-7.350248,0.050000
10482,-6.073066,0.050000
10483,0.067055,0.050000
10484,1.797572,0.050000
10485,-5.184519,0.050000
10486,-6.783031,0.050000
10487,-6.706268,0.050000
10488,-1.779799,0.050000
10489,-7.982804,0.050000
10490,1.289515,0.050000
10491,-1.976526,0.050000
10492,-1.951586,0.050000
10493,-12.102099,0.050000
10494,-5.590150,0.050000
10495,-12.613751,0.050000
10496,1.520029,0.050000
10497,1.383206,0.050000
10498,-13.322885,0.050000
10499,-9.394630,0.050000
10500,-14.798032,0.050000
10501,-7.774725,0.050000
10502,-3.672865,0.050000
10503,-6.607294,0.050000
10504,0.368640,0.050000
10505,-2.899065,0.050000
10506,0.426602,0.050000
10507,-0.645301,0.050000
10508,-6.012555,0.050000
10509,-3.369916,0.050000
10510,-7.426551,0.050000
10511,-3.407752,0.050000
10512,1.864126,0.050000
10513,-1.423143,0.050000
10514,-6.543068,0.050000
10515,0.144063,0.050000
10516,-1.296999,0.050000
10517,6.247857,0.050000
10518,-8.263750,0.050000
10519,-7.366309,0.050000
10520,-12.725480,0.050000
10521,-2.025933,0.050000
10522,-6.026300,0.050000
10523,2.127028,0.050000
10524,0.572304,0.050000
10525,5.388078,0.050000
10526,1.663782,0.050000
10527,-12.113245,0.050000
10528,-4.600861,0.050000
10529,-1.143675,0.050000
10530,-1.070520,0.050000
10531,-8.138823,0.050000
10532,-2.333014,0.050000
10533,-1.861166,0.050000
10534,-3.748460,0.050000
10535,-3.778297,0.050000
10536,0.777620,0.050000
10537,-0.852777,0.050000
10538,-3.012978,0.050000
10539,-10.253877,0.050000
10540,-2.214703,0.050000
10541,-9.788171,0.050000
10542,-8.367642,0.050000
10543,-1.797191,0.050000
10544,3.543156,0.050000
10545,-5.366778,0.050000
10546,-1.150691,0.050000
10547,0.575631,0.050000
10548,-14.285066,0.050000
10549,-6.007957,0.050000
10550,-3.576413,0.050000
10551,-1.333113,0.050000
10552,-9.959710,0.050000
10553,-2.568416,0.050000
10554,-0.302773,0.050000
10555,7.024997,0.050000
10556,1.055775,0.050000
10557,9.090891,0.050000
10558,-11.797733,0.050000
10559,-3.691754,0.050000
10560,-1.300395,0.050000
10561,-10.583564,0.050000
10562,-4.784527,0.050000
10563,-6.876743,0.050000
10564,-12.054708,0.050000
10565,-7.594106,0.050000
10566,-2.417485,0.050000
10567,-9.930879,0.050000
10568,-2.040375,0.050000
10569,-2.876344,0.050000
10570,-0.870024,0.050000
10571,-6.430403,0.050000
10572,-10.312384,0.050000
10573,-9.609589,0.050000
10574,-1.853878,0.050000
10575,-5.647232,0.050000
10576,-14.170537,0.050000
10577,-10.485582,0.050000
10578,-8.210390,0.050000
10579,5.450738,0.050000
10580,-0.535412,0.050000
10581,-3.763886,0.050000
10582,-4.426577,0.050000
10583,2.452123,0.050000
10584,-15.024448,0.050000
10585,1.664896,0.050000
10586,-1.626836,0.050000
10587,-12.856266,0.050000
10588,-10.448169,0.050000
10589,-3.554694,0.050000
10590,1.167786,0.050000
10591,-4.707413,0.050000
10592,-6.624265,0.050000
10593,-4.561787,0.050000
10594,3.944337,0.050000
10595,-5.208754,0.050000
10596,-10.834375,0.050000
10597,-3.861915,0.050000
10598,-6.347939,0.050000
10599,-3.090974,0.050000
10600,-1.792007,0.050000
10601,-9.327875,0.050000
10602,-11.435011,0.050000
10603,-8.403028,0.050000
10604,-1.193729,0.050000
10605,-6.240096,0.050000
10606,-1.884408,0.050000
10607,-9.753364,0.050000
10608,-7.408831,0.050000
10609,-13.792018,0.050000
10610,-11.962570,0.050000
10611,-3.363867,0.050000
10612,3.429021,0.050000
10613,-14.826268,0.050000
10614,-4.647752,0.050000
10615,-4.670645,0.050000
10616,-4.865343,0.050000
10617,-11.686713,0.050000
10618,3.914269,0.050000
10619,-12.409595,0.050000
10620,-7.457498,0.050000
10621,-7.117001,0.050000
10622,-3.755326,0.050000
10623,-4.188242,0.050000
10624,-1.492203,0.050000
10625,-20.619367,0.050000
10626,-2.619247,0.050000
10627,0.542254,0.050000
10628,-7.981024,0.050000
10629,-11.558912,0.050000
10630,-15.639797,0.050000
10631,-7.299445,0.050000
10632,-11.507046,0.050000
10633,-2.848549,0.050000
10634,-3.924128,0.050000
10635,-9.391717,0.050000
10636,-9.221076,0.050000
10637,-10.149225,0.050000
10638,-8.594086,0.050000
10639,-10.110623,0.050000
10640,-1.483238,0.050000
10641,-9.155366,0.050000
10642,1.022771,0.050000
10643,5.818033,0.050000
10644,-9.429092,0.050000
10645,-7.851262,0.050000
10646,-3.207121,0.050000
10647,-14.360225,0.050000
10648,-2.834705,0.050000
10649,-11.448156,0.050000
10650,0.961757,0.050000
10651,-12.859851,0.050000
10652,-12.668970,0.050000
10653,-9.770712,0.050000
10654,-0.875075,0.050000
10655,-11.827376,0.050000
10656,-5.453191,0.050000
10657,-8.719577,0.050000
10658,-10.095564,0.050000
10659,-1.847130,0.050000
10660,-0.879283,0.050000
10661,-12.106058,0.050000
10662,-8.923892,0.050000
10663,-5.745254,0.050000
10664,-10.253644,0.050000
10665,-12.509942,0.050000
10666,-11.300132,0.050000
10667,3.192863,0.050000
10668,-4.898620,0.050000
10669,1.099192,0.050000
10670,-9.518248,0.050000
10671,-3.333028,0.050000
10672,-3.913244,0.050000
10673,-5.474288,0.050000
10674,-8.721940,0.050000
10675,-5.901138,0.050000
10676,-4.408940,0.050000
10677,-19.552686,0.050000
10678,-14.218479,0.050000
10679,-4.538190,0.050000
10680,-0.080789,0.050000
10681,-9.793695,0.050000
10682,-1.055911,0.050000
10683,-1.238184,0.050000
10684,-5.929140,0.050000
10685,-1.464743,0.050000
10686,-4.675356,0.050000
10687,-9.621845,0.050000
10688,-17.358122,0.050000
10689,1.863582,0.050000
10690,-12.708549,0.050000
10691,-6.369021,0.050000
10692,-3.576742,0.050000
10693,4.200249,0.050000
10694,-3.060132,0.050000
10695,-12.136518,0.050000
10696,0.403319,0.050000
10697,-14.595812,0.050000
10698,-11.593579,0.050000
10699,4.572956,0.050000
10700,-11.454876,0.050000
10701,-0.600638,0.050000
10702,-3.178085,0.050000
10703,-8.768905,0.050000
10704,1.476023,0.050000
10705,-11.440643,0.050000
10706,-6.885368,0.050000
10707,-4.135737,0.050000
10708,-9.548262,0.050000
10709,-5.600471,0.050000
10710,-6.366075,0.050000
10711,-1.590544,0.050000
10712,-2.536961,0.050000
10713,-5.138032,0.050000
10714,-4.177287,0.050000
10715,-0.502026,0.050000
10716,-4.805309,0.050000
10717,-9.272023,0.050000
10718,-4.907994,0.050000
10719,-5.083886,0.050000
10720,-14.783404,0.050000
10721,-0.833894,0.050000
10722,-4.375052,0.050000
10723,-4.092450,0.050000
10724,-7.740310,0.050000
10725,-4.758407,0.050000
10726,-9.394487,0.050000
10727,-4.091927,0.050000
10728,-4.578997,0.050000
10729,-1.229905,0.050000
10730,-8.910159,0.050000
10731,0.944744,0.050000
10732,-3.693536,0.050000
10733,-1.319873,0.050000
10734,-12.125091,0.050000
10735,-10.768466,0.050000
10736,-10.985476,0.050000
10737,-14.642426,0.050000
10738,-9.394677,0.050000
10739,-8.825718,0.050000
10740,-5.103141,0.050000
10741,0.151889,0.050000
10742,-5.926329,0.050000
10743,-7.185117,0.050000
10744,-7.470393,0.050000
10745,-3.833248,0.050000
10746,-5.748797,0.050000
10747,-5.129105,0.050000
10748,-1.472066,0.050000
10749,-7.896108,0.050000
10750,-12.094129,0.050000
10751,-8.721891,0.050000
10752,-0.434454,0.050000
10753,-10.633963,0.050000
10754,-4.332602,0.050000
10755,-5.850578,0.050000
10756,-7.233444,0.050000
10757,-8.399923,0.050000
10758,-11.310872,0.050000
10759,2.210544,0.050000
10760,-0.298308,0.050000
10761,-0.569596,0.050000
10762,-9.055954,0.050000
10763,1.675214,0.050000
10764,-12.120149,0.050000
10765,-4.853838,0.050000
10766,-3.989126,0.050000
10767,3.157481,0.050000
10768,-6.366951,0.050000
10769,-13.762268,0.050000
10770,-10.260859,0.050000
10771,-8.358099,0.050000
10772,-3.491180,0.050000
10773,-7.124900,0.050000
10774,-1.949212,0.050000
10775,-3.709358,0.050000
10776,-4.776661,0.050000
10777,0.932635,0.050000
10778,-5.911540,0.050000
10779,-3.962950,0.050000
10780,-15.349049,0.050000
10781,-0.766207,0.050000
10782,-10.754780,0.050000
10783,-5.551858,0.050000
10784,3.509198,0.050000
10785,-3.035472,0.050000
10786,-16.713627,0.050000
10787,-1.320556,0.050000
10788,-5.008934,0.050000
10789,-5.956354,0.050000
10790,-1.636004,0.050000
10791,-6.585658,0.050000
10792,-11.175822,0.050000
10793,-10.145517,0.050000
10794,-6.916720,0.050000
10795,-4.726703,0.050000
10796,-8.017748,0.050000
10797,2.621641,0.050000
10798,-0.304842,0.050000
10799,-10.228694,0.050000
10800,-4.065452,0.050000
10801,-11.047924,0.050000
10802,-5.228827,0.050000
10803,-1.572402,0.050000
10804,-5.868508,0.050000
10805,-7.450968,0.050000
10806,-3.296579,0.050000
10807,-12.354260,0.050000
10808,-8.119840,0.050000
10809,-1.853027,0.050000
10810,-10.928924,0.050000
10811,-9.950658,0.050000
10812,-1.772655,0.050000
10813,-7.953358,0.050000
10814,-3.919094,0.050000
10815,-0.769540,0.050000
10816,0.186666,0.050000
10817,-9.958663,0.050000
10818,-7.443412,0.050000
10819,-6.508242,0.050000
10820,2.746568,0.050000
10821,-4.444855,0.050000
10822,-14.262921,0.050000
10823,-4.632515,0.050000
10824,-15.749102,0.050000
10825,-4.182666,0.050000
10826,1.236982,0.050000
10827,-5.415743,0.050000
10828,-11.724978,0.050000
10829,-5.971147,0.050000
10830,-3.077789,0.050000
10831,-2.760359,0.050000
10832,-1.332843,0.050000
10833,3.342966,0.050000
10834,-3.823574,0.050000
10835,-4.216585,0.050000
10836,-9.445060,0.050000
10837,-4.692018,0.050000
10838,-5.440585,0.050000
10839,-9.314589,0.050000
10840,5.400693,0.050000
10841,-9.082304,0.050000
10842,-10.648621,0.050000
10843,-2.357448,0.050000
10844,-0.193450,0.050000
10845,-5.134819,0.050000
10846,-0.399374,0.050000
10847,-2.758362,0.050000
10848,-6.247323,0.050000
10849,-1.151975,0.050000
10850,0.671845,0.050000
10851,3.390705,0.050000
10852,-2.549111,0.050000
10853,1.632854,0.050000
10854,2.669253,0.050000
10855,-11.747195,0.050000
10856,-4.624385,0.050000
10857,-0.139793,0.050000
10858,-1.329169,0.050000
10859,-9.174227,0.050000
10860,-3.110581,0.050000
10861,-3.285529,0.050000
10862,-4.697419,0.050000
10863,-0.038323,0.050000
10864,-11.982320,0.050000
10865,0.341211,0.050000
10866,-4.013170,0.050000
10867,-5.841479,0.050000
10868,3.931445,0.050000
10869,-4.500700,0.050000
10870,1.988358,0.050000
10871,-8.449155,0.050000
10872,-3.136491,0.050000
10873,-10.179704,0.050000
10874,-5.221653,0.050000
10875,-11.780804,0.050000
10876,-1.504842,0.050000
10877,1.666896,0.050000
10878,-9.521100,0.050000
10879,1.693124,0.050000
10880,-5.488129,0.050000
10881,-0.871276,0.050000
10882,-6.816914,0.050000
10883,-2.764658,0.050000
10884,-5.039918,0.050000
10885,-10.118730,0.050000
10886,-3.379698,0.050000
10887,-0.175883,0.050000
10888,-3.948113,0.050000
10889,-0.620651,0.050000
10890,-3.546346,0.050000
10891,-2.677606,0.050000
10892,-3.499758,0.050000
10893,-6.053854,0.050000
10894,-6.496659,0.050000
10895,-2.940493,0.050000
10896,0.593821,0.050000
10897,-4.864560,0.050000
10898,-0.784261,0.050000
10899,3.051633,0.050000
10900,-7.096990,0.050000
10901,8.040861,0.050000
10902,-5.533567,0.050000
10903,-9.942812,0.050000
10904,0.160982,0.050000
10905,-0.493009,0.050000
10906,0.698561,0.050000
10907,1.946712,0.050000
10908,-2.551297,0.050000
10909,-8.119258,0.050000
10910,-2.063683,0.050000
10911,3.076584,0.050000
10912,2.503388,0.050000
10913,1.176686,0.050000
10914,-3.626371,0.050000
10915,0.271935,0.050000
10916,-6.178672,0.050000
10917,-0.220413,0.050000
10918,-2.396359,0.050000
10919,4.650682,0.050000
10920,-10.585773,0.050000
10921,-0.645830,0.050000
10922,-7.761279,0.050000
10923,1.467426,0.050000
10924,-3.257736,0.050000
10925,-7.080521,0.050000
10926,4.097709,0.050000
10927,-5.002327,0.050000
10928,-0.509684,0.050000
10929,-10.551853,0.050000
10930,-5.887223,0.050000
10931,-3.559032,0.050000
10932,4.354744,0.050000
10933,-9.491355,0.050000
10934,-6.929649,0.050000
10935,-7.532653,0.050000
10936,-2.088616,0.050000
10937,-8.437110,0.050000
10938,0.462987,0.050000
10939,-15.205504,0.050000
10940,0.058227,0.050000
10941,-11.564085,0.050000
10942,1.456673,0.050000
10943,-9.623536,0.050000
10944,0.179376,0.050000
10945,-5.818722,0.050000
10946,2.964648,0.050000
10947,-7.728792,0.050000
10948,-13.396924,0.050000
10949,-4.249061,0.050000
10950,-4.829338,0.050000
10951,-11.170289,0.050000
10952,0.489493,0.050000
10953,-10.285056,0.050000
10954,-9.911589,0.050000
10955,-4.359934,0.050000
10956,-5.999595,0.050000
10957,-10.475050,0.050000
10958,-13.667448,0.050000
10959,-8.229645,0.050000
10960,-6.324639,0.050000
10961,-3.835897,0.050000
10962,-10.240586,0.050000
10963,-7.605896,0.050000
10964,-3.910058,0.050000
10965,-0.104270,0.050000
10966,1.374072,0.050000
10967,-7.269117,0.050000
10968,1.671821,0.050000
10969,0.567096,0.050000
10970,-5.895736,0.050000
10971,-4.932354,0.050000
10972,-12.092954,0.050000
10973,7.066373,0.050000
10974,-14.108693,0.050000
10975,-0.368612,0.050000
10976,-10.399233,0.050000
10977,-8.070331,0.050000
10978,0.882664,0.050000
10979,-0.846167,0.050000
10980,-9.003258,0.050000
10981,-10.401505,0.050000
10982,-4.079510,0.050000
10983,-4.800913,0.050000
10984,-11.010376,0.050000
10985,-1.419628,0.050000
10986,-4.675367,0.050000
10987,-15.544537,0.050000
10988,0.145095,0.050000
10989,-11.191727,0.050000
10990,-10.811446,0.050000
10991,-2.115654,0.050000
10992,-11.730129,0.050000
10993,0.365961,0.050000
10994,-6.103645,0.050000
10995,-6.023312,0.050000
10996,-1.384505,0.050000
10997,-2.308124,0.050000
10998,1.149032,0.050000
10999,-3.346018,0.050000
11000,-0.173715,0.050000
11001,-1.564437,0.050000
11002,1.483327,0.050000
11003,-0.708455,0.050000
11004,-6.032680,0.050000
11005,0.534542,0.050000
11006,-8.686255,0.050000
11007,-4.487195,0.050000
11008,-4.159368,0.050000
11009,-1.313764,0.050000
11010,-0.049718,0.050000
11011,-7.158297,0.050000
11012,-4.141088,0.050000
11013,-3.805798,0.050000
11014,-1.830593,0.050000
11015,-2.489151,0.050000
11016,-2.339494,0.050000
11017,-1.837989,0.050000
11018,-2.243539,0.050000
11019,-9.853713,0.050000
11020,-0.388294,0.050000
11021,1.205255,0.050000
11022,0.318405,0.050000
11023,6.172980,0.050000
11024,-15.159672,0.050000
11025,-4.767681,0.050000
11026,-4.799078,0.050000
11027,-3.880712,0.050000
11028,1.966945,0.050000
11029,-9.503299,0.050000
11030,-4.810491,0.050000
11031,-6.014673,0.050000
11032,-0.390058,0.050000
11033,3.349403,0.050000
11034,-6.222243,0.050000
11035,-3.003483,0.050000
11036,-8.018045,0.050000
11037,-7.455691,0.050000
11038,-6.390900,0.050000
11039,-4.749512,0.050000
11040,-7.852220,0.050000
11041,-12.207129,0.050000
11042,-8.327565,0.050000
11043,-2.388988,0.050000
11044,-1.925179,0.050000
11045,-1.448987,0.050000
11046,-5.161805,0.050000
11047,-1.302894,0.050000
11048,-6.066583,0.050000
11049,-3.241631,0.050000
11050,-1.801750,0.050000
11051,-11.182346,0.050000
11052,-11.597848,0.050000
11053,0.799796,0.050000
11054,3.823065,0.050000
11055,-8.163774,0.050000
11056,-9.592497,0.050000
11057,-4.029287,0.050000
11058,3.203509,0.050000
11059,3.583272,0.050000
11060,-7.856538,0.050000
11061,-5.635302,0.050000
11062,-9.325560,0.050000
11063,-2.436438,0.050000
11064,0.148857,0.050000
11065,-0.903707,0.050000
11066,-1.071465,0.050000
11067,-8.818723,0.050000
11068,4.682771,0.050000
11069,1.675487,0.050000
11070,-11.232601,0.050000
11071,-3.651997,0.050000
11072,-1.359942,0.050000
11073,-0.374366,0.050000
11074,-8.338488,0.050000
11075,-16.277565,0.050000
11076,2.458190,0.050000
11077,-4.649475,0.050000
11078,-8.207276,0.050000
11079,0.403005,0.050000
11080,-2.826716,0.050000
11081,-3.376469,0.050000
11082,-2.246384,0.050000
11083,-7.060581,0.050000
11084,-6.394376,0.050000
11085,-7.741670,0.050000
11086,-6.576263,0.050000
11087,-0.636593,0.050000
11088,1.294965,0.050000
11089,-9.014996,0.050000
11090,-0.540601,0.050000
11091,-7.046792,0.050000
11092,-5.541332,0.050000
11093,-8.291480,0.050000
11094,6.450366,0.050000
11095,-4.952537,0.050000
11096,-4.474271,0.050000
11097,-5.851767,0.050000
11098,0.388871,0.050000
11099,-8.510406,0.050000
11100,-2.963018,0.050000
11101,-3.744700,0.050000
11102,-8.986320,0.050000
11103,4.020735,0.050000
11104,2.672043,0.050000
11105,1.809669,0.050000
11106,-17.134263,0.050000
11107,-5.020584,0.050000
11108,-7.254991,0.050000
11109,-1.470444,0.050000
11110,-2.154337,0.050000
11111,-4.700588,0.050000
11112,-1.531914,0.050000
11113,-4.629714,0.050000
11114,-3.431548,0.050000
11115,-7.271102,0.050000
11116,-7.455767,0.050000
11117,-10.485294,0.050000
11118,-12.014720,0.050000
11119,-1.137437,0.050000
11120,-9.948855,0.050000
11121,-9.160208,0.050000
11122,-1.119318,0.050000
11123,-4.052645,0.050000
11124,-14.757703,0.050000
11125,-10.662284,0.050000
11126,-4.755839,0.050000
11127,-13.697644,0.050000
11128,-15.483938,0.050000
11129,-13.142605,0.050000
11130,-0.204100,0.050000
11131,-2.911929,0.050000
11132,3.849480,0.050000
11133,-2.636296,0.050000
11134,-4.130646,0.050000
11135,-19.642259,0.050000
11136,-7.292837,0.050000
11137,-5.997507,0.050000
11138,-11.160438,0.050000
11139,-6.719200,0.050000
11140,0.405372,0.050000
11141,-8.214447,0.050000
11142,1.919653,0.050000
11143,-5.269444,0.050000
11144,-9.964216,0.050000
11145,-5.001345,0.050000
11146,-2.424379,0.050000
11147,-6.269974,0.050000
11148,-4.989951,0.050000
11149,-6.454454,0.050000
11150,-5.308148,0.050000
11151,-12.150387,0.050000
11152,-10.551424,0.050000
11153,-4.584041,0.050000
11154,-11.967848,0.050000
11155,-3.361812,0.050000
11156,-7.577215,0.050000
11157,3.481813,0.050000
11158,-0.542008,0.050000
11159,-9.775154,0.050000
11160,-0.689634,0.050000
11161,-3.271971,0.050000
11162,-3.246266,0.050000
11163,-4.973783,0.050000
11164,-15.102627,0.050000
11165,4.681932,0.050000
11166,-1.657451,0.050000
11167,-12.481493,0.050000
11168,-3.955036,0.050000
11169,-3.516742,0.050000
11170,-0.087068,0.050000
11171,-1.241964,0.050000
11172,-1.226768,0.050000
11173,-10.879351,0.050000
11174,-13.105287,0.050000
11175,-3.621515,0.050000
11176,-3.007516,0.050000
11177,-3.742730,0.050000
11178,-3.275297,0.050000
11179,-10.714530,0.050000
11180,-5.429453,0.050000
11181,-5.603498,0.050000
11182,0.021138,0.050000
11183,-16.925116,0.050000
11184,-14.813631,0.050000
11185,-6.473654,0.050000
11186,4.627405,0.050000
11187,-9.443302,0.050000
11188,4.648741,0.050000
11189,-3.014846,0.050000
11190,-6.085550,0.050000
11191,6.224047,0.050000
11192,-13.355012,0.050000
11193,0.940849,0.050000
11194,-2.192835,0.050000
11195,-5.503497,0.050000
11196,-1.018581,0.050000
11197,-8.428888,0.050000
11198,-12.808079,0.050000
11199,-10.444270,0.050000
11200,-7.473277,0.050000
11201,-10.445446,0.050000
11202,-9.069084,0.050000
11203,-11.671258,0.050000
11204,0.181173,0.050000
11205,-5.279992,0.050000
11206,-9.003571,0.050000
11207,4.596575,0.050000
11208,-14.848099,0.050000
11209,-8.879534,0.050000
11210,-5.275648,0.050000
11211,-1.462213,0.050000
11212,-12.901792,0.050000
11213,-7.846887,0.050000
11214,-10.753663,0.050000
11215,-10.447668,0.050000
11216,-11.441556,0.050000
11217,-6.341143,0.050000
11218,-2.168948,0.050000
11219,-13.747760,0.050000
11220,-9.954680,0.050000
11221,-9.593536,0.050000
11222,-18.327418,0.050000
11223,-7.058824,0.050000
11224,-2.583772,0.050000
11225,-7.914208,0.050000
11226,-10.726927,0.050000
11227,-8.041449,0.050000
11228,-3.887046,0.050000
11229,-5.957518,0.050000
11230,-7.489471,0.050000
11231,-5.148652,0.050000
11232,1.401447,0.050000
11233,-1.135905,0.050000
11234,-2.458910,0.050000
11235,-3.347156,0.050000
11236,-7.186416,0.050000
11237,-1.539526,0.050000
11238,-4.003131,0.050000
11239,-4.323617,0.050000
11240,-9.097259,0.050000
11241,-4.382904,0.050000
11242,-1.192335,0.050000
11243,-1.509589,0.050000
11244,-6.673691,0.050000
11245,-8.045086,0.050000
11246,-1.254280,0.050000
11247,-4.202079,0.050000
11248,-3.459470,0.050000
11249,1.694444,0.050000
11250,-5.328988,0.050000
11251,0.898496,0.050000
11252,4.280863,0.050000
11253,-1.452792,0.050000
11254,-2.632997,0.050000
11255,-6.560749,0.050000
11256,-5.136684,0.050000
11257,6.086180,0.050000
11258,1.076984,0.050000
11259,-3.908575,0.050000
11260,-5.844044,0.050000
11261,-7.381848,0.050000
11262,-13.765653,0.050000
11263,2.202136,0.050000
11264,0.579613,0.050000
11265,-5.036736,0.050000
11266,3.753778,0.050000
11267,4.784445,0.050000
11268,4.484649,0.050000
11269,-10.724699,0.050000
11270,4.982444,0.050000
11271,-2.123180,0.050000
11272,1.906539,0.050000
11273,-4.639467,0.050000
11274,-2.169115,0.050000
11275,-8.835368,0.050000
11276,0.020968,0.050000
11277,2.270621,0.050000
11278,7.279318,0.050000
11279,-1.160104,0.050000
11280,-6.817114,0.050000
11281,2.458119,0.050000
11282,-2.370545,0.050000
11283,-5.189667,0.050000
11284,0.028191,0.050000
11285,7.882848,0.050000
11286,-5.049114,0.050000
11287,3.366747,0.050000
11288,-11.447817,0.050000
11289,-4.686954,0.050000
11290,0.315781,0.050000
11291,-11.045427,0.050000
11292,-5.649316,0.050000
11293,6.142294,0.050000
11294,-7.846922,0.050000
11295,1.986978,0.050000
11296,-3.916553,0.050000
11297,3.645311,0.050000
11298,3.230089,0.050000
11299,-1.161151,0.050000
11300,-3.071419,0.050000
11301,0.036688,0.050000
11302,-6.518679,0.050000
11303,0.518158,0.050000
11304,-4.859097,0.050000
11305,-7.628945,0.050000
11306,-1.108934,0.050000
11307,-10.460603,0.050000
11308,-2.299864,0.050000
11309,-2.882784,0.050000
11310,-11.525441,0.050000
11311,-3.971035,0.050000
11312,-4.027973,0.050000
11313,0.035028,0.050000
11314,-1.139225,0.050000
11315,-1.473748,0.050000
11316,0.435597,0.050000
11317,6.196699,0.050000
11318,-10.015201,0.050000
11319,-5.973616,0.050000
11320,1.565649,0.050000
11321,-2.244673,0.050000
11322,-4.787953,0.050000
11323,-6.948614,0.050000
11324,-6.118635,0.050000
11325,-6.831726,0.050000
11326,-4.117051,0.050000
11327,-5.218621,0.050000
11328,-1.077898,0.050000
11329,2.680561,0.050000
11330,-7.965770,0.050000
11331,-12.192796,0.050000
11332,6.030853,0.050000
11333,-2.121361,0.050000
11334,-4.064517,0.050000
11335,1.636451,0.050000
11336,0.482867,0.050000
11337,-6.346909,0.050000
11338,-8.236048,0.050000
11339,-0.940545,0.050000
11340,-5.540350,0.050000
11341,-8.429620,0.050000
11342,-6.900593,0.050000
11343,4.927050,0.050000
11344,-12.176011,0.050000
11345,-8.834747,0.050000
11346,-8.357811,0.050000
11347,-5.546357,0.050000
11348,-14.471325,0.050000
11349,-7.545461,0.050000
11350,-6.940653,0.050000
11351,-2.853017,0.050000
11352,-7.289118,0.050000
11353,-3.715197,0.050000
11354,3.343181,0.050000
11355,-1.501259,0.050000
11356,-8.691424,0.050000
11357,-8.594961,0.050000
11358,-2.585744,0.050000
11359,-10.532545,0.050000
11360,-5.582190,0.050000
11361,-13.991643,0.050000
11362,4.526568,0.050000
11363,-7.680368,0.050000
11364,0.296495,0.050000
11365,-4.461572,0.050000
11366,-3.392158,0.050000
11367,-8.901137,0.050000
11368,-10.334793,0.050000
11369,-4.743033,0.050000
11370,-10.113536,0.050000
11371,-4.926388,0.050000
11372,-6.181379,0.050000
11373,-4.990932,0.050000
11374,-4.380530,0.050000
11375,-2.727860,0.050000
11376,-0.982750,0.050000
11377,0.280877,0.050000
11378,-13.885338,0.050000
11379,-4.283135,0.050000
11380,-0.933221,0.050000
11381,-4.519520,0.050000
11382,-5.464062,0.050000
11383,-10.992818,0.050000
11384,-9.849261,0.050000
11385,-4.394989,0.050000
11386,-13.110259,0.050000
11387,-12.178088,0.050000
11388,-4.901801,0.050000
11389,-3.315989,0.050000
11390,-6.679046,0.050000
11391,-8.450708,0.050000
11392,0.078945,0.050000
11393,-9.827927,0.050000
11394,-10.770250,0.050000
11395,-3.103022,0.050000
11396,0.062804,0.050000
11397,-5.357045,0.050000
11398,-3.269934,0.050000
11399,-8.148364,0.050000
11400,1.753718,0.050000
11401,-2.309828,0.050000
11402,-7.429968,0.050000
11403,-2.870839,0.050000
11404,-8.279285,0.050000
11405,-22.260809,0.050000
11406,1.093784,0.050000
11407,-1.956251,0.050000
11408,-10.935676,0.050000
11409,-2.571139,0.050000
11410,-2.874728,0.050000
11411,-10.053181,0.050000
11412,-12.786744,0.050000
11413,-10.903233,0.050000
11414,-5.610055,0.050000
11415,-2.891082,0.050000
11416,-3.335717,0.050000
11417,-9.583485,0.050000
11418,3.370780,0.050000
11419,-8.780260,0.050000
11420,-5.780553,0.050000
11421,-3.595619,0.050000
11422,-8.281004,0.050000
11423,-2.908603,0.050000
11424,-7.252298,0.050000
11425,-10.066282,0.050000
11426,-10.140145,0.050000
11427,-5.569405,0.050000
11428,-10.158054,0.050000
11429,-6.887036,0.050000
11430,-8.974137,0.050000
11431,-11.489824,0.050000
11432,-9.366158,0.050000
11433,-11.064841,0.050000
11434,-12.629667,0.050000
11435,-6.280685,0.050000
11436,-6.319147,0.050000
11437,-8.011377,0.050000
11438,-13.526981,0.050000
11439,-1.767460,0.050000
11440,-9.370829,0.050000
11441,-15.848792,0.050000
11442,-10.820791,0.050000
11443,-8.879499,0.050000
11444,-14.182345,0.050000
11445,-11.211500,0.050000
11446,-9.163702,0.050000
11447,-3.598633,0.050000
11448,-4.630021,0.050000
11449,-6.990897,0.050000
11450,-10.947231,0.050000
11451,-10.322719,0.050000
11452,-18.115444,0.050000
11453,-11.405028,0.050000
11454,-12.336932,0.050000
11455,-17.310735,0.050000
11456,-6.802742,0.050000
11457,-14.809182,0.050000
11458,0.149457,0.050000
11459,-18.382701,0.050000
11460,-8.712297,0.050000
11461,-18.140106,0.050000
11462,-12.127324,0.050000
11463,-3.314569,0.050000
11464,-0.046621,0.050000
11465,-5.665119,0.050000
11466,-4.639783,0.050000
11467,-17.386090,0.050000
11468,-13.537228,0.050000
11469,5.452381,0.050000
11470,-7.371020,0.050000
11471,-4.944224,0.050000
11472,8.031580,0.050000
11473,-9.916225,0.050000
11474,-3.231167,0.050000
11475,-5.054575,0.050000
11476,-4.350915,0.050000
11477,-8.774612,0.050000
11478,-8.308378,0.050000
11479,-14.747096,0.050000
11480,-7.812335,0.050000
11481,-6.104010,0.050000
11482,-8.253136,0.050000
11483,-10.512769,0.050000
11484,-10.371283,0.050000
11485,0.181990,0.050000
11486,-12.857374,0.050000
11487,-17.078050,0.050000
11488,-6.483992,0.050000
11489,-6.317172,0.050000
11490,-1.261403,0.050000
11491,-1.646837,0.050000
11492,-15.832015,0.050000
11493,-12.424493,0.050000
11494,-9.604511,0.050000
11495,-5.075818,0.050000
11496,-7.873165,0.050000
11497,-6.856162,0.050000
11498,-0.925189,0.050000
11499,-8.074652,0.050000
11500,-7.031508,0.050000
11501,4.547395,0.050000
11502,-14.980896,0.050000
11503,-7.205140,0.050000
11504,-4.952724,0.050000
11505,-8.639172,0.050000
11506,-1.575377,0.050000
11507,-7.018209,0.050000
11508,7.782939,0.050000
11509,-13.834153,0.050000
11510,-2.004877,0.050000
11511,-2.200546,0.050000
11512,-10.185577,0.050000
11513,-9.484843,0.050000
11514,-10.426756,0.050000
11515,-8.538457,0.050000
11516,-10.749813,0.050000
11517,-9.081931,0.050000
11518,2.675874,0.050000
11519,5.730946,0.050000
11520,1.043432,0.050000
11521,-4.195635,0.050000
11522,-9.481340,0.050000
11523,-11.510522,0.050000
11524,-8.910875,0.050000
11525,-1.972069,0.050000
11526,-8.760410,0.050000
11527,-0.260582,0.050000
11528,-8.893281,0.050000
11529,-4.930390,0.050000
11530,-3.021735,0.050000
11531,-14.020666,0.050000
11532,-4.360050,0.050000
11533,-11.315990,0.050000
11534,-3.368019,0.050000
11535,-18.248882,0.050000
11536,-9.198748,0.050000
11537,1.166197,0.050000
11538,-15.671961,0.050000
11539,4.381659,0.050000
11540,8.056037,0.050000
11541,2.664016,0.050000
11542,-10.589352,0.050000
11543,-13.158096,0.050000
11544,0.896477,0.050000
11545,-12.006924,0.050000
11546,-10.278886,0.050000
11547,-9.014475,0.050000
11548,-20.452624,0.050000
11549,-0.420139,0.050000
11550,1.802274,0.050000
11551,-10.017223,0.050000
11552,5.046564,0.050000
11553,-3.219141,0.050000
11554,-9.900579,0.050000
11555,-9.094115,0.050000
11556,-8.994244,0.050000
11557,-10.823023,0.050000
11558,-2.527531,0.050000
11559,-1.893975,0.050000
11560,-15.489967,0.050000
11561,-9.346744,0.050000
11562,-2.261507,0.050000
11563,-14.702471,0.050000
11564,-11.234626,0.050000
11565,-10.572301,0.050000
11566,-11.025133,0.050000
11567,-12.699581,0.050000
11568,-7.200882,0.050000
11569,-2.785215,0.050000
11570,-0.958194,0.050000
11571,-9.152416,0.050000
11572,-1.453446,0.050000
11573,-0.508480,0.050000
11574,-1.178212,0.050000
11575,-1.322228,0.050000
11576,-2.551541,0.050000
11577,-9.355036,0.050000
11578,-16.545583,0.050000
11579,-16.043005,0.050000
11580,-2.275089,0.050000
11581,-15.871362,0.050000
11582,-4.489151,0.050000
11583,-2.310646,0.050000
11584,-11.873969,0.050000
11585,-11.810210,0.050000
11586,-6.488240,0.050000
11587,-6.121630,0.050000
11588,-8.703796,0.050000
11589,-12.966670,0.050000
11590,-9.798424,0.050000
11591,-7.826393,0.050000
11592,-6.241206,0.050000
11593,-9.897088,0.050000
11594,-10.587519,0.050000
11595,0.211345,0.050000
11596,0.936312,0.050000
11597,-3.109515,0.050000
11598,-14.901979,0.050000
11599,-15.586761,0.050000
11600,-4.953638,0.050000
11601,-10.225896,0.050000
11602,-11.269978,0.050000
11603,-15.912464,0.050000
11604,-5.207854,0.050000
11605,-12.306209,0.050000
11606,-14.027428,0.050000
11607,-17.730095,0.050000
11608,-2.329573,0.050000
11609,-8.814011,0.050000
11610,-10.607822,0.050000
11611,-9.812013,0.050000
11612,-12.052230,0.050000
11613,-8.812826,0.050000
11614,-6.849600,0.050000
11615,-20.285862,0.050000
11616,-11.898969,0.050000
11617,-2.953433,0.050000
11618,-10.533781,0.050000
11619,-12.692418,0.050000
11620,-2.241196,0.050000
11621,-5.234231,0.050000
11622,-2.864212,0.050000
11623,0.898713,0.050000
11624,-9.704094,0.050000
11625,-5.394228,0.050000
11626,-16.009279,0.050000
11627,-15.368225,0.050000
11628,-1.614401,0.050000
11629,-4.235267,0.050000
11630,-11.597805,0.050000
11631,-2.334416,0.050000
11632,-8.638823,0.050000
11633,-13.114784,0.050000
11634,-8.397588,0.050000
11635,-8.527247,0.050000
11636,-12.547398,0.050000
11637,-8.087624,0.050000
11638,-3.261097,0.050000
11639,-3.274232,0.050000
11640,-4.379171,0.050000
11641,-18.364403,0.050000
11642,-7.052121,0.050000
11643,-3.063705,0.050000
11644,-4.461650,0.050000
11645,-8.011385,0.050000
11646,-12.298011,0.050000
11647,-8.717839,0.050000
11648,-9.003938,0.050000
11649,-13.483554,0.050000
11650,-3.042900,0.050000
11651,-12.999166,0.050000
11652,-3.850486,0.050000
11653,0.699083,0.050000
11654,-19.433868,0.050000
11655,-12.445182,0.050000
11656,1.459508,0.050000
11657,-10.222062,0.050000
11658,-3.347167,0.050000
11659,-10.987652,0.050000
11660,-15.235235,0.050000
11661,-7.345599,0.050000
11662,-10.629760,0.050000
11663,-1.806222,0.050000
11664,-7.172490,0.050000
11665,-6.642816,0.050000
11666,-15.629011,0.050000
11667,-8.494548,0.050000
11668,-5.915365,0.050000
11669,-11.478065,0.050000
11670,-13.247589,0.050000
11671,-9.390382,0.050000
11672,-9.445495,0.050000
11673,-17.517134,0.050000
11674,-7.349671,0.050000
11675,-14.040279,0.050000
11676,-7.355931,0.050000
11677,-18.955521,0.050000
11678,-14.277933,0.050000
11679,-15.506763,0.050000
11680,-23.902916,0.050000
11681,-15.747533,0.050000
11682,-9.910869,0.050000
11683,-13.981948,0.050000
11684,-14.013049,0.050000
11685,-9.855523,0.050000
11686,-12.838689,0.050000
11687,-14.492544,0.050000
11688,-15.808486,0.050000
11689,-4.478433,0.050000
11690,-9.012011,0.050000
11691,-13.911726,0.050000
11692,-5.213491,0.050000
11693,-6.307852,0.050000
11694,-11.368258,0.050000
11695,-16.979272,0.050000
11696,-11.726279,0.050000
11697,-14.667641,0.050000
11698,-8.912499,0.050000
11699,-9.723043,0.050000
11700,-6.464028,0.050000
11701,-5.270891,0.050000
11702,-5.911711,0.050000
11703,-8.414412,0.050000
11704,-4.236923,0.050000
11705,-7.715452,0.050000
11706,-20.359353,0.050000
11707,-7.238974,0.050000
11708,-14.609315,0.050000
11709,-10.351814,0.050000
11710,-6.137085,0.050000
11711,-5.729769,0.050000
11712,-1.722831,0.050000
11713,-11.357964,0.050000
11714,-3.236480,0.050000
11715,-8.053326,0.050000
11716,-12.413782,0.050000
11717,-10.607306,0.050000
11718,-10.862328,0.050000
11719,-5.857681,0.050000
11720,-5.628426,0.050000
11721,-14.966786,0.050000
11722,-2.916768,0.050000
11723,-2.979168,0.050000
11724,-6.298946,0.050000
11725,-16.173976,0.050000
11726,-7.291393,0.050000
11727,-17.627955,0.050000
11728,-3.538791,0.050000
11729,-5.396855,0.050000
11730,-3.847646,0.050000
11731,-5.249790,0.050000
11732,0.308333,0.050000
11733,-3.522923,0.050000
11734,-5.813327,0.050000
11735,-8.818015,0.050000
11736,-15.290630,0.050000
11737,-17.477652,0.050000
11738,-10.792251,0.050000
11739,-5.998293,0.050000
11740,-18.278622,0.050000
11741,-12.798455,0.050000
11742,-7.481795,0.050000
11743,-9.917448,0.050000
11744,-13.269569,0.050000
11745,-1.312235,0.050000
11746,-14.826614,0.050000
11747,-10.412215,0.050000
11748,-3.135309,0.050000
11749,-9.089482,0.050000
11750,-7.542949,0.050000
11751,-3.366182,0.050000
11752,-9.485731,0.050000
11753,-8.306413,0.050000
11754,-5.791305,0.050000
11755,-9.185437,0.050000
11756,-5.181234,0.050000
11757,-14.306548,0.050000
11758,-15.375654,0.050000
11759,-13.168690,0.050000
11760,-17.760072,0.050000
11761,-11.075015,0.050000
11762,-9.342132,0.050000
11763,-13.342271,0.050000
11764,-9.753462,0.050000
11765,-4.594560,0.050000
11766,-13.273683,0.050000
11767,-10.825922,0.050000
11768,-9.515606,0.050000
11769,-19.957516,0.050000
11770,-11.376533,0.050000
11771,-16.618096,0.050000
11772,-7.656435,0.050000
11773,-17.965844,0.050000
11774,-16.428737,0.050000
11775,-10.939143,0.050000
11776,-6.408036,0.050000
11777,-9.386211,0.050000
11778,-3.095088,0.050000
11779,-8.692166,0.050000
11780,2.296978,0.050000
11781,-11.254328,0.050000
11782,-7.211366,0.050000
11783,-11.109178,0.050000
11784,-10.274664,0.050000
11785,-6.662262,0.050000
11786,-0.721704,0.050000
11787,-11.238833,0.050000
11788,-9.628291,0.050000
11789,-15.269995,0.050000
11790,-13.796202,0.050000
11791,-7.754173,0.050000
11792,-16.976414,0.050000
11793,-10.706835,0.050000
11794,-14.867323,0.050000
11795,-16.551251,0.050000
11796,-18.175368,0.050000
11797,-8.101320,0.050000
11798,-20.202560,0.050000
11799,-16.823210,0.050000
11800,-10.647677,0.050000
11801,-13.600308,0.050000
11802,-12.086632,0.050000
11803,-12.298929,0.050000
11804,-15.435919,0.050000
11805,-15.882156,0.050000
11806,-1.750657,0.050000
11807,-10.166003,0.050000
11808,-25.537015,0.050000
11809,-15.740960,0.050000
11810,-5.826719,0.050000
11811,-17.507724,0.050000
11812,-17.991622,0.050000
11813,-5.965756,0.050000
11814,-15.906692,0.050000
11815,2.088598,0.050000
11816,-12.288072,0.050000
11817,-10.590602,0.050000
11818,-10.306945,0.050000
11819,-18.153952,0.050000
11820,-16.713604,0.050000
11821,-15.254774,0.050000
11822,-18.624922,0.050000
11823,-12.063696,0.050000
11824,-3.305557,0.050000
11825,-9.875994,0.050000
11826,-17.256467,0.050000
11827,-20.626298,0.050000
11828,-20.460346,0.050000
11829,-11.108868,0.050000
11830,-9.328593,0.050000
11831,-10.980838,0.050000
11832,-6.875737,0.050000
11833,-17.722210,0.050000
11834,-11.882925,0.050000
11835,-13.605793,0.050000
11836,-1.119605,0.050000
11837,-17.650446,0.050000
11838,-8.209492,0.050000
11839,-6.124144,0.050000
11840,-20.213590,0.050000
11841,-13.254997,0.050000
11842,-4.160681,0.050000
11843,-17.313767,0.050000
11844,-7.628392,0.050000
11845,-6.118823,0.050000
11846,-14.208086,0.050000
11847,-9.591692,0.050000
11848,-13.155652,0.050000
11849,-6.262935,0.050000
11850,-12.214972,0.050000
11851,-16.494594,0.050000
11852,-15.223476,0.050000
11853,-8.821134,0.050000
11854,-16.541489,0.050000
11855,-9.253345,0.050000
11856,-9.365996,0.050000
11857,-15.849296,0.050000
11858,-6.507177,0.050000
11859,-9.491078,0.050000
11860,-10.516217,0.050000
11861,-10.534031,0.050000
11862,-11.490713,0.050000
11863,-8.701722,0.050000
11864,-18.036148,0.050000
11865,-11.545027,0.050000
11866,-17.719337,0.050000
11867,-15.087171,0.050000
11868,-15.419586,0.050000
11869,-9.538915,0.050000
11870,-21.298179,0.050000
11871,-16.526797,0.050000
11872,-0.967745,0.050000
11873,-11.086417,0.050000
11874,-17.358511,0.050000
11875,-10.180977,0.050000
11876,-11.525358,0.050000
11877,-8.218985,0.050000
11878,-16.359232,0.050000
11879,-14.254553,0.050000
11880,-11.476071,0.050000
11881,-14.086389,0.050000
11882,-4.987224,0.050000
11883,-19.080384,0.050000
11884,-19.632013,0.050000
11885,-13.434601,0.050000
11886,-15.178663,0.050000
11887,-13.654432,0.050000
11888,-3.135854,0.050000
11889,-14.373613,0.050000
11890,-14.348843,0.050000
11891,-10.295965,0.050000
11892,-7.549185,0.050000
11893,-10.786217,0.050000
11894,-11.671314,0.050000
11895,-15.080347,0.050000
11896,-5.348289,0.050000
11897,-18.730856,0.050000
11898,-9.973925,0.050000
11899,-11.354218,0.050000
11900,-11.368241,0.050000
11901,0.515348,0.050000
11902,-1.229620,0.050000
11903,-25.525334,0.050000
11904,-15.702577,0.050000
11905,-14.018738,0.050000
11906,-21.755072,0.050000
11907,-9.211093,0.050000
11908,-10.970799,0.050000
11909,-6.793618,0.050000
11910,-13.099900,0.050000
11911,-11.273670,0.050000
11912,-16.316458,0.050000
11913,-5.481843,0.050000
11914,-23.319994,0.050000
11915,-10.994779,0.050000
11916,-8.473000,0.050000
11917,-0.024156,0.050000
11918,-14.601857,0.050000
11919,-13.952362,0.050000
11920,-8.493473,0.050000
11921,-5.638814,0.050000
11922,-22.006443,0.050000
11923,-13.283786,0.050000
11924,-4.087015,0.050000
11925,-2.434641,0.050000
11926,-3.475193,0.050000
11927,-11.718724,0.050000
11928,-9.316117,0.050000
11929,-12.840237,0.050000
11930,-12.232304,0.050000
11931,-8.864416,0.050000
11932,-14.193138,0.050000
11933,-15.676905,0.050000
11934,-14.433507,0.050000
11935,-8.793283,0.050000
11936,-11.944230,0.050000
11937,-4.929704,0.050000
11938,-5.200901,0.050000
11939,-13.352636,0.050000
11940,-19.642174,0.050000
11941,-4.709696,0.050000
11942,-4.221546,0.050000
11943,-7.163498,0.050000
11944,-9.705133,0.050000
11945,-9.206856,0.050000
11946,-15.395287,0.050000
11947,-8.055353,0.050000
11948,-4.154598,0.050000
11949,-3.706269,0.050000
11950,0.239427,0.050000
11951,-7.742435,0.050000
11952,-4.122815,0.050000
11953,-8.038241,0.050000
11954,-16.916630,0.050000
11955,-2.016717,0.050000
11956,-10.231865,0.050000
11957,-22.461427,0.050000
11958,-6.345608,0.050000
11959,-6.017440,0.050000
11960,-18.946044,0.050000
11961,-11.086935,0.050000
11962,-9.446541,0.050000
11963,-5.684109,0.050000
11964,-12.639586,0.050000
11965,-10.476314,0.050000
11966,-13.240973,0.050000
11967,-11.734348,0.050000
11968,-8.686047,0.050000
11969,-8.498494,0.050000
11970,-13.651117,0.050000
11971,-13.100058,0.050000
11972,-14.392445,0.050000
11973,-9.170683,0.050000
11974,-3.282890,0.050000
11975,-4.614354,0.050000
11976,-8.373277,0.050000
11977,-11.493487,0.050000
11978,-10.459975,0.050000
11979,-10.525113,0.050000
11980,-12.323754,0.050000
11981,-18.612535,0.050000
11982,-11.316552,0.050000
11983,-6.031259,0.050000
11984,-11.028370,0.050000
11985,-1.313569,0.050000
11986,-20.219639,0.050000
11987,-14.817876,0.050000
11988,-12.235323,0.050000
11989,-17.336639,0.050000
11990,-10.094144,0.050000
11991,-10.907302,0.050000
11992,-21.956964,0.050000
11993,-6.049254,0.050000
11994,-14.875938,0.050000
11995,0.537344,0.050000
11996,-7.453208,0.050000
11997,-7.395333,0.050000
11998,-16.092899,0.050000
11999,-11.736238,0.050000
12000,-3.093906,0.050000
12001,4.668440,0.050000
12002,-7.853102,0.050000
12003,-15.874302,0.050000
12004,-12.101109,0.050000
12005,-9.996148,0.050000
12006,-4.708460,0.050000
12007,-7.663678,0.050000
12008,-14.669567,0.050000
12009,-11.676878,0.050000
12010,-15.813245,0.050000
12011,-12.516852,0.050000
12012,-17.996805,0.050000
12013,-5.073913,0.050000
12014,-9.933601,0.050000
12015,-8.894257,0.050000
12016,-12.807522,0.050000
12017,-10.010774,0.050000
12018,-16.984821,0.050000
12019,-17.264400,0.050000
12020,-18.742198,0.050000
12021,-15.017861,0.050000
12022,-8.751165,0.050000
12023,-15.837058,0.050000
12024,-11.820980,0.050000
12025,-7.768680,0.050000
12026,-11.469230,0.050000
12027,-20.269258,0.050000
12028,-11.355874,0.050000
12029,-14.782065,0.050000
12030,-12.746652,0.050000
12031,-11.536914,0.050000
12032,-10.883800,0.050000
12033,-10.854274,0.050000
12034,-3.579725,0.050000
12035,-7.912376,0.050000
12036,-5.711955,0.050000
12037,-6.858456,0.050000
12038,-7.207634,0.050000
12039,-10.483927,0.050000
12040,-14.031330,0.050000
12041,-7.871505,0.050000
12042,-13.702323,0.050000
12043,-5.073447,0.050000
12044,-8.026565,0.050000
12045,-14.946227,0.050000
12046,-1.781991,0.050000
12047,-13.918030,0.050000
12048,-17.296961,0.050000
12049,-12.485887,0.050000
12050,-17.687026,0.050000
12051,-13.200027,0.050000
12052,-0.226292,0.050000
12053,2.941743,0.050000
12054,-11.891426,0.050000
12055,-12.582910,0.050000
12056,-9.270454,0.050000
12057,-12.972582,0.050000
12058,-4.533811,0.050000
12059,-10.192834,0.050000
12060,-13.930602,0.050000
12061,-18.211522,0.050000
12062,-6.256774,0.050000
12063,-11.550327,0.050000
12064,-26.627984,0.050000
12065,-8.755348,0.050000
12066,-6.139422,0.050000
12067,-11.291329,0.050000
12068,-4.731888,0.050000
12069,-17.601074,0.050000
12070,-15.937298,0.050000
12071,-11.689232,0.050000
12072,-17.767475,0.050000
12073,-11.625473,0.050000
12074,-12.855346,0.050000
12075,-7.187890,0.050000
12076,-5.458456,0.050000
12077,-6.725244,0.050000
12078,-10.335661,0.050000
12079,-18.679709,0.050000
12080,-11.441567,0.050000
12081,-11.579618,0.050000
12082,-13.091114,0.050000
12083,-14.676334,0.050000
12084,-12.150427,0.050000
12085,-9.812311,0.050000
12086,-11.797880,0.050000
12087,-19.124211,0.050000
12088,-15.223510,0.050000
12089,-9.924243,0.050000
12090,-15.049910,0.050000
12091,-10.635473,0.050000
12092,-14.221484,0.050000
12093,-12.481716,0.050000
12094,-3.241487,0.050000
12095,-18.670635,0.050000
12096,-14.231975,0.050000
12097,-9.057312,0.050000
12098,-16.412380,0.050000
12099,-18.141792,0.050000
12100,-3.952739,0.050000
12101,-15.233880,0.050000
12102,-17.626642,0.050000
12103,-15.727377,0.050000
12104,-12.305245,0.050000
12105,-3.822527,0.050000
12106,-10.514292,0.050000
12107,-12.981454,0.050000
12108,-11.883170,0.050000
12109,-5.447037,0.050000
12110,-12.092926,0.050000
12111,-12.348840,0.050000
12112,-1.822258,0.050000
12113,-16.328926,0.050000
12114,-8.605750,0.050000
12115,-9.104142,0.050000
12116,-10.026135,0.050000
12117,-14.845322,0.050000
12118,-3.915454,0.050000
12119,-4.699685,0.050000
12120,3.648228,0.050000
12121,-14.023375,0.050000
12122,-10.585350,0.050000
12123,-10.402165,0.050000
12124,2.387746,0.050000
12125,-9.927594,0.050000
12126,-3.110054,0.050000
12127,-2.944999,0.050000
12128,-1.870284,0.050000
12129,-12.404398,0.050000
12130,-13.855845,0.050000
12131,-0.735758,0.050000
12132,-12.165513,0.050000
12133,-13.133110,0.050000
12134,-2.514710,0.050000
12135,-12.984442,0.050000
12136,-11.593720,0.050000
12137,-2.946732,0.050000
12138,-15.558735,0.050000
12139,-5.491627,0.050000
12140,-5.453614,0.050000
12141,-11.734731,0.050000
12142,-8.820845,0.050000
12143,-6.458206,0.050000
12144,-6.865944,0.050000
12145,-9.757284,0.050000
12146,-9.710349,0.050000
12147,-13.693151,0.050000
12148,-9.630383,0.050000
12149,-1.557446,0.050000
12150,-0.835810,0.050000
12151,-5.252065,0.050000
12152,-7.076879,0.050000
12153,-2.516371,0.050000
12154,-4.330467,0.050000
12155,-2.583574,0.050000
12156,-10.459146,0.050000
12157,-8.182612,0.050000
12158,-9.242211,0.050000
12159,-13.365045,0.050000
12160,-3.474689,0.050000
12161,-0.905990,0.050000
12162,-12.639862,0.050000
12163,-10.825060,0.050000
12164,-9.600232,0.050000
12165,0.650287,0.050000
12166,0.888537,0.050000
12167,-16.762895,0.050000
12168,-3.149066,0.050000
12169,-10.413466,0.050000
12170,-10.485367,0.050000
12171,-10.450466,0.050000
12172,-8.162712,0.050000
12173,-10.702662,0.050000
12174,-9.633240,0.050000
12175,-9.223660,0.050000
12176,-14.558970,0.050000
12177,-10.405021,0.050000
12178,-13.868904,0.050000
12179,-8.732134,0.050000
12180,-17.271897,0.050000
12181,-11.070526,0.050000
12182,-12.781788,0.050000
12183,-2.340804,0.050000
12184,-6.068528,0.050000
12185,-10.201815,0.050000
12186,-11.799971,0.050000
12187,-10.662298,0.050000
12188,-17.685884,0.050000
12189,-12.013659,0.050000
12190,-14.880442,0.050000
12191,-0.639397,0.050000
12192,-9.399567,0.050000
12193,-13.290387,0.050000
12194,-14.266903,0.050000
12195,0.542905,0.050000
12196,-9.681831,0.050000
12197,-16.404598,0.050000
12198,-10.772351,0.050000
12199,-15.244553,0.050000
12200,-14.475818,0.050000
12201,-14.786315,0.050000
12202,-16.083309,0.050000
12203,-6.848839,0.050000
12204,-12.052969,0.050000
12205,-4.563538,0.050000
12206,-12.669396,0.050000
12207,-6.834796,0.050000
12208,-5.420659,0.050000
12209,-8.505083,0.050000
12210,-15.087250,0.050000
12211,-13.831989,0.050000
12212,-8.048296,0.050000
12213,0.273297,0.050000
12214,-13.839024,0.050000
12215,-12.695644,0.050000
12216,-8.069745,0.050000
12217,-11.865102,0.050000
12218,-6.149737,0.050000
12219,-15.135583,0.050000
12220,-4.518133,0.050000
12221,-15.249671,0.050000
12222,-13.067782,0.050000
12223,-16.707678,0.050000
12224,-7.469078,0.050000
12225,1.512447,0.050000
12226,-3.600094,0.050000
12227,-13.509997,0.050000
12228,-8.142599,0.050000
12229,-8.536728,0.050000
12230,-11.550911,0.050000
12231,-7.948536,0.050000
12232,-11.068083,0.050000
12233,-16.262000,0.050000
12234,-6.909152,0.050000
12235,-2.730552,0.050000
12236,-9.290443,0.050000
12237,-8.065463,0.050000
12238,-19.207768,0.050000
12239,-11.661878,0.050000
12240,-17.551652,0.050000
12241,-8.357737,0.050000
12242,-17.216679,0.050000
12243,-6.178058,0.050000
12244,-13.909209,0.050000
12245,-20.568706,0.050000
12246,-13.231301,0.050000
12247,-6.173320,0.050000
12248,-11.160379,0.050000
12249,-6.969860,0.050000
12250,-10.758371,0.050000
12251,-6.624980,0.050000
12252,-18.806716,0.050000
12253,-4.099093,0.050000
12254,-8.893375,0.050000
12255,-15.027491,0.050000
12256,-17.416215,0.050000
12257,-12.012584,0.050000
12258,-18.697728,0.050000
12259,-3.276847,0.050000
12260,-10.149701,0.050000
12261,-13.550254,0.050000
12262,-9.134761,0.050000
12263,-12.727730,0.050000
12264,-23.281161,0.050000
12265,-12.414449,0.050000
12266,-8.060264,0.050000
12267,-12.056251,0.050000
12268,-10.001245,0.050000
12269,-2.751249,0.050000
12270,-18.959618,0.050000
12271,-10.219824,0.050000
12272,-10.694785,0.050000
12273,-10.841646,0.050000
12274,-9.346450,0.050000
12275,-18.271921,0.050000
12276,-4.347336,0.050000
12277,-3.843297,0.050000
12278,-9.691846,0.050000
12279,-14.916753,0.050000
12280,-9.854324,0.050000
12281,-1.806496,0.050000
12282,-15.451170,0.050000
12283,-3.932712,0.050000
12284,-13.395445,0.050000
12285,-13.754049,0.050000
12286,-10.667515,0.050000
12287,-12.828931,0.050000
12288,-11.662123,0.050000
12289,-1.320336,0.050000
12290,-8.567191,0.050000
12291,-14.822233,0.050000
12292,-15.079391,0.050000
12293,-5.127373,0.050000
12294,-3.523491,0.050000
12295,-7.655443,0.050000
12296,-2.274353,0.050000
12297,-3.165416,0.050000
12298,-10.842968,0.050000
12299,0.743497,0.050000
12300,-10.377611,0.050000
12301,-1.218883,0.050000
12302,-10.238286,0.050000
12303,-11.633460,0.050000
12304,-18.825738,0.050000
12305,-14.708058,0.050000
12306,-5.656450,0.050000
12307,-12.286681,0.050000
12308,-7.087285,0.050000
12309,-12.800122,0.050000
12310,-14.181020,0.050000
12311,8.437918,0.050000
12312,-9.205610,0.050000
12313,-13.461090,0.050000
12314,-15.203800,0.050000
12315,-16.086541,0.050000
12316,-6.557677,0.050000
12317,-8.990578,0.050000
12318,-2.038791,0.050000
12319,0.789923,0.050000
12320,-15.359737,0.050000
12321,-16.561737,0.050000
12322,-9.589638,0.050000
12323,-7.097488,0.050000
12324,-9.135621,0.050000
12325,-13.131671,0.050000
12326,-2.643122,0.050000
12327,-10.129361,0.050000
12328,-8.605546,0.050000
12329,-9.146291,0.050000
12330,-6.753216,0.050000
12331,-9.214087,0.050000
12332,-14.721209,0.050000
12333,-11.735459,0.050000
12334,-3.327418,0.050000
12335,-18.598299,0.050000
12336,-11.702031,0.050000
12337,-12.607283,0.050000
12338,-10.618657,0.050000
12339,-16.626789,0.050000
12340,-12.295249,0.050000
12341,3.048768,0.050000
12342,-8.198634,0.050000
12343,-4.403779,0.050000
12344,-2.548577,0.050000
12345,-12.698028,0.050000
12346,-14.555976,0.050000
12347,-8.475449,0.050000
12348,-15.657240,0.050000
12349,-21.088303,0.050000
12350,-9.209706,0.050000
12351,-16.390438,0.050000
12352,-14.980444,0.050000
12353,-8.901271,0.050000
12354,-8.097894,0.050000
12355,-3.488650,0.050000
12356,-9.346833,0.050000
12357,-9.158541,0.050000
12358,-11.309640,0.050000
12359,-8.361510,0.050000
12360,-16.356904,0.050000
12361,-21.631532,0.050000
12362,-8.917626,0.050000
12363,-14.546334,0.050000
12364,-5.542681,0.050000
12365,-20.614026,0.050000
12366,-2.280120,0.050000
12367,-12.989017,0.050000
12368,-14.919473,0.050000
12369,-10.703494,0.050000
12370,-8.040855,0.050000
12371,-15.016112,0.050000
12372,-11.260291,0.050000
12373,-7.927152,0.050000
12374,-10.912259,0.050000
12375,-8.921445,0.050000
12376,-14.063979,0.050000
12377,-10.419860,0.050000
12378,-17.116070,0.050000
12379,-5.696862,0.050000
12380,-20.289594,0.050000
12381,-12.131126,0.050000
12382,-19.218397,0.050000
12383,-11.895309,0.050000
12384,-12.819673,0.050000
12385,-3.270299,0.050000
12386,-11.687746,0.050000
12387,-20.812556,0.050000
12388,-19.519869,0.050000
12389,-11.766862,0.050000
12390,-6.985298,0.050000
12391,-4.826609,0.050000
12392,-12.128270,0.050000
12393,-16.284184,0.050000
12394,-3.589308,0.050000
12395,-11.841474,0.050000
12396,-11.312546,0.050000
12397,-11.032297,0.050000
12398,-6.972266,0.050000
12399,-12.527413,0.050000
12400,-3.426179,0.050000
12401,-7.986086,0.050000
12402,-3.341664,0.050000
12403,1.850226,0.050000
12404,-6.715898,0.050000
12405,-17.315981,0.050000
12406,-10.251794,0.050000
12407,-14.915035,0.050000
12408,-12.219681,0.050000
12409,-6.513640,0.050000
12410,-15.714529,0.050000
12411,-6.669710,0.050000
12412,-5.192132,0.050000
12413,-13.137244,0.050000
12414,-1.788323,0.050000
12415,-10.330457,0.050000
12416,-18.492276,0.050000
12417,-13.234985,0.050000
12418,-20.352024,0.050000
12419,-3.376023,0.050000
12420,-14.755310,0.050000
12421,-15.156741,0.050000
12422,-0.862351,0.050000
12423,-6.251444,0.050000
12424,-8.233142,0.050000
12425,-10.076829,0.050000
12426,-14.373006,0.050000
12427,-7.142931,0.050000
12428,-2.559707,0.050000
12429,-14.791545,0.050000
12430,-11.416439,0.050000
12431,-2.258136,0.050000
12432,-10.157401,0.050000
12433,-12.089642,0.050000
12434,-6.309381,0.050000
12435,-10.710365,0.050000
12436,-0.904899,0.050000
12437,4.008140,0.050000
12438,-10.548065,0.050000
12439,-9.084079,0.050000
12440,-14.632037,0.050000
12441,-16.870949,0.050000
12442,-2.039902,0.050000
12443,-15.130505,0.050000
12444,-14.022661,0.050000
12445,-13.484824,0.050000
12446,-8.855966,0.050000
12447,-5.050552,0.050000
12448,-5.729579,0.050000
12449,-15.282319,0.050000
12450,-15.698471,0.050000
12451,-14.133534,0.050000
12452,-14.134021,0.050000
12453,-12.455321,0.050000
12454,-16.495448,0.050000
12455,-17.330343,0.050000
12456,-19.755513,0.050000
12457,-2.945821,0.050000
12458,-19.714097,0.050000
12459,-22.120295,0.050000
12460,-17.148137,0.050000
12461,-9.746467,0.050000
12462,-13.044730,0.050000
12463,-4.274546,0.050000
12464,-6.641949,0.050000
12465,-2.471044,0.050000
12466,-2.089068,0.050000
12467,-9.134539,0.050000
12468,-5.342729,0.050000
12469,-14.194107,0.050000
12470,-3.300097,0.050000
12471,-7.738576,0.050000
12472,-13.664080,0.050000
12473,-1.091349,0.050000
12474,-10.104268,0.050000
12475,-15.506109,0.050000
12476,-12.700307,0.050000
12477,-13.283268,0.050000
12478,-15.447363,0.050000
12479,-12.400256,0.050000
12480,-11.296007,0.050000
12481,-5.723046,0.050000
12482,-14.856147,0.050000
12483,-20.912406,0.050000
12484,-12.842968,0.050000
12485,-11.010010,0.050000
12486,-1.067726,0.050000
12487,-7.892113,0.050000
12488,-10.582671,0.050000
12489,-9.075481,0.050000
12490,-7.621800,0.050000
12491,-2.423353,0.050000
12492,-5.318865,0.050000
12493,-11.331982,0.050000
12494,-6.929012,0.050000
12495,-11.927125,0.050000
12496,-14.981170,0.050000
12497,-3.534386,0.050000
12498,-1.001889,0.050000
12499,-12.140270,0.050000
12500,-9.018047,0.050000
12501,-5.317248,0.050000
12502,-7.344748,0.050000
12503,-8.867545,0.050000
12504,-1.591662,0.050000
12505,-11.557202,0.050000
12506,-4.852854,0.050000
12507,-11.733854,0.050000
12508,-17.082052,0.050000
12509,-20.564940,0.050000
12510,-16.177199,0.050000
12511,-3.854849,0.050000
12512,-4.289822,0.050000
12513,-4.497644,0.050000
12514,-11.636389,0.050000
12515,-14.526686,0.050000
12516,-8.822181,0.050000
12517,-5.454311,0.050000
12518,-2.878343,0.050000
12519,-12.275971,0.050000
12520,-0.521624,0.050000
12521,-8.653037,0.050000
12522,-17.439854,0.050000
12523,-7.525494,0.050000
12524,-9.859313,0.050000
12525,-9.375380,0.050000
12526,-9.168168,0.050000
12527,-5.955470,0.050000
12528,-3.840484,0.050000
12529,-0.283206,0.050000
12530,-12.219101,0.050000
12531,-0.298223,0.050000
12532,-12.187781,0.050000
12533,-10.839829,0.050000
12534,-8.733977,0.050000
12535,-12.757998,0.050000
12536,-6.729428,0.050000
12537,-5.912405,0.050000
12538,-10.623500,0.050000
12539,-1.774001,0.050000
12540,-6.517938,0.050000
12541,-5.222583,0.050000
12542,-8.202667,0.050000
12543,-14.516481,0.050000
12544,-12.520291,0.050000
12545,-12.960477,0.050000
12546,-6.228430,0.050000
12547,-7.715772,0.050000
12548,-5.596592,0.050000
12549,-1.239096,0.050000
12550,-8.173811,0.050000
12551,-11.954292,0.050000
12552,-10.667505,0.050000
12553,-13.019128,0.050000
12554,-1.509644,0.050000
12555,-9.803354,0.050000
12556,-10.966813,0.050000
12557,-13.364362,0.050000
12558,-9.320663,0.050000
12559,-10.338678,0.050000
12560,-4.543915,0.050000
12561,-9.173565,0.050000
12562,-4.234028,0.050000
12563,-8.876089,0.050000
12564,-17.792003,0.050000
12565,-8.958938,0.050000
12566,-1.955412,0.050000
12567,-18.238041,0.050000
12568,-13.919275,0.050000
12569,-8.170750,0.050000
12570,-2.696524,0.050000
12571,-4.214105,0.050000
12572,-7.955489,0.050000
12573,-5.638441,0.050000
12574,-11.049946,0.050000
12575,-12.427627,0.050000
12576,-9.519537,0.050000
12577,-8.908751,0.050000
12578,-15.625420,0.050000
12579,-17.193245,0.050000
12580,-8.926734,0.050000
12581,-11.032616,0.050000
12582,-14.974039,0.050000
12583,-14.531674,0.050000
12584,-14.519429,0.050000
12585,-15.134657,0.050000
12586,-12.227288,0.050000
12587,-10.819542,0.050000
12588,-7.326651,0.050000
12589,-6.640013,0.050000
12590,-13.412398,0.050000
12591,-11.649175,0.050000
12592,-10.896162,0.050000
12593,-13.612422,0.050000
12594,-8.922085,0.050000
12595,-16.081223,0.050000
12596,-5.621154,0.050000
12597,-9.518380,0.050000
12598,-10.806624,0.050000
12599,-9.193713,0.050000
12600,-11.011937,0.050000
12601,-9.617315,0.050000
12602,-9.973812,0.050000
12603,-12.612454,0.050000
12604,-10.778213,0.050000
12605,-14.469796,0.050000
12606,-9.464070,0.050000
12607,-19.843156,0.050000
12608,-11.209230,0.050000
12609,-16.526866,0.050000
12610,-11.067733,0.050000
12611,-17.274165,0.050000
12612,-11.398039,0.050000
12613,-11.701564,0.050000
12614,-16.453144,0.050000
12615,-8.115880,0.050000
12616,-8.612155,0.050000
12617,-15.208440,0.050000
12618,-22.027371,0.050000
12619,-13.928333,0.050000
12620,-20.185298,0.050000
12621,-14.606555,0.050000
12622,-3.945264,0.050000
12623,-7.270164,0.050000
12624,-13.934084,0.050000
12625,-15.261511,0.050000
12626,-19.020673,0.050000
12627,-15.262803,0.050000
12628,-9.251303,0.050000
12629,-3.944222,0.050000
12630,-17.337104,0.050000
12631,-16.125404,0.050000
12632,-9.170755,0.050000
12633,-9.804136,0.050000
12634,-8.523682,0.050000
12635,-12.889570,0.050000
12636,-17.147920,0.050000
12637,-14.116908,0.050000
12638,-5.356340,0.050000
12639,-13.092025,0.050000
12640,-15.709055,0.050000
12641,-4.099877,0.050000
12642,-18.096999,0.050000
12643,-5.714834,0.050000
12644,-16.124993,0.050000
12645,-10.254472,0.050000
12646,-13.324301,0.050000
12647,-14.573698,0.050000
12648,-12.329735,0.050000
12649,-15.059750,0.050000
12650,-4.226106,0.050000
12651,-8.042692,0.050000
12652,-7.776347,0.050000
12653,-16.781130,0.050000
12654,-10.325353,0.050000
12655,-9.495664,0.050000
12656,-15.455216,0.050000
12657,-20.933361,0.050000
12658,-19.200017,0.050000
12659,-8.348605,0.050000
12660,-14.381188,0.050000
12661,-6.880471,0.050000
12662,-9.515447,0.050000
12663,-4.804426,0.050000
12664,-9.251909,0.050000
12665,-19.037122,0.050000
12666,-16.849912,0.050000
12667,-6.097019,0.050000
12668,-14.451378,0.050000
12669,-17.095037,0.050000
12670,-6.737577,0.050000
12671,-17.020548,0.050000
12672,-11.526052,0.050000
12673,-18.369826,0.050000
12674,-14.317862,0.050000
12675,-13.482948,0.050000
12676,-18.333011,0.050000
12677,-15.409148,0.050000
12678,-7.003263,0.050000
12679,-11.405324,0.050000
12680,-14.384778,0.050000
12681,-13.561364,0.050000
12682,-16.217904,0.050000
12683,-6.374751,0.050000
12684,-13.068391,0.050000
12685,-18.199654,0.050000
12686,-17.814537,0.050000
12687,-22.544823,0.050000
12688,-13.576246,0.050000
12689,-11.509824,0.050000
12690,-13.999598,0.050000
12691,-10.159975,0.050000
12692,-13.964589,0.050000
12693,-20.230518,0.050000
12694,-11.034036,0.050000
12695,-6.743277,0.050000
12696,-14.192134,0.050000
12697,-4.097087,0.050000
12698,-18.259396,0.050000
12699,-16.028567,0.050000
12700,-14.043569,0.050000
12701,-16.598756,0.050000
12702,-9.413465,0.050000
12703,-13.330867,0.050000
12704,-10.709999,0.050000
12705,-10.584702,0.050000
12706,-10.957468,0.050000
12707,-10.216206,0.050000
12708,-4.337296,0.050000
12709,-13.818457,0.050000
12710,-10.432834,0.050000
12711,-10.090947,0.050000
12712,-10.723183,0.050000
12713,-15.375189,0.050000
12714,-11.338923,0.050000
12715,-6.664313,0.050000
12716,-12.791500,0.050000
12717,-24.361457,0.050000
12718,-22.613921,0.050000
12719,-19.509440,0.050000
12720,-4.773027,0.050000
12721,-7.699396,0.050000
12722,-11.625584,0.050000
12723,-5.270491,0.050000
12724,-19.778213,0.050000
12725,-3.762010,0.050000
12726,-16.700759,0.050000
12727,-17.086404,0.050000
12728,-12.600330,0.050000
12729,-8.225359,0.050000
12730,-17.296538,0.050000
12731,-12.522529,0.050000
12732,-19.173550,0.050000
12733,-14.506438,0.050000
12734,-8.962525,0.050000
12735,-9.286312,0.050000
12736,-7.825358,0.050000
12737,-15.206063,0.050000
12738,-12.428642,0.050000
12739,-19.974138,0.050000
12740,-12.669992,0.050000
12741,-9.084047,0.050000
12742,-11.000449,0.050000
12743,-9.153563,0.050000
12744,-16.554342,0.050000
12745,-7.550297,0.050000
12746,-9.468642,0.050000
12747,-24.384012,0.050000
12748,-12.423706,0.050000
12749,-9.486660,0.050000
12750,-12.132761,0.050000
12751,-17.852097,0.050000
12752,-16.593138,0.050000
12753,-8.918643,0.050000
12754,-5.528731,0.050000
12755,-15.746771,0.050000
12756,-8.426554,0.050000
12757,-14.666368,0.050000
12758,-20.620156,0.050000
12759,-14.306266,0.050000
12760,-4.141554,0.050000
12761,-15.519481,0.050000
12762,-7.232510,0.050000
12763,-25.213266,0.050000
12764,-17.216923,0.050000
12765,-14.853379,0.050000
12766,-11.150863,0.050000
12767,-5.470034,0.050000
12768,-9.764812,0.050000
12769,-18.094978,0.050000
12770,-13.434020,0.050000
12771,-3.750830,0.050000
12772,2.168435,0.050000
12773,-8.298249,0.050000
12774,-13.352550,0.050000
12775,-17.008971,0.050000
12776,-15.101871,0.050000
12777,-13.482951,0.050000
12778,-17.502436,0.050000
12779,-8.766920,0.050000
12780,-9.709909,0.050000
12781,-17.421573,0.050000
12782,-7.558403,0.050000
12783,-11.861624,0.050000
12784,-12.407647,0.050000
12785,-15.081848,0.050000
12786,-12.452336,0.050000
12787,-9.888703,0.050000
12788,-3.885483,0.050000
12789,-20.651420,0.050000
12790,-6.883812,0.050000
12791,-10.158141,0.050000
12792,-19.117193,0.050000
12793,-7.613457,0.050000
12794,-20.526504,0.050000
12795,-15.599802,0.050000
12796,-6.511726,0.050000
12797,-11.125321,0.050000
12798,-9.259999,0.050000
12799,-4.977607,0.050000
12800,-18.136796,0.050000
12801,-6.032695,0.050000
12802,-16.402684,0.050000
12803,-3.740682,0.050000
12804,-9.828870,0.050000
12805,-15.772765,0.050000
12806,-19.533101,0.050000
12807,-20.418391,0.050000
12808,-12.211912,0.050000
12809,-18.186212,0.050000
12810,-12.456903,0.050000
12811,-12.716899,0.050000
12812,-9.589637,0.050000
12813,-14.992823,0.050000
12814,-17.516843,0.050000
12815,-16.633873,0.050000
12816,-1.047277,0.050000
12817,-0.093248,0.050000
12818,-20.074131,0.050000
12819,-8.653293,0.050000
12820,-12.594729,0.050000
12821,-23.103674,0.050000
12822,-0.776948,0.050000
12823,-14.589187,0.050000
12824,-16.286698,0.050000
12825,-4.362340,0.050000
12826,-9.851190,0.050000
12827,-6.653650,0.050000
12828,-11.477211,0.050000
12829,-15.253827,0.050000
12830,-6.365407,0.050000
12831,-21.953306,0.050000
12832,2.857829,0.050000
12833,-12.969909,0.050000
12834,-10.603597,0.050000
12835,-13.808943,0.050000
12836,-11.131654,0.050000
12837,-10.685290,0.050000
12838,-8.234314,0.050000
12839,-10.046566,0.050000
12840,-9.881007,0.050000
12841,-11.347428,0.050000
12842,-10.522509,0.050000
12843,-3.928186,0.050000
12844,-2.700353,0.050000
12845,-3.763431,0.050000
12846,-8.838257,0.050000
12847,-3.022332,0.050000
12848,-13.557398,0.050000
12849,-10.708828,0.050000
12850,-9.717164,0.050000
12851,-0.708282,0.050000
12852,-11.742416,0.050000
12853,-14.101260,0.050000
12854,-5.998580,0.050000
12855,4.356237,0.050000
12856,-16.647611,0.050000
12857,2.349333,0.050000
12858,-7.187423,0.050000
12859,-3.006003,0.050000
12860,-4.620102,0.050000
12861,-11.552488,0.050000
12862,-1.357462,0.050000
12863,-7.528435,0.050000
12864,2.600590,0.050000
12865,-8.381982,0.050000
12866,-6.898501,0.050000
12867,-17.331571,0.050000
12868,-3.946313,0.050000
12869,0.089468,0.050000
12870,-6.414713,0.050000
12871,-12.062339,0.050000
12872,-2.646364,0.050000
12873,-10.068241,0.050000
12874,-4.850419,0.050000
12875,-4.370765,0.050000
12876,-4.309277,0.050000
12877,-9.245653,0.050000
12878,-2.751474,0.050000
12879,-5.854832,0.050000
12880,-1.032293,0.050000
12881,-10.064582,0.050000
12882,-8.340645,0.050000
12883,-15.574831,0.050000
12884,-3.188763,0.050000
12885,-3.261446,0.050000
12886,-3.157098,0.050000
12887,-10.793418,0.050000
12888,-15.649821,0.050000
12889,-2.708642,0.050000
12890,-7.037448,0.050000
12891,-15.105012,0.050000
12892,-11.544877,0.050000
12893,-6.415547,0.050000
12894,-5.357549,0.050000
12895,-5.088339,0.050000
12896,-5.875199,0.050000
12897,-11.143921,0.050000
12898,-2.320586,0.050000
12899,-8.688149,0.050000
12900,-6.409823,0.050000
12901,-10.939587,0.050000
12902,-2.031378,0.050000
12903,-11.649118,0.050000
12904,-9.333933,0.050000
12905,-14.579614,0.050000
12906,-8.753393,0.050000
12907,-2.169642,0.050000
12908,-3.708613,0.050000
12909,-5.875791,0.050000
12910,-16.727843,0.050000
12911,-10.773644,0.050000
12912,-7.166663,0.050000
12913,0.981420,0.050000
12914,-6.635512,0.050000
12915,-7.923154,0.050000
12916,-16.699809,0.050000
12917,-9.986825,0.050000
12918,-8.619382,0.050000
12919,-4.110363,0.050000
12920,-2.860107,0.050000
12921,-12.016944,0.050000
12922,-10.160283,0.050000
12923,-9.545460,0.050000
12924,-5.315962,0.050000
12925,-3.896756,0.050000
12926,-11.070482,0.050000
12927,-9.923596,0.050000
12928,-8.719011,0.050000
12929,-12.967084,0.050000
12930,-3.410304,0.050000
12931,-14.070035,0.050000
12932,-8.909283,0.050000
12933,-10.967377,0.050000
12934,-10.948073,0.050000
12935,-3.980135,0.050000
12936,-9.712033,0.050000
12937,-10.936026,0.050000
12938,-4.640997,0.050000
12939,-5.972502,0.050000
12940,-8.086130,0.050000
12941,-15.175888,0.050000
12942,-7.262131,0.050000
12943,-13.189205,0.050000
12944,-12.490992,0.050000
12945,-14.584121,0.050000
12946,-12.088475,0.050000
12947,-20.718523,0.050000
12948,-6.326215,0.050000
12949,-9.074674,0.050000
12950,-5.979438,0.050000
12951,-9.794584,0.050000
12952,-18.586095,0.050000
12953,-9.288668,0.050000
12954,-8.216121,0.050000
12955,-10.557135,0.050000
12956,-16.084093,0.050000
12957,-10.165737,0.050000
12958,-8.533574,0.050000
12959,-11.990054,0.050000
12960,-12.578979,0.050000
12961,-14.230283,0.050000
12962,-17.732766,0.050000
12963,-10.100973,0.050000
12964,-12.390006,0.050000
12965,-1.420801,0.050000
12966,-9.826346,0.050000
12967,-0.536383,0.050000
12968,-13.059942,0.050000
12969,-9.131403,0.050000
12970,-9.772822,0.050000
12971,-9.775066,0.050000
12972,-13.141592,0.050000
12973,-13.275212,0.050000
12974,-16.637152,0.050000
12975,-15.666651,0.050000
12976,-14.832241,0.050000
12977,-11.234894,0.050000
12978,-10.606993,0.050000
12979,-7.723954,0.050000
12980,-11.029527,0.050000
12981,-16.295388,0.050000
12982,-10.326119,0.050000
12983,-7.217182,0.050000
12984,-22.168668,0.050000
12985,-11.869335,0.050000
12986,-9.239018,0.050000
12987,-4.465061,0.050000
12988,-3.711894,0.050000
12989,-7.519135,0.050000
12990,-12.637454,0.050000
12991,-11.620780,0.050000
12992,-8.886976,0.050000
12993,-12.510988,0.050000
12994,-15.367528,0.050000
12995,-7.373509,0.050000
12996,-10.642142,0.050000
12997,-7.564262,0.050000
12998,-16.431227,0.050000
12999,-2.711135,0.050000
13000,-6.534418,0.050000
13001,-12.140302,0.050000
13002,-11.349011,0.050000
13003,-17.936206,0.050000
13004,-2.830713,0.050000
13005,-12.419047,0.050000
13006,-3.778328,0.050000
13007,-10.397656,0.050000
13008,-8.069283,0.050000
13009,-15.168544,0.050000
13010,-10.923467,0.050000
13011,-4.165544,0.050000
13012,-6.749349,0.050000
13013,-11.398984,0.050000
13014,-14.099841,0.050000
13015,-5.999812,0.050000
13016,-7.840749,0.050000
13017,-14.823029,0.050000
13018,-7.238757,0.050000
13019,-9.811159,0.050000
13020,-20.344377,0.050000
13021,-4.561711,0.050000
13022,-12.961948,0.050000
13023,-7.687897,0.050000
13024,-14.087910,0.050000
13025,-8.343656,0.050000
13026,-15.886738,0.050000
13027,-11.242080,0.050000
13028,-12.197332,0.050000
13029,-13.933899,0.050000
13030,-2.515022,0.050000
13031,-12.565426,0.050000
13032,-9.807696,0.050000
13033,-6.429592,0.050000
13034,-9.933700,0.050000
13035,-7.015224,0.050000
13036,-4.790577,0.050000
13037,-8.090625,0.050000
13038,-8.962930,0.050000
13039,-10.296962,0.050000
13040,-0.675708,0.050000
13041,-7.878046,0.050000
13042,-3.378456,0.050000
13043,-0.877757,0.050000
13044,-20.927620,0.050000
13045,-5.560680,0.050000
13046,-9.727348,0.050000
13047,-10.213303,0.050000
13048,-6.560008,0.050000
13049,-5.291636,0.050000
13050,2.050326,0.050000
13051,-6.426587,0.050000
13052,-2.038451,0.050000
13053,-5.048439,0.050000
13054,-9.576067,0.050000
13055,-16.413838,0.050000
13056,-7.697176,0.050000
13057,-7.944154,0.050000
13058,-10.674180,0.050000
13059,-12.868193,0.050000
13060,-9.688560,0.050000
13061,-1.116482,0.050000
13062,-5.043600,0.050000
13063,-7.686966,0.050000
13064,-13.136397,0.050000
13065,-4.087847,0.050000
13066,-2.468922,0.050000
13067,-0.413642,0.050000
13068,-3.007420,0.050000
13069,-4.387331,0.050000
13070,-3.299203,0.050000
13071,-13.204303,0.050000
13072,-12.317925,0.050000
13073,-3.109476,0.050000
13074,-3.239661,0.050000
13075,-8.053020,0.050000
13076,1.769608,0.050000
13077,-8.170122,0.050000
13078,-2.552267,0.050000
13079,-6.804741,0.050000
13080,-9.271411,0.050000
13081,-5.361330,0.050000
13082,-2.349123,0.050000
13083,-3.724867,0.050000
13084,2.987877,0.050000
13085,0.766051,0.050000
13086,-15.187526,0.050000
13087,-15.289657,0.050000
13088,0.440087,0.050000
13089,-6.735512,0.050000
13090,-7.537624,0.050000
13091,-7.098265,0.050000
13092,-3.242621,0.050000
13093,-5.364487,0.050000
13094,-7.903734,0.050000
13095,-2.538665,0.050000
13096,-5.743110,0.050000
13097,-10.251261,0.050000
13098,-4.224029,0.050000
13099,-12.997141,0.050000
13100,-2.645441,0.050000
13101,-6.071913,0.050000
13102,-3.673277,0.050000
13103,-3.381731,0.050000
13104,-5.984069,0.050000
13105,-7.677403,0.050000
13106,-18.363181,0.050000
13107,0.902411,0.050000
13108,-18.803153,0.050000
13109,-5.292733,0.050000
13110,-8.080261,0.050000
13111,-14.333171,0.050000
13112,-9.131759,0.050000
13113,-4.445661,0.050000
13114,-0.812494,0.050000
13115,-6.596567,0.050000
13116,-1.233266,0.050000
13117,-12.459431,0.050000
13118,-6.917480,0.050000
13119,0.871144,0.050000
13120,-11.566108,0.050000
13121,-6.067447,0.050000
13122,-6.016387,0.050000
13123,-5.812972,0.050000
13124,-5.574494,0.050000
13125,-6.078930,0.050000
13126,-9.227091,0.050000
13127,-3.985873,0.050000
13128,-9.962944,0.050000
13129,-4.926943,0.050000
13130,-3.504123,0.050000
13131,-4.714098,0.050000
13132,-10.106205,0.050000
13133,-7.614410,0.050000
13134,-4.090899,0.050000
13135,-5.284664,0.050000
13136,-4.509216,0.050000
13137,-9.950204,0.050000
13138,-4.931479,0.050000
13139,-1.814035,0.050000
13140,-11.822384,0.050000
13141,-6.078845,0.050000
13142,-2.315204,0.050000
13143,-4.316201,0.050000
13144,-6.611996,0.050000
13145,-3.903234,0.050000
13146,-8.609497,0.050000
13147,-4.602352,0.050000
13148,-6.969690,0.050000
13149,-6.827004,0.050000
13150,-10.819884,0.050000
13151,4.892410,0.050000
13152,-10.963470,0.050000
13153,-1.439376,0.050000
13154,-8.581401,0.050000
13155,-7.040039,0.050000
13156,-0.201546,0.050000
13157,-6.444318,0.050000
13158,0.705459,0.050000
13159,-3.749242,0.050000
13160,-4.516221,0.050000
13161,-9.948941,0.050000
13162,-1.318957,0.050000
13163,-5.712477,0.050000
13164,0.025262,0.050000
13165,-0.131074,0.050000
13166,0.514401,0.050000
13167,-12.498438,0.050000
13168,-8.779971,0.050000
13169,-8.850939,0.050000
13170,-6.637588,0.050000
13171,-5.979315,0.050000
13172,-0.524629,0.050000
13173,-5.104185,0.050000
13174,-6.894858,0.050000
13175,-2.694294,0.050000
13176,-8.346400,0.050000
13177,-7.981243,0.050000
13178,-6.285013,0.050000
13179,-4.769374,0.050000
13180,-5.297347,0.050000
13181,4.803014,0.050000
13182,1.022801,0.050000
13183,1.742659,0.050000
13184,-1.731994,0.050000
13185,0.922298,0.050000
13186,-6.452144,0.050000
13187,-5.763937,0.050000
13188,-8.058661,0.050000
13189,0.967465,0.050000
13190,8.232961,0.050000
13191,-9.086334,0.050000
13192,-7.894693,0.050000
13193,1.515435,0.050000
13194,-9.181976,0.050000
13195,4.242526,0.050000
13196,-0.716104,0.050000
13197,-2.515886,0.050000
13198,-12.638963,0.050000
13199,0.387474,0.050000
13200,-10.634115,0.050000
13201,-1.722608,0.050000
13202,-4.819396,0.050000
13203,4.911110,0.050000
13204,-2.537152,0.050000
13205,-1.275296,0.050000
13206,-7.106447,0.050000
13207,-9.121323,0.050000
13208,-4.099334,0.050000
13209,6.831425,0.050000
13210,-6.422477,0.050000
13211,-4.689635,0.050000
13212,-3.543780,0.050000
13213,-4.097784,0.050000
13214,-0.799212,0.050000
13215,-7.533647,0.050000
13216,1.111082,0.050000
13217,-6.168255,0.050000
13218,-8.693386,0.050000
13219,-8.064528,0.050000
13220,-5.059920,0.050000
13221,-2.424327,0.050000
13222,-3.071701,0.050000
13223,-0.031580,0.050000
13224,-8.502259,0.050000
13225,-0.516173,0.050000
13226,-6.540795,0.050000
13227,-6.447878,0.050000
13228,-9.311977,0.050000
13229,-0.893986,0.050000
13230,-2.763368,0.050000
13231,0.042979,0.050000
13232,-12.480886,0.050000
13233,-6.110111,0.050000
13234,-1.625142,0.050000
13235,-6.464306,0.050000
13236,-11.369023,0.050000
13237,-0.812703,0.050000
13238,-6.345504,0.050000
13239,6.494781,0.050000
13240,-6.973546,0.050000
13241,-3.773310,0.050000
13242,1.703268,0.050000
13243,-8.929899,0.050000
13244,-6.650194,0.050000
13245,-5.870879,0.050000
13246,-14.173955,0.050000
13247,-7.993806,0.050000
13248,-5.443076,0.050000
13249,-5.546631,0.050000
13250,-5.816931,0.050000
13251,-3.240551,0.050000
13252,1.406736,0.050000
13253,-2.169535,0.050000
13254,-11.223786,0.050000
13255,-4.798475,0.050000
13256,-5.475680,0.050000
13257,-1.637493,0.050000
13258,-1.638509,0.050000
13259,-9.050608,0.050000
13260,-5.083957,0.050000
13261,-6.523010,0.050000
13262,1.518900,0.050000
13263,-2.810018,0.050000
13264,2.129192,0.050000
13265,-8.224604,0.050000
13266,-6.832499,0.050000
13267,-5.027223,0.050000
13268,-5.454500,0.050000
13269,-8.907833,0.050000
13270,-8.889893,0.050000
13271,-0.534567,0.050000
13272,-5.546209,0.050000
13273,-9.447296,0.050000
13274,4.699702,0.050000
13275,-10.992464,0.050000
13276,-7.323191,0.050000
13277,-10.542737,0.050000
13278,-10.970905,0.050000
13279,-4.030291,0.050000
13280,-3.421834,0.050000
13281,-5.020553,0.050000
13282,-0.989762,0.050000
13283,-2.017329,0.050000
13284,-14.495305,0.050000
13285,-3.637026,0.050000
13286,-3.670834,0.050000
13287,-9.474488,0.050000
13288,5.603950,0.050000
13289,-4.322911,0.050000
13290,-0.915957,0.050000
13291,-7.374553,0.050000
13292,-4.042495,0.050000
13293,1.856933,0.050000
13294,-6.407691,0.050000
13295,-11.070975,0.050000
13296,0.666911,0.050000
13297,-7.584237,0.050000
13298,-4.040953,0.050000
13299,-5.903942,0.050000
13300,-8.326853,0.050000
13301,-4.398912,0.050000
13302,-1.455120,0.050000
13303,-4.344101,0.050000
13304,-2.504759,0.050000
13305,4.404151,0.050000
13306,2.314555,0.050000
13307,-3.075052,0.050000
13308,-6.845105,0.050000
13309,-0.021878,0.050000
13310,-0.966351,0.050000
13311,-2.602007,0.050000
13312,-5.807058,0.050000
13313,-6.706620,0.050000
13314,-5.089503,0.050000
13315,-6.762405,0.050000
13316,-7.598882,0.050000
13317,-8.536029,0.050000
13318,-9.196448,0.050000
13319,-8.169476,0.050000
13320,-4.018142,0.050000
13321,1.855900,0.050000
13322,-10.945662,0.050000
13323,-4.656498,0.050000
13324,-0.196123,0.050000
13325,-6.479490,0.050000
13326,-9.912308,0.050000
13327,-14.725461,0.050000
13328,3.481039,0.050000
13329,-0.366289,0.050000
13330,1.554370,0.050000
13331,4.002965,0.050000
13332,-12.103989,0.050000
13333,-0.758567,0.050000
13334,-3.431482,0.050000
13335,-5.579747,0.050000
13336,1.752664,0.050000
13337,2.049041,0.050000
13338,-16.022144,0.050000
13339,-10.296545,0.050000
13340,-7.914657,0.050000
13341,-8.532233,0.050000
13342,0.140545,0.050000
13343,-4.529270,0.050000
13344,-5.346145,0.050000
13345,-10.331325,0.050000
13346,-3.037391,0.050000
13347,-11.213697,0.050000
13348,-8.679003,0.050000
13349,-10.501957,0.050000
13350,-11.664234,0.050000
13351,-3.282225,0.050000
13352,-4.558903,0.050000
13353,-5.408862,0.050000
13354,8.075030,0.050000
13355,-1.818092,0.050000
13356,-6.849239,0.050000
13357,-10.668498,0.050000
13358,-8.611905,0.050000
13359,-2.887708,0.050000
13360,-5.927722,0.050000
13361,-11.010188,0.050000
13362,-7.627854,0.050000
13363,-10.158123,0.050000
13364,-12.948139,0.050000
13365,-9.818100,0.050000
13366,-7.297816,0.050000
13367,-4.176967,0.050000
13368,6.778886,0.050000
13369,-1.760502,0.050000
13370,5.973891,0.050000
13371,-12.154740,0.050000
13372,-1.333164,0.050000
13373,-5.130519,0.050000
13374,0.242771,0.050000
13375,-4.811656,0.050000
13376,1.618744,0.050000
13377,1.054737,0.050000
13378,-5.394968,0.050000
13379,-8.542145,0.050000
13380,-10.844911,0.050000
13381,-2.543746,0.050000
13382,-8.075327,0.050000
13383,-5.509974,0.050000
13384,-3.181173,0.050000
13385,-8.514187,0.050000
13386,-10.547779,0.050000
13387,-5.845728,0.050000
13388,-9.650618,0.050000
13389,2.664097,0.050000
13390,-2.237200,0.050000
13391,-11.023594,0.050000
13392,-4.172504,0.050000
13393,0.827657,0.050000
13394,-5.763392,0.050000
13395,6.761721,0.050000
13396,8.281362,0.050000
13397,-6.240030,0.050000
13398,-0.709728,0.050000
13399,-7.777447,0.050000
13400,-1.537298,0.050000
13401,4.115505,0.050000
13402,-7.623362,0.050000
13403,-12.160408,0.050000
13404,-11.932554,0.050000
13405,-8.132929,0.050000
13406,-5.191458,0.050000
13407,-5.195653,0.050000
13408,-0.709815,0.050000
13409,-11.596555,0.050000
13410,-5.931750,0.050000
13411,-5.096985,0.050000
13412,3.907946,0.050000
13413,-3.362115,0.050000
13414,-6.767255,0.050000
13415,-5.821953,0.050000
13416,-3.405520,0.050000
13417,-4.258383,0.050000
13418,-5.832917,0.050000
13419,-1.631001,0.050000
13420,-0.859395,0.050000
13421,5.428434,0.050000
13422,-6.675440,0.050000
13423,-4.344918,0.050000
13424,-9.790648,0.050000
13425,-0.674889,0.050000
13426,1.479713,0.050000
13427,-1.294530,0.050000
13428,-12.399564,0.050000
13429,-4.570497,0.050000
13430,7.064030,0.050000
13431,-11.379375,0.050000
13432,-20.045513,0.050000
13433,-13.997112,0.050000
13434,-3.661044,0.050000
13435,-4.963587,0.050000
13436,-5.986256,0.050000
13437,-6.021076,0.050000
13438,1.544084,0.050000
13439,-2.550812,0.050000
13440,-6.394768,0.050000
13441,-2.801941,0.050000
13442,-2.705411,0.050000
13443,-1.239647,0.050000
13444,-4.346633,0.050000
13445,-9.544258,0.050000
13446,-2.558740,0.050000
13447,-2.278835,0.050000
13448,-11.056833,0.050000
13449,-1.460572,0.050000
13450,-10.987376,0.050000
13451,2.811740,0.050000
13452,2.298124,0.050000
13453,-3.305302,0.050000
13454,-5.572825,0.050000
13455,-5.730428,0.050000
13456,-12.914314,0.050000
13457,-12.346118,0.050000
13458,-5.791041,0.050000
13459,-0.443711,0.050000
13460,-7.922806,0.050000
13461,-7.880364,0.050000
13462,-3.773364,0.050000
13463,-10.858219,0.050000
13464,-0.913033,0.050000
13465,-7.484338,0.050000
13466,-4.197685,0.050000
13467,0.485052,0.050000
13468,-7.910227,0.050000
13469,-1.127882,0.050000
13470,1.855047,0.050000
13471,-1.894732,0.050000
13472,-3.601076,0.050000
13473,-12.062686,0.050000
13474,-2.031356,0.050000
13475,-7.958674,0.050000
13476,-18.441047,0.050000
13477,-3.972913,0.050000
13478,-3.466270,0.050000
13479,-6.903367,0.050000
13480,-0.938760,0.050000
13481,-6.729059,0.050000
13482,2.995598,0.050000
13483,-2.685682,0.050000
13484,-3.226065,0.050000
13485,-1.612283,0.050000
13486,-14.710682,0.050000
13487,-1.040504,0.050000
13488,-3.944360,0.050000
13489,-3.644211,0.050000
13490,-8.142347,0.050000
13491,6.550746,0.050000
13492,4.715281,0.050000
13493,-7.340128,0.050000
13494,7.095162,0.050000
13495,0.369243,0.050000
13496,0.125430,0.050000
13497,-3.457614,0.050000
13498,-14.351707,0.050000
13499,-0.419072,0.050000
13500,-3.180461,0.050000
13501,7.070352,0.050000
13502,-4.541671,0.050000
13503,-13.997510,0.050000
13504,-2.750441,0.050000
13505,7.558138,0.050000
13506,-1.170979,0.050000
13507,2.493329,0.050000
13508,-4.757580,0.050000
13509,-3.860904,0.050000
13510,-4.971541,0.050000
13511,-4.745251,0.050000
13512,0.295482,0.050000
13513,-11.000841,0.050000
13514,1.726866,0.050000
13515,-4.612423,0.050000
13516,5.600656,0.050000
13517,-6.565743,0.050000
13518,-4.108546,0.050000
13519,-8.342525,0.050000
13520,-10.621392,0.050000
13521,-6.099572,0.050000
13522,-5.235680,0.050000
13523,-1.033447,0.050000
13524,0.168688,0.050000
13525,-2.690675,0.050000
13526,-2.946595,0.050000
13527,-9.394942,0.050000
13528,-5.041311,0.050000
13529,-4.682549,0.050000
13530,-3.001279,0.050000
13531,-4.145056,0.050000
13532,-8.098838,0.050000
13533,-10.127798,0.050000
13534,-7.926127,0.050000
13535,-11.163055,0.050000
13536,1.512768,0.050000
13537,-3.369663,0.050000
13538,0.374804,0.050000
13539,-4.164725,0.050000
13540,2.318900,0.050000
13541,-7.163486,0.050000
13542,6.459092,0.050000
13543,-8.168184,0.050000
13544,4.235646,0.050000
13545,-14.471662,0.050000
13546,1.539366,0.050000
13547,-8.042954,0.050000
13548,-3.239580,0.050000
13549,-9.338388,0.050000
13550,-7.695136,0.050000
13551,-8.912862,0.050000
13552,-2.052147,0.050000
13553,-6.430173,0.050000
13554,-15.940812,0.050000
13555,-2.782830,0.050000
13556,-8.250482,0.050000
13557,-7.499191,0.050000
13558,0.263052,0.050000
13559,-4.964218,0.050000
13560,-8.273114,0.050000
13561,0.699132,0.050000
13562,-3.728444,0.050000
13563,-3.819167,0.050000
13564,-9.737662,0.050000
13565,1.785766,0.050000
13566,4.159443,0.050000
13567,-3.860744,0.050000
13568,1.250913,0.050000
13569,4.213180,0.050000
13570,0.249012,0.050000
13571,-5.555966,0.050000
13572,-6.845374,0.050000
13573,-13.643544,0.050000
13574,-2.180685,0.050000
13575,-1.588578,0.050000
13576,-10.674382,0.050000
13577,-5.603742,0.050000
13578,-4.876443,0.050000
13579,-3.234089,0.050000
13580,0.772270,0.050000
13581,0.611347,0.050000
13582,-14.168300,0.050000
13583,-3.907842,0.050000
13584,-2.526911,0.050000
13585,-4.101835,0.050000
13586,-6.625480,0.050000
13587,-5.488499,0.050000
13588,-6.424592,0.050000
13589,-9.815170,0.050000
13590,-6.481602,0.050000
13591,-11.712452,0.050000
13592,-8.631470,0.050000
13593,-12.656362,0.050000
13594,1.849292,0.050000
13595,0.522821,0.050000
13596,-8.724576,0.050000
13597,1.219843,0.050000
13598,-6.133319,0.050000
13599,-1.887205,0.050000
13600,-7.856763,0.050000
13601,-1.857076,0.050000
13602,-10.109111,0.050000
13603,-4.177068,0.050000
13604,5.692042,0.050000
13605,-5.218413,0.050000
13606,-8.411786,0.050000
13607,-4.622920,0.050000
13608,-0.862355,0.050000
13609,-6.199508,0.050000
13610,-0.735203,0.050000
13611,-4.704511,0.050000
13612,0.945831,0.050000
13613,0.304017,0.050000
13614,-7.539077,0.050000
13615,-6.518774,0.050000
13616,-8.550588,0.050000
13617,-4.795102,0.050000
13618,-8.904993,0.050000
13619,-9.180986,0.050000
13620,-11.741452,0.050000
13621,-6.988881,0.050000
13622,-7.139188,0.050000
13623,-0.561279,0.050000
13624,-1.925704,0.050000
13625,-15.313575,0.050000
13626,-15.080647,0.050000
13627,-7.302846,0.050000
13628,-9.800193,0.050000
13629,-7.480069,0.050000
13630,-6.948303,0.050000
13631,-3.209925,0.050000
13632,2.182931,0.050000
13633,-6.953670,0.050000
13634,-6.960501,0.050000
13635,0.548450,0.050000
13636,-5.471688,0.050000
13637,-1.174900,0.050000
13638,2.558171,0.050000
13639,-10.117047,0.050000
13640,-10.068755,0.050000
13641,-11.554893,0.050000
13642,-11.897085,0.050000
13643,-4.008684,0.050000
13644,-10.801611,0.050000
13645,-8.526331,0.050000
13646,-8.690973,0.050000
13647,3.590292,0.050000
13648,-18.663035,0.050000
13649,-5.580446,0.050000
13650,-2.273495,0.050000
13651,-6.320290,0.050000
13652,-5.603069,0.050000
13653,3.579963,0.050000
13654,-7.955948,0.050000
13655,-5.638852,0.050000
13656,-8.877084,0.050000
13657,-8.030242,0.050000
13658,-3.722418,0.050000
13659,-0.409439,0.050000
13660,-9.866430,0.050000
13661,-6.025391,0.050000
13662,-17.884694,0.050000
13663,3.787930,0.050000
13664,-5.846780,0.050000
13665,-7.216019,0.050000
13666,-0.335411,0.050000
13667,-9.394248,0.050000
13668,-16.890953,0.050000
13669,-11.789537,0.050000
13670,-2.957164,0.050000
13671,-4.621275,0.050000
13672,-8.519824,0.050000
13673,-9.134596,0.050000
13674,-2.774033,0.050000
13675,-5.656944,0.050000
13676,-4.439807,0.050000
13677,-6.698253,0.050000
13678,3.869272,0.050000
13679,-6.913803,0.050000
13680,-11.873162,0.050000
13681,-9.810056,0.050000
13682,-7.433583,0.050000
13683,-9.142678,0.050000
13684,-11.621434,0.050000
13685,-3.673869,0.050000
13686,-3.256146,0.050000
13687,3.586214,0.050000
13688,-12.159286,0.050000
13689,8.184267,0.050000
13690,-7.234046,0.050000
13691,-9.007032,0.050000
13692,1.846085,0.050000
13693,-5.016858,0.050000
13694,-12.779566,0.050000
13695,-11.294622,0.050000
13696,-4.634531,0.050000
13697,-13.586524,0.050000
13698,-11.673418,0.050000
13699,-6.130736,0.050000
13700,-10.215868,0.050000
13701,-4.522714,0.050000
13702,-2.924118,0.050000
13703,-6.473776,0.050000
13704,-6.300404,0.050000
13705,-7.033481,0.050000
13706,-6.651463,0.050000
13707,-0.401935,0.050000
13708,-9.364128,0.050000
13709,-2.214662,0.050000
13710,-1.704928,0.050000
13711,-6.395944,0.050000
13712,-3.100672,0.050000
13713,-9.370384,0.050000
13714,4.381625,0.050000
13715,-8.226919,0.050000
13716,-0.524469,0.050000
13717,0.190900,0.050000
13718,-5.710606,0.050000
13719,-4.732804,0.050000
13720,0.607395,0.050000
13721,-11.552768,0.050000
13722,2.638323,0.050000
13723,-2.859179,0.050000
13724,-3.710679,0.050000
13725,5.583046,0.050000
13726,-6.298227,0.050000
13727,0.720328,0.050000
13728,-2.853321,0.050000
13729,-5.256207,0.050000
13730,2.738424,0.050000
13731,5.420786,0.050000
13732,-3.495394,0.050000
13733,-7.781513,0.050000
13734,-5.158771,0.050000
13735,-12.813082,0.050000
13736,-14.538035,0.050000
13737,-5.497371,0.050000
13738,-8.161948,0.050000
13739,-9.745619,0.050000
13740,1.198787,0.050000
13741,-9.907422,0.050000
13742,-1.304134,0.050000
13743,-0.166812,0.050000
13744,-4.414180,0.050000
13745,-2.911668,0.050000
13746,-0.912213,0.050000
13747,1.623883,0.050000
13748,-12.250364,0.050000
13749,-3.819463,0.050000
13750,2.799935,0.050000
13751,-5.282865,0.050000
13752,-2.830986,0.050000
13753,3.970398,0.050000
13754,5.178760,0.050000
13755,3.935182,0.050000
13756,2.144536,0.050000
13757,-6.900756,0.050000
13758,0.485158,0.050000
13759,-1.335010,0.050000
13760,-0.685407,0.050000
13761,-0.795703,0.050000
13762,-3.715189,0.050000
13763,0.197868,0.050000
13764,-2.501592,0.050000
13765,-4.986603,0.050000
13766,-8.181940,0.050000
13767,-5.434475,0.050000
13768,-8.526991,0.050000
13769,-10.825124,0.050000
13770,-0.679239,0.050000
13771,-10.707377,0.050000
13772,-3.226563,0.050000
13773,-5.333756,0.050000
13774,-7.102721,0.050000
13775,1.319218,0.050000
13776,-6.008952,0.050000
13777,-6.284654,0.050000
13778,-1.551412,0.050000
13779,-1.255881,0.050000
13780,-3.675888,0.050000
13781,-4.675462,0.050000
13782,-0.716271,0.050000
13783,-8.503037,0.050000
13784,-1.827772,0.050000
13785,-9.859760,0.050000
13786,-8.681177,0.050000
13787,-9.675421,0.050000
13788,-1.909986,0.050000
13789,0.217943,0.050000
13790,-10.241146,0.050000
13791,1.897131,0.050000
13792,-3.296747,0.050000
13793,-7.897044,0.050000
13794,-6.816170,0.050000
13795,-7.176460,0.050000
13796,-7.084424,0.050000
13797,-9.584524,0.050000
13798,6.821660,0.050000
13799,-5.940812,0.050000
13800,2.600726,0.050000
13801,-1.118495,0.050000
13802,6.895142,0.050000
13803,-0.426216,0.050000
13804,-11.203238,0.050000
13805,0.864827,0.050000
13806,-5.614864,0.050000
13807,-2.331478,0.050000
13808,-6.036871,0.050000
13809,-7.126363,0.050000
13810,-0.148791,0.050000
13811,-10.644706,0.050000
13812,-6.025683,0.050000
13813,-7.000635,0.050000
13814,-13.381561,0.050000
13815,-5.158834,0.050000
13816,-4.968793,0.050000
13817,1.183241,0.050000
13818,1.163639,0.050000
13819,-8.238825,0.050000
13820,-5.755167,0.050000
13821,1.944211,0.050000
13822,3.007700,0.050000
13823,-3.939559,0.050000
13824,-8.054632,0.050000
13825,-0.842376,0.050000
13826,-9.900765,0.050000
13827,0.054820,0.050000
13828,8.314267,0.050000
13829,0.447802,0.050000
13830,-4.631082,0.050000
13831,-1.373225,0.050000
13832,-7.400318,0.050000
13833,1.860011,0.050000
13834,-3.341023,0.050000
13835,-8.771646,0.050000
13836,1.362411,0.050000
13837,-7.160000,0.050000
13838,-8.267391,0.050000
13839,-8.382333,0.050000
13840,-6.096785,0.050000
13841,-5.434871,0.050000
13842,-4.492363,0.050000
13843,1.550211,0.050000
13844,-6.857756,0.050000
13845,-2.572951,0.050000
13846,-2.903776,0.050000
13847,-5.886258,0.050000
13848,-1.882792,0.050000
13849,-5.875024,0.050000
13850,-7.883949,0.050000
13851,-1.922064,0.050000
13852,-4.334602,0.050000
13853,-9.206783,0.050000
13854,-9.565993,0.050000
13855,2.339935,0.050000
13856,-10.604153,0.050000
13857,5.790041,0.050000
13858,-12.793212,0.050000
13859,3.370146,0.050000
13860,-4.020881,0.050000
13861,-1.304618,0.050000
13862,1.432974,0.050000
13863,0.637939,0.050000
13864,4.717361,0.050000
13865,0.782110,0.050000
13866,-8.483501,0.050000
13867,-0.846256,0.050000
13868,-1.707093,0.050000
13869,-9.068446,0.050000
13870,1.179688,0.050000
13871,-5.177760,0.050000
13872,-3.484594,0.050000
13873,3.693994,0.050000
13874,-8.022424,0.050000
13875,-19.174336,0.050000
13876,-3.339964,0.050000
13877,-6.988390,0.050000
13878,-6.498011,0.050000
13879,-5.388099,0.050000
13880,-6.452385,0.050000
13881,-1.429482,0.050000
13882,8.199067,0.050000
13883,-11.410751,0.050000
13884,-6.388942,0.050000
13885,2.954708,0.050000
13886,-1.178338,0.050000
13887,0.158857,0.050000
13888,0.139808,0.050000
13889,-6.317512,0.050000
13890,-3.291491,0.050000
13891,-3.500150,0.050000
13892,3.549743,0.050000
13893,8.590175,0.050000
13894,-11.682623,0.050000
13895,-6.077872,0.050000
13896,0.450141,0.050000
13897,-3.069968,0.050000
13898,-0.434625,0.050000
13899,-3.831400,0.050000
13900,-9.948057,0.050000
13901,-0.233220,0.050000
13902,0.939680,0.050000
13903,-0.566028,0.050000
13904,-2.961681,0.050000
13905,5.570449,0.050000
13906,-2.476899,0.050000
13907,-9.002282,0.050000
13908,-0.639183,0.050000
13909,-8.233507,0.050000
13910,-9.053443,0.050000
13911,-1.980727,0.050000
13912,-2.499406,0.050000
13913,-2.017222,0.050000
13914,-0.823311,0.050000
13915,-7.317550,0.050000
13916,-10.441649,0.050000
13917,1.770336,0.050000
13918,-10.522586,0.050000
13919,-7.141096,0.050000
13920,-0.666996,0.050000
13921,-2.803834,0.050000
13922,2.075315,0.050000
13923,5.443233,0.050000
13924,-4.526979,0.050000
13925,-0.069006,0.050000
13926,-12.225937,0.050000
13927,-8.839291,0.050000
13928,2.107228,0.050000
13929,-1.985970,0.050000
13930,-4.579962,0.050000
13931,-8.370892,0.050000
13932,-9.910763,0.050000
13933,-1.022438,0.050000
13934,-13.489796,0.050000
13935,3.682985,0.050000
13936,-8.676161,0.050000
13937,-8.130196,0.050000
13938,1.638903,0.050000
13939,0.385425,0.050000
13940,-13.185843,0.050000
13941,4.065375,0.050000
13942,-9.345691,0.050000
13943,-5.580018,0.050000
13944,-4.167584,0.050000
13945,-6.797837,0.050000
13946,-1.639040,0.050000
13947,-4.967115,0.050000
13948,-6.656093,0.050000
13949,-8.189450,0.050000
13950,-12.242612,0.050000
13951,-3.102113,0.050000
13952,-4.530138,0.050000
13953,-12.455201,0.050000
13954,-6.281423,0.050000
13955,-14.038240,0.050000
13956,-8.063800,0.050000
13957,-6.529002,0.050000
13958,-10.957996,0.050000
13959,-5.065741,0.050000
13960,-10.893996,0.050000
13961,-8.691810,0.050000
13962,-1.760378,0.050000
13963,-5.355380,0.050000
13964,-9.980416,0.050000
13965,-4.060429,0.050000
13966,-7.568229,0.050000
13967,-0.722124,0.050000
13968,4.018965,0.050000
13969,-16.620613,0.050000
13970,-4.361918,0.050000
13971,1.795973,0.050000
13972,0.655516,0.050000
13973,-1.616150,0.050000
13974,-6.326286,0.050000
13975,-2.248935,0.050000
13976,-13.424055,0.050000
13977,-14.013596,0.050000
13978,-9.115105,0.050000
13979,2.014856,0.050000
13980,-9.957431,0.050000
13981,-2.278418,0.050000
13982,-10.991136,0.050000
13983,-7.366869,0.050000
13984,-6.517514,0.050000
13985,-13.127916,0.050000
13986,-17.196442,0.050000
13987,-3.163367,0.050000
13988,-10.689649,0.050000
13989,-6.136873,0.050000
13990,-7.841233,0.050000
13991,0.468873,0.050000
13992,-18.243257,0.050000
13993,-6.313184,0.050000
13994,6.512307,0.050000
13995,-4.442253,0.050000
13996,-1.603599,0.050000
13997,-9.608624,0.050000
13998,-1.518843,0.050000
13999,-7.918295,0.050000
14000,-1.509442,0.050000
14001,-10.664350,0.050000
14002,-6.767750,0.050000
14003,2.807368,0.050000
14004,2.305526,0.050000
14005,-5.364890,0.050000
14006,7.455110,0.050000
14007,-9.327165,0.050000
14008,-6.934735,0.050000
14009,-12.921899,0.050000
14010,-7.715111,0.050000
14011,-8.719375,0.050000
14012,-9.012858,0.050000
14013,1.661622,0.050000
14014,-3.667166,0.050000
14015,-4.820784,0.050000
14016,-3.979925,0.050000
14017,-7.471750,0.050000
14018,-1.172571,0.050000
14019,-5.581406,0.050000
14020,-3.073416,0.050000
14021,-9.928349,0.050000
14022,-2.547697,0.050000
14023,-5.712784,0.050000
14024,8.391285,0.050000
14025,-2.986899,0.050000
14026,-1.850873,0.050000
14027,-7.932841,0.050000
14028,-11.166618,0.050000
14029,-10.193034,0.050000
14030,7.778411,0.050000
14031,-8.250089,0.050000
14032,-14.377210,0.050000
14033,1.060947,0.050000
14034,-9.717245,0.050000
14035,-9.506101,0.050000
14036,1.122717,0.050000
14037,0.343666,0.050000
14038,-7.331770,0.050000
14039,1.055054,0.050000
14040,-14.188343,0.050000
14041,7.377772,0.050000
14042,-11.486829,0.050000
14043,-7.037333,0.050000
14044,0.813497,0.050000
14045,-5.864176,0.050000
14046,-8.357879,0.050000
14047,-12.315854,0.050000
14048,-5.908470,0.050000
14049,-5.273250,0.050000
14050,-11.057852,0.050000
14051,0.620832,0.050000
14052,-7.271064,0.050000
14053,-0.448767,0.050000
14054,-9.411703,0.050000
14055,-6.204857,0.050000
14056,-1.210582,0.050000
14057,-4.696971,0.050000
14058,-8.091435,0.050000
14059,-6.055158,0.050000
14060,-7.494847,0.050000
14061,-1.790868,0.050000
14062,-4.728521,0.050000
14063,-3.068676,0.050000
14064,-1.958154,0.050000
14065,3.161529,0.050000
14066,-1.952683,0.050000
14067,-0.583669,0.050000
14068,-3.776940,0.050000
14069,-3.924732,0.050000
14070,-10.090095,0.050000
14071,-7.329179,0.050000
14072,-14.789764,0.050000
14073,-4.458462,0.050000
14074,0.455115,0.050000
14075,-4.667484,0.050000
14076,-3.033179,0.050000
14077,-3.493276,0.050000
14078,3.267845,0.050000
14079,-1.271355,0.050000
14080,-7.153981,0.050000
14081,5.751805,0.050000
14082,-15.051000,0.050000
14083,0.371738,0.050000
14084,-4.575771,0.050000
14085,-2.147138,0.050000
14086,2.623182,0.050000
14087,4.519792,0.050000
14088,-11.720844,0.050000
14089,1.363620,0.050000
14090,-4.387616,0.050000
14091,-2.617533,0.050000
14092,-10.627955,0.050000
14093,-6.457924,0.050000
14094,-7.389996,0.050000
14095,0.936953,0.050000
14096,-6.152423,0.050000
14097,-2.505635,0.050000
14098,-1.675292,0.050000
14099,-3.980779,0.050000
14100,-1.057459,0.050000
14101,-6.918791,0.050000
14102,-9.190358,0.050000
14103,-3.680186,0.050000
14104,-0.651870,0.050000
14105,-7.099250,0.050000
14106,-11.269380,0.050000
14107,-5.049035,0.050000
14108,-2.326623,0.050000
14109,-6.149580,0.050000
14110,3.461278,0.050000
14111,-5.338472,0.050000
14112,3.193412,0.050000
14113,-10.598586,0.050000
14114,-2.220378,0.050000
14115,-19.328144,0.050000
14116,-0.060620,0.050000
14117,-6.432239,0.050000
14118,-7.428845,0.050000
14119,-5.641835,0.050000
14120,-9.848742,0.050000
14121,0.045824,0.050000
14122,-1.046045,0.050000
14123,1.971594,0.050000
14124,-6.988266,0.050000
14125,-4.207277,0.050000
14126,1.555727,0.050000
14127,-11.453850,0.050000
14128,0.473202,0.050000
14129,-8.854131,0.050000
14130,-3.609536,0.050000
14131,4.941364,0.050000
14132,0.841797,0.050000
14133,0.808921,0.050000
14134,-4.568785,0.050000
14135,-4.811490,0.050000
14136,-5.064467,0.050000
14137,-5.357528,0.050000
14138,-2.902333,0.050000
14139,-5.249336,0.050000
14140,-0.133190,0.050000
14141,-6.104269,0.050000
14142,3.506072,0.050000
14143,-3.540530,0.050000
14144,4.149436,0.050000
14145,-7.957801,0.050000
14146,4.097524,0.050000
14147,-5.005667,0.050000
14148,2.519469,0.050000
14149,-3.776398,0.050000
14150,-5.867016,0.050000
14151,-1.069070,0.050000
14152,-1.423950,0.050000
14153,-2.109397,0.050000
14154,-5.815816,0.050000
14155,-0.520245,0.050000
14156,-3.634643,0.050000
14157,0.332699,0.050000
14158,6.982101,0.050000
14159,-0.229512,0.050000
14160,-5.725467,0.050000
14161,-2.993086,0.050000
14162,4.874069,0.050000
14163,-6.411063,0.050000
14164,-4.659099,0.050000
14165,-4.915050,0.050000
14166,-1.476469,0.050000
14167,-6.798535,0.050000
14168,7.431899,0.050000
14169,-4.005075,0.050000
14170,-6.426414,0.050000
14171,-5.560927,0.050000
14172,5.001878,0.050000
14173,1.339331,0.050000
14174,-8.122847,0.050000
14175,-3.856771,0.050000
14176,-3.970713,0.050000
14177,5.385161,0.050000
14178,-5.661613,0.050000
14179,-0.666281,0.050000
14180,1.374716,0.050000
14181,-8.118680,0.050000
14182,0.199570,0.050000
14183,-3.295280,0.050000
14184,-2.783078,0.050000
14185,-9.299280,0.050000
14186,-4.110145,0.050000
14187,-5.383312,0.050000
14188,0.968045,0.050000
14189,0.428240,0.050000
14190,-16.934822,0.050000
14191,-2.959552,0.050000
14192,-5.636037,0.050000
14193,1.459246,0.050000
14194,-3.837523,0.050000
14195,-8.522172,0.050000
14196,-3.923146,0.050000
14197,-7.837095,0.050000
14198,-4.283312,0.050000
14199,-0.383997,0.050000
14200,-13.520382,0.050000
14201,5.195927,0.050000
14202,-4.944793,0.050000
14203,-6.121745,0.050000
14204,-10.152398,0.050000
14205,-7.846080,0.050000
14206,-2.293804,0.050000
14207,-7.597430,0.050000
14208,-2.890611,0.050000
14209,0.454171,0.050000
14210,-4.220581,0.050000
14211,-7.485121,0.050000
14212,-2.549743,0.050000
14213,2.567812,0.050000
14214,-9.492742,0.050000
14215,1.285417,0.050000
14216,-3.071948,0.050000
14217,-1.873318,0.050000
14218,-4.568698,0.050000
14219,-8.619937,0.050000
14220,-2.863816,0.050000
14221,-15.799180,0.050000
14222,-8.072304,0.050000
14223,-5.944461,0.050000
14224,-7.572953,0.050000
14225,2.169077,0.050000
14226,-2.959365,0.050000
14227,0.982508,0.050000
14228,-3.544318,0.050000
14229,-14.772167,0.050000
14230,-5.616420,0.050000
14231,1.111992,0.050000
14232,-10.692496,0.050000
14233,-1.577112,0.050000
14234,-11.318051,0.050000
14235,-1.555416,0.050000
14236,-5.160083,0.050000
14237,-11.224881,0.050000
14238,2.935434,0.050000
14239,-7.785907,0.050000
14240,-9.262963,0.050000
14241,-6.045264,0.050000
14242,0.733934,0.050000
14243,-3.516981,0.050000
14244,-3.819847,0.050000
14245,-3.945439,0.050000
14246,-0.567552,0.050000
14247,-16.023785,0.050000
14248,-4.219810,0.050000
14249,-8.971496,0.050000
14250,-11.554787,0.050000
14251,-1.129445,0.050000
14252,-7.268520,0.050000
14253,-19.420220,0.050000
14254,-12.069924,0.050000
14255,0.542431,0.050000
14256,-3.101564,0.050000
14257,-5.211930,0.050000
14258,-1.808999,0.050000
14259,-7.025693,0.050000
14260,3.050510,0.050000
14261,-3.634931,0.050000
14262,-13.828892,0.050000
14263,-9.406987,0.050000
14264,-11.866859,0.050000
14265,-1.307681,0.050000
14266,-3.031927,0.050000
14267,-6.023399,0.050000
14268,1.708360,0.050000
14269,4.248870,0.050000
14270,-14.167675,0.050000
14271,-5.882300,0.050000
14272,-4.900816,0.050000
14273,-3.034294,0.050000
14274,0.096366,0.050000
14275,-1.789445,0.050000
14276,-2.718974,0.050000
14277,-10.875033,0.050000
14278,-11.554193,0.050000
14279,3.568928,0.050000
14280,-10.332980,0.050000
14281,-9.295630,0.050000
14282,-9.578852,0.050000
14283,-0.281670,0.050000
14284,-8.271959,0.050000
14285,5.147177,0.050000
14286,-3.735603,0.050000
14287,-18.040688,0.050000
14288,2.212169,0.050000
14289,-8.038437,0.050000
14290,-5.736751,0.050000
14291,-7.440195,0.050000
14292,-1.776136,0.050000
14293,-3.181037,0.050000
14294,-3.330409,0.050000
14295,-3.347451,0.050000
14296,-7.359420,0.050000
14297,-10.016839,0.050000
14298,-0.994708,0.050000
14299,-14.612550,0.050000
14300,-5.775585,0.050000
14301,-13.923265,0.050000
14302,-6.687769,0.050000
14303,-6.142157,0.050000
14304,5.026851,0.050000
14305,-5.435244,0.050000
14306,-1.107063,0.050000
14307,-7.425313,0.050000
14308,-0.306581,0.050000
14309,-2.816205,0.050000
14310,-7.626050,0.050000
14311,-1.603638,0.050000
14312,-9.798549,0.050000
14313,-0.789365,0.050000
14314,-2.545342,0.050000
14315,-1.959127,0.050000
14316,-7.455452,0.050000
14317,-7.938114,0.050000
14318,-3.568348,0.050000
14319,-19.769176,0.050000
14320,-11.245030,0.050000
14321,-3.834938,0.050000
14322,-7.868860,0.050000
14323,-4.488867,0.050000
14324,-3.421386,0.050000
14325,3.370473,0.050000
14326,-1.702155,0.050000
14327,-3.156554,0.050000
14328,-4.823718,0.050000
14329,-14.293211,0.050000
14330,-10.531366,0.050000
14331,-12.899415,0.050000
14332,-14.150695,0.050000
14333,-4.153182,0.050000
14334,-9.733277,0.050000
14335,-7.739144,0.050000
14336,-6.284653,0.050000
14337,-9.602333,0.050000
14338,-1.553789,0.050000
14339,-3.368351,0.050000
14340,1.614597,0.050000
14341,-6.156249,0.050000
14342,-10.098379,0.050000
14343,-1.483171,0.050000
14344,8.013387,0.050000
14345,-3.530930,0.050000
14346,-0.875300,0.050000
14347,-9.594194,0.050000
14348,-5.035525,0.050000
14349,0.224771,0.050000
14350,-9.511653,0.050000
14351,-13.384566,0.050000
14352,-12.706115,0.050000
14353,-2.755119,0.050000
14354,-8.819298,0.050000
14355,-7.099237,0.050000
14356,-8.515749,0.050000
14357,-5.720109,0.050000
14358,-4.389185,0.050000
14359,-5.863395,0.050000
14360,-3.553714,0.050000
14361,-1.720232,0.050000
14362,-5.615081,0.050000
14363,-8.105823,0.050000
14364,-3.789867,0.050000
14365,3.302472,0.050000
14366,-9.225946,0.050000
14367,-3.739300,0.050000
14368,-9.697617,0.050000
14369,-4.629528,0.050000
14370,-4.736392,0.050000
14371,-18.490591,0.050000
14372,-7.416899,0.050000
14373,-4.529986,0.050000
14374,-8.043469,0.050000
14375,0.842336,0.050000
14376,-7.404925,0.050000
14377,-11.226775,0.050000
14378,-10.411973,0.050000
14379,-3.877605,0.050000
14380,2.879589,0.050000
14381,-11.004868,0.050000
14382,-10.349577,0.050000
14383,-4.396248,0.050000
14384,-6.415368,0.050000
14385,-11.903920,0.050000
14386,-6.495958,0.050000
14387,1.337260,0.050000
14388,-10.965602,0.050000
14389,-0.207714,0.050000
14390,-9.235327,0.050000
14391,-6.892443,0.050000
14392,-9.130265,0.050000
14393,-3.510168,0.050000
14394,-9.357560,0.050000
14395,-15.006770,0.050000
14396,-7.549994,0.050000
14397,-6.194966,0.050000
14398,-2.153127,0.050000
14399,-4.260600,0.050000
14400,-14.515593,0.050000
14401,-5.862280,0.050000
14402,3.334679,0.050000
14403,-0.330067,0.050000
14404,-4.525880,0.050000
14405,-5.473413,0.050000
14406,-3.874816,0.050000
14407,-13.196247,0.050000
14408,-10.200584,0.050000
14409,-7.854532,0.050000
14410,-10.560529,0.050000
14411,-2.480114,0.050000
14412,-9.697785,0.050000
14413,-6.309837,0.050000
14414,-8.622769,0.050000
14415,-15.328237,0.050000
14416,1.965696,0.050000
14417,-9.259887,0.050000
14418,-8.720779,0.050000
14419,-2.617444,0.050000
14420,-5.823446,0.050000
14421,0.533001,0.050000
14422,-4.995406,0.050000
14423,-9.353048,0.050000
14424,0.203551,0.050000
14425,-9.701045,0.050000
14426,0.234071,0.050000
14427,-4.134165,0.050000
14428,-11.619593,0.050000
14429,-5.090514,0.050000
14430,-10.553774,0.050000
14431,-0.904985,0.050000
14432,-8.695406,0.050000
14433,-4.529583,0.050000
14434,-0.377017,0.050000
14435,-7.399448,0.050000
14436,-5.723982,0.050000
14437,1.479942,0.050000
14438,-6.604873,0.050000
14439,-7.940670,0.050000
14440,-5.578409,0.050000
14441,-11.498084,0.050000
14442,-7.503862,0.050000
14443,-1.682679,0.050000
14444,-11.225289,0.050000
14445,-9.975066,0.050000
14446,-12.112832,0.050000
14447,-7.241703,0.050000
14448,-9.764159,0.050000
14449,-6.278678,0.050000
14450,-9.886248,0.050000
14451,-9.702195,0.050000
14452,-11.445142,0.050000
14453,-11.860281,0.050000
14454,-11.440293,0.050000
14455,-8.442948,0.050000
14456,-2.542933,0.050000
14457,-4.162161,0.050000
14458,1.304769,0.050000
14459,-4.789466,0.050000
14460,-13.909831,0.050000
14461,-3.855702,0.050000
14462,-10.144204,0.050000
14463,-9.634421,0.050000
14464,7.707239,0.050000
14465,-5.022303,0.050000
14466,-10.565208,0.050000
14467,-12.291546,0.050000
14468,-2.042517,0.050000
14469,-6.195134,0.050000
14470,2.191959,0.050000
14471,-7.078194,0.050000
14472,-11.971669,0.050000
14473,-7.574939,0.050000
14474,5.558674,0.050000
14475,-6.261362,0.050000
14476,-0.482285,0.050000
14477,-2.695954,0.050000
14478,1.094101,0.050000
14479,-5.528640,0.050000
14480,-3.139358,0.050000
14481,-3.213247,0.050000
14482,-10.243889,0.050000
14483,-1.096276,0.050000
14484,-11.832999,0.050000
14485,-3.390713,0.050000
14486,-3.527001,0.050000
14487,-1.135823,0.050000
14488,-3.404166,0.050000
14489,-8.349128,0.050000
14490,6.316393,0.050000
14491,-4.577783,0.050000
14492,-7.003925,0.050000
14493,-8.051928,0.050000
14494,-6.996646,0.050000
14495,-8.959147,0.050000
14496,-2.661391,0.050000
14497,-3.400452,0.050000
14498,-6.920611,0.050000
14499,-7.669305,0.050000
14500,2.457095,0.050000
14501,-13.570441,0.050000
14502,-7.142578,0.050000
14503,0.139535,0.050000
14504,-1.971563,0.050000
14505,-4.778950,0.050000
14506,-6.822560,0.050000
14507,-1.968067,0.050000
14508,-14.470976,0.050000
14509,-3.863229,0.050000
14510,-9.722917,0.050000
14511,-6.958755,0.050000
14512,-5.368702,0.050000
14513,-3.717761,0.050000
14514,-5.245606,0.050000
14515,-10.380160,0.050000
14516,-6.552003,0.050000
14517,-6.518157,0.050000
14518,10.968285,0.050000
14519,-4.581345,0.050000
14520,-8.480114,0.050000
14521,-0.925407,0.050000
14522,-3.790729,0.050000
14523,-3.074838,0.050000
14524,-11.551308,0.050000
14525,-8.597746,0.050000
14526,-4.006961,0.050000
14527,-11.868727,0.050000
14528,-7.735773,0.050000
14529,-5.552200,0.050000
14530,-3.120040,0.050000
14531,-4.296900,0.050000
14532,0.850388,0.050000
14533,-21.537168,0.050000
14534,-1.812906,0.050000
14535,-0.819548,0.050000
14536,-2.441233,0.050000
14537,-8.701039,0.050000
14538,-18.572272,0.050000
14539,-11.696709,0.050000
14540,-7.317055,0.050000
14541,-5.396018,0.050000
14542,-6.067569,0.050000
14543,-2.365083,0.050000
14544,-3.576581,0.050000
14545,-3.660506,0.050000
14546,-7.318531,0.050000
14547,-2.446606,0.050000
14548,-8.171475,0.050000
14549,-6.637487,0.050000
14550,-8.482051,0.050000
14551,-4.441894,0.050000
14552,-7.378747,0.050000
14553,-6.545573,0.050000
14554,-8.107970,0.050000
14555,-8.897841,0.050000
14556,-8.184941,0.050000
14557,-2.292661,0.050000
14558,-9.898662,0.050000
14559,-14.271839,0.050000
14560,-2.941019,0.050000
14561,-18.352439,0.050000
14562,2.937334,0.050000
14563,-12.908496,0.050000
14564,-0.263799,0.050000
14565,-9.697703,0.050000
14566,-6.162615,0.050000
14567,0.480506,0.050000
14568,-3.818592,0.050000
14569,-8.772064,0.050000
14570,-7.139165,0.050000
14571,-10.448386,0.050000
14572,-6.979669,0.050000
14573,-11.829599,0.050000
14574,-1.835512,0.050000
14575,-3.019746,0.050000
14576,-1.344573,0.050000
14577,-14.937743,0.050000
14578,-6.549368,0.050000
14579,-13.438626,0.050000
14580,-6.678412,0.050000
14581,-7.719269,0.050000
14582,-8.008692,0.050000
14583,-0.845501,0.050000
14584,-5.964241,0.050000
14585,-5.080497,0.050000
14586,-7.960287,0.050000
14587,-0.217851,0.050000
14588,-5.024912,0.050000
14589,-5.905412,0.050000
14590,-2.742631,0.050000
14591,1.070931,0.050000
14592,-2.511048,0.050000
14593,4.004695,0.050000
14594,-10.156368,0.050000
14595,-15.618858,0.050000
14596,-7.009598,0.050000
14597,-4.028542,0.050000
14598,-7.051152,0.050000
14599,3.488053,0.050000
14600,-4.547174,0.050000
14601,-4.154376,0.050000
14602,-3.838911,0.050000
14603,-9.592358,0.050000
14604,-12.729699,0.050000
14605,8.890599,0.050000
14606,-6.060940,0.050000
14607,-0.975103,0.050000
14608,-13.976306,0.050000
14609,-2.815934,0.050000
14610,-3.117373,0.050000
14611,-7.999932,0.050000
14612,-13.422686,0.050000
14613,-8.823128,0.050000
14614,-7.193636,0.050000
14615,-5.041401,0.050000
14616,-13.519730,0.050000
14617,-8.733109,0.050000
14618,-14.071347,0.050000
14619,-10.630342,0.050000
14620,-13.924447,0.050000
14621,-2.693393,0.050000
14622,1.239609,0.050000
14623,-12.307380,0.050000
14624,-1.819113,0.050000
14625,-4.805628,0.050000
14626,-0.851640,0.050000
14627,-15.683333,0.050000
14628,-13.887635,0.050000
14629,-14.150526,0.050000
14630,-1.704045,0.050000
14631,-5.079450,0.050000
14632,-5.687876,0.050000
14633,-19.862713,0.050000
14634,-3.016494,0.050000
14635,-10.210200,0.050000
14636,-3.578050,0.050000
14637,-7.373133,0.050000
14638,-7.153259,0.050000
14639,-6.238474,0.050000
14640,-14.028888,0.050000
14641,3.258177,0.050000
14642,-13.087850,0.050000
14643,-14.394432,0.050000
14644,-2.205761,0.050000
14645,-11.148471,0.050000
14646,-8.198451,0.050000
14647,-10.131577,0.050000
14648,-7.436529,0.050000
14649,-2.131243,0.050000
14650,-9.585273,0.050000
14651,-14.343880,0.050000
14652,-7.904041,0.050000
14653,-10.678260,0.050000
14654,-8.338908,0.050000
14655,-10.024302,0.050000
14656,-0.120682,0.050000
14657,0.377736,0.050000
14658,-3.975618,0.050000
14659,-9.210527,0.050000
14660,-3.086570,0.050000
14661,-8.641043,0.050000
14662,-14.458047,0.050000
14663,-8.690014,0.050000
14664,-9.305859,0.050000
14665,-11.466785,0.050000
14666,-1.197653,0.050000
14667,5.349601,0.050000
14668,-12.559516,0.050000
14669,-4.984188,0.050000
14670,5.667150,0.050000
14671,-3.247573,0.050000
14672,-10.827735,0.050000
14673,-6.653480,0.050000
14674,-5.989219,0.050000
14675,-11.067813,0.050000
14676,-1.539747,0.050000
14677,-3.755306,0.050000
14678,-4.929458,0.050000
14679,-2.600636,0.050000
14680,-4.826218,0.050000
14681,-5.535429,0.050000
14682,-3.377014,0.050000
14683,-7.961655,0.050000
14684,-2.288929,0.050000
14685,-0.828504,0.050000
14686,-10.951435,0.050000
14687,1.449581,0.050000
14688,-2.779908,0.050000
14689,-10.795503,0.050000
14690,-7.276146,0.050000
14691,-11.613290,0.050000
14692,-9.773895,0.050000
14693,-3.339465,0.050000
14694,-7.145990,0.050000
14695,-15.571097,0.050000
14696,-2.854036,0.050000
14697,-4.401532,0.050000
14698,0.388151,0.050000
14699,-6.384204,0.050000
14700,-7.911368,0.050000
14701,-11.460214,0.050000
14702,-3.764316,0.050000
14703,-9.962429,0.050000
14704,-4.727828,0.050000
14705,-12.981607,0.050000
14706,-12.467889,0.050000
14707,1.837075,0.050000
14708,-7.598672,0.050000
14709,-11.398292,0.050000
14710,-10.740727,0.050000
14711,-17.176748,0.050000
14712,-4.150738,0.050000
14713,-4.561286,0.050000
14714,-3.109270,0.050000
14715,-9.021192,0.050000
14716,-7.443440,0.050000
14717,-15.452078,0.050000
14718,-3.162843,0.050000
14719,-5.651306,0.050000
14720,-2.318361,0.050000
14721,-11.600597,0.050000
14722,-7.621297,0.050000
14723,-8.875863,0.050000
14724,-8.160986,0.050000
14725,-12.513783,0.050000
14726,-8.452801,0.050000
14727,-7.612279,0.050000
14728,-6.679541,0.050000
14729,-0.786267,0.050000
14730,0.635943,0.050000
14731,0.919824,0.050000
14732,-3.294504,0.050000
14733,-3.463527,0.050000
14734,-9.343380,0.050000
14735,-0.791543,0.050000
14736,-6.762001,0.050000
14737,-8.547706,0.050000
14738,-4.623938,0.050000
14739,-4.235656,0.050000
14740,-9.927049,0.050000
14741,-0.379054,0.050000
14742,-2.631747,0.050000
14743,-8.181130,0.050000
14744,-0.537468,0.050000
14745,-18.575163,0.050000
14746,-15.721533,0.050000
14747,-9.046332,0.050000
14748,-1.221232,0.050000
14749,-10.980651,0.050000
14750,2.681345,0.050000
14751,-9.200686,0.050000
14752,-19.889057,0.050000
14753,-7.289274,0.050000
14754,1.886987,0.050000
14755,-7.939268,0.050000
14756,0.088264,0.050000
14757,-9.783144,0.050000
14758,-17.042454,0.050000
14759,-13.973578,0.050000
14760,-1.054342,0.050000
14761,-6.638919,0.050000
14762,-16.319329,0.050000
14763,1.113196,0.050000
14764,-13.046371,0.050000
14765,-10.206028,0.050000
14766,-12.414918,0.050000
14767,-9.731469,0.050000
14768,-6.275069,0.050000
14769,-3.385198,0.050000
14770,-8.370741,0.050000
14771,-6.142039,0.050000
14772,-6.238851,0.050000
14773,-2.860755,0.050000
14774,-8.456860,0.050000
14775,-8.050090,0.050000
14776,-5.325598,0.050000
14777,-12.745129,0.050000
14778,-11.547968,0.050000
14779,-13.927592,0.050000
14780,-1.096576,0.050000
14781,-8.512031,0.050000
14782,-8.230622,0.050000
14783,-16.944556,0.050000
14784,-5.578617,0.050000
14785,-4.329548,0.050000
14786,-4.186942,0.050000
14787,-12.848034,0.050000
14788,-14.199176,0.050000
14789,2.491261,0.050000
14790,-10.967587,0.050000
14791,-8.343461,0.050000
14792,-13.482608,0.050000
14793,-5.406693,0.050000
14794,-8.828622,0.050000
14795,-5.665982,0.050000
14796,-13.855060,0.050000
14797,-7.222431,0.050000
14798,-15.385996,0.050000
14799,-11.341403,0.050000
14800,-9.294296,0.050000
14801,-6.693406,0.050000
14802,-15.253377,0.050000
14803,-11.435092,0.050000
14804,-10.385723,0.050000
14805,-14.317366,0.050000
14806,-12.022276,0.050000
14807,-13.363160,0.050000
14808,-9.070456,0.050000
14809,-9.260655,0.050000
14810,-7.712665,0.050000
14811,-10.586989,0.050000
14812,-10.480680,0.050000
14813,-4.767236,0.050000
14814,-0.079582,0.050000
14815,-4.643712,0.050000
14816,-12.800830,0.050000
14817,-19.899666,0.050000
14818,-8.614512,0.050000
14819,-3.189756,0.050000
14820,-4.435029,0.050000
14821,-5.507155,0.050000
14822,-13.986266,0.050000
14823,-9.671846,0.050000
14824,-1.892492,0.050000
14825,-7.632729,0.050000
14826,-13.004428,0.050000
14827,-10.903042,0.050000
14828,-5.801967,0.050000
14829,-11.719469,0.050000
14830,-8.601639,0.050000
14831,-11.507614,0.050000
14832,-10.357633,0.050000
14833,-9.312405,0.050000
14834,-10.249834,0.050000
14835,-12.455025,0.050000
14836,-7.491525,0.050000
14837,-1.619626,0.050000
14838,-8.716178,0.050000
14839,-5.500511,0.050000
14840,-11.142871,0.050000
14841,-12.155845,0.050000
14842,-1.411411,0.050000
14843,-6.552689,0.050000
14844,-12.563522,0.050000
14845,-11.239127,0.050000
14846,-9.277783,0.050000
14847,-13.976521,0.050000
14848,-7.740000,0.050000
14849,-1.097709,0.050000
14850,-8.892990,0.050000
14851,-14.590135,0.050000
14852,-7.123528,0.050000
14853,-13.811340,0.050000
14854,-9.038780,0.050000
14855,-2.719799,0.050000
14856,-12.768279,0.050000
14857,-4.898270,0.050000
14858,-13.669582,0.050000
14859,-12.007007,0.050000
14860,-4.604063,0.050000
14861,-9.465484,0.050000
14862,-4.423151,0.050000
14863,-8.139173,0.050000
14864,-2.356338,0.050000
14865,-7.269740,0.050000
14866,-3.490075,0.050000
14867,-3.771318,0.050000
14868,-10.840201,0.050000
14869,0.295262,0.050000
14870,-12.657797,0.050000
14871,-9.315987,0.050000
14872,-0.982467,0.050000
14873,-6.580603,0.050000
14874,-2.755423,0.050000
14875,-3.714826,0.050000
14876,-7.499493,0.050000
14877,-8.454112,0.050000
14878,-12.664748,0.050000
14879,-10.498902,0.050000
14880,-14.912533,0.050000
14881,-7.719256,0.050000
14882,-11.181091,0.050000
14883,-16.693706,0.050000
14884,-10.029975,0.050000
14885,-18.806001,0.050000
14886,-9.997336,0.050000
14887,-13.207351,0.050000
14888,-13.751232,0.050000
14889,-8.412140,0.050000
14890,-14.241284,0.050000
14891,-4.453288,0.050000
14892,-12.795404,0.050000
14893,-12.100777,0.050000
14894,-8.163432,0.050000
14895,0.078019,0.050000
14896,-0.018188,0.050000
14897,-15.797066,0.050000
14898,-12.568475,0.050000
14899,-17.268772,0.050000
14900,-11.202919,0.050000
14901,-9.758000,0.050000
14902,-10.517164,0.050000
14903,4.967569,0.050000
14904,-3.968718,0.050000
14905,-20.198156,0.050000
14906,-12.309820,0.050000
14907,-2.286751,0.050000
14908,-5.989015,0.050000
14909,-16.263859,0.050000
14910,-9.806009,0.050000
14911,-2.262445,0.050000
14912,-8.808817,0.050000
14913,-10.634028,0.050000
14914,-14.904507,0.050000
14915,-11.927445,0.050000
14916,-7.270393,0.050000
14917,-4.664837,0.050000
14918,-7.338504,0.050000
14919,-12.330734,0.050000
14920,-11.077223,0.050000
14921,-12.723229,0.050000
14922,-12.061758,0.050000
14923,1.057592,0.050000
14924,-15.032229,0.050000
14925,-8.393719,0.050000
14926,-18.106835,0.050000
14927,-3.856198,0.050000
14928,-7.596825,0.050000
14929,-9.163653,0.050000
14930,-3.214877,0.050000
14931,-9.617002,0.050000
14932,-11.379065,0.050000
14933,-13.320325,0.050000
14934,-13.589042,0.050000
14935,-5.892285,0.050000
14936,-11.794694,0.050000
14937,-2.030864,0.050000
14938,-9.525898,0.050000
14939,-8.880905,0.050000
14940,-2.507823,0.050000
14941,-6.416550,0.050000
14942,-5.504099,0.050000
14943,-4.331733,0.050000
14944,-6.879834,0.050000
14945,-11.175904,0.050000
14946,-3.476876,0.050000
14947,-3.256889,0.050000
14948,-7.090653,0.050000
14949,-7.862731,0.050000
14950,-2.163773,0.050000
14951,-5.042971,0.050000
14952,-4.959558,0.050000
14953,-3.978931,0.050000
14954,-10.197152,0.050000
14955,-5.283815,0.050000
14956,-9.696530,0.050000
14957,-8.598784,0.050000
14958,-6.083001,0.050000
14959,-8.025947,0.050000
14960,-5.505975,0.050000
14961,-8.709259,0.050000
14962,-7.464328,0.050000
14963,-11.457428,0.050000
14964,-1.669436,0.050000
14965,-0.327427,0.050000
14966,-8.084711,0.050000
14967,-10.377725,0.050000
14968,-10.397538,0.050000
14969,-10.537661,0.050000
14970,-2.407971,0.050000
14971,-7.410771,0.050000
14972,-8.357182,0.050000
14973,-4.667274,0.050000
14974,-0.979189,0.050000
14975,-10.006316,0.050000
14976,-1.070211,0.050000
14977,0.614806,0.050000
14978,-6.624921,0.050000
14979,-6.847256,0.050000
14980,3.074374,0.050000
14981,2.473224,0.050000
14982,-6.762474,0.050000
14983,-7.113686,0.050000
14984,1.266807,0.050000
14985,5.678273,0.050000
14986,-1.330562,0.050000
14987,-7.963336,0.050000
14988,-0.164660,0.050000
14989,1.888290,0.050000
14990,-2.735883,0.050000
14991,-1.963295,0.050000
14992,-7.082792,0.050000
14993,-3.876367,0.050000
14994,-1.622824,0.050000
14995,-10.035199,0.050000
14996,2.888516,0.050000
14997,-6.028851,0.050000
14998,-4.706332,0.050000
14999,-1.076984,0.050000
15000,-6.033431,0.045000
15001,-1.259142,0.045000
15002,-3.659572,0.045000
15003,-5.571149,0.045000
15004,0.902120,0.045000
15005,-8.795835,0.045000
15006,3.290568,0.045000
15007,-2.300642,0.045000
15008,-9.728996,0.045000
15009,-2.606014,0.045000
15010,-8.600045,0.045000
15011,-7.789561,0.045000
15012,-9.667811,0.045000
15013,-21.167458,0.045000
15014,-2.969778,0.045000
15015,-12.373857,0.045000
15016,-10.259876,0.045000
15017,-11.427653,0.045000
15018,-13.484443,0.045000
15019,-5.436057,0.045000
15020,-10.325892,0.045000
15021,3.094964,0.045000
15022,-5.748492,0.045000
15023,-8.007132,0.045000
15024,3.109136,0.045000
15025,-10.691744,0.045000
15026,-3.720408,0.045000
15027,-11.824072,0.045000
15028,-6.382357,0.045000
15029,-4.733992,0.045000
15030,-6.813074,0.045000
15031,-5.202166,0.045000
15032,1.911870,0.045000
15033,-2.100703,0.045000
15034,0.862699,0.045000
15035,-10.419737,0.045000
15036,-8.780265,0.045000
15037,-4.134411,0.045000
15038,-8.670543,0.045000
15039,5.611257,0.045000
15040,-3.374825,0.045000
15041,-5.337363,0.045000
15042,-8.321267,0.045000
15043,-21.409538,0.045000
15044,-10.431802,0.045000
15045,-16.097491,0.045000
15046,-5.203428,0.045000
15047,-7.137822,0.045000
15048,-8.275011,0.045000
15049,-8.117132,0.045000
15050,-8.324818,0.045000
15051,-0.452079,0.045000
15052,-8.130899,0.045000
15053,-6.411791,0.045000
15054,-6.538025,0.045000
15055,-5.114284,0.045000
15056,-10.229535,0.045000
15057,1.535373,0.045000
15058,2.634685,0.045000
15059,-6.960821,0.045000
15060,-10.488223,0.045000
15061,-1.266157,0.045000
15062,-11.374085,0.045000
15063,-9.290655,0.045000
15064,-3.866373,0.045000
15065,2.779090,0.045000
15066,-4.607632,0.045000
15067,3.059546,0.045000
15068,-12.266378,0.045000
15069,-12.211531,0.045000
15070,-9.769423,0.045000
15071,-8.393645,0.045000
15072,0.845315,0.045000
15073,-3.376944,0.045000
15074,-12.298149,0.045000
15075,-14.226116,0.045000
15076,-0.982952,0.045000
15077,-3.638795,0.045000
15078,-1.238995,0.045000
15079,-1.182034,0.045000
15080,-3.090268,0.045000
15081,0.854795,0.045000
15082,-3.343869,0.045000
15083,5.009067,0.045000
15084,-10.054801,0.045000
15085,-1.433620,0.045000
15086,5.262296,0.045000
15087,-7.342898,0.045000
15088,-7.613383,0.045000
15089,-3.236608,0.045000
15090,-4.965373,0.045000
15091,-12.110293,0.045000
15092,-4.318129,0.045000
15093,-0.433295,0.045000
15094,-2.060989,0.045000
15095,0.278751,0.045000
15096,-5.951371,0.045000
15097,-10.193391,0.045000
15098,-7.301674,0.045000
15099,3.716029,0.045000
15100,-15.029897,0.040500
15101,-1.867045,0.040500
15102,-1.189805,0.040500
15103,3.886269,0.040500
15104,-11.127873,0.040500
15105,-10.705944,0.040500
15106,-3.805372,0.040500
15107,-5.135563,0.040500
15108,-2.558798,0.040500
15109,-5.753439,0.040500
15110,-2.989333,0.040500
15111,-3.572305,0.040500
15112,-1.219602,0.040500
15113,-13.612522,0.040500
15114,0.057094,0.040500
15115,-2.598726,0.040500
15116,-5.172521,0.040500
15117,-10.787070,0.040500
15118,-9.346677,0.040500
15119,-16.097548,0.040500
15120,-5.963845,0.040500
15121,-6.910217,0.040500
15122,-6.634988,0.040500
15123,-8.459126,0.040500
15124,-0.449934,0.040500
15125,-2.886314,0.040500
15126,-5.308030,0.040500
15127,-2.253891,0.040500
15128,-4.113365,0.040500
15129,-6.381535,0.040500
15130,-3.664108,0.040500
15131,-6.288557,0.040500
15132,-8.220549,0.040500
15133,-7.921654,0.040500
15134,-3.167853,0.040500
15135,-3.048004,0.040500
15136,-4.925606,0.040500
15137,-9.200008,0.040500
15138,0.653811,0.040500
15139,-8.332329,0.040500
15140,-14.820868,0.040500
15141,-6.915076,0.040500
15142,5.170512,0.040500
15143,-7.358707,0.040500
15144,-2.211719,0.040500
15145,-4.615521,0.040500
15146,-3.938538,0.040500
15147,-8.163941,0.040500
15148,-3.647163,0.040500
15149,-2.723195,0.040500
15150,-7.989498,0.040500
15151,-5.035969,0.040500
15152,-7.127305,0.040500
15153,3.891009,0.040500
15154,3.203613,0.040500
15155,-1.140783,0.040500
15156,-3.421543,0.040500
15157,-0.594835,0.040500
15158,-0.713969,0.040500
15159,-6.147579,0.040500
15160,0.116464,0.040500
15161,-18.656374,0.040500
15162,-2.221361,0.040500
15163,-3.737033,0.040500
15164,-14.510794,0.040500
15165,1.790087,0.040500
15166,-2.697073,0.040500
15167,-3.023334,0.040500
15168,-9.672069,0.040500
15169,-3.822355,0.040500
15170,-8.972402,0.040500
15171,-9.000077,0.040500
15172,2.743920,0.040500
15173,-9.007717,0.040500
15174,-4.550396,0.040500
15175,-1.498699,0.040500
15176,-7.851508,0.040500
15177,-1.801129,0.040500
15178,-12.138717,0.040500
15179,0.539467,0.040500
15180,2.446168,0.040500
15181,-8.912019,0.040500
15182,-4.253824,0.040500
15183,-8.455173,0.040500
15184,0.990888,0.040500
15185,-2.846951,0.040500
15186,-2.243945,0.040500
15187,-4.524054,0.040500
15188,-11.846516,0.040500
15189,-7.329740,0.040500
15190,4.363804,0.040500
15191,-12.382880,0.040500
15192,-16.963278,0.040500
15193,-3.843071,0.040500
15194,-7.729579,0.040500
15195,-8.578651,0.040500
15196,-7.430095,0.040500
15197,-4.352718,0.040500
15198,-9.814113,0.040500
15199,-16.053327,0.040500
15200,1.417323,0.036450
15201,-4.353008,0.036450
15202,-8.458329,0.036450
15203,-3.722920,0.036450
15204,6.027205,0.036450
15205,-12.828803,0.036450
15206,-2.935113,0.036450
15207,-7.120505,0.036450
15208,2.148673,0.036450
15209,-14.017241,0.036450
15210,-0.509776,0.036450
15211,-7.479364,0.036450
15212,2.116461,0.036450
15213,3.438774,0.036450
15214,-15.613101,0.036450
15215,-4.447104,0.036450
15216,0.702989,0.036450
15217,-11.378817,0.036450
15218,2.068930,0.036450
15219,4.526266,0.036450
15220,-3.775225,0.036450
15221,4.299263,0.036450
15222,-0.379509,0.036450
15223,-1.461214,0.036450
15224,-6.280097,0.036450
15225,-2.534445,0.036450
15226,-0.783937,0.036450
15227,0.276771,0.036450
15228,-5.019660,0.036450
15229,-12.947708,0.036450
15230,-3.325126,0.036450
15231,-11.185349,0.036450
15232,-2.446246,0.036450
15233,-2.733426,0.036450
15234,3.664800,0.036450
15235,-3.630030,0.036450
15236,0.607080,0.036450
15237,0.167649,0.036450
15238,-4.418269,0.036450
15239,-1.724019,0.036450
15240,-1.199394,0.036450
15241,-2.598398,0.036450
15242,-8.267441,0.036450
15243,-4.658797,0.036450
15244,-3.572568,0.036450
15245,-14.768329,0.036450
15246,-3.217963,0.036450
15247,-1.870080,0.036450
15248,-10.538429,0.036450
15249,-0.079922,0.036450
15250,-5.349554,0.036450
15251,-9.265546,0.036450
15252,-4.868168,0.036450
15253,-3.188620,0.036450
15254,0.381949,0.036450
15255,0.567831,0.036450
15256,-3.167208,0.036450
15257,6.267953,0.036450
15258,-7.286591,0.036450
15259,-3.758678,0.036450
15260,-3.053996,0.036450
15261,-2.776613,0.036450
15262,-5.998558,0.036450
15263,-3.895548,0.036450
15264,-3.061040,0.036450
15265,-2.071879,0.036450
15266,-9.919273,0.036450
15267,-8.166747,0.036450
15268,-9.065736,0.036450
15269,-9.771963,0.036450
15270,-5.009102,0.036450
15271,-3.494838,0.036450
15272,4.625276,0.036450
15273,-3.220741,0.036450
15274,-3.494233,0.036450
15275,-13.187422,0.036450
15276,-1.075988,0.036450
15277,-9.465000,0.036450
15278,-17.319529,0.036450
15279,-2.335351,0.036450
15280,2.165848,0.036450
15281,-7.129815,0.036450
15282,-0.051366,0.036450
15283,-3.764074,0.036450
15284,-6.116715,0.036450
15285,-13.752859,0.036450
15286,-3.087149,0.036450
15287,-7.489730,0.036450
15288,-10.734333,0.036450
15289,-9.104145,0.036450
15290,-2.533860,0.036450
15291,-6.822408,0.036450
15292,-4.715876,0.036450
15293,-1.489142,0.036450
15294,-3.069643,0.036450
15295,-0.461306,0.036450
15296,-9.916429,0.036450
15297,-5.109164,0.036450
15298,-20.596580,0.036450
15299,-6.809486,0.036450
15300,-6.911609,0.032805
15301,-18.045688,0.032805
15302,-11.493586,0.032805
15303,9.736984,0.032805
15304,-8.818319,0.032805
15305,-13.150339,0.032805
15306,-10.338379,0.032805
15307,-11.165913,0.032805
15308,-7.231930,0.032805
15309,-10.323525,0.032805
15310,-6.312136,0.032805
15311,-4.408883,0.032805
15312,0.280570,0.032805
15313,-6.055709,0.032805
15314,-5.713284,0.032805
15315,-11.857944,0.032805
15316,-9.529045,0.032805
15317,-0.709854,0.032805
15318,-1.673844,0.032805
15319,-8.396053,0.032805
15320,-6.262505,0.032805
15321,-9.834770,0.032805
15322,-0.096855,0.032805
15323,-9.413081,0.032805
15324,-0.552920,0.032805
15325,2.864544,0.032805
15326,-3.871075,0.032805
15327,-1.288074,0.032805
15328,-1.656596,0.032805
15329,-7.209013,0.032805
15330,-10.539518,0.032805
15331,-12.007763,0.032805
15332,-8.077451,0.032805
15333,-5.667828,0.032805
15334,-10.533987,0.032805
15335,-0.202492,0.032805
15336,-3.849482,0.032805
15337,-9.535159,0.032805
15338,0.518474,0.032805
15339,-2.961728,0.032805
15340,-8.784725,0.032805
15341,-8.615790,0.032805
15342,-12.147429,0.032805
15343,-2.700113,0.032805
15344,-5.962213,0.032805
15345,-9.656688,0.032805
15346,-8.413443,0.032805
15347,-12.204026,0.032805
15348,-14.539921,0.032805
15349,-11.692797,0.032805
15350,-19.411532,0.032805
15351,-2.990630,0.032805
15352,-8.040706,0.032805
15353,-13.499921,0.032805
15354,-14.223023,0.032805
15355,-11.229487,0.032805
15356,-2.278692,0.032805
15357,-4.435184,0.032805
15358,-2.474329,0.032805
15359,-14.556517,0.032805
15360,-6.885784,0.032805
15361,-4.625988,0.032805
15362,-8.515168,0.032805
15363,-6.540679,0.032805
15364,-7.341004,0.032805
15365,-2.183513,0.032805
15366,-14.961469,0.032805
15367,-13.692054,0.032805
15368,-13.574495,0.032805
15369,0.241926,0.032805
15370,2.942999,0.032805
15371,-6.617320,0.032805
15372,-12.761901,0.032805
15373,-15.382686,0.032805
15374,-8.774628,0.032805
15375,-6.582958,0.032805
15376,-12.908877,0.032805
15377,-10.619811,0.032805
15378,-6.612472,0.032805
15379,-5.739396,0.032805
15380,-8.865884,0.032805
15381,-1.514205,0.032805
15382,-12.307433,0.032805
15383,-11.423017,0.032805
15384,-0.804279,0.032805
15385,-0.295574,0.032805
15386,-7.036676,0.032805
15387,-10.251561,0.032805
15388,-16.901910,0.032805
15389,-10.077416,0.032805
15390,-11.771170,0.032805
15391,-10.798412,0.032805
15392,-1.668888,0.032805
15393,-7.823932,0.032805
15394,-2.778929,0.032805
15395,-4.306378,0.032805
15396,-10.202988,0.032805
15397,-7.183892,0.032805
15398,-11.807858,0.032805
15399,2.309329,0.032805
15400,-9.442758,0.029525
15401,-8.047079,0.029525
15402,2.846390,0.029525
15403,-12.314799,0.029525
15404,-5.705671,0.029525
15405,-11.026624,0.029525
15406,-5.924245,0.029525
15407,-0.062231,0.029525
15408,-5.820340,0.029525
15409,1.807572,0.029525
15410,-4.698166,0.029525
15411,-7.996251,0.029525
15412,-12.482076,0.029525
15413,-11.991273,0.029525
15414,-7.472559,0.029525
15415,-4.115288,0.029525
15416,-9.415844,0.029525
15417,-9.223050,0.029525
15418,-7.396595,0.029525
15419,-10.916121,0.029525
15420,-5.401939,0.029525
15421,-13.650267,0.029525
15422,-5.685773,0.029525
15423,-13.646253,0.029525
15424,-11.654345,0.029525
15425,-13.128245,0.029525
15426,-7.060953,0.029525
15427,-3.773347,0.029525
15428,-10.430424,0.029525
15429,-4.011418,0.029525
15430,-12.555171,0.029525
15431,-8.638987,0.029525
15432,-16.389018,0.029525
15433,-1.132630,0.029525
15434,-4.742105,0.029525
15435,10.170012,0.029525
15436,-5.719790,0.029525
15437,-9.531186,0.029525
15438,-10.952675,0.029525
15439,-8.659898,0.029525
15440,-1.856121,0.029525
15441,-19.440390,0.029525
15442,-2.506585,0.029525
15443,-6.766168,0.029525
15444,-4.458398,0.029525
15445,-7.261281,0.029525
15446,-5.873328,0.029525
15447,-8.176874,0.029525
15448,-8.867060,0.029525
15449,-13.562444,0.029525
15450,-7.684789,0.029525
15451,-2.485964,0.029525
15452,-3.443843,0.029525
15453,-13.956312,0.029525
15454,-2.421855,0.029525
15455,-9.983162,0.029525
15456,-0.746622,0.029525
15457,-13.499535,0.029525
15458,-3.270234,0.029525
15459,-10.367255,0.029525
15460,-17.397603,0.029525
15461,-0.946555,0.029525
15462,-12.594822,0.029525
15463,-5.748190,0.029525
15464,-8.129807,0.029525
15465,-5.830869,0.029525
15466,-8.391431,0.029525
15467,-10.072772,0.029525
15468,-4.192314,0.029525
15469,-12.398335,0.029525
15470,-12.585603,0.029525
15471,-7.619079,0.029525
15472,-7.186856,0.029525
15473,-2.213608,0.029525
15474,-10.102532,0.029525
15475,-8.028940,0.029525
15476,-10.813563,0.029525
15477,-11.445540,0.029525
15478,-5.038485,0.029525
15479,0.010956,0.029525
15480,2.434485,0.029525
15481,-11.200830,0.029525
15482,-9.763277,0.029525
15483,-1.085470,0.029525
15484,-9.321364,0.029525
15485,-16.222959,0.029525
15486,-12.842798,0.029525
15487,-10.170711,0.029525
15488,-8.847922,0.029525
15489,-13.679898,0.029525
15490,-7.909871,0.029525
15491,-8.901342,0.029525
15492,-17.226626,0.029525
15493,-3.835615,0.029525
15494,-6.361042,0.029525
15495,-4.784834,0.029525
15496,-12.049690,0.029525
15497,-3.321210,0.029525
15498,-17.573763,0.029525
15499,-16.082968,0.029525
15500,-9.849618,0.026572
15501,-6.410021,0.026572
15502,-14.501765,0.026572
15503,-11.081818,0.026572
15504,-7.861326,0.026572
15505,-11.345769,0.026572
15506,-9.782408,0.026572
15507,-8.700115,0.026572
15508,-6.410899,0.026572
15509,-10.682546,0.026572
15510,-12.204995,0.026572
15511,-6.849729,0.026572
15512,-11.056775,0.026572
15513,-4.265641,0.026572
15514,-16.234267,0.026572
15515,-16.832845,0.026572
15516,-1.991157,0.026572
15517,-11.958617,0.026572
15518,-11.947101,0.026572
15519,-11.007779,0.026572
15520,-13.455876,0.026572
15521,-7.113765,0.026572
15522,-12.012857,0.026572
15523,-17.601002,0.026572
15524,-9.164512,0.026572
15525,-5.128564,0.026572
15526,0.555061,0.026572
15527,-17.594257,0.026572
15528,-13.003032,0.026572
15529,-10.658069,0.026572
15530,-15.734557,0.026572
15531,-13.577854,0.026572
15532,-12.063086,0.026572
15533,-13.438549,0.026572
15534,-0.183894,0.026572
15535,-9.004739,0.026572
15536,-10.581105,0.026572
15537,-7.162998,0.026572
15538,-13.381304,0.026572
15539,-13.045473,0.026572
15540,-9.854413,0.026572
15541,-11.704479,0.026572
15542,-16.937564,0.026572
15543,-8.421468,0.026572
15544,-15.918204,0.026572
15545,-0.399884,0.026572
15546,-10.089639,0.026572
15547,-8.383019,0.026572
15548,-15.224487,0.026572
15549,-5.568447,0.026572
15550,-6.789392,0.026572
15551,-13.657104,0.026572
15552,-8.221095,0.026572
15553,-6.721397,0.026572
15554,-5.476105,0.026572
15555,-4.362445,0.026572
15556,-3.547538,0.026572
15557,-13.907247,0.026572
15558,-21.944941,0.026572
15559,-8.020623,0.026572
15560,-10.375518,0.026572
15561,-17.608654,0.026572
15562,-7.358404,0.026572
15563,-3.319923,0.026572
15564,-6.478666,0.026572
15565,-5.235994,0.026572
15566,-8.212936,0.026572
15567,-17.088387,0.026572
15568,-15.462454,0.026572
15569,-4.386349,0.026572
15570,-5.394015,0.026572
15571,-9.691866,0.026572
15572,-10.362401,0.026572
15573,-13.125819,0.026572
15574,-12.251215,0.026572
15575,5.589672,0.026572
15576,-4.752920,0.026572
15577,-19.297657,0.026572
15578,-13.252389,0.026572
15579,-19.439419,0.026572
15580,-13.945929,0.026572
15581,-14.815045,0.026572
15582,-3.458297,0.026572
15583,-4.501159,0.026572
15584,-4.014657,0.026572
15585,-4.851460,0.026572
15586,-18.445896,0.026572
15587,-8.667581,0.026572
15588,-7.039121,0.026572
15589,-12.845370,0.026572
15590,-16.866635,0.026572
15591,-3.480054,0.026572
15592,-2.916259,0.026572
15593,-5.849948,0.026572
15594,-5.930964,0.026572
15595,-14.888743,0.026572
15596,-12.614371,0.026572
15597,-1.983074,0.026572
15598,-3.252390,0.026572
15599,-8.239206,0.026572
15600,-3.421624,0.023915
15601,-2.623387,0.023915
15602,-8.641944,0.023915
15603,-4.548206,0.023915
15604,-9.372345,0.023915
15605,-6.725500,0.023915
15606,-6.040507,0.023915
15607,-4.103405,0.023915
15608,-7.965097,0.023915
15609,-13.759195,0.023915
15610,-6.633748,0.023915
15611,-2.830452,0.023915
15612,-7.898749,0.023915
15613,-11.699189,0.023915
15614,-13.451492,0.023915
15615,-11.480956,0.023915
15616,-1.778588,0.023915
15617,-9.221181,0.023915
15618,-11.646042,0.023915
15619,4.394583,0.023915
15620,-10.560534,0.023915
15621,-11.545877,0.023915
15622,1.372957,0.023915
15623,-7.649767,0.023915
15624,-10.629743,0.023915
15625,-3.592734,0.023915
15626,-2.916964,0.023915
15627,-11.877913,0.023915
15628,-5.341732,0.023915
15629,-4.645404,0.023915
15630,-10.672479,0.023915
15631,-12.489646,0.023915
15632,-5.261760,0.023915
15633,-4.058511,0.023915
15634,-4.471671,0.023915
15635,-21.716870,0.023915
15636,-5.106687,0.023915
15637,-9.413543,0.023915
15638,-9.630726,0.023915
15639,-22.462658,0.023915
15640,-14.682444,0.023915
15641,-11.695732,0.023915
15642,-3.534434,0.023915
15643,-8.832776,0.023915
15644,-13.257704,0.023915
15645,-7.214855,0.023915
15646,-12.052683,0.023915
15647,-6.803469,0.023915
15648,-8.511218,0.023915
15649,-7.573193,0.023915
15650,-6.831208,0.023915
15651,-8.171211,0.023915
15652,0.362533,0.023915
15653,-11.886979,0.023915
15654,-9.428050,0.023915
15655,-11.921902,0.023915
15656,-11.625783,0.023915
15657,-9.748179,0.023915
15658,-4.024367,0.023915
15659,-14.381253,0.023915
15660,-3.566157,0.023915
15661,-11.324476,0.023915
15662,-9.616807,0.023915
15663,-15.312852,0.023915
15664,-8.236050,0.023915
15665,-10.205155,0.023915
15666,-5.622744,0.023915
15667,-4.542020,0.023915
15668,-10.676490,0.023915
15669,-7.804195,0.023915
15670,-9.262017,0.023915
15671,-16.845444,0.023915
15672,-3.122250,0.023915
15673,-13.084729,0.023915
15674,-8.714833,0.023915
15675,-19.550169,0.023915
15676,-17.321772,0.023915
15677,-10.504882,0.023915
15678,-4.276432,0.023915
15679,-20.888880,0.023915
15680,-10.979406,0.023915
15681,-13.608411,0.023915
15682,-18.586831,0.023915
15683,-12.341184,0.023915
15684,-13.131299,0.023915
15685,-8.901280,0.023915
15686,-13.154132,0.023915
15687,-9.536251,0.023915
15688,-2.030238,0.023915
15689,-16.409954,0.023915
15690,-23.703113,0.023915
15691,-14.874902,0.023915
15692,-9.764343,0.023915
15693,-10.586277,0.023915
15694,-11.301435,0.023915
15695,-13.485700,0.023915
15696,-2.927599,0.023915
15697,-12.977381,0.023915
15698,1.235946,0.023915
15699,-7.574765,0.023915
15700,-18.801403,0.021523
15701,-6.808084,0.021523
15702,-8.505699,0.021523
15703,-10.884928,0.021523
15704,-13.555983,0.021523
15705,-8.692077,0.021523
15706,-16.598842,0.021523
15707,-7.678764,0.021523
15708,-8.343750,0.021523
15709,-10.842165,0.021523
15710,-10.808275,0.021523
15711,-8.449116,0.021523
15712,-6.699473,0.021523
15713,-23.025910,0.021523
15714,-6.481570,0.021523
15715,-10.318731,0.021523
15716,-1.762317,0.021523
15717,-7.317970,0.021523
15718,-6.484115,0.021523
15719,-10.880329,0.021523
15720,-21.476139,0.021523
15721,-5.921846,0.021523
15722,-19.327606,0.021523
15723,-8.940343,0.021523
15724,-0.678045,0.021523
15725,-12.451989,0.021523
15726,-6.354315,0.021523
15727,1.831016,0.021523
15728,-8.248529,0.021523
15729,-10.729326,0.021523
15730,-13.946449,0.021523
15731,-15.352195,0.021523
15732,-9.682749,0.021523
15733,-1.437172,0.021523
15734,-17.199168,0.021523
15735,-4.660059,0.021523
15736,-3.818254,0.021523
15737,-17.792595,0.021523
15738,-5.076232,0.021523
15739,-16.751051,0.021523
15740,-20.118556,0.021523
15741,-4.376090,0.021523
15742,-17.544518,0.021523
15743,-3.637027,0.021523
15744,-6.460698,0.021523
15745,0.242465,0.021523
15746,-15.618819,0.021523
15747,-20.504844,0.021523
15748,-6.710859,0.021523
15749,-3.288235,0.021523
15750,-2.025711,0.021523
15751,-12.980252,0.021523
15752,-14.764441,0.021523
15753,-6.330884,0.021523
15754,-16.224987,0.021523
15755,-6.956784,0.021523
15756,-4.391047,0.021523
15757,-6.481997,0.021523
15758,-13.559447,0.021523
15759,-13.320220,0.021523
15760,-11.525381,0.021523
15761,-17.236780,0.021523
15762,-12.874428,0.021523
15763,-0.322810,0.021523
15764,-16.436062,0.021523
15765,-10.112014,0.021523
15766,-16.199078,0.021523
15767,-21.892608,0.021523
15768,-12.074109,0.021523
15769,-2.597078,0.021523
15770,-15.027069,0.021523
15771,-19.075005,0.021523
15772,-7.557306,0.021523
15773,-19.620520,0.021523
15774,-11.519775,0.021523
15775,-14.246792,0.021523
15776,-2.742887,0.021523
15777,-3.214772,0.021523
15778,-12.757288,0.021523
15779,-6.966339,0.021523
15780,-9.331898,0.021523
15781,-6.537700,0.021523
15782,-18.807038,0.021523
15783,-3.349075,0.021523
15784,-9.677690,0.021523
15785,-19.083025,0.021523
15786,-2.995900,0.021523
15787,-2.800540,0.021523
15788,-8.881934,0.021523
15789,-15.980927,0.021523
15790,-0.770719,0.021523
15791,-18.375768,0.021523
15792,-18.585953,0.021523
15793,-11.312652,0.021523
15794,-22.745219,0.021523
15795,-22.937308,0.021523
15796,-12.755036,0.021523
15797,1.391274,0.021523
15798,-16.097820,0.021523
15799,-9.944633,0.021523
15800,-13.072573,0.019371
15801,-5.075353,0.019371
15802,-0.655037,0.019371
15803,-3.000748,0.019371
15804,-10.393899,0.019371
15805,-4.451660,0.019371
15806,2.500534,0.019371
15807,1.796871,0.019371
15808,-10.781150,0.019371
15809,-2.284776,0.019371
15810,-9.153864,0.019371
15811,-4.632546,0.019371
15812,-8.467106,0.019371
15813,2.008661,0.019371
15814,-8.544096,0.019371
15815,3.123542,0.019371
15816,-9.738286,0.019371
15817,-4.261203,0.019371
15818,-7.239533,0.019371
15819,-6.596033,0.019371
15820,-10.258541,0.019371
15821,-10.703945,0.019371
15822,-13.606873,0.019371
15823,-11.894161,0.019371
15824,-17.773803,0.019371
15825,-13.244945,0.019371
15826,-5.893110,0.019371
15827,-13.378303,0.019371
15828,-12.687514,0.019371
15829,-5.493309,0.019371
15830,-11.835678,0.019371
15831,-8.778334,0.019371
15832,-15.844137,0.019371
15833,-1.023603,0.019371
15834,-8.048429,0.019371
15835,-4.195207,0.019371
15836,1.410412,0.019371
15837,-14.564752,0.019371
15838,-7.263762,0.019371
15839,-18.043774,0.019371
15840,-6.257632,0.019371
15841,-17.810196,0.019371
15842,-7.735773,0.019371
15843,-2.814486,0.019371
15844,-18.862573,0.019371
15845,-4.984171,0.019371
15846,-4.548880,0.019371
15847,-1.957852,0.019371
15848,-6.944509,0.019371
15849,-6.360767,0.019371
15850,-10.633674,0.019371
15851,-14.653123,0.019371
15852,-7.033395,0.019371
15853,-4.920559,0.019371
15854,-7.371989,0.019371
15855,-5.725354,0.019371
15856,-4.573373,0.019371
15857,-2.983902,0.019371
15858,3.818569,0.019371
15859,-5.599663,0.019371
15860,-10.281558,0.019371
15861,3.273592,0.019371
15862,-5.880138,0.019371
15863,-10.531447,0.019371
15864,-8.477051,0.019371
15865,-5.146447,0.019371
15866,-10.155576,0.019371
15867,3.501217,0.019371
15868,-3.844586,0.019371
15869,-7.012133,0.019371
15870,-13.479355,0.019371
15871,-6.082129,0.019371
15872,-5.007766,0.019371
15873,-9.154456,0.019371
15874,-7.263346,0.019371
15875,-15.769866,0.019371
15876,-5.692847,0.019371
15877,-12.619010,0.019371
15878,-19.603625,0.019371
15879,-2.225529,0.019371
15880,-12.864454,0.019371
15881,-9.520866,0.019371
15882,-6.945484,0.019371
15883,-9.079765,0.019371
15884,-1.289957,0.019371
15885,-4.474530,0.019371
15886,-5.077211,0.019371
15887,-4.119906,0.019371
15888,-4.827046,0.019371
15889,-7.185190,0.019371
15890,-16.647141,0.019371
15891,-11.672555,0.019371
15892,-11.342580,0.019371
15893,-6.822164,0.019371
15894,-7.898792,0.019371
15895,-1.788439,0.019371
15896,4.479282,0.019371
15897,-14.236022,0.019371
15898,-10.708688,0.019371
15899,-20.535934,0.019371
15900,-2.712368,0.017434
15901,-3.853898,0.017434
15902,-6.687069,0.017434
15903,-4.559277,0.017434
15904,-0.878207,0.017434
15905,2.108208,0.017434
15906,-10.456527,0.017434
15907,-0.871920,0.017434
15908,-6.630433,0.017434
15909,-5.845217,0.017434
15910,-13.236830,0.017434
15911,-5.934096,0.017434
15912,-4.702260,0.017434
15913,-0.547424,0.017434
15914,-9.175703,0.017434
15915,-7.218180,0.017434
15916,-7.754277,0.017434
15917,-6.441738,0.017434
15918,-6.859570,0.017434
15919,-2.655167,0.017434
15920,-3.561924,0.017434
15921,0.532939,0.017434
15922,-22.401667,0.017434
15923,-12.927444,0.017434
15924,0.064648,0.017434
15925,-11.069605,0.017434
15926,-11.257125,0.017434
15927,-9.284578,0.017434
15928,5.063383,0.017434
15929,3.074858,0.017434
15930,-8.189072,0.017434
15931,-0.401394,0.017434
15932,-7.872201,0.017434
15933,-1.256358,0.017434
15934,-6.219650,0.017434
15935,-7.372456,0.017434
15936,-22.028444,0.017434
15937,-12.498359,0.017434
15938,-11.637370,0.017434
15939,-5.936172,0.017434
15940,-2.825473,0.017434
15941,-9.939056,0.017434
15942,-2.327152,0.017434
15943,-9.947296,0.017434
15944,-11.843142,0.017434
15945,-10.532081,0.017434
15946,-12.419542,0.017434
15947,-11.056265,0.017434
15948,-12.709509,0.017434
15949,-10.713384,0.017434
15950,-9.741518,0.017434
15951,-14.204711,0.017434
15952,-11.679462,0.017434
15953,0.065415,0.017434
15954,-0.437636,0.017434
15955,-9.099344,0.017434
15956,-9.603368,0.017434
15957,-2.050930,0.017434
15958,-2.092363,0.017434
15959,-8.898155,0.017434
15960,-12.250450,0.017434
15961,-5.148895,0.017434
15962,-5.488895,0.017434
15963,-12.174049,0.017434
15964,-15.937354,0.017434
15965,-10.645108,0.017434
15966,-1.526749,0.017434
15967,-8.502671,0.017434
15968,-9.261023,0.017434
15969,-6.226889,0.017434
15970,-6.419218,0.017434
15971,-0.936532,0.017434
15972,-12.671031,0.017434
15973,-16.870726,0.017434
15974,-3.662663,0.017434
15975,-8.834059,0.017434
15976,-7.590367,0.017434
15977,-1.139777,0.017434
15978,-7.097862,0.017434
15979,-9.600287,0.017434
15980,-2.482049,0.017434
15981,-6.014184,0.017434
15982,-2.933854,0.017434
15983,-0.899706,0.017434
15984,-9.323645,0.017434
15985,-13.164983,0.017434
15986,1.210311,0.017434
15987,2.382562,0.017434
15988,-6.280135,0.017434
15989,-15.090791,0.017434
15990,-1.184714,0.017434
15991,-4.336237,0.017434
15992,-10.060516,0.017434
15993,-9.899168,0.017434
15994,-5.328473,0.017434
15995,-9.087785,0.017434
15996,1.075206,0.017434
15997,-6.801221,0.017434
15998,-11.965643,0.017434
15999,-14.031542,0.017434
16000,-9.895216,0.015691
16001,-7.239162,0.015691
16002,-5.872949,0.015691
16003,-4.667463,0.015691
16004,-4.390940,0.015691
16005,3.227648,0.015691
16006,-9.471950,0.015691
16007,2.318109,0.015691
16008,-9.061250,0.015691
16009,1.237535,0.015691
16010,-6.386308,0.015691
16011,-0.640522,0.015691
16012,-7.789885,0.015691
16013,-5.229857,0.015691
16014,-10.281890,0.015691
16015,-4.300439,0.015691
16016,-4.353955,0.015691
16017,-17.034947,0.015691
16018,-9.068387,0.015691
16019,-9.752567,0.015691
16020,3.559828,0.015691
16021,-20.915911,0.015691
16022,-14.012603,0.015691
16023,-3.775056,0.015691
16024,-5.326988,0.015691
16025,-0.124151,0.015691
16026,1.807197,0.015691
16027,-3.556204,0.015691
16028,-5.751035,0.015691
16029,-7.803174,0.015691
16030,-10.629483,0.015691
16031,-7.811765,0.015691
16032,-13.151355,0.015691
16033,-8.250687,0.015691
16034,-2.244196,0.015691
16035,-6.274366,0.015691
16036,-6.098336,0.015691
16037,0.501241,0.015691
16038,-3.058116,0.015691
16039,-6.975645,0.015691
16040,-14.116374,0.015691
16041,-5.275884,0.015691
16042,-11.194900,0.015691
16043,-8.414812,0.015691
16044,-9.705518,0.015691
16045,-2.221515,0.015691
16046,-16.083514,0.015691
16047,2.303581,0.015691
16048,-10.792836,0.015691
16049,-11.202296,0.015691
16050,-12.755752,0.015691
16051,-7.807521,0.015691
16052,-4.749786,0.015691
16053,-0.586092,0.015691
16054,2.066595,0.015691
16055,-0.461165,0.015691
16056,-5.144936,0.015691
16057,-5.591432,0.015691
16058,-6.753559,0.015691
16059,-4.605120,0.015691
16060,-4.241927,0.015691
16061,-12.387659,0.015691
16062,-0.214033,0.015691
16063,1.299135,0.015691
16064,-0.947049,0.015691
16065,-2.340688,0.015691
16066,-12.063316,0.015691
16067,-0.020285,0.015691
16068,-0.519949,0.015691
16069,-6.965091,0.015691
16070,-12.683212,0.015691
16071,-1.832243,0.015691
16072,-3.072036,0.015691
16073,-10.645606,0.015691
16074,-2.829197,0.015691
16075,-8.756161,0.015691
16076,-7.364807,0.015691
16077,-9.636489,0.015691
16078,-10.221146,0.015691
16079,-8.060218,0.015691
16080,-2.626083,0.015691
16081,-7.106792,0.015691
16082,-8.584363,0.015691
16083,-2.529120,0.015691
16084,-0.636205,0.015691
16085,-12.254273,0.015691
16086,-14.885050,0.015691
16087,-11.897878,0.015691
16088,-7.644349,0.015691
16089,-11.772691,0.015691
16090,-5.096923,0.015691
16091,-6.596968,0.015691
16092,-8.037273,0.015691
16093,-10.650926,0.015691
16094,-7.303001,0.015691
16095,-8.331756,0.015691
16096,-6.052871,0.015691
16097,-2.847966,0.015691
16098,-4.817994,0.015691
16099,-7.892519,0.015691
16100,-5.306036,0.014121
16101,-1.195202,0.014121
16102,4.286818,0.014121
16103,-7.808997,0.014121
16104,-8.487399,0.014121
16105,-8.989514,0.014121
16106,-4.813220,0.014121
16107,-1.727000,0.014121
16108,-1.849268,0.014121
16109,-7.650521,0.014121
16110,-12.916910,0.014121
16111,-9.676485,0.014121
16112,0.565823,0.014121
16113,-10.847580,0.014121
16114,-9.694774,0.014121
16115,-4.008876,0.014121
16116,-3.977284,0.014121
16117,-4.165443,0.014121
16118,-12.097303,0.014121
16119,-9.953053,0.014121
16120,-1.449682,0.014121
16121,1.459785,0.014121
16122,1.243095,0.014121
16123,-5.437832,0.014121
16124,-2.766943,0.014121
16125,-10.232826,0.014121
16126,-4.146081,0.014121
16127,-3.878851,0.014121
16128,-2.979577,0.014121
16129,-22.609437,0.014121
16130,-6.775783,0.014121
16131,-7.800355,0.014121
16132,-1.452466,0.014121
16133,-16.824788,0.014121
16134,-9.388246,0.014121
16135,-7.739449,0.014121
16136,-4.395522,0.014121
16137,-5.969234,0.014121
16138,-12.426225,0.014121
16139,-1.742040,0.014121
16140,-15.727398,0.014121
16141,-9.468455,0.014121
16142,-7.214012,0.014121
16143,-0.750384,0.014121
16144,-9.220616,0.014121
16145,-8.955268,0.014121
16146,-1.005843,0.014121
16147,2.434012,0.014121
16148,-13.811652,0.014121
16149,1.516509,0.014121
16150,-1.941162,0.014121
16151,-8.663095,0.014121
16152,-10.420261,0.014121
16153,-7.803896,0.014121
16154,-7.970846,0.014121
16155,-8.452275,0.014121
16156,-16.359002,0.014121
16157,-2.442506,0.014121
16158,-1.924488,0.014121
16159,-11.458273,0.014121
16160,-6.546022,0.014121
16161,-1.244304,0.014121
16162,-5.649661,0.014121
16163,-0.176561,0.014121
16164,-5.966644,0.014121
16165,-9.692933,0.014121
16166,-5.246726,0.014121
16167,3.676944,0.014121
16168,-5.422637,0.014121
16169,-4.711484,0.014121
16170,-4.093223,0.014121
16171,-6.576333,0.014121
16172,-9.694093,0.014121
16173,10.396608,0.014121
16174,-7.346594,0.014121
16175,-22.475055,0.014121
16176,-10.741505,0.014121
16177,-10.792136,0.014121
16178,-2.501654,0.014121
16179,-7.907750,0.014121
16180,-4.804312,0.014121
16181,-6.402272,0.014121
16182,-3.480817,0.014121
16183,-3.407049,0.014121
16184,-6.743179,0.014121
16185,-2.267729,0.014121
16186,-15.352106,0.014121
16187,-2.855737,0.014121
16188,-7.593256,0.014121
16189,-6.554372,0.014121
16190,-4.893576,0.014121
16191,-5.151643,0.014121
16192,-14.869553,0.014121
16193,-7.030232,0.014121
16194,-4.864799,0.014121
16195,3.515351,0.014121
16196,2.584560,0.014121
16197,-1.895121,0.014121
16198,-4.987985,0.014121
16199,-8.709741,0.014121
16200,-7.312865,0.012709
16201,0.959803,0.012709
16202,-5.010674,0.012709
16203,-11.965355,0.012709
16204,1.514494,0.012709
16205,-11.353981,0.012709
16206,-7.436105,0.012709
16207,-11.100945,0.012709
16208,-3.447610,0.012709
16209,-3.084245,0.012709
16210,-2.173479,0.012709
16211,-3.897316,0.012709
16212,-15.532432,0.012709
16213,-8.128023,0.012709
16214,-7.305957,0.012709
16215,4.117533,0.012709
16216,-10.379244,0.012709
16217,-3.640597,0.012709
16218,-4.482833,0.012709
16219,-6.973910,0.012709
16220,-4.561044,0.012709
16221,6.651889,0.012709
16222,-8.450822,0.012709
16223,-8.396630,0.012709
16224,-9.502527,0.012709
16225,-9.540973,0.012709
16226,-5.385826,0.012709
16227,-7.032415,0.012709
16228,-9.504040,0.012709
16229,-3.541276,0.012709
16230,4.442138,0.012709
16231,-1.301949,0.012709
16232,-5.342497,0.012709
16233,-18.799613,0.012709
16234,-9.797183,0.012709
16235,-8.727444,0.012709
16236,-3.929638,0.012709
16237,-0.413082,0.012709
16238,-8.649382,0.012709
16239,-6.765010,0.012709
16240,-6.460931,0.012709
16241,-6.512330,0.012709
16242,-11.911755,0.012709
16243,-10.861024,0.012709
16244,-8.067414,0.012709
16245,-2.842797,0.012709
16246,-7.358220,0.012709
16247,-0.624283,0.012709
16248,-9.264920,0.012709
16249,-18.749980,0.012709
16250,-2.159728,0.012709
16251,-11.703466,0.012709
16252,-0.930034,0.012709
16253,-5.416808,0.012709
16254,-5.713495,0.012709
16255,-13.814740,0.012709
16256,-6.714221,0.012709
16257,-9.654127,0.012709
16258,-10.968743,0.012709
16259,-7.721860,0.012709
16260,-4.731056,0.012709
16261,-15.683912,0.012709
16262,-7.593504,0.012709
16263,-7.594942,0.012709
16264,-10.420440,0.012709
16265,-5.440057,0.012709
16266,-4.405242,0.012709
16267,-7.489809,0.012709
16268,-4.649794,0.012709
16269,-19.175060,0.012709
16270,-3.316050,0.012709
16271,-0.635983,0.012709
16272,-2.012003,0.012709
16273,-5.839226,0.012709
16274,-9.427914,0.012709
16275,-3.693618,0.012709
16276,-9.777673,0.012709
16277,-11.779220,0.012709
16278,3.319113,0.012709
16279,-1.166719,0.012709
16280,-7.397293,0.012709
16281,-11.448815,0.012709
16282,-3.413785,0.012709
16283,-4.500223,0.012709
16284,1.942565,0.012709
16285,-11.620243,0.012709
16286,-10.343354,0.012709
16287,2.159276,0.012709
16288,-8.161173,0.012709
16289,-6.041847,0.012709
16290,-0.454446,0.012709
16291,-3.126270,0.012709
16292,-2.323128,0.012709
16293,-5.917534,0.012709
16294,-11.832061,0.012709
16295,-3.645087,0.012709
16296,1.179133,0.012709
16297,-8.619354,0.012709
16298,-7.301239,0.012709
16299,-13.349176,0.012709
16300,-8.969758,0.011438
16301,-4.049516,0.011438
16302,-3.396700,0.011438
16303,-11.596553,0.011438
16304,-10.254989,0.011438
16305,-8.540258,0.011438
16306,3.893474,0.011438
16307,-8.168950,0.011438
16308,-11.679109,0.011438
16309,-4.169393,0.011438
16310,-3.222130,0.011438
16311,-19.429899,0.011438
16312,-12.605036,0.011438
16313,-10.721322,0.011438
16314,-5.988250,0.011438
16315,-3.646038,0.011438
16316,-2.123658,0.011438
16317,-8.266691,0.011438
16318,-8.126945,0.011438
16319,-2.639273,0.011438
16320,5.379753,0.011438
16321,-19.317004,0.011438
16322,-4.700692,0.011438
16323,-6.461267,0.011438
16324,-13.074604,0.011438
16325,-1.029481,0.011438
16326,-13.710488,0.011438
16327,-6.028108,0.011438
16328,-0.928581,0.011438
16329,-6.638082,0.011438
16330,-0.482171,0.011438
16331,-22.202310,0.011438
16332,-12.937442,0.011438
16333,-18.576094,0.011438
16334,-6.272018,0.011438
16335,-8.256912,0.011438
16336,-8.542136,0.011438
16337,-6.206254,0.011438
16338,-5.287224,0.011438
16339,-13.683741,0.011438
16340,-9.915608,0.011438
16341,-7.485293,0.011438
16342,-10.424240,0.011438
16343,-20.533605,0.011438
16344,-10.612007,0.011438
16345,-8.105299,0.011438
16346,0.249263,0.011438
16347,-6.723317,0.011438
16348,-2.413352,0.011438
16349,-6.853260,0.011438
16350,-9.536276,0.011438
16351,-12.154217,0.011438
16352,-9.269344,0.011438
16353,-9.128022,0.011438
16354,-10.606397,0.011438
16355,-3.770634,0.011438
16356,-6.157994,0.011438
16357,-11.902954,0.011438
16358,-14.783498,0.011438
16359,-12.442070,0.011438
16360,-4.756284,0.011438
16361,-11.292980,0.011438
16362,-5.309330,0.011438
16363,-4.762145,0.011438
16364,-7.692149,0.011438
16365,-0.149359,0.011438
16366,-0.125731,0.011438
16367,-16.606942,0.011438
16368,-10.612885,0.011438
16369,-10.993820,0.011438
16370,-8.682166,0.011438
16371,-7.548900,0.011438
16372,-4.743793,0.011438
16373,-9.156297,0.011438
16374,-18.867736,0.011438
16375,-9.054911,0.011438
16376,-13.234873,0.011438
16377,-0.145380,0.011438
16378,-5.705904,0.011438
16379,-9.153414,0.011438
16380,-15.431567,0.011438
16381,-7.481694,0.011438
16382,2.938803,0.011438
16383,-5.724429,0.011438
16384,-8.033668,0.011438
16385,-6.716554,0.011438
16386,-7.026234,0.011438
16387,-5.932178,0.011438
16388,-11.510016,0.011438
16389,-12.285250,0.011438
16390,-9.009242,0.011438
16391,-4.974664,0.011438
16392,-6.557769,0.011438
16393,-11.025881,0.011438
16394,-10.627615,0.011438
16395,-1.391418,0.011438
16396,-10.891575,0.011438
16397,-13.057734,0.011438
16398,-3.446574,0.011438
16399,-16.416575,0.011438
16400,-10.262271,0.010295
16401,-1.527008,0.010295
16402,-0.752704,0.010295
16403,-8.706065,0.010295
16404,-7.154131,0.010295
16405,-5.924432,0.010295
16406,-4.755667,0.010295
16407,-6.491866,0.010295
16408,-10.196686,0.010295
16409,-6.025328,0.010295
16410,-15.579964,0.010295
16411,-7.738030,0.010295
16412,-8.859493,0.010295
16413,-8.505642,0.010295
16414,-2.812587,0.010295
16415,-9.682047,0.010295
16416,-13.690819,0.010295
16417,-2.903443,0.010295
16418,-5.339352,0.010295
16419,-10.858054,0.010295
16420,0.619205,0.010295
16421,-4.519362,0.010295
16422,0.386864,0.010295
16423,-5.430862,0.010295
16424,-3.966018,0.010295
16425,-7.405008,0.010295
16426,-12.007341,0.010295
16427,-4.938979,0.010295
16428,-10.126962,0.010295
16429,5.150084,0.010295
16430,-4.322506,0.010295
16431,-8.853760,0.010295
16432,-8.773869,0.010295
16433,-10.294684,0.010295
16434,-12.896601,0.010295
16435,-2.724154,0.010295
16436,-2.632248,0.010295
16437,-7.144176,0.010295
16438,-16.467253,0.010295
16439,2.360074,0.010295
16440,-9.363266,0.010295
16441,-5.132000,0.010295
16442,-3.517792,0.010295
16443,-7.442472,0.010295
16444,-1.587479,0.010295
16445,-0.822489,0.010295
16446,-6.151393,0.010295
16447,-7.805153,0.010295
16448,-1.990337,0.010295
16449,-11.400146,0.010295
16450,-5.809098,0.010295
16451,-2.100286,0.010295
16452,0.681726,0.010295
16453,-11.104573,0.010295
16454,2.687453,0.010295
16455,-10.248109,0.010295
16456,-10.418744,0.010295
16457,0.058553,0.010295
16458,-6.866660,0.010295
16459,-5.988830,0.010295
16460,-0.197415,0.010295
16461,-5.807664,0.010295
16462,-4.324453,0.010295
16463,-1.066548,0.010295
16464,0.169082,0.010295
16465,-12.503508,0.010295
16466,2.284893,0.010295
16467,-6.482823,0.010295
16468,-4.014538,0.010295
16469,-6.590104,0.010295
16470,-7.218514,0.010295
16471,-5.962782,0.010295
16472,-17.081615,0.010295
16473,-12.330209,0.010295
16474,-5.218202,0.010295
16475,-11.542871,0.010295
16476,-5.065543,0.010295
16477,-7.451144,0.010295
16478,-4.653792,0.010295
16479,4.395812,0.010295
16480,-14.132524,0.010295
16481,-7.457856,0.010295
16482,-6.713118,0.010295
16483,-4.267541,0.010295
16484,-11.199349,0.010295
16485,-1.248334,0.010295
16486,-7.089471,0.010295
16487,-14.512378,0.010295
16488,-6.781458,0.010295
16489,2.558754,0.010295
16490,-6.462013,0.010295
16491,-11.669663,0.010295
16492,-14.031094,0.010295
16493,-14.469278,0.010295
16494,-4.567974,0.010295
16495,-15.555794,0.010295
16496,-9.078523,0.010295
16497,-7.071512,0.010295
16498,-4.377995,0.010295
16499,1.715347,0.010295
16500,-6.904408,0.009265
16501,-4.484559,0.009265
16502,-5.875554,0.009265
16503,-11.508503,0.009265
16504,3.209888,0.009265
16505,-8.721554,0.009265
16506,-1.389035,0.009265
16507,-2.812613,0.009265
16508,-8.936730,0.009265
16509,-12.296804,0.009265
16510,-2.168989,0.009265
16511,-15.873840,0.009265
16512,-11.795019,0.009265
16513,-14.759238,0.009265
16514,-5.199007,0.009265
16515,-11.691039,0.009265
16516,-15.312070,0.009265
16517,-8.005446,0.009265
16518,-8.367554,0.009265
16519,-1.860566,0.009265
16520,-7.653470,0.009265
16521,-8.413687,0.009265
16522,-17.493804,0.009265
16523,-19.994120,0.009265
16524,2.735090,0.009265
16525,-4.510712,0.009265
16526,-0.419379,0.009265
16527,-0.807628,0.009265
16528,-7.045710,0.009265
16529,-10.698838,0.009265
16530,-3.196480,0.009265
16531,-1.500224,0.009265
16532,-9.053205,0.009265
16533,-0.302511,0.009265
16534,4.449353,0.009265
16535,-2.481647,0.009265
16536,-6.417208,0.009265
16537,-7.579390,0.009265
16538,-2.337325,0.009265
16539,-12.786244,0.009265
16540,-2.932660,0.009265
16541,2.242186,0.009265
16542,-7.460633,0.009265
16543,-5.958782,0.009265
16544,-10.975661,0.009265
16545,-11.312980,0.009265
16546,-6.383709,0.009265
16547,-8.044178,0.009265
16548,1.200386,0.009265
16549,-1.031058,0.009265
16550,-16.383114,0.009265
16551,-2.400462,0.009265
16552,-8.946067,0.009265
16553,-2.751065,0.009265
16554,-12.779771,0.009265
16555,-16.243931,0.009265
16556,-7.938422,0.009265
16557,-0.323787,0.009265
16558,-14.068125,0.009265
16559,-9.943883,0.009265
16560,-3.815276,0.009265
16561,-14.024967,0.009265
16562,-6.702434,0.009265
16563,-15.693188,0.009265
16564,-22.681159,0.009265
16565,-3.193158,0.009265
16566,1.183241,0.009265
16567,-8.874015,0.009265
16568,-5.229980,0.009265
16569,-8.893704,0.009265
16570,-8.460639,0.009265
16571,-12.994724,0.009265
16572,-6.779520,0.009265
16573,2.931633,0.009265
16574,-6.415100,0.009265
16575,-3.429685,0.009265
16576,-11.427634,0.009265
16577,2.257058,0.009265
16578,-10.113575,0.009265
16579,-6.345055,0.009265
16580,1.343242,0.009265
16581,0.969307,0.009265
16582,-17.647466,0.009265
16583,-0.640968,0.009265
16584,-2.699998,0.009265
16585,-14.400520,0.009265
16586,-13.231404,0.009265
16587,-9.937270,0.009265
16588,-4.998337,0.009265
16589,-5.582039,0.009265
16590,-21.005051,0.009265
16591,-7.161438,0.009265
16592,-8.989240,0.009265
16593,-4.547339,0.009265
16594,-16.349502,0.009265
16595,-11.487881,0.009265
16596,-3.880804,0.009265
16597,-9.570927,0.009265
16598,-18.144835,0.009265
16599,-19.903628,0.009265
16600,-7.505648,0.008339
16601,-10.648251,0.008339
16602,-2.589852,0.008339
16603,-7.050711,0.008339
16604,-10.508871,0.008339
16605,1.648079,0.008339
16606,-13.487430,0.008339
16607,-10.745013,0.008339
16608,-9.643513,0.008339
16609,-4.410768,0.008339
16610,-22.628657,0.008339
16611,-9.293779,0.008339
16612,-5.174999,0.008339
16613,-16.024609,0.008339
16614,-2.172513,0.008339
16615,-16.959304,0.008339
16616,-9.873806,0.008339
16617,-2.926199,0.008339
16618,-15.906534,0.008339
16619,-9.043113,0.008339
16620,-10.257701,0.008339
16621,-13.796287,0.008339
16622,3.956335,0.008339
16623,9.024523,0.008339
16624,-0.807755,0.008339
16625,-7.174411,0.008339
16626,-4.837681,0.008339
16627,-11.146716,0.008339
16628,-3.092322,0.008339
16629,-11.260685,0.008339
16630,-11.468612,0.008339
16631,-17.119117,0.008339
16632,-4.582731,0.008339
16633,-0.308087,0.008339
16634,-5.485379,0.008339
16635,4.405009,0.008339
16636,-11.048924,0.008339
16637,-1.745954,0.008339
16638,-5.959832,0.008339
16639,-6.420981,0.008339
16640,-4.744255,0.008339
16641,-2.673859,0.008339
16642,-4.937587,0.008339
16643,-10.125428,0.008339
16644,1.075514,0.008339
16645,-6.783080,0.008339
16646,-8.662968,0.008339
16647,0.008939,0.008339
16648,-9.121637,0.008339
16649,-4.910726,0.008339
16650,-2.272684,0.008339
16651,7.199304,0.008339
16652,-0.335240,0.008339
16653,-2.217804,0.008339
16654,-1.363622,0.008339
16655,-4.458649,0.008339
16656,-0.289058,0.008339
16657,-4.530863,0.008339
16658,-1.491051,0.008339
16659,-2.580736,0.008339
16660,0.984239,0.008339
16661,5.557186,0.008339
16662,-10.799488,0.008339
16663,3.515058,0.008339
16664,-4.338561,0.008339
16665,-3.889580,0.008339
16666,-6.783241,0.008339
16667,-6.865881,0.008339
16668,-9.275617,0.008339
16669,-13.187329,0.008339
16670,-5.849626,0.008339
16671,-8.085163,0.008339
16672,-10.344317,0.008339
16673,-6.083608,0.008339
16674,-6.816906,0.008339
16675,-2.260194,0.008339
16676,-7.453819,0.008339
16677,-6.397207,0.008339
16678,-0.755369,0.008339
16679,-7.243337,0.008339
16680,-2.940426,0.008339
16681,-1.570535,0.008339
16682,-17.856356,0.008339
16683,-5.857616,0.008339
16684,-5.536214,0.008339
16685,-7.609701,0.008339
16686,-11.435859,0.008339
16687,1.297903,0.008339
16688,-11.639227,0.008339
16689,0.066158,0.008339
16690,-9.467007,0.008339
16691,-15.225267,0.008339
16692,-1.645125,0.008339
16693,-1.714757,0.008339
16694,0.679481,0.008339
16695,-8.011715,0.008339
16696,-4.648401,0.008339
16697,-4.665095,0.008339
16698,-4.790364,0.008339
16699,8.165516,0.008339
16700,-7.212479,0.007505
16701,-2.355108,0.007505
16702,-12.345261,0.007505
16703,-11.980246,0.007505
16704,-5.336609,0.007505
16705,-6.986904,0.007505
16706,-12.102558,0.007505
16707,3.742731,0.007505
16708,-10.729452,0.007505
16709,0.238468,0.007505
16710,-10.729331,0.007505
16711,-4.912531,0.007505
16712,-6.241059,0.007505
16713,-0.230651,0.007505
16714,0.631037,0.007505
16715,-5.584699,0.007505
16716,3.754568,0.007505
16717,-8.124952,0.007505
16718,-5.194555,0.007505
16719,-13.199351,0.007505
16720,-14.185022,0.007505
16721,0.103982,0.007505
16722,-4.550462,0.007505
16723,0.025639,0.007505
16724,-1.790915,0.007505
16725,-11.668994,0.007505
16726,0.440065,0.007505
16727,-9.656684,0.007505
16728,-4.121989,0.007505
16729,-5.110400,0.007505
16730,-4.706912,0.007505
16731,-2.665620,0.007505
16732,-17.840829,0.007505
16733,-3.451212,0.007505
16734,-4.646076,0.007505
16735,4.603720,0.007505
16736,2.351299,0.007505
16737,-2.770878,0.007505
16738,-12.578177,0.007505
16739,0.875278,0.007505
16740,-4.710699,0.007505
16741,-2.762758,0.007505
16742,-0.254533,0.007505
16743,-6.210294,0.007505
16744,-6.777521,0.007505
16745,0.619863,0.007505
16746,-5.412106,0.007505
16747,-8.255088,0.007505
16748,-2.036965,0.007505
16749,-9.298486,0.007505
16750,-2.129161,0.007505
16751,-2.421558,0.007505
16752,-0.944081,0.007505
16753,-10.752696,0.007505
16754,-2.664334,0.007505
16755,-7.008606,0.007505
16756,-12.162310,0.007505
16757,-9.580750,0.007505
16758,-9.754733,0.007505
16759,-1.683432,0.007505
16760,-7.225525,0.007505
16761,-4.451168,0.007505
16762,-9.624819,0.007505
16763,0.525091,0.007505
16764,-9.989768,0.007505
16765,-10.329564,0.007505
16766,1.684103,0.007505
16767,-9.185726,0.007505
16768,-2.155054,0.007505
16769,-0.231100,0.007505
16770,-3.540962,0.007505
16771,1.482605,0.007505
16772,-16.520631,0.007505
16773,1.014820,0.007505
16774,1.718083,0.007505
16775,-6.028180,0.007505
16776,-3.831257,0.007505
16777,-4.812605,0.007505
16778,-7.789098,0.007505
16779,-3.574186,0.007505
16780,-2.756019,0.007505
16781,1.900040,0.007505
16782,-14.154368,0.007505
16783,-1.941046,0.007505
16784,-4.817385,0.007505
16785,-8.816000,0.007505
16786,-3.163694,0.007505
16787,-1.628040,0.007505
16788,-0.860329,0.007505
16789,3.183532,0.007505
16790,-3.705153,0.007505
16791,7.042793,0.007505
16792,-4.198017,0.007505
16793,2.344029,0.007505
16794,-6.310422,0.007505
16795,0.324368,0.007505
16796,-5.804720,0.007505
16797,-7.726031,0.007505
16798,4.757819,0.007505
16799,-3.508888,0.007505
16800,-2.103252,0.006754
16801,7.766714,0.006754
16802,0.064920,0.006754
16803,-0.733845,0.006754
16804,4.356096,0.006754
16805,-4.585366,0.006754
16806,-6.394591,0.006754
16807,-0.295019,0.006754
16808,-1.321238,0.006754
16809,-3.323845,0.006754
16810,-6.296157,0.006754
16811,-7.518626,0.006754
16812,-10.107141,0.006754
16813,-4.065403,0.006754
16814,-2.707401,0.006754
16815,1.436387,0.006754
16816,1.572692,0.006754
16817,-5.704853,0.006754
16818,-10.733391,0.006754
16819,-2.497052,0.006754
16820,-7.031826,0.006754
16821,4.675326,0.006754
16822,-6.957127,0.006754
16823,3.567335,0.006754
16824,-1.025057,0.006754
16825,-4.007073,0.006754
16826,-4.075650,0.006754
16827,3.757423,0.006754
16828,0.637378,0.006754
16829,1.404431,0.006754
16830,8.306693,0.006754
16831,-0.719341,0.006754
16832,-10.720511,0.006754
16833,-2.702986,0.006754
16834,-1.224230,0.006754
16835,-13.007447,0.006754
16836,-10.199089,0.006754
16837,-4.389889,0.006754
16838,-9.145810,0.006754
16839,-11.489706,0.006754
16840,-5.143519,0.006754
16841,2.185291,0.006754
16842,-1.017847,0.006754
16843,-5.073418,0.006754
16844,-5.782115,0.006754
16845,-3.551556,0.006754
16846,-5.297792,0.006754
16847,-8.880487,0.006754
16848,0.687175,0.006754
16849,-1.504499,0.006754
16850,0.827677,0.006754
16851,-9.296595,0.006754
16852,-8.534121,0.006754
16853,-2.901294,0.006754
16854,-0.568715,0.006754
16855,-6.961921,0.006754
16856,-1.299113,0.006754
16857,-2.210040,0.006754
16858,-0.714718,0.006754
16859,-0.327293,0.006754
16860,2.695859,0.006754
16861,0.223870,0.006754
16862,-10.427379,0.006754
16863,-3.505768,0.006754
16864,-6.539913,0.006754
16865,-9.212166,0.006754
16866,-3.855227,0.006754
16867,-5.340078,0.006754
16868,3.383263,0.006754
16869,1.446279,0.006754
16870,-4.811174,0.006754
16871,-7.470626,0.006754
16872,-2.816593,0.006754
16873,-10.184506,0.006754
16874,0.454345,0.006754
16875,1.240174,0.006754
16876,-3.797520,0.006754
16877,-1.106329,0.006754
16878,1.541120,0.006754
16879,-4.736718,0.006754
16880,-2.166091,0.006754
16881,0.255974,0.006754
16882,-2.683169,0.006754
16883,-6.161166,0.006754
16884,1.766931,0.006754
16885,2.920467,0.006754
16886,-1.728042,0.006754
16887,-6.977944,0.006754
16888,-5.171078,0.006754
16889,2.823039,0.006754
16890,3.726023,0.006754
16891,4.075888,0.006754
16892,-0.565546,0.006754
16893,3.463873,0.006754
16894,-2.388205,0.006754
16895,3.724187,0.006754
16896,-12.544172,0.006754
16897,-6.458182,0.006754
16898,0.687951,0.006754
16899,-2.086478,0.006754
16900,-3.367210,0.006079
16901,-7.442412,0.006079
16902,-9.117828,0.006079
16903,-1.637496,0.006079
16904,2.968866,0.006079
16905,-13.485489,0.006079
16906,-9.248067,0.006079
16907,5.569905,0.006079
16908,-20.844477,0.006079
16909,-2.424150,0.006079
16910,-3.279532,0.006079
16911,-11.829009,0.006079
16912,-4.480533,0.006079
16913,-10.485855,0.006079
16914,-0.819449,0.006079
16915,-2.866984,0.006079
16916,-5.834895,0.006079
16917,-5.891461,0.006079
16918,-5.297758,0.006079
16919,-5.914281,0.006079
16920,-9.073282,0.006079
16921,-7.561984,0.006079
16922,5.003145,0.006079
16923,3.405090,0.006079
16924,-8.096997,0.006079
16925,-2.805737,0.006079
16926,-4.249852,0.006079
16927,-1.385438,0.006079
16928,-3.600096,0.006079
16929,-0.199766,0.006079
16930,-8.042479,0.006079
16931,-6.762503,0.006079
16932,2.450612,0.006079
16933,-9.429110,0.006079
16934,-0.409088,0.006079
16935,-1.628623,0.006079
16936,-1.798215,0.006079
16937,-11.016020,0.006079
16938,-0.739076,0.006079
16939,-3.715342,0.006079
16940,0.186310,0.006079
16941,-6.825716,0.006079
16942,-0.245200,0.006079
16943,-14.862923,0.006079
16944,-3.461773,0.006079
16945,-8.870133,0.006079
16946,-5.085813,0.006079
16947,-1.939349,0.006079
16948,-6.246682,0.006079
16949,-6.140684,0.006079
16950,-14.392252,0.006079
16951,-0.515651,0.006079
16952,-9.658626,0.006079
16953,6.107405,0.006079
16954,8.803506,0.006079
16955,-6.015453,0.006079
16956,-9.556594,0.006079
16957,-9.712944,0.006079
16958,-16.077625,0.006079
16959,-5.889974,0.006079
16960,-4.904750,0.006079
16961,-3.384571,0.006079
16962,5.380184,0.006079
16963,-15.714638,0.006079
16964,-4.284680,0.006079
16965,-11.960983,0.006079
16966,-9.120274,0.006079
16967,-8.132537,0.006079
16968,-5.484081,0.006079
16969,-14.900307,0.006079
16970,-13.160006,0.006079
16971,-17.811722,0.006079
16972,-3.808109,0.006079
16973,-2.203281,0.006079
16974,-5.055681,0.006079
16975,-7.760654,0.006079
16976,-9.840157,0.006079
16977,-8.333599,0.006079
16978,0.951579,0.006079
16979,-4.472917,0.006079
16980,-4.164682,0.006079
16981,1.055280,0.006079
16982,-5.478514,0.006079
16983,-5.546127,0.006079
16984,3.234980,0.006079
16985,-0.149441,0.006079
16986,-1.273305,0.006079
16987,-11.337297,0.006079
16988,-11.062835,0.006079
16989,-13.193178,0.006079
16990,-5.406417,0.006079
16991,-13.658179,0.006079
16992,-8.816929,0.006079
16993,-9.845543,0.006079
16994,-9.052666,0.006079
16995,-2.282004,0.006079
16996,1.608515,0.006079
16997,-0.068571,0.006079
16998,-7.893334,0.006079
16999,-6.858833,0.006079
17000,-5.356961,0.005471
17001,-2.943240,0.005471
17002,-4.025663,0.005471
17003,-10.126750,0.005471
17004,0.436652,0.005471
17005,-12.988675,0.005471
17006,-8.660179,0.005471
17007,-14.915204,0.005471
17008,-2.416976,0.005471
17009,0.878117,0.005471
17010,-9.998028,0.005471
17011,-1.545787,0.005471
17012,-12.051444,0.005471
17013,-13.706907,0.005471
17014,-2.061368,0.005471
17015,-9.355030,0.005471
17016,-20.610868,0.005471
17017,-9.164883,0.005471
17018,-16.872125,0.005471
17019,-2.053904,0.005471
17020,-8.789221,0.005471
17021,-7.526809,0.005471
17022,-11.729530,0.005471
17023,-15.970216,0.005471
17024,-2.035819,0.005471
17025,-8.387846,0.005471
17026,-6.197288,0.005471
17027,-12.125751,0.005471
17028,-0.199473,0.005471
17029,-9.550068,0.005471
17030,-13.274122,0.005471
17031,-4.448196,0.005471
17032,-3.084750,0.005471
17033,-3.569591,0.005471
17034,-2.174905,0.005471
17035,-9.368805,0.005471
17036,-5.404251,0.005471
17037,-9.051257,0.005471
17038,-7.770453,0.005471
17039,1.755665,0.005471
17040,-3.993613,0.005471
17041,-6.111466,0.005471
17042,-2.492375,0.005471
17043,-6.289325,0.005471
17044,-7.695704,0.005471
17045,-3.091796,0.005471
17046,-4.481188,0.005471
17047,-14.350040,0.005471
17048,-13.706537,0.005471
17049,-7.749613,0.005471
17050,-4.718727,0.005471
17051,-10.058480,0.005471
17052,-7.701148,0.005471
17053,-0.331873,0.005471
17054,-4.717205,0.005471
17055,1.277461,0.005471
17056,-7.934783,0.005471
17057,-1.797474,0.005471
17058,0.962840,0.005471
17059,-4.584934,0.005471
17060,-4.943170,0.005471
17061,-2.034219,0.005471
17062,-14.058167,0.005471
17063,-10.678413,0.005471
17064,-5.979628,0.005471
17065,4.359646,0.005471
17066,-10.099658,0.005471
17067,-11.697420,0.005471
17068,-4.231124,0.005471
17069,-8.975424,0.005471
17070,-7.656052,0.005471
17071,1.568647,0.005471
17072,-3.934437,0.005471
17073,-6.786904,0.005471
17074,-9.137035,0.005471
17075,-6.324741,0.005471
17076,-14.386940,0.005471
17077,-10.758054,0.005471
17078,-18.584545,0.005471
17079,-0.319141,0.005471
17080,-13.244140,0.005471
17081,9.647356,0.005471
17082,-8.181206,0.005471
17083,-5.366492,0.005471
17084,-11.307300,0.005471
17085,-12.660655,0.005471
17086,-2.532861,0.005471
17087,-6.416107,0.005471
17088,-16.482257,0.005471
17089,-2.529003,0.005471
17090,-13.510892,0.005471
17091,-0.211766,0.005471
17092,-10.908065,0.005471
17093,-2.931340,0.005471
17094,-14.200768,0.005471
17095,-16.736705,0.005471
17096,-7.936278,0.005471
17097,7.671140,0.005471
17098,-10.218765,0.005471
17099,-5.197120,0.005471
17100,-5.371089,0.004924
17101,-14.960692,0.004924
17102,-0.685329,0.004924
17103,-1.896711,0.004924
17104,-3.243882,0.004924
17105,-9.360882,0.004924
17106,-6.490681,0.004924
17107,-10.138624,0.004924
17108,-8.721229,0.004924
17109,2.271320,0.004924
17110,-7.049715,0.004924
17111,-4.552269,0.004924
17112,-15.466577,0.004924
17113,-3.699759,0.004924
17114,-4.353412,0.004924
17115,-8.720186,0.004924
17116,-19.279966,0.004924
17117,-12.730596,0.004924
17118,-9.356534,0.004924
17119,-1.352181,0.004924
17120,-11.157113,0.004924
17121,-5.824121,0.004924
17122,-11.361711,0.004924
17123,-12.876813,0.004924
17124,-1.417864,0.004924
17125,-8.548942,0.004924
17126,-11.076665,0.004924
17127,-4.856773,0.004924
17128,-12.436921,0.004924
17129,-17.521884,0.004924
17130,-19.425302,0.004924
17131,-8.642454,0.004924
17132,-13.746141,0.004924
17133,0.612742,0.004924
17134,-13.629350,0.004924
17135,-16.231724,0.004924
17136,3.457599,0.004924
17137,-4.823753,0.004924
17138,-11.387988,0.004924
17139,-5.357670,0.004924
17140,-15.698057,0.004924
17141,0.912865,0.004924
17142,-5.925867,0.004924
17143,-4.704270,0.004924
17144,-15.695504,0.004924
17145,-12.414975,0.004924
17146,-11.244578,0.004924
17147,-14.750732,0.004924
17148,-7.604644,0.004924
17149,-18.402468,0.004924
17150,-6.623888,0.004924
17151,5.121252,0.004924
17152,-5.667339,0.004924
17153,-3.149046,0.004924
17154,-17.842289,0.004924
17155,-13.346548,0.004924
17156,-11.210641,0.004924
17157,0.259709,0.004924
17158,-15.749228,0.004924
17159,0.746994,0.004924
17160,-6.174634,0.004924
17161,-12.759018,0.004924
17162,1.094976,0.004924
17163,-5.853986,0.004924
17164,-4.332931,0.004924
17165,0.404284,0.004924
17166,-5.524837,0.004924
17167,-3.928813,0.004924
17168,-6.638891,0.004924
17169,-3.605970,0.004924
17170,-5.474938,0.004924
17171,-9.618500,0.004924
17172,-4.813483,0.004924
17173,-10.638926,0.004924
17174,-7.742256,0.004924
17175,-15.700469,0.004924
17176,-5.606713,0.004924
17177,-1.965030,0.004924
17178,-4.025573,0.004924
17179,-3.302057,0.004924
17180,-9.853961,0.004924
17181,-7.788290,0.004924
17182,-6.937739,0.004924
17183,-8.120776,0.004924
17184,-6.827302,0.004924
17185,-3.955960,0.004924
17186,-2.927704,0.004924
17187,-5.209580,0.004924
17188,-14.869297,0.004924
17189,-11.976137,0.004924
17190,-8.549422,0.004924
17191,-9.502738,0.004924
17192,-16.695612,0.004924
17193,-10.489504,0.004924
17194,-7.520285,0.004924
17195,-15.325535,0.004924
17196,-12.337951,0.004924
17197,-5.507107,0.004924
17198,-6.846528,0.004924
17199,-11.867555,0.004924
17200,-12.805230,0.004431
17201,-9.754434,0.004431
17202,-17.481852,0.004431
17203,-1.866816,0.004431
17204,-14.440820,0.004431
17205,0.700784,0.004431
17206,-9.591963,0.004431
17207,1.078277,0.004431
17208,-18.092122,0.004431
17209,-13.480343,0.004431
17210,-11.398983,0.004431
17211,-11.001769,0.004431
17212,-6.147958,0.004431
17213,-2.340713,0.004431
17214,-9.755022,0.004431
17215,-13.617524,0.004431
17216,-18.286925,0.004431
17217,-5.722891,0.004431
17218,-2.401049,0.004431
17219,-9.263726,0.004431
17220,-3.789384,0.004431
17221,-4.425253,0.004431
17222,-6.555217,0.004431
17223,-2.184353,0.004431
17224,-1.284875,0.004431
17225,-6.028685,0.004431
17226,-19.772617,0.004431
17227,-21.055203,0.004431
17228,-9.448166,0.004431
17229,-16.858689,0.004431
17230,-8.456005,0.004431
17231,-10.086660,0.004431
17232,-5.989384,0.004431
17233,-6.319565,0.004431
17234,-19.427845,0.004431
17235,-10.407539,0.004431
17236,-7.350019,0.004431
17237,-15.752020,0.004431
17238,-13.710346,0.004431
17239,2.705296,0.004431
17240,-21.058073,0.004431
17241,-6.100290,0.004431
17242,-5.282004,0.004431
17243,-3.185301,0.004431
17244,-10.997698,0.004431
17245,-11.202620,0.004431
17246,-9.348916,0.004431
17247,-18.391354,0.004431
17248,-15.424505,0.004431
17249,-3.981904,0.004431
17250,-16.540135,0.004431
17251,-7.191991,0.004431
17252,-4.360098,0.004431
17253,-14.269132,0.004431
17254,-13.692314,0.004431
17255,6.838859,0.004431
17256,-11.933830,0.004431
17257,-11.811213,0.004431
17258,-6.615478,0.004431
17259,-13.290873,0.004431
17260,-12.900971,0.004431
17261,-19.626464,0.004431
17262,-16.943591,0.004431
17263,-18.720730,0.004431
17264,-14.800903,0.004431
17265,-7.360950,0.004431
17266,-11.839916,0.004431
17267,-3.049082,0.004431
17268,0.240532,0.004431
17269,-11.305757,0.004431
17270,-14.238811,0.004431
17271,-3.036616,0.004431
17272,-1.190043,0.004431
17273,-9.763080,0.004431
17274,-12.006178,0.004431
17275,-9.349702,0.004431
17276,-6.820735,0.004431
17277,-15.959120,0.004431
17278,2.759843,0.004431
17279,-4.404187,0.004431
17280,2.630527,0.004431
17281,-11.202796,0.004431
17282,-2.433316,0.004431
17283,-0.465540,0.004431
17284,-5.799506,0.004431
17285,-8.116337,0.004431
17286,-7.127616,0.004431
17287,-1.613603,0.004431
17288,-4.926251,0.004431
17289,-4.116245,0.004431
17290,-19.461184,0.004431
17291,0.046359,0.004431
17292,-6.205585,0.004431
17293,-11.418343,0.004431
17294,-17.582665,0.004431
17295,-3.643559,0.004431
17296,-10.827545,0.004431
17297,-5.774768,0.004431
17298,-9.355238,0.004431
17299,-2.703805,0.004431
17300,-3.941830,0.003988
17301,-7.756072,0.003988
17302,-12.649358,0.003988
17303,-9.852863,0.003988
17304,-1.143531,0.003988
17305,-7.088068,0.003988
17306,-4.950045,0.003988
17307,-7.150578,0.003988
17308,4.161592,0.003988
17309,-13.303823,0.003988
17310,-15.951614,0.003988
17311,-8.233309,0.003988
17312,-18.296475,0.003988
17313,-15.510388,0.003988
17314,-5.125353,0.003988
17315,-4.150982,0.003988
17316,-13.795917,0.003988
17317,-11.465473,0.003988
17318,-8.251220,0.003988
17319,-13.647455,0.003988
17320,-12.040091,0.003988
17321,-3.725346,0.003988
17322,-4.559066,0.003988
17323,-14.432503,0.003988
17324,-6.241953,0.003988
17325,-6.265206,0.003988
17326,-1.809753,0.003988
17327,-17.936258,0.003988
17328,-10.606186,0.003988
17329,-15.547902,0.003988
17330,-18.417147,0.003988
17331,-7.296012,0.003988
17332,-2.713370,0.003988
17333,-10.861998,0.003988
17334,-10.553383,0.003988
17335,-10.473094,0.003988
17336,-13.638595,0.003988
17337,1.472825,0.003988
17338,-9.325743,0.003988
17339,4.008551,0.003988
17340,-5.903576,0.003988
17341,-8.003321,0.003988
17342,-3.726041,0.003988
17343,-2.849971,0.003988
17344,-3.552668,0.003988
17345,-12.775681,0.003988
17346,-6.441613,0.003988
17347,-14.694662,0.003988
17348,-5.172824,0.003988
17349,-2.171467,0.003988
17350,-12.629289,0.003988
17351,-0.124423,0.003988
17352,-10.787834,0.003988
17353,4.209653,0.003988
17354,-16.007806,0.003988
17355,-2.328041,0.003988
17356,-10.956796,0.003988
17357,-15.913197,0.003988
17358,1.693754,0.003988
17359,-10.433971,0.003988
17360,-14.573819,0.003988
17361,-19.195770,0.003988
17362,-5.806666,0.003988
17363,-13.151130,0.003988
17364,-9.440304,0.003988
17365,-9.006622,0.003988
17366,-0.661147,0.003988
17367,-6.814907,0.003988
17368,-10.908410,0.003988
17369,-22.572102,0.003988
17370,-8.306169,0.003988
17371,-7.350393,0.003988
17372,-13.890088,0.003988
17373,-3.350148,0.003988
17374,2.034831,0.003988
17375,-7.677506,0.003988
17376,-6.837956,0.003988
17377,-13.016673,0.003988
17378,-10.147612,0.003988
17379,-12.651096,0.003988
17380,-4.574683,0.003988
17381,-4.062105,0.003988
17382,-13.708568,0.003988
17383,-8.871121,0.003988
17384,-6.138877,0.003988
17385,-3.095267,0.003988
17386,3.079424,0.003988
17387,-19.253780,0.003988
17388,-8.780881,0.003988
17389,-23.145144,0.003988
17390,-9.256544,0.003988
17391,-15.398008,0.003988
17392,-2.506224,0.003988
17393,-13.733063,0.003988
17394,-8.754404,0.003988
17395,-10.743468,0.003988
17396,-8.024114,0.003988
17397,-18.798293,0.003988
17398,-6.749139,0.003988
17399,-15.711767,0.003988
17400,5.897076,0.003589
17401,-15.633775,0.003589
17402,-4.527760,0.003589
17403,0.595884,0.003589
17404,-8.247004,0.003589
17405,-11.536119,0.003589
17406,-7.272166,0.003589
17407,-0.469838,0.003589
17408,-2.194875,0.003589
17409,-9.488496,0.003589
17410,-10.784527,0.003589
17411,-7.104479,0.003589
17412,2.042170,0.003589
17413,-13.984663,0.003589
17414,1.715654,0.003589
17415,-1.851298,0.003589
17416,-2.370838,0.003589
17417,-16.195348,0.003589
17418,-8.453205,0.003589
17419,0.124093,0.003589
17420,-8.777300,0.003589
17421,-9.657259,0.003589
17422,-6.943866,0.003589
17423,-7.666642,0.003589
17424,-14.128736,0.003589
17425,-8.155353,0.003589
17426,-3.471569,0.003589
17427,-5.026890,0.003589
17428,-9.135253,0.003589
17429,-6.565791,0.003589
17430,-5.648884,0.003589
17431,-6.586174,0.003589
17432,-0.391255,0.003589
17433,-6.314895,0.003589
17434,-8.525433,0.003589
17435,-9.707576,0.003589
17436,-6.378201,0.003589
17437,-5.538609,0.003589
17438,-1.635402,0.003589
17439,-6.149538,0.003589
17440,-12.861292,0.003589
17441,-4.827240,0.003589
17442,-10.059252,0.003589
17443,-1.742580,0.003589
17444,-10.826071,0.003589
17445,-12.012730,0.003589
17446,4.220321,0.003589
17447,-5.150832,0.003589
17448,-8.327847,0.003589
17449,-4.053762,0.003589
17450,-10.997641,0.003589
17451,-9.618244,0.003589
17452,-3.925239,0.003589
17453,-3.728734,0.003589
17454,-11.174518,0.003589
17455,-4.450132,0.003589
17456,0.102366,0.003589
17457,-5.573478,0.003589
17458,-9.032524,0.003589
17459,-4.296409,0.003589
17460,2.631031,0.003589
17461,-9.534689,0.003589
17462,-4.850780,0.003589
17463,-2.159610,0.003589
17464,-3.714817,0.003589
17465,-11.511947,0.003589
17466,-15.735271,0.003589
17467,-5.541157,0.003589
17468,-19.186875,0.003589
17469,-14.446608,0.003589
17470,-6.007696,0.003589
17471,-7.690265,0.003589
17472,-13.022404,0.003589
17473,-11.854759,0.003589
17474,-3.803213,0.003589
17475,-10.638139,0.003589
17476,-13.141821,0.003589
17477,-17.707788,0.003589
17478,-12.693800,0.003589
17479,-6.723874,0.003589
17480,-8.628621,0.003589
17481,-4.172317,0.003589
17482,-14.373387,0.003589
17483,-9.439249,0.003589
17484,-18.203307,0.003589
17485,-2.737910,0.003589
17486,-7.510353,0.003589
17487,-8.559315,0.003589
17488,-11.285879,0.003589
17489,-4.449703,0.003589
17490,-5.973008,0.003589
17491,-9.945874,0.003589
17492,-9.087885,0.003589
17493,-0.938540,0.003589
17494,-9.522749,0.003589
17495,-16.344307,0.003589
17496,-5.291444,0.003589
17497,-5.136680,0.003589
17498,-4.234960,0.003589
17499,-10.703668,0.003589
17500,-7.470183,0.003231
17501,-4.634120,0.003231
17502,-13.351826,0.003231
17503,-11.800448,0.003231
17504,-9.651150,0.003231
17505,-11.896102,0.003231
17506,-5.486710,0.003231
17507,-13.925878,0.003231
17508,-15.877852,0.003231
17509,-6.205482,0.003231
17510,-8.340509,0.003231
17511,-9.817023,0.003231
17512,-0.732568,0.003231
17513,-13.536181,0.003231
17514,-13.961236,0.003231
17515,-4.988680,0.003231
17516,-18.531324,0.003231
17517,-7.539714,0.003231
17518,-16.511888,0.003231
17519,6.130706,0.003231
17520,-8.546226,0.003231
17521,-1.751131,0.003231
17522,-11.921486,0.003231
17523,-16.063776,0.003231
17524,-13.375546,0.003231
17525,-15.654319,0.003231
17526,-8.302518,0.003231
17527,-16.129878,0.003231
17528,-10.808728,0.003231
17529,-3.629658,0.003231
17530,-7.700907,0.003231
17531,-6.403864,0.003231
17532,-1.397893,0.003231
17533,-1.886210,0.003231
17534,-13.989851,0.003231
17535,-4.127798,0.003231
17536,-8.400810,0.003231
17537,-10.150697,0.003231
17538,-8.425551,0.003231
17539,-6.679256,0.003231
17540,-13.608980,0.003231
17541,-14.502947,0.003231
17542,-17.111855,0.003231
17543,-11.160633,0.003231
17544,-5.574360,0.003231
17545,-3.319844,0.003231
17546,-14.119989,0.003231
17547,-6.350436,0.003231
17548,-9.609166,0.003231
17549,-13.402733,0.003231
17550,-3.368889,0.003231
17551,-3.891108,0.003231
17552,-8.598199,0.003231
17553,-10.410107,0.003231
17554,-9.084864,0.003231
17555,-16.364317,0.003231
17556,-5.087608,0.003231
17557,1.458432,0.003231
17558,-10.596874,0.003231
17559,-12.486193,0.003231
17560,-5.594150,0.003231
17561,-19.177922,0.003231
17562,-12.094207,0.003231
17563,-8.310065,0.003231
17564,-12.362544,0.003231
17565,-13.537409,0.003231
17566,-7.987607,0.003231
17567,-10.380762,0.003231
17568,-15.991648,0.003231
17569,-1.687469,0.003231
17570,0.012993,0.003231
17571,-7.616343,0.003231
17572,-16.347055,0.003231
17573,-10.284886,0.003231
17574,-13.441189,0.003231
17575,-5.517017,0.003231
17576,-11.810705,0.003231
17577,-4.690033,0.003231
17578,-6.283670,0.003231
17579,-4.693918,0.003231
17580,-9.788993,0.003231
17581,-14.054125,0.003231
17582,2.165954,0.003231
17583,-7.984081,0.003231
17584,-4.449952,0.003231
17585,-3.343683,0.003231
17586,-11.062534,0.003231
17587,-9.701177,0.003231
17588,-5.834835,0.003231
17589,-9.075408,0.003231
17590,-5.658012,0.003231
17591,-9.791482,0.003231
17592,-11.448972,0.003231
17593,-8.851419,0.003231
17594,-6.984062,0.003231
17595,-0.443888,0.003231
17596,-10.119309,0.003231
17597,-5.682697,0.003231
17598,-6.440466,0.003231
17599,-12.574700,0.003231
17600,-10.108499,0.002907
17601,-4.135620,0.002907
17602,-12.474097,0.002907
17603,-14.261041,0.002907
17604,-4.617045,0.002907
17605,-2.388185,0.002907
17606,-11.193915,0.002907
17607,-11.637193,0.002907
17608,-10.972014,0.002907
17609,3.618426,0.002907
17610,-3.730588,0.002907
17611,-7.929185,0.002907
17612,-9.601756,0.002907
17613,-17.328663,0.002907
17614,-5.172398,0.002907
17615,-6.282248,0.002907
17616,-11.933457,0.002907
17617,-16.667579,0.002907
17618,-18.805375,0.002907
17619,-20.624758,0.002907
17620,-11.842834,0.002907
17621,-10.347562,0.002907
17622,-10.782135,0.002907
17623,-9.946234,0.002907
17624,-8.027620,0.002907
17625,-8.123941,0.002907
17626,-3.611677,0.002907
17627,-2.974437,0.002907
17628,-8.462940,0.002907
17629,-4.439585,0.002907
17630,-9.141170,0.002907
17631,-6.185199,0.002907
17632,-7.369607,0.002907
17633,5.795401,0.002907
17634,-11.600012,0.002907
17635,-10.220509,0.002907
17636,-14.755704,0.002907
17637,-11.562734,0.002907
17638,-6.685285,0.002907
17639,-1.572313,0.002907
17640,-11.146888,0.002907
17641,-11.450234,0.002907
17642,-9.121982,0.002907
17643,-0.395845,0.002907
17644,-13.093660,0.002907
17645,-17.032273,0.002907
17646,-11.410921,0.002907
17647,-11.947022,0.002907
17648,-14.144981,0.002907
17649,-6.925460,0.002907
17650,-12.003754,0.002907
17651,-8.937986,0.002907
17652,-5.437730,0.002907
17653,-6.436736,0.002907
17654,-5.776094,0.002907
17655,-17.929702,0.002907
17656,-19.257476,0.002907
17657,-5.844714,0.002907
17658,-11.158832,0.002907
17659,-0.986999,0.002907
17660,-8.731439,0.002907
17661,-14.246920,0.002907
17662,-10.276997,0.002907
17663,-0.108753,0.002907
17664,0.083735,0.002907
17665,0.643506,0.002907
17666,-6.099493,0.002907
17667,-5.798611,0.002907
17668,-9.593406,0.002907
17669,-8.246097,0.002907
17670,-9.255708,0.002907
17671,-10.572824,0.002907
17672,-12.902467,0.002907
17673,-12.777788,0.002907
17674,-2.374171,0.002907
17675,-7.291896,0.002907
17676,-3.797131,0.002907
17677,-11.758062,0.002907
17678,-12.180157,0.002907
17679,-4.008940,0.002907
17680,-8.830534,0.002907
17681,-14.632016,0.002907
17682,-7.048584,0.002907
17683,-15.067549,0.002907
17684,-12.524217,0.002907
17685,-11.345770,0.002907
17686,-11.267862,0.002907
17687,-21.556103,0.002907
17688,-9.376787,0.002907
17689,-12.523046,0.002907
17690,-16.239375,0.002907
17691,-14.733345,0.002907
17692,-10.484484,0.002907
17693,-14.549373,0.002907
17694,-6.180155,0.002907
17695,-12.676711,0.002907
17696,-3.711434,0.002907
17697,-10.381250,0.002907
17698,2.421459,0.002907
17699,-7.484619,0.002907
17700,-4.448280,0.002617
17701,-7.780963,0.002617
17702,-12.824924,0.002617
17703,-10.270298,0.002617
17704,-5.563983,0.002617
17705,-11.374578,0.002617
17706,-9.059934,0.002617
17707,-8.173592,0.002617
17708,-13.244808,0.002617
17709,-10.362234,0.002617
17710,-7.530541,0.002617
17711,-15.580134,0.002617
17712,-8.429392,0.002617
17713,-15.610666,0.002617
17714,-9.320097,0.002617
17715,-15.649399,0.002617
17716,-9.258211,0.002617
17717,-9.657210,0.002617
17718,-14.954931,0.002617
17719,-11.870370,0.002617
17720,-13.271147,0.002617
17721,-18.165460,0.002617
17722,-10.643580,0.002617
17723,-8.682931,0.002617
17724,-12.902705,0.002617
17725,-15.179583,0.002617
17726,-17.389993,0.002617
17727,-7.110697,0.002617
17728,-7.970403,0.002617
17729,-7.043535,0.002617
17730,-15.242558,0.002617
17731,-20.377670,0.002617
17732,-3.990800,0.002617
17733,-12.980961,0.002617
17734,-20.959171,0.002617
17735,-3.435984,0.002617
17736,-8.703549,0.002617
17737,-13.204470,0.002617
17738,-7.464187,0.002617
17739,-13.161941,0.002617
17740,-7.927130,0.002617
17741,-10.980760,0.002617
17742,-12.283079,0.002617
17743,-16.352361,0.002617
17744,-19.471418,0.002617
17745,-0.116968,0.002617
17746,-9.714265,0.002617
17747,-16.052213,0.002617
17748,-13.017958,0.002617
17749,-3.121532,0.002617
17750,-13.719534,0.002617
17751,-13.962956,0.002617
17752,-17.739155,0.002617
17753,-14.653476,0.002617
17754,-15.803233,0.002617
17755,-5.665572,0.002617
17756,-1.678997,0.002617
17757,-8.990694,0.002617
17758,-3.812213,0.002617
17759,-14.059065,0.002617
17760,2.232780,0.002617
17761,-8.577233,0.002617
17762,-10.893172,0.002617
17763,-12.536288,0.002617
17764,-12.220154,0.002617
17765,-14.627084,0.002617
17766,-7.178798,0.002617
17767,-12.364333,0.002617
17768,-14.772897,0.002617
17769,-9.009010,0.002617
17770,-14.356938,0.002617
17771,-16.356592,0.002617
17772,-9.951297,0.002617
17773,-0.560938,0.002617
17774,-15.415048,0.002617
17775,-11.207356,0.002617
17776,-8.977030,0.002617
17777,-12.473809,0.002617
17778,-12.051613,0.002617
17779,-13.393108,0.002617
17780,-7.583460,0.002617
17781,-22.587689,0.002617
17782,-14.243002,0.002617
17783,-14.141610,0.002617
17784,-13.431371,0.002617
17785,-18.481355,0.002617
17786,-8.821552,0.002617
17787,-12.144175,0.002617
17788,-10.250402,0.002617
17789,-3.361721,0.002617
17790,-16.303211,0.002617
17791,-8.231109,0.002617
17792,-18.467981,0.002617
17793,-9.326635,0.002617
17794,-3.939902,0.002617
17795,-20.227243,0.002617
17796,-13.543480,0.002617
17797,-4.496528,0.002617
17798,-8.491111,0.002617
17799,-7.983017,0.002617
17800,-11.281285,0.002355
17801,-8.796537,0.002355
17802,-6.689125,0.002355
17803,-17.900291,0.002355
17804,0.738578,0.002355
17805,-9.656175,0.002355
17806,-13.501562,0.002355
17807,-13.812450,0.002355
17808,-15.617664,0.002355
17809,-18.482103,0.002355
17810,-5.477860,0.002355
17811,-17.684838,0.002355
17812,-13.505701,0.002355
17813,-8.439976,0.002355
17814,-10.197571,0.002355
17815,-9.371917,0.002355
17816,-2.041280,0.002355
17817,-8.411765,0.002355
17818,-10.386397,0.002355
17819,-8.121579,0.002355
17820,-14.648060,0.002355
17821,-7.186320,0.002355
17822,-13.261026,0.002355
17823,-7.528152,0.002355
17824,-19.165267,0.002355
17825,-7.107727,0.002355
17826,-17.333692,0.002355
17827,-21.855335,0.002355
17828,-20.942927,0.002355
17829,-13.261848,0.002355
17830,-7.747643,0.002355
17831,-4.825849,0.002355
17832,-14.640831,0.002355
17833,-4.605482,0.002355
17834,-10.683998,0.002355
17835,-7.642372,0.002355
17836,-19.701340,0.002355
17837,-17.865966,0.002355
17838,-14.048718,0.002355
17839,-19.867303,0.002355
17840,-13.161906,0.002355
17841,-11.994606,0.002355
17842,-20.945480,0.002355
17843,-13.631092,0.002355
17844,-16.679652,0.002355
17845,-4.386230,0.002355
17846,-11.120458,0.002355
17847,-11.140195,0.002355
17848,-12.632050,0.002355
17849,-8.919530,0.002355
17850,-7.977902,0.002355
17851,-16.923848,0.002355
17852,-9.877422,0.002355
17853,-13.008725,0.002355
17854,-4.876064,0.002355
17855,-11.177684,0.002355
17856,-15.112772,0.002355
17857,-15.924964,0.002355
17858,-21.327757,0.002355
17859,-6.192065,0.002355
17860,-20.471503,0.002355
17861,-17.923228,0.002355
17862,-15.382362,0.002355
17863,-10.132494,0.002355
17864,-15.666518,0.002355
17865,-3.109122,0.002355
17866,-3.656661,0.002355
17867,-14.221984,0.002355
17868,-4.575659,0.002355
17869,-13.965036,0.002355
17870,-12.728968,0.002355
17871,-19.035340,0.002355
17872,-3.779851,0.002355
17873,1.681009,0.002355
17874,-5.877973,0.002355
17875,-12.717887,0.002355
17876,-11.927554,0.002355
17877,-10.272993,0.002355
17878,-17.120168,0.002355
17879,-7.101065,0.002355
17880,-7.952332,0.002355
17881,-13.492846,0.002355
17882,-12.552928,0.002355
17883,-12.366945,0.002355
17884,-8.679260,0.002355
17885,-1.266205,0.002355
17886,-9.376847,0.002355
17887,-13.678048,0.002355
17888,0.618576,0.002355
17889,-6.085772,0.002355
17890,-18.837188,0.002355
17891,-7.287632,0.002355
17892,-9.759131,0.002355
17893,-8.725590,0.002355
17894,-12.960185,0.002355
17895,-10.024325,0.002355
17896,-12.567706,0.002355
17897,-8.960685,0.002355
17898,-6.630055,0.002355
17899,-9.324079,0.002355
17900,-24.635527,0.002120
17901,-9.566600,0.002120
17902,-6.244388,0.002120
17903,-11.525390,0.002120
17904,-2.798051,0.002120
17905,-11.830747,0.002120
17906,-6.387355,0.002120
17907,-6.902678,0.002120
17908,-7.199594,0.002120
17909,-7.406454,0.002120
17910,-16.393344,0.002120
17911,-19.279059,0.002120
17912,-2.208497,0.002120
17913,-12.282897,0.002120
17914,-2.738707,0.002120
17915,2.495492,0.002120
17916,-11.728688,0.002120
17917,-13.431618,0.002120
17918,-11.088900,0.002120
17919,-17.275401,0.002120
17920,-11.322949,0.002120
17921,-3.461285,0.002120
17922,-0.183764,0.002120
17923,-11.553145,0.002120
17924,-10.316285,0.002120
17925,-5.978959,0.002120
17926,-4.620919,0.002120
17927,-8.868297,0.002120
17928,-12.720029,0.002120
17929,-6.689541,0.002120
17930,-14.551983,0.002120
17931,-23.335238,0.002120
17932,-15.109066,0.002120
17933,-18.153840,0.002120
17934,-12.216194,0.002120
17935,-2.757221,0.002120
17936,-14.234128,0.002120
17937,-8.298027,0.002120
17938,-1.890182,0.002120
17939,-10.917694,0.002120
17940,-13.710083,0.002120
17941,-7.709085,0.002120
17942,-8.499103,0.002120
17943,-12.069179,0.002120
17944,-5.875056,0.002120
17945,-9.092965,0.002120
17946,-15.466726,0.002120
17947,-13.996784,0.002120
17948,-20.155133,0.002120
17949,-12.388158,0.002120
17950,-11.753347,0.002120
17951,-8.226086,0.002120
17952,-7.384744,0.002120
17953,-8.174145,0.002120
17954,-11.405185,0.002120
17955,-3.987533,0.002120
17956,-6.319339,0.002120
17957,-4.410882,0.002120
17958,-13.797175,0.002120
17959,-11.552400,0.002120
17960,-6.054119,0.002120
17961,-16.139898,0.002120
17962,-12.983462,0.002120
17963,-8.810768,0.002120
17964,-16.999850,0.002120
17965,-10.259241,0.002120
17966,-4.588653,0.002120
17967,-7.825102,0.002120
17968,-3.314300,0.002120
17969,-3.086383,0.002120
17970,-4.999941,0.002120
17971,-5.158038,0.002120
17972,-19.072270,0.002120
17973,-7.966747,0.002120
17974,-19.738594,0.002120
17975,-8.209105,0.002120
17976,-11.287696,0.002120
17977,-6.264196,0.002120
17978,-0.068045,0.002120
17979,-8.537304,0.002120
17980,-7.677184,0.002120
17981,-5.516984,0.002120
17982,-11.452253,0.002120
17983,-17.944308,0.002120
17984,0.279649,0.002120
17985,-14.719469,0.002120
17986,-8.498189,0.002120
17987,-14.290834,0.002120
17988,-9.904083,0.002120
17989,-11.130837,0.002120
17990,-17.690390,0.002120
17991,-17.410213,0.002120
17992,-14.047847,0.002120
17993,-12.253076,0.002120
17994,-14.604345,0.002120
17995,-0.220597,0.002120
17996,-4.829739,0.002120
17997,-9.529929,0.002120
17998,-16.598141,0.002120
17999,-16.187854,0.002120
18000,-7.212614,0.001908
18001,-7.462905,0.001908
18002,-8.684677,0.001908
18003,-14.629144,0.001908
18004,-4.088283,0.001908
18005,-13.307477,0.001908
18006,-3.925381,0.001908
18007,-4.571844,0.001908
18008,-1.114555,0.001908
18009,-2.766834,0.001908
18010,-16.155639,0.001908
18011,-7.789501,0.001908
18012,-4.378279,0.001908
18013,-4.462222,0.001908
18014,-8.366573,0.001908
18015,-17.274201,0.001908
18016,-13.794244,0.001908
18017,-13.416335,0.001908
18018,-14.021845,0.001908
18019,-6.197037,0.001908
18020,-14.459887,0.001908
18021,-8.353132,0.001908
18022,-10.511939,0.001908
18023,-11.309086,0.001908
18024,-5.071795,0.001908
18025,-12.850674,0.001908
18026,-7.265957,0.001908
18027,-14.396620,0.001908
18028,-6.880692,0.001908
18029,2.036989,0.001908
18030,-13.424347,0.001908
18031,-14.245220,0.001908
18032,-11.137728,0.001908
18033,-7.457775,0.001908
18034,-23.496910,0.001908
18035,-13.931629,0.001908
18036,-11.325310,0.001908
18037,-15.537411,0.001908
18038,-14.517492,0.001908
18039,-0.773051,0.001908
18040,-15.394814,0.001908
18041,-11.843973,0.001908
18042,-15.127105,0.001908
18043,-11.973337,0.001908
18044,-10.613794,0.001908
18045,-13.172823,0.001908
18046,-4.575493,0.001908
18047,-10.427940,0.001908
18048,-6.940321,0.001908
18049,-10.786920,0.001908
18050,-6.662378,0.001908
18051,-12.492422,0.001908
18052,-4.737036,0.001908
18053,-16.903511,0.001908
18054,-8.952423,0.001908
18055,-10.073745,0.001908
18056,-6.650597,0.001908
18057,-4.042608,0.001908
18058,-7.986593,0.001908
18059,-13.011251,0.001908
18060,-0.601685,0.001908
18061,-9.043873,0.001908
18062,-0.515732,0.001908
18063,-11.831226,0.001908
18064,-9.590894,0.001908
18065,-1.890535,0.001908
18066,-8.616521,0.001908
18067,-11.910507,0.001908
18068,-7.917617,0.001908
18069,-8.386220,0.001908
18070,-12.405018,0.001908
18071,-20.783611,0.001908
18072,1.158721,0.001908
18073,-6.443722,0.001908
18074,-5.322063,0.001908
18075,-18.426721,0.001908
18076,-4.836385,0.001908
18077,-16.241156,0.001908
18078,-12.458595,0.001908
18079,-4.140208,0.001908
18080,-11.531443,0.001908
18081,-8.751817,0.001908
18082,-12.181115,0.001908
18083,-9.056013,0.001908
18084,-10.217939,0.001908
18085,-4.529042,0.001908
18086,-11.704974,0.001908
18087,-7.991015,0.001908
18088,-10.766296,0.001908
18089,-3.173896,0.001908
18090,-8.597363,0.001908
18091,-10.444273,0.001908
18092,-5.798454,0.001908
18093,-19.993144,0.001908
18094,-2.615421,0.001908
18095,-11.661285,0.001908
18096,-13.615613,0.001908
18097,-16.289599,0.001908
18098,-13.421509,0.001908
18099,-16.282856,0.001908
18100,-14.367313,0.001717
18101,-13.091152,0.001717
18102,-13.005331,0.001717
18103,-20.656122,0.001717
18104,-16.000905,0.001717
18105,-23.990958,0.001717
18106,-9.245222,0.001717
18107,-10.380470,0.001717
18108,-8.724711,0.001717
18109,-8.891166,0.001717
18110,-18.488526,0.001717
18111,-2.463363,0.001717
18112,-15.911934,0.001717
18113,-9.652173,0.001717
18114,-3.077748,0.001717
18115,-18.671392,0.001717
18116,-8.813578,0.001717
18117,-14.251015,0.001717
18118,-10.191050,0.001717
18119,-12.109510,0.001717
18120,-8.430943,0.001717
18121,-13.858772,0.001717
18122,-13.122694,0.001717
18123,-16.008190,0.001717
18124,-15.938989,0.001717
18125,-14.264928,0.001717
18126,-13.625412,0.001717
18127,-9.558370,0.001717
18128,-12.981913,0.001717
18129,-17.190607,0.001717
18130,-8.624735,0.001717
18131,-17.773525,0.001717
18132,-5.005253,0.001717
18133,-14.004812,0.001717
18134,-16.351777,0.001717
18135,-13.489316,0.001717
18136,-8.429526,0.001717
18137,-8.824868,0.001717
18138,-13.133930,0.001717
18139,-3.079137,0.001717
18140,-11.066173,0.001717
18141,-21.433019,0.001717
18142,-20.794315,0.001717
18143,-17.831678,0.001717
18144,-7.968997,0.001717
18145,-10.154484,0.001717
18146,-4.403296,0.001717
18147,-10.909196,0.001717
18148,-17.598373,0.001717
18149,-3.704043,0.001717
18150,-3.207002,0.001717
18151,-4.944322,0.001717
18152,2.148341,0.001717
18153,-11.703238,0.001717
18154,-7.672162,0.001717
18155,-6.023152,0.001717
18156,-9.733895,0.001717
18157,-12.037868,0.001717
18158,-11.437869,0.001717
18159,-24.176910,0.001717
18160,-18.066056,0.001717
18161,-20.066708,0.001717
18162,-13.249244,0.001717
18163,-7.639563,0.001717
18164,-25.011001,0.001717
18165,-11.695964,0.001717
18166,-14.971232,0.001717
18167,-14.781686,0.001717
18168,-8.766069,0.001717
18169,-4.204629,0.001717
18170,-7.100219,0.001717
18171,-10.687240,0.001717
18172,-25.842588,0.001717
18173,-19.290278,0.001717
18174,-16.001547,0.001717
18175,-15.431614,0.001717
18176,-11.888239,0.001717
18177,-22.404052,0.001717
18178,-16.407532,0.001717
18179,-13.942612,0.001717
18180,-18.387853,0.001717
18181,-16.843670,0.001717
18182,-8.143497,0.001717
18183,-3.551941,0.001717
18184,-10.887798,0.001717
18185,-12.109025,0.001717
18186,-7.535826,0.001717
18187,-11.662012,0.001717
18188,-9.525029,0.001717
18189,-9.306169,0.001717
18190,-11.201184,0.001717
18191,-13.047649,0.001717
18192,-13.993226,0.001717
18193,-7.715320,0.001717
18194,-9.370031,0.001717
18195,-17.751098,0.001717
18196,-23.956983,0.001717
18197,-3.055254,0.001717
18198,-9.854341,0.001717
18199,-6.092410,0.001717
18200,-15.182282,0.001545
18201,-18.173978,0.001545
18202,-18.324662,0.001545
18203,-17.911507,0.001545
18204,-1.445966,0.001545
18205,-11.735551,0.001545
18206,-13.074541,0.001545
18207,-14.961185,0.001545
18208,-8.753831,0.001545
18209,-7.204090,0.001545
18210,-19.504671,0.001545
18211,-10.003165,0.001545
18212,-8.995357,0.001545
18213,-10.380450,0.001545
18214,-6.775963,0.001545
18215,-13.694491,0.001545
18216,-17.798548,0.001545
18217,-13.481941,0.001545
18218,-11.194142,0.001545
18219,-16.053608,0.001545
18220,-9.251319,0.001545
18221,3.286405,0.001545
18222,-12.211515,0.001545
18223,-15.905947,0.001545
18224,-15.041173,0.001545
18225,-13.116689,0.001545
18226,-7.672791,0.001545
18227,-7.875821,0.001545
18228,-26.739997,0.001545
18229,-18.682969,0.001545
18230,-0.878921,0.001545
18231,-16.366831,0.001545
18232,-15.887620,0.001545
18233,-18.093374,0.001545
18234,-12.714684,0.001545
18235,-18.798733,0.001545
18236,-6.066061,0.001545
18237,-10.891313,0.001545
18238,-18.445596,0.001545
18239,-2.310521,0.001545
18240,-15.142546,0.001545
18241,-12.951574,0.001545
18242,-12.370450,0.001545
18243,-14.704661,0.001545
18244,-13.391428,0.001545
18245,-11.460360,0.001545
18246,-8.321368,0.001545
18247,-3.957065,0.001545
18248,-7.398088,0.001545
18249,-7.507238,0.001545
18250,-21.477792,0.001545
18251,-0.802795,0.001545
18252,-14.377266,0.001545
18253,-12.447845,0.001545
18254,-5.827745,0.001545
18255,-2.559566,0.001545
18256,-9.082677,0.001545
18257,6.153002,0.001545
18258,-13.706456,0.001545
18259,-20.279502,0.001545
18260,-7.226552,0.001545
18261,-2.256685,0.001545
18262,-9.725664,0.001545
18263,-11.740352,0.001545
18264,-11.064872,0.001545
18265,-4.460798,0.001545
18266,-5.677229,0.001545
18267,-13.690601,0.001545
18268,-9.295039,0.001545
18269,-14.160419,0.001545
18270,-3.447885,0.001545
18271,-14.733754,0.001545
18272,-0.808264,0.001545
18273,-3.145322,0.001545
18274,-13.829791,0.001545
18275,-11.812495,0.001545
18276,-7.257879,0.001545
18277,-14.697689,0.001545
18278,-19.806670,0.001545
18279,-14.725533,0.001545
18280,-2.506662,0.001545
18281,-5.542052,0.001545
18282,-0.899773,0.001545
18283,-11.579644,0.001545
18284,-11.407681,0.001545
18285,-6.770699,0.001545
18286,-16.108823,0.001545
18287,-10.599630,0.001545
18288,-15.023166,0.001545
18289,-9.806955,0.001545
18290,-17.390488,0.001545
18291,-11.244059,0.001545
18292,-2.260677,0.001545
18293,-12.087062,0.001545
18294,-19.674095,0.001545
18295,-5.423584,0.001545
18296,-7.021843,0.001545
18297,-12.470068,0.001545
18298,-1.544255,0.001545
18299,-9.262646,0.001545
18300,-4.738140,0.001391
18301,-10.055917,0.001391
18302,-8.152057,0.001391
18303,-16.573506,0.001391
18304,-8.207571,0.001391
18305,-12.305803,0.001391
18306,-11.587710,0.001391
18307,-14.614020,0.001391
18308,-12.782955,0.001391
18309,-5.614301,0.001391
18310,-11.821815,0.001391
18311,0.677598,0.001391
18312,0.350425,0.001391
18313,-6.600567,0.001391
18314,-6.765828,0.001391
18315,1.527221,0.001391
18316,-7.755671,0.001391
18317,-9.402832,0.001391
18318,-2.806781,0.001391
18319,-8.849929,0.001391
18320,-16.119251,0.001391
18321,-9.040962,0.001391
18322,-15.361800,0.001391
18323,-5.998870,0.001391
18324,-10.712548,0.001391
18325,-17.329919,0.001391
18326,1.775193,0.001391
18327,-8.471030,0.001391
18328,-9.789726,0.001391
18329,0.169876,0.001391
18330,-8.314426,0.001391
18331,-14.321153,0.001391
18332,-8.718802,0.001391
18333,-11.693927,0.001391
18334,-1.957374,0.001391
18335,-16.293842,0.001391
18336,-4.687128,0.001391
18337,-8.737081,0.001391
18338,-7.947804,0.001391
18339,-17.515430,0.001391
18340,-4.909759,0.001391
18341,-5.416347,0.001391
18342,-7.646159,0.001391
18343,-16.508604,0.001391
18344,-1.637864,0.001391
18345,-0.676928,0.001391
18346,-7.371131,0.001391
18347,-6.785911,0.001391
18348,-13.728062,0.001391
18349,-2.596941,0.001391
18350,-12.958779,0.001391
18351,-6.730791,0.001391
18352,-8.438646,0.001391
18353,-21.057490,0.001391
18354,-6.267288,0.001391
18355,-3.532811,0.001391
18356,-4.519142,0.001391
18357,-1.948273,0.001391
18358,-9.884899,0.001391
18359,-8.135766,0.001391
18360,-9.290851,0.001391
18361,-12.020840,0.001391
18362,-14.085384,0.001391
18363,-7.738421,0.001391
18364,-7.265475,0.001391
18365,-15.077714,0.001391
18366,-15.114051,0.001391
18367,2.131185,0.001391
18368,-3.671766,0.001391
18369,-7.670383,0.001391
18370,-8.715832,0.001391
18371,-12.934698,0.001391
18372,-8.687725,0.001391
18373,-5.505049,0.001391
18374,0.558656,0.001391
18375,-10.079454,0.001391
18376,-22.925456,0.001391
18377,-19.780207,0.001391
18378,-2.960148,0.001391
18379,-7.500817,0.001391
18380,-13.181939,0.001391
18381,-8.840923,0.001391
18382,-2.779641,0.001391
18383,-3.444246,0.001391
18384,-0.530026,0.001391
18385,-10.199814,0.001391
18386,0.654277,0.001391
18387,-8.264199,0.001391
18388,-8.440152,0.001391
18389,-17.975541,0.001391
18390,-11.369253,0.001391
18391,-10.314906,0.001391
18392,-0.992946,0.001391
18393,-6.704447,0.001391
18394,-15.752317,0.001391
18395,-12.540240,0.001391
18396,-13.052662,0.001391
18397,-4.443534,0.001391
18398,3.362152,0.001391
18399,-12.598845,0.001391
18400,-14.046982,0.001252
18401,-8.267677,0.001252
18402,-19.401647,0.001252
18403,-16.455561,0.001252
18404,-16.428644,0.001252
18405,-15.338419,0.001252
18406,-10.823180,0.001252
18407,-19.219942,0.001252
18408,-7.796857,0.001252
18409,-9.803467,0.001252
18410,-1.360189,0.001252
18411,-11.430983,0.001252
18412,-5.533727,0.001252
18413,-21.792535,0.001252
18414,-6.313052,0.001252
18415,-8.120304,0.001252
18416,-12.535511,0.001252
18417,-12.746115,0.001252
18418,-9.354821,0.001252
18419,-16.447716,0.001252
18420,-10.453630,0.001252
18421,-10.889520,0.001252
18422,-15.115492,0.001252
18423,-4.502493,0.001252
18424,-17.214507,0.001252
18425,-8.771811,0.001252
18426,-13.532074,0.001252
18427,-17.641325,0.001252
18428,-3.553609,0.001252
18429,-6.131490,0.001252
18430,-0.059970,0.001252
18431,-12.580206,0.001252
18432,-11.326726,0.001252
18433,-2.755416,0.001252
18434,-6.931256,0.001252
18435,-14.943507,0.001252
18436,-11.878651,0.001252
18437,-1.992600,0.001252
18438,-4.239626,0.001252
18439,-3.390561,0.001252
18440,-10.717316,0.001252
18441,-13.673714,0.001252
18442,-5.138942,0.001252
18443,-2.168543,0.001252
18444,-4.983959,0.001252
18445,-19.604370,0.001252
18446,-10.645615,0.001252
18447,-2.980209,0.001252
18448,0.855422,0.001252
18449,-10.560307,0.001252
18450,-5.202011,0.001252
18451,-9.091060,0.001252
18452,-9.796232,0.001252
18453,-0.608055,0.001252
18454,-6.302576,0.001252
18455,-9.160625,0.001252
18456,-13.537663,0.001252
18457,-12.878725,0.001252
18458,2.261718,0.001252
18459,-6.708597,0.001252
18460,-11.123988,0.001252
18461,-2.841600,0.001252
18462,-8.050835,0.001252
18463,-11.328072,0.001252
18464,-20.794932,0.001252
18465,-3.550722,0.001252
18466,-17.639529,0.001252
18467,-10.079325,0.001252
18468,6.539950,0.001252
18469,-3.095594,0.001252
18470,-7.340168,0.001252
18471,-11.188928,0.001252
18472,-5.381858,0.001252
18473,-9.446252,0.001252
18474,-10.531763,0.001252
18475,-11.429774,0.001252
18476,-6.425673,0.001252
18477,-10.483192,0.001252
18478,-0.015927,0.001252
18479,-9.023737,0.001252
18480,-8.627984,0.001252
18481,-6.685602,0.001252
18482,-3.342470,0.001252
18483,-8.825186,0.001252
18484,-14.493408,0.001252
18485,-9.437570,0.001252
18486,-10.393449,0.001252
18487,-15.258997,0.001252
18488,-1.445073,0.001252
18489,-1.212698,0.001252
18490,-8.254447,0.001252
18491,-15.026269,0.001252
18492,-7.390302,0.001252
18493,-9.523427,0.001252
18494,-2.745306,0.001252
18495,-3.400112,0.001252
18496,-15.906107,0.001252
18497,-9.854943,0.001252
18498,-5.436308,0.001252
18499,-12.150625,0.001252
18500,-8.385039,0.001126
18501,-10.908275,0.001126
18502,-13.626910,0.001126
18503,-13.714496,0.001126
18504,-13.293960,0.001126
18505,-10.407490,0.001126
18506,-17.658619,0.001126
18507,-5.196999,0.001126
18508,-6.621641,0.001126
18509,-7.989601,0.001126
18510,-19.789806,0.001126
18511,-12.282031,0.001126
18512,-1.178275,0.001126
18513,-12.326035,0.001126
18514,-16.000656,0.001126
18515,-5.909776,0.001126
18516,-7.974660,0.001126
18517,-13.781931,0.001126
18518,-8.355563,0.001126
18519,-13.990207,0.001126
18520,-5.636296,0.001126
18521,-13.777881,0.001126
18522,-3.325629,0.001126
18523,-13.154003,0.001126
18524,-13.053731,0.001126
18525,-13.098229,0.001126
18526,-17.478125,0.001126
18527,-12.637315,0.001126
18528,-14.731522,0.001126
18529,-4.010663,0.001126
18530,-10.981236,0.001126
18531,-14.153190,0.001126
18532,-11.763998,0.001126
18533,-4.782183,0.001126
18534,-4.863641,0.001126
18535,-18.644633,0.001126
18536,-14.163648,0.001126
18537,-5.497723,0.001126
18538,-10.017577,0.001126
18539,-8.990890,0.001126
18540,-9.760833,0.001126
18541,-16.153934,0.001126
18542,-7.059776,0.001126
18543,-15.762390,0.001126
18544,-8.359606,0.001126
18545,-20.962948,0.001126
18546,-15.223568,0.001126
18547,-5.001292,0.001126
18548,-11.325495,0.001126
18549,-9.124404,0.001126
18550,-16.652993,0.001126
18551,-15.772133,0.001126
18552,-7.003747,0.001126
18553,-10.221624,0.001126
18554,-2.561199,0.001126
18555,-8.850316,0.001126
18556,-20.283369,0.001126
18557,-8.405848,0.001126
18558,-10.904429,0.001126
18559,-4.525130,0.001126
18560,-9.812527,0.001126
18561,-4.158612,0.001126
18562,-2.840272,0.001126
18563,-11.180582,0.001126
18564,-17.233876,0.001126
18565,-7.781931,0.001126
18566,-15.673573,0.001126
18567,-12.896397,0.001126
18568,-11.707930,0.001126
18569,-8.426334,0.001126
18570,-6.682759,0.001126
18571,-8.514003,0.001126
18572,-15.263512,0.001126
18573,-5.002924,0.001126
18574,-16.383424,0.001126
18575,-12.143374,0.001126
18576,-16.308983,0.001126
18577,-6.060724,0.001126
18578,-2.723680,0.001126
18579,-7.679762,0.001126
18580,-15.370476,0.001126
18581,-0.645424,0.001126
18582,-2.652637,0.001126
18583,-3.891481,0.001126
18584,-9.023481,0.001126
18585,-1.335143,0.001126
18586,-17.156698,0.001126
18587,-6.796511,0.001126
18588,-19.790192,0.001126
18589,-9.374711,0.001126
18590,-12.616298,0.001126
18591,-1.842597,0.001126
18592,-6.587789,0.001126
18593,-5.542011,0.001126
18594,-4.489319,0.001126
18595,-13.093499,0.001126
18596,-15.773354,0.001126
18597,-9.203976,0.001126
18598,-4.349644,0.001126
18599,-7.626317,0.001126
18600,-3.504770,0.001014
18601,-16.536856,0.001014
18602,-14.362264,0.001014
18603,-10.324187,0.001014
18604,-15.927290,0.001014
18605,-7.828591,0.001014
18606,-9.796025,0.001014
18607,-2.035497,0.001014
18608,-10.840196,0.001014
18609,-9.127237,0.001014
18610,-5.364291,0.001014
18611,-14.005743,0.001014
18612,-14.256027,0.001014
18613,-6.974614,0.001014
18614,-3.581813,0.001014
18615,-17.758233,0.001014
18616,-11.909279,0.001014
18617,-15.582850,0.001014
18618,-13.366752,0.001014
18619,-13.867576,0.001014
18620,-11.591445,0.001014
18621,-13.704932,0.001014
18622,-16.642529,0.001014
18623,-17.853609,0.001014
18624,-6.472007,0.001014
18625,-12.391317,0.001014
18626,-7.447656,0.001014
18627,-8.327900,0.001014
18628,-7.278064,0.001014
18629,-22.571464,0.001014
18630,-17.757308,0.001014
18631,-6.062690,0.001014
18632,-18.196392,0.001014
18633,-9.077279,0.001014
18634,-5.491306,0.001014
18635,-11.653569,0.001014
18636,-15.067958,0.001014
18637,-10.396026,0.001014
18638,-10.829842,0.001014
18639,-9.218074,0.001014
18640,-8.417029,0.001014
18641,-10.170517,0.001014
18642,-10.087278,0.001014
18643,-15.091609,0.001014
18644,-3.271575,0.001014
18645,-3.472770,0.001014
18646,-9.743219,0.001014
18647,-12.851058,0.001014
18648,-29.155324,0.001014
18649,-12.986760,0.001014
18650,-12.441448,0.001014
18651,-5.943185,0.001014
18652,-16.079210,0.001014
18653,-11.154418,0.001014
18654,-13.775882,0.001014
18655,-2.821888,0.001014
18656,-3.579344,0.001014
18657,-5.106412,0.001014
18658,-9.719707,0.001014
18659,-19.845455,0.001014
18660,-13.756623,0.001014
18661,-19.822038,0.001014
18662,-14.124042,0.001014
18663,-28.024270,0.001014
18664,-6.700026,0.001014
18665,-15.712309,0.001014
18666,-14.431530,0.001014
18667,-7.784753,0.001014
18668,1.611171,0.001014
18669,-4.220988,0.001014
18670,-5.131571,0.001014
18671,-12.404498,0.001014
18672,-18.147823,0.001014
18673,-9.999200,0.001014
18674,-21.210766,0.001014
18675,-13.775906,0.001014
18676,-14.195344,0.001014
18677,-14.501386,0.001014
18678,-16.836567,0.001014
18679,-10.073351,0.001014
18680,-13.506939,0.001014
18681,-2.898248,0.001014
18682,-17.156683,0.001014
18683,-8.147653,0.001014
18684,-12.196400,0.001014
18685,-4.199238,0.001014
18686,-11.305241,0.001014
18687,-2.736905,0.001014
18688,-11.012021,0.001014
18689,-15.522441,0.001014
18690,-20.001448,0.001014
18691,-10.767512,0.001014
18692,1.341032,0.001014
18693,-16.714722,0.001014
18694,-5.512734,0.001014
18695,-5.587589,0.001014
18696,-18.386450,0.001014
18697,-1.593912,0.001014
18698,-10.975796,0.001014
18699,-11.160926,0.001014
18700,-10.797146,0.000912
18701,-10.729635,0.000912
18702,-13.487273,0.000912
18703,-11.276758,0.000912
18704,-14.792568,0.000912
18705,-15.421775,0.000912
18706,-7.810445,0.000912
18707,-9.585197,0.000912
18708,-6.690650,0.000912
18709,-2.147396,0.000912
18710,-8.896376,0.000912
18711,-16.125421,0.000912
18712,-13.602068,0.000912
18713,-20.699594,0.000912
18714,-12.197400,0.000912
18715,-12.451607,0.000912
18716,-12.547620,0.000912
18717,-24.575021,0.000912
18718,-16.790213,0.000912
18719,-5.201025,0.000912
18720,-9.049279,0.000912
18721,-11.072530,0.000912
18722,-10.724289,0.000912
18723,-15.218793,0.000912
18724,-19.494486,0.000912
18725,-9.698838,0.000912
18726,-13.464352,0.000912
18727,-11.261132,0.000912
18728,-16.305308,0.000912
18729,-13.093541,0.000912
18730,-6.521281,0.000912
18731,-13.946499,0.000912
18732,-15.043765,0.000912
18733,-8.438978,0.000912
18734,-13.621714,0.000912
18735,-11.283121,0.000912
18736,-12.622876,0.000912
18737,-6.367970,0.000912
18738,-6.468511,0.000912
18739,-11.179515,0.000912
18740,-17.363486,0.000912
18741,-7.890615,0.000912
18742,-7.771669,0.000912
18743,-12.436511,0.000912
18744,-9.482823,0.000912
18745,-17.236801,0.000912
18746,-7.663450,0.000912
18747,-4.680067,0.000912
18748,-11.413397,0.000912
18749,-10.598642,0.000912
18750,-16.806311,0.000912
18751,-12.418261,0.000912
18752,-13.705032,0.000912
18753,-13.101449,0.000912
18754,-24.042847,0.000912
18755,-12.179805,0.000912
18756,-11.285412,0.000912
18757,-13.460928,0.000912
18758,-10.806083,0.000912
18759,-11.342591,0.000912
18760,-18.975250,0.000912
18761,-14.556444,0.000912
18762,-10.165088,0.000912
18763,-15.841607,0.000912
18764,-11.124783,0.000912
18765,-16.151369,0.000912
18766,-8.487867,0.000912
18767,-4.774833,0.000912
18768,-11.512202,0.000912
18769,-10.657378,0.000912
18770,-10.301148,0.000912
18771,-15.568105,0.000912
18772,-13.918534,0.000912
18773,-10.690069,0.000912
18774,-16.477092,0.000912
18775,-7.333248,0.000912
18776,-13.022138,0.000912
18777,-8.894006,0.000912
18778,-16.241916,0.000912
18779,-2.282686,0.000912
18780,-18.166726,0.000912
18781,-4.838970,0.000912
18782,-15.095156,0.000912
18783,-14.669812,0.000912
18784,-1.380389,0.000912
18785,-17.322282,0.000912
18786,-5.274266,0.000912
18787,-20.112266,0.000912
18788,-13.552103,0.000912
18789,-11.377779,0.000912
18790,-18.187134,0.000912
18791,-10.767146,0.000912
18792,-4.345358,0.000912
18793,-17.811321,0.000912
18794,-14.175515,0.000912
18795,-12.510975,0.000912
18796,-9.928789,0.000912
18797,-14.209693,0.000912
18798,-10.497837,0.000912
18799,-11.152661,0.000912
18800,-17.114225,0.000821
18801,-11.159358,0.000821
18802,-9.172613,0.000821
18803,-10.190073,0.000821
18804,-10.477173,0.000821
18805,-7.268488,0.000821
18806,-12.388022,0.000821
18807,-8.179699,0.000821
18808,-10.342320,0.000821
18809,-10.413208,0.000821
18810,-9.984363,0.000821
18811,-15.540191,0.000821
18812,-5.146457,0.000821
18813,-17.767226,0.000821
18814,-0.878373,0.000821
18815,-16.869110,0.000821
18816,-11.020262,0.000821
18817,-4.137494,0.000821
18818,-8.151159,0.000821
18819,-10.752615,0.000821
18820,-15.218662,0.000821
18821,-14.704413,0.000821
18822,-17.359963,0.000821
18823,-4.295854,0.000821
18824,-16.939393,0.000821
18825,-5.842589,0.000821
18826,-11.586685,0.000821
18827,-14.069498,0.000821
18828,-14.394278,0.000821
18829,-12.812464,0.000821
18830,-8.949396,0.000821
18831,-6.766029,0.000821
18832,-14.653197,0.000821
18833,-7.811428,0.000821
18834,-10.408541,0.000821
18835,-11.626595,0.000821
18836,-20.704568,0.000821
18837,-20.284348,0.000821
18838,-14.000769,0.000821
18839,-18.117322,0.000821
18840,-18.748099,0.000821
18841,-13.610994,0.000821
18842,-8.078019,0.000821
18843,-15.549702,0.000821
18844,-14.529303,0.000821
18845,-10.313184,0.000821
18846,-13.602182,0.000821
18847,-13.132497,0.000821
18848,-12.482732,0.000821
18849,-8.110051,0.000821
18850,-4.602055,0.000821
18851,-13.750320,0.000821
18852,-13.987201,0.000821
18853,-14.402474,0.000821
18854,-14.143292,0.000821
18855,-11.458241,0.000821
18856,-5.135955,0.000821
18857,-8.633315,0.000821
18858,-14.699605,0.000821
18859,-14.785332,0.000821
18860,-10.307937,0.000821
18861,-20.862869,0.000821
18862,-9.881768,0.000821
18863,-3.759478,0.000821
18864,3.905024,0.000821
18865,-17.175688,0.000821
18866,-8.849212,0.000821
18867,-17.850212,0.000821
18868,-19.994844,0.000821
18869,-8.081227,0.000821
18870,-22.179059,0.000821
18871,-4.853230,0.000821
18872,-9.081647,0.000821
18873,-15.619364,0.000821
18874,-13.823659,0.000821
18875,-8.319108,0.000821
18876,-25.589198,0.000821
18877,-17.604319,0.000821
18878,-4.777937,0.000821
18879,-18.142049,0.000821
18880,-17.543620,0.000821
18881,-13.584014,0.000821
18882,-9.015911,0.000821
18883,-1.544700,0.000821
18884,-13.517137,0.000821
18885,-12.406671,0.000821
18886,-1.699622,0.000821
18887,-8.752834,0.000821
18888,-8.842020,0.000821
18889,-16.495217,0.000821
18890,-7.870738,0.000821
18891,-0.987188,0.000821
18892,-2.134930,0.000821
18893,-9.801058,0.000821
18894,-8.896471,0.000821
18895,-7.472897,0.000821
18896,-11.113961,0.000821
18897,-9.172842,0.000821
18898,2.067938,0.000821
18899,-18.548172,0.000821
18900,-17.744619,0.000739
18901,-18.554293,0.000739
18902,-9.109586,0.000739
18903,-12.668068,0.000739
18904,-12.579937,0.000739
18905,-10.766324,0.000739
18906,-17.168917,0.000739
18907,-10.738674,0.000739
18908,-3.786791,0.000739
18909,-13.180525,0.000739
18910,-3.169367,0.000739
18911,-8.238103,0.000739
18912,-15.529455,0.000739
18913,-13.647819,0.000739
18914,-17.378782,0.000739
18915,-16.252392,0.000739
18916,-7.304480,0.000739
18917,-17.663475,0.000739
18918,-14.002957,0.000739
18919,-15.248718,0.000739
18920,-15.070223,0.000739
18921,-10.990096,0.000739
18922,-19.785945,0.000739
18923,-18.255244,0.000739
18924,-21.870829,0.000739
18925,-16.494826,0.000739
18926,-7.699340,0.000739
18927,-7.123084,0.000739
18928,-13.754210,0.000739
18929,-15.836251,0.000739
18930,-12.914420,0.000739
18931,-9.339421,0.000739
18932,-19.358889,0.000739
18933,-17.622614,0.000739
18934,-10.581304,0.000739
18935,-12.244695,0.000739
18936,-13.596576,0.000739
18937,-11.123194,0.000739
18938,-17.486790,0.000739
18939,-13.606946,0.000739
18940,0.941051,0.000739
18941,-6.087445,0.000739
18942,-9.703919,0.000739
18943,-15.601142,0.000739
18944,-16.423708,0.000739
18945,-10.817128,0.000739
18946,-14.109791,0.000739
18947,0.833267,0.000739
18948,-13.782097,0.000739
18949,-9.369749,0.000739
18950,-12.873728,0.000739
18951,-7.109316,0.000739
18952,-17.653253,0.000739
18953,-11.860775,0.000739
18954,-13.635895,0.000739
18955,-7.428700,0.000739
18956,-6.258335,0.000739
18957,-14.056689,0.000739
18958,-20.029549,0.000739
18959,-7.029310,0.000739
18960,-9.351528,0.000739
18961,-12.953614,0.000739
18962,-12.438222,0.000739
18963,-9.242467,0.000739
18964,-10.362276,0.000739
18965,-5.767583,0.000739
18966,-3.622173,0.000739
18967,-5.090491,0.000739
18968,0.862678,0.000739
18969,-9.171304,0.000739
18970,-12.762001,0.000739
18971,-20.815323,0.000739
18972,-12.056573,0.000739
18973,-12.474948,0.000739
18974,-14.954679,0.000739
18975,-8.863451,0.000739
18976,-4.101274,0.000739
18977,-8.535435,0.000739
18978,-9.921291,0.000739
18979,-12.508919,0.000739
18980,-17.783940,0.000739
18981,-16.217911,0.000739
18982,-11.536591,0.000739
18983,-14.747405,0.000739
18984,-19.931717,0.000739
18985,-15.854651,0.000739
18986,-8.942080,0.000739
18987,-18.712548,0.000739
18988,-11.283172,0.000739
18989,-12.391621,0.000739
18990,-19.761349,0.000739
18991,-15.503569,0.000739
18992,-6.628158,0.000739
18993,-10.482570,0.000739
18994,-17.151408,0.000739
18995,-15.232156,0.000739
18996,-7.254252,0.000739
18997,-8.801436,0.000739
18998,-12.415620,0.000739
18999,-10.750583,0.000739
19000,-6.601352,0.000665
19001,-8.442769,0.000665
19002,-17.198115,0.000665
19003,-16.821519,0.000665
19004,-12.075846,0.000665
19005,-15.768753,0.000665
19006,-10.844877,0.000665
19007,-18.434312,0.000665
19008,-3.578935,0.000665
19009,-11.983351,0.000665
19010,-10.656833,0.000665
19011,-18.627371,0.000665
19012,-11.226914,0.000665
19013,-17.529300,0.000665
19014,-16.215654,0.000665
19015,-17.845103,0.000665
19016,-15.618030,0.000665
19017,-4.501165,0.000665
19018,-8.489358,0.000665
19019,-18.613044,0.000665
19020,-6.069628,0.000665
19021,-19.865860,0.000665
19022,-13.169259,0.000665
19023,-14.401956,0.000665
19024,-12.175583,0.000665
19025,-4.516290,0.000665
19026,-5.356368,0.000665
19027,-12.462611,0.000665
19028,-17.126863,0.000665
19029,-8.296544,0.000665
19030,-14.177904,0.000665
19031,-20.139401,0.000665
19032,-10.096933,0.000665
19033,-17.288925,0.000665
19034,-19.238230,0.000665
19035,-17.003905,0.000665
19036,-21.625007,0.000665
19037,3.583968,0.000665
19038,-15.458290,0.000665
19039,-7.148346,0.000665
19040,-17.894005,0.000665
19041,-13.522446,0.000665
19042,-8.974228,0.000665
19043,-14.929737,0.000665
19044,-16.120791,0.000665
19045,-10.530059,0.000665
19046,-8.721198,0.000665
19047,-4.966762,0.000665
19048,-8.512913,0.000665
19049,-20.428169,0.000665
19050,-11.475641,0.000665
19051,-11.078354,0.000665
19052,-25.579420,0.000665
19053,-13.781056,0.000665
19054,-21.450872,0.000665
19055,-9.387334,0.000665
19056,-18.289546,0.000665
19057,-19.164524,0.000665
19058,-8.405425,0.000665
19059,-14.393236,0.000665
19060,-10.665608,0.000665
19061,-13.141988,0.000665
19062,-18.925886,0.000665
19063,-14.171310,0.000665
19064,-13.791143,0.000665
19065,-12.042315,0.000665
19066,-19.316723,0.000665
19067,-13.169117,0.000665
19068,-14.333208,0.000665
19069,-13.742897,0.000665
19070,-9.663199,0.000665
19071,-20.024280,0.000665
19072,-3.225702,0.000665
19073,-21.066704,0.000665
19074,-8.254619,0.000665
19075,-15.682688,0.000665
19076,-10.024008,0.000665
19077,-13.563076,0.000665
19078,-13.411777,0.000665
19079,-13.512047,0.000665
19080,-17.460234,0.000665
19081,-14.145176,0.000665
19082,-16.282656,0.000665
19083,-11.616957,0.000665
19084,-19.945548,0.000665
19085,-14.113475,0.000665
19086,-10.672939,0.000665
19087,-17.507949,0.000665
19088,-6.194390,0.000665
19089,-14.846835,0.000665
19090,-8.560469,0.000665
19091,-7.969521,0.000665
19092,-16.209480,0.000665
19093,-7.559283,0.000665
19094,-13.643667,0.000665
19095,-17.022698,0.000665
19096,-14.542854,0.000665
19097,-5.675392,0.000665
19098,-13.887555,0.000665
19099,-6.109601,0.000665
19100,-16.258083,0.000599
19101,-15.382226,0.000599
19102,-14.115514,0.000599
19103,-21.872170,0.000599
19104,-17.554236,0.000599
19105,-6.836541,0.000599
19106,-17.069435,0.000599
19107,-3.245689,0.000599
19108,-13.388707,0.000599
19109,-14.001878,0.000599
19110,-11.915629,0.000599
19111,-15.726152,0.000599
19112,-10.882085,0.000599
19113,-18.741720,0.000599
19114,-9.486437,0.000599
19115,-17.075484,0.000599
19116,-7.780513,0.000599
19117,-23.433093,0.000599
19118,-9.942525,0.000599
19119,-4.643852,0.000599
19120,-11.483340,0.000599
19121,-11.316319,0.000599
19122,-12.083992,0.000599
19123,-12.956036,0.000599
19124,-12.219455,0.000599
19125,-13.326977,0.000599
19126,-14.284483,0.000599
19127,-17.978540,0.000599
19128,-9.529238,0.000599
19129,-6.266186,0.000599
19130,-3.656833,0.000599
19131,-14.166262,0.000599
19132,-23.225367,0.000599
19133,-13.991598,0.000599
19134,-17.832246,0.000599
19135,-21.200714,0.000599
19136,-2.292914,0.000599
19137,-15.522923,0.000599
19138,-12.857926,0.000599
19139,-9.691349,0.000599
19140,-3.567371,0.000599
19141,-5.711675,0.000599
19142,-14.257845,0.000599
19143,-11.217953,0.000599
19144,-1.572079,0.000599
19145,-12.513431,0.000599
19146,-20.206051,0.000599
19147,-15.168232,0.000599
19148,-9.114267,0.000599
19149,-12.545407,0.000599
19150,-3.796396,0.000599
19151,-5.926858,0.000599
19152,-14.296812,0.000599
19153,-12.807134,0.000599
19154,-18.185753,0.000599
19155,-14.768107,0.000599
19156,2.280788,0.000599
19157,-16.137079,0.000599
19158,-2.208938,0.000599
19159,-11.285668,0.000599
19160,-19.545880,0.000599
19161,-13.444691,0.000599
19162,-10.386635,0.000599
19163,-2.099224,0.000599
19164,-5.313961,0.000599
19165,-7.095896,0.000599
19166,-3.682443,0.000599
19167,-1.855321,0.000599
19168,-3.472721,0.000599
19169,-12.616294,0.000599
19170,-4.270877,0.000599
19171,-5.445193,0.000599
19172,-4.225989,0.000599
19173,-4.562705,0.000599
19174,-4.521776,0.000599
19175,-7.133036,0.000599
19176,-11.120711,0.000599
19177,-1.803704,0.000599
19178,-8.992469,0.000599
19179,-1.832354,0.000599
19180,-10.222641,0.000599
19181,-9.322387,0.000599
19182,-13.728358,0.000599
19183,-13.209072,0.000599
19184,-7.612945,0.000599
19185,-13.217109,0.000599
19186,-8.176626,0.000599
19187,-12.682163,0.000599
19188,-10.084417,0.000599
19189,-5.517618,0.000599
19190,-3.431260,0.000599
19191,-14.825750,0.000599
19192,-6.632869,0.000599
19193,-0.305418,0.000599
19194,-15.386236,0.000599
19195,-14.693356,0.000599
19196,-20.571738,0.000599
19197,-9.157953,0.000599
19198,-10.439087,0.000599
19199,-6.247343,0.000599
19200,-2.968405,0.000539
19201,1.612306,0.000539
19202,-13.996800,0.000539
19203,-3.505703,0.000539
19204,0.587124,0.000539
19205,-9.367370,0.000539
19206,-5.984856,0.000539
19207,-5.444387,0.000539
19208,-0.931409,0.000539
19209,-3.633292,0.000539
19210,-2.985175,0.000539
19211,-10.058595,0.000539
19212,-3.712976,0.000539
19213,-6.993179,0.000539
19214,-8.912872,0.000539
19215,-2.431127,0.000539
19216,-8.881260,0.000539
19217,-9.692317,0.000539
19218,-7.277130,0.000539
19219,5.391306,0.000539
19220,0.400202,0.000539
19221,-4.134309,0.000539
19222,-0.019110,0.000539
19223,-8.737595,0.000539
19224,-8.955411,0.000539
19225,2.369342,0.000539
19226,-6.008746,0.000539
19227,-2.771183,0.000539
19228,-13.393998,0.000539
19229,-17.809434,0.000539
19230,-7.634857,0.000539
19231,-2.458750,0.000539
19232,-8.436382,0.000539
19233,-8.855850,0.000539
19234,-4.265552,0.000539
19235,-12.517525,0.000539
19236,-10.800943,0.000539
19237,-6.310135,0.000539
19238,-16.130791,0.000539
19239,-2.253714,0.000539
19240,-3.903990,0.000539
19241,-1.592114,0.000539
19242,-2.908885,0.000539
19243,-18.848814,0.000539
19244,-20.361416,0.000539
19245,-9.860697,0.000539
19246,-6.153383,0.000539
19247,-13.225115,0.000539
19248,-13.829837,0.000539
19249,-11.611554,0.000539
19250,-17.734380,0.000539
19251,-13.851791,0.000539
19252,-13.819410,0.000539
19253,-1.980160,0.000539
19254,-16.593403,0.000539
19255,-5.624794,0.000539
19256,-23.301674,0.000539
19257,-10.853965,0.000539
19258,-3.933854,0.000539
19259,-8.169409,0.000539
19260,0.979390,0.000539
19261,-10.954492,0.000539
19262,-12.451341,0.000539
19263,-5.084576,0.000539
19264,-13.173256,0.000539
19265,-3.546153,0.000539
19266,-13.246055,0.000539
19267,-3.328984,0.000539
19268,4.692431,0.000539
19269,-7.949227,0.000539
19270,-3.492274,0.000539
19271,1.946581,0.000539
19272,-12.285692,0.000539
19273,-5.383327,0.000539
19274,-6.344087,0.000539
19275,-4.626060,0.000539
19276,-10.833805,0.000539
19277,-7.462926,0.000539
19278,-11.142703,0.000539
19279,-0.355339,0.000539
19280,-4.763853,0.000539
19281,-6.523239,0.000539
19282,-10.637708,0.000539
19283,1.939892,0.000539
19284,-3.669065,0.000539
19285,0.139368,0.000539
19286,-4.419599,0.000539
19287,-10.521294,0.000539
19288,-3.733886,0.000539
19289,-3.281091,0.000539
19290,-7.283627,0.000539
19291,-9.835583,0.000539
19292,-10.956377,0.000539
19293,-12.427381,0.000539
19294,-10.181479,0.000539
19295,-6.833224,0.000539
19296,-5.202355,0.000539
19297,-9.864883,0.000539
19298,-9.792743,0.000539
19299,-7.816033,0.000539
19300,-16.988967,0.000485
19301,-8.308487,0.000485
19302,-9.937911,0.000485
19303,-10.294943,0.000485
19304,-10.219152,0.000485
19305,-6.912778,0.000485
19306,-8.219477,0.000485
19307,-12.483488,0.000485
19308,-9.837763,0.000485
19309,1.139649,0.000485
19310,-4.339741,0.000485
19311,-4.459173,0.000485
19312,-17.505593,0.000485
19313,-13.798563,0.000485
19314,-10.554746,0.000485
19315,-2.021662,0.000485
19316,-10.088641,0.000485
19317,-10.995124,0.000485
19318,-8.672874,0.000485
19319,-2.222672,0.000485
19320,-13.735054,0.000485
19321,-17.198072,0.000485
19322,-6.468661,0.000485
19323,-15.160341,0.000485
19324,-12.458094,0.000485
19325,-5.146388,0.000485
19326,-9.254746,0.000485
19327,-8.996784,0.000485
19328,-4.499459,0.000485
19329,-4.506713,0.000485
19330,-15.380964,0.000485
19331,-9.317403,0.000485
19332,-7.385778,0.000485
19333,-9.406187,0.000485
19334,-11.208312,0.000485
19335,-9.463381,0.000485
19336,-14.829512,0.000485
19337,-7.561802,0.000485
19338,-1.077395,0.000485
19339,-10.630497,0.000485
19340,-12.511540,0.000485
19341,-7.516158,0.000485
19342,-0.982994,0.000485
19343,-5.138789,0.000485
19344,-3.484874,0.000485
19345,0.048041,0.000485
19346,-10.584891,0.000485
19347,-8.321435,0.000485
19348,-7.156553,0.000485
19349,-9.523725,0.000485
19350,0.893901,0.000485
19351,-6.741052,0.000485
19352,-6.244134,0.000485
19353,0.951821,0.000485
19354,-10.289906,0.000485
19355,-6.362961,0.000485
19356,-0.932932,0.000485
19357,-8.381193,0.000485
19358,-14.461660,0.000485
19359,-1.194837,0.000485
19360,-4.252263,0.000485
19361,-6.254294,0.000485
19362,-8.416303,0.000485
19363,-10.619680,0.000485
19364,-15.848530,0.000485
19365,-0.859693,0.000485
19366,-4.272656,0.000485
19367,-15.612523,0.000485
19368,-6.675392,0.000485
19369,-10.269957,0.000485
19370,-12.478732,0.000485
19371,-10.076215,0.000485
19372,-12.836315,0.000485
19373,-3.706888,0.000485
19374,-14.125383,0.000485
19375,-12.566928,0.000485
19376,-4.548633,0.000485
19377,-11.563332,0.000485
19378,-11.659741,0.000485
19379,-8.969709,0.000485
19380,-14.918406,0.000485
19381,-9.322723,0.000485
19382,-6.902508,0.000485
19383,0.313881,0.000485
19384,-9.826794,0.000485
19385,-13.594399,0.000485
19386,-6.629404,0.000485
19387,-11.088004,0.000485
19388,-22.245428,0.000485
19389,-7.858817,0.000485
19390,-7.422607,0.000485
19391,-10.448667,0.000485
19392,-1.843281,0.000485
19393,-2.749101,0.000485
19394,-13.528759,0.000485
19395,-6.031687,0.000485
19396,-5.970037,0.000485
19397,-7.060689,0.000485
19398,-16.230481,0.000485
19399,-11.957885,0.000485
19400,-8.282878,0.000436
19401,-3.982120,0.000436
19402,-6.510136,0.000436
19403,-3.947573,0.000436
19404,-23.999510,0.000436
19405,-19.635181,0.000436
19406,-9.757836,0.000436
19407,-13.246604,0.000436
19408,-14.826107,0.000436
19409,-12.515401,0.000436
19410,-14.049128,0.000436
19411,-8.824608,0.000436
19412,-3.172182,0.000436
19413,4.552348,0.000436
19414,-11.784847,0.000436
19415,-3.412584,0.000436
19416,-15.117424,0.000436
19417,-4.128884,0.000436
19418,-11.667415,0.000436
19419,-6.636829,0.000436
19420,-11.715599,0.000436
19421,-5.274729,0.000436
19422,-17.780963,0.000436
19423,1.477640,0.000436
19424,-8.513973,0.000436
19425,-12.453350,0.000436
19426,-12.096140,0.000436
19427,-5.681944,0.000436
19428,-0.798876,0.000436
19429,-3.004097,0.000436
19430,-4.359999,0.000436
19431,-19.086795,0.000436
19432,-13.105301,0.000436
19433,-18.595642,0.000436
19434,-8.619501,0.000436
19435,-4.196689,0.000436
19436,1.579927,0.000436
19437,-9.868917,0.000436
19438,-10.357615,0.000436
19439,-9.265545,0.000436
19440,-0.309552,0.000436
19441,-8.931903,0.000436
19442,-12.579034,0.000436
19443,-10.508105,0.000436
19444,-12.133939,0.000436
19445,-21.938273,0.000436
19446,-3.627279,0.000436
19447,-10.998493,0.000436
19448,-6.230143,0.000436
19449,-4.859679,0.000436
19450,-13.918193,0.000436
19451,-15.656792,0.000436
19452,-18.669138,0.000436
19453,-8.384751,0.000436
19454,-3.196255,0.000436
19455,-17.773859,0.000436
19456,-7.153070,0.000436
19457,-2.660579,0.000436
19458,1.312187,0.000436
19459,-5.714953,0.000436
19460,-6.568211,0.000436
19461,-19.314883,0.000436
19462,-16.427852,0.000436
19463,-18.313429,0.000436
19464,-17.733493,0.000436
19465,-7.526891,0.000436
19466,-5.848122,0.000436
19467,-20.978736,0.000436
19468,-5.836426,0.000436
19469,-15.608475,0.000436
19470,-13.942190,0.000436
19471,-14.087528,0.000436
19472,-3.389102,0.000436
19473,-9.773541,0.000436
19474,-2.487025,0.000436
19475,-9.886410,0.000436
19476,-7.454909,0.000436
19477,-3.488165,0.000436
19478,-17.041589,0.000436
19479,-17.105996,0.000436
19480,-7.418915,0.000436
19481,-6.793688,0.000436
19482,-7.244585,0.000436
19483,-16.694526,0.000436
19484,-14.617590,0.000436
19485,-4.541902,0.000436
19486,-9.140648,0.000436
19487,-5.754242,0.000436
19488,-28.046718,0.000436
19489,-12.147268,0.000436
19490,-0.563686,0.000436
19491,-16.264917,0.000436
19492,-10.554927,0.000436
19493,-1.017011,0.000436
19494,-9.261285,0.000436
19495,-11.634579,0.000436
19496,-4.165823,0.000436
19497,-5.222947,0.000436
19498,-4.067577,0.000436
19499,-4.301783,0.000436
19500,-7.664609,0.000393
19501,-16.420355,0.000393
19502,-1.633248,0.000393
19503,-1.830487,0.000393
19504,-9.421144,0.000393
19505,-16.681917,0.000393
19506,-6.580712,0.000393
19507,-13.925245,0.000393
19508,-12.514389,0.000393
19509,-15.936818,0.000393
19510,-11.497984,0.000393
19511,-17.565141,0.000393
19512,-2.911498,0.000393
19513,-1.611473,0.000393
19514,-12.576892,0.000393
19515,-6.673006,0.000393
19516,-19.091403,0.000393
19517,-11.668667,0.000393
19518,-9.620527,0.000393
19519,-13.789784,0.000393
19520,1.800082,0.000393
19521,-16.040948,0.000393
19522,-8.355800,0.000393
19523,-1.809232,0.000393
19524,-16.316783,0.000393
19525,-18.317591,0.000393
19526,-14.595277,0.000393
19527,-10.104341,0.000393
19528,-1.718599,0.000393
19529,-14.181102,0.000393
19530,-9.962877,0.000393
19531,-9.853515,0.000393
19532,-3.317502,0.000393
19533,-4.561242,0.000393
19534,-16.035873,0.000393
19535,-4.930111,0.000393
19536,-4.795082,0.000393
19537,-7.296916,0.000393
19538,-10.997229,0.000393
19539,-9.916155,0.000393
19540,-9.096016,0.000393
19541,-11.284031,0.000393
19542,-12.299816,0.000393
19543,-12.507105,0.000393
19544,1.488708,0.000393
19545,-17.660926,0.000393
19546,-2.369892,0.000393
19547,-17.498596,0.000393
19548,-5.307294,0.000393
19549,-12.157656,0.000393
19550,-16.892349,0.000393
19551,-13.650536,0.000393
19552,-4.998867,0.000393
19553,-6.840425,0.000393
19554,-12.644939,0.000393
19555,-9.327275,0.000393
19556,-3.866392,0.000393
19557,-7.899269,0.000393
19558,-13.052664,0.000393
19559,-18.185014,0.000393
19560,-17.630018,0.000393
19561,-5.051441,0.000393
19562,-5.976058,0.000393
19563,-7.339170,0.000393
19564,-14.589450,0.000393
19565,-11.201074,0.000393
19566,-12.557199,0.000393
19567,-6.189684,0.000393
19568,-0.215424,0.000393
19569,-8.693518,0.000393
19570,-9.741090,0.000393
19571,-7.717663,0.000393
19572,-6.839613,0.000393
19573,-10.345548,0.000393
19574,-12.657845,0.000393
19575,-9.556016,0.000393
19576,-7.005392,0.000393
19577,-5.271371,0.000393
19578,-8.789020,0.000393
19579,-5.455256,0.000393
19580,-3.810737,0.000393
19581,-13.077795,0.000393
19582,-2.222899,0.000393
19583,-1.228205,0.000393
19584,-10.289005,0.000393
19585,0.514642,0.000393
19586,-13.974075,0.000393
19587,-2.401825,0.000393
19588,-5.906531,0.000393
19589,-3.343183,0.000393
19590,-15.300205,0.000393
19591,-6.230659,0.000393
19592,-11.968978,0.000393
19593,-6.034978,0.000393
19594,-4.122163,0.000393
19595,-6.004333,0.000393
19596,-16.472091,0.000393
19597,-12.862702,0.000393
19598,-7.298031,0.000393
19599,-6.291044,0.000393
19600,-6.322718,0.000353
19601,-12.692800,0.000353
19602,-7.249610,0.000353
19603,-7.918652,0.000353
19604,-17.009181,0.000353
19605,-9.306886,0.000353
19606,-4.862348,0.000353
19607,-11.621545,0.000353
19608,1.908510,0.000353
19609,-11.353112,0.000353
19610,0.262401,0.000353
19611,-3.605949,0.000353
19612,1.946795,0.000353
19613,-16.713736,0.000353
19614,-1.583283,0.000353
19615,-8.934756,0.000353
19616,-8.488066,0.000353
19617,-0.370958,0.000353
19618,-13.439468,0.000353
19619,-14.860816,0.000353
19620,-3.388911,0.000353
19621,-6.257953,0.000353
19622,-13.771262,0.000353
19623,-11.589758,0.000353
19624,-6.882395,0.000353
19625,-9.726223,0.000353
19626,-6.091699,0.000353
19627,-9.937967,0.000353
19628,-6.772900,0.000353
19629,-2.824540,0.000353
19630,-5.379804,0.000353
19631,6.255513,0.000353
19632,-13.441369,0.000353
19633,-10.851779,0.000353
19634,-5.512934,0.000353
19635,-17.741158,0.000353
19636,-8.133899,0.000353
19637,-11.337295,0.000353
19638,-8.536046,0.000353
19639,-2.227035,0.000353
19640,0.648137,0.000353
19641,-4.447537,0.000353
19642,-11.613316,0.000353
19643,-9.750338,0.000353
19644,-12.595027,0.000353
19645,2.013140,0.000353
19646,-15.104654,0.000353
19647,-8.878317,0.000353
19648,-5.473190,0.000353
19649,-8.109938,0.000353
19650,-12.457843,0.000353
19651,-7.970301,0.000353
19652,-1.969213,0.000353
19653,-3.447678,0.000353
19654,-2.436062,0.000353
19655,-5.512210,0.000353
19656,-7.400003,0.000353
19657,-16.231187,0.000353
19658,-14.150781,0.000353
19659,-10.130760,0.000353
19660,-6.815832,0.000353
19661,-18.310199,0.000353
19662,-14.790447,0.000353
19663,0.363103,0.000353
19664,-10.094448,0.000353
19665,-0.167296,0.000353
19666,-11.538004,0.000353
19667,-8.218539,0.000353
19668,-7.991018,0.000353
19669,-7.204180,0.000353
19670,-2.199681,0.000353
19671,-12.913192,0.000353
19672,-7.356464,0.000353
19673,-10.880410,0.000353
19674,-3.576285,0.000353
19675,-6.491039,0.000353
19676,-12.453959,0.000353
19677,-6.723188,0.000353
19678,-8.962383,0.000353
19679,-4.791940,0.000353
19680,-12.723823,0.000353
19681,-6.706795,0.000353
19682,-8.292236,0.000353
19683,-8.860818,0.000353
19684,-1.551178,0.000353
19685,-19.267482,0.000353
19686,-5.156529,0.000353
19687,-8.959140,0.000353
19688,-0.933734,0.000353
19689,-7.905920,0.000353
19690,-14.593486,0.000353
19691,-16.037191,0.000353
19692,-10.745999,0.000353
19693,-15.964579,0.000353
19694,-0.684978,0.000353
19695,-6.552898,0.000353
19696,-4.228324,0.000353
19697,-9.141105,0.000353
19698,-4.863618,0.000353
19699,-16.574684,0.000353
19700,-20.243188,0.000318
19701,-11.899962,0.000318
19702,-7.669359,0.000318
19703,-14.825811,0.000318
19704,-7.914725,0.000318
19705,-1.586494,0.000318
19706,-21.359253,0.000318
19707,-2.118084,0.000318
19708,-16.832578,0.000318
19709,-16.424944,0.000318
19710,-6.917099,0.000318
19711,-10.426187,0.000318
19712,-7.924079,0.000318
19713,-1.883770,0.000318
19714,-8.888249,0.000318
19715,-18.501745,0.000318
19716,-9.698361,0.000318
19717,-9.147001,0.000318
19718,-7.088519,0.000318
19719,-3.051433,0.000318
19720,-8.260021,0.000318
19721,-13.879662,0.000318
19722,-15.102495,0.000318
19723,-8.452960,0.000318
19724,-2.671150,0.000318
19725,-5.587122,0.000318
19726,-18.196287,0.000318
19727,2.866475,0.000318
19728,-8.218683,0.000318
19729,-2.080056,0.000318
19730,-11.828868,0.000318
19731,-3.735953,0.000318
19732,-4.512231,0.000318
19733,-15.396907,0.000318
19734,-8.174094,0.000318
19735,-5.521966,0.000318
19736,-11.929808,0.000318
19737,-9.877738,0.000318
19738,-8.928001,0.000318
19739,-15.590858,0.000318
19740,-11.070744,0.000318
19741,1.173400,0.000318
19742,-12.934868,0.000318
19743,-10.983164,0.000318
19744,-14.854937,0.000318
19745,-5.424404,0.000318
19746,-13.824491,0.000318
19747,-5.601101,0.000318
19748,-9.787811,0.000318
19749,0.490564,0.000318
19750,-13.568350,0.000318
19751,-15.557327,0.000318
19752,-17.058898,0.000318
19753,-8.257224,0.000318
19754,-11.493292,0.000318
19755,-6.672961,0.000318
19756,-7.327929,0.000318
19757,-2.847688,0.000318
19758,-11.927897,0.000318
19759,-2.073157,0.000318
19760,-11.079755,0.000318
19761,-9.183718,0.000318
19762,-3.478287,0.000318
19763,-10.206472,0.000318
19764,-16.699026,0.000318
19765,-10.353159,0.000318
19766,-20.304271,0.000318
19767,-17.125471,0.000318
19768,-10.050297,0.000318
19769,-12.825477,0.000318
19770,-18.023376,0.000318
19771,-5.026107,0.000318
19772,-9.365360,0.000318
19773,-4.521018,0.000318
19774,3.603275,0.000318
19775,-17.198262,0.000318
19776,-5.672061,0.000318
19777,-18.973681,0.000318
19778,-8.409324,0.000318
19779,-6.318962,0.000318
19780,-1.270566,0.000318
19781,-12.912385,0.000318
19782,-13.359960,0.000318
19783,-14.489363,0.000318
19784,-14.483109,0.000318
19785,-11.781743,0.000318
19786,-17.301964,0.000318
19787,-11.714500,0.000318
19788,1.779976,0.000318
19789,-7.488188,0.000318
19790,0.173097,0.000318
19791,-13.879603,0.000318
19792,-8.033584,0.000318
19793,-23.289611,0.000318
19794,-8.111762,0.000318
19795,-18.431009,0.000318
19796,-18.774415,0.000318
19797,-10.604041,0.000318
19798,-12.355249,0.000318
19799,-5.402273,0.000318
19800,-17.082478,0.000286
19801,-9.478749,0.000286
19802,-3.021570,0.000286
19803,-18.158430,0.000286
19804,-19.468763,0.000286
19805,-12.409340,0.000286
19806,-20.370320,0.000286
19807,-11.270569,0.000286
19808,-23.174680,0.000286
19809,-12.017192,0.000286
19810,-10.593267,0.000286
19811,-12.246819,0.000286
19812,-12.729917,0.000286
19813,-10.854326,0.000286
19814,-6.347468,0.000286
19815,-19.107319,0.000286
19816,-11.070782,0.000286
19817,-16.260437,0.000286
19818,-2.594072,0.000286
19819,-12.025510,0.000286
19820,-9.306800,0.000286
19821,-15.687005,0.000286
19822,-8.791311,0.000286
19823,-6.620771,0.000286
19824,-3.860518,0.000286
19825,-15.236483,0.000286
19826,-8.288509,0.000286
19827,-9.646016,0.000286
19828,-8.529217,0.000286
19829,1.919287,0.000286
19830,-12.886661,0.000286
19831,-13.123038,0.000286
19832,-10.093402,0.000286
19833,-12.810465,0.000286
19834,-8.396634,0.000286
19835,-17.942905,0.000286
19836,-13.265608,0.000286
19837,-9.104207,0.000286
19838,-12.123346,0.000286
19839,-13.540722,0.000286
19840,-11.675732,0.000286
19841,-11.222887,0.000286
19842,-11.017620,0.000286
19843,-7.209032,0.000286
19844,-17.021753,0.000286
19845,-7.028779,0.000286
19846,-13.694296,0.000286
19847,-10.819586,0.000286
19848,-14.229835,0.000286
19849,-12.972808,0.000286
19850,-10.170472,0.000286
19851,-15.421585,0.000286
19852,-6.081791,0.000286
19853,-9.796181,0.000286
19854,-12.687228,0.000286
19855,-7.567137,0.000286
19856,-2.618205,0.000286
19857,-22.562786,0.000286
19858,-12.952711,0.000286
19859,-7.192165,0.000286
19860,-16.697481,0.000286
19861,-9.420837,0.000286
19862,-10.549848,0.000286
19863,-18.681644,0.000286
19864,-17.708721,0.000286
19865,-10.628995,0.000286
19866,-10.310863,0.000286
19867,-24.055953,0.000286
19868,-13.265540,0.000286
19869,-4.793173,0.000286
19870,-4.360962,0.000286
19871,-17.486078,0.000286
19872,-19.767951,0.000286
19873,-15.404041,0.000286
19874,-8.300180,0.000286
19875,-8.771664,0.000286
19876,-8.338516,0.000286
19877,-12.207600,0.000286
19878,-8.699590,0.000286
19879,-12.768872,0.000286
19880,-14.250303,0.000286
19881,-15.167888,0.000286
19882,-9.866965,0.000286
19883,-2.937361,0.000286
19884,-20.492703,0.000286
19885,2.055768,0.000286
19886,-20.248684,0.000286
19887,-9.113786,0.000286
19888,-9.769633,0.000286
19889,-0.435590,0.000286
19890,-15.326076,0.000286
19891,-3.137421,0.000286
19892,-3.495561,0.000286
19893,-8.210800,0.000286
19894,-7.174666,0.000286
19895,-2.692376,0.000286
19896,-6.028532,0.000286
19897,0.752743,0.000286
19898,-4.381453,0.000286
19899,-11.234904,0.000286
19900,-4.660243,0.000258
19901,-17.453349,0.000258
19902,-6.092569,0.000258
19903,-19.586192,0.000258
19904,-5.995331,0.000258
19905,-8.852709,0.000258
19906,-9.511487,0.000258
19907,-0.668898,0.000258
19908,-12.534582,0.000258
19909,-9.058256,0.000258
19910,-6.819054,0.000258
19911,-17.522026,0.000258
19912,-9.865208,0.000258
19913,-2.676244,0.000258
19914,-9.771650,0.000258
19915,-2.668556,0.000258
19916,-9.817595,0.000258
19917,-14.595345,0.000258
19918,-6.415147,0.000258
19919,-8.019107,0.000258
19920,-11.551269,0.000258
19921,-3.513285,0.000258
19922,-7.722457,0.000258
19923,-2.477190,0.000258
19924,-11.113110,0.000258
19925,-12.223999,0.000258
19926,0.821967,0.000258
19927,-16.798135,0.000258
19928,-11.396715,0.000258
19929,-7.512044,0.000258
19930,-12.293277,0.000258
19931,-2.721029,0.000258
19932,0.064520,0.000258
19933,-3.940099,0.000258
19934,-12.979531,0.000258
19935,-6.985837,0.000258
19936,-10.729256,0.000258
19937,-8.887077,0.000258
19938,-11.746005,0.000258
19939,-6.190731,0.000258
19940,-11.309766,0.000258
19941,-13.788215,0.000258
19942,-7.714385,0.000258
19943,4.872173,0.000258
19944,-5.900049,0.000258
19945,-12.651325,0.000258
19946,-13.217349,0.000258
19947,-15.682367,0.000258
19948,-1.935611,0.000258
19949,-9.734560,0.000258
19950,-5.733174,0.000258
19951,-11.424904,0.000258
19952,-5.692420,0.000258
19953,-6.467994,0.000258
19954,-13.308687,0.000258
19955,-10.288605,0.000258
19956,-9.814210,0.000258
19957,-16.044723,0.000258
19958,-12.046587,0.000258
19959,-12.398215,0.000258
19960,-12.078578,0.000258
19961,-7.646893,0.000258
19962,-9.651171,0.000258
19963,-4.766371,0.000258
19964,-11.924639,0.000258
19965,-2.769187,0.000258
19966,-16.605452,0.000258
19967,-15.522764,0.000258
19968,0.054074,0.000258
19969,-9.320169,0.000258
19970,-5.757629,0.000258
19971,-4.075026,0.000258
19972,-8.137886,0.000258
19973,-6.900632,0.000258
19974,-7.045621,0.000258
19975,-9.199071,0.000258
19976,-9.842567,0.000258
19977,-12.097258,0.000258
19978,-6.322985,0.000258
19979,-9.385246,0.000258
19980,-12.679713,0.000258
19981,-13.899210,0.000258
19982,-8.544365,0.000258
19983,-16.777544,0.000258
19984,-10.569485,0.000258
19985,0.728655,0.000258
19986,-7.103226,0.000258
19987,-6.930618,0.000258
19988,-6.077501,0.000258
19989,-17.390434,0.000258
19990,-12.193654,0.000258
19991,-8.545212,0.000258
19992,-8.504625,0.000258
19993,-6.092578,0.000258
19994,-10.061338,0.000258
19995,-7.376419,0.000258
19996,-17.778123,0.000258
19997,-12.007396,0.000258
19998,-9.060642,0.000258
19999,-10.624860,0.000258
20000,-15.460348,0.000232
