episode,avg_reward,noise_std
1,-203.509612,0.298800
2,-181.262793,0.297605
3,-127.215596,0.296414
4,-206.726457,0.295229
5,-174.814146,0.294048
6,-81.393181,0.292872
7,-17.867380,0.291700
8,-29.692292,0.290533
9,-3.435936,0.289371
10,-19.403584,0.288214
11,-24.167844,0.287061
12,-25.847899,0.285913
13,-23.129405,0.284769
14,-20.187235,0.283630
15,-15.658738,0.282495
16,-19.857320,0.281365
17,-17.900903,0.280240
18,-23.059274,0.279119
19,-31.383753,0.278002
20,-49.811689,0.276890
21,-91.930042,0.275783
22,-101.822699,0.274680
23,-127.707252,0.273581
24,-27.533836,0.272487
25,-64.250439,0.271397
26,-70.336626,0.270311
27,-57.462184,0.269230
28,-23.569265,0.268153
29,-41.172538,0.267080
30,-79.044234,0.266012
31,-35.047028,0.264948
32,-15.192880,0.263888
33,20.873601,0.262833
34,16.096961,0.261781
35,22.841252,0.260734
36,16.792975,0.259691
37,14.195725,0.258653
38,13.451116,0.257618
39,2.466126,0.256587
40,-15.157622,0.255561
41,9.140416,0.254539
42,13.863599,0.253521
43,-4.689860,0.252507
44,18.692479,0.251497
45,11.110453,0.250491
46,1.242197,0.249489
47,-10.962405,0.248491
48,-14.055832,0.247497
49,-29.782841,0.246507
50,-56.738817,0.245521
51,-15.600358,0.244539
52,-2.616009,0.243560
53,-2.468330,0.242586
54,-3.860224,0.241616
55,17.692571,0.240649
56,-5.534615,0.239687
57,-6.515717,0.238728
58,10.678906,0.237773
59,-6.626835,0.236822
60,-0.748807,0.235875
61,16.930756,0.234931
62,13.865864,0.233992
63,9.220575,0.233056
64,-11.432746,0.232123
65,-9.239051,0.231195
66,5.674762,0.230270
67,-0.503018,0.229349
68,-3.305087,0.228432
69,-25.180332,0.227518
70,-3.232499,0.226608
71,-22.938229,0.225701
72,-23.413573,0.224799
73,-6.154259,0.223899
74,-12.850251,0.223004
75,-21.894978,0.222112
76,-15.711056,0.221223
77,-13.384120,0.220338
78,-14.050957,0.219457
79,-18.779020,0.218579
80,-20.226815,0.217705
81,-31.033540,0.216834
82,-25.936025,0.215967
83,-47.124908,0.215103
84,-38.154024,0.214243
85,-14.280328,0.213386
86,-16.777778,0.212532
87,-59.071324,0.211682
88,-29.426163,0.210835
89,-58.971808,0.209992
90,-42.444073,0.209152
91,-34.173188,0.208315
92,-23.485654,0.207482
93,-30.718862,0.206652
94,-20.017562,0.205825
95,-38.624681,0.205002
96,-3.794077,0.204182
97,-45.459415,0.203365
98,-13.153232,0.202552
99,-45.701497,0.201742
100,-28.191818,0.200935
101,-7.948214,0.200131
102,-22.795916,0.199331
103,-16.312669,0.198533
104,-6.802085,0.197739
105,-10.702942,0.196948
106,11.034290,0.196160
107,-8.414944,0.195376
108,-16.792389,0.194594
109,-55.317440,0.193816
110,-32.699925,0.193041
111,-25.655651,0.192268
112,-23.305972,0.191499
113,-39.705465,0.190733
114,-39.597478,0.189970
115,-22.731346,0.189210
116,-46.087098,0.188454
117,-18.024779,0.187700
118,-41.918963,0.186949
119,-7.302310,0.186201
120,-72.111118,0.185456
121,-42.638622,0.184715
122,-18.760514,0.183976
123,0.304905,0.183240
124,-15.889623,0.182507
125,-0.455712,0.181777
126,-48.804894,0.181050
127,-20.757291,0.180326
128,-32.562326,0.179604
129,-39.419969,0.178886
130,-38.109229,0.178170
131,-29.519000,0.177458
132,-30.891879,0.176748
133,-43.769075,0.176041
134,-54.725177,0.175337
135,-29.310375,0.174635
136,-24.565518,0.173937
137,-55.509636,0.173241
138,-37.490301,0.172548
139,-50.440417,0.171858
140,3.517303,0.171170
141,-35.408242,0.170486
142,-31.019854,0.169804
143,-40.285524,0.169125
144,-44.932775,0.168448
145,-40.396947,0.167774
146,16.807242,0.167103
147,-2.479056,0.166435
148,-37.632030,0.165769
149,-35.621571,0.165106
150,-10.400567,0.164446
151,-26.678424,0.163788
152,4.268810,0.163133
153,-23.401479,0.162480
154,-59.241477,0.161830
155,3.953784,0.161183
156,-44.229292,0.160538
157,-14.414983,0.159896
158,-36.700947,0.159256
159,3.132989,0.158619
160,-22.249046,0.157985
161,-17.932461,0.157353
162,-7.041014,0.156723
163,-34.340036,0.156097
164,-31.776768,0.155472
165,-32.762708,0.154850
166,-35.196218,0.154231
167,0.756043,0.153614
168,6.635478,0.153000
169,-4.705539,0.152388
170,-38.727252,0.151778
171,-17.153497,0.151171
172,15.536502,0.150566
173,-85.225132,0.149964
174,-3.567309,0.149364
175,-13.326494,0.148767
176,-41.882988,0.148172
177,-36.297289,0.147579
178,-6.725323,0.146989
179,-23.456209,0.146401
180,-32.510073,0.145815
181,-16.683250,0.145232
182,-75.801489,0.144651
183,-76.650709,0.144072
184,7.750549,0.143496
185,-24.837784,0.142922
186,-68.388263,0.142350
187,-128.599405,0.141781
188,-22.679471,0.141214
189,-39.732626,0.140649
190,-83.000286,0.140086
191,-45.422630,0.139526
192,-53.629884,0.138968
193,2.915276,0.138412
194,-53.399401,0.137858
195,-21.110585,0.137307
196,-50.386968,0.136758
197,-43.145644,0.136211
198,-59.328048,0.135666
199,1.654984,0.135123
200,-22.087706,0.134583
201,-42.400706,0.134044
202,-28.225270,0.133508
203,-15.336154,0.132974
204,-70.978680,0.132442
205,-22.338695,0.131912
206,-6.941444,0.131385
207,-33.045285,0.130859
208,-20.252829,0.130336
209,-44.960660,0.129814
210,-14.148775,0.129295
211,-28.070967,0.128778
212,-48.299590,0.128263
213,-28.267643,0.127750
214,-38.268927,0.127239
215,-35.658050,0.126730
216,-6.053315,0.126223
217,-23.216461,0.125718
218,-31.671103,0.125215
219,-19.793919,0.124714
220,-19.837165,0.124215
221,-50.453218,0.123719
222,-51.770088,0.123224
223,-53.133928,0.122731
224,-44.973605,0.122240
225,-31.064581,0.121751
226,-58.064475,0.121264
227,-86.050892,0.120779
228,-42.248579,0.120296
229,-51.056229,0.119815
230,-11.777998,0.119335
231,-39.667430,0.118858
232,-37.447785,0.118383
233,-22.555349,0.117909
234,-59.912903,0.117437
235,-44.243149,0.116968
236,-29.408584,0.116500
237,-44.018036,0.116034
238,-56.374882,0.115570
239,-37.345603,0.115107
240,-37.084500,0.114647
241,-41.226459,0.114188
242,-69.852579,0.113732
243,-12.216994,0.113277
244,-69.291539,0.112824
245,8.750330,0.112372
246,-48.834866,0.111923
247,-61.774731,0.111475
248,-36.004951,0.111029
249,-20.205967,0.110585
250,-51.855960,0.110143
251,-42.495060,0.109702
252,-54.560381,0.109263
253,-44.662338,0.108826
254,-20.045490,0.108391
255,-35.352539,0.107957
256,-60.637344,0.107526
257,-42.548663,0.107096
258,-12.723365,0.106667
259,-24.616442,0.106240
260,-22.706132,0.105815
261,-20.785304,0.105392
262,-52.847935,0.104971
263,-7.192185,0.104551
264,-1.032993,0.104133
265,-76.537530,0.103716
266,-37.981347,0.103301
267,-15.590907,0.102888
268,-49.110870,0.102476
269,-5.852033,0.102067
270,-43.126212,0.101658
271,-58.975923,0.101252
272,-74.757851,0.100847
273,-25.844780,0.100443
274,-41.374845,0.100041
275,-58.541317,0.099641
276,-21.935509,0.099243
277,-33.250036,0.098846
278,-30.504776,0.098450
279,-35.534333,0.098057
280,2.906457,0.097664
281,-28.682931,0.097274
282,-32.222042,0.096885
283,-34.704570,0.096497
284,-39.849015,0.096111
285,-55.972110,0.095727
286,-38.435639,0.095344
287,-11.731678,0.094962
288,0.912902,0.094582
289,-26.879309,0.094204
290,-55.183700,0.093827
291,-40.888913,0.093452
292,-6.330248,0.093078
293,-55.108501,0.092706
294,-49.967622,0.092335
295,-12.786228,0.091966
296,-33.373363,0.091598
297,-7.560431,0.091231
298,-64.919060,0.090867
299,-28.021140,0.090503
300,-24.381077,0.090141
301,-29.660625,0.089781
302,-46.266764,0.089421
303,-50.212969,0.089064
304,-68.005161,0.088707
305,-17.474950,0.088353
306,-5.935928,0.087999
307,-11.719825,0.087647
308,-40.069423,0.087297
309,-57.599081,0.086947
310,-32.045342,0.086600
311,-26.901680,0.086253
312,-37.963737,0.085908
313,-56.076777,0.085565
314,-15.333050,0.085222
315,-22.873249,0.084881
316,-11.478639,0.084542
317,-0.998354,0.084204
318,-4.985481,0.083867
319,-21.516992,0.083531
320,-3.585162,0.083197
321,0.595724,0.082865
322,-40.421223,0.082533
323,-32.572089,0.082203
324,-27.650404,0.081874
325,-62.824832,0.081547
326,-41.062492,0.081220
327,-44.297338,0.080896
328,-59.733603,0.080572
329,-51.368279,0.080250
330,-21.508785,0.079929
331,-39.284475,0.079609
332,-11.961681,0.079291
333,-48.995824,0.078973
334,-12.103277,0.078658
335,-9.064661,0.078343
336,-32.180124,0.078030
337,-31.353284,0.077717
338,-43.590666,0.077407
339,-22.731927,0.077097
340,-20.015782,0.076789
341,-4.860322,0.076481
342,-39.705357,0.076175
343,-38.775462,0.075871
344,-26.899802,0.075567
345,-11.593433,0.075265
346,-9.234706,0.074964
347,-6.463379,0.074664
348,-44.650338,0.074365
349,-27.543001,0.074068
350,-35.888813,0.073772
351,13.232056,0.073477
352,5.278192,0.073183
353,-34.675124,0.072890
354,-30.868708,0.072598
355,-55.219601,0.072308
356,-34.757335,0.072019
357,-31.926257,0.071731
358,-31.996487,0.071444
359,-33.799322,0.071158
360,-53.005700,0.070873
361,-53.998721,0.070590
362,-59.343884,0.070308
363,-59.360130,0.070026
364,-56.678953,0.069746
365,-58.537516,0.069467
366,-59.534964,0.069189
367,-63.918656,0.068913
368,-70.419995,0.068637
369,-58.556646,0.068362
370,-64.443839,0.068089
371,-80.756026,0.067817
372,-56.786501,0.067545
373,-74.075868,0.067275
374,-50.248871,0.067006
375,-55.803311,0.066738
376,-43.708431,0.066471
377,-62.939464,0.066205
378,-51.965736,0.065940
379,-35.085925,0.065677
380,-86.458360,0.065414
381,-40.279285,0.065152
382,-56.341013,0.064892
383,-26.119517,0.064632
384,-25.796504,0.064374
385,-14.642197,0.064116
386,-11.951574,0.063860
387,-31.090144,0.063604
388,-10.761564,0.063350
389,11.353632,0.063096
390,-19.970072,0.062844
391,-24.702245,0.062593
392,-39.448361,0.062342
393,-45.893435,0.062093
394,-53.196741,0.061844
395,-14.087850,0.061597
396,-75.345995,0.061351
397,-22.339336,0.061105
398,-43.342017,0.060861
399,-36.482190,0.060617
400,-29.788210,0.060375
401,-18.750986,0.060133
402,-24.269782,0.059893
403,-9.716865,0.059653
404,-64.852666,0.059415
405,-16.098983,0.059177
406,-22.768089,0.058940
407,-22.372854,0.058705
408,-44.863435,0.058470
409,-8.888895,0.058236
410,-3.891798,0.058003
411,-18.977143,0.057771
412,-11.028108,0.057540
413,-65.534942,0.057310
414,-14.372276,0.057080
415,7.459182,0.056852
416,-26.038692,0.056625
417,4.533251,0.056398
418,-35.413417,0.056173
419,-13.240040,0.055948
420,14.761471,0.055724
421,-33.324725,0.055501
422,-8.200704,0.055279
423,-23.024357,0.055058
424,-37.832246,0.054838
425,-25.828772,0.054619
426,-36.370453,0.054400
427,-7.612104,0.054182
428,-1.509720,0.053966
429,-2.255400,0.053750
430,-5.858462,0.053535
431,-24.695543,0.053321
432,-31.335713,0.053107
433,-28.702193,0.052895
434,-29.840587,0.052683
435,5.452717,0.052473
436,-19.557951,0.052263
437,-6.277368,0.052054
438,-13.523892,0.051846
439,-2.383500,0.051638
440,-8.153349,0.051432
441,7.390934,0.051226
442,-2.093971,0.051021
443,-15.817336,0.050817
444,-8.503686,0.050614
445,9.838460,0.050411
446,5.359732,0.050210
447,-6.407142,0.050009
448,-3.578587,0.050000
449,-5.798436,0.050000
450,-12.131282,0.050000
451,2.286349,0.050000
452,-27.228599,0.050000
453,18.243840,0.050000
454,-0.125911,0.050000
455,-19.217561,0.050000
456,-20.120587,0.050000
457,-33.695638,0.050000
458,1.006176,0.050000
459,-8.831212,0.050000
460,-8.174031,0.050000
461,-3.342381,0.050000
462,-22.084714,0.050000
463,9.758442,0.050000
464,1.886270,0.050000
465,-23.759200,0.050000
466,-11.026893,0.050000
467,-0.130083,0.050000
468,-12.726972,0.050000
469,8.885369,0.050000
470,-1.523136,0.050000
471,-18.397347,0.050000
472,-4.080751,0.050000
473,-33.194821,0.050000
474,-39.584540,0.050000
475,-30.695859,0.050000
476,-34.078119,0.050000
477,-45.215011,0.050000
478,-21.997560,0.050000
479,1.365798,0.050000
480,-21.426335,0.050000
481,-28.319817,0.050000
482,-43.635901,0.050000
483,-20.322738,0.050000
484,-59.417444,0.050000
485,-73.286001,0.050000
486,-12.066409,0.050000
487,-21.330632,0.050000
488,-61.360991,0.050000
489,2.046150,0.050000
490,-34.059438,0.050000
491,-30.905714,0.050000
492,-41.667484,0.050000
493,-11.682167,0.050000
494,-2.694563,0.050000
495,-0.675735,0.050000
496,8.932127,0.050000
497,-12.446668,0.050000
498,-20.457116,0.050000
499,-2.355119,0.050000
500,-48.343973,0.050000
501,-20.664088,0.050000
502,1.926146,0.050000
503,-18.618062,0.050000
504,-0.885645,0.050000
505,-10.225803,0.050000
506,-32.529750,0.050000
507,6.484386,0.050000
508,-42.094661,0.050000
509,-14.397746,0.050000
510,-0.826515,0.050000
511,15.534635,0.050000
512,-10.077283,0.050000
513,8.004808,0.050000
514,-2.010330,0.050000
515,-0.085231,0.050000
516,3.030764,0.050000
517,-11.468518,0.050000
518,-4.737243,0.050000
519,14.435155,0.050000
520,-5.099978,0.050000
521,-4.130335,0.050000
522,-3.822317,0.050000
523,19.745541,0.050000
524,3.202511,0.050000
525,12.817458,0.050000
526,-6.746054,0.050000
527,-14.727914,0.050000
528,-3.003493,0.050000
529,-14.278896,0.050000
530,-15.316690,0.050000
531,20.849825,0.050000
532,-32.368587,0.050000
533,-21.369974,0.050000
534,-19.929072,0.050000
535,-35.676485,0.050000
536,-38.494064,0.050000
537,-21.329461,0.050000
538,10.226706,0.050000
539,10.806019,0.050000
540,-22.168170,0.050000
541,-5.713607,0.050000
542,-5.370565,0.050000
543,-17.416454,0.050000
544,-1.253805,0.050000
545,-5.924759,0.050000
546,-31.192689,0.050000
547,-36.830329,0.050000
548,-20.735169,0.050000
549,-13.831757,0.050000
550,5.241383,0.050000
551,6.482012,0.050000
552,-15.327624,0.050000
553,-7.530512,0.050000
554,-10.380789,0.050000
555,12.097983,0.050000
556,-17.310195,0.050000
557,-22.108094,0.050000
558,-9.789432,0.050000
559,-28.227464,0.050000
560,-30.897475,0.050000
561,-5.747985,0.050000
562,-19.471358,0.050000
563,-36.882122,0.050000
564,9.071989,0.050000
565,-26.917960,0.050000
566,-22.948524,0.050000
567,-9.293133,0.050000
568,-29.898154,0.050000
569,-18.956428,0.050000
570,-29.682703,0.050000
571,-2.934254,0.050000
572,-4.749046,0.050000
573,-21.262715,0.050000
574,-32.715964,0.050000
575,-6.349229,0.050000
576,-14.057786,0.050000
577,-1.931464,0.050000
578,-12.914548,0.050000
579,-4.267295,0.050000
580,-34.494034,0.050000
581,-11.843977,0.050000
582,-10.763539,0.050000
583,-17.091829,0.050000
584,-30.448595,0.050000
585,5.290103,0.050000
586,-40.533118,0.050000
587,-27.474136,0.050000
588,-10.237782,0.050000
589,-75.455895,0.050000
590,-25.770947,0.050000
591,-33.226812,0.050000
592,-46.030628,0.050000
593,-35.996272,0.050000
594,7.700241,0.050000
595,23.475873,0.050000
596,-9.979866,0.050000
597,-35.550918,0.050000
598,-18.329192,0.050000
599,-19.828029,0.050000
600,-9.385351,0.050000
601,-2.161721,0.050000
602,-8.508693,0.050000
603,1.414955,0.050000
604,-7.414040,0.050000
605,-33.087891,0.050000
606,-6.191295,0.050000
607,-3.836938,0.050000
608,-12.343110,0.050000
609,-12.369535,0.050000
610,-11.480385,0.050000
611,-9.317186,0.050000
612,-30.022354,0.050000
613,-65.605547,0.050000
614,-21.071835,0.050000
615,-29.812652,0.050000
616,-5.449520,0.050000
617,-35.047308,0.050000
618,-23.463548,0.050000
619,-14.637973,0.050000
620,-11.226841,0.050000
621,-9.601113,0.050000
622,-42.732084,0.050000
623,-25.047760,0.050000
624,-36.825285,0.050000
625,2.312406,0.050000
626,-38.246860,0.050000
627,-23.083694,0.050000
628,6.511574,0.050000
629,-24.560488,0.050000
630,2.237519,0.050000
631,2.321126,0.050000
632,13.362112,0.050000
633,-19.097939,0.050000
634,-13.455842,0.050000
635,-15.427891,0.050000
636,-38.673740,0.050000
637,-20.105031,0.050000
638,-38.694058,0.050000
639,-36.931980,0.050000
640,-41.883197,0.050000
641,-46.157285,0.050000
642,-11.233170,0.050000
643,-5.600151,0.050000
644,-4.617862,0.050000
645,-16.448665,0.050000
646,-7.223850,0.050000
647,18.933087,0.050000
648,-43.226091,0.050000
649,-45.815291,0.050000
650,-26.323685,0.050000
651,-5.325117,0.050000
652,-11.354012,0.050000
653,-38.968534,0.050000
654,-35.736218,0.050000
655,-22.466901,0.050000
656,-22.994255,0.050000
657,-18.854046,0.050000
658,1.718905,0.050000
659,-16.183629,0.050000
660,-23.843333,0.050000
661,-35.551493,0.050000
662,-24.491654,0.050000
663,-26.425083,0.050000
664,-17.434575,0.050000
665,-34.011856,0.050000
666,-6.462723,0.050000
667,-33.447523,0.050000
668,-2.889742,0.050000
669,-10.319281,0.050000
670,0.917457,0.050000
671,-17.472592,0.050000
672,-20.163470,0.050000
673,-6.480176,0.050000
674,-27.228557,0.050000
675,-21.592276,0.050000
676,-25.899568,0.050000
677,-13.565009,0.050000
678,-17.714118,0.050000
679,-22.627139,0.050000
680,-25.611501,0.050000
681,-9.347375,0.050000
682,-6.328243,0.050000
683,-14.846088,0.050000
684,-32.020867,0.050000
685,-35.262137,0.050000
686,10.095195,0.050000
687,7.458291,0.050000
688,-17.577422,0.050000
689,11.996864,0.050000
690,-2.479245,0.050000
691,-1.070256,0.050000
692,-28.335364,0.050000
693,-10.674761,0.050000
694,-28.793962,0.050000
695,-11.702158,0.050000
696,-12.041367,0.050000
697,-33.948054,0.050000
698,-25.910860,0.050000
699,-32.978200,0.050000
700,-6.375843,0.050000
701,-24.820803,0.050000
702,0.248992,0.050000
703,-19.874386,0.050000
704,-13.325471,0.050000
705,-56.456223,0.050000
706,5.148357,0.050000
707,-14.239191,0.050000
708,-8.708572,0.050000
709,-1.850648,0.050000
710,-24.342757,0.050000
711,-11.068132,0.050000
712,-35.105866,0.050000
713,-42.630754,0.050000
714,0.341161,0.050000
715,-29.221097,0.050000
716,4.571186,0.050000
717,1.720731,0.050000
718,-9.627862,0.050000
719,-12.601367,0.050000
720,13.702515,0.050000
721,-10.019476,0.050000
722,-31.092805,0.050000
723,-44.964152,0.050000
724,5.527741,0.050000
725,13.305457,0.050000
726,-29.950550,0.050000
727,-30.885005,0.050000
728,-28.428653,0.050000
729,-10.877775,0.050000
730,-6.570748,0.050000
731,-22.340179,0.050000
732,-34.423644,0.050000
733,-0.951804,0.050000
734,15.823410,0.050000
735,7.552863,0.050000
736,-20.997057,0.050000
737,-15.958496,0.050000
738,-14.821625,0.050000
739,5.948174,0.050000
740,-11.446899,0.050000
741,-13.575287,0.050000
742,-9.957303,0.050000
743,-8.578958,0.050000
744,-9.966590,0.050000
745,-34.342829,0.050000
746,-14.961519,0.050000
747,9.030356,0.050000
748,-0.652134,0.050000
749,-30.751043,0.050000
750,-36.930570,0.050000
751,6.018375,0.050000
752,-16.461449,0.050000
753,-53.365729,0.050000
754,-21.142128,0.050000
755,-40.341795,0.050000
756,-21.107817,0.050000
757,-14.661060,0.050000
758,-10.262127,0.050000
759,-7.880977,0.050000
760,-36.315060,0.050000
761,-11.359279,0.050000
762,-27.618637,0.050000
763,2.944904,0.050000
764,-39.303869,0.050000
765,-35.958787,0.050000
766,-31.111792,0.050000
767,-8.333593,0.050000
768,-1.376650,0.050000
769,-2.277033,0.050000
770,-12.205971,0.050000
771,-22.742749,0.050000
772,-10.574172,0.050000
773,10.691001,0.050000
774,-65.251138,0.050000
775,-63.441424,0.050000
776,-6.492606,0.050000
777,13.275159,0.050000
778,-21.831741,0.050000
779,-3.301085,0.050000
780,-5.236151,0.050000
781,-6.217876,0.050000
782,17.780169,0.050000
783,-5.528173,0.050000
784,-71.098163,0.050000
785,5.376868,0.050000
786,-44.857667,0.050000
787,7.496542,0.050000
788,-5.452709,0.050000
789,-40.001080,0.050000
790,-14.267561,0.050000
791,-32.054961,0.050000
792,10.264001,0.050000
793,-25.283242,0.050000
794,3.789780,0.050000
795,-8.413445,0.050000
796,2.490050,0.050000
797,-3.170662,0.050000
798,-1.912229,0.050000
799,-22.447957,0.050000
800,-15.977628,0.050000
801,-35.749537,0.050000
802,-0.230634,0.050000
803,-35.014479,0.050000
804,2.102016,0.050000
805,-7.706330,0.050000
806,-10.472968,0.050000
807,4.234917,0.050000
808,-21.200218,0.050000
809,-9.104545,0.050000
810,-56.218559,0.050000
811,-34.158604,0.050000
812,-21.196248,0.050000
813,-9.775635,0.050000
814,-10.084913,0.050000
815,1.180664,0.050000
816,-25.203891,0.050000
817,6.449959,0.050000
818,-33.977512,0.050000
819,-15.998233,0.050000
820,-32.530644,0.050000
821,-23.129934,0.050000
822,-12.199834,0.050000
823,-25.745388,0.050000
824,-39.894672,0.050000
825,-52.318746,0.050000
826,-32.604269,0.050000
827,-23.504939,0.050000
828,-20.693805,0.050000
829,-19.153718,0.050000
830,1.315995,0.050000
831,7.260661,0.050000
832,-44.545029,0.050000
833,-26.518625,0.050000
834,-31.746146,0.050000
835,-29.468299,0.050000
836,-13.492672,0.050000
837,-45.856386,0.050000
838,-46.162859,0.050000
839,-40.493370,0.050000
840,-21.200418,0.050000
841,-25.755803,0.050000
842,-23.629041,0.050000
843,8.998215,0.050000
844,-51.992460,0.050000
845,-54.720969,0.050000
846,-29.140746,0.050000
847,-38.930052,0.050000
848,-12.748286,0.050000
849,-1.797700,0.050000
850,-20.372640,0.050000
851,14.446457,0.050000
852,18.413673,0.050000
853,-9.839421,0.050000
854,-9.811192,0.050000
855,-30.621188,0.050000
856,23.343313,0.050000
857,11.442725,0.050000
858,-24.437166,0.050000
859,-3.222107,0.050000
860,-31.288853,0.050000
861,-30.776929,0.050000
862,-15.714452,0.050000
863,-10.419245,0.050000
864,4.223325,0.050000
865,5.793369,0.050000
866,-4.138785,0.050000
867,-36.852826,0.050000
868,11.135428,0.050000
869,2.886356,0.050000
870,-3.807168,0.050000
871,6.752474,0.050000
872,11.135459,0.050000
873,-0.948059,0.050000
874,15.997290,0.050000
875,-9.479197,0.050000
876,-19.620679,0.050000
877,-17.445099,0.050000
878,2.533642,0.050000
879,3.184135,0.050000
880,3.557895,0.050000
881,-9.848403,0.050000
882,24.415977,0.050000
883,-15.941829,0.050000
884,-13.421389,0.050000
885,6.683145,0.050000
886,2.743884,0.050000
887,5.756397,0.050000
888,14.602932,0.050000
889,-41.002737,0.050000
890,-2.140463,0.050000
891,15.607747,0.050000
892,-37.860517,0.050000
893,-6.091509,0.050000
894,-9.255531,0.050000
895,-30.782488,0.050000
896,-41.512334,0.050000
897,-10.518263,0.050000
898,-50.891779,0.050000
899,0.114220,0.050000
900,-11.392055,0.050000
901,-1.525071,0.050000
902,-15.371234,0.050000
903,-22.742606,0.050000
904,-31.321845,0.050000
905,-46.145635,0.050000
906,3.338342,0.050000
907,-29.078404,0.050000
908,-6.678465,0.050000
909,-15.642660,0.050000
910,-27.350501,0.050000
911,-33.349892,0.050000
912,-68.041659,0.050000
913,-63.549227,0.050000
914,-80.085450,0.050000
915,-28.092586,0.050000
916,-83.755683,0.050000
917,-30.349262,0.050000
918,-65.756774,0.050000
919,-48.731018,0.050000
920,-80.914711,0.050000
921,-38.423004,0.050000
922,-46.332940,0.050000
923,-25.541794,0.050000
924,-31.430665,0.050000
925,-72.682015,0.050000
926,-22.894702,0.050000
927,-83.062313,0.050000
928,-47.304843,0.050000
929,-70.837396,0.050000
930,-19.638490,0.050000
931,-38.321259,0.050000
932,-70.137382,0.050000
933,-75.486926,0.050000
934,-57.537178,0.050000
935,-22.524319,0.050000
936,-25.607132,0.050000
937,-47.961609,0.050000
938,-49.799876,0.050000
939,-42.318386,0.050000
940,-26.813992,0.050000
941,-22.585804,0.050000
942,-29.838648,0.050000
943,-23.709077,0.050000
944,-33.757744,0.050000
945,-25.142909,0.050000
946,-66.302322,0.050000
947,-31.381048,0.050000
948,-27.628746,0.050000
949,-48.610578,0.050000
950,-14.433989,0.050000
951,-18.562767,0.050000
952,-9.210672,0.050000
953,-17.947950,0.050000
954,-72.773008,0.050000
955,-21.570386,0.050000
956,-18.943801,0.050000
957,-44.739003,0.050000
958,-29.322127,0.050000
959,-8.566825,0.050000
960,-29.615132,0.050000
961,-37.447010,0.050000
962,-48.579194,0.050000
963,-26.281216,0.050000
964,-58.380178,0.050000
965,-16.465988,0.050000
966,-11.492265,0.050000
967,-7.013113,0.050000
968,3.096887,0.050000
969,-37.212600,0.050000
970,-28.876420,0.050000
971,-56.455790,0.050000
972,-62.078249,0.050000
973,-11.460729,0.050000
974,-79.587854,0.050000
975,-25.601948,0.050000
976,-17.190475,0.050000
977,-2.929596,0.050000
978,-50.713751,0.050000
979,-7.017726,0.050000
980,-62.908445,0.050000
981,-29.772401,0.050000
982,-7.420566,0.050000
983,-32.566109,0.050000
984,-55.042730,0.050000
985,-21.404606,0.050000
986,-19.918958,0.050000
987,-57.511004,0.050000
988,-15.133219,0.050000
989,-34.196578,0.050000
990,-11.842998,0.050000
991,-36.915973,0.050000
992,-23.218377,0.050000
993,-22.877073,0.050000
994,-23.412811,0.050000
995,-81.497243,0.050000
996,-70.210831,0.050000
997,-100.145423,0.050000
998,-88.170249,0.050000
999,-90.638659,0.050000
1000,-95.125172,0.050000
1001,-82.479999,0.050000
1002,-101.991993,0.050000
1003,-84.425390,0.050000
1004,-87.857660,0.050000
1005,-86.976576,0.050000
1006,-95.262052,0.050000
1007,-60.011313,0.050000
1008,-117.585661,0.050000
1009,-61.272157,0.050000
1010,-81.464379,0.050000
1011,-88.035048,0.050000
1012,-97.095226,0.050000
1013,-85.153398,0.050000
1014,-106.395582,0.050000
1015,-76.954558,0.050000
1016,-92.885240,0.050000
1017,-91.849233,0.050000
1018,-98.075507,0.050000
1019,-97.134052,0.050000
1020,-72.642832,0.050000
1021,-78.061483,0.050000
1022,-69.568283,0.050000
1023,-93.441215,0.050000
1024,-87.410109,0.050000
1025,-96.788011,0.050000
1026,-72.731153,0.050000
1027,-99.026166,0.050000
1028,-63.971161,0.050000
1029,-90.550294,0.050000
1030,-68.342586,0.050000
1031,-81.261970,0.050000
1032,-51.182116,0.050000
1033,-97.318219,0.050000
1034,-57.146699,0.050000
1035,-46.418215,0.050000
1036,-76.309259,0.050000
1037,-112.961477,0.050000
1038,-93.209837,0.050000
1039,-47.027943,0.050000
1040,-17.046681,0.050000
1041,-29.173826,0.050000
1042,-38.420147,0.050000
1043,-38.887726,0.050000
1044,-35.600889,0.050000
1045,-43.442104,0.050000
1046,-59.225182,0.050000
1047,-20.597366,0.050000
1048,-45.756286,0.050000
1049,-24.656902,0.050000
1050,-25.238706,0.050000
1051,-47.501294,0.050000
1052,-10.234169,0.050000
1053,-14.341323,0.050000
1054,5.865058,0.050000
1055,-7.297912,0.050000
1056,1.219049,0.050000
1057,3.734931,0.050000
1058,3.624152,0.050000
1059,11.125009,0.050000
1060,-8.822742,0.050000
1061,-0.514726,0.050000
1062,-27.452436,0.050000
1063,0.630246,0.050000
1064,-7.883053,0.050000
1065,-0.030780,0.050000
1066,-16.542034,0.050000
1067,-13.762778,0.050000
1068,12.557870,0.050000
1069,-21.508997,0.050000
1070,11.317203,0.050000
1071,0.306750,0.050000
1072,-21.378806,0.050000
1073,-32.549341,0.050000
1074,-0.973338,0.050000
1075,-5.549010,0.050000
1076,-25.247443,0.050000
1077,-18.688001,0.050000
1078,8.397026,0.050000
1079,18.411983,0.050000
1080,-19.778113,0.050000
1081,-25.869359,0.050000
1082,7.205021,0.050000
1083,-17.072708,0.050000
1084,-39.532279,0.050000
1085,6.891815,0.050000
1086,-5.381580,0.050000
1087,-6.913707,0.050000
1088,-55.078670,0.050000
1089,-55.785250,0.050000
1090,19.488020,0.050000
1091,-16.672362,0.050000
1092,-53.213848,0.050000
1093,-3.811197,0.050000
1094,4.419655,0.050000
1095,-31.575860,0.050000
1096,-34.204348,0.050000
1097,14.414998,0.050000
1098,8.570066,0.050000
1099,9.730137,0.050000
1100,0.291937,0.050000
1101,-17.530242,0.050000
1102,15.895677,0.050000
1103,-59.511457,0.050000
1104,-4.490686,0.050000
1105,-9.064513,0.050000
1106,0.941819,0.050000
1107,-25.694825,0.050000
1108,-38.266373,0.050000
1109,2.914758,0.050000
1110,-17.596227,0.050000
1111,12.748362,0.050000
1112,6.389162,0.050000
1113,-0.290307,0.050000
1114,-23.297628,0.050000
1115,-27.259253,0.050000
1116,12.920857,0.050000
1117,-48.910768,0.050000
1118,-63.344970,0.050000
1119,-11.453011,0.050000
1120,-59.569371,0.050000
1121,-35.701125,0.050000
1122,-5.856621,0.050000
1123,-26.988777,0.050000
1124,-21.138980,0.050000
1125,-56.892421,0.050000
1126,-13.826316,0.050000
1127,2.292417,0.050000
1128,-19.685623,0.050000
1129,-26.021629,0.050000
1130,-37.579269,0.050000
1131,-32.395115,0.050000
1132,-81.995133,0.050000
1133,-61.261707,0.050000
1134,-62.296230,0.050000
1135,-34.477096,0.050000
1136,-36.629644,0.050000
1137,-58.181720,0.050000
1138,-38.761121,0.050000
1139,-63.601865,0.050000
1140,-45.023576,0.050000
1141,-75.473554,0.050000
1142,-77.812161,0.050000
1143,-40.079307,0.050000
1144,-45.795331,0.050000
1145,-90.305307,0.050000
1146,-116.080967,0.050000
1147,-56.162275,0.050000
1148,-63.337576,0.050000
1149,-43.978029,0.050000
1150,-47.019020,0.050000
1151,-75.295070,0.050000
1152,-62.738852,0.050000
1153,-113.281433,0.050000
1154,-34.227891,0.050000
1155,-41.584256,0.050000
1156,-76.400661,0.050000
1157,-33.320481,0.050000
1158,-91.094759,0.050000
1159,-36.105580,0.050000
1160,-36.797331,0.050000
1161,-105.647006,0.050000
1162,-34.022036,0.050000
1163,-29.242274,0.050000
1164,-48.689860,0.050000
1165,-65.694816,0.050000
1166,-66.383441,0.050000
1167,-54.488832,0.050000
1168,-54.495980,0.050000
1169,-61.640704,0.050000
1170,-60.923950,0.050000
1171,-25.492239,0.050000
1172,-56.566046,0.050000
1173,-41.594006,0.050000
1174,-25.708660,0.050000
1175,-28.759609,0.050000
1176,-23.636676,0.050000
1177,-95.173184,0.050000
1178,-31.624191,0.050000
1179,-68.319732,0.050000
1180,-70.889345,0.050000
1181,-57.400332,0.050000
1182,-47.468580,0.050000
1183,-71.994015,0.050000
1184,-33.864971,0.050000
1185,-54.344201,0.050000
1186,-31.228025,0.050000
1187,-21.547011,0.050000
1188,-27.516869,0.050000
1189,-60.444442,0.050000
1190,-60.048894,0.050000
1191,-41.804211,0.050000
1192,-40.657744,0.050000
1193,-39.002645,0.050000
1194,-70.833867,0.050000
1195,-60.570448,0.050000
1196,-69.562091,0.050000
1197,-25.329711,0.050000
1198,-47.362324,0.050000
1199,-49.846078,0.050000
1200,-55.102568,0.050000
1201,-54.016611,0.050000
1202,-46.260147,0.050000
1203,-83.370160,0.050000
1204,-68.840019,0.050000
1205,-43.472533,0.050000
1206,-92.714336,0.050000
1207,-67.323387,0.050000
1208,-54.408534,0.050000
1209,-42.499018,0.050000
1210,-68.807832,0.050000
1211,-41.978825,0.050000
1212,-107.187314,0.050000
1213,-34.403375,0.050000
1214,-60.359069,0.050000
1215,-79.565328,0.050000
1216,-62.158196,0.050000
1217,-64.745177,0.050000
1218,-80.016955,0.050000
1219,-98.323412,0.050000
1220,-88.484739,0.050000
1221,-86.015712,0.050000
1222,-75.611907,0.050000
1223,-60.710281,0.050000
1224,-86.168733,0.050000
1225,-80.452924,0.050000
1226,-100.769047,0.050000
1227,-116.005009,0.050000
1228,-103.749527,0.050000
1229,-86.554002,0.050000
1230,-67.550375,0.050000
1231,-52.320129,0.050000
1232,-46.736058,0.050000
1233,-58.371110,0.050000
1234,-53.306636,0.050000
1235,-59.646928,0.050000
1236,-61.258694,0.050000
1237,-70.318562,0.050000
1238,-58.849778,0.050000
1239,-67.950019,0.050000
1240,-83.375161,0.050000
1241,-67.219451,0.050000
1242,-52.292373,0.050000
1243,-99.298526,0.050000
1244,-42.594305,0.050000
1245,-82.002073,0.050000
1246,-68.451534,0.050000
1247,-51.820546,0.050000
1248,-87.060294,0.050000
1249,-48.455270,0.050000
1250,-54.427647,0.050000
1251,-62.229618,0.050000
1252,-41.869401,0.050000
1253,-47.273578,0.050000
1254,-62.798517,0.050000
1255,-70.592768,0.050000
1256,-72.229472,0.050000
1257,-77.389163,0.050000
1258,-75.006685,0.050000
1259,-65.504226,0.050000
1260,-82.537943,0.050000
1261,-76.521929,0.050000
1262,-47.908229,0.050000
1263,-58.020355,0.050000
1264,-57.252037,0.050000
1265,-28.274581,0.050000
1266,-59.820814,0.050000
1267,-52.661747,0.050000
1268,-43.899526,0.050000
1269,-67.256140,0.050000
1270,-50.323696,0.050000
1271,-107.073670,0.050000
1272,-64.748811,0.050000
1273,-77.991726,0.050000
1274,-85.803431,0.050000
1275,-62.247679,0.050000
1276,-66.683036,0.050000
1277,-51.549500,0.050000
1278,-69.201639,0.050000
1279,-119.458782,0.050000
1280,-61.949377,0.050000
1281,-41.023417,0.050000
1282,-81.536250,0.050000
1283,-45.524316,0.050000
1284,-108.613314,0.050000
1285,-76.743767,0.050000
1286,-48.152593,0.050000
1287,-60.570653,0.050000
1288,-40.964464,0.050000
1289,-21.430410,0.050000
1290,-54.325287,0.050000
1291,-25.204667,0.050000
1292,-74.879859,0.050000
1293,-101.168265,0.050000
1294,-72.633943,0.050000
1295,-117.746773,0.050000
1296,-70.792069,0.050000
1297,-39.558148,0.050000
1298,-78.626966,0.050000
1299,-53.428773,0.050000
1300,-70.808193,0.050000
1301,-51.244843,0.050000
1302,-80.735615,0.050000
1303,-68.473636,0.050000
1304,-48.275256,0.050000
1305,-85.778895,0.050000
1306,-52.534384,0.050000
1307,-51.409451,0.050000
1308,-58.313690,0.050000
1309,-71.028062,0.050000
1310,-30.493531,0.050000
1311,-13.759838,0.050000
1312,-38.522548,0.050000
1313,-59.560628,0.050000
1314,-44.439370,0.050000
1315,-64.898192,0.050000
1316,-54.968195,0.050000
1317,-58.238288,0.050000
1318,-109.749257,0.050000
1319,-32.263693,0.050000
1320,-68.378094,0.050000
1321,-72.591000,0.050000
1322,-4.904355,0.050000
1323,-38.839325,0.050000
1324,-15.095031,0.050000
1325,-25.213041,0.050000
1326,-28.722215,0.050000
1327,-94.152840,0.050000
1328,-45.997531,0.050000
1329,-49.452979,0.050000
1330,-40.191171,0.050000
1331,-86.887676,0.050000
1332,-6.024220,0.050000
1333,-7.163929,0.050000
1334,-70.012271,0.050000
1335,-14.376115,0.050000
1336,-69.737010,0.050000
1337,-108.807693,0.050000
1338,-36.517755,0.050000
1339,-60.742481,0.050000
1340,-40.192965,0.050000
1341,-29.779992,0.050000
1342,-23.397691,0.050000
1343,-41.105771,0.050000
1344,-48.536605,0.050000
1345,-37.173319,0.050000
1346,-49.024206,0.050000
1347,-49.206685,0.050000
1348,-32.937046,0.050000
1349,-75.543070,0.050000
1350,-101.313790,0.050000
1351,-19.338770,0.050000
1352,-88.515357,0.050000
1353,-47.999893,0.050000
1354,-77.953495,0.050000
1355,-58.769703,0.050000
1356,-24.406673,0.050000
1357,-25.334386,0.050000
1358,-25.349622,0.050000
1359,-22.115211,0.050000
1360,-28.913536,0.050000
1361,-49.515955,0.050000
1362,-16.571462,0.050000
1363,-42.952919,0.050000
1364,-47.915516,0.050000
1365,-24.219106,0.050000
1366,-28.629314,0.050000
1367,5.513159,0.050000
1368,7.530591,0.050000
1369,-49.063734,0.050000
1370,-19.227588,0.050000
1371,-37.481899,0.050000
1372,-46.223330,0.050000
1373,-28.590725,0.050000
1374,-52.267602,0.050000
1375,-14.175963,0.050000
1376,-71.131122,0.050000
1377,-69.721614,0.050000
1378,-20.873791,0.050000
1379,-27.811386,0.050000
1380,-38.951805,0.050000
1381,-46.706681,0.050000
1382,-4.065349,0.050000
1383,-57.360474,0.050000
1384,-23.126762,0.050000
1385,0.958222,0.050000
1386,10.269496,0.050000
1387,-49.324355,0.050000
1388,-6.515456,0.050000
1389,-44.538817,0.050000
1390,-15.623174,0.050000
1391,-7.639741,0.050000
1392,-20.311878,0.050000
1393,1.097292,0.050000
1394,7.382745,0.050000
1395,-20.767203,0.050000
1396,4.995659,0.050000
1397,-25.335662,0.050000
1398,-21.241021,0.050000
1399,-13.353831,0.050000
1400,-8.529781,0.050000
1401,-47.907200,0.050000
1402,1.119119,0.050000
1403,25.035274,0.050000
1404,-9.757396,0.050000
1405,-73.724491,0.050000
1406,-4.428809,0.050000
1407,-36.840650,0.050000
1408,-69.037540,0.050000
1409,-73.222046,0.050000
1410,-85.975052,0.050000
1411,-66.527010,0.050000
1412,-89.293556,0.050000
1413,-58.641264,0.050000
1414,-89.879930,0.050000
1415,-88.385597,0.050000
1416,-69.915118,0.050000
1417,-99.698254,0.050000
1418,-65.149962,0.050000
1419,-128.842655,0.050000
1420,-77.460477,0.050000
1421,-48.362745,0.050000
1422,-90.783867,0.050000
1423,-57.734373,0.050000
1424,-82.496674,0.050000
1425,-113.291550,0.050000
1426,-140.573072,0.050000
1427,-120.620188,0.050000
1428,-10.497856,0.050000
1429,-85.174779,0.050000
1430,-15.727351,0.050000
1431,-17.961488,0.050000
1432,-77.293715,0.050000
1433,-20.785901,0.050000
1434,-53.416753,0.050000
1435,-9.252122,0.050000
1436,-73.029259,0.050000
1437,1.896288,0.050000
1438,-37.953034,0.050000
1439,-58.525783,0.050000
1440,-43.749488,0.050000
1441,-64.994139,0.050000
1442,-33.400382,0.050000
1443,-42.364057,0.050000
1444,-5.405358,0.050000
1445,-13.401071,0.050000
1446,-39.815569,0.050000
1447,-31.287784,0.050000
1448,-129.702830,0.050000
1449,-102.134059,0.050000
1450,-93.063192,0.050000
1451,-47.447279,0.050000
1452,-147.288937,0.050000
1453,-58.457279,0.050000
1454,-40.881928,0.050000
1455,-60.340861,0.050000
1456,-150.325232,0.050000
1457,-96.679193,0.050000
1458,-24.170527,0.050000
1459,-131.679500,0.050000
1460,-129.693696,0.050000
1461,-122.435326,0.050000
1462,-89.855447,0.050000
1463,-116.544725,0.050000
1464,-142.304516,0.050000
1465,-54.462822,0.050000
1466,-78.529008,0.050000
1467,-132.685362,0.050000
1468,-110.663389,0.050000
1469,-101.281692,0.050000
1470,-133.354582,0.050000
1471,-97.763584,0.050000
1472,-147.075018,0.050000
1473,-148.261724,0.050000
1474,-90.021267,0.050000
1475,-165.197597,0.050000
1476,-113.648491,0.050000
1477,-98.241010,0.050000
1478,-76.022392,0.050000
1479,-144.278136,0.050000
1480,-141.946869,0.050000
1481,-121.049815,0.050000
1482,-134.909217,0.050000
1483,-100.809959,0.050000
1484,-73.979309,0.050000
1485,-121.055733,0.050000
1486,-69.272495,0.050000
1487,-94.304377,0.050000
1488,-125.457742,0.050000
1489,-121.110761,0.050000
1490,-105.434266,0.050000
1491,-60.299031,0.050000
1492,-57.358015,0.050000
1493,-106.506609,0.050000
1494,-104.251039,0.050000
1495,-98.259801,0.050000
1496,-63.193157,0.050000
1497,-101.514048,0.050000
1498,-91.394868,0.050000
1499,-135.174595,0.050000
1500,-94.414554,0.050000
1501,-53.573860,0.050000
1502,-101.096440,0.050000
1503,-78.430120,0.050000
1504,-13.503369,0.050000
1505,-32.684744,0.050000
1506,-31.765712,0.050000
1507,-29.109328,0.050000
1508,-46.405490,0.050000
1509,-65.609202,0.050000
1510,-9.570140,0.050000
1511,-25.164360,0.050000
1512,-42.141821,0.050000
1513,-69.198008,0.050000
1514,-42.874142,0.050000
1515,-38.004178,0.050000
1516,-90.288585,0.050000
1517,-88.849234,0.050000
1518,-41.577222,0.050000
1519,-52.059269,0.050000
1520,-118.124591,0.050000
1521,-69.857342,0.050000
1522,-38.341960,0.050000
1523,-52.873283,0.050000
1524,-44.479450,0.050000
1525,-50.935729,0.050000
1526,-54.064161,0.050000
1527,-43.984625,0.050000
1528,-56.792083,0.050000
1529,-33.441746,0.050000
1530,-16.969810,0.050000
1531,-9.913837,0.050000
1532,-36.810952,0.050000
1533,-67.312761,0.050000
1534,-69.273162,0.050000
1535,-12.774087,0.050000
1536,-38.674943,0.050000
1537,-17.141209,0.050000
1538,-78.677688,0.050000
1539,-47.965068,0.050000
1540,-19.096910,0.050000
1541,-25.913931,0.050000
1542,-7.952337,0.050000
1543,-2.279746,0.050000
1544,-33.296217,0.050000
1545,-41.894747,0.050000
1546,-51.017663,0.050000
1547,-19.220830,0.050000
1548,-34.482940,0.050000
1549,-17.696657,0.050000
1550,-19.220146,0.050000
1551,15.648800,0.050000
1552,-16.883840,0.050000
1553,-15.694760,0.050000
1554,-17.842501,0.050000
1555,25.837890,0.050000
1556,-9.146673,0.050000
1557,-12.604482,0.050000
1558,15.999068,0.050000
1559,-37.321710,0.050000
1560,-4.495748,0.050000
1561,13.982547,0.050000
1562,-23.070953,0.050000
1563,21.778660,0.050000
1564,-54.245182,0.050000
1565,-37.246263,0.050000
1566,4.469849,0.050000
1567,6.013505,0.050000
1568,10.750782,0.050000
1569,29.666810,0.050000
1570,14.418106,0.050000
1571,-71.971679,0.050000
1572,2.824786,0.050000
1573,26.305828,0.050000
1574,-60.102790,0.050000
1575,-23.473319,0.050000
1576,-22.245657,0.050000
1577,-20.208420,0.050000
1578,-41.127168,0.050000
1579,-26.382851,0.050000
1580,-94.593278,0.050000
1581,-32.087494,0.050000
1582,-120.317314,0.050000
1583,-25.064052,0.050000
1584,-34.567684,0.050000
1585,-71.615002,0.050000
1586,-33.092624,0.050000
1587,-20.153232,0.050000
1588,-16.571784,0.050000
1589,-58.160859,0.050000
1590,-15.071503,0.050000
1591,-34.193448,0.050000
1592,-21.628137,0.050000
1593,-70.392356,0.050000
1594,-13.891803,0.050000
1595,-39.176013,0.050000
1596,-59.702778,0.050000
1597,-69.084940,0.050000
1598,-26.953540,0.050000
1599,-25.427557,0.050000
1600,-49.739742,0.050000
1601,-16.218731,0.050000
1602,-39.181224,0.050000
1603,-66.415727,0.050000
1604,-59.417233,0.050000
1605,-15.271107,0.050000
1606,-61.371825,0.050000
1607,-70.563974,0.050000
1608,-50.973894,0.050000
1609,-65.730683,0.050000
1610,-16.682972,0.050000
1611,-18.888410,0.050000
1612,-1.884922,0.050000
1613,-20.103879,0.050000
1614,-12.836441,0.050000
1615,-8.364364,0.050000
1616,-43.985087,0.050000
1617,-39.872499,0.050000
1618,-25.356171,0.050000
1619,-29.583508,0.050000
1620,-53.760285,0.050000
1621,-22.084147,0.050000
1622,-16.572245,0.050000
1623,-37.262044,0.050000
1624,-34.145529,0.050000
1625,-34.133851,0.050000
1626,-6.681567,0.050000
1627,-19.689096,0.050000
1628,-2.799713,0.050000
1629,-2.851656,0.050000
1630,6.706195,0.050000
1631,4.928846,0.050000
1632,-4.741953,0.050000
1633,-6.296989,0.050000
1634,-12.635998,0.050000
1635,7.281791,0.050000
1636,2.547387,0.050000
1637,4.378983,0.050000
1638,-50.930358,0.050000
1639,-4.777554,0.050000
1640,-10.228445,0.050000
1641,-34.796654,0.050000
1642,5.790862,0.050000
1643,-8.886268,0.050000
1644,-16.455563,0.050000
1645,-25.466567,0.050000
1646,-11.802348,0.050000
1647,-27.405958,0.050000
1648,-41.171254,0.050000
1649,-66.930007,0.050000
1650,-9.594592,0.050000
1651,-16.855018,0.050000
1652,-47.877803,0.050000
1653,-21.005827,0.050000
1654,-2.051581,0.050000
1655,-4.816623,0.050000
1656,-22.527134,0.050000
1657,-9.886371,0.050000
1658,-35.089512,0.050000
1659,-19.544158,0.050000
1660,-26.832809,0.050000
1661,-10.641280,0.050000
1662,-20.768083,0.050000
1663,-9.881612,0.050000
1664,-17.434192,0.050000
1665,-29.604915,0.050000
1666,-38.320972,0.050000
1667,-11.773684,0.050000
1668,-34.155892,0.050000
1669,-46.762414,0.050000
1670,-16.836116,0.050000
1671,-37.268141,0.050000
1672,-24.468212,0.050000
1673,-31.973827,0.050000
1674,-37.281464,0.050000
1675,-30.040663,0.050000
1676,-26.628839,0.050000
1677,-23.090787,0.050000
1678,-35.143894,0.050000
1679,-80.433582,0.050000
1680,-52.570795,0.050000
1681,-64.631904,0.050000
1682,-76.089298,0.050000
1683,-41.277251,0.050000
1684,-79.148383,0.050000
1685,-59.039811,0.050000
1686,-61.139828,0.050000
1687,-77.819898,0.050000
1688,-78.271505,0.050000
1689,-67.891198,0.050000
1690,-40.974484,0.050000
1691,-45.656340,0.050000
1692,-50.964882,0.050000
1693,-41.161582,0.050000
1694,-47.790114,0.050000
1695,-81.392318,0.050000
1696,-62.654093,0.050000
1697,-54.008640,0.050000
1698,-59.062553,0.050000
1699,-43.884462,0.050000
1700,-50.474501,0.050000
1701,-53.852233,0.050000
1702,-44.720919,0.050000
1703,-51.034678,0.050000
1704,-52.939852,0.050000
1705,-43.910263,0.050000
1706,-35.861440,0.050000
1707,-55.263741,0.050000
1708,-30.321555,0.050000
1709,-44.519558,0.050000
1710,-43.458360,0.050000
1711,-44.610033,0.050000
1712,-32.568336,0.050000
1713,-30.728318,0.050000
1714,-45.268494,0.050000
1715,-72.048293,0.050000
1716,-84.347447,0.050000
1717,-40.735290,0.050000
1718,-30.350704,0.050000
1719,-21.739307,0.050000
1720,-22.791879,0.050000
1721,-46.000561,0.050000
1722,-23.201700,0.050000
1723,-50.019873,0.050000
1724,-66.497628,0.050000
1725,-32.027889,0.050000
1726,-62.287379,0.050000
1727,-61.310525,0.050000
1728,-84.277717,0.050000
1729,-19.820989,0.050000
1730,-79.945857,0.050000
1731,-28.093793,0.050000
1732,-43.406297,0.050000
1733,-45.923564,0.050000
1734,-12.400492,0.050000
1735,-29.985330,0.050000
1736,-18.508387,0.050000
1737,-11.500059,0.050000
1738,-39.877677,0.050000
1739,-47.245564,0.050000
1740,-54.798140,0.050000
1741,-56.984443,0.050000
1742,-42.204341,0.050000
1743,-55.598100,0.050000
1744,-59.748435,0.050000
1745,-68.155687,0.050000
1746,-53.806460,0.050000
1747,-17.601381,0.050000
1748,10.832854,0.050000
1749,-44.229427,0.050000
1750,-1.625814,0.050000
1751,-17.214778,0.050000
1752,-39.920735,0.050000
1753,-38.281613,0.050000
1754,-50.950190,0.050000
1755,-35.938639,0.050000
1756,-14.022678,0.050000
1757,-87.357179,0.050000
1758,-27.864539,0.050000
1759,-63.163822,0.050000
1760,-68.108163,0.050000
1761,-39.561207,0.050000
1762,-36.585960,0.050000
1763,-55.122476,0.050000
1764,-55.525950,0.050000
1765,-62.831317,0.050000
1766,-81.784685,0.050000
1767,-45.296803,0.050000
1768,-32.084892,0.050000
1769,-58.058209,0.050000
1770,-69.954282,0.050000
1771,-111.691411,0.050000
1772,-44.083326,0.050000
1773,-92.694802,0.050000
1774,-66.361964,0.050000
1775,-124.148341,0.050000
1776,-74.738361,0.050000
1777,-98.907028,0.050000
1778,-81.360533,0.050000
1779,-76.011240,0.050000
1780,-52.105563,0.050000
1781,-120.354624,0.050000
1782,-62.389328,0.050000
1783,-82.252584,0.050000
1784,-68.277005,0.050000
1785,-65.557918,0.050000
1786,-60.710957,0.050000
1787,-75.827222,0.050000
1788,-67.244058,0.050000
1789,-66.364620,0.050000
1790,7.256857,0.050000
1791,-60.142554,0.050000
1792,-43.935574,0.050000
1793,-51.067418,0.050000
1794,-63.224664,0.050000
1795,-37.862135,0.050000
1796,-40.454776,0.050000
1797,-26.195517,0.050000
1798,-79.190667,0.050000
1799,-17.554453,0.050000
1800,-75.332924,0.050000
1801,-23.375623,0.050000
1802,-38.359710,0.050000
1803,-17.573842,0.050000
1804,-18.227137,0.050000
1805,-122.344152,0.050000
1806,-83.199327,0.050000
1807,-58.075248,0.050000
1808,-38.924090,0.050000
1809,-81.554834,0.050000
1810,-74.945722,0.050000
1811,-62.232421,0.050000
1812,-81.560984,0.050000
1813,-130.191450,0.050000
1814,-33.763432,0.050000
1815,-67.343445,0.050000
1816,-96.211922,0.050000
1817,-130.913245,0.050000
1818,-63.239706,0.050000
1819,-105.673406,0.050000
1820,-146.362214,0.050000
1821,-123.899937,0.050000
1822,-117.935976,0.050000
1823,-79.713659,0.050000
1824,-46.070494,0.050000
1825,-62.193691,0.050000
1826,-57.029021,0.050000
1827,-99.730806,0.050000
1828,-110.484709,0.050000
1829,-85.622134,0.050000
1830,-22.441163,0.050000
1831,-82.331365,0.050000
1832,-18.969266,0.050000
1833,-26.766237,0.050000
1834,-45.206277,0.050000
1835,-114.216881,0.050000
1836,-39.891026,0.050000
1837,-91.998743,0.050000
1838,-110.928628,0.050000
1839,-108.530062,0.050000
1840,-78.334922,0.050000
1841,-51.392548,0.050000
1842,-16.817027,0.050000
1843,-26.046494,0.050000
1844,-56.467383,0.050000
1845,-32.454331,0.050000
1846,-28.173432,0.050000
1847,-66.280803,0.050000
1848,-79.406111,0.050000
1849,-49.052343,0.050000
1850,-53.422676,0.050000
1851,-71.312334,0.050000
1852,-122.215461,0.050000
1853,-72.439213,0.050000
1854,-49.072701,0.050000
1855,-42.932144,0.050000
1856,-48.939432,0.050000
1857,-19.336082,0.050000
1858,-41.131031,0.050000
1859,-58.560499,0.050000
1860,-35.720710,0.050000
1861,-28.960221,0.050000
1862,-47.939327,0.050000
1863,-39.807927,0.050000
1864,-71.634466,0.050000
1865,-48.282635,0.050000
1866,-19.340024,0.050000
1867,-25.928233,0.050000
1868,-39.346056,0.050000
1869,-31.597638,0.050000
1870,-51.546386,0.050000
1871,-20.391498,0.050000
1872,-74.778206,0.050000
1873,-90.088110,0.050000
1874,-14.657715,0.050000
1875,-53.264733,0.050000
1876,-14.691689,0.050000
1877,-53.244859,0.050000
1878,-39.005549,0.050000
1879,-74.361985,0.050000
1880,-36.549639,0.050000
1881,-63.853548,0.050000
1882,-10.352063,0.050000
1883,3.495957,0.050000
1884,-25.811942,0.050000
1885,-61.780720,0.050000
1886,-60.333153,0.050000
1887,-55.457437,0.050000
1888,-70.629920,0.050000
1889,-45.062285,0.050000
1890,-27.087541,0.050000
1891,-23.611014,0.050000
1892,-2.781536,0.050000
1893,-62.144464,0.050000
1894,-56.924192,0.050000
1895,-31.401376,0.050000
1896,-40.610481,0.050000
1897,-96.649194,0.050000
1898,-43.410737,0.050000
1899,-54.679971,0.050000
1900,-96.209486,0.050000
1901,-61.075518,0.050000
1902,-29.626399,0.050000
1903,-49.978521,0.050000
1904,-34.703789,0.050000
1905,-57.654478,0.050000
1906,-60.112283,0.050000
1907,-43.799071,0.050000
1908,-42.026032,0.050000
1909,-18.646337,0.050000
1910,-47.043755,0.050000
1911,-1.196626,0.050000
1912,-46.164598,0.050000
1913,-28.931645,0.050000
1914,-35.113233,0.050000
1915,-41.000939,0.050000
1916,-79.025081,0.050000
1917,-75.657990,0.050000
1918,-35.286548,0.050000
1919,-53.717411,0.050000
1920,-37.384263,0.050000
1921,-49.375709,0.050000
1922,-32.191190,0.050000
1923,-25.665123,0.050000
1924,-18.766090,0.050000
1925,-41.215808,0.050000
1926,-75.169632,0.050000
1927,-22.089675,0.050000
1928,-21.208514,0.050000
1929,5.572208,0.050000
1930,-27.259267,0.050000
1931,-51.918730,0.050000
1932,-30.990801,0.050000
1933,-59.454871,0.050000
1934,-24.715115,0.050000
1935,-14.625105,0.050000
1936,-34.923004,0.050000
1937,-25.042424,0.050000
1938,-25.702343,0.050000
1939,-10.236603,0.050000
1940,-39.824653,0.050000
1941,-15.441915,0.050000
1942,9.856699,0.050000
1943,-21.386738,0.050000
1944,-33.443049,0.050000
1945,-27.448619,0.050000
1946,-7.667973,0.050000
1947,-27.609879,0.050000
1948,-16.477513,0.050000
1949,5.143037,0.050000
1950,-30.642973,0.050000
1951,-27.160428,0.050000
1952,-30.236731,0.050000
1953,-19.340148,0.050000
1954,-18.252256,0.050000
1955,19.508590,0.050000
1956,-8.876364,0.050000
1957,18.490587,0.050000
1958,11.038940,0.050000
1959,-3.113442,0.050000
1960,-17.184199,0.050000
1961,4.713303,0.050000
1962,18.329789,0.050000
1963,5.324691,0.050000
1964,6.132261,0.050000
1965,-12.673069,0.050000
1966,-16.361702,0.050000
1967,-46.877446,0.050000
1968,9.840384,0.050000
1969,-2.715797,0.050000
1970,-6.752453,0.050000
1971,1.884056,0.050000
1972,3.926095,0.050000
1973,0.595398,0.050000
1974,-13.591563,0.050000
1975,-73.093112,0.050000
1976,-46.128231,0.050000
1977,-73.574139,0.050000
1978,-67.110869,0.050000
1979,-51.112327,0.050000
1980,-53.079044,0.050000
1981,-63.840588,0.050000
1982,-58.486092,0.050000
1983,-41.079367,0.050000
1984,-78.190183,0.050000
1985,-10.856527,0.050000
1986,-33.969676,0.050000
1987,-36.007268,0.050000
1988,-54.899991,0.050000
1989,5.022978,0.050000
1990,-37.526006,0.050000
1991,-33.464061,0.050000
1992,-54.657561,0.050000
1993,-4.432007,0.050000
1994,-29.682520,0.050000
1995,-27.785472,0.050000
1996,-18.362899,0.050000
1997,-17.337318,0.050000
1998,-45.917850,0.050000
1999,-41.370778,0.050000
2000,-41.428970,0.050000
2001,-27.882427,0.050000
2002,-36.825773,0.050000
2003,2.374639,0.050000
2004,-10.749636,0.050000
2005,7.939347,0.050000
2006,13.764300,0.050000
2007,11.549621,0.050000
2008,-6.126007,0.050000
2009,-10.524961,0.050000
2010,2.763984,0.050000
2011,9.858561,0.050000
2012,-2.401452,0.050000
2013,20.410084,0.050000
2014,21.016699,0.050000
2015,-10.689693,0.050000
2016,-14.196089,0.050000
2017,-21.550328,0.050000
2018,-25.350919,0.050000
2019,-29.124698,0.050000
2020,-44.415705,0.050000
2021,18.786909,0.050000
2022,8.679870,0.050000
2023,24.503864,0.050000
2024,-8.683490,0.050000
2025,-30.976894,0.050000
2026,-19.700074,0.050000
2027,-14.347844,0.050000
2028,-18.011094,0.050000
2029,-7.721411,0.050000
2030,-22.428545,0.050000
2031,-32.378901,0.050000
2032,-57.764961,0.050000
2033,3.967778,0.050000
2034,-10.665460,0.050000
2035,14.134403,0.050000
2036,14.486352,0.050000
2037,-26.926589,0.050000
2038,22.934620,0.050000
2039,21.907920,0.050000
2040,-9.943459,0.050000
2041,-46.179340,0.050000
2042,-27.192637,0.050000
2043,-26.756588,0.050000
2044,-1.726638,0.050000
2045,-48.680918,0.050000
2046,-22.562961,0.050000
2047,-14.958152,0.050000
2048,-25.243061,0.050000
2049,-10.376323,0.050000
2050,-43.512876,0.050000
2051,-72.006636,0.050000
2052,-81.111436,0.050000
2053,-113.783557,0.050000
2054,-137.824600,0.050000
2055,-132.424827,0.050000
2056,-151.414037,0.050000
2057,-138.852095,0.050000
2058,-74.737203,0.050000
2059,-96.061408,0.050000
2060,-71.302900,0.050000
2061,-52.876412,0.050000
2062,-140.982720,0.050000
2063,-95.487895,0.050000
2064,-148.463159,0.050000
2065,-70.041755,0.050000
2066,-29.003496,0.050000
2067,-120.818786,0.050000
2068,-39.379490,0.050000
2069,-27.122209,0.050000
2070,-95.758960,0.050000
2071,-123.961053,0.050000
2072,-51.135000,0.050000
2073,-63.429445,0.050000
2074,-25.979813,0.050000
2075,-60.474138,0.050000
2076,-19.341293,0.050000
2077,-68.926724,0.050000
2078,-77.617644,0.050000
2079,-44.789169,0.050000
2080,-89.455021,0.050000
2081,-4.524200,0.050000
2082,-113.186912,0.050000
2083,-93.416812,0.050000
2084,-76.237002,0.050000
2085,-120.481915,0.050000
2086,-87.916224,0.050000
2087,-44.003273,0.050000
2088,-83.298557,0.050000
2089,-53.577446,0.050000
2090,-70.384886,0.050000
2091,-13.097804,0.050000
2092,-70.327275,0.050000
2093,-78.983778,0.050000
2094,-50.542399,0.050000
2095,-46.235924,0.050000
2096,-95.780020,0.050000
2097,-89.165412,0.050000
2098,-53.763520,0.050000
2099,-48.954206,0.050000
2100,-92.638255,0.050000
2101,-40.110912,0.050000
2102,-58.772527,0.050000
2103,-42.825292,0.050000
2104,-62.531361,0.050000
2105,-67.677853,0.050000
2106,-81.052495,0.050000
2107,-39.484257,0.050000
2108,-67.835754,0.050000
2109,-37.690488,0.050000
2110,-65.716413,0.050000
2111,-61.580154,0.050000
2112,-32.971162,0.050000
2113,-51.892610,0.050000
2114,-63.346169,0.050000
2115,-57.134414,0.050000
2116,-49.581812,0.050000
2117,-30.579242,0.050000
2118,-65.306537,0.050000
2119,-55.284239,0.050000
2120,-43.743692,0.050000
2121,-34.871647,0.050000
2122,-62.444926,0.050000
2123,-55.343101,0.050000
2124,-45.790529,0.050000
2125,-31.551534,0.050000
2126,-39.770759,0.050000
2127,-43.611239,0.050000
2128,-49.693894,0.050000
2129,-61.511922,0.050000
2130,-36.178835,0.050000
2131,-47.146861,0.050000
2132,-21.286091,0.050000
2133,-24.164344,0.050000
2134,-35.848546,0.050000
2135,-13.102007,0.050000
2136,-63.143437,0.050000
2137,-19.281435,0.050000
2138,-24.695149,0.050000
2139,-54.085320,0.050000
2140,-48.793921,0.050000
2141,-45.439912,0.050000
2142,-45.414974,0.050000
2143,-34.800660,0.050000
2144,-29.981491,0.050000
2145,-28.470655,0.050000
2146,-46.882819,0.050000
2147,-45.734944,0.050000
2148,-46.052898,0.050000
2149,-32.793731,0.050000
2150,-37.867401,0.050000
2151,-45.457121,0.050000
2152,-23.243294,0.050000
2153,-16.602551,0.050000
2154,-8.726720,0.050000
2155,-71.766935,0.050000
2156,-31.900640,0.050000
2157,-27.074594,0.050000
2158,-56.703437,0.050000
2159,-16.645180,0.050000
2160,-66.650619,0.050000
2161,-19.598752,0.050000
2162,-36.308518,0.050000
2163,-66.146669,0.050000
2164,-44.468034,0.050000
2165,-50.589958,0.050000
2166,-14.014934,0.050000
2167,-39.387600,0.050000
2168,-27.920055,0.050000
2169,-84.672422,0.050000
2170,-5.843550,0.050000
2171,-15.712407,0.050000
2172,-95.415190,0.050000
2173,-45.483809,0.050000
2174,-50.028850,0.050000
2175,-60.117375,0.050000
2176,-23.686893,0.050000
2177,-26.941498,0.050000
2178,-11.084376,0.050000
2179,-11.883658,0.050000
2180,-77.355044,0.050000
2181,-20.540561,0.050000
2182,-10.116365,0.050000
2183,-98.275887,0.050000
2184,-61.009009,0.050000
2185,-37.829925,0.050000
2186,-26.729966,0.050000
2187,-35.171419,0.050000
2188,-80.601099,0.050000
2189,-44.987637,0.050000
2190,-38.466558,0.050000
2191,-78.716639,0.050000
2192,-24.105611,0.050000
2193,-45.730821,0.050000
2194,-32.359709,0.050000
2195,-53.769886,0.050000
2196,-33.395480,0.050000
2197,-28.494617,0.050000
2198,-29.482111,0.050000
2199,-35.209855,0.050000
2200,-47.750049,0.050000
2201,-15.907204,0.050000
2202,-33.950597,0.050000
2203,-41.997139,0.050000
2204,-46.131187,0.050000
2205,-65.653937,0.050000
2206,-48.134912,0.050000
2207,-76.069208,0.050000
2208,-56.516681,0.050000
2209,-38.598404,0.050000
2210,-27.536025,0.050000
2211,-55.814342,0.050000
2212,-96.306269,0.050000
2213,-64.612785,0.050000
2214,-72.481897,0.050000
2215,-50.189761,0.050000
2216,-60.091242,0.050000
2217,-55.144494,0.050000
2218,-43.979682,0.050000
2219,-58.981303,0.050000
2220,-30.374336,0.050000
2221,-60.277528,0.050000
2222,-32.722968,0.050000
2223,-30.063832,0.050000
2224,-78.850334,0.050000
2225,-57.655909,0.050000
2226,-49.702608,0.050000
2227,-52.424965,0.050000
2228,-28.607025,0.050000
2229,-41.527543,0.050000
2230,-67.305117,0.050000
2231,-36.369239,0.050000
2232,-53.356667,0.050000
2233,-101.870772,0.050000
2234,-18.719384,0.050000
2235,-25.655496,0.050000
2236,-67.663459,0.050000
2237,-65.125888,0.050000
2238,-40.088186,0.050000
2239,-52.968441,0.050000
2240,-60.549286,0.050000
2241,-26.077442,0.050000
2242,-55.029452,0.050000
2243,-62.865819,0.050000
2244,-60.032126,0.050000
2245,-75.402508,0.050000
2246,-105.478312,0.050000
2247,-29.457956,0.050000
2248,-33.174200,0.050000
2249,-110.513909,0.050000
2250,-57.723895,0.050000
2251,-44.608358,0.050000
2252,-74.023927,0.050000
2253,-60.475807,0.050000
2254,-47.136945,0.050000
2255,-45.646870,0.050000
2256,-26.248844,0.050000
2257,-43.376081,0.050000
2258,-53.649829,0.050000
2259,-49.289225,0.050000
2260,-65.636940,0.050000
2261,-83.436879,0.050000
2262,-92.221673,0.050000
2263,-58.407082,0.050000
2264,-60.731848,0.050000
2265,-90.841718,0.050000
2266,-59.363260,0.050000
2267,-76.994372,0.050000
2268,-76.810228,0.050000
2269,-58.253500,0.050000
2270,-61.308808,0.050000
2271,-51.141000,0.050000
2272,-56.936503,0.050000
2273,-34.941722,0.050000
2274,-62.496964,0.050000
2275,-75.157555,0.050000
2276,-45.107942,0.050000
2277,-41.719967,0.050000
2278,-74.767835,0.050000
2279,-49.062815,0.050000
2280,-46.370844,0.050000
2281,-20.637556,0.050000
2282,-12.201824,0.050000
2283,-48.849659,0.050000
2284,-44.036286,0.050000
2285,-33.193441,0.050000
2286,-3.903813,0.050000
2287,-37.713382,0.050000
2288,-21.510110,0.050000
2289,-41.837572,0.050000
2290,-12.349292,0.050000
2291,-3.276241,0.050000
2292,-17.443086,0.050000
2293,-21.656038,0.050000
2294,-15.826907,0.050000
2295,-53.236493,0.050000
2296,-53.185532,0.050000
2297,-38.331257,0.050000
2298,-20.159173,0.050000
2299,-23.718298,0.050000
2300,-49.738561,0.050000
2301,-13.850937,0.050000
2302,-13.829902,0.050000
2303,1.069202,0.050000
2304,-3.276316,0.050000
2305,-32.407027,0.050000
2306,-3.326544,0.050000
2307,0.549990,0.050000
2308,-7.223632,0.050000
2309,-27.799492,0.050000
2310,30.479784,0.050000
2311,-53.677974,0.050000
2312,-24.647346,0.050000
2313,-30.153335,0.050000
2314,-5.027559,0.050000
2315,-7.225541,0.050000
2316,-62.161028,0.050000
2317,-8.861843,0.050000
2318,-12.754049,0.050000
2319,-18.157525,0.050000
2320,13.044301,0.050000
2321,-10.327145,0.050000
2322,-24.044157,0.050000
2323,-0.386347,0.050000
2324,-0.784981,0.050000
2325,-42.393417,0.050000
2326,-43.745984,0.050000
2327,-36.162031,0.050000
2328,-41.918701,0.050000
2329,2.554208,0.050000
2330,-31.174167,0.050000
2331,-39.697110,0.050000
2332,15.537558,0.050000
2333,-10.652249,0.050000
2334,-9.402869,0.050000
2335,-5.604924,0.050000
2336,-1.240816,0.050000
2337,11.012399,0.050000
2338,-42.909320,0.050000
2339,6.162250,0.050000
2340,-2.828285,0.050000
2341,-10.418753,0.050000
2342,-19.906869,0.050000
2343,20.197110,0.050000
2344,23.101274,0.050000
2345,-40.765220,0.050000
2346,-26.771284,0.050000
2347,-50.007807,0.050000
2348,-77.020164,0.050000
2349,-30.063781,0.050000
2350,-79.729561,0.050000
2351,-31.027905,0.050000
2352,-66.511350,0.050000
2353,-26.127264,0.050000
2354,-2.124516,0.050000
2355,-46.241659,0.050000
2356,-65.080721,0.050000
2357,-72.025809,0.050000
2358,-22.296991,0.050000
2359,-8.618482,0.050000
2360,-48.882614,0.050000
2361,-54.687917,0.050000
2362,-26.453954,0.050000
2363,-12.131775,0.050000
2364,-51.966186,0.050000
2365,-2.245434,0.050000
2366,-52.597257,0.050000
2367,-12.989994,0.050000
2368,-40.487643,0.050000
2369,-28.228810,0.050000
2370,-47.981587,0.050000
2371,-23.342437,0.050000
2372,-11.945741,0.050000
2373,-75.503580,0.050000
2374,-26.259955,0.050000
2375,-44.901681,0.050000
2376,-61.542739,0.050000
2377,-65.133738,0.050000
2378,-46.654942,0.050000
2379,-47.413709,0.050000
2380,-36.771146,0.050000
2381,-55.840691,0.050000
2382,-10.680272,0.050000
2383,-43.630067,0.050000
2384,-24.824601,0.050000
2385,-28.384918,0.050000
2386,-36.109077,0.050000
2387,-38.034462,0.050000
2388,-52.658972,0.050000
2389,-26.930591,0.050000
2390,-16.841702,0.050000
2391,-14.486956,0.050000
2392,-22.526620,0.050000
2393,-44.517605,0.050000
2394,-12.144388,0.050000
2395,-0.016268,0.050000
2396,-24.826121,0.050000
2397,-37.627307,0.050000
2398,-30.868848,0.050000
2399,-18.156391,0.050000
2400,-26.818130,0.050000
2401,4.044514,0.050000
2402,-21.004817,0.050000
2403,-41.029187,0.050000
2404,-27.376353,0.050000
2405,-36.261713,0.050000
2406,10.969467,0.050000
2407,-43.527972,0.050000
2408,-8.940239,0.050000
2409,-8.338272,0.050000
2410,-30.999537,0.050000
2411,-11.402536,0.050000
2412,-14.461148,0.050000
2413,-54.168248,0.050000
2414,-33.425829,0.050000
2415,-34.368080,0.050000
2416,-55.525499,0.050000
2417,-64.277409,0.050000
2418,-0.674062,0.050000
2419,-43.971137,0.050000
2420,-24.383225,0.050000
2421,-54.648452,0.050000
2422,-12.088625,0.050000
2423,-17.830521,0.050000
2424,-50.894273,0.050000
2425,-44.787457,0.050000
2426,-68.179187,0.050000
2427,-74.734360,0.050000
2428,-2.650922,0.050000
2429,-19.700769,0.050000
2430,-38.376782,0.050000
2431,-32.027552,0.050000
2432,-35.515963,0.050000
2433,-37.203476,0.050000
2434,-74.682514,0.050000
2435,-10.376682,0.050000
2436,-57.239997,0.050000
2437,-71.812167,0.050000
2438,-13.358171,0.050000
2439,-20.678329,0.050000
2440,-28.087809,0.050000
2441,-78.600767,0.050000
2442,-16.417092,0.050000
2443,-38.941409,0.050000
2444,-34.328980,0.050000
2445,-47.183131,0.050000
2446,-77.570466,0.050000
2447,-61.069469,0.050000
2448,-59.645427,0.050000
2449,-84.269629,0.050000
2450,-30.050841,0.050000
2451,-6.313675,0.050000
2452,-73.306585,0.050000
2453,-30.328422,0.050000
2454,-58.508042,0.050000
2455,-36.288445,0.050000
2456,-10.990069,0.050000
2457,-80.470174,0.050000
2458,-37.566095,0.050000
2459,-44.044312,0.050000
2460,1.286056,0.050000
2461,-6.376043,0.050000
2462,-55.110707,0.050000
2463,-6.264871,0.050000
2464,-0.490950,0.050000
2465,-77.918782,0.050000
2466,-17.753095,0.050000
2467,-21.507840,0.050000
2468,-32.995687,0.050000
2469,-36.823478,0.050000
2470,-73.087325,0.050000
2471,-27.797110,0.050000
2472,-63.841468,0.050000
2473,-28.376375,0.050000
2474,-24.582981,0.050000
2475,-8.164161,0.050000
2476,-27.582688,0.050000
2477,-1.812297,0.050000
2478,-37.348808,0.050000
2479,4.124370,0.050000
2480,-33.466282,0.050000
2481,-20.806601,0.050000
2482,-30.563187,0.050000
2483,-27.755846,0.050000
2484,0.940000,0.050000
2485,-12.046243,0.050000
2486,-7.502861,0.050000
2487,-36.985504,0.050000
2488,-15.779542,0.050000
2489,-27.671627,0.050000
2490,-42.659264,0.050000
2491,-23.263795,0.050000
2492,-10.728029,0.050000
2493,-26.413748,0.050000
2494,-6.916490,0.050000
2495,-11.355057,0.050000
2496,-30.097746,0.050000
2497,-65.441843,0.050000
2498,-67.395979,0.050000
2499,-21.512420,0.050000
2500,2.257566,0.050000
2501,-22.511335,0.050000
2502,-35.232539,0.050000
2503,-9.352152,0.050000
2504,-27.896250,0.050000
2505,-34.111086,0.050000
2506,-27.256621,0.050000
2507,-55.114725,0.050000
2508,-46.882452,0.050000
2509,-63.646780,0.050000
2510,-8.779261,0.050000
2511,-13.881824,0.050000
2512,-55.282861,0.050000
2513,-32.145828,0.050000
2514,-48.588940,0.050000
2515,-7.887697,0.050000
2516,-36.780112,0.050000
2517,-24.915106,0.050000
2518,-58.593960,0.050000
2519,-59.211421,0.050000
2520,26.365375,0.050000
2521,-43.710180,0.050000
2522,-77.657545,0.050000
2523,-27.862826,0.050000
2524,-76.361123,0.050000
2525,-25.229097,0.050000
2526,-67.363268,0.050000
2527,-18.518565,0.050000
2528,-42.042624,0.050000
2529,8.751596,0.050000
2530,-86.571149,0.050000
2531,-36.579195,0.050000
2532,-5.785478,0.050000
2533,-14.258585,0.050000
2534,-13.943504,0.050000
2535,-65.506006,0.050000
2536,-41.618377,0.050000
2537,-20.455677,0.050000
2538,-43.552723,0.050000
2539,-35.524754,0.050000
2540,-30.667557,0.050000
2541,-25.972772,0.050000
2542,-26.211513,0.050000
2543,-37.370838,0.050000
2544,-0.401987,0.050000
2545,-37.296629,0.050000
2546,-28.665456,0.050000
2547,4.292509,0.050000
2548,13.870117,0.050000
2549,-7.215401,0.050000
2550,-50.427917,0.050000
2551,-73.264692,0.050000
2552,-38.382205,0.050000
2553,-61.213819,0.050000
2554,-69.073335,0.050000
2555,-48.777050,0.050000
2556,-6.122554,0.050000
2557,-32.156101,0.050000
2558,-23.626626,0.050000
2559,-65.038237,0.050000
2560,-20.945259,0.050000
2561,-39.583426,0.050000
2562,-51.608829,0.050000
2563,-45.959657,0.050000
2564,-18.370634,0.050000
2565,-28.785195,0.050000
2566,-78.248653,0.050000
2567,1.947272,0.050000
2568,-13.652074,0.050000
2569,-35.188783,0.050000
2570,-19.863350,0.050000
2571,-24.851461,0.050000
2572,-27.958833,0.050000
2573,-12.711063,0.050000
2574,-20.122464,0.050000
2575,-59.158181,0.050000
2576,-28.639559,0.050000
2577,-61.322647,0.050000
2578,-83.338069,0.050000
2579,-38.561848,0.050000
2580,-42.392068,0.050000
2581,-50.196719,0.050000
2582,-62.451360,0.050000
2583,-73.161798,0.050000
2584,-6.965202,0.050000
2585,-51.351074,0.050000
2586,-18.275365,0.050000
2587,-63.068224,0.050000
2588,-71.452678,0.050000
2589,-63.120452,0.050000
2590,-108.421596,0.050000
2591,-54.649508,0.050000
2592,-114.119095,0.050000
2593,1.208241,0.050000
2594,-14.161108,0.050000
2595,8.273076,0.050000
2596,-60.810593,0.050000
2597,15.281858,0.050000
2598,-53.374296,0.050000
2599,8.679709,0.050000
2600,-40.937083,0.050000
2601,-59.135606,0.050000
2602,-50.360949,0.050000
2603,28.592613,0.050000
2604,-56.594161,0.050000
2605,-91.383747,0.050000
2606,-99.000052,0.050000
2607,-58.168794,0.050000
2608,-69.444643,0.050000
2609,-22.777231,0.050000
2610,3.277397,0.050000
2611,-14.014690,0.050000
2612,-38.531146,0.050000
2613,-58.326577,0.050000
2614,-3.790111,0.050000
2615,-15.058027,0.050000
2616,-58.148897,0.050000
2617,-64.753102,0.050000
2618,-10.842930,0.050000
2619,6.578685,0.050000
2620,-35.585762,0.050000
2621,-56.377640,0.050000
2622,-65.239090,0.050000
2623,-48.281442,0.050000
2624,-53.712383,0.050000
2625,-29.919554,0.050000
2626,4.803892,0.050000
2627,-49.924275,0.050000
2628,-10.944782,0.050000
2629,-57.405448,0.050000
2630,-35.403369,0.050000
2631,-65.581055,0.050000
2632,26.668822,0.050000
2633,-56.186455,0.050000
2634,-4.180594,0.050000
2635,-32.496237,0.050000
2636,-94.076213,0.050000
2637,-62.016271,0.050000
2638,-66.737749,0.050000
2639,-23.434315,0.050000
2640,-27.340667,0.050000
2641,-20.212294,0.050000
2642,-27.574506,0.050000
2643,10.152273,0.050000
2644,-22.705812,0.050000
2645,-26.192024,0.050000
2646,-9.587436,0.050000
2647,-38.993242,0.050000
2648,-34.582942,0.050000
2649,3.210095,0.050000
2650,-46.230046,0.050000
2651,-86.529141,0.050000
2652,-14.086229,0.050000
2653,-55.729528,0.050000
2654,-23.475767,0.050000
2655,3.173810,0.050000
2656,-46.591726,0.050000
2657,4.293761,0.050000
2658,-15.641864,0.050000
2659,1.200976,0.050000
2660,-27.945146,0.050000
2661,0.958433,0.050000
2662,-37.034994,0.050000
2663,-34.438418,0.050000
2664,-55.331432,0.050000
2665,-28.463166,0.050000
2666,-20.241229,0.050000
2667,-50.201273,0.050000
2668,-51.931638,0.050000
2669,-42.274734,0.050000
2670,-27.671904,0.050000
2671,13.598893,0.050000
2672,-56.186604,0.050000
2673,-48.853574,0.050000
2674,18.125213,0.050000
2675,-58.925350,0.050000
2676,-1.913138,0.050000
2677,-0.593462,0.050000
2678,-22.662028,0.050000
2679,-17.915786,0.050000
2680,7.655948,0.050000
2681,10.415383,0.050000
2682,16.982857,0.050000
2683,-70.922452,0.050000
2684,18.537562,0.050000
2685,2.452336,0.050000
2686,-35.173047,0.050000
2687,-4.184245,0.050000
2688,2.937181,0.050000
2689,-0.536657,0.050000
2690,0.987521,0.050000
2691,-11.945651,0.050000
2692,-19.542617,0.050000
2693,-0.666863,0.050000
2694,6.916545,0.050000
2695,-25.579039,0.050000
2696,6.917797,0.050000
2697,-1.558886,0.050000
2698,9.043448,0.050000
2699,-50.306246,0.050000
2700,-31.300105,0.050000
2701,-28.694652,0.050000
2702,0.396185,0.050000
2703,-25.245457,0.050000
2704,-0.983804,0.050000
2705,-0.396598,0.050000
2706,-46.601532,0.050000
2707,4.929619,0.050000
2708,-25.733619,0.050000
2709,1.573221,0.050000
2710,-21.963841,0.050000
2711,-13.684420,0.050000
2712,-10.621096,0.050000
2713,8.651669,0.050000
2714,-16.738717,0.050000
2715,-18.733748,0.050000
2716,-19.467857,0.050000
2717,7.390957,0.050000
2718,20.852554,0.050000
2719,21.562214,0.050000
2720,-10.098964,0.050000
2721,-32.650186,0.050000
2722,8.747427,0.050000
2723,-18.202722,0.050000
2724,7.372310,0.050000
2725,14.043341,0.050000
2726,-4.626569,0.050000
2727,-11.146006,0.050000
2728,15.488679,0.050000
2729,13.978332,0.050000
2730,-0.241814,0.050000
2731,3.015354,0.050000
2732,10.532038,0.050000
2733,-27.589369,0.050000
2734,-6.880899,0.050000
2735,-13.146186,0.050000
2736,-9.419374,0.050000
2737,12.430697,0.050000
2738,-52.796455,0.050000
2739,-51.693194,0.050000
2740,-38.169318,0.050000
2741,-61.202656,0.050000
2742,-83.235213,0.050000
2743,-60.725570,0.050000
2744,-49.671322,0.050000
2745,-50.419189,0.050000
2746,-66.592905,0.050000
2747,-5.242701,0.050000
2748,-29.839275,0.050000
2749,-30.236836,0.050000
2750,-69.183947,0.050000
2751,-35.901965,0.050000
2752,-45.862892,0.050000
2753,-56.830558,0.050000
2754,-53.594737,0.050000
2755,-75.251322,0.050000
2756,-38.286968,0.050000
2757,-23.350928,0.050000
2758,-16.019040,0.050000
2759,-2.164640,0.050000
2760,-81.230797,0.050000
2761,-37.066162,0.050000
2762,-28.231701,0.050000
2763,-74.277945,0.050000
2764,-56.747791,0.050000
2765,-27.401866,0.050000
2766,-26.178704,0.050000
2767,-63.808268,0.050000
2768,-21.400500,0.050000
2769,-34.601947,0.050000
2770,-27.433363,0.050000
2771,-71.816305,0.050000
2772,-26.452434,0.050000
2773,-46.201154,0.050000
2774,-57.587125,0.050000
2775,-65.929557,0.050000
2776,-28.636593,0.050000
2777,-58.919324,0.050000
2778,-68.499260,0.050000
2779,-85.689710,0.050000
2780,-85.747765,0.050000
2781,-76.888196,0.050000
2782,-117.141848,0.050000
2783,-51.382489,0.050000
2784,-48.182516,0.050000
2785,-59.314851,0.050000
2786,-72.019548,0.050000
2787,-63.515268,0.050000
2788,-43.053756,0.050000
2789,-64.668695,0.050000
2790,-40.446466,0.050000
2791,-43.209744,0.050000
2792,-95.956065,0.050000
2793,-71.931249,0.050000
2794,-22.190469,0.050000
2795,-36.987884,0.050000
2796,-11.499250,0.050000
2797,-58.233983,0.050000
2798,-58.414874,0.050000
2799,-60.669879,0.050000
2800,-58.271388,0.050000
2801,-62.379993,0.050000
2802,-23.753353,0.050000
2803,-27.271053,0.050000
2804,-64.378550,0.050000
2805,-31.595010,0.050000
2806,-12.863024,0.050000
2807,-44.524025,0.050000
2808,-59.468488,0.050000
2809,-66.847131,0.050000
2810,-60.741496,0.050000
2811,-53.415373,0.050000
2812,-46.968081,0.050000
2813,-53.090626,0.050000
2814,-71.518669,0.050000
2815,-70.758297,0.050000
2816,-51.166381,0.050000
2817,-103.265055,0.050000
2818,-36.449516,0.050000
2819,-11.414507,0.050000
2820,-68.684656,0.050000
2821,-43.145312,0.050000
2822,-52.560266,0.050000
2823,-94.726193,0.050000
2824,-60.797426,0.050000
2825,-70.150424,0.050000
2826,-38.510298,0.050000
2827,-52.143989,0.050000
2828,-69.380731,0.050000
2829,-83.772772,0.050000
2830,-49.645890,0.050000
2831,-41.638395,0.050000
2832,-33.911845,0.050000
2833,-81.642693,0.050000
2834,-91.520266,0.050000
2835,-63.381242,0.050000
2836,-38.158501,0.050000
2837,-32.300361,0.050000
2838,-25.649150,0.050000
2839,-43.618970,0.050000
2840,-39.136878,0.050000
2841,-86.731164,0.050000
2842,-100.986281,0.050000
2843,-52.562271,0.050000
2844,-100.714392,0.050000
2845,-71.123976,0.050000
2846,2.045905,0.050000
2847,-55.305958,0.050000
2848,-88.604237,0.050000
2849,-109.543566,0.050000
2850,-86.142761,0.050000
2851,-45.961732,0.050000
2852,-57.803553,0.050000
2853,-21.558672,0.050000
2854,-67.489812,0.050000
2855,-67.625031,0.050000
2856,-46.865986,0.050000
2857,-92.026623,0.050000
2858,-67.588877,0.050000
2859,-70.424294,0.050000
2860,-82.153722,0.050000
2861,-74.561036,0.050000
2862,-94.024999,0.050000
2863,-66.804196,0.050000
2864,-78.208355,0.050000
2865,-72.112332,0.050000
2866,-116.353568,0.050000
2867,-98.471404,0.050000
2868,-71.241808,0.050000
2869,-69.442815,0.050000
2870,-93.251953,0.050000
2871,-123.340436,0.050000
2872,-143.370456,0.050000
2873,-115.978344,0.050000
2874,-121.499510,0.050000
2875,-112.724522,0.050000
2876,-111.410758,0.050000
2877,-81.483774,0.050000
2878,-92.586569,0.050000
2879,-140.419529,0.050000
2880,-104.147016,0.050000
2881,-76.659318,0.050000
2882,-128.941505,0.050000
2883,-87.485815,0.050000
2884,-102.935225,0.050000
2885,-151.871832,0.050000
2886,-105.927863,0.050000
2887,-105.950823,0.050000
2888,-101.356356,0.050000
2889,-75.522631,0.050000
2890,-56.584747,0.050000
2891,-56.173580,0.050000
2892,-54.447488,0.050000
2893,-15.999666,0.050000
2894,-72.355206,0.050000
2895,-69.636990,0.050000
2896,-88.417006,0.050000
2897,-107.797223,0.050000
2898,-22.079684,0.050000
2899,-107.556495,0.050000
2900,-66.327459,0.050000
2901,-81.282448,0.050000
2902,-148.071273,0.050000
2903,-152.751872,0.050000
2904,-116.821965,0.050000
2905,-117.312676,0.050000
2906,-109.308948,0.050000
2907,-112.890650,0.050000
2908,-91.155387,0.050000
2909,-63.993654,0.050000
2910,-45.761106,0.050000
2911,-80.995070,0.050000
2912,-57.341985,0.050000
2913,-64.187512,0.050000
2914,-47.167876,0.050000
2915,-75.594120,0.050000
2916,-69.263396,0.050000
2917,-54.099600,0.050000
2918,-86.571032,0.050000
2919,-132.488860,0.050000
2920,-90.279134,0.050000
2921,-44.129636,0.050000
2922,-113.687327,0.050000
2923,-22.582118,0.050000
2924,-51.235062,0.050000
2925,-90.410499,0.050000
2926,-48.177543,0.050000
2927,-58.243671,0.050000
2928,-84.479885,0.050000
2929,-95.692466,0.050000
2930,-55.728255,0.050000
2931,-134.144874,0.050000
2932,-90.562709,0.050000
2933,-69.365207,0.050000
2934,-84.149004,0.050000
2935,-19.458237,0.050000
2936,-54.750090,0.050000
2937,-17.502905,0.050000
2938,-24.592439,0.050000
2939,-57.865814,0.050000
2940,-99.122607,0.050000
2941,-130.145228,0.050000
2942,-107.246996,0.050000
2943,-16.060072,0.050000
2944,-78.213345,0.050000
2945,-74.872981,0.050000
2946,-35.770088,0.050000
2947,-65.282582,0.050000
2948,-120.788790,0.050000
2949,-121.358269,0.050000
2950,-55.914640,0.050000
2951,-80.912701,0.050000
2952,-54.848406,0.050000
2953,-149.475269,0.050000
2954,-156.348253,0.050000
2955,-121.542102,0.050000
2956,-96.543507,0.050000
2957,-52.282809,0.050000
2958,-139.479189,0.050000
2959,-105.385753,0.050000
2960,-126.738012,0.050000
2961,-100.673586,0.050000
2962,-135.450798,0.050000
2963,-125.103914,0.050000
2964,-137.634789,0.050000
2965,-36.105200,0.050000
2966,-133.873140,0.050000
2967,-112.346794,0.050000
2968,-158.469370,0.050000
2969,-145.570657,0.050000
2970,-80.764224,0.050000
2971,-115.808060,0.050000
2972,-113.047642,0.050000
2973,-129.484938,0.050000
2974,-134.796198,0.050000
2975,-162.729490,0.050000
2976,-132.483773,0.050000
2977,-133.007806,0.050000
2978,-113.471650,0.050000
2979,-105.518105,0.050000
2980,-127.734059,0.050000
2981,-91.825677,0.050000
2982,-103.942135,0.050000
2983,-75.059675,0.050000
2984,-140.244229,0.050000
2985,-143.228107,0.050000
2986,-123.927745,0.050000
2987,-88.034456,0.050000
2988,-88.055999,0.050000
2989,-169.963347,0.050000
2990,-111.096417,0.050000
2991,-41.419280,0.050000
2992,-60.606141,0.050000
2993,-104.798893,0.050000
2994,-33.697661,0.050000
2995,-41.889897,0.050000
2996,-91.580855,0.050000
2997,-54.741913,0.050000
2998,-99.784382,0.050000
2999,-97.210213,0.050000
3000,-77.870944,0.050000
3001,-54.174259,0.050000
3002,-132.127406,0.050000
3003,-62.280430,0.050000
3004,-25.005875,0.050000
3005,-153.443064,0.050000
3006,-66.654616,0.050000
3007,-68.792354,0.050000
3008,5.699136,0.050000
3009,-103.084414,0.050000
3010,-7.524864,0.050000
3011,-129.610466,0.050000
3012,-70.494065,0.050000
3013,-100.524774,0.050000
3014,-126.471040,0.050000
3015,-92.564555,0.050000
3016,-121.148666,0.050000
3017,-56.594134,0.050000
3018,-127.920721,0.050000
3019,-79.955912,0.050000
3020,-32.170388,0.050000
3021,-62.687118,0.050000
3022,-48.064053,0.050000
3023,-1.675692,0.050000
3024,-116.136067,0.050000
3025,-77.857511,0.050000
3026,-104.691640,0.050000
3027,-40.399086,0.050000
3028,-111.778556,0.050000
3029,-114.762550,0.050000
3030,-92.576273,0.050000
3031,-96.912149,0.050000
3032,-36.191835,0.050000
3033,-47.552281,0.050000
3034,-54.027611,0.050000
3035,4.314877,0.050000
3036,-37.314421,0.050000
3037,-30.623514,0.050000
3038,-33.484018,0.050000
3039,-37.072485,0.050000
3040,-113.397757,0.050000
3041,-10.297206,0.050000
3042,-14.581681,0.050000
3043,7.978550,0.050000
3044,-42.656673,0.050000
3045,-115.047034,0.050000
3046,-103.597709,0.050000
3047,-20.509863,0.050000
3048,-110.491317,0.050000
3049,-59.998754,0.050000
3050,-59.220982,0.050000
3051,-17.341574,0.050000
3052,-98.973110,0.050000
3053,-85.730793,0.050000
3054,-88.067468,0.050000
3055,-92.558817,0.050000
3056,-118.161749,0.050000
3057,-121.685441,0.050000
3058,-130.842371,0.050000
3059,-115.680789,0.050000
3060,-79.046419,0.050000
3061,-136.824181,0.050000
3062,-93.257426,0.050000
3063,-54.290913,0.050000
3064,-46.508633,0.050000
3065,-81.398026,0.050000
3066,-93.294005,0.050000
3067,-126.514025,0.050000
3068,-98.362690,0.050000
3069,-83.650786,0.050000
3070,-55.437188,0.050000
3071,-79.343947,0.050000
3072,-56.302959,0.050000
3073,-97.361320,0.050000
3074,-58.267800,0.050000
3075,-95.522571,0.050000
3076,-63.029696,0.050000
3077,-99.541339,0.050000
3078,-82.857081,0.050000
3079,-71.276428,0.050000
3080,-72.437198,0.050000
3081,-48.341144,0.050000
3082,-48.956514,0.050000
3083,-81.321718,0.050000
3084,-55.644204,0.050000
3085,-61.182504,0.050000
3086,-30.375914,0.050000
3087,-100.166259,0.050000
3088,-42.274226,0.050000
3089,-44.239801,0.050000
3090,-83.842558,0.050000
3091,-56.729932,0.050000
3092,-23.479826,0.050000
3093,-66.421140,0.050000
3094,-61.008074,0.050000
3095,-35.821366,0.050000
3096,-81.315333,0.050000
3097,-88.154126,0.050000
3098,-32.376443,0.050000
3099,-20.356366,0.050000
3100,-59.189372,0.050000
3101,-70.439529,0.050000
3102,-77.653608,0.050000
3103,-21.268123,0.050000
3104,-76.368883,0.050000
3105,-40.586718,0.050000
3106,-30.102711,0.050000
3107,-66.880738,0.050000
3108,-56.182199,0.050000
3109,-59.467211,0.050000
3110,-5.826781,0.050000
3111,-64.798104,0.050000
3112,-78.354612,0.050000
3113,-74.576220,0.050000
3114,-26.285287,0.050000
3115,-67.446814,0.050000
3116,-55.640924,0.050000
3117,-118.179427,0.050000
3118,-44.698228,0.050000
3119,-31.385174,0.050000
3120,-46.038197,0.050000
3121,-56.424314,0.050000
3122,-21.015247,0.050000
3123,-126.611601,0.050000
3124,-63.413065,0.050000
3125,-39.476184,0.050000
3126,-66.536984,0.050000
3127,-66.461976,0.050000
3128,-11.318899,0.050000
3129,-45.614398,0.050000
3130,-98.419115,0.050000
3131,-52.155236,0.050000
3132,-63.585206,0.050000
3133,-99.286581,0.050000
3134,-69.642911,0.050000
3135,-51.374090,0.050000
3136,-77.704402,0.050000
3137,-34.865230,0.050000
3138,-54.093697,0.050000
3139,-15.816597,0.050000
3140,-45.788351,0.050000
3141,-32.937946,0.050000
3142,-29.192681,0.050000
3143,-76.824713,0.050000
3144,-42.997122,0.050000
3145,-19.527016,0.050000
3146,-9.613362,0.050000
3147,-95.137469,0.050000
3148,-12.841423,0.050000
3149,-37.246073,0.050000
3150,-20.470938,0.050000
3151,-100.259361,0.050000
3152,-60.985171,0.050000
3153,-72.739558,0.050000
3154,-21.569742,0.050000
3155,-49.194530,0.050000
3156,-40.357518,0.050000
3157,-54.273642,0.050000
3158,-38.832220,0.050000
3159,-100.385233,0.050000
3160,-42.163393,0.050000
3161,1.552681,0.050000
3162,-50.601703,0.050000
3163,-41.926979,0.050000
3164,-72.922637,0.050000
3165,-33.966116,0.050000
3166,-63.747793,0.050000
3167,-41.569117,0.050000
3168,-51.363801,0.050000
3169,-53.159552,0.050000
3170,-47.452943,0.050000
3171,-59.187624,0.050000
3172,-49.534895,0.050000
3173,-77.589366,0.050000
3174,-84.750072,0.050000
3175,-25.686344,0.050000
3176,-22.528913,0.050000
3177,-10.929481,0.050000
3178,-27.616227,0.050000
3179,-29.725632,0.050000
3180,-37.627149,0.050000
3181,-34.651849,0.050000
3182,-61.016619,0.050000
3183,-11.864334,0.050000
3184,-15.136858,0.050000
3185,-35.407053,0.050000
3186,-97.423184,0.050000
3187,-25.910703,0.050000
3188,-81.643087,0.050000
3189,-26.156935,0.050000
3190,-69.301661,0.050000
3191,-41.141835,0.050000
3192,-47.193651,0.050000
3193,-60.177689,0.050000
3194,-65.117783,0.050000
3195,-52.795543,0.050000
3196,-52.830011,0.050000
3197,-54.588389,0.050000
3198,-80.199692,0.050000
3199,-36.358112,0.050000
3200,-63.255960,0.050000
3201,-24.517111,0.050000
3202,-44.655490,0.050000
3203,-71.715208,0.050000
3204,-55.378346,0.050000
3205,-28.467050,0.050000
3206,-66.078894,0.050000
3207,-46.889224,0.050000
3208,-110.144667,0.050000
3209,-89.204002,0.050000
3210,-66.702788,0.050000
3211,-90.146682,0.050000
3212,-91.061729,0.050000
3213,-87.789374,0.050000
3214,-43.895897,0.050000
3215,-80.890496,0.050000
3216,-94.481685,0.050000
3217,-98.791624,0.050000
3218,-49.393068,0.050000
3219,-73.075580,0.050000
3220,-74.327422,0.050000
3221,-81.732311,0.050000
3222,-92.946161,0.050000
3223,-102.896701,0.050000
3224,-104.633752,0.050000
3225,-63.623236,0.050000
3226,-78.670873,0.050000
3227,-59.826406,0.050000
3228,-102.543593,0.050000
3229,-86.489429,0.050000
3230,-119.154027,0.050000
3231,-136.678221,0.050000
3232,-114.283426,0.050000
3233,-111.334431,0.050000
3234,-126.052393,0.050000
3235,-135.948093,0.050000
3236,-72.676488,0.050000
3237,-62.160441,0.050000
3238,-151.890472,0.050000
3239,-82.395818,0.050000
3240,-83.567501,0.050000
3241,-85.628632,0.050000
3242,-94.718158,0.050000
3243,-120.232304,0.050000
3244,-88.903405,0.050000
3245,-110.771943,0.050000
3246,-94.108338,0.050000
3247,-99.937587,0.050000
3248,-89.685720,0.050000
3249,-109.962785,0.050000
3250,-60.395283,0.050000
3251,-133.887435,0.050000
3252,-128.532664,0.050000
3253,-84.214228,0.050000
3254,-74.354422,0.050000
3255,-77.533828,0.050000
3256,-98.066818,0.050000
3257,-142.206013,0.050000
3258,-100.518958,0.050000
3259,-120.331818,0.050000
3260,-125.509269,0.050000
3261,-111.680245,0.050000
3262,-94.301463,0.050000
3263,-69.393287,0.050000
3264,-129.888899,0.050000
3265,-80.763853,0.050000
3266,-120.295109,0.050000
3267,-117.663089,0.050000
3268,-172.234398,0.050000
3269,-135.186022,0.050000
3270,-100.850106,0.050000
3271,-86.574412,0.050000
3272,-205.659422,0.050000
3273,-56.184992,0.050000
3274,-133.481489,0.050000
3275,-134.781956,0.050000
3276,-57.728240,0.050000
3277,-70.960893,0.050000
3278,-102.620011,0.050000
3279,-116.809926,0.050000
3280,-59.950542,0.050000
3281,-87.756385,0.050000
3282,-76.898766,0.050000
3283,-98.548298,0.050000
3284,-143.244232,0.050000
3285,-115.895758,0.050000
3286,-77.265413,0.050000
3287,-87.807873,0.050000
3288,-100.739962,0.050000
3289,-46.461201,0.050000
3290,-132.342797,0.050000
3291,-13.622359,0.050000
3292,-133.635043,0.050000
3293,-34.619997,0.050000
3294,-115.080342,0.050000
3295,-143.527608,0.050000
3296,-114.477789,0.050000
3297,-176.021182,0.050000
3298,-40.841206,0.050000
3299,-46.632372,0.050000
3300,-115.233949,0.050000
3301,-57.080517,0.050000
3302,-98.292173,0.050000
3303,-162.398712,0.050000
3304,-109.080735,0.050000
3305,-113.938649,0.050000
3306,-67.270646,0.050000
3307,-69.775129,0.050000
3308,-50.705447,0.050000
3309,-69.973065,0.050000
3310,-32.791466,0.050000
3311,-39.145849,0.050000
3312,-90.146769,0.050000
3313,-24.755273,0.050000
3314,-157.343993,0.050000
3315,-42.394502,0.050000
3316,-102.239062,0.050000
3317,-79.716540,0.050000
3318,-67.602178,0.050000
3319,-41.321989,0.050000
3320,-114.232349,0.050000
3321,-84.472093,0.050000
3322,-142.338256,0.050000
3323,-164.489686,0.050000
3324,-100.093669,0.050000
3325,-64.767410,0.050000
3326,-40.430217,0.050000
3327,-100.129032,0.050000
3328,-18.512914,0.050000
3329,-17.587265,0.050000
3330,-154.875678,0.050000
3331,-140.741486,0.050000
3332,-146.467993,0.050000
3333,-62.127846,0.050000
3334,-113.028200,0.050000
3335,-129.954975,0.050000
3336,-152.341476,0.050000
3337,-108.005381,0.050000
3338,-43.232427,0.050000
3339,-198.595697,0.050000
3340,-151.209570,0.050000
3341,-159.873516,0.050000
3342,-132.322063,0.050000
3343,-115.322729,0.050000
3344,-126.975952,0.050000
3345,-116.748916,0.050000
3346,-76.838037,0.050000
3347,-71.835120,0.050000
3348,-92.384073,0.050000
3349,-70.949441,0.050000
3350,-104.849590,0.050000
3351,-82.223163,0.050000
3352,-82.126171,0.050000
3353,-136.132871,0.050000
3354,-54.807976,0.050000
3355,-55.963477,0.050000
3356,-47.209195,0.050000
3357,-130.947961,0.050000
3358,-74.317936,0.050000
3359,-12.797677,0.050000
3360,-137.295215,0.050000
3361,-156.382018,0.050000
3362,-83.564342,0.050000
3363,-17.649292,0.050000
3364,-97.365520,0.050000
3365,-110.706761,0.050000
3366,-113.936588,0.050000
3367,-53.590201,0.050000
3368,-107.062617,0.050000
3369,-80.934159,0.050000
3370,-57.330332,0.050000
3371,-58.838911,0.050000
3372,-80.393084,0.050000
3373,-59.901557,0.050000
3374,-98.955511,0.050000
3375,-119.190043,0.050000
3376,-140.758196,0.050000
3377,-122.931656,0.050000
3378,-122.765705,0.050000
3379,-86.398372,0.050000
3380,-69.457300,0.050000
3381,-90.902928,0.050000
3382,-51.603008,0.050000
3383,-74.239114,0.050000
3384,-92.281177,0.050000
3385,-58.329235,0.050000
3386,-74.790834,0.050000
3387,-90.111047,0.050000
3388,-96.484299,0.050000
3389,-58.144833,0.050000
3390,-81.001315,0.050000
3391,-121.881253,0.050000
3392,-101.206579,0.050000
3393,-67.525838,0.050000
3394,-92.019345,0.050000
3395,-124.512049,0.050000
3396,-91.080525,0.050000
3397,-98.925137,0.050000
3398,-86.913291,0.050000
3399,-73.160901,0.050000
3400,-124.786916,0.050000
3401,-91.289465,0.050000
3402,-102.286326,0.050000
3403,-143.424610,0.050000
3404,-93.832612,0.050000
3405,-111.208231,0.050000
3406,-109.302370,0.050000
3407,-64.606521,0.050000
3408,-56.234461,0.050000
3409,-102.589410,0.050000
3410,-96.817037,0.050000
3411,-145.710994,0.050000
3412,-85.940874,0.050000
3413,-149.528860,0.050000
3414,-98.617528,0.050000
3415,-17.894625,0.050000
3416,-94.376446,0.050000
3417,-107.229124,0.050000
3418,-37.102331,0.050000
3419,-49.489409,0.050000
3420,-70.418008,0.050000
3421,-119.973123,0.050000
3422,-143.147818,0.050000
3423,-100.539691,0.050000
3424,-108.581398,0.050000
3425,-119.963372,0.050000
3426,-95.583905,0.050000
3427,-110.663286,0.050000
3428,-119.796896,0.050000
3429,-179.335270,0.050000
3430,-102.424365,0.050000
3431,-97.075249,0.050000
3432,-110.184694,0.050000
3433,-110.078511,0.050000
3434,-117.574181,0.050000
3435,-24.063034,0.050000
3436,-37.830258,0.050000
3437,-74.068220,0.050000
3438,-106.528388,0.050000
3439,-140.004088,0.050000
3440,-111.022595,0.050000
3441,-40.346794,0.050000
3442,-128.639143,0.050000
3443,-127.652952,0.050000
3444,-89.617371,0.050000
3445,-89.278599,0.050000
3446,-72.031499,0.050000
3447,-101.051817,0.050000
3448,-156.952426,0.050000
3449,-134.998552,0.050000
3450,-121.026361,0.050000
3451,-102.248282,0.050000
3452,-95.311449,0.050000
3453,-28.294149,0.050000
3454,-111.902102,0.050000
3455,-34.452064,0.050000
3456,-129.730885,0.050000
3457,-78.285320,0.050000
3458,-66.977282,0.050000
3459,-73.572611,0.050000
3460,-83.757464,0.050000
3461,-55.418502,0.050000
3462,-87.737201,0.050000
3463,-26.031877,0.050000
3464,-50.056548,0.050000
3465,-73.442713,0.050000
3466,-108.824492,0.050000
3467,-61.542961,0.050000
3468,-51.173933,0.050000
3469,-53.569234,0.050000
3470,-49.202606,0.050000
3471,-66.495817,0.050000
3472,-36.440674,0.050000
3473,-81.259082,0.050000
3474,-62.863577,0.050000
3475,-61.619026,0.050000
3476,-70.143467,0.050000
3477,-69.695990,0.050000
3478,-58.256570,0.050000
3479,-32.776297,0.050000
3480,-62.470541,0.050000
3481,-40.259114,0.050000
3482,-46.470870,0.050000
3483,-44.822495,0.050000
3484,-25.704980,0.050000
3485,-47.357112,0.050000
3486,-22.939278,0.050000
3487,-31.849897,0.050000
3488,-26.142483,0.050000
3489,-28.060150,0.050000
3490,-49.018195,0.050000
3491,-93.034474,0.050000
3492,-79.775134,0.050000
3493,-16.519033,0.050000
3494,-98.752874,0.050000
3495,-19.924425,0.050000
3496,-69.760215,0.050000
3497,-36.291582,0.050000
3498,-60.918512,0.050000
3499,-42.157119,0.050000
3500,-115.349762,0.050000
3501,-14.474472,0.050000
3502,-83.089353,0.050000
3503,-62.351034,0.050000
3504,-61.916192,0.050000
3505,-62.925227,0.050000
3506,-31.141785,0.050000
3507,-91.291512,0.050000
3508,-41.988005,0.050000
3509,-47.272125,0.050000
3510,-19.613263,0.050000
3511,-111.420910,0.050000
3512,-137.637403,0.050000
3513,-101.236568,0.050000
3514,-42.412885,0.050000
3515,-59.458463,0.050000
3516,-46.433266,0.050000
3517,-106.794207,0.050000
3518,-52.397384,0.050000
3519,-94.206958,0.050000
3520,-89.765829,0.050000
3521,-27.153134,0.050000
3522,-54.969437,0.050000
3523,-116.334917,0.050000
3524,-62.059138,0.050000
3525,-87.344430,0.050000
3526,-100.044294,0.050000
3527,-66.503331,0.050000
3528,-106.028960,0.050000
3529,-101.250959,0.050000
3530,-93.582623,0.050000
3531,-16.715167,0.050000
3532,-47.779759,0.050000
3533,-56.211212,0.050000
3534,-114.065348,0.050000
3535,-8.900581,0.050000
3536,-49.494477,0.050000
3537,-36.722760,0.050000
3538,2.282159,0.050000
3539,-35.854786,0.050000
3540,-43.765926,0.050000
3541,-47.460894,0.050000
3542,-48.085831,0.050000
3543,-28.067910,0.050000
3544,-22.275138,0.050000
3545,-27.781969,0.050000
3546,-55.708454,0.050000
3547,-92.251637,0.050000
3548,-59.367776,0.050000
3549,-50.358615,0.050000
3550,-78.295502,0.050000
3551,-80.921020,0.050000
3552,-34.294375,0.050000
3553,-54.050242,0.050000
3554,-75.795735,0.050000
3555,-96.819961,0.050000
3556,-119.271505,0.050000
3557,-61.173031,0.050000
3558,-85.852559,0.050000
3559,-134.467531,0.050000
3560,-9.803096,0.050000
3561,-49.637825,0.050000
3562,-86.611377,0.050000
3563,-106.571921,0.050000
3564,-136.228209,0.050000
3565,-39.643323,0.050000
3566,-116.309345,0.050000
3567,-4.994813,0.050000
3568,-124.391451,0.050000
3569,-109.458159,0.050000
3570,-39.794708,0.050000
3571,-27.754101,0.050000
3572,-66.001445,0.050000
3573,-57.573152,0.050000
3574,-94.744170,0.050000
3575,-61.802335,0.050000
3576,-55.767163,0.050000
3577,-41.128598,0.050000
3578,-86.070818,0.050000
3579,-52.422752,0.050000
3580,-86.158906,0.050000
3581,-48.250846,0.050000
3582,-80.962765,0.050000
3583,-151.632351,0.050000
3584,-90.530769,0.050000
3585,-83.575206,0.050000
3586,-50.508725,0.050000
3587,-73.657785,0.050000
3588,-114.162347,0.050000
3589,-120.533009,0.050000
3590,-112.092624,0.050000
3591,-177.210642,0.050000
3592,-157.697255,0.050000
3593,-103.889497,0.050000
3594,-107.487133,0.050000
3595,-168.241820,0.050000
3596,-88.351427,0.050000
3597,-111.796429,0.050000
3598,-76.039002,0.050000
3599,-151.777700,0.050000
3600,-108.321378,0.050000
3601,-119.801224,0.050000
3602,-188.769118,0.050000
3603,-93.213702,0.050000
3604,-69.714253,0.050000
3605,-127.705117,0.050000
3606,-94.663341,0.050000
3607,-139.214883,0.050000
3608,-123.931009,0.050000
3609,-115.775208,0.050000
3610,-43.630671,0.050000
3611,-156.549482,0.050000
3612,-92.608391,0.050000
3613,-149.581071,0.050000
3614,-121.117620,0.050000
3615,-134.962772,0.050000
3616,-98.556113,0.050000
3617,-196.563338,0.050000
3618,-126.164758,0.050000
3619,-85.471749,0.050000
3620,-100.988426,0.050000
3621,-92.981572,0.050000
3622,-110.032590,0.050000
3623,-144.947233,0.050000
3624,-165.409443,0.050000
3625,-86.411902,0.050000
3626,-68.449764,0.050000
3627,-66.760966,0.050000
3628,-140.303065,0.050000
3629,-144.936124,0.050000
3630,-108.184079,0.050000
3631,-106.740513,0.050000
3632,-123.575925,0.050000
3633,-61.901935,0.050000
3634,-83.412941,0.050000
3635,-136.390068,0.050000
3636,-51.550342,0.050000
3637,-118.852700,0.050000
3638,-119.189820,0.050000
3639,-98.473129,0.050000
3640,-131.383578,0.050000
3641,-127.685522,0.050000
3642,-34.457606,0.050000
3643,-180.123917,0.050000
3644,-128.374305,0.050000
3645,-76.588867,0.050000
3646,-137.830619,0.050000
3647,-20.310696,0.050000
3648,-34.629199,0.050000
3649,-216.121864,0.050000
3650,-148.232386,0.050000
3651,-117.546827,0.050000
3652,-61.105432,0.050000
3653,-76.717714,0.050000
3654,-29.273586,0.050000
3655,-38.329750,0.050000
3656,-54.666004,0.050000
3657,-35.627765,0.050000
3658,-42.380111,0.050000
3659,-25.168093,0.050000
3660,-122.893260,0.050000
3661,-68.488519,0.050000
3662,-144.589966,0.050000
3663,-31.773779,0.050000
3664,-111.866296,0.050000
3665,-48.390636,0.050000
3666,-136.216937,0.050000
3667,-60.344631,0.050000
3668,-63.869014,0.050000
3669,-60.690310,0.050000
3670,-52.627409,0.050000
3671,-125.068794,0.050000
3672,-52.624474,0.050000
3673,-29.807948,0.050000
3674,-78.479939,0.050000
3675,-79.382329,0.050000
3676,-98.945210,0.050000
3677,-55.301335,0.050000
3678,-108.655811,0.050000
3679,-125.141447,0.050000
3680,-84.654700,0.050000
3681,-98.645732,0.050000
3682,-149.896528,0.050000
3683,-55.187370,0.050000
3684,-114.804190,0.050000
3685,-73.447617,0.050000
3686,-65.402032,0.050000
3687,-97.260275,0.050000
3688,-109.934988,0.050000
3689,-130.176062,0.050000
3690,-161.632722,0.050000
3691,-155.241536,0.050000
3692,-112.330339,0.050000
3693,-83.485128,0.050000
3694,-105.303210,0.050000
3695,-122.719566,0.050000
3696,-177.960988,0.050000
3697,-134.168783,0.050000
3698,-114.474240,0.050000
3699,-175.226614,0.050000
3700,-51.977834,0.050000
3701,-179.058063,0.050000
3702,-79.372600,0.050000
3703,-130.588359,0.050000
3704,-92.841765,0.050000
3705,-164.174538,0.050000
3706,-144.411804,0.050000
3707,-104.794443,0.050000
3708,-103.108557,0.050000
3709,-155.270926,0.050000
3710,-124.678431,0.050000
3711,-137.368849,0.050000
3712,-140.858962,0.050000
3713,-46.106583,0.050000
3714,-118.414719,0.050000
3715,-112.897935,0.050000
3716,-34.768462,0.050000
3717,-104.870803,0.050000
3718,-116.079994,0.050000
3719,-127.371388,0.050000
3720,-147.652170,0.050000
3721,-110.718158,0.050000
3722,-76.724131,0.050000
3723,-111.079596,0.050000
3724,-95.985691,0.050000
3725,-123.763202,0.050000
3726,-132.270390,0.050000
3727,-131.748741,0.050000
3728,-141.197902,0.050000
3729,-120.392524,0.050000
3730,-90.264199,0.050000
3731,-178.010722,0.050000
3732,-120.847111,0.050000
3733,-62.348578,0.050000
3734,-103.184954,0.050000
3735,-92.300845,0.050000
3736,-63.628671,0.050000
3737,-85.168282,0.050000
3738,-147.904289,0.050000
3739,-115.376691,0.050000
3740,-90.498512,0.050000
3741,-80.216254,0.050000
3742,-99.050988,0.050000
3743,-118.853752,0.050000
3744,-121.509208,0.050000
3745,-115.052998,0.050000
3746,-140.752590,0.050000
3747,-116.063633,0.050000
3748,-94.908065,0.050000
3749,-67.162207,0.050000
3750,-139.532778,0.050000
3751,-98.984429,0.050000
3752,-105.020004,0.050000
3753,-69.589187,0.050000
3754,-172.795517,0.050000
3755,-161.722780,0.050000
3756,-58.402474,0.050000
3757,-127.297187,0.050000
3758,-124.923467,0.050000
3759,-102.532997,0.050000
3760,-104.956947,0.050000
3761,-159.886036,0.050000
3762,-102.706958,0.050000
3763,-99.476124,0.050000
3764,-155.636252,0.050000
3765,-127.132725,0.050000
3766,-127.974407,0.050000
3767,-141.436120,0.050000
3768,-142.964292,0.050000
3769,-114.697963,0.050000
3770,-142.523523,0.050000
3771,-89.729754,0.050000
3772,-168.840346,0.050000
3773,-121.052079,0.050000
3774,-107.491633,0.050000
3775,-135.730239,0.050000
3776,-123.166033,0.050000
3777,-101.713577,0.050000
3778,-108.091658,0.050000
3779,-142.401812,0.050000
3780,-115.233576,0.050000
3781,-119.330931,0.050000
3782,-103.555863,0.050000
3783,-125.179119,0.050000
3784,-137.088181,0.050000
3785,-179.496614,0.050000
3786,-51.211246,0.050000
3787,-116.233410,0.050000
3788,-98.809475,0.050000
3789,-120.675275,0.050000
3790,-111.516521,0.050000
3791,-119.265858,0.050000
3792,-114.451744,0.050000
3793,-115.829765,0.050000
3794,-108.563788,0.050000
3795,-119.403286,0.050000
3796,-141.122100,0.050000
3797,-100.915731,0.050000
3798,-127.761957,0.050000
3799,-129.913218,0.050000
3800,-121.747928,0.050000
3801,-82.597034,0.050000
3802,-110.864601,0.050000
3803,-120.690433,0.050000
3804,-109.487912,0.050000
3805,-101.646958,0.050000
3806,-120.329570,0.050000
3807,-133.261953,0.050000
3808,-130.162721,0.050000
3809,-125.797731,0.050000
3810,-96.538510,0.050000
3811,-133.158339,0.050000
3812,-100.205610,0.050000
3813,-46.071272,0.050000
3814,-136.379030,0.050000
3815,-112.987725,0.050000
3816,-165.498745,0.050000
3817,-163.734647,0.050000
3818,-101.831080,0.050000
3819,-170.079308,0.050000
3820,-142.172639,0.050000
3821,-164.459370,0.050000
3822,-134.576964,0.050000
3823,-44.662791,0.050000
3824,-112.173651,0.050000
3825,-53.102127,0.050000
3826,-67.831686,0.050000
3827,-160.298558,0.050000
3828,-129.620564,0.050000
3829,-110.530180,0.050000
3830,-114.516308,0.050000
3831,-101.216845,0.050000
3832,-150.421252,0.050000
3833,-92.845096,0.050000
3834,-68.378081,0.050000
3835,-96.323154,0.050000
3836,-156.764350,0.050000
3837,-99.419250,0.050000
3838,-119.417218,0.050000
3839,-175.660558,0.050000
3840,-76.188068,0.050000
3841,-160.038711,0.050000
3842,-122.580757,0.050000
3843,-115.755588,0.050000
3844,-176.966167,0.050000
3845,-135.293632,0.050000
3846,-159.279065,0.050000
3847,-125.859902,0.050000
3848,-199.481304,0.050000
3849,-160.540584,0.050000
3850,-173.029042,0.050000
3851,-123.666780,0.050000
3852,-147.530902,0.050000
3853,-143.544813,0.050000
3854,-155.536965,0.050000
3855,-96.640314,0.050000
3856,-190.576842,0.050000
3857,-176.850792,0.050000
3858,-146.053749,0.050000
3859,-170.061065,0.050000
3860,-37.466950,0.050000
3861,-144.229200,0.050000
3862,-109.115503,0.050000
3863,-158.052278,0.050000
3864,-92.376829,0.050000
3865,-92.657393,0.050000
3866,-140.476951,0.050000
3867,-115.710257,0.050000
3868,-136.878096,0.050000
3869,-113.506791,0.050000
3870,-172.943808,0.050000
3871,-176.491446,0.050000
3872,-211.999012,0.050000
3873,-171.731423,0.050000
3874,-178.602920,0.050000
3875,-190.192383,0.050000
3876,-203.804939,0.050000
3877,-131.811648,0.050000
3878,-201.298032,0.050000
3879,-206.211501,0.050000
3880,-190.496403,0.050000
3881,-186.907265,0.050000
3882,-72.016219,0.050000
3883,-139.395274,0.050000
3884,-157.096224,0.050000
3885,-88.119283,0.050000
3886,-95.514738,0.050000
3887,-124.578532,0.050000
3888,-144.002321,0.050000
3889,-219.450774,0.050000
3890,-177.443637,0.050000
3891,-212.351633,0.050000
3892,-143.076835,0.050000
3893,-65.617102,0.050000
3894,-174.818975,0.050000
3895,-44.137212,0.050000
3896,-175.859849,0.050000
3897,-98.096270,0.050000
3898,-215.985471,0.050000
3899,-99.488045,0.050000
3900,-160.041302,0.050000
3901,-144.398933,0.050000
3902,-157.485019,0.050000
3903,-177.877831,0.050000
3904,-167.661137,0.050000
3905,-176.264293,0.050000
3906,-63.682898,0.050000
3907,-88.971769,0.050000
3908,-84.473444,0.050000
3909,-70.219658,0.050000
3910,-84.004843,0.050000
3911,-86.837453,0.050000
3912,-58.730128,0.050000
3913,-120.559899,0.050000
3914,-112.963543,0.050000
3915,-73.577786,0.050000
3916,-41.153047,0.050000
3917,-57.803196,0.050000
3918,-29.069156,0.050000
3919,-130.375576,0.050000
3920,-59.464303,0.050000
3921,-57.465909,0.050000
3922,-82.846174,0.050000
3923,-33.171238,0.050000
3924,-26.944445,0.050000
3925,-57.507084,0.050000
3926,-96.667708,0.050000
3927,-94.339636,0.050000
3928,-72.810686,0.050000
3929,-26.845377,0.050000
3930,-65.781267,0.050000
3931,-33.184402,0.050000
3932,-91.414519,0.050000
3933,-113.926368,0.050000
3934,-68.690363,0.050000
3935,-62.252147,0.050000
3936,-70.467699,0.050000
3937,-52.859720,0.050000
3938,-100.774406,0.050000
3939,-129.671365,0.050000
3940,-97.281219,0.050000
3941,-66.272384,0.050000
3942,-94.417927,0.050000
3943,-102.838699,0.050000
3944,-116.761050,0.050000
3945,-32.781450,0.050000
3946,-100.643353,0.050000
3947,-133.903355,0.050000
3948,-37.425952,0.050000
3949,-99.809838,0.050000
3950,-108.572471,0.050000
3951,-150.523027,0.050000
3952,-118.318245,0.050000
3953,-120.391725,0.050000
3954,-60.205589,0.050000
3955,-150.897610,0.050000
3956,-81.938327,0.050000
3957,-106.269383,0.050000
3958,-101.109523,0.050000
3959,-129.174573,0.050000
3960,-127.485277,0.050000
3961,-137.013420,0.050000
3962,-135.898271,0.050000
3963,-107.259871,0.050000
3964,-98.918862,0.050000
3965,-145.611988,0.050000
3966,-54.770508,0.050000
3967,-74.283840,0.050000
3968,-112.805874,0.050000
3969,-156.143724,0.050000
3970,-125.801126,0.050000
3971,-94.735991,0.050000
3972,-84.674926,0.050000
3973,-112.952712,0.050000
3974,-134.196445,0.050000
3975,-83.883358,0.050000
3976,-126.030206,0.050000
3977,-69.421168,0.050000
3978,-105.063808,0.050000
3979,-99.493701,0.050000
3980,-77.120071,0.050000
3981,-44.718745,0.050000
3982,-68.457493,0.050000
3983,-102.824586,0.050000
3984,-47.879738,0.050000
3985,-63.425845,0.050000
3986,-88.101504,0.050000
3987,-92.531548,0.050000
3988,-81.876384,0.050000
3989,-60.793467,0.050000
3990,-59.901709,0.050000
3991,-48.846663,0.050000
3992,-104.513575,0.050000
3993,-51.488045,0.050000
3994,-69.929783,0.050000
3995,-118.721164,0.050000
3996,-41.145407,0.050000
3997,-63.142340,0.050000
3998,-40.850728,0.050000
3999,-83.652274,0.050000
4000,-69.812276,0.050000
4001,-80.765566,0.050000
4002,-53.420715,0.050000
4003,-75.413166,0.050000
4004,-64.942468,0.050000
4005,-78.086643,0.050000
4006,-40.803983,0.050000
4007,-58.020291,0.050000
4008,-53.712913,0.050000
4009,-67.454906,0.050000
4010,-42.379716,0.050000
4011,-96.219725,0.050000
4012,-58.173131,0.050000
4013,-81.767956,0.050000
4014,-82.635920,0.050000
4015,-64.016588,0.050000
4016,-107.707065,0.050000
4017,-77.828846,0.050000
4018,-32.095601,0.050000
4019,-61.635502,0.050000
4020,-86.464086,0.050000
4021,-86.600332,0.050000
4022,-45.679056,0.050000
4023,-72.785845,0.050000
4024,-96.516610,0.050000
4025,-92.638666,0.050000
4026,-139.917471,0.050000
4027,-103.604951,0.050000
4028,-86.401148,0.050000
4029,-151.059658,0.050000
4030,-76.711773,0.050000
4031,-63.264472,0.050000
4032,-96.403078,0.050000
4033,-67.416653,0.050000
4034,-95.435043,0.050000
4035,-75.827855,0.050000
4036,-100.294079,0.050000
4037,-49.750544,0.050000
4038,-91.782701,0.050000
4039,-121.161768,0.050000
4040,-108.387666,0.050000
4041,-89.225884,0.050000
4042,-53.335436,0.050000
4043,-100.913483,0.050000
4044,-102.180698,0.050000
4045,-80.271097,0.050000
4046,-69.143963,0.050000
4047,-76.552270,0.050000
4048,-97.480507,0.050000
4049,-75.112098,0.050000
4050,-144.696105,0.050000
4051,-69.936300,0.050000
4052,-97.207089,0.050000
4053,-107.270254,0.050000
4054,-92.231331,0.050000
4055,-84.296387,0.050000
4056,-58.357244,0.050000
4057,-79.806804,0.050000
4058,-93.141329,0.050000
4059,-57.962406,0.050000
4060,-98.301199,0.050000
4061,-136.725151,0.050000
4062,-155.474650,0.050000
4063,-67.010849,0.050000
4064,-75.088688,0.050000
4065,-94.704528,0.050000
4066,-105.827016,0.050000
4067,-125.042656,0.050000
4068,-100.202662,0.050000
4069,-51.411605,0.050000
4070,-110.347822,0.050000
4071,-127.890088,0.050000
4072,-81.513861,0.050000
4073,-127.257664,0.050000
4074,-132.502333,0.050000
4075,-73.866842,0.050000
4076,-96.938248,0.050000
4077,-143.380532,0.050000
4078,-69.638611,0.050000
4079,-87.240683,0.050000
4080,-145.554084,0.050000
4081,-52.196740,0.050000
4082,-52.246004,0.050000
4083,-94.612872,0.050000
4084,-53.520235,0.050000
4085,-88.548310,0.050000
4086,-67.306673,0.050000
4087,-89.730271,0.050000
4088,-111.617564,0.050000
4089,-80.237392,0.050000
4090,-100.996019,0.050000
4091,-113.042380,0.050000
4092,-149.162167,0.050000
4093,-110.212047,0.050000
4094,-127.220370,0.050000
4095,-128.268637,0.050000
4096,-147.510084,0.050000
4097,-149.062176,0.050000
4098,-41.248527,0.050000
4099,-115.229383,0.050000
4100,-116.622766,0.050000
4101,-222.961587,0.050000
4102,-118.830976,0.050000
4103,-116.773239,0.050000
4104,-150.431789,0.050000
4105,-140.543634,0.050000
4106,-53.655950,0.050000
4107,-167.189845,0.050000
4108,-139.535832,0.050000
4109,-137.212772,0.050000
4110,-138.795925,0.050000
4111,-124.182879,0.050000
4112,-152.179634,0.050000
4113,-73.619886,0.050000
4114,-86.257087,0.050000
4115,-135.583023,0.050000
4116,-89.668979,0.050000
4117,-124.369839,0.050000
4118,-39.088568,0.050000
4119,-113.576351,0.050000
4120,-139.385011,0.050000
4121,-91.266932,0.050000
4122,-148.976694,0.050000
4123,-173.566522,0.050000
4124,-147.468424,0.050000
4125,-76.809247,0.050000
4126,-92.151349,0.050000
4127,-131.109969,0.050000
4128,-77.352519,0.050000
4129,-114.359028,0.050000
4130,-145.666939,0.050000
4131,-95.940830,0.050000
4132,-52.484123,0.050000
4133,-159.472787,0.050000
4134,-155.260659,0.050000
4135,-81.831608,0.050000
4136,-114.388863,0.050000
4137,-85.367974,0.050000
4138,-124.589765,0.050000
4139,-108.048045,0.050000
4140,-109.564067,0.050000
4141,-55.287039,0.050000
4142,-108.499640,0.050000
4143,-117.038047,0.050000
4144,-92.653634,0.050000
4145,-86.995278,0.050000
4146,-131.771795,0.050000
4147,-85.639729,0.050000
4148,-134.073952,0.050000
4149,-146.781789,0.050000
4150,-115.744135,0.050000
4151,-106.223295,0.050000
4152,-113.205751,0.050000
4153,-126.272711,0.050000
4154,-154.592736,0.050000
4155,-100.372970,0.050000
4156,-152.977835,0.050000
4157,-117.698887,0.050000
4158,-153.643200,0.050000
4159,-113.111144,0.050000
4160,-175.723468,0.050000
4161,-92.860647,0.050000
4162,-115.923749,0.050000
4163,-112.647185,0.050000
4164,-135.523254,0.050000
4165,-123.111332,0.050000
4166,-128.733288,0.050000
4167,-128.605866,0.050000
4168,-120.986944,0.050000
4169,-126.029067,0.050000
4170,-168.770425,0.050000
4171,-156.198440,0.050000
4172,-133.664391,0.050000
4173,-155.090941,0.050000
4174,-89.346039,0.050000
4175,-127.968889,0.050000
4176,-120.850712,0.050000
4177,-127.839346,0.050000
4178,-126.081546,0.050000
4179,-93.903718,0.050000
4180,-115.551845,0.050000
4181,-102.877587,0.050000
4182,-100.759808,0.050000
4183,-132.923332,0.050000
4184,-96.854888,0.050000
4185,-145.773568,0.050000
4186,-122.906906,0.050000
4187,-121.772695,0.050000
4188,-66.522720,0.050000
4189,-87.995082,0.050000
4190,-80.713352,0.050000
4191,-120.912919,0.050000
4192,-87.489948,0.050000
4193,-90.819916,0.050000
4194,-103.887048,0.050000
4195,-77.447245,0.050000
4196,-56.691598,0.050000
4197,-43.676118,0.050000
4198,-10.812411,0.050000
4199,-71.729993,0.050000
4200,-58.378832,0.050000
4201,-49.973743,0.050000
4202,-22.243269,0.050000
4203,-68.584685,0.050000
4204,-25.922890,0.050000
4205,-85.827298,0.050000
4206,-21.176134,0.050000
4207,-32.123571,0.050000
4208,-59.090471,0.050000
4209,-46.926030,0.050000
4210,-76.986798,0.050000
4211,-24.562503,0.050000
4212,-63.098641,0.050000
4213,-42.604523,0.050000
4214,-115.005907,0.050000
4215,-45.210139,0.050000
4216,-70.336403,0.050000
4217,-54.553989,0.050000
4218,-59.379610,0.050000
4219,-69.460473,0.050000
4220,-61.148961,0.050000
4221,-60.467503,0.050000
4222,-64.175080,0.050000
4223,-41.824246,0.050000
4224,-137.806881,0.050000
4225,-78.357560,0.050000
4226,-73.863256,0.050000
4227,-101.902984,0.050000
4228,-58.296212,0.050000
4229,-46.151612,0.050000
4230,-46.876780,0.050000
4231,-62.569510,0.050000
4232,-68.830169,0.050000
4233,-55.654291,0.050000
4234,-92.533954,0.050000
4235,-4.756596,0.050000
4236,-112.336496,0.050000
4237,-38.731301,0.050000
4238,-77.997489,0.050000
4239,-127.891247,0.050000
4240,-98.652591,0.050000
4241,-144.756555,0.050000
4242,-101.217172,0.050000
4243,-105.389771,0.050000
4244,-144.862711,0.050000
4245,-6.977939,0.050000
4246,-125.665008,0.050000
4247,-106.348668,0.050000
4248,-106.486724,0.050000
4249,-136.383603,0.050000
4250,-121.481017,0.050000
4251,12.019023,0.050000
4252,-129.272529,0.050000
4253,-132.730593,0.050000
4254,-101.335363,0.050000
4255,-125.613550,0.050000
4256,-108.671037,0.050000
4257,-93.419118,0.050000
4258,-110.742661,0.050000
4259,-91.978699,0.050000
4260,-139.778644,0.050000
4261,-98.883921,0.050000
4262,-16.628561,0.050000
4263,-70.236428,0.050000
4264,0.445168,0.050000
4265,-72.086933,0.050000
4266,-86.369552,0.050000
4267,1.119249,0.050000
4268,0.317737,0.050000
4269,-110.128100,0.050000
4270,-66.317207,0.050000
4271,-4.347464,0.050000
4272,-79.593087,0.050000
4273,-27.043713,0.050000
4274,-34.351534,0.050000
4275,-52.266402,0.050000
4276,-34.830837,0.050000
4277,-66.565904,0.050000
4278,-8.238295,0.050000
4279,-102.586271,0.050000
4280,-39.128944,0.050000
4281,-16.581463,0.050000
4282,-54.107435,0.050000
4283,-73.592434,0.050000
4284,-56.552243,0.050000
4285,-41.323045,0.050000
4286,-28.830866,0.050000
4287,-76.379261,0.050000
4288,-20.916091,0.050000
4289,-63.291770,0.050000
4290,-92.046492,0.050000
4291,-45.888233,0.050000
4292,-24.253312,0.050000
4293,-33.415262,0.050000
4294,-48.883207,0.050000
4295,-30.263639,0.050000
4296,-68.376454,0.050000
4297,-30.955228,0.050000
4298,-35.884581,0.050000
4299,-24.216534,0.050000
4300,-21.415108,0.050000
4301,-64.098010,0.050000
4302,-36.851787,0.050000
4303,-79.074412,0.050000
4304,-43.035131,0.050000
4305,4.006784,0.050000
4306,-40.650797,0.050000
4307,-6.291738,0.050000
4308,-44.240028,0.050000
4309,-60.909015,0.050000
4310,-22.802716,0.050000
4311,-78.417222,0.050000
4312,-4.502997,0.050000
4313,-8.167094,0.050000
4314,-65.256024,0.050000
4315,-57.401143,0.050000
4316,-51.842225,0.050000
4317,-78.256167,0.050000
4318,-52.057020,0.050000
4319,-10.815435,0.050000
4320,-28.981111,0.050000
4321,-9.523500,0.050000
4322,-8.747505,0.050000
4323,-91.613337,0.050000
4324,-126.856859,0.050000
4325,-110.605406,0.050000
4326,-19.245756,0.050000
4327,-76.393720,0.050000
4328,-52.194549,0.050000
4329,-114.068128,0.050000
4330,-58.631250,0.050000
4331,-58.105964,0.050000
4332,-117.816538,0.050000
4333,-37.623748,0.050000
4334,-110.320801,0.050000
4335,-69.952822,0.050000
4336,-72.129501,0.050000
4337,-66.557635,0.050000
4338,-43.721663,0.050000
4339,-49.284357,0.050000
4340,-84.100510,0.050000
4341,-61.056084,0.050000
4342,-81.425366,0.050000
4343,-71.174109,0.050000
4344,-100.208353,0.050000
4345,-74.373890,0.050000
4346,-79.096740,0.050000
4347,-125.344907,0.050000
4348,-113.486340,0.050000
4349,-69.294031,0.050000
4350,-113.087063,0.050000
4351,-125.875175,0.050000
4352,-45.441186,0.050000
4353,-80.120255,0.050000
4354,-59.468729,0.050000
4355,-92.475750,0.050000
4356,-91.538407,0.050000
4357,-70.792688,0.050000
4358,-45.062846,0.050000
4359,-79.066422,0.050000
4360,-72.785376,0.050000
4361,-135.072705,0.050000
4362,-83.902782,0.050000
4363,-79.825825,0.050000
4364,-50.658868,0.050000
4365,-72.503383,0.050000
4366,-71.926163,0.050000
4367,-67.513850,0.050000
4368,-71.864365,0.050000
4369,-47.338771,0.050000
4370,-75.831147,0.050000
4371,-49.845810,0.050000
4372,-49.146495,0.050000
4373,-91.657969,0.050000
4374,-84.162307,0.050000
4375,-65.485664,0.050000
4376,-99.885616,0.050000
4377,-58.252084,0.050000
4378,-32.762975,0.050000
4379,-80.992527,0.050000
4380,-41.274665,0.050000
4381,-90.702437,0.050000
4382,-108.416221,0.050000
4383,-71.729928,0.050000
4384,-69.663473,0.050000
4385,-80.376098,0.050000
4386,-52.274440,0.050000
4387,-85.386364,0.050000
4388,-91.044013,0.050000
4389,-147.572114,0.050000
4390,-39.676168,0.050000
4391,-20.980050,0.050000
4392,-76.534804,0.050000
4393,-83.849738,0.050000
4394,-36.961158,0.050000
4395,-97.299597,0.050000
4396,-57.310109,0.050000
4397,-116.453086,0.050000
4398,-61.892114,0.050000
4399,-39.634197,0.050000
4400,-105.021507,0.050000
4401,-45.106452,0.050000
4402,-138.728561,0.050000
4403,-83.360229,0.050000
4404,-71.005462,0.050000
4405,-7.693634,0.050000
4406,-57.165236,0.050000
4407,-16.981777,0.050000
4408,-50.805049,0.050000
4409,-65.021681,0.050000
4410,-65.303671,0.050000
4411,-73.513350,0.050000
4412,-36.006833,0.050000
4413,-35.364678,0.050000
4414,-51.138397,0.050000
4415,-45.861590,0.050000
4416,-39.791503,0.050000
4417,-63.027210,0.050000
4418,-46.674751,0.050000
4419,-29.622602,0.050000
4420,-70.984709,0.050000
4421,3.552877,0.050000
4422,-75.158179,0.050000
4423,-42.740828,0.050000
4424,-61.821388,0.050000
4425,-47.901964,0.050000
4426,-33.124727,0.050000
4427,-32.226657,0.050000
4428,-73.473451,0.050000
4429,-71.682095,0.050000
4430,-31.280041,0.050000
4431,-17.829297,0.050000
4432,-34.159739,0.050000
4433,-56.489241,0.050000
4434,-51.932116,0.050000
4435,-61.949839,0.050000
4436,-66.010500,0.050000
4437,-84.767493,0.050000
4438,-72.794205,0.050000
4439,-91.362852,0.050000
4440,-98.917554,0.050000
4441,-72.090050,0.050000
4442,-41.599274,0.050000
4443,-88.045600,0.050000
4444,-58.546983,0.050000
4445,-54.994454,0.050000
4446,-40.193545,0.050000
4447,-52.027536,0.050000
4448,-98.931680,0.050000
4449,-50.524609,0.050000
4450,-54.135861,0.050000
4451,-65.542405,0.050000
4452,-10.798069,0.050000
4453,-66.718149,0.050000
4454,-20.718278,0.050000
4455,-77.686811,0.050000
4456,-37.245180,0.050000
4457,-73.987050,0.050000
4458,-68.795498,0.050000
4459,-88.598872,0.050000
4460,-38.397546,0.050000
4461,-79.897577,0.050000
4462,-85.063437,0.050000
4463,-44.938175,0.050000
4464,-69.473388,0.050000
4465,-49.436193,0.050000
4466,-111.614113,0.050000
4467,-44.462511,0.050000
4468,-103.507257,0.050000
4469,-42.885063,0.050000
4470,-39.924758,0.050000
4471,-71.086461,0.050000
4472,-89.677213,0.050000
4473,-107.953601,0.050000
4474,-52.498588,0.050000
4475,-85.229063,0.050000
4476,-66.183378,0.050000
4477,-75.366382,0.050000
4478,-34.549148,0.050000
4479,-88.700360,0.050000
4480,-75.514506,0.050000
4481,-46.078368,0.050000
4482,-72.811821,0.050000
4483,-36.452823,0.050000
4484,-40.792451,0.050000
4485,-71.087794,0.050000
4486,-50.198660,0.050000
4487,-86.028461,0.050000
4488,-95.162692,0.050000
4489,-45.435555,0.050000
4490,-29.813877,0.050000
4491,-66.261752,0.050000
4492,-90.468059,0.050000
4493,-28.404665,0.050000
4494,-6.403923,0.050000
4495,-49.916704,0.050000
4496,-48.443430,0.050000
4497,-88.576083,0.050000
4498,-16.219641,0.050000
4499,-65.672149,0.050000
4500,-89.694664,0.050000
4501,-88.152813,0.050000
4502,-39.535613,0.050000
4503,-49.512291,0.050000
4504,-80.230795,0.050000
4505,-95.320315,0.050000
4506,-70.867076,0.050000
4507,-90.025762,0.050000
4508,-78.066664,0.050000
4509,-55.034406,0.050000
4510,-52.787634,0.050000
4511,4.791913,0.050000
4512,-50.523468,0.050000
4513,-59.314991,0.050000
4514,-63.642488,0.050000
4515,-100.116050,0.050000
4516,-22.339147,0.050000
4517,-66.647438,0.050000
4518,-30.096515,0.050000
4519,-66.712949,0.050000
4520,-68.276081,0.050000
4521,-104.736260,0.050000
4522,-24.643476,0.050000
4523,-42.795339,0.050000
4524,-52.160443,0.050000
4525,-61.268996,0.050000
4526,-120.002241,0.050000
4527,-57.404781,0.050000
4528,-22.090860,0.050000
4529,-50.321356,0.050000
4530,-44.937980,0.050000
4531,-60.630020,0.050000
4532,-32.615802,0.050000
4533,-12.766191,0.050000
4534,-45.560062,0.050000
4535,-45.321773,0.050000
4536,-33.173920,0.050000
4537,-25.301201,0.050000
4538,-69.511961,0.050000
4539,-45.963253,0.050000
4540,-109.620778,0.050000
4541,-83.010838,0.050000
4542,-16.609392,0.050000
4543,-74.512266,0.050000
4544,-23.602720,0.050000
4545,-23.471925,0.050000
4546,-26.487287,0.050000
4547,-21.432370,0.050000
4548,1.688855,0.050000
4549,-42.128567,0.050000
4550,-24.571079,0.050000
4551,-34.425600,0.050000
4552,-14.434140,0.050000
4553,-50.379994,0.050000
4554,-41.235442,0.050000
4555,-39.294581,0.050000
4556,-74.510656,0.050000
4557,-42.693145,0.050000
4558,-12.907776,0.050000
4559,-40.766937,0.050000
4560,-51.238216,0.050000
4561,-11.261938,0.050000
4562,-39.440925,0.050000
4563,-24.856459,0.050000
4564,10.769024,0.050000
4565,-21.546239,0.050000
4566,-35.428055,0.050000
4567,-39.997995,0.050000
4568,-24.284743,0.050000
4569,-47.399465,0.050000
4570,-7.914942,0.050000
4571,-64.437847,0.050000
4572,-45.416561,0.050000
4573,-51.698561,0.050000
4574,-25.145564,0.050000
4575,-35.465866,0.050000
4576,-50.408797,0.050000
4577,-48.467556,0.050000
4578,-72.733289,0.050000
4579,-56.654359,0.050000
4580,-29.392460,0.050000
4581,-39.467313,0.050000
4582,-50.880450,0.050000
4583,-29.085788,0.050000
4584,-44.897422,0.050000
4585,-7.820418,0.050000
4586,-64.864822,0.050000
4587,-33.702350,0.050000
4588,-39.483232,0.050000
4589,-46.380319,0.050000
4590,-37.030050,0.050000
4591,-43.037908,0.050000
4592,-27.508227,0.050000
4593,-48.934828,0.050000
4594,-26.378494,0.050000
4595,-52.899527,0.050000
4596,-27.272482,0.050000
4597,-54.373327,0.050000
4598,-32.748771,0.050000
4599,-5.372332,0.050000
4600,-56.030722,0.050000
4601,-45.003834,0.050000
4602,1.329177,0.050000
4603,-50.949779,0.050000
4604,-51.662411,0.050000
4605,-24.930062,0.050000
4606,-59.266689,0.050000
4607,-87.370051,0.050000
4608,-21.833652,0.050000
4609,-63.853350,0.050000
4610,-36.340827,0.050000
4611,-61.638470,0.050000
4612,-71.247613,0.050000
4613,-80.660242,0.050000
4614,-70.044933,0.050000
4615,-19.594271,0.050000
4616,-12.438163,0.050000
4617,-7.230097,0.050000
4618,-10.216863,0.050000
4619,-88.584247,0.050000
4620,-69.482867,0.050000
4621,-86.380777,0.050000
4622,-31.483262,0.050000
4623,-48.091622,0.050000
4624,-50.807346,0.050000
4625,-91.928851,0.050000
4626,-12.454596,0.050000
4627,-59.727436,0.050000
4628,-41.838768,0.050000
4629,-3.768957,0.050000
4630,-33.302496,0.050000
4631,-27.008811,0.050000
4632,-76.764869,0.050000
4633,-95.506982,0.050000
4634,-62.771201,0.050000
4635,-29.814050,0.050000
4636,-47.400720,0.050000
4637,-48.891718,0.050000
4638,-83.883964,0.050000
4639,-66.023200,0.050000
4640,-38.375473,0.050000
4641,-53.947387,0.050000
4642,-79.333043,0.050000
4643,-82.482851,0.050000
4644,-31.654143,0.050000
4645,-51.429650,0.050000
4646,-90.294515,0.050000
4647,-69.287152,0.050000
4648,-63.509235,0.050000
4649,-79.708912,0.050000
4650,-54.618400,0.050000
4651,-92.664152,0.050000
4652,-68.978348,0.050000
4653,-24.960601,0.050000
4654,-51.596085,0.050000
4655,-74.235450,0.050000
4656,-37.506504,0.050000
4657,-60.299235,0.050000
4658,-55.147067,0.050000
4659,-74.784387,0.050000
4660,-74.369708,0.050000
4661,-76.627241,0.050000
4662,-87.009197,0.050000
4663,-42.626776,0.050000
4664,-53.290746,0.050000
4665,-78.428492,0.050000
4666,-75.645853,0.050000
4667,-55.514334,0.050000
4668,-89.806450,0.050000
4669,-109.966336,0.050000
4670,-58.243660,0.050000
4671,-150.320096,0.050000
4672,-70.917473,0.050000
4673,-98.953140,0.050000
4674,-98.955322,0.050000
4675,-101.539131,0.050000
4676,-67.549062,0.050000
4677,-94.579208,0.050000
4678,-77.288207,0.050000
4679,-93.547219,0.050000
4680,-79.694093,0.050000
4681,-100.240962,0.050000
4682,-93.063917,0.050000
4683,-115.494139,0.050000
4684,-96.678004,0.050000
4685,-79.535053,0.050000
4686,-67.464552,0.050000
4687,-19.155673,0.050000
4688,-94.841411,0.050000
4689,-83.128991,0.050000
4690,-117.689517,0.050000
4691,-66.080740,0.050000
4692,-28.362253,0.050000
4693,-115.177696,0.050000
4694,-54.696893,0.050000
4695,-88.288904,0.050000
4696,-102.043304,0.050000
4697,-76.359300,0.050000
4698,-103.611436,0.050000
4699,-93.765255,0.050000
4700,-104.288301,0.050000
4701,-115.267834,0.050000
4702,-51.769376,0.050000
4703,-49.541591,0.050000
4704,-58.561750,0.050000
4705,-85.710168,0.050000
4706,-28.274803,0.050000
4707,-91.060146,0.050000
4708,-70.831025,0.050000
4709,-64.039112,0.050000
4710,-126.939291,0.050000
4711,-42.149247,0.050000
4712,-69.392116,0.050000
4713,-72.259994,0.050000
4714,-34.437912,0.050000
4715,-56.136321,0.050000
4716,-80.829838,0.050000
4717,-84.134361,0.050000
4718,-63.920492,0.050000
4719,-66.233039,0.050000
4720,-107.519931,0.050000
4721,-94.738915,0.050000
4722,-91.930921,0.050000
4723,-126.042517,0.050000
4724,-25.264292,0.050000
4725,-128.235431,0.050000
4726,-78.069344,0.050000
4727,-30.403686,0.050000
4728,-96.596586,0.050000
4729,-93.206717,0.050000
4730,-86.909301,0.050000
4731,-113.614069,0.050000
4732,-70.765116,0.050000
4733,-35.065640,0.050000
4734,-70.854731,0.050000
4735,-36.565008,0.050000
4736,-69.367238,0.050000
4737,-77.619053,0.050000
4738,-54.277272,0.050000
4739,-128.416259,0.050000
4740,-98.084904,0.050000
4741,-125.209663,0.050000
4742,-89.747088,0.050000
4743,-84.779393,0.050000
4744,-50.582250,0.050000
4745,-90.877083,0.050000
4746,-128.467874,0.050000
4747,-118.471169,0.050000
4748,-78.533416,0.050000
4749,-125.799958,0.050000
4750,-47.538265,0.050000
4751,-69.220169,0.050000
4752,-79.785445,0.050000
4753,-80.999058,0.050000
4754,-101.689550,0.050000
4755,-70.418602,0.050000
4756,-83.970195,0.050000
4757,-63.300799,0.050000
4758,-32.817917,0.050000
4759,-111.567859,0.050000
4760,-77.952190,0.050000
4761,-46.621762,0.050000
4762,-51.486038,0.050000
4763,-101.561975,0.050000
4764,-101.207531,0.050000
4765,-61.317205,0.050000
4766,-59.879686,0.050000
4767,-53.800163,0.050000
4768,-85.210986,0.050000
4769,-43.759177,0.050000
4770,-70.364533,0.050000
4771,-126.750874,0.050000
4772,-79.086231,0.050000
4773,-27.488614,0.050000
4774,-63.909749,0.050000
4775,-79.258737,0.050000
4776,-60.816691,0.050000
4777,-96.166843,0.050000
4778,-79.555219,0.050000
4779,-89.638525,0.050000
4780,-109.208955,0.050000
4781,-57.475903,0.050000
4782,-123.409699,0.050000
4783,-107.144459,0.050000
4784,-107.209585,0.050000
4785,-133.758766,0.050000
4786,-63.789172,0.050000
4787,-91.054431,0.050000
4788,-50.577909,0.050000
4789,-120.859304,0.050000
4790,-73.140357,0.050000
4791,-29.171907,0.050000
4792,-89.704953,0.050000
4793,-98.656521,0.050000
4794,-144.583668,0.050000
4795,-33.286856,0.050000
4796,-110.494677,0.050000
4797,-96.604664,0.050000
4798,-32.009588,0.050000
4799,-131.333291,0.050000
4800,-78.966340,0.050000
4801,-109.170599,0.050000
4802,-66.203208,0.050000
4803,-92.210860,0.050000
4804,-103.937284,0.050000
4805,-68.239103,0.050000
4806,-90.653082,0.050000
4807,-44.985684,0.050000
4808,-92.408306,0.050000
4809,-86.584021,0.050000
4810,-59.842970,0.050000
4811,-72.430162,0.050000
4812,-117.703526,0.050000
4813,-79.368104,0.050000
4814,-65.952410,0.050000
4815,-105.475654,0.050000
4816,-91.134648,0.050000
4817,-87.552996,0.050000
4818,-61.295297,0.050000
4819,-103.919974,0.050000
4820,-165.329831,0.050000
4821,-49.954540,0.050000
4822,-96.380494,0.050000
4823,-130.260227,0.050000
4824,-135.977784,0.050000
4825,-144.130264,0.050000
4826,-84.348354,0.050000
4827,-71.196052,0.050000
4828,-121.569379,0.050000
4829,-94.547043,0.050000
4830,-97.646938,0.050000
4831,-65.737182,0.050000
4832,-104.887448,0.050000
4833,-112.136314,0.050000
4834,-105.612776,0.050000
4835,-95.297803,0.050000
4836,-71.603445,0.050000
4837,-139.436039,0.050000
4838,-49.264373,0.050000
4839,-63.370473,0.050000
4840,-33.488748,0.050000
4841,-48.550455,0.050000
4842,-33.683640,0.050000
4843,-63.618345,0.050000
4844,-103.796994,0.050000
4845,-149.810220,0.050000
4846,-6.454254,0.050000
4847,-88.989329,0.050000
4848,-38.869960,0.050000
4849,-102.625936,0.050000
4850,-116.236834,0.050000
4851,-29.330510,0.050000
4852,-109.516116,0.050000
4853,-71.316799,0.050000
4854,-98.391266,0.050000
4855,-87.000584,0.050000
4856,-63.693312,0.050000
4857,-91.487225,0.050000
4858,-62.118730,0.050000
4859,-99.972535,0.050000
4860,-143.706744,0.050000
4861,-118.539786,0.050000
4862,-95.800468,0.050000
4863,-45.678248,0.050000
4864,-62.837954,0.050000
4865,-85.664237,0.050000
4866,-112.191214,0.050000
4867,-110.044607,0.050000
4868,-73.936137,0.050000
4869,-51.969098,0.050000
4870,-118.597910,0.050000
4871,-99.763325,0.050000
4872,-113.466193,0.050000
4873,-119.156523,0.050000
4874,-122.055444,0.050000
4875,-51.784206,0.050000
4876,-83.760449,0.050000
4877,-102.121117,0.050000
4878,-61.490921,0.050000
4879,-75.812169,0.050000
4880,-82.732309,0.050000
4881,-92.506689,0.050000
4882,-72.071446,0.050000
4883,-79.660935,0.050000
4884,-68.147565,0.050000
4885,-98.850916,0.050000
4886,-72.607631,0.050000
4887,-67.026462,0.050000
4888,-59.196522,0.050000
4889,-42.269710,0.050000
4890,-100.907130,0.050000
4891,-87.474374,0.050000
4892,-80.053263,0.050000
4893,-116.914153,0.050000
4894,-101.533750,0.050000
4895,-119.538933,0.050000
4896,-87.766958,0.050000
4897,-112.006572,0.050000
4898,-81.765149,0.050000
4899,-42.128917,0.050000
4900,-83.380302,0.050000
4901,-136.283322,0.050000
4902,-92.893463,0.050000
4903,-59.846156,0.050000
4904,-93.087220,0.050000
4905,-68.872655,0.050000
4906,-76.519377,0.050000
4907,-125.979041,0.050000
4908,-61.647287,0.050000
4909,-95.860812,0.050000
4910,-82.403505,0.050000
4911,-48.862778,0.050000
4912,-63.538128,0.050000
4913,-51.702303,0.050000
4914,-113.831076,0.050000
4915,-73.571361,0.050000
4916,-118.012450,0.050000
4917,-65.399827,0.050000
4918,-31.817221,0.050000
4919,-17.673248,0.050000
4920,-73.159523,0.050000
4921,-116.433133,0.050000
4922,-76.408145,0.050000
4923,-59.129015,0.050000
4924,-31.074873,0.050000
4925,-42.380566,0.050000
4926,-92.444335,0.050000
4927,-15.465377,0.050000
4928,-75.453839,0.050000
4929,-66.895648,0.050000
4930,-62.787896,0.050000
4931,-18.978495,0.050000
4932,-37.371429,0.050000
4933,-28.574236,0.050000
4934,-52.360928,0.050000
4935,-18.716768,0.050000
4936,-93.233067,0.050000
4937,-74.517603,0.050000
4938,-29.692477,0.050000
4939,-62.644458,0.050000
4940,-27.460091,0.050000
4941,-48.456523,0.050000
4942,-16.299640,0.050000
4943,-46.130196,0.050000
4944,-58.974831,0.050000
4945,-70.490493,0.050000
4946,-58.456808,0.050000
4947,-86.872771,0.050000
4948,-17.744642,0.050000
4949,-62.991233,0.050000
4950,-65.310784,0.050000
4951,-27.427463,0.050000
4952,-36.254104,0.050000
4953,-15.993659,0.050000
4954,-68.580249,0.050000
4955,-60.916221,0.050000
4956,0.023017,0.050000
4957,-36.202421,0.050000
4958,-47.670820,0.050000
4959,-22.815048,0.050000
4960,-51.372527,0.050000
4961,-60.290543,0.050000
4962,-48.377900,0.050000
4963,-58.834521,0.050000
4964,-23.146818,0.050000
4965,-18.775514,0.050000
4966,-79.618411,0.050000
4967,-9.086690,0.050000
4968,-78.997963,0.050000
4969,-51.691734,0.050000
4970,-58.601635,0.050000
4971,-28.256128,0.050000
4972,-17.268874,0.050000
4973,-18.014063,0.050000
4974,-23.921240,0.050000
4975,-78.118556,0.050000
4976,-22.549001,0.050000
4977,-77.384306,0.050000
4978,-32.467558,0.050000
4979,-36.453367,0.050000
4980,-70.475006,0.050000
4981,-0.209121,0.050000
4982,-47.325230,0.050000
4983,-41.364079,0.050000
4984,-99.268616,0.050000
4985,-37.195638,0.050000
4986,-59.616211,0.050000
4987,-78.495558,0.050000
4988,-50.966431,0.050000
4989,3.646067,0.050000
4990,0.653455,0.050000
4991,-19.850630,0.050000
4992,3.229387,0.050000
4993,-35.342231,0.050000
4994,-16.165993,0.050000
4995,2.505919,0.050000
4996,-25.605785,0.050000
4997,-14.750211,0.050000
4998,-69.212948,0.050000
4999,-56.465423,0.050000
5000,-40.706169,0.050000
5001,-7.235208,0.050000
5002,-54.793586,0.050000
5003,8.294880,0.050000
5004,-71.010025,0.050000
5005,-25.781467,0.050000
5006,-0.070514,0.050000
5007,11.140607,0.050000
5008,2.221753,0.050000
5009,-51.519352,0.050000
5010,-41.983486,0.050000
5011,12.652047,0.050000
5012,-48.309299,0.050000
5013,-44.691185,0.050000
5014,-34.566958,0.050000
5015,-45.488499,0.050000
5016,-7.981050,0.050000
5017,-69.901928,0.050000
5018,-12.503641,0.050000
5019,-53.528513,0.050000
5020,-14.257901,0.050000
5021,-73.853409,0.050000
5022,-33.524875,0.050000
5023,-39.963762,0.050000
5024,-5.399212,0.050000
5025,-42.248029,0.050000
5026,-49.561382,0.050000
5027,8.004743,0.050000
5028,-56.121762,0.050000
5029,-17.480327,0.050000
5030,-65.648340,0.050000
5031,-20.853068,0.050000
5032,-33.932879,0.050000
5033,-33.817268,0.050000
5034,-16.399137,0.050000
5035,-23.270459,0.050000
5036,-7.139664,0.050000
5037,-2.000373,0.050000
5038,-34.814262,0.050000
5039,-50.502785,0.050000
5040,-62.770151,0.050000
5041,-26.346003,0.050000
5042,-0.214026,0.050000
5043,6.709179,0.050000
5044,-21.284423,0.050000
5045,-58.944405,0.050000
5046,-4.250797,0.050000
5047,-120.782690,0.050000
5048,-97.342142,0.050000
5049,-52.349730,0.050000
5050,-54.430851,0.050000
5051,-10.284739,0.050000
5052,-26.019007,0.050000
5053,-76.889732,0.050000
5054,-32.295150,0.050000
5055,-26.284295,0.050000
5056,-4.084451,0.050000
5057,-12.988394,0.050000
5058,-38.887449,0.050000
5059,-94.104537,0.050000
5060,-49.017123,0.050000
5061,-28.562014,0.050000
5062,-59.803595,0.050000
5063,-3.303669,0.050000
5064,-71.065489,0.050000
5065,-79.406766,0.050000
5066,-46.837205,0.050000
5067,-38.234736,0.050000
5068,-27.359408,0.050000
5069,-37.703327,0.050000
5070,-49.575605,0.050000
5071,-57.052145,0.050000
5072,-48.217249,0.050000
5073,-62.734724,0.050000
5074,-16.134066,0.050000
5075,-67.255247,0.050000
5076,-30.589818,0.050000
5077,-75.142118,0.050000
5078,-96.271693,0.050000
5079,-41.416279,0.050000
5080,-55.909127,0.050000
5081,-41.894836,0.050000
5082,-56.098924,0.050000
5083,-66.335877,0.050000
5084,-89.006691,0.050000
5085,-118.481096,0.050000
5086,-138.670997,0.050000
5087,-80.720588,0.050000
5088,-214.807252,0.050000
5089,-39.624013,0.050000
5090,-72.458966,0.050000
5091,-88.731842,0.050000
5092,-162.018935,0.050000
5093,-106.807596,0.050000
5094,-120.121117,0.050000
5095,-128.460096,0.050000
5096,-57.687389,0.050000
5097,-43.264511,0.050000
5098,-50.159173,0.050000
5099,-91.350371,0.050000
5100,-133.814319,0.050000
5101,-49.811509,0.050000
5102,-81.686744,0.050000
5103,-56.537541,0.050000
5104,-75.303624,0.050000
5105,-89.249026,0.050000
5106,-62.797304,0.050000
5107,-13.644225,0.050000
5108,-12.256699,0.050000
5109,-37.645277,0.050000
5110,-65.072121,0.050000
5111,-70.719780,0.050000
5112,-83.502551,0.050000
5113,-43.871651,0.050000
5114,-107.997158,0.050000
5115,-70.038062,0.050000
5116,-126.307665,0.050000
5117,-110.421564,0.050000
5118,-125.343086,0.050000
5119,-112.503473,0.050000
5120,-143.055540,0.050000
5121,-118.088928,0.050000
5122,-85.299267,0.050000
5123,-44.590825,0.050000
5124,-39.047922,0.050000
5125,-107.500490,0.050000
5126,-114.820164,0.050000
5127,-118.250740,0.050000
5128,-72.424011,0.050000
5129,-72.660582,0.050000
5130,-95.589369,0.050000
5131,-78.060012,0.050000
5132,-117.771345,0.050000
5133,-40.809724,0.050000
5134,-4.342102,0.050000
5135,-151.980102,0.050000
5136,-102.897020,0.050000
5137,-122.022183,0.050000
5138,-156.022326,0.050000
5139,-110.255281,0.050000
5140,-121.162884,0.050000
5141,-124.649125,0.050000
5142,-96.216538,0.050000
5143,-98.397025,0.050000
5144,-141.823650,0.050000
5145,-100.392327,0.050000
5146,-120.277002,0.050000
5147,-122.166122,0.050000
5148,-148.242535,0.050000
5149,-166.631762,0.050000
5150,-161.375954,0.050000
5151,-82.250847,0.050000
5152,-60.818870,0.050000
5153,-40.244614,0.050000
5154,-80.343632,0.050000
5155,-89.250939,0.050000
5156,-66.344722,0.050000
5157,-79.601279,0.050000
5158,-66.051746,0.050000
5159,-116.731390,0.050000
5160,-94.477188,0.050000
5161,-73.941401,0.050000
5162,-112.037054,0.050000
5163,-144.566670,0.050000
5164,-69.478499,0.050000
5165,-47.637637,0.050000
5166,-101.292262,0.050000
5167,-122.810963,0.050000
5168,-80.337299,0.050000
5169,-59.318183,0.050000
5170,-81.233864,0.050000
5171,-30.265199,0.050000
5172,-79.574197,0.050000
5173,-114.281122,0.050000
5174,-124.116002,0.050000
5175,-119.518054,0.050000
5176,-94.869092,0.050000
5177,-120.689438,0.050000
5178,-161.682982,0.050000
5179,-155.607634,0.050000
5180,-149.409775,0.050000
5181,-25.508877,0.050000
5182,-134.848975,0.050000
5183,-153.331455,0.050000
5184,-148.090922,0.050000
5185,-118.053531,0.050000
5186,-173.167016,0.050000
5187,-34.402860,0.050000
5188,-146.565548,0.050000
5189,-67.595707,0.050000
5190,-125.870843,0.050000
5191,-137.392079,0.050000
5192,-134.951808,0.050000
5193,-34.477916,0.050000
5194,-65.592431,0.050000
5195,-85.567444,0.050000
5196,-117.102787,0.050000
5197,-95.567569,0.050000
5198,-73.288243,0.050000
5199,-88.445145,0.050000
5200,-98.654821,0.050000
5201,-104.677490,0.050000
5202,-39.742923,0.050000
5203,-21.851099,0.050000
5204,-35.377011,0.050000
5205,-93.988396,0.050000
5206,-95.785889,0.050000
5207,-134.128873,0.050000
5208,-122.182151,0.050000
5209,-102.131739,0.050000
5210,-64.176355,0.050000
5211,-54.977444,0.050000
5212,-119.595508,0.050000
5213,-86.895576,0.050000
5214,-51.920970,0.050000
5215,-96.613475,0.050000
5216,-98.855306,0.050000
5217,-101.440545,0.050000
5218,-116.897256,0.050000
5219,-100.803082,0.050000
5220,-74.954035,0.050000
5221,-101.537900,0.050000
5222,-86.926340,0.050000
5223,-137.450137,0.050000
5224,-148.480933,0.050000
5225,-139.824868,0.050000
5226,-163.497078,0.050000
5227,-89.271467,0.050000
5228,-123.983357,0.050000
5229,-116.500348,0.050000
5230,-102.613824,0.050000
5231,-121.375513,0.050000
5232,-72.179920,0.050000
5233,-112.237567,0.050000
5234,-101.753034,0.050000
5235,-128.169290,0.050000
5236,-120.178758,0.050000
5237,-143.798660,0.050000
5238,-126.068875,0.050000
5239,-56.555664,0.050000
5240,-97.253057,0.050000
5241,-125.161677,0.050000
5242,-160.418706,0.050000
5243,-124.422677,0.050000
5244,-158.365228,0.050000
5245,-134.306655,0.050000
5246,-86.345843,0.050000
5247,-138.134861,0.050000
5248,-101.170750,0.050000
5249,-105.157025,0.050000
5250,-168.818484,0.050000
5251,-148.597245,0.050000
5252,-138.220559,0.050000
5253,-142.117394,0.050000
5254,-141.390059,0.050000
5255,-102.284702,0.050000
5256,-88.989980,0.050000
5257,-29.126929,0.050000
5258,-66.841751,0.050000
5259,-84.414320,0.050000
5260,-75.134983,0.050000
5261,-160.051087,0.050000
5262,-89.724924,0.050000
5263,-136.513985,0.050000
5264,-116.999573,0.050000
5265,-102.946103,0.050000
5266,-100.642801,0.050000
5267,-90.782363,0.050000
5268,-124.960550,0.050000
5269,-97.546574,0.050000
5270,-81.410159,0.050000
5271,-76.411656,0.050000
5272,-174.438554,0.050000
5273,-84.980539,0.050000
5274,-72.585679,0.050000
5275,-86.742711,0.050000
5276,-122.051369,0.050000
5277,-153.683877,0.050000
5278,-141.370100,0.050000
5279,-103.901753,0.050000
5280,-66.424062,0.050000
5281,-128.177560,0.050000
5282,-138.402029,0.050000
5283,-61.420767,0.050000
5284,-147.731955,0.050000
5285,-81.854438,0.050000
5286,-158.060589,0.050000
5287,-100.234620,0.050000
5288,-98.669337,0.050000
5289,-105.280027,0.050000
5290,-121.957277,0.050000
5291,-91.486883,0.050000
5292,-136.739990,0.050000
5293,-88.754884,0.050000
5294,-132.327090,0.050000
5295,-139.150897,0.050000
5296,-141.629773,0.050000
5297,-119.452221,0.050000
5298,-120.714169,0.050000
5299,-126.131836,0.050000
5300,-139.756500,0.050000
5301,-55.327256,0.050000
5302,-104.806340,0.050000
5303,-89.618463,0.050000
5304,-87.364296,0.050000
5305,-125.395315,0.050000
5306,-109.395243,0.050000
5307,-110.428161,0.050000
5308,-105.070786,0.050000
5309,-30.468859,0.050000
5310,-100.730696,0.050000
5311,-89.759363,0.050000
5312,-93.525529,0.050000
5313,-113.663459,0.050000
5314,-164.439173,0.050000
5315,-141.733600,0.050000
5316,-120.715862,0.050000
5317,-128.087196,0.050000
5318,-114.707061,0.050000
5319,-127.505115,0.050000
5320,-121.005635,0.050000
5321,-133.713469,0.050000
5322,-116.965582,0.050000
5323,-124.453795,0.050000
5324,-133.040622,0.050000
5325,-111.834701,0.050000
5326,-121.077640,0.050000
5327,-134.146943,0.050000
5328,-117.589129,0.050000
5329,-167.053901,0.050000
5330,-116.621715,0.050000
5331,-159.452208,0.050000
5332,-98.157338,0.050000
5333,-156.825807,0.050000
5334,-114.651475,0.050000
5335,-115.516797,0.050000
5336,-137.651298,0.050000
5337,-130.765480,0.050000
5338,-149.660585,0.050000
5339,-158.772281,0.050000
5340,-149.366181,0.050000
5341,-122.661817,0.050000
5342,-226.729750,0.050000
5343,-127.812222,0.050000
5344,-195.810410,0.050000
5345,-165.188042,0.050000
5346,-186.725860,0.050000
5347,-149.163926,0.050000
5348,-164.164273,0.050000
5349,-150.039678,0.050000
5350,-156.447220,0.050000
5351,-177.600139,0.050000
5352,-119.904355,0.050000
5353,-110.771457,0.050000
5354,-128.440963,0.050000
5355,-107.293552,0.050000
5356,-143.421898,0.050000
5357,-108.321594,0.050000
5358,-113.738858,0.050000
5359,-62.700606,0.050000
5360,-133.524828,0.050000
5361,-188.729861,0.050000
5362,-63.888638,0.050000
5363,-124.995861,0.050000
5364,-116.234921,0.050000
5365,-184.213321,0.050000
5366,-106.011661,0.050000
5367,-165.734362,0.050000
5368,-123.747750,0.050000
5369,-177.762168,0.050000
5370,-83.991229,0.050000
5371,-124.449652,0.050000
5372,-86.492729,0.050000
5373,-117.198104,0.050000
5374,-127.222697,0.050000
5375,-111.952442,0.050000
5376,-153.807724,0.050000
5377,-112.733892,0.050000
5378,-143.044598,0.050000
5379,-127.930428,0.050000
5380,-133.229162,0.050000
5381,-85.362945,0.050000
5382,-92.637506,0.050000
5383,-148.283917,0.050000
5384,-82.442993,0.050000
5385,-52.392364,0.050000
5386,-84.843352,0.050000
5387,-107.470064,0.050000
5388,-104.156732,0.050000
5389,-136.423732,0.050000
5390,-62.439297,0.050000
5391,-86.967943,0.050000
5392,-153.986805,0.050000
5393,-98.818597,0.050000
5394,-57.722985,0.050000
5395,-152.496809,0.050000
5396,-65.396202,0.050000
5397,-118.257512,0.050000
5398,-159.543732,0.050000
5399,-97.078896,0.050000
5400,-140.655683,0.050000
5401,-102.257800,0.050000
5402,-148.395536,0.050000
5403,-91.450195,0.050000
5404,-188.141615,0.050000
5405,-144.365275,0.050000
5406,-142.018541,0.050000
5407,-157.780813,0.050000
5408,-116.386784,0.050000
5409,-87.389997,0.050000
5410,-129.469479,0.050000
5411,-119.278506,0.050000
5412,-139.225296,0.050000
5413,-175.482336,0.050000
5414,-167.115860,0.050000
5415,-59.544540,0.050000
5416,-122.800011,0.050000
5417,-141.541355,0.050000
5418,-178.280140,0.050000
5419,-180.100010,0.050000
5420,-178.548220,0.050000
5421,-131.457314,0.050000
5422,-133.366687,0.050000
5423,-65.367149,0.050000
5424,-127.411084,0.050000
5425,-141.339882,0.050000
5426,-136.766628,0.050000
5427,-97.969624,0.050000
5428,-122.223287,0.050000
5429,-64.992086,0.050000
5430,-85.529367,0.050000
5431,-110.835580,0.050000
5432,-122.028568,0.050000
5433,-100.841242,0.050000
5434,-61.431952,0.050000
5435,-78.497410,0.050000
5436,-90.216294,0.050000
5437,-101.691227,0.050000
5438,-155.036189,0.050000
5439,-116.574035,0.050000
5440,-120.812203,0.050000
5441,-117.283031,0.050000
5442,-84.303795,0.050000
5443,-55.213129,0.050000
5444,-103.502541,0.050000
5445,-85.724356,0.050000
5446,-94.488751,0.050000
5447,-94.051569,0.050000
5448,-75.408327,0.050000
5449,-72.275314,0.050000
5450,-134.574931,0.050000
5451,-92.016101,0.050000
5452,-81.361659,0.050000
5453,-60.118602,0.050000
5454,-77.005497,0.050000
5455,-94.405717,0.050000
5456,-106.268381,0.050000
5457,-118.022302,0.050000
5458,-104.076862,0.050000
5459,-100.769706,0.050000
5460,-94.899796,0.050000
5461,-109.837089,0.050000
5462,-61.311864,0.050000
5463,-133.928275,0.050000
5464,-96.718198,0.050000
5465,-118.750212,0.050000
5466,-87.392308,0.050000
5467,-56.163038,0.050000
5468,-35.571624,0.050000
5469,-102.824803,0.050000
5470,-141.646789,0.050000
5471,-49.132529,0.050000
5472,-118.698284,0.050000
5473,-48.611102,0.050000
5474,-110.506953,0.050000
5475,-107.339650,0.050000
5476,-20.090895,0.050000
5477,-86.481804,0.050000
5478,-57.081934,0.050000
5479,-70.186861,0.050000
5480,-67.805785,0.050000
5481,-84.266387,0.050000
5482,-41.858094,0.050000
5483,-85.837476,0.050000
5484,-78.351386,0.050000
5485,-29.164983,0.050000
5486,-78.305708,0.050000
5487,-82.661250,0.050000
5488,-96.079939,0.050000
5489,-80.525978,0.050000
5490,-27.375369,0.050000
5491,-40.018020,0.050000
5492,-49.294151,0.050000
5493,-67.674890,0.050000
5494,-48.568409,0.050000
5495,-52.024431,0.050000
5496,-21.827010,0.050000
5497,-36.942758,0.050000
5498,-73.968702,0.050000
5499,-44.914439,0.050000
5500,-104.917123,0.050000
5501,-59.057395,0.050000
5502,-80.040166,0.050000
5503,-77.245769,0.050000
5504,-108.648301,0.050000
5505,-14.362868,0.050000
5506,-104.648981,0.050000
5507,-86.377815,0.050000
5508,-38.714425,0.050000
5509,-46.727598,0.050000
5510,-56.115913,0.050000
5511,-105.231890,0.050000
5512,-51.801094,0.050000
5513,-66.615910,0.050000
5514,-45.059778,0.050000
5515,-66.406185,0.050000
5516,-72.036374,0.050000
5517,-58.248257,0.050000
5518,-66.772396,0.050000
5519,-75.291045,0.050000
5520,-48.381863,0.050000
5521,-61.659194,0.050000
5522,-33.069237,0.050000
5523,-45.008976,0.050000
5524,-86.220474,0.050000
5525,-47.428274,0.050000
5526,-72.151020,0.050000
5527,-29.585281,0.050000
5528,-58.386020,0.050000
5529,-76.292761,0.050000
5530,-42.460056,0.050000
5531,-76.743480,0.050000
5532,-54.012795,0.050000
5533,-41.331341,0.050000
5534,-60.839593,0.050000
5535,-71.570203,0.050000
5536,-26.728870,0.050000
5537,-57.355623,0.050000
5538,-39.969405,0.050000
5539,-53.646562,0.050000
5540,-38.288925,0.050000
5541,-49.416482,0.050000
5542,-89.403576,0.050000
5543,0.073370,0.050000
5544,-55.142998,0.050000
5545,-65.327341,0.050000
5546,-55.410093,0.050000
5547,-40.798971,0.050000
5548,-86.220140,0.050000
5549,-47.121958,0.050000
5550,-51.531712,0.050000
5551,-25.873414,0.050000
5552,-43.765239,0.050000
5553,-48.139667,0.050000
5554,-38.778249,0.050000
5555,-44.351508,0.050000
5556,-46.707696,0.050000
5557,-27.214793,0.050000
5558,-102.768800,0.050000
5559,-45.213118,0.050000
5560,-27.119791,0.050000
5561,-49.437119,0.050000
5562,-70.804406,0.050000
5563,-19.572435,0.050000
5564,-28.692167,0.050000
5565,-40.338322,0.050000
5566,-64.494050,0.050000
5567,-74.678139,0.050000
5568,-102.437356,0.050000
5569,-97.031014,0.050000
5570,-48.192212,0.050000
5571,-13.298569,0.050000
5572,-59.871107,0.050000
5573,-92.433205,0.050000
5574,-43.977205,0.050000
5575,-98.372814,0.050000
5576,-28.939862,0.050000
5577,-35.455176,0.050000
5578,-22.117082,0.050000
5579,-47.453681,0.050000
5580,-106.305900,0.050000
5581,-63.946434,0.050000
5582,-52.982065,0.050000
5583,-62.391435,0.050000
5584,-26.686903,0.050000
5585,-35.259038,0.050000
5586,-11.741313,0.050000
5587,-45.922547,0.050000
5588,-10.027233,0.050000
5589,-12.303479,0.050000
5590,-46.048886,0.050000
5591,-51.326403,0.050000
5592,-35.797840,0.050000
5593,-45.563708,0.050000
5594,-67.789132,0.050000
5595,-47.632748,0.050000
5596,-33.956773,0.050000
5597,-11.474448,0.050000
5598,-28.038180,0.050000
5599,-50.196380,0.050000
5600,-39.109025,0.050000
5601,-35.957217,0.050000
5602,-51.266589,0.050000
5603,-62.243218,0.050000
5604,-49.348017,0.050000
5605,-56.083732,0.050000
5606,-7.812439,0.050000
5607,-36.444464,0.050000
5608,-24.645765,0.050000
5609,-35.479503,0.050000
5610,-43.244145,0.050000
5611,-17.128320,0.050000
5612,-53.534664,0.050000
5613,-84.792280,0.050000
5614,-29.219941,0.050000
5615,-36.536646,0.050000
5616,-94.059389,0.050000
5617,-49.741032,0.050000
5618,-70.027412,0.050000
5619,-83.918343,0.050000
5620,-112.183840,0.050000
5621,-64.942068,0.050000
5622,-70.219574,0.050000
5623,-90.633808,0.050000
5624,-109.250029,0.050000
5625,-63.659570,0.050000
5626,-65.337695,0.050000
5627,-79.787975,0.050000
5628,-106.158166,0.050000
5629,-59.465068,0.050000
5630,-113.253230,0.050000
5631,-64.710540,0.050000
5632,-141.366118,0.050000
5633,-90.361973,0.050000
5634,-80.875347,0.050000
5635,-85.596166,0.050000
5636,-88.723972,0.050000
5637,-107.910714,0.050000
5638,-107.944669,0.050000
5639,-93.781878,0.050000
5640,-56.893258,0.050000
5641,-60.334479,0.050000
5642,-66.061572,0.050000
5643,-111.343987,0.050000
5644,-43.489892,0.050000
5645,-83.068337,0.050000
5646,-84.993069,0.050000
5647,-120.481978,0.050000
5648,-51.539280,0.050000
5649,-36.504245,0.050000
5650,-29.954603,0.050000
5651,-75.190972,0.050000
5652,-59.057170,0.050000
5653,-89.164009,0.050000
5654,-125.970381,0.050000
5655,-52.772034,0.050000
5656,-98.908032,0.050000
5657,-116.417212,0.050000
5658,-35.523204,0.050000
5659,-66.025201,0.050000
5660,-29.998158,0.050000
5661,-14.781633,0.050000
5662,-63.221983,0.050000
5663,-54.684845,0.050000
5664,-24.648957,0.050000
5665,-45.757503,0.050000
5666,-107.301734,0.050000
5667,-33.682637,0.050000
5668,-56.684293,0.050000
5669,-37.704698,0.050000
5670,-43.903093,0.050000
5671,-79.821139,0.050000
5672,-58.287532,0.050000
5673,-18.460577,0.050000
5674,-46.673604,0.050000
5675,-16.105365,0.050000
5676,-65.834238,0.050000
5677,-58.438427,0.050000
5678,-17.098706,0.050000
5679,-47.637834,0.050000
5680,-42.106119,0.050000
5681,-61.049649,0.050000
5682,-37.874902,0.050000
5683,-71.703242,0.050000
5684,-79.308632,0.050000
5685,-39.154097,0.050000
5686,-32.231368,0.050000
5687,-113.518502,0.050000
5688,-32.323322,0.050000
5689,-53.218473,0.050000
5690,-56.000885,0.050000
5691,-27.685681,0.050000
5692,-76.336902,0.050000
5693,-29.751677,0.050000
5694,-77.771372,0.050000
5695,-43.974327,0.050000
5696,-7.547127,0.050000
5697,-54.088534,0.050000
5698,-56.168599,0.050000
5699,-49.053538,0.050000
5700,-30.423838,0.050000
5701,-85.217425,0.050000
5702,-31.576039,0.050000
5703,-19.802203,0.050000
5704,-39.177725,0.050000
5705,-59.172638,0.050000
5706,-24.536485,0.050000
5707,-47.997158,0.050000
5708,-55.751764,0.050000
5709,-63.460949,0.050000
5710,-49.728875,0.050000
5711,-93.077381,0.050000
5712,-64.948861,0.050000
5713,-63.708667,0.050000
5714,-88.328305,0.050000
5715,-59.799238,0.050000
5716,-62.768193,0.050000
5717,-48.536361,0.050000
5718,-52.844707,0.050000
5719,-81.966828,0.050000
5720,-77.505088,0.050000
5721,-114.669174,0.050000
5722,-73.811733,0.050000
5723,-101.977569,0.050000
5724,-38.377395,0.050000
5725,-34.551705,0.050000
5726,-81.500093,0.050000
5727,-47.479608,0.050000
5728,-75.147353,0.050000
5729,-96.904898,0.050000
5730,-106.559559,0.050000
5731,-111.659994,0.050000
5732,-69.290134,0.050000
5733,-88.089483,0.050000
5734,-146.876697,0.050000
5735,-77.515059,0.050000
5736,-105.825821,0.050000
5737,-73.062415,0.050000
5738,-74.989104,0.050000
5739,-84.230807,0.050000
5740,-79.660827,0.050000
5741,-67.251310,0.050000
5742,-66.102838,0.050000
5743,-108.846693,0.050000
5744,-83.535273,0.050000
5745,-77.043772,0.050000
5746,-99.227254,0.050000
5747,-90.843685,0.050000
5748,-103.439545,0.050000
5749,-75.526870,0.050000
5750,-86.506102,0.050000
5751,-26.707558,0.050000
5752,-47.507837,0.050000
5753,-50.058563,0.050000
5754,-122.018901,0.050000
5755,-79.437991,0.050000
5756,-26.528904,0.050000
5757,-86.195996,0.050000
5758,-60.761578,0.050000
5759,-46.171757,0.050000
5760,-30.497505,0.050000
5761,-51.383711,0.050000
5762,-34.341500,0.050000
5763,-62.987928,0.050000
5764,-79.365454,0.050000
5765,-32.693859,0.050000
5766,-61.711907,0.050000
5767,-63.402898,0.050000
5768,-39.101577,0.050000
5769,-28.822912,0.050000
5770,-21.309442,0.050000
5771,-60.803437,0.050000
5772,-131.149019,0.050000
5773,-64.887409,0.050000
5774,-44.338396,0.050000
5775,-64.302388,0.050000
5776,-28.202935,0.050000
5777,-74.279108,0.050000
5778,-50.522754,0.050000
5779,-89.642975,0.050000
5780,-44.321626,0.050000
5781,-2.366485,0.050000
5782,-38.654100,0.050000
5783,-38.764207,0.050000
5784,-20.486606,0.050000
5785,-72.401035,0.050000
5786,-60.007209,0.050000
5787,-63.545208,0.050000
5788,-28.828720,0.050000
5789,-72.690868,0.050000
5790,-32.708035,0.050000
5791,-54.098293,0.050000
5792,-121.062002,0.050000
5793,-32.062850,0.050000
5794,-36.245218,0.050000
5795,-35.352034,0.050000
5796,-33.475503,0.050000
5797,-123.236045,0.050000
5798,-28.734411,0.050000
5799,-72.959630,0.050000
5800,-32.422104,0.050000
5801,-31.317376,0.050000
5802,-8.369554,0.050000
5803,-40.988402,0.050000
5804,-3.552466,0.050000
5805,-35.825449,0.050000
5806,24.395206,0.050000
5807,-74.292124,0.050000
5808,5.298275,0.050000
5809,-51.255893,0.050000
5810,-62.876518,0.050000
5811,-68.607275,0.050000
5812,-69.409508,0.050000
5813,-101.686944,0.050000
5814,-46.386784,0.050000
5815,-113.320051,0.050000
5816,-57.952855,0.050000
5817,4.514692,0.050000
5818,-120.887554,0.050000
5819,-115.163307,0.050000
5820,-58.493418,0.050000
5821,-50.458555,0.050000
5822,-49.353826,0.050000
5823,-34.127583,0.050000
5824,-2.096993,0.050000
5825,-4.809636,0.050000
5826,-57.168694,0.050000
5827,-101.853920,0.050000
5828,-63.356517,0.050000
5829,-48.239878,0.050000
5830,-52.618411,0.050000
5831,19.603849,0.050000
5832,-95.387677,0.050000
5833,-24.685422,0.050000
5834,-52.640582,0.050000
5835,-69.906426,0.050000
5836,-41.804185,0.050000
5837,-50.291096,0.050000
5838,-26.659062,0.050000
5839,-49.883772,0.050000
5840,-18.285267,0.050000
5841,-46.921975,0.050000
5842,-54.730088,0.050000
5843,-52.953668,0.050000
5844,-38.121991,0.050000
5845,-50.595037,0.050000
5846,-3.759573,0.050000
5847,-111.982805,0.050000
5848,-46.803066,0.050000
5849,-53.010572,0.050000
5850,-56.318861,0.050000
5851,-80.616597,0.050000
5852,-20.246010,0.050000
5853,-92.720112,0.050000
5854,-127.290212,0.050000
5855,-16.898853,0.050000
5856,-53.055019,0.050000
5857,3.447382,0.050000
5858,-86.681007,0.050000
5859,-62.813547,0.050000
5860,-65.101334,0.050000
5861,-0.963294,0.050000
5862,-10.600577,0.050000
5863,-91.028576,0.050000
5864,-49.319311,0.050000
5865,-51.817720,0.050000
5866,-112.417838,0.050000
5867,-74.812419,0.050000
5868,-74.205485,0.050000
5869,-137.094383,0.050000
5870,-61.511387,0.050000
5871,-43.195256,0.050000
5872,-34.733731,0.050000
5873,-81.779135,0.050000
5874,-68.539332,0.050000
5875,-121.299080,0.050000
5876,-70.410673,0.050000
5877,-22.903467,0.050000
5878,-105.168008,0.050000
5879,-95.134739,0.050000
5880,-25.155948,0.050000
5881,-43.765795,0.050000
5882,-51.802654,0.050000
5883,-41.695684,0.050000
5884,-69.646624,0.050000
5885,22.270308,0.050000
5886,-98.457013,0.050000
5887,-72.734287,0.050000
5888,-62.887352,0.050000
5889,-34.138331,0.050000
5890,-39.054562,0.050000
5891,-4.065863,0.050000
5892,-28.146243,0.050000
5893,-70.128470,0.050000
5894,-41.793240,0.050000
5895,-59.340689,0.050000
5896,-7.038626,0.050000
5897,-32.234490,0.050000
5898,-26.178447,0.050000
5899,-29.627440,0.050000
5900,-43.819411,0.050000
5901,-45.631956,0.050000
5902,-89.411648,0.050000
5903,-88.354273,0.050000
5904,-83.233680,0.050000
5905,-71.894845,0.050000
5906,-13.299429,0.050000
5907,-57.195049,0.050000
5908,-97.266783,0.050000
5909,-37.499978,0.050000
5910,-97.933156,0.050000
5911,-94.221168,0.050000
5912,-10.046123,0.050000
5913,-58.732207,0.050000
5914,-61.477856,0.050000
5915,-42.633286,0.050000
5916,-37.565702,0.050000
5917,-77.537822,0.050000
5918,3.925253,0.050000
5919,7.773878,0.050000
5920,-59.136812,0.050000
5921,-11.119641,0.050000
5922,-21.860395,0.050000
5923,-24.400060,0.050000
5924,-14.259528,0.050000
5925,33.139979,0.050000
5926,-71.530657,0.050000
5927,5.020526,0.050000
5928,9.219852,0.050000
5929,-66.292183,0.050000
5930,5.288657,0.050000
5931,-57.886830,0.050000
5932,-10.471900,0.050000
5933,-126.786081,0.050000
5934,-48.954861,0.050000
5935,-48.351209,0.050000
5936,-38.648857,0.050000
5937,-34.497375,0.050000
5938,9.777241,0.050000
5939,-4.905797,0.050000
5940,-13.998029,0.050000
5941,-36.437095,0.050000
5942,-17.041419,0.050000
5943,-21.668237,0.050000
5944,-14.816403,0.050000
5945,-24.928595,0.050000
5946,-83.848293,0.050000
5947,-17.720479,0.050000
5948,-60.145736,0.050000
5949,-22.372728,0.050000
5950,-38.770106,0.050000
5951,-54.059069,0.050000
5952,-51.369269,0.050000
5953,-32.251230,0.050000
5954,-76.306524,0.050000
5955,-101.790776,0.050000
5956,-46.082441,0.050000
5957,-76.085234,0.050000
5958,-48.074595,0.050000
5959,-66.947846,0.050000
5960,-53.869495,0.050000
5961,-36.910033,0.050000
5962,-116.095624,0.050000
5963,-121.436875,0.050000
5964,-38.570983,0.050000
5965,-43.983053,0.050000
5966,-94.943231,0.050000
5967,-63.661424,0.050000
5968,5.208206,0.050000
5969,-30.625531,0.050000
5970,-32.461637,0.050000
5971,-6.618181,0.050000
5972,-53.936368,0.050000
5973,-69.109404,0.050000
5974,-14.342976,0.050000
5975,-61.613455,0.050000
5976,-45.003537,0.050000
5977,-131.736017,0.050000
5978,-56.015191,0.050000
5979,-48.035819,0.050000
5980,-86.250065,0.050000
5981,-24.308563,0.050000
5982,-62.593553,0.050000
5983,-29.783896,0.050000
5984,-59.871389,0.050000
5985,-44.606099,0.050000
5986,-21.116966,0.050000
5987,-28.211795,0.050000
5988,2.124616,0.050000
5989,-33.883513,0.050000
5990,-43.061486,0.050000
5991,-58.673035,0.050000
5992,-28.118826,0.050000
5993,-66.554590,0.050000
5994,-61.280717,0.050000
5995,-68.286964,0.050000
5996,-71.695049,0.050000
5997,-13.537915,0.050000
5998,-83.378327,0.050000
5999,-48.615268,0.050000
6000,-102.922318,0.050000
6001,-43.675941,0.050000
6002,-39.358505,0.050000
6003,-89.589414,0.050000
6004,-19.725832,0.050000
6005,-34.020900,0.050000
6006,-30.722058,0.050000
6007,-121.964226,0.050000
6008,-40.330717,0.050000
6009,-73.979066,0.050000
6010,-16.579238,0.050000
6011,-26.619099,0.050000
6012,-72.216110,0.050000
6013,-116.727669,0.050000
6014,-47.062512,0.050000
6015,-44.703524,0.050000
6016,-29.013080,0.050000
6017,-76.867954,0.050000
6018,-32.641642,0.050000
6019,-68.702810,0.050000
6020,-79.488028,0.050000
6021,-46.608724,0.050000
6022,-62.080942,0.050000
6023,-79.748682,0.050000
6024,-22.887583,0.050000
6025,-54.874833,0.050000
6026,-45.280407,0.050000
6027,-46.595272,0.050000
6028,-82.870610,0.050000
6029,-26.936941,0.050000
6030,-68.898512,0.050000
6031,-52.538756,0.050000
6032,-48.220104,0.050000
6033,-78.049328,0.050000
6034,-72.728933,0.050000
6035,-42.693104,0.050000
6036,-109.058394,0.050000
6037,-83.315191,0.050000
6038,-49.542688,0.050000
6039,-39.112541,0.050000
6040,-105.459664,0.050000
6041,-36.632220,0.050000
6042,-53.805891,0.050000
6043,-129.347138,0.050000
6044,-37.975902,0.050000
6045,-38.713743,0.050000
6046,-50.276583,0.050000
6047,-88.019838,0.050000
6048,-79.578759,0.050000
6049,-12.879904,0.050000
6050,-7.126623,0.050000
6051,-52.108373,0.050000
6052,-46.627028,0.050000
6053,-80.177886,0.050000
6054,-50.127901,0.050000
6055,-75.394000,0.050000
6056,-34.987751,0.050000
6057,-55.979432,0.050000
6058,-73.270871,0.050000
6059,-55.266219,0.050000
6060,-61.179389,0.050000
6061,-28.529886,0.050000
6062,-25.495380,0.050000
6063,-45.481338,0.050000
6064,-63.859476,0.050000
6065,-107.297708,0.050000
6066,-108.375849,0.050000
6067,-55.621837,0.050000
6068,-79.492448,0.050000
6069,-34.787033,0.050000
6070,-40.676028,0.050000
6071,-81.761262,0.050000
6072,-106.991102,0.050000
6073,-95.537034,0.050000
6074,-82.783593,0.050000
6075,-62.857928,0.050000
6076,-56.115933,0.050000
6077,-72.493399,0.050000
6078,-87.076121,0.050000
6079,-87.617527,0.050000
6080,-93.707269,0.050000
6081,-62.448276,0.050000
6082,-89.953825,0.050000
6083,-109.889443,0.050000
6084,-90.621685,0.050000
6085,-84.187571,0.050000
6086,-73.669336,0.050000
6087,-39.599545,0.050000
6088,-92.528619,0.050000
6089,-42.475862,0.050000
6090,-97.701400,0.050000
6091,-57.998145,0.050000
6092,-163.236182,0.050000
6093,-119.528375,0.050000
6094,-153.314577,0.050000
6095,-87.495707,0.050000
6096,-55.948680,0.050000
6097,-111.387185,0.050000
6098,-52.722022,0.050000
6099,-65.924525,0.050000
6100,-125.157678,0.050000
6101,-79.738392,0.050000
6102,-85.723556,0.050000
6103,-118.715955,0.050000
6104,-158.074674,0.050000
6105,-81.520024,0.050000
6106,-76.661224,0.050000
6107,-71.737803,0.050000
6108,-59.368275,0.050000
6109,-95.700256,0.050000
6110,-88.725475,0.050000
6111,-81.628238,0.050000
6112,-46.710226,0.050000
6113,-105.421095,0.050000
6114,-129.192449,0.050000
6115,-104.251401,0.050000
6116,-51.353860,0.050000
6117,-84.756494,0.050000
6118,-82.912217,0.050000
6119,-70.328721,0.050000
6120,-34.207002,0.050000
6121,-68.711085,0.050000
6122,-64.819325,0.050000
6123,-10.398265,0.050000
6124,-93.300939,0.050000
6125,-108.949169,0.050000
6126,-10.589798,0.050000
6127,-38.264362,0.050000
6128,-135.004112,0.050000
6129,-117.441316,0.050000
6130,8.039056,0.050000
6131,-87.803534,0.050000
6132,-118.274710,0.050000
6133,-128.077034,0.050000
6134,-64.640365,0.050000
6135,-83.144720,0.050000
6136,-147.438145,0.050000
6137,-137.103074,0.050000
6138,-97.881856,0.050000
6139,-42.744040,0.050000
6140,-76.591890,0.050000
6141,-67.278324,0.050000
6142,-35.855601,0.050000
6143,-98.903652,0.050000
6144,-120.527193,0.050000
6145,-65.235143,0.050000
6146,-132.549179,0.050000
6147,-43.003675,0.050000
6148,-142.717841,0.050000
6149,-54.428087,0.050000
6150,-102.366252,0.050000
6151,-103.672514,0.050000
6152,-118.372128,0.050000
6153,-66.328565,0.050000
6154,-71.685112,0.050000
6155,-46.287076,0.050000
6156,-76.310594,0.050000
6157,-38.736633,0.050000
6158,-112.890150,0.050000
6159,-52.646559,0.050000
6160,-44.131346,0.050000
6161,-53.210570,0.050000
6162,-66.531568,0.050000
6163,-89.418803,0.050000
6164,-60.260918,0.050000
6165,12.997641,0.050000
6166,-35.448432,0.050000
6167,-99.111379,0.050000
6168,-31.054067,0.050000
6169,-54.676026,0.050000
6170,-94.881793,0.050000
6171,-64.843462,0.050000
6172,-115.621462,0.050000
6173,-108.974724,0.050000
6174,-99.062310,0.050000
6175,-71.495865,0.050000
6176,-168.098638,0.050000
6177,-117.658715,0.050000
6178,-98.236963,0.050000
6179,-90.841329,0.050000
6180,-94.663074,0.050000
6181,-109.042126,0.050000
6182,-141.982508,0.050000
6183,-146.694498,0.050000
6184,-110.034102,0.050000
6185,-169.571881,0.050000
6186,-133.059518,0.050000
6187,-60.137301,0.050000
6188,-138.857223,0.050000
6189,-134.743912,0.050000
6190,-72.409530,0.050000
6191,-58.118633,0.050000
6192,-57.393848,0.050000
6193,-85.221975,0.050000
6194,-153.785672,0.050000
6195,-148.341832,0.050000
6196,-46.531824,0.050000
6197,-77.746650,0.050000
6198,-92.723831,0.050000
6199,-176.542409,0.050000
6200,-117.763808,0.050000
6201,-153.892512,0.050000
6202,-113.647657,0.050000
6203,-132.252949,0.050000
6204,-109.681139,0.050000
6205,-101.334189,0.050000
6206,-119.520879,0.050000
6207,-178.940752,0.050000
6208,-106.586223,0.050000
6209,-174.962740,0.050000
6210,-86.912183,0.050000
6211,-143.211201,0.050000
6212,-101.103925,0.050000
6213,-115.612747,0.050000
6214,-138.927427,0.050000
6215,-32.037572,0.050000
6216,-114.894638,0.050000
6217,-123.861154,0.050000
6218,-60.820881,0.050000
6219,-188.775790,0.050000
6220,-123.059944,0.050000
6221,-161.659667,0.050000
6222,-117.221874,0.050000
6223,-156.664938,0.050000
6224,-113.298244,0.050000
6225,-69.662738,0.050000
6226,-125.091624,0.050000
6227,-121.857441,0.050000
6228,-113.526777,0.050000
6229,-72.294178,0.050000
6230,-56.179774,0.050000
6231,-94.561870,0.050000
6232,-101.415098,0.050000
6233,-63.479181,0.050000
6234,-89.686098,0.050000
6235,-58.042078,0.050000
6236,-149.899377,0.050000
6237,-86.929072,0.050000
6238,-35.314878,0.050000
6239,-75.865632,0.050000
6240,-37.338065,0.050000
6241,-44.986544,0.050000
6242,-81.438307,0.050000
6243,-84.836299,0.050000
6244,-69.052443,0.050000
6245,-113.221596,0.050000
6246,-116.901351,0.050000
6247,-118.412260,0.050000
6248,-79.673479,0.050000
6249,-109.440773,0.050000
6250,-85.931483,0.050000
6251,-103.451710,0.050000
6252,-106.576767,0.050000
6253,-143.269083,0.050000
6254,-109.649988,0.050000
6255,-101.715236,0.050000
6256,-105.146370,0.050000
6257,-40.642647,0.050000
6258,-92.324975,0.050000
6259,-100.588486,0.050000
6260,-115.323287,0.050000
6261,-89.226469,0.050000
6262,-126.540730,0.050000
6263,-144.166627,0.050000
6264,-113.439214,0.050000
6265,-108.318305,0.050000
6266,-53.101608,0.050000
6267,-82.678066,0.050000
6268,-120.431756,0.050000
6269,-80.585421,0.050000
6270,-100.869991,0.050000
6271,-100.417940,0.050000
6272,-84.581873,0.050000
6273,-86.671405,0.050000
6274,-113.651761,0.050000
6275,-97.606147,0.050000
6276,-91.003979,0.050000
6277,-60.146169,0.050000
6278,-76.591777,0.050000
6279,-93.308139,0.050000
6280,-95.925902,0.050000
6281,-150.724247,0.050000
6282,-56.374572,0.050000
6283,-70.046086,0.050000
6284,-96.517363,0.050000
6285,-62.596523,0.050000
6286,-95.920100,0.050000
6287,-37.777698,0.050000
6288,-140.628819,0.050000
6289,-110.600212,0.050000
6290,-93.931568,0.050000
6291,-112.990388,0.050000
6292,-29.288667,0.050000
6293,-111.917476,0.050000
6294,-115.074902,0.050000
6295,-79.196862,0.050000
6296,-56.771494,0.050000
6297,-127.769810,0.050000
6298,-88.971612,0.050000
6299,-64.084778,0.050000
6300,-101.904430,0.050000
6301,-64.660018,0.050000
6302,-3.679063,0.050000
6303,-35.232950,0.050000
6304,-80.492041,0.050000
6305,-65.352248,0.050000
6306,-32.109700,0.050000
6307,-53.957719,0.050000
6308,-73.637493,0.050000
6309,-33.484464,0.050000
6310,-26.034989,0.050000
6311,-44.078428,0.050000
6312,-75.518725,0.050000
6313,-30.500336,0.050000
6314,-60.269569,0.050000
6315,-21.945885,0.050000
6316,11.472254,0.050000
6317,-34.164706,0.050000
6318,-40.822513,0.050000
6319,-13.957897,0.050000
6320,-26.285677,0.050000
6321,-11.182352,0.050000
6322,-21.431471,0.050000
6323,-62.487750,0.050000
6324,-63.480695,0.050000
6325,-12.426603,0.050000
6326,-10.414349,0.050000
6327,-12.558261,0.050000
6328,-11.944789,0.050000
6329,-77.036267,0.050000
6330,19.656694,0.050000
6331,-49.448140,0.050000
6332,-72.689034,0.050000
6333,-30.891391,0.050000
6334,-1.922233,0.050000
6335,-93.365437,0.050000
6336,-75.703154,0.050000
6337,-83.530972,0.050000
6338,-18.382814,0.050000
6339,-57.250424,0.050000
6340,-39.949681,0.050000
6341,-37.586152,0.050000
6342,-66.567511,0.050000
6343,-68.730229,0.050000
6344,-61.861126,0.050000
6345,-57.133528,0.050000
6346,-109.805412,0.050000
6347,-65.152551,0.050000
6348,-37.992370,0.050000
6349,-74.553971,0.050000
6350,-115.222145,0.050000
6351,-35.051235,0.050000
6352,-60.459454,0.050000
6353,-74.029679,0.050000
6354,-24.664845,0.050000
6355,-49.560269,0.050000
6356,-56.126325,0.050000
6357,-37.053006,0.050000
6358,-30.111050,0.050000
6359,-68.087093,0.050000
6360,-36.888176,0.050000
6361,-30.670937,0.050000
6362,-26.199397,0.050000
6363,-48.950839,0.050000
6364,-75.362573,0.050000
6365,-67.666406,0.050000
6366,-11.526374,0.050000
6367,-41.538321,0.050000
6368,-20.361642,0.050000
6369,0.757773,0.050000
6370,-83.303781,0.050000
6371,-11.914469,0.050000
6372,-43.669493,0.050000
6373,5.280528,0.050000
6374,-8.716664,0.050000
6375,-50.255426,0.050000
6376,-26.776945,0.050000
6377,-26.995214,0.050000
6378,-38.925811,0.050000
6379,-33.601700,0.050000
6380,-34.286808,0.050000
6381,-52.566524,0.050000
6382,-45.160206,0.050000
6383,-70.946362,0.050000
6384,-55.283568,0.050000
6385,-63.653992,0.050000
6386,-43.828529,0.050000
6387,-36.802281,0.050000
6388,-62.365070,0.050000
6389,-31.734936,0.050000
6390,-46.526495,0.050000
6391,-32.204866,0.050000
6392,-71.023212,0.050000
6393,-60.028607,0.050000
6394,-46.464449,0.050000
6395,-80.534863,0.050000
6396,-28.648696,0.050000
6397,-50.979169,0.050000
6398,-57.404410,0.050000
6399,-30.265029,0.050000
6400,-42.354444,0.050000
6401,-58.475443,0.050000
6402,-38.343944,0.050000
6403,-62.800517,0.050000
6404,-37.925430,0.050000
6405,-72.171766,0.050000
6406,-33.576432,0.050000
6407,-38.814817,0.050000
6408,-48.357763,0.050000
6409,-48.804176,0.050000
6410,-60.605339,0.050000
6411,-55.894853,0.050000
6412,-72.464329,0.050000
6413,-46.822312,0.050000
6414,-84.577915,0.050000
6415,-65.681489,0.050000
6416,-44.549451,0.050000
6417,-60.663607,0.050000
6418,-52.805513,0.050000
6419,-29.839567,0.050000
6420,-42.218898,0.050000
6421,-38.488151,0.050000
6422,-79.457673,0.050000
6423,-49.974770,0.050000
6424,-29.309693,0.050000
6425,-20.947796,0.050000
6426,-14.494478,0.050000
6427,-36.049349,0.050000
6428,-35.659443,0.050000
6429,-58.887026,0.050000
6430,-23.660021,0.050000
6431,-51.826028,0.050000
6432,-26.901746,0.050000
6433,-45.673252,0.050000
6434,-38.373435,0.050000
6435,-29.692954,0.050000
6436,-44.228962,0.050000
6437,-19.390388,0.050000
6438,-14.059568,0.050000
6439,-36.020926,0.050000
6440,-65.335524,0.050000
6441,-69.644704,0.050000
6442,-26.038505,0.050000
6443,-51.938918,0.050000
6444,-67.472931,0.050000
6445,-21.662219,0.050000
6446,-17.510142,0.050000
6447,-31.742074,0.050000
6448,-32.668627,0.050000
6449,-36.961595,0.050000
6450,-40.008537,0.050000
6451,-60.633226,0.050000
6452,-19.502443,0.050000
6453,-73.827430,0.050000
6454,-98.971746,0.050000
6455,-30.904124,0.050000
6456,-27.393617,0.050000
6457,-40.850304,0.050000
6458,-30.811724,0.050000
6459,-46.173540,0.050000
6460,-51.354147,0.050000
6461,-26.641941,0.050000
6462,-11.132368,0.050000
6463,-65.555946,0.050000
6464,-55.443608,0.050000
6465,-33.561614,0.050000
6466,-63.266910,0.050000
6467,-41.478524,0.050000
6468,-39.413022,0.050000
6469,-26.123009,0.050000
6470,-26.598626,0.050000
6471,-59.469563,0.050000
6472,-32.073109,0.050000
6473,-17.692701,0.050000
6474,-45.620364,0.050000
6475,-73.017956,0.050000
6476,-5.093769,0.050000
6477,-19.063697,0.050000
6478,-24.653267,0.050000
6479,6.735949,0.050000
6480,-9.840197,0.050000
6481,-48.111377,0.050000
6482,-3.473523,0.050000
6483,-26.913568,0.050000
6484,-58.951922,0.050000
6485,-42.272042,0.050000
6486,-40.066268,0.050000
6487,-43.864137,0.050000
6488,-36.294746,0.050000
6489,-57.032369,0.050000
6490,-21.074980,0.050000
6491,-52.324474,0.050000
6492,-67.921582,0.050000
6493,-78.198324,0.050000
6494,-28.011226,0.050000
6495,-74.783472,0.050000
6496,-77.376048,0.050000
6497,-49.458230,0.050000
6498,-34.286615,0.050000
6499,-52.933171,0.050000
6500,-39.253783,0.050000
6501,-79.956556,0.050000
6502,-27.223557,0.050000
6503,-41.880210,0.050000
6504,-5.752388,0.050000
6505,-37.801906,0.050000
6506,-36.407152,0.050000
6507,-46.926332,0.050000
6508,-3.633567,0.050000
6509,-54.920323,0.050000
6510,-74.371706,0.050000
6511,-54.113446,0.050000
6512,-28.234850,0.050000
6513,-22.828313,0.050000
6514,-84.059012,0.050000
6515,-31.931674,0.050000
6516,-63.133114,0.050000
6517,-42.093778,0.050000
6518,-105.435783,0.050000
6519,-84.573617,0.050000
6520,-105.614373,0.050000
6521,-51.658502,0.050000
6522,-48.658384,0.050000
6523,-75.728348,0.050000
6524,-26.695824,0.050000
6525,-57.997301,0.050000
6526,-44.889398,0.050000
6527,-48.219091,0.050000
6528,-70.655557,0.050000
6529,-26.785777,0.050000
6530,-64.794847,0.050000
6531,-124.110598,0.050000
6532,-80.068782,0.050000
6533,-51.832953,0.050000
6534,-43.336507,0.050000
6535,-88.231747,0.050000
6536,-94.471053,0.050000
6537,-103.351610,0.050000
6538,-146.645526,0.050000
6539,-93.353783,0.050000
6540,-113.644451,0.050000
6541,-111.682742,0.050000
6542,-76.568286,0.050000
6543,-94.252678,0.050000
6544,-68.041798,0.050000
6545,-71.779215,0.050000
6546,-54.999054,0.050000
6547,-21.269733,0.050000
6548,-104.440343,0.050000
6549,-126.812594,0.050000
6550,-110.466742,0.050000
6551,-100.977516,0.050000
6552,-29.349862,0.050000
6553,-111.221277,0.050000
6554,-48.519107,0.050000
6555,-47.910201,0.050000
6556,-37.766393,0.050000
6557,-39.460623,0.050000
6558,-54.930335,0.050000
6559,-52.299895,0.050000
6560,-58.115389,0.050000
6561,-76.236493,0.050000
6562,-87.536243,0.050000
6563,-51.510949,0.050000
6564,-36.853549,0.050000
6565,-99.434673,0.050000
6566,-65.069835,0.050000
6567,-6.437326,0.050000
6568,-45.915552,0.050000
6569,-63.580326,0.050000
6570,-46.817277,0.050000
6571,-103.952924,0.050000
6572,-49.003382,0.050000
6573,-96.717251,0.050000
6574,-66.919854,0.050000
6575,-5.101205,0.050000
6576,-63.916321,0.050000
6577,-40.953346,0.050000
6578,-61.870159,0.050000
6579,-62.443882,0.050000
6580,-88.095717,0.050000
6581,-123.056038,0.050000
6582,-88.544149,0.050000
6583,-68.950710,0.050000
6584,-43.694281,0.050000
6585,-37.559916,0.050000
6586,-77.058205,0.050000
6587,-77.850139,0.050000
6588,-137.328682,0.050000
6589,-35.506302,0.050000
6590,-70.527401,0.050000
6591,-154.561238,0.050000
6592,-38.340170,0.050000
6593,-24.004080,0.050000
6594,-148.655612,0.050000
6595,-172.346404,0.050000
6596,-86.013807,0.050000
6597,-117.496389,0.050000
6598,-157.607627,0.050000
6599,-164.395819,0.050000
6600,-98.283655,0.050000
6601,-133.882287,0.050000
6602,-80.430135,0.050000
6603,-60.371615,0.050000
6604,-79.761824,0.050000
6605,-56.855793,0.050000
6606,-70.278941,0.050000
6607,-69.900243,0.050000
6608,-84.997517,0.050000
6609,-50.699060,0.050000
6610,-118.213691,0.050000
6611,-114.037285,0.050000
6612,-85.641310,0.050000
6613,-158.423281,0.050000
6614,-119.323741,0.050000
6615,-52.682283,0.050000
6616,-158.418424,0.050000
6617,-32.662303,0.050000
6618,-97.939358,0.050000
6619,-69.173594,0.050000
6620,-87.219428,0.050000
6621,-74.859659,0.050000
6622,-111.830423,0.050000
6623,-130.242559,0.050000
6624,-58.721674,0.050000
6625,-66.698930,0.050000
6626,-106.214721,0.050000
6627,-82.996188,0.050000
6628,-54.268349,0.050000
6629,-148.777530,0.050000
6630,-121.586921,0.050000
6631,-45.274304,0.050000
6632,-61.041730,0.050000
6633,-65.639530,0.050000
6634,-91.634570,0.050000
6635,-93.408361,0.050000
6636,-72.995381,0.050000
6637,-22.323404,0.050000
6638,-99.481219,0.050000
6639,-108.409957,0.050000
6640,-55.072529,0.050000
6641,-148.121761,0.050000
6642,-103.898604,0.050000
6643,-68.535046,0.050000
6644,-81.120414,0.050000
6645,-115.755131,0.050000
6646,-30.406399,0.050000
6647,-128.464460,0.050000
6648,-121.386366,0.050000
6649,-72.744565,0.050000
6650,-37.495260,0.050000
6651,-76.823555,0.050000
6652,-90.814407,0.050000
6653,-15.045148,0.050000
6654,-128.332781,0.050000
6655,-111.914014,0.050000
6656,-128.618504,0.050000
6657,-107.522301,0.050000
6658,-124.041500,0.050000
6659,-138.723976,0.050000
6660,-97.001994,0.050000
6661,-131.610723,0.050000
6662,-158.814917,0.050000
6663,-78.431944,0.050000
6664,-79.406562,0.050000
6665,-112.462724,0.050000
6666,-155.584240,0.050000
6667,-162.271719,0.050000
6668,-110.209170,0.050000
6669,-150.004819,0.050000
6670,-146.165624,0.050000
6671,-99.237019,0.050000
6672,-140.890032,0.050000
6673,-160.989486,0.050000
6674,-119.852179,0.050000
6675,-160.168957,0.050000
6676,-86.278647,0.050000
6677,-157.710856,0.050000
6678,-145.414543,0.050000
6679,-134.392365,0.050000
6680,-117.435511,0.050000
6681,-72.287789,0.050000
6682,-123.836055,0.050000
6683,-199.729067,0.050000
6684,-159.828291,0.050000
6685,-132.981440,0.050000
6686,-147.772527,0.050000
6687,-66.979098,0.050000
6688,-83.849645,0.050000
6689,-7.936807,0.050000
6690,-131.795709,0.050000
6691,-97.834697,0.050000
6692,-125.790457,0.050000
6693,-6.184299,0.050000
6694,-111.495397,0.050000
6695,-62.958491,0.050000
6696,-92.095271,0.050000
6697,-9.895829,0.050000
6698,-91.991305,0.050000
6699,-25.554217,0.050000
6700,-106.237724,0.050000
6701,-128.439113,0.050000
6702,-34.858389,0.050000
6703,-119.246352,0.050000
6704,-21.735829,0.050000
6705,-56.462671,0.050000
6706,-74.866388,0.050000
6707,-74.311861,0.050000
6708,-116.296187,0.050000
6709,-109.214078,0.050000
6710,-119.889821,0.050000
6711,-121.247252,0.050000
6712,-25.952499,0.050000
6713,-79.413012,0.050000
6714,-18.725694,0.050000
6715,-53.331819,0.050000
6716,-29.092645,0.050000
6717,-70.980917,0.050000
6718,-58.047507,0.050000
6719,-59.328270,0.050000
6720,-129.048080,0.050000
6721,-100.543558,0.050000
6722,-123.771742,0.050000
6723,-101.916907,0.050000
6724,-110.501507,0.050000
6725,-77.426564,0.050000
6726,-71.334013,0.050000
6727,-72.121432,0.050000
6728,-61.678406,0.050000
6729,-134.321551,0.050000
6730,-157.971579,0.050000
6731,-105.853051,0.050000
6732,-84.771481,0.050000
6733,-124.168506,0.050000
6734,-112.235573,0.050000
6735,-159.014187,0.050000
6736,-121.809876,0.050000
6737,-132.382364,0.050000
6738,-79.658173,0.050000
6739,-72.980013,0.050000
6740,-137.059862,0.050000
6741,-74.375886,0.050000
6742,-147.357408,0.050000
6743,-33.654401,0.050000
6744,-56.946328,0.050000
6745,-117.397771,0.050000
6746,-27.193358,0.050000
6747,-56.952484,0.050000
6748,-77.111654,0.050000
6749,-106.512339,0.050000
6750,-19.059320,0.050000
6751,-62.027689,0.050000
6752,-107.515670,0.050000
6753,-76.793410,0.050000
6754,-39.645254,0.050000
6755,-74.359745,0.050000
6756,-33.681262,0.050000
6757,-50.348806,0.050000
6758,-16.175689,0.050000
6759,-58.001341,0.050000
6760,-71.342884,0.050000
6761,-38.242571,0.050000
6762,-12.880929,0.050000
6763,-61.820443,0.050000
6764,-64.673250,0.050000
6765,-82.937801,0.050000
6766,-32.705540,0.050000
6767,-54.714319,0.050000
6768,-63.002113,0.050000
6769,-77.782786,0.050000
6770,-99.675141,0.050000
6771,-156.956233,0.050000
6772,-84.008745,0.050000
6773,-86.437375,0.050000
6774,-112.952368,0.050000
6775,-102.171956,0.050000
6776,-98.245517,0.050000
6777,-110.426660,0.050000
6778,-117.451750,0.050000
6779,-83.036682,0.050000
6780,-95.112870,0.050000
6781,-97.226576,0.050000
6782,-65.713422,0.050000
6783,-15.659290,0.050000
6784,-62.229167,0.050000
6785,-25.699416,0.050000
6786,-80.376642,0.050000
6787,-149.105779,0.050000
6788,-134.284394,0.050000
6789,-117.102000,0.050000
6790,-71.144087,0.050000
6791,-100.375379,0.050000
6792,-82.622918,0.050000
6793,-113.874548,0.050000
6794,-46.423641,0.050000
6795,-49.896599,0.050000
6796,-57.249515,0.050000
6797,-92.093188,0.050000
6798,-83.758286,0.050000
6799,-79.597824,0.050000
6800,-67.465625,0.050000
6801,-101.097026,0.050000
6802,-48.752726,0.050000
6803,-134.867096,0.050000
6804,-53.679349,0.050000
6805,-62.331479,0.050000
6806,-69.428666,0.050000
6807,-55.699848,0.050000
6808,-49.589194,0.050000
6809,-74.025859,0.050000
6810,-43.508325,0.050000
6811,-81.684730,0.050000
6812,-91.881489,0.050000
6813,-62.069374,0.050000
6814,-69.172343,0.050000
6815,-127.105742,0.050000
6816,-47.036618,0.050000
6817,-65.267872,0.050000
6818,-25.167653,0.050000
6819,-35.604190,0.050000
6820,-11.295175,0.050000
6821,-62.534473,0.050000
6822,-2.555690,0.050000
6823,-41.250568,0.050000
6824,-46.655755,0.050000
6825,-18.867577,0.050000
6826,-50.791160,0.050000
6827,-74.859226,0.050000
6828,-57.168050,0.050000
6829,-22.600753,0.050000
6830,-87.229094,0.050000
6831,-39.678389,0.050000
6832,-20.424057,0.050000
6833,-103.259027,0.050000
6834,-53.011400,0.050000
6835,-63.628945,0.050000
6836,-18.435644,0.050000
6837,-73.239835,0.050000
6838,-62.575479,0.050000
6839,-47.841089,0.050000
6840,-76.293306,0.050000
6841,-40.469536,0.050000
6842,-46.620342,0.050000
6843,-16.459879,0.050000
6844,-24.417015,0.050000
6845,-55.521459,0.050000
6846,-81.894673,0.050000
6847,-41.659311,0.050000
6848,-37.237798,0.050000
6849,-29.019699,0.050000
6850,-38.209746,0.050000
6851,-43.259472,0.050000
6852,-45.385451,0.050000
6853,-46.194141,0.050000
6854,-60.210994,0.050000
6855,-54.948473,0.050000
6856,-67.612131,0.050000
6857,-80.518708,0.050000
6858,-13.514190,0.050000
6859,-49.408301,0.050000
6860,-49.828086,0.050000
6861,-10.311404,0.050000
6862,-70.414725,0.050000
6863,-36.739878,0.050000
6864,-81.912874,0.050000
6865,-68.269978,0.050000
6866,-69.449561,0.050000
6867,-95.997659,0.050000
6868,-50.396838,0.050000
6869,-79.483371,0.050000
6870,-59.912566,0.050000
6871,-80.501908,0.050000
6872,-88.077872,0.050000
6873,-120.940301,0.050000
6874,-117.972850,0.050000
6875,-81.132240,0.050000
6876,-99.017002,0.050000
6877,-99.463277,0.050000
6878,-113.440411,0.050000
6879,-145.710643,0.050000
6880,-120.173310,0.050000
6881,-104.642724,0.050000
6882,-65.948073,0.050000
6883,-103.556156,0.050000
6884,-57.695183,0.050000
6885,-139.892595,0.050000
6886,-68.268003,0.050000
6887,-116.630211,0.050000
6888,-56.722813,0.050000
6889,-151.228238,0.050000
6890,-122.443091,0.050000
6891,-99.865297,0.050000
6892,-117.887218,0.050000
6893,-72.492999,0.050000
6894,-118.111112,0.050000
6895,-122.706803,0.050000
6896,-107.703171,0.050000
6897,-82.077226,0.050000
6898,-100.312951,0.050000
6899,-81.437836,0.050000
6900,-114.880651,0.050000
6901,-100.291221,0.050000
6902,-110.242104,0.050000
6903,-117.114347,0.050000
6904,-94.787585,0.050000
6905,-35.473716,0.050000
6906,-146.020179,0.050000
6907,-52.014802,0.050000
6908,-70.600619,0.050000
6909,-88.886536,0.050000
6910,-63.326053,0.050000
6911,-84.751198,0.050000
6912,-85.882522,0.050000
6913,-79.501294,0.050000
6914,-79.105824,0.050000
6915,-102.445125,0.050000
6916,-107.591153,0.050000
6917,-57.017926,0.050000
6918,-49.086992,0.050000
6919,-102.420216,0.050000
6920,-109.575858,0.050000
6921,-93.669423,0.050000
6922,-80.146367,0.050000
6923,-90.314181,0.050000
6924,-75.363955,0.050000
6925,-100.890853,0.050000
6926,-46.466609,0.050000
6927,-39.718068,0.050000
6928,-89.548592,0.050000
6929,-49.506749,0.050000
6930,-38.561713,0.050000
6931,-60.973247,0.050000
6932,-20.181193,0.050000
6933,-56.378342,0.050000
6934,-83.290224,0.050000
6935,-63.413716,0.050000
6936,-53.108921,0.050000
6937,-43.470814,0.050000
6938,-76.142326,0.050000
6939,-31.908789,0.050000
6940,-54.573244,0.050000
6941,-56.590868,0.050000
6942,-23.122354,0.050000
6943,-82.931258,0.050000
6944,-57.848825,0.050000
6945,-56.096749,0.050000
6946,-51.829358,0.050000
6947,-54.765381,0.050000
6948,-82.092130,0.050000
6949,-60.625873,0.050000
6950,-105.252191,0.050000
6951,-84.361507,0.050000
6952,-46.909117,0.050000
6953,-57.368430,0.050000
6954,-86.494469,0.050000
6955,-74.695095,0.050000
6956,-92.843878,0.050000
6957,-35.041753,0.050000
6958,-89.892619,0.050000
6959,-140.418020,0.050000
6960,-90.030944,0.050000
6961,-66.975000,0.050000
6962,-61.163628,0.050000
6963,-50.934278,0.050000
6964,-32.179288,0.050000
6965,-146.190690,0.050000
6966,-56.910302,0.050000
6967,-59.859263,0.050000
6968,-71.071760,0.050000
6969,-32.770363,0.050000
6970,-54.535978,0.050000
6971,-52.867464,0.050000
6972,-60.433542,0.050000
6973,-98.305765,0.050000
6974,-61.546311,0.050000
6975,-124.886676,0.050000
6976,-84.750745,0.050000
6977,-53.623359,0.050000
6978,-92.820304,0.050000
6979,-69.020151,0.050000
6980,-81.193441,0.050000
6981,-36.656610,0.050000
6982,-77.769810,0.050000
6983,-82.048255,0.050000
6984,-40.578869,0.050000
6985,-118.548698,0.050000
6986,-87.549928,0.050000
6987,-55.321964,0.050000
6988,-99.554608,0.050000
6989,-74.961861,0.050000
6990,-73.561098,0.050000
6991,-113.857653,0.050000
6992,-121.540167,0.050000
6993,-31.148089,0.050000
6994,-8.628290,0.050000
6995,-141.975161,0.050000
6996,-178.723831,0.050000
6997,-190.933923,0.050000
6998,-190.215593,0.050000
6999,-143.329612,0.050000
7000,-129.328509,0.050000
7001,-76.128832,0.050000
7002,-115.284250,0.050000
7003,-164.713190,0.050000
7004,-117.963495,0.050000
7005,-168.681025,0.050000
7006,-109.224387,0.050000
7007,-124.114848,0.050000
7008,-123.105304,0.050000
7009,-126.033680,0.050000
7010,-100.528530,0.050000
7011,-156.665100,0.050000
7012,-124.152182,0.050000
7013,-112.066999,0.050000
7014,-118.117878,0.050000
7015,-144.718836,0.050000
7016,-114.666465,0.050000
7017,-107.174170,0.050000
7018,-152.506635,0.050000
7019,-97.061392,0.050000
7020,-154.751845,0.050000
7021,-99.170473,0.050000
7022,-150.643825,0.050000
7023,-109.975664,0.050000
7024,-112.164433,0.050000
7025,-75.180317,0.050000
7026,-90.066307,0.050000
7027,-101.883285,0.050000
7028,-118.070057,0.050000
7029,-89.260207,0.050000
7030,-86.726076,0.050000
7031,-109.770111,0.050000
7032,-149.616218,0.050000
7033,-47.457750,0.050000
7034,-155.655373,0.050000
7035,-121.082699,0.050000
7036,-145.659468,0.050000
7037,-99.864442,0.050000
7038,-121.281414,0.050000
7039,-113.334713,0.050000
7040,-109.378634,0.050000
7041,-139.931372,0.050000
7042,-80.462885,0.050000
7043,-156.855287,0.050000
7044,-66.377180,0.050000
7045,-76.940269,0.050000
7046,-120.232033,0.050000
7047,-52.771928,0.050000
7048,-63.650499,0.050000
7049,-82.174243,0.050000
7050,-108.525608,0.050000
7051,-104.406314,0.050000
7052,-98.489696,0.050000
7053,-74.399014,0.050000
7054,-86.286663,0.050000
7055,-69.151630,0.050000
7056,-71.279391,0.050000
7057,-81.925075,0.050000
7058,-81.580156,0.050000
7059,-113.053897,0.050000
7060,-69.914100,0.050000
7061,-147.243832,0.050000
7062,-118.209839,0.050000
7063,-115.088826,0.050000
7064,-62.576334,0.050000
7065,-100.851345,0.050000
7066,-86.013688,0.050000
7067,-137.854122,0.050000
7068,-78.804769,0.050000
7069,-93.168288,0.050000
7070,-71.450187,0.050000
7071,-96.472817,0.050000
7072,-142.322819,0.050000
7073,-126.340101,0.050000
7074,-103.601127,0.050000
7075,-125.809451,0.050000
7076,-77.037601,0.050000
7077,-123.874815,0.050000
7078,-99.103359,0.050000
7079,-77.823222,0.050000
7080,-63.042741,0.050000
7081,-125.340419,0.050000
7082,-24.686923,0.050000
7083,-120.004313,0.050000
7084,-168.676351,0.050000
7085,-147.292131,0.050000
7086,-155.279961,0.050000
7087,-108.134451,0.050000
7088,-123.967235,0.050000
7089,-112.711935,0.050000
7090,-114.286071,0.050000
7091,-140.964005,0.050000
7092,-97.930187,0.050000
7093,-148.121104,0.050000
7094,-152.262051,0.050000
7095,-160.228210,0.050000
7096,-176.477453,0.050000
7097,-162.666742,0.050000
7098,-135.914455,0.050000
7099,-170.132504,0.050000
7100,-145.209004,0.050000
7101,-151.557302,0.050000
7102,-183.906884,0.050000
7103,-137.052428,0.050000
7104,-160.787284,0.050000
7105,-111.605587,0.050000
7106,-87.295323,0.050000
7107,-96.832735,0.050000
7108,-125.809014,0.050000
7109,-149.009104,0.050000
7110,-153.784923,0.050000
7111,-144.617811,0.050000
7112,-141.792258,0.050000
7113,-122.839158,0.050000
7114,-135.319724,0.050000
7115,-166.155377,0.050000
7116,-145.589209,0.050000
7117,-130.856676,0.050000
7118,-135.072493,0.050000
7119,-172.994880,0.050000
7120,-152.276902,0.050000
7121,-201.760824,0.050000
7122,-185.220009,0.050000
7123,-181.512500,0.050000
7124,-172.453381,0.050000
7125,-112.592857,0.050000
7126,-55.690763,0.050000
7127,-140.224228,0.050000
7128,-85.766802,0.050000
7129,-116.131373,0.050000
7130,-102.125485,0.050000
7131,-150.718292,0.050000
7132,-185.176710,0.050000
7133,-94.918997,0.050000
7134,-104.116862,0.050000
7135,-74.266309,0.050000
7136,-107.228906,0.050000
7137,-88.776632,0.050000
7138,-115.581638,0.050000
7139,-74.979868,0.050000
7140,-100.530131,0.050000
7141,-111.927695,0.050000
7142,-87.665937,0.050000
7143,-98.775536,0.050000
7144,-112.776023,0.050000
7145,-112.701934,0.050000
7146,-64.092757,0.050000
7147,-153.203978,0.050000
7148,-34.909083,0.050000
7149,-61.988633,0.050000
7150,-118.909525,0.050000
7151,-60.609759,0.050000
7152,-125.418404,0.050000
7153,-17.314363,0.050000
7154,-103.967240,0.050000
7155,-57.938584,0.050000
7156,-104.271932,0.050000
7157,-86.047259,0.050000
7158,-77.380901,0.050000
7159,-69.927739,0.050000
7160,-101.676630,0.050000
7161,-86.021300,0.050000
7162,-131.839729,0.050000
7163,-92.209971,0.050000
7164,-49.696313,0.050000
7165,-58.252727,0.050000
7166,-132.112899,0.050000
7167,-111.462020,0.050000
7168,-71.593021,0.050000
7169,-85.776985,0.050000
7170,-53.953803,0.050000
7171,-52.752799,0.050000
7172,-137.748551,0.050000
7173,-89.684888,0.050000
7174,-166.035404,0.050000
7175,-80.378486,0.050000
7176,-116.421461,0.050000
7177,-83.479705,0.050000
7178,-134.019080,0.050000
7179,-101.654174,0.050000
7180,-115.040994,0.050000
7181,-74.459401,0.050000
7182,-96.103438,0.050000
7183,-146.189220,0.050000
7184,-60.709425,0.050000
7185,-104.063173,0.050000
7186,-26.753096,0.050000
7187,-77.311653,0.050000
7188,-123.143276,0.050000
7189,-30.016901,0.050000
7190,-123.692235,0.050000
7191,-20.083722,0.050000
7192,-70.238789,0.050000
7193,-103.758894,0.050000
7194,-95.231515,0.050000
7195,-35.624688,0.050000
7196,-90.636069,0.050000
7197,-89.941425,0.050000
7198,-109.166996,0.050000
7199,-44.169068,0.050000
7200,-61.731972,0.050000
7201,-69.623503,0.050000
7202,-6.654303,0.050000
7203,-39.775613,0.050000
7204,-44.165816,0.050000
7205,-84.233949,0.050000
7206,-74.021473,0.050000
7207,-51.260728,0.050000
7208,-69.206755,0.050000
7209,-119.217831,0.050000
7210,-108.688269,0.050000
7211,-100.281554,0.050000
7212,-147.279508,0.050000
7213,-139.251107,0.050000
7214,-93.679390,0.050000
7215,-178.911404,0.050000
7216,-55.541550,0.050000
7217,-113.675637,0.050000
7218,-144.926911,0.050000
7219,-68.195175,0.050000
7220,-122.409264,0.050000
7221,-116.928980,0.050000
7222,-143.755599,0.050000
7223,-61.517792,0.050000
7224,-154.998569,0.050000
7225,-145.138764,0.050000
7226,-110.946397,0.050000
7227,-127.313973,0.050000
7228,-141.057762,0.050000
7229,-186.825404,0.050000
7230,-117.721197,0.050000
7231,-73.224379,0.050000
7232,-94.683224,0.050000
7233,-107.090469,0.050000
7234,-91.398643,0.050000
7235,-107.412988,0.050000
7236,-109.933255,0.050000
7237,-87.682497,0.050000
7238,-113.063811,0.050000
7239,-146.332994,0.050000
7240,-145.608355,0.050000
7241,-128.224919,0.050000
7242,-50.833532,0.050000
7243,-147.752813,0.050000
7244,-159.918781,0.050000
7245,-70.876340,0.050000
7246,-93.506816,0.050000
7247,-121.943061,0.050000
7248,-138.157855,0.050000
7249,-84.307381,0.050000
7250,-157.370588,0.050000
7251,-43.025277,0.050000
7252,-149.783630,0.050000
7253,-135.975922,0.050000
7254,-149.267877,0.050000
7255,-73.628228,0.050000
7256,-64.856520,0.050000
7257,-106.878052,0.050000
7258,-78.340266,0.050000
7259,-94.836782,0.050000
7260,-96.394922,0.050000
7261,-95.114078,0.050000
7262,-100.713747,0.050000
7263,-109.164276,0.050000
7264,-146.749242,0.050000
7265,-96.114841,0.050000
7266,-87.579676,0.050000
7267,-155.498121,0.050000
7268,-84.533812,0.050000
7269,-156.287093,0.050000
7270,-21.887796,0.050000
7271,-132.814458,0.050000
7272,-121.740086,0.050000
7273,-120.359462,0.050000
7274,-129.610514,0.050000
7275,-164.400867,0.050000
7276,-176.932138,0.050000
7277,-107.641516,0.050000
7278,-137.859850,0.050000
7279,-132.503808,0.050000
7280,-165.829981,0.050000
7281,-106.690177,0.050000
7282,-102.946013,0.050000
7283,-43.969722,0.050000
7284,-99.900809,0.050000
7285,-111.552111,0.050000
7286,-138.734766,0.050000
7287,-78.319715,0.050000
7288,-163.427762,0.050000
7289,-96.320253,0.050000
7290,-112.013452,0.050000
7291,-85.204688,0.050000
7292,-156.806392,0.050000
7293,-121.440558,0.050000
7294,-43.902788,0.050000
7295,-107.933109,0.050000
7296,-109.333877,0.050000
7297,-79.605611,0.050000
7298,-141.053019,0.050000
7299,-114.434036,0.050000
7300,-107.543867,0.050000
7301,-78.016526,0.050000
7302,-118.095181,0.050000
7303,-115.643367,0.050000
7304,-118.658541,0.050000
7305,-122.852641,0.050000
7306,-36.612640,0.050000
7307,-113.273210,0.050000
7308,-92.347706,0.050000
7309,-70.850482,0.050000
7310,-178.582370,0.050000
7311,-64.034952,0.050000
7312,-66.019904,0.050000
7313,-84.821003,0.050000
7314,-74.484960,0.050000
7315,-58.315414,0.050000
7316,-54.908681,0.050000
7317,-131.199901,0.050000
7318,-118.425645,0.050000
7319,-43.566298,0.050000
7320,-97.237571,0.050000
7321,-152.023982,0.050000
7322,-95.557640,0.050000
7323,-133.175853,0.050000
7324,-117.573036,0.050000
7325,-87.513202,0.050000
7326,-73.732490,0.050000
7327,-133.296958,0.050000
7328,-113.746748,0.050000
7329,-130.241035,0.050000
7330,-86.229544,0.050000
7331,-112.283480,0.050000
7332,-111.728407,0.050000
7333,-137.507880,0.050000
7334,-189.023126,0.050000
7335,-159.716218,0.050000
7336,-154.222513,0.050000
7337,-191.758968,0.050000
7338,-110.009952,0.050000
7339,-111.863980,0.050000
7340,-189.062060,0.050000
7341,-64.732277,0.050000
7342,-183.699163,0.050000
7343,-160.106590,0.050000
7344,-168.039646,0.050000
7345,-121.875283,0.050000
7346,-139.699025,0.050000
7347,-221.857308,0.050000
7348,-107.682998,0.050000
7349,-87.995272,0.050000
7350,-149.129790,0.050000
7351,-171.649660,0.050000
7352,-78.178850,0.050000
7353,-166.679398,0.050000
7354,-185.959606,0.050000
7355,-167.777110,0.050000
7356,-75.139074,0.050000
7357,-132.331747,0.050000
7358,-92.759694,0.050000
7359,-98.372736,0.050000
7360,-87.769249,0.050000
7361,-79.649792,0.050000
7362,-65.415678,0.050000
7363,-124.498080,0.050000
7364,-54.958576,0.050000
7365,-62.986436,0.050000
7366,-156.961670,0.050000
7367,-95.104984,0.050000
7368,-55.355091,0.050000
7369,-104.893217,0.050000
7370,-117.150413,0.050000
7371,-87.044095,0.050000
7372,-57.464970,0.050000
7373,-128.400840,0.050000
7374,-109.531292,0.050000
7375,-172.499857,0.050000
7376,-86.122071,0.050000
7377,-78.476301,0.050000
7378,-102.121553,0.050000
7379,-178.854684,0.050000
7380,-110.180801,0.050000
7381,-64.850705,0.050000
7382,-99.999622,0.050000
7383,-129.637660,0.050000
7384,-127.292077,0.050000
7385,-104.485829,0.050000
7386,-162.271107,0.050000
7387,-136.481092,0.050000
7388,-119.113047,0.050000
7389,-75.773184,0.050000
7390,-103.787485,0.050000
7391,-81.671432,0.050000
7392,-98.960894,0.050000
7393,-122.931592,0.050000
7394,-100.122371,0.050000
7395,-86.490811,0.050000
7396,-85.675336,0.050000
7397,-101.299198,0.050000
7398,-76.464880,0.050000
7399,-99.254840,0.050000
7400,-122.572374,0.050000
7401,-94.157928,0.050000
7402,-135.299829,0.050000
7403,-149.484730,0.050000
7404,-97.774293,0.050000
7405,-109.482269,0.050000
7406,-91.890100,0.050000
7407,-77.626412,0.050000
7408,-190.620466,0.050000
7409,-119.811176,0.050000
7410,-76.795204,0.050000
7411,-173.987457,0.050000
7412,-103.241381,0.050000
7413,-116.400205,0.050000
7414,-114.939449,0.050000
7415,-46.143671,0.050000
7416,-172.476410,0.050000
7417,-131.266847,0.050000
7418,-96.470164,0.050000
7419,-124.283836,0.050000
7420,-100.270225,0.050000
7421,-100.644003,0.050000
7422,-103.077690,0.050000
7423,-72.350406,0.050000
7424,-111.418717,0.050000
7425,-111.666586,0.050000
7426,-197.262005,0.050000
7427,-114.095699,0.050000
7428,-195.891044,0.050000
7429,-110.394517,0.050000
7430,-159.991074,0.050000
7431,-219.442622,0.050000
7432,-175.880252,0.050000
7433,-72.895204,0.050000
7434,-178.767417,0.050000
7435,-169.510503,0.050000
7436,-63.666163,0.050000
7437,-123.770689,0.050000
7438,-187.713746,0.050000
7439,-78.831483,0.050000
7440,-80.719451,0.050000
7441,-192.683066,0.050000
7442,-221.157836,0.050000
7443,-206.589131,0.050000
7444,-205.801663,0.050000
7445,-87.183478,0.050000
7446,-188.026461,0.050000
7447,-148.540034,0.050000
7448,-184.181271,0.050000
7449,-198.769949,0.050000
7450,-175.748969,0.050000
7451,-187.602762,0.050000
7452,-114.274948,0.050000
7453,-157.672238,0.050000
7454,-202.229851,0.050000
7455,-186.054080,0.050000
7456,-94.966176,0.050000
7457,-194.571374,0.050000
7458,-93.820919,0.050000
7459,-101.997868,0.050000
7460,-173.376245,0.050000
7461,-82.322363,0.050000
7462,-63.701507,0.050000
7463,-133.193667,0.050000
7464,-92.509092,0.050000
7465,-159.534561,0.050000
7466,-174.865709,0.050000
7467,-133.398782,0.050000
7468,-116.310374,0.050000
7469,-145.354810,0.050000
7470,-196.542992,0.050000
7471,-148.882527,0.050000
7472,-193.503356,0.050000
7473,-140.275253,0.050000
7474,-136.149023,0.050000
7475,-141.969182,0.050000
7476,-142.835207,0.050000
7477,-90.661159,0.050000
7478,-129.753481,0.050000
7479,-172.303594,0.050000
7480,-97.272068,0.050000
7481,-118.924584,0.050000
7482,-210.907670,0.050000
7483,-94.372248,0.050000
7484,-164.522991,0.050000
7485,-149.731467,0.050000
7486,-95.877467,0.050000
7487,-125.368122,0.050000
7488,-105.685402,0.050000
7489,-117.248573,0.050000
7490,-172.674610,0.050000
7491,-134.068758,0.050000
7492,-168.386940,0.050000
7493,-118.018371,0.050000
7494,-139.697407,0.050000
7495,-151.776183,0.050000
7496,-129.600901,0.050000
7497,-118.649667,0.050000
7498,-142.801665,0.050000
7499,-116.650394,0.050000
7500,-229.521415,0.050000
7501,-112.941669,0.050000
7502,-138.322368,0.050000
7503,-140.801678,0.050000
7504,-198.539321,0.050000
7505,-204.609103,0.050000
7506,-234.338650,0.050000
7507,-207.962344,0.050000
7508,-114.806400,0.050000
7509,-158.160585,0.050000
7510,-182.831366,0.050000
7511,-241.372976,0.050000
7512,-138.636750,0.050000
7513,-159.431273,0.050000
7514,-164.329653,0.050000
7515,-150.928869,0.050000
7516,-191.724077,0.050000
7517,-218.899782,0.050000
7518,-159.079798,0.050000
7519,-121.311733,0.050000
7520,-162.363795,0.050000
7521,-180.670685,0.050000
7522,-79.917293,0.050000
7523,-53.545900,0.050000
7524,-165.361958,0.050000
7525,-149.841778,0.050000
7526,-152.972142,0.050000
7527,-139.707758,0.050000
7528,-139.980029,0.050000
7529,-216.331686,0.050000
7530,-164.377995,0.050000
7531,-104.561147,0.050000
7532,-173.802825,0.050000
7533,-196.548119,0.050000
7534,-158.965248,0.050000
7535,-143.090893,0.050000
7536,-93.498732,0.050000
7537,-102.871033,0.050000
7538,-152.179204,0.050000
7539,-153.290005,0.050000
7540,-72.078559,0.050000
7541,-171.563658,0.050000
7542,-178.463206,0.050000
7543,-84.900962,0.050000
7544,-154.535338,0.050000
7545,-138.202912,0.050000
7546,-90.200927,0.050000
7547,-203.204057,0.050000
7548,-144.831682,0.050000
7549,-201.947901,0.050000
7550,-118.362042,0.050000
7551,-115.530952,0.050000
7552,-81.214568,0.050000
7553,-84.413201,0.050000
7554,-137.592877,0.050000
7555,-135.128728,0.050000
7556,-148.034959,0.050000
7557,-172.060909,0.050000
7558,-97.407111,0.050000
7559,-145.852624,0.050000
7560,-59.668182,0.050000
7561,-178.146522,0.050000
7562,-171.823920,0.050000
7563,-171.917630,0.050000
7564,-172.670269,0.050000
7565,-112.894576,0.050000
7566,-166.599276,0.050000
7567,-188.398276,0.050000
7568,-78.509314,0.050000
7569,-197.907467,0.050000
7570,-116.185427,0.050000
7571,-182.667132,0.050000
7572,-143.978779,0.050000
7573,-176.527335,0.050000
7574,-110.737440,0.050000
7575,-166.825287,0.050000
7576,-169.344844,0.050000
7577,-106.537224,0.050000
7578,-158.038823,0.050000
7579,-187.531274,0.050000
7580,-185.892008,0.050000
7581,-126.974107,0.050000
7582,-101.960918,0.050000
7583,-88.021269,0.050000
7584,-142.691440,0.050000
7585,-144.860799,0.050000
7586,-176.891547,0.050000
7587,-149.724924,0.050000
7588,-174.992711,0.050000
7589,-192.167032,0.050000
7590,-167.642325,0.050000
7591,-177.120507,0.050000
7592,-199.675990,0.050000
7593,-153.555649,0.050000
7594,-216.618726,0.050000
7595,-194.918234,0.050000
7596,-152.358158,0.050000
7597,-164.896337,0.050000
7598,-160.500153,0.050000
7599,-165.204240,0.050000
7600,-207.629785,0.050000
7601,-186.443956,0.050000
7602,-130.001912,0.050000
7603,-165.211797,0.050000
7604,-216.515611,0.050000
7605,-217.207202,0.050000
7606,-131.818408,0.050000
7607,-135.226424,0.050000
7608,-220.217505,0.050000
7609,-159.286740,0.050000
7610,-198.595370,0.050000
7611,-171.545214,0.050000
7612,-202.145448,0.050000
7613,-99.496150,0.050000
7614,-111.563506,0.050000
7615,-112.954098,0.050000
7616,-196.766006,0.050000
7617,-99.766213,0.050000
7618,-143.081298,0.050000
7619,-193.743533,0.050000
7620,-140.369248,0.050000
7621,-131.821007,0.050000
7622,-139.976231,0.050000
7623,-105.886656,0.050000
7624,-93.268563,0.050000
7625,-70.061364,0.050000
7626,-117.350908,0.050000
7627,-90.573400,0.050000
7628,-105.022905,0.050000
7629,-128.543795,0.050000
7630,-79.411352,0.050000
7631,-130.745110,0.050000
7632,-119.911713,0.050000
7633,-207.652091,0.050000
7634,-99.712405,0.050000
7635,-152.592800,0.050000
7636,-118.729842,0.050000
7637,-112.653601,0.050000
7638,-88.760266,0.050000
7639,-176.610979,0.050000
7640,-112.501550,0.050000
7641,-94.729526,0.050000
7642,-185.125795,0.050000
7643,-126.955841,0.050000
7644,-119.805812,0.050000
7645,-130.119055,0.050000
7646,-93.753548,0.050000
7647,-92.246415,0.050000
7648,-104.121044,0.050000
7649,-98.141115,0.050000
7650,-169.223436,0.050000
7651,-111.131815,0.050000
7652,-226.819336,0.050000
7653,-178.420625,0.050000
7654,-160.499599,0.050000
7655,-103.062509,0.050000
7656,-135.194864,0.050000
7657,-146.856966,0.050000
7658,-188.948162,0.050000
7659,-199.565407,0.050000
7660,-126.745314,0.050000
7661,-108.176749,0.050000
7662,-111.625514,0.050000
7663,-125.948476,0.050000
7664,-124.239264,0.050000
7665,-178.097126,0.050000
7666,-91.115269,0.050000
7667,-161.975902,0.050000
7668,-135.384590,0.050000
7669,-106.845722,0.050000
7670,-170.902431,0.050000
7671,-169.303411,0.050000
7672,-114.357337,0.050000
7673,-66.669498,0.050000
7674,-56.133542,0.050000
7675,-129.267593,0.050000
7676,-121.113125,0.050000
7677,-133.558830,0.050000
7678,-153.598664,0.050000
7679,-151.079951,0.050000
7680,-127.603205,0.050000
7681,-113.708723,0.050000
7682,-133.927286,0.050000
7683,-163.793728,0.050000
7684,-57.070472,0.050000
7685,-67.941271,0.050000
7686,-137.989231,0.050000
7687,-42.886362,0.050000
7688,-56.679189,0.050000
7689,-56.757793,0.050000
7690,-138.920127,0.050000
7691,-70.425915,0.050000
7692,-51.688617,0.050000
7693,-92.886961,0.050000
7694,-136.789572,0.050000
7695,-123.494734,0.050000
7696,-76.020075,0.050000
7697,-157.354163,0.050000
7698,-113.899887,0.050000
7699,-43.356131,0.050000
7700,-112.099952,0.050000
7701,-90.874733,0.050000
7702,-138.654303,0.050000
7703,-67.694220,0.050000
7704,-49.424669,0.050000
7705,-61.634723,0.050000
7706,-100.437661,0.050000
7707,-109.697337,0.050000
7708,-87.577772,0.050000
7709,-87.333703,0.050000
7710,-117.528694,0.050000
7711,-108.986003,0.050000
7712,-52.348771,0.050000
7713,-92.959118,0.050000
7714,-41.255525,0.050000
7715,-86.868637,0.050000
7716,-111.094337,0.050000
7717,-100.148094,0.050000
7718,-66.059808,0.050000
7719,-91.128189,0.050000
7720,-58.689973,0.050000
7721,-108.000074,0.050000
7722,-67.690605,0.050000
7723,-141.065357,0.050000
7724,-141.386408,0.050000
7725,-133.584993,0.050000
7726,-115.386894,0.050000
7727,-85.052046,0.050000
7728,-140.262831,0.050000
7729,-114.317073,0.050000
7730,-68.909999,0.050000
7731,-108.815919,0.050000
7732,-138.586349,0.050000
7733,-54.168173,0.050000
7734,-110.084339,0.050000
7735,-112.446499,0.050000
7736,-127.695300,0.050000
7737,-118.451441,0.050000
7738,-69.681999,0.050000
7739,-86.885128,0.050000
7740,-114.915817,0.050000
7741,-99.796922,0.050000
7742,-117.685984,0.050000
7743,-83.568765,0.050000
7744,-133.924726,0.050000
7745,-145.662003,0.050000
7746,-113.840517,0.050000
7747,-122.646851,0.050000
7748,-65.607744,0.050000
7749,-152.532819,0.050000
7750,-87.274672,0.050000
7751,-69.107500,0.050000
7752,-68.327938,0.050000
7753,-86.241137,0.050000
7754,-81.740543,0.050000
7755,-76.188168,0.050000
7756,-149.444025,0.050000
7757,-118.155500,0.050000
7758,-109.902341,0.050000
7759,-89.424850,0.050000
7760,-98.217073,0.050000
7761,-44.353566,0.050000
7762,-123.608448,0.050000
7763,-56.291702,0.050000
7764,-179.257452,0.050000
7765,-81.892950,0.050000
7766,-78.461929,0.050000
7767,-87.310533,0.050000
7768,-111.922176,0.050000
7769,-113.225932,0.050000
7770,-92.333313,0.050000
7771,-139.516183,0.050000
7772,-121.424410,0.050000
7773,-131.588808,0.050000
7774,-172.624069,0.050000
7775,-160.959468,0.050000
7776,-134.868808,0.050000
7777,-89.790219,0.050000
7778,-110.173297,0.050000
7779,-130.506996,0.050000
7780,-61.130278,0.050000
7781,-126.290889,0.050000
7782,-147.430571,0.050000
7783,-114.037341,0.050000
7784,-139.801899,0.050000
7785,-91.416740,0.050000
7786,-112.232938,0.050000
7787,-153.451640,0.050000
7788,-163.319976,0.050000
7789,-109.221082,0.050000
7790,-125.741036,0.050000
7791,-162.663821,0.050000
7792,-137.876131,0.050000
7793,-124.050559,0.050000
7794,-161.152601,0.050000
7795,-61.567126,0.050000
7796,-209.325175,0.050000
7797,-245.023062,0.050000
7798,-181.551845,0.050000
7799,-166.217242,0.050000
7800,-174.420547,0.050000
7801,-176.765655,0.050000
7802,-184.159174,0.050000
7803,-215.158447,0.050000
7804,-181.216394,0.050000
7805,-174.582064,0.050000
7806,-138.378611,0.050000
7807,-116.719879,0.050000
7808,-196.645492,0.050000
7809,-226.735970,0.050000
7810,-154.523348,0.050000
7811,-218.223947,0.050000
7812,-237.475066,0.050000
7813,-211.218747,0.050000
7814,-191.411635,0.050000
7815,-229.345240,0.050000
7816,-190.840350,0.050000
7817,-295.672586,0.050000
7818,-203.014368,0.050000
7819,-223.035911,0.050000
7820,-150.186347,0.050000
7821,-214.591878,0.050000
7822,-233.145623,0.050000
7823,-163.681534,0.050000
7824,-136.476751,0.050000
7825,-202.726878,0.050000
7826,-194.034518,0.050000
7827,-168.946450,0.050000
7828,-243.558498,0.050000
7829,-237.145772,0.050000
7830,-181.694252,0.050000
7831,-213.659289,0.050000
7832,-156.722417,0.050000
7833,-174.238123,0.050000
7834,-177.576328,0.050000
7835,-201.720740,0.050000
7836,-188.453704,0.050000
7837,-217.752107,0.050000
7838,-174.763422,0.050000
7839,-171.315538,0.050000
7840,-161.792318,0.050000
7841,-158.440877,0.050000
7842,-213.234395,0.050000
7843,-231.281484,0.050000
7844,-109.095526,0.050000
7845,-181.745632,0.050000
7846,-196.438521,0.050000
7847,-198.387535,0.050000
7848,-145.321042,0.050000
7849,-153.188316,0.050000
7850,-161.771221,0.050000
7851,-130.352557,0.050000
7852,-164.890245,0.050000
7853,-164.992698,0.050000
7854,-150.556235,0.050000
7855,-157.987653,0.050000
7856,-171.862258,0.050000
7857,-149.441758,0.050000
7858,-161.694267,0.050000
7859,-101.811282,0.050000
7860,-185.596293,0.050000
7861,-163.276597,0.050000
7862,-181.068539,0.050000
7863,-177.347462,0.050000
7864,-168.550240,0.050000
7865,-195.964414,0.050000
7866,-93.984075,0.050000
7867,-177.127349,0.050000
7868,-135.461658,0.050000
7869,-153.804570,0.050000
7870,-173.432767,0.050000
7871,-215.557505,0.050000
7872,-116.557606,0.050000
7873,-167.512420,0.050000
7874,-87.517958,0.050000
7875,-150.799883,0.050000
7876,-122.140224,0.050000
7877,-178.480228,0.050000
7878,-209.207500,0.050000
7879,-155.438447,0.050000
7880,-50.160215,0.050000
7881,-167.564161,0.050000
7882,-132.467435,0.050000
7883,-124.782154,0.050000
7884,-186.949362,0.050000
7885,-143.631707,0.050000
7886,-179.051760,0.050000
7887,-86.396955,0.050000
7888,-91.099750,0.050000
7889,-151.723028,0.050000
7890,-188.136959,0.050000
7891,-96.674841,0.050000
7892,-149.798921,0.050000
7893,-183.472219,0.050000
7894,-105.503813,0.050000
7895,-102.499962,0.050000
7896,-139.099523,0.050000
7897,-114.286511,0.050000
7898,-123.994721,0.050000
7899,-153.064704,0.050000
7900,-85.150787,0.050000
7901,-180.787226,0.050000
7902,-169.962900,0.050000
7903,-118.512219,0.050000
7904,-165.772031,0.050000
7905,-170.625147,0.050000
7906,-149.176112,0.050000
7907,-158.693495,0.050000
7908,-125.182548,0.050000
7909,-148.028959,0.050000
7910,-76.660106,0.050000
7911,-171.207710,0.050000
7912,-166.422313,0.050000
7913,-91.134509,0.050000
7914,-105.908445,0.050000
7915,-197.467124,0.050000
7916,-91.322216,0.050000
7917,-76.552953,0.050000
7918,-94.882079,0.050000
7919,-81.611869,0.050000
7920,-154.208619,0.050000
7921,-113.369565,0.050000
7922,-124.005526,0.050000
7923,-125.919093,0.050000
7924,-155.089954,0.050000
7925,-119.498936,0.050000
7926,-122.096253,0.050000
7927,-158.947068,0.050000
7928,-112.728934,0.050000
7929,-109.186362,0.050000
7930,-127.595359,0.050000
7931,-119.700593,0.050000
7932,-130.169453,0.050000
7933,-143.995663,0.050000
7934,-86.115469,0.050000
7935,-147.136691,0.050000
7936,-113.662680,0.050000
7937,-107.327855,0.050000
7938,-170.414957,0.050000
7939,-141.622744,0.050000
7940,-168.910826,0.050000
7941,-188.969781,0.050000
7942,-145.709064,0.050000
7943,-146.239129,0.050000
7944,-182.183352,0.050000
7945,-128.139069,0.050000
7946,-173.209660,0.050000
7947,-150.249961,0.050000
7948,-133.635787,0.050000
7949,-148.229554,0.050000
7950,-114.288189,0.050000
7951,-203.470305,0.050000
7952,-207.506257,0.050000
7953,-136.559493,0.050000
7954,-128.969989,0.050000
7955,-131.501886,0.050000
7956,-108.952205,0.050000
7957,-121.666364,0.050000
7958,-138.763806,0.050000
7959,-58.537652,0.050000
7960,-185.344806,0.050000
7961,-90.498065,0.050000
7962,-132.720454,0.050000
7963,-103.067737,0.050000
7964,-113.082589,0.050000
7965,-101.019732,0.050000
7966,-100.257197,0.050000
7967,-87.946721,0.050000
7968,-107.611103,0.050000
7969,-128.996434,0.050000
7970,-73.808795,0.050000
7971,-128.737694,0.050000
7972,-76.761518,0.050000
7973,-120.229511,0.050000
7974,-93.447352,0.050000
7975,-124.150382,0.050000
7976,-137.095573,0.050000
7977,-65.035908,0.050000
7978,-103.778653,0.050000
7979,-23.798800,0.050000
7980,-94.845990,0.050000
7981,-145.253190,0.050000
7982,-31.789133,0.050000
7983,-33.273283,0.050000
7984,-134.057104,0.050000
7985,-73.886905,0.050000
7986,-67.236537,0.050000
7987,-75.056667,0.050000
7988,-136.416247,0.050000
7989,-126.729165,0.050000
7990,-41.912800,0.050000
7991,-56.530374,0.050000
7992,-114.713169,0.050000
7993,-61.584771,0.050000
7994,-22.878974,0.050000
7995,-120.508501,0.050000
7996,-70.752503,0.050000
7997,-155.581842,0.050000
7998,-173.054234,0.050000
7999,-82.851034,0.050000
8000,-64.862596,0.050000
8001,-137.327019,0.050000
8002,-44.064348,0.050000
8003,-81.051422,0.050000
8004,-84.900802,0.050000
8005,-33.959272,0.050000
8006,-112.754285,0.050000
8007,-86.214845,0.050000
8008,-88.722945,0.050000
8009,-91.523231,0.050000
8010,-59.848560,0.050000
8011,-136.508238,0.050000
8012,-47.373743,0.050000
8013,-130.882329,0.050000
8014,-64.652541,0.050000
8015,-32.404233,0.050000
8016,-85.342129,0.050000
8017,-112.737986,0.050000
8018,-111.606301,0.050000
8019,-95.312533,0.050000
8020,-112.838458,0.050000
8021,-109.021509,0.050000
8022,-94.227448,0.050000
8023,-76.934033,0.050000
8024,-182.873322,0.050000
8025,-174.941951,0.050000
8026,-106.012995,0.050000
8027,-80.615596,0.050000
8028,-96.067630,0.050000
8029,-45.029293,0.050000
8030,-74.404304,0.050000
8031,-82.375092,0.050000
8032,-136.173624,0.050000
8033,-48.250475,0.050000
8034,-213.925824,0.050000
8035,-84.597163,0.050000
8036,-95.819864,0.050000
8037,-92.097383,0.050000
8038,-93.538637,0.050000
8039,-102.102928,0.050000
8040,-60.658921,0.050000
8041,-94.061489,0.050000
8042,-98.507807,0.050000
8043,-118.193762,0.050000
8044,-87.310331,0.050000
8045,-112.165552,0.050000
8046,-157.252967,0.050000
8047,-117.327190,0.050000
8048,-130.425026,0.050000
8049,-138.342873,0.050000
8050,-81.812900,0.050000
8051,-115.243678,0.050000
8052,-171.414501,0.050000
8053,-105.850389,0.050000
8054,-69.229860,0.050000
8055,-77.005222,0.050000
8056,-210.062112,0.050000
8057,-249.031770,0.050000
8058,-135.689574,0.050000
8059,-49.455840,0.050000
8060,-67.910066,0.050000
8061,-147.238991,0.050000
8062,-85.622412,0.050000
8063,-127.278684,0.050000
8064,-97.879092,0.050000
8065,-108.933139,0.050000
8066,-69.084507,0.050000
8067,-97.515238,0.050000
8068,-95.726269,0.050000
8069,-138.281810,0.050000
8070,-88.850142,0.050000
8071,-134.736618,0.050000
8072,-123.696474,0.050000
8073,-175.212670,0.050000
8074,-117.973680,0.050000
8075,-68.709740,0.050000
8076,-192.854400,0.050000
8077,-203.189721,0.050000
8078,-157.214606,0.050000
8079,-163.555988,0.050000
8080,-57.341827,0.050000
8081,-144.245872,0.050000
8082,-65.050586,0.050000
8083,-197.806676,0.050000
8084,-151.645805,0.050000
8085,-180.305186,0.050000
8086,-104.540028,0.050000
8087,-145.792530,0.050000
8088,-144.528051,0.050000
8089,-75.278195,0.050000
8090,-178.723059,0.050000
8091,-80.853609,0.050000
8092,-102.776887,0.050000
8093,-228.244769,0.050000
8094,-150.536081,0.050000
8095,-158.832614,0.050000
8096,-160.617622,0.050000
8097,-137.091980,0.050000
8098,-108.339007,0.050000
8099,-57.859847,0.050000
8100,-208.186739,0.050000
8101,-182.266283,0.050000
8102,-45.506562,0.050000
8103,-175.356374,0.050000
8104,-150.432141,0.050000
8105,-39.901543,0.050000
8106,-26.067610,0.050000
8107,-157.369311,0.050000
8108,-201.400203,0.050000
8109,-183.535722,0.050000
8110,-202.348879,0.050000
8111,-55.895219,0.050000
8112,-216.023692,0.050000
8113,-158.466402,0.050000
8114,-163.576026,0.050000
8115,-203.265839,0.050000
8116,-96.850439,0.050000
8117,-107.991208,0.050000
8118,-41.411562,0.050000
8119,-199.228060,0.050000
8120,-146.968501,0.050000
8121,-275.353730,0.050000
8122,-105.355617,0.050000
8123,-139.296891,0.050000
8124,-113.217570,0.050000
8125,-179.268328,0.050000
8126,-69.503014,0.050000
8127,-57.247901,0.050000
8128,-87.899450,0.050000
8129,-138.340757,0.050000
8130,-132.837040,0.050000
8131,-156.116687,0.050000
8132,-56.541009,0.050000
8133,-121.734546,0.050000
8134,-66.167607,0.050000
8135,-119.509902,0.050000
8136,-212.325767,0.050000
8137,-144.329732,0.050000
8138,-153.945388,0.050000
8139,-179.700818,0.050000
8140,-205.444086,0.050000
8141,-70.433111,0.050000
8142,-98.940949,0.050000
8143,-231.048211,0.050000
8144,-184.732108,0.050000
8145,-184.486266,0.050000
8146,-72.954466,0.050000
8147,-160.353005,0.050000
8148,-49.395548,0.050000
8149,-103.338497,0.050000
8150,-130.661220,0.050000
8151,-129.455856,0.050000
8152,-150.318637,0.050000
8153,-120.243697,0.050000
8154,-116.817808,0.050000
8155,-130.165731,0.050000
8156,-102.889000,0.050000
8157,-209.639491,0.050000
8158,3.367190,0.050000
8159,-72.888092,0.050000
8160,-157.672648,0.050000
8161,-248.055301,0.050000
8162,-154.211227,0.050000
8163,-109.480789,0.050000
8164,-100.752927,0.050000
8165,-79.637556,0.050000
8166,-150.884166,0.050000
8167,-104.820704,0.050000
8168,-57.431284,0.050000
8169,-152.845853,0.050000
8170,-59.459207,0.050000
8171,-132.498583,0.050000
8172,-132.605033,0.050000
8173,-122.005490,0.050000
8174,-110.274103,0.050000
8175,-123.314070,0.050000
8176,-170.309519,0.050000
8177,-132.859132,0.050000
8178,-131.851984,0.050000
8179,-123.995926,0.050000
8180,-130.645675,0.050000
8181,-128.896928,0.050000
8182,-212.544166,0.050000
8183,-122.586243,0.050000
8184,-82.677095,0.050000
8185,-211.131004,0.050000
8186,-152.619113,0.050000
8187,-108.826185,0.050000
8188,-130.948402,0.050000
8189,-179.463333,0.050000
8190,-59.959749,0.050000
8191,-202.883066,0.050000
8192,-122.510204,0.050000
8193,-165.595842,0.050000
8194,-122.165683,0.050000
8195,-163.121784,0.050000
8196,-102.507680,0.050000
8197,-154.091180,0.050000
8198,-150.695839,0.050000
8199,-131.513863,0.050000
8200,-167.644993,0.050000
8201,-121.476392,0.050000
8202,-167.222621,0.050000
8203,-115.204146,0.050000
8204,-181.835723,0.050000
8205,-107.860910,0.050000
8206,-78.438175,0.050000
8207,-89.950411,0.050000
8208,-73.803051,0.050000
8209,-161.157533,0.050000
8210,-65.680052,0.050000
8211,-146.671223,0.050000
8212,-36.494195,0.050000
8213,-84.755477,0.050000
8214,-92.097675,0.050000
8215,-75.794589,0.050000
8216,-62.284923,0.050000
8217,-117.798908,0.050000
8218,-138.787617,0.050000
8219,-27.197778,0.050000
8220,-80.071419,0.050000
8221,-57.482317,0.050000
8222,-81.878211,0.050000
8223,-169.143400,0.050000
8224,-90.449531,0.050000
8225,-63.694312,0.050000
8226,-76.650383,0.050000
8227,-89.192007,0.050000
8228,-75.017067,0.050000
8229,-44.662323,0.050000
8230,-90.913997,0.050000
8231,-68.253810,0.050000
8232,-75.097760,0.050000
8233,-99.220640,0.050000
8234,-93.767927,0.050000
8235,-60.347685,0.050000
8236,-139.113202,0.050000
8237,-56.997463,0.050000
8238,-140.954724,0.050000
8239,-80.616601,0.050000
8240,-103.490664,0.050000
8241,-192.489738,0.050000
8242,-107.930096,0.050000
8243,-120.562582,0.050000
8244,-171.917851,0.050000
8245,-159.112634,0.050000
8246,-160.976216,0.050000
8247,-137.765244,0.050000
8248,-129.480789,0.050000
8249,-106.516374,0.050000
8250,-198.326514,0.050000
8251,-131.978134,0.050000
8252,-115.071952,0.050000
8253,-208.484092,0.050000
8254,-179.971786,0.050000
8255,-136.139850,0.050000
8256,-68.439398,0.050000
8257,-36.186470,0.050000
8258,-44.801816,0.050000
8259,-173.731929,0.050000
8260,-72.819947,0.050000
8261,-78.414180,0.050000
8262,-45.311869,0.050000
8263,-117.798962,0.050000
8264,-91.744645,0.050000
8265,-160.704615,0.050000
8266,-15.672990,0.050000
8267,-96.917473,0.050000
8268,-197.474816,0.050000
8269,-166.990956,0.050000
8270,-153.328085,0.050000
8271,-99.624144,0.050000
8272,-119.077753,0.050000
8273,-100.589543,0.050000
8274,-186.698560,0.050000
8275,-38.959349,0.050000
8276,-106.593796,0.050000
8277,-97.917120,0.050000
8278,-171.815605,0.050000
8279,-135.733598,0.050000
8280,-153.094426,0.050000
8281,-114.649417,0.050000
8282,-89.246281,0.050000
8283,-161.371245,0.050000
8284,-126.569170,0.050000
8285,-92.367847,0.050000
8286,-124.582448,0.050000
8287,-69.122943,0.050000
8288,-106.782685,0.050000
8289,-127.642615,0.050000
8290,-77.640802,0.050000
8291,-48.790178,0.050000
8292,-123.304105,0.050000
8293,-99.399120,0.050000
8294,-145.986297,0.050000
8295,-105.263597,0.050000
8296,-55.510154,0.050000
8297,-128.295967,0.050000
8298,-95.198072,0.050000
8299,-139.869932,0.050000
8300,-148.553646,0.050000
8301,-187.272395,0.050000
8302,-111.115757,0.050000
8303,-97.657552,0.050000
8304,-158.835501,0.050000
8305,-79.817875,0.050000
8306,-129.224086,0.050000
8307,-52.833636,0.050000
8308,-143.927336,0.050000
8309,-53.956724,0.050000
8310,-140.133516,0.050000
8311,-78.814675,0.050000
8312,-127.916498,0.050000
8313,-155.889120,0.050000
8314,-27.718839,0.050000
8315,-72.385236,0.050000
8316,-38.046677,0.050000
8317,-107.888151,0.050000
8318,-87.916968,0.050000
8319,-79.283668,0.050000
8320,-160.969628,0.050000
8321,-111.160802,0.050000
8322,-51.622595,0.050000
8323,-125.141860,0.050000
8324,-135.782935,0.050000
8325,-107.316327,0.050000
8326,-102.675224,0.050000
8327,-30.065139,0.050000
8328,-107.029563,0.050000
8329,-203.717418,0.050000
8330,-128.481374,0.050000
8331,-157.650266,0.050000
8332,-95.651092,0.050000
8333,-136.980453,0.050000
8334,-66.936466,0.050000
8335,-89.856468,0.050000
8336,-143.669514,0.050000
8337,-138.932267,0.050000
8338,-132.000874,0.050000
8339,-81.879622,0.050000
8340,-121.722719,0.050000
8341,-139.716171,0.050000
8342,-180.506256,0.050000
8343,-95.789958,0.050000
8344,-143.810236,0.050000
8345,-158.146398,0.050000
8346,-209.722670,0.050000
8347,-125.948060,0.050000
8348,-119.043731,0.050000
8349,-135.270858,0.050000
8350,-139.529382,0.050000
8351,-110.191306,0.050000
8352,-121.413041,0.050000
8353,-130.023161,0.050000
8354,-181.823451,0.050000
8355,-167.581246,0.050000
8356,-129.901821,0.050000
8357,-72.166699,0.050000
8358,-166.463212,0.050000
8359,-146.386739,0.050000
8360,-119.135120,0.050000
8361,-78.739019,0.050000
8362,-135.074815,0.050000
8363,-177.312304,0.050000
8364,-148.097193,0.050000
8365,-93.376310,0.050000
8366,-154.717495,0.050000
8367,-117.556323,0.050000
8368,-149.601850,0.050000
8369,-151.793119,0.050000
8370,-107.130855,0.050000
8371,-190.772534,0.050000
8372,-139.418407,0.050000
8373,-197.501334,0.050000
8374,-155.512014,0.050000
8375,-221.388718,0.050000
8376,-182.581617,0.050000
8377,-194.645846,0.050000
8378,-102.211105,0.050000
8379,-185.495563,0.050000
8380,-110.536917,0.050000
8381,-102.513476,0.050000
8382,-68.270549,0.050000
8383,-130.548139,0.050000
8384,-134.504342,0.050000
8385,-158.523595,0.050000
8386,-114.482611,0.050000
8387,-211.119837,0.050000
8388,-84.137660,0.050000
8389,-140.343059,0.050000
8390,-122.100350,0.050000
8391,-95.734992,0.050000
8392,-90.339253,0.050000
8393,-155.230094,0.050000
8394,-179.022916,0.050000
8395,-98.722646,0.050000
8396,-85.969861,0.050000
8397,-153.220164,0.050000
8398,-143.054325,0.050000
8399,-193.118395,0.050000
8400,-234.093690,0.050000
8401,-65.774533,0.050000
8402,-213.451802,0.050000
8403,-202.028506,0.050000
8404,-152.289155,0.050000
8405,-88.098164,0.050000
8406,-154.604650,0.050000
8407,-160.632841,0.050000
8408,-235.696871,0.050000
8409,-51.663916,0.050000
8410,-146.206085,0.050000
8411,-168.398188,0.050000
8412,-67.563435,0.050000
8413,-93.488235,0.050000
8414,-25.049053,0.050000
8415,-176.040894,0.050000
8416,-113.650033,0.050000
8417,-207.414419,0.050000
8418,-115.446884,0.050000
8419,-228.854189,0.050000
8420,-85.084546,0.050000
8421,-166.860002,0.050000
8422,-157.409679,0.050000
8423,-159.298204,0.050000
8424,-190.310109,0.050000
8425,-105.752993,0.050000
8426,-168.998307,0.050000
8427,-240.720272,0.050000
8428,-194.490325,0.050000
8429,-135.893725,0.050000
8430,-95.557570,0.050000
8431,-86.350321,0.050000
8432,-177.100515,0.050000
8433,-84.192752,0.050000
8434,-171.598976,0.050000
8435,-127.011282,0.050000
8436,-252.844256,0.050000
8437,-215.371484,0.050000
8438,-193.667353,0.050000
8439,-219.324032,0.050000
8440,-133.260711,0.050000
8441,-77.131801,0.050000
8442,-154.745994,0.050000
8443,-40.297875,0.050000
8444,-147.204686,0.050000
8445,-176.593178,0.050000
8446,-126.336308,0.050000
8447,-207.329790,0.050000
8448,-100.987416,0.050000
8449,-180.960704,0.050000
8450,-127.294074,0.050000
8451,-71.753374,0.050000
8452,-27.101008,0.050000
8453,-168.083950,0.050000
8454,-159.351482,0.050000
8455,-198.338655,0.050000
8456,-129.310593,0.050000
8457,-80.861873,0.050000
8458,-182.108334,0.050000
8459,-69.450848,0.050000
8460,-184.761568,0.050000
8461,-136.496101,0.050000
8462,-127.433913,0.050000
8463,-120.317767,0.050000
8464,-126.934292,0.050000
8465,-146.634619,0.050000
8466,-100.995997,0.050000
8467,-153.414936,0.050000
8468,-188.509814,0.050000
8469,-97.665627,0.050000
8470,-144.169480,0.050000
8471,-133.303078,0.050000
8472,-140.735874,0.050000
8473,-153.359199,0.050000
8474,-148.690500,0.050000
8475,-112.038320,0.050000
8476,-158.415351,0.050000
8477,-191.360480,0.050000
8478,-178.149046,0.050000
8479,-167.034757,0.050000
8480,-137.429537,0.050000
8481,-161.585733,0.050000
8482,-184.998809,0.050000
8483,-196.522837,0.050000
8484,-172.616331,0.050000
8485,-134.481759,0.050000
8486,-153.758541,0.050000
8487,-140.101448,0.050000
8488,-153.675936,0.050000
8489,-113.347952,0.050000
8490,-229.316313,0.050000
8491,-135.210277,0.050000
8492,-231.029765,0.050000
8493,-173.491771,0.050000
8494,-167.635394,0.050000
8495,-133.170285,0.050000
8496,-161.817474,0.050000
8497,-145.869879,0.050000
8498,-206.101289,0.050000
8499,-204.205409,0.050000
8500,-61.535404,0.050000
8501,-119.379045,0.050000
8502,-140.175985,0.050000
8503,-137.710693,0.050000
8504,-70.686930,0.050000
8505,-160.274825,0.050000
8506,-133.941490,0.050000
8507,-141.749264,0.050000
8508,-202.317214,0.050000
8509,-138.597209,0.050000
8510,-195.595215,0.050000
8511,-131.120665,0.050000
8512,-156.597399,0.050000
8513,-111.044836,0.050000
8514,-217.117576,0.050000
8515,-164.339736,0.050000
8516,-113.219187,0.050000
8517,-124.577156,0.050000
8518,-94.520488,0.050000
8519,-99.705164,0.050000
8520,-126.211990,0.050000
8521,-149.182162,0.050000
8522,-152.944197,0.050000
8523,-104.145532,0.050000
8524,-95.851061,0.050000
8525,-111.958897,0.050000
8526,-108.182839,0.050000
8527,-152.898944,0.050000
8528,-94.978792,0.050000
8529,-46.406113,0.050000
8530,-80.308648,0.050000
8531,-166.313625,0.050000
8532,-115.008959,0.050000
8533,-108.465333,0.050000
8534,-200.648604,0.050000
8535,-136.665794,0.050000
8536,-116.358267,0.050000
8537,-167.803696,0.050000
8538,-97.220802,0.050000
8539,-123.659559,0.050000
8540,-112.352096,0.050000
8541,-154.020187,0.050000
8542,-124.072607,0.050000
8543,-207.722375,0.050000
8544,-224.935258,0.050000
8545,-128.507832,0.050000
8546,-198.310361,0.050000
8547,-164.856453,0.050000
8548,-98.773077,0.050000
8549,-120.533226,0.050000
8550,-138.657278,0.050000
8551,-187.788195,0.050000
8552,-137.078230,0.050000
8553,-99.703435,0.050000
8554,-34.312441,0.050000
8555,-88.126013,0.050000
8556,-86.684204,0.050000
8557,-136.684881,0.050000
8558,-114.606584,0.050000
8559,-84.588130,0.050000
8560,-115.623000,0.050000
8561,-106.721999,0.050000
8562,-109.389689,0.050000
8563,-103.795259,0.050000
8564,-131.638963,0.050000
8565,-92.182751,0.050000
8566,-120.420919,0.050000
8567,-219.486900,0.050000
8568,-135.556193,0.050000
8569,-84.419575,0.050000
8570,-154.048784,0.050000
8571,-130.236917,0.050000
8572,-125.644914,0.050000
8573,-120.605988,0.050000
8574,-48.213771,0.050000
8575,-124.464348,0.050000
8576,-175.219101,0.050000
8577,-125.021944,0.050000
8578,-94.210138,0.050000
8579,-95.395970,0.050000
8580,-194.238546,0.050000
8581,-146.084201,0.050000
8582,-54.703986,0.050000
8583,-125.594402,0.050000
8584,-92.345065,0.050000
8585,-137.831725,0.050000
8586,-97.576292,0.050000
8587,-120.293820,0.050000
8588,-96.592272,0.050000
8589,-111.921807,0.050000
8590,-120.131778,0.050000
8591,-172.055650,0.050000
8592,-131.391297,0.050000
8593,-123.004155,0.050000
8594,-72.767109,0.050000
8595,-127.632963,0.050000
8596,-104.134179,0.050000
8597,-168.665225,0.050000
8598,-129.492665,0.050000
8599,-86.622680,0.050000
8600,-114.302275,0.050000
8601,-102.326029,0.050000
8602,-85.495291,0.050000
8603,-85.153414,0.050000
8604,-111.952337,0.050000
8605,-123.434956,0.050000
8606,-137.197115,0.050000
8607,-161.740293,0.050000
8608,-105.664368,0.050000
8609,-163.982863,0.050000
8610,-218.486408,0.050000
8611,-109.685483,0.050000
8612,-191.277428,0.050000
8613,-126.469612,0.050000
8614,-108.183131,0.050000
8615,-174.667194,0.050000
8616,-135.919785,0.050000
8617,-143.268301,0.050000
8618,-119.096558,0.050000
8619,-133.287622,0.050000
8620,-195.630352,0.050000
8621,-131.502621,0.050000
8622,-109.077417,0.050000
8623,-157.799351,0.050000
8624,-177.477208,0.050000
8625,-118.931684,0.050000
8626,-143.151386,0.050000
8627,-88.250017,0.050000
8628,-160.333805,0.050000
8629,-70.326698,0.050000
8630,-132.744669,0.050000
8631,-182.422167,0.050000
8632,-116.141155,0.050000
8633,-146.741379,0.050000
8634,-133.000185,0.050000
8635,-179.654525,0.050000
8636,-116.387141,0.050000
8637,-111.545731,0.050000
8638,-170.954124,0.050000
8639,-137.902211,0.050000
8640,-111.575880,0.050000
8641,-134.783128,0.050000
8642,-123.259451,0.050000
8643,-149.843722,0.050000
8644,-195.862489,0.050000
8645,-194.873490,0.050000
8646,-103.464244,0.050000
8647,-102.730316,0.050000
8648,-183.498207,0.050000
8649,-95.551564,0.050000
8650,-173.601354,0.050000
8651,-146.796988,0.050000
8652,-173.006819,0.050000
8653,-179.757976,0.050000
8654,-142.905561,0.050000
8655,-74.122639,0.050000
8656,-59.737004,0.050000
8657,-34.395007,0.050000
8658,-92.743062,0.050000
8659,-112.053276,0.050000
8660,-181.738358,0.050000
8661,-98.051789,0.050000
8662,-66.342212,0.050000
8663,-70.212381,0.050000
8664,-103.379251,0.050000
8665,-120.340531,0.050000
8666,-112.137626,0.050000
8667,-133.717336,0.050000
8668,-95.889410,0.050000
8669,-100.953664,0.050000
8670,-130.314419,0.050000
8671,-65.443916,0.050000
8672,-57.647441,0.050000
8673,-79.358703,0.050000
8674,-95.706445,0.050000
8675,-95.467993,0.050000
8676,-107.203503,0.050000
8677,-175.886034,0.050000
8678,-182.132253,0.050000
8679,-189.375257,0.050000
8680,-64.894205,0.050000
8681,-124.943408,0.050000
8682,-57.248246,0.050000
8683,-67.430478,0.050000
8684,-152.598698,0.050000
8685,-154.541014,0.050000
8686,-118.409188,0.050000
8687,-63.113109,0.050000
8688,-122.044216,0.050000
8689,-103.936608,0.050000
8690,-142.404827,0.050000
8691,-178.350222,0.050000
8692,-81.423612,0.050000
8693,-96.205188,0.050000
8694,-159.618987,0.050000
8695,-56.989265,0.050000
8696,-122.856562,0.050000
8697,-163.313152,0.050000
8698,-91.754172,0.050000
8699,-116.572916,0.050000
8700,-161.536777,0.050000
8701,-95.690655,0.050000
8702,-171.221360,0.050000
8703,-117.247170,0.050000
8704,-93.537902,0.050000
8705,-117.058079,0.050000
8706,-137.091298,0.050000
8707,-130.842560,0.050000
8708,-104.870461,0.050000
8709,-107.326471,0.050000
8710,-114.231469,0.050000
8711,-116.666802,0.050000
8712,-142.171724,0.050000
8713,-105.427401,0.050000
8714,-155.717388,0.050000
8715,-167.599424,0.050000
8716,-164.394914,0.050000
8717,-138.062695,0.050000
8718,-142.231134,0.050000
8719,-151.572111,0.050000
8720,-105.014878,0.050000
8721,-94.877742,0.050000
8722,-54.032478,0.050000
8723,-149.608887,0.050000
8724,-90.853430,0.050000
8725,-177.896674,0.050000
8726,-181.296616,0.050000
8727,-165.632222,0.050000
8728,-74.091941,0.050000
8729,-116.992372,0.050000
8730,-111.052499,0.050000
8731,-88.675750,0.050000
8732,-71.126399,0.050000
8733,-126.787767,0.050000
8734,-140.019559,0.050000
8735,-199.783979,0.050000
8736,-122.097832,0.050000
8737,-136.247640,0.050000
8738,-156.959701,0.050000
8739,-81.764209,0.050000
8740,-81.473347,0.050000
8741,-171.094607,0.050000
8742,-131.622928,0.050000
8743,-134.284088,0.050000
8744,-147.343212,0.050000
8745,-126.365630,0.050000
8746,-115.868417,0.050000
8747,-177.328177,0.050000
8748,-87.130480,0.050000
8749,-120.749017,0.050000
8750,-100.999235,0.050000
8751,-85.007228,0.050000
8752,-141.104256,0.050000
8753,-188.512273,0.050000
8754,-108.930900,0.050000
8755,-176.933887,0.050000
8756,-114.129476,0.050000
8757,-170.055244,0.050000
8758,-208.869355,0.050000
8759,-172.491491,0.050000
8760,-98.366763,0.050000
8761,-144.258694,0.050000
8762,-187.446719,0.050000
8763,-157.675107,0.050000
8764,-126.439850,0.050000
8765,-150.622339,0.050000
8766,-160.066384,0.050000
8767,-69.149297,0.050000
8768,-108.852836,0.050000
8769,-196.864573,0.050000
8770,-173.372520,0.050000
8771,-186.092859,0.050000
8772,-178.332408,0.050000
8773,-167.555355,0.050000
8774,-83.370925,0.050000
8775,-179.116577,0.050000
8776,-102.800581,0.050000
8777,-172.281067,0.050000
8778,-112.459191,0.050000
8779,-94.347071,0.050000
8780,-170.370942,0.050000
8781,-54.288801,0.050000
8782,-148.417808,0.050000
8783,-79.805083,0.050000
8784,-138.843367,0.050000
8785,-92.145145,0.050000
8786,-104.540130,0.050000
8787,-88.327896,0.050000
8788,-155.732801,0.050000
8789,-115.458133,0.050000
8790,-94.234603,0.050000
8791,-130.350940,0.050000
8792,-86.921296,0.050000
8793,-115.293655,0.050000
8794,-101.669718,0.050000
8795,-140.823625,0.050000
8796,-58.134408,0.050000
8797,-125.531508,0.050000
8798,-106.079379,0.050000
8799,-80.902104,0.050000
8800,-157.703342,0.050000
8801,-116.002929,0.050000
8802,-135.059164,0.050000
8803,-160.496863,0.050000
8804,-77.376080,0.050000
8805,-120.094821,0.050000
8806,-126.771690,0.050000
8807,-81.572274,0.050000
8808,-134.222861,0.050000
8809,-191.474323,0.050000
8810,-152.165109,0.050000
8811,-134.385139,0.050000
8812,-87.244710,0.050000
8813,-144.475396,0.050000
8814,-106.119831,0.050000
8815,-107.900498,0.050000
8816,-153.984715,0.050000
8817,-198.197489,0.050000
8818,-171.244699,0.050000
8819,-134.349196,0.050000
8820,-119.493120,0.050000
8821,-166.028676,0.050000
8822,-144.100506,0.050000
8823,-125.954771,0.050000
8824,-166.572993,0.050000
8825,-138.010400,0.050000
8826,-148.621343,0.050000
8827,-116.792526,0.050000
8828,-108.475376,0.050000
8829,-116.194325,0.050000
8830,-145.778834,0.050000
8831,-116.060647,0.050000
8832,-130.591381,0.050000
8833,-118.892461,0.050000
8834,-186.077762,0.050000
8835,-100.578738,0.050000
8836,-111.510032,0.050000
8837,-149.860317,0.050000
8838,-116.315131,0.050000
8839,-130.253963,0.050000
8840,-184.680398,0.050000
8841,-121.294370,0.050000
8842,-165.273343,0.050000
8843,-93.893113,0.050000
8844,-155.829795,0.050000
8845,-112.399689,0.050000
8846,-163.109387,0.050000
8847,-102.548652,0.050000
8848,-109.282132,0.050000
8849,-95.876195,0.050000
8850,-41.931518,0.050000
8851,-56.022791,0.050000
8852,-109.403673,0.050000
8853,-72.140983,0.050000
8854,-120.766440,0.050000
8855,-143.331887,0.050000
8856,-165.333503,0.050000
8857,-61.304444,0.050000
8858,-203.586946,0.050000
8859,-179.958714,0.050000
8860,-164.655097,0.050000
8861,-101.419960,0.050000
8862,-145.779993,0.050000
8863,-116.844739,0.050000
8864,-141.865451,0.050000
8865,-180.140310,0.050000
8866,-151.720357,0.050000
8867,-136.668398,0.050000
8868,-174.227296,0.050000
8869,-145.225769,0.050000
8870,-130.299416,0.050000
8871,-194.648073,0.050000
8872,-176.799479,0.050000
8873,-91.874254,0.050000
8874,-93.207516,0.050000
8875,-150.846579,0.050000
8876,-174.393834,0.050000
8877,-201.071477,0.050000
8878,-124.495639,0.050000
8879,-147.850815,0.050000
8880,-171.029512,0.050000
8881,-96.841971,0.050000
8882,-137.142346,0.050000
8883,-150.674361,0.050000
8884,-120.748915,0.050000
8885,-137.911352,0.050000
8886,-125.158949,0.050000
8887,-133.074039,0.050000
8888,-147.343374,0.050000
8889,-114.188126,0.050000
8890,-150.520366,0.050000
8891,-163.528820,0.050000
8892,-228.467694,0.050000
8893,-196.860973,0.050000
8894,-155.333928,0.050000
8895,-190.027611,0.050000
8896,-200.099596,0.050000
8897,-224.410947,0.050000
8898,-168.459519,0.050000
8899,-128.020311,0.050000
8900,-140.996307,0.050000
8901,-162.847288,0.050000
8902,-156.751096,0.050000
8903,-139.890814,0.050000
8904,-154.964658,0.050000
8905,-207.618970,0.050000
8906,-91.121825,0.050000
8907,-225.739805,0.050000
8908,-139.423607,0.050000
8909,-138.279011,0.050000
8910,-87.771102,0.050000
8911,-161.311574,0.050000
8912,-99.073057,0.050000
8913,-185.614504,0.050000
8914,-178.484961,0.050000
8915,-172.487019,0.050000
8916,-165.986408,0.050000
8917,-180.089235,0.050000
8918,-161.533442,0.050000
8919,-130.772154,0.050000
8920,-166.229108,0.050000
8921,-170.056105,0.050000
8922,-53.239112,0.050000
8923,-231.460476,0.050000
8924,-230.759817,0.050000
8925,-200.582222,0.050000
8926,-237.641163,0.050000
8927,-186.365723,0.050000
8928,-123.832680,0.050000
8929,-222.289941,0.050000
8930,-193.548239,0.050000
8931,-186.957716,0.050000
8932,-194.543641,0.050000
8933,-189.070916,0.050000
8934,-222.514346,0.050000
8935,-229.446280,0.050000
8936,-192.524362,0.050000
8937,-194.909866,0.050000
8938,-176.131502,0.050000
8939,-210.330080,0.050000
8940,-186.669366,0.050000
8941,-223.050499,0.050000
8942,-195.941061,0.050000
8943,-202.116428,0.050000
8944,-137.367209,0.050000
8945,-236.958783,0.050000
8946,-165.809016,0.050000
8947,-153.182147,0.050000
8948,-201.574092,0.050000
8949,-175.152073,0.050000
8950,-169.110691,0.050000
8951,-150.854681,0.050000
8952,-166.274232,0.050000
8953,-267.640077,0.050000
8954,-154.699323,0.050000
8955,-122.856493,0.050000
8956,-221.399499,0.050000
8957,-127.503464,0.050000
8958,-219.527317,0.050000
8959,-165.475489,0.050000
8960,-151.931518,0.050000
8961,-143.358713,0.050000
8962,-145.923306,0.050000
8963,-144.410975,0.050000
8964,-129.420112,0.050000
8965,-164.437288,0.050000
8966,-165.352994,0.050000
8967,-126.944664,0.050000
8968,-168.941971,0.050000
8969,-158.376649,0.050000
8970,-179.706234,0.050000
8971,-120.698128,0.050000
8972,-151.894854,0.050000
8973,-141.166627,0.050000
8974,-141.601198,0.050000
8975,-166.855863,0.050000
8976,-134.771118,0.050000
8977,-150.936376,0.050000
8978,-112.683421,0.050000
8979,-127.781204,0.050000
8980,-168.289857,0.050000
8981,-182.067793,0.050000
8982,-203.167361,0.050000
8983,-123.619640,0.050000
8984,-102.314315,0.050000
8985,-205.657428,0.050000
8986,-140.631694,0.050000
8987,-152.118326,0.050000
8988,-117.238809,0.050000
8989,-175.354297,0.050000
8990,-166.139885,0.050000
8991,-177.796780,0.050000
8992,-164.347755,0.050000
8993,-161.910228,0.050000
8994,-147.337362,0.050000
8995,-170.686272,0.050000
8996,-159.015072,0.050000
8997,-121.226489,0.050000
8998,-133.611542,0.050000
8999,-139.781144,0.050000
9000,-188.531026,0.050000
9001,-143.468620,0.050000
9002,-94.175343,0.050000
9003,-129.904927,0.050000
9004,-178.559850,0.050000
9005,-204.255434,0.050000
9006,-141.493626,0.050000
9007,-107.579120,0.050000
9008,-167.684604,0.050000
9009,-110.908713,0.050000
9010,-156.570362,0.050000
9011,-181.252285,0.050000
9012,-112.822569,0.050000
9013,-75.472300,0.050000
9014,-113.741686,0.050000
9015,-152.694265,0.050000
9016,-196.922904,0.050000
9017,-147.827773,0.050000
9018,-132.974066,0.050000
9019,-125.419964,0.050000
9020,-75.054330,0.050000
9021,-123.468493,0.050000
9022,-108.358389,0.050000
9023,-100.637715,0.050000
9024,-126.130486,0.050000
9025,-226.525316,0.050000
9026,-111.706815,0.050000
9027,-168.459019,0.050000
9028,-129.681129,0.050000
9029,-125.217176,0.050000
9030,-173.074131,0.050000
9031,-155.161630,0.050000
9032,-119.866509,0.050000
9033,-104.987613,0.050000
9034,-119.183662,0.050000
9035,-80.443664,0.050000
9036,-108.874790,0.050000
9037,-166.426683,0.050000
9038,-218.912764,0.050000
9039,-119.431907,0.050000
9040,-144.081572,0.050000
9041,-135.474459,0.050000
9042,-114.976016,0.050000
9043,-190.530996,0.050000
9044,-142.115190,0.050000
9045,-194.544699,0.050000
9046,-162.278752,0.050000
9047,-170.427123,0.050000
9048,-133.375347,0.050000
9049,-120.723957,0.050000
9050,-131.212503,0.050000
9051,-142.694802,0.050000
9052,-152.931799,0.050000
9053,-194.944043,0.050000
9054,-85.550708,0.050000
9055,-154.720478,0.050000
9056,-103.010158,0.050000
9057,-158.375909,0.050000
9058,-80.181777,0.050000
9059,-100.682930,0.050000
9060,-238.792944,0.050000
9061,-150.525914,0.050000
9062,-137.122352,0.050000
9063,-115.496201,0.050000
9064,-86.188638,0.050000
9065,-166.073493,0.050000
9066,-111.454454,0.050000
9067,-134.642044,0.050000
9068,-116.634585,0.050000
9069,-203.616894,0.050000
9070,-112.085281,0.050000
9071,-150.409736,0.050000
9072,-148.347658,0.050000
9073,-201.629912,0.050000
9074,-47.360209,0.050000
9075,-154.782472,0.050000
9076,-193.235601,0.050000
9077,-146.688881,0.050000
9078,-187.397462,0.050000
9079,-126.871293,0.050000
9080,-186.942656,0.050000
9081,-144.942053,0.050000
9082,-148.333633,0.050000
9083,-155.659402,0.050000
9084,-76.209991,0.050000
9085,-101.628487,0.050000
9086,-164.213465,0.050000
9087,-188.746983,0.050000
9088,-62.243637,0.050000
9089,-154.138244,0.050000
9090,-167.447064,0.050000
9091,-100.973883,0.050000
9092,-153.866568,0.050000
9093,-137.454686,0.050000
9094,-99.978952,0.050000
9095,-239.588440,0.050000
9096,-182.932862,0.050000
9097,-158.570858,0.050000
9098,-154.561063,0.050000
9099,-187.449764,0.050000
9100,-182.324807,0.050000
9101,-136.882090,0.050000
9102,-194.097845,0.050000
9103,-83.939804,0.050000
9104,-221.100924,0.050000
9105,-170.595257,0.050000
9106,-176.518076,0.050000
9107,-140.671111,0.050000
9108,-143.445677,0.050000
9109,-125.051968,0.050000
9110,-74.305887,0.050000
9111,-174.078635,0.050000
9112,-141.146620,0.050000
9113,-152.201868,0.050000
9114,-170.880090,0.050000
9115,-118.092070,0.050000
9116,-186.325126,0.050000
9117,-200.487531,0.050000
9118,-117.406890,0.050000
9119,-133.688464,0.050000
9120,-111.965524,0.050000
9121,-180.019221,0.050000
9122,-137.409595,0.050000
9123,-149.701863,0.050000
9124,-149.734501,0.050000
9125,-194.133013,0.050000
9126,-115.862550,0.050000
9127,-123.385140,0.050000
9128,-203.870907,0.050000
9129,-181.625513,0.050000
9130,-96.128350,0.050000
9131,-154.422495,0.050000
9132,-127.955869,0.050000
9133,-109.965620,0.050000
9134,-180.391337,0.050000
9135,-184.516714,0.050000
9136,-206.989828,0.050000
9137,-168.595769,0.050000
9138,-89.364512,0.050000
9139,-148.302192,0.050000
9140,-160.697443,0.050000
9141,-198.595102,0.050000
9142,-155.500273,0.050000
9143,-115.406475,0.050000
9144,-95.632456,0.050000
9145,-122.850758,0.050000
9146,-134.003788,0.050000
9147,-156.400795,0.050000
9148,-139.101274,0.050000
9149,-156.389914,0.050000
9150,-115.296306,0.050000
9151,-173.193362,0.050000
9152,-172.419725,0.050000
9153,-196.041126,0.050000
9154,-112.247279,0.050000
9155,-162.022338,0.050000
9156,-171.236285,0.050000
9157,-167.446731,0.050000
9158,-130.509757,0.050000
9159,-187.890034,0.050000
9160,-231.943155,0.050000
9161,-175.492663,0.050000
9162,-138.031754,0.050000
9163,-155.244610,0.050000
9164,-111.857034,0.050000
9165,-101.836313,0.050000
9166,-148.010953,0.050000
9167,-50.145191,0.050000
9168,-154.202552,0.050000
9169,-101.317645,0.050000
9170,-133.370233,0.050000
9171,-140.780071,0.050000
9172,-138.148423,0.050000
9173,-112.715939,0.050000
9174,-209.129937,0.050000
9175,-101.786724,0.050000
9176,-138.842915,0.050000
9177,-113.327857,0.050000
9178,-120.601900,0.050000
9179,-164.432300,0.050000
9180,-173.261590,0.050000
9181,-142.932789,0.050000
9182,-39.279534,0.050000
9183,-105.904927,0.050000
9184,-74.866790,0.050000
9185,-109.959176,0.050000
9186,-142.951827,0.050000
9187,-154.221984,0.050000
9188,-121.877816,0.050000
9189,-94.489191,0.050000
9190,-152.536532,0.050000
9191,-159.164078,0.050000
9192,-136.566432,0.050000
9193,-138.406069,0.050000
9194,-92.638491,0.050000
9195,-194.542655,0.050000
9196,-108.237615,0.050000
9197,-151.985336,0.050000
9198,-105.786756,0.050000
9199,-195.888234,0.050000
9200,-139.884072,0.050000
9201,-140.286779,0.050000
9202,-120.435415,0.050000
9203,-102.679505,0.050000
9204,-144.409280,0.050000
9205,-82.972285,0.050000
9206,-173.500650,0.050000
9207,-143.773529,0.050000
9208,-134.960518,0.050000
9209,-151.522651,0.050000
9210,-149.235530,0.050000
9211,-134.370452,0.050000
9212,-131.936746,0.050000
9213,-134.843738,0.050000
9214,-128.385347,0.050000
9215,-162.319752,0.050000
9216,-148.923109,0.050000
9217,-180.216034,0.050000
9218,-191.712408,0.050000
9219,-96.291294,0.050000
9220,-141.933668,0.050000
9221,-109.172616,0.050000
9222,-111.093911,0.050000
9223,-124.178076,0.050000
9224,-109.884500,0.050000
9225,-140.415315,0.050000
9226,-161.931022,0.050000
9227,-132.150455,0.050000
9228,-140.702483,0.050000
9229,-231.540401,0.050000
9230,-175.632970,0.050000
9231,-167.353626,0.050000
9232,-157.505672,0.050000
9233,-127.062709,0.050000
9234,-161.311000,0.050000
9235,-171.449265,0.050000
9236,-131.782684,0.050000
9237,-170.644252,0.050000
9238,-98.421848,0.050000
9239,-120.772448,0.050000
9240,-77.444331,0.050000
9241,-194.444616,0.050000
9242,-95.724621,0.050000
9243,-170.305616,0.050000
9244,-173.571865,0.050000
9245,-122.837166,0.050000
9246,-160.673900,0.050000
9247,-140.401794,0.050000
9248,-206.015999,0.050000
9249,-174.840787,0.050000
9250,-244.752729,0.050000
9251,-175.947235,0.050000
9252,-83.869576,0.050000
9253,-140.475095,0.050000
9254,-133.960134,0.050000
9255,-156.436035,0.050000
9256,-167.589848,0.050000
9257,-161.277929,0.050000
9258,-114.300696,0.050000
9259,-80.163409,0.050000
9260,-220.237633,0.050000
9261,-238.830372,0.050000
9262,-141.692743,0.050000
9263,-98.805154,0.050000
9264,-135.060810,0.050000
9265,-155.419486,0.050000
9266,-150.577763,0.050000
9267,-173.731106,0.050000
9268,-156.122178,0.050000
9269,-113.274371,0.050000
9270,-114.042699,0.050000
9271,-178.217911,0.050000
9272,-210.067008,0.050000
9273,-156.571959,0.050000
9274,-83.895702,0.050000
9275,-146.637344,0.050000
9276,-221.512401,0.050000
9277,-134.000741,0.050000
9278,-176.814187,0.050000
9279,-169.351157,0.050000
9280,-203.519528,0.050000
9281,-148.582831,0.050000
9282,-189.291749,0.050000
9283,-113.995519,0.050000
9284,-130.844707,0.050000
9285,-218.142588,0.050000
9286,-215.851547,0.050000
9287,-122.332617,0.050000
9288,-126.695608,0.050000
9289,-226.474060,0.050000
9290,-98.832717,0.050000
9291,-271.928109,0.050000
9292,-173.839781,0.050000
9293,-158.021976,0.050000
9294,-87.626787,0.050000
9295,-191.118483,0.050000
9296,-186.453262,0.050000
9297,-213.783500,0.050000
9298,-142.987070,0.050000
9299,-102.090839,0.050000
9300,-234.636089,0.050000
9301,-172.837875,0.050000
9302,-238.632514,0.050000
9303,-206.632003,0.050000
9304,-118.765449,0.050000
9305,-143.828072,0.050000
9306,-218.317525,0.050000
9307,-152.435990,0.050000
9308,-172.999251,0.050000
9309,-129.554657,0.050000
9310,-171.458955,0.050000
9311,-109.781463,0.050000
9312,-140.453183,0.050000
9313,-129.438742,0.050000
9314,-121.378589,0.050000
9315,-224.602339,0.050000
9316,-96.524672,0.050000
9317,-78.212311,0.050000
9318,-147.374925,0.050000
9319,-142.763307,0.050000
9320,-197.398844,0.050000
9321,-165.139856,0.050000
9322,-154.214139,0.050000
9323,-165.063357,0.050000
9324,-165.206024,0.050000
9325,-151.121168,0.050000
9326,-146.000930,0.050000
9327,-200.955981,0.050000
9328,-203.610019,0.050000
9329,-190.016776,0.050000
9330,-172.508193,0.050000
9331,-244.111683,0.050000
9332,-223.198083,0.050000
9333,-223.244280,0.050000
9334,-105.837598,0.050000
9335,-213.223822,0.050000
9336,-124.686699,0.050000
9337,-144.528977,0.050000
9338,-103.006902,0.050000
9339,-170.378039,0.050000
9340,-177.087096,0.050000
9341,-115.945552,0.050000
9342,-171.929166,0.050000
9343,-121.198429,0.050000
9344,-122.404210,0.050000
9345,-183.525143,0.050000
9346,-154.582744,0.050000
9347,-166.761563,0.050000
9348,-191.747323,0.050000
9349,-214.722925,0.050000
9350,-156.566856,0.050000
9351,-185.391112,0.050000
9352,-213.225004,0.050000
9353,-140.338914,0.050000
9354,-105.983214,0.050000
9355,-162.976740,0.050000
9356,-173.569884,0.050000
9357,-187.604922,0.050000
9358,-115.877627,0.050000
9359,-220.629589,0.050000
9360,-168.197472,0.050000
9361,-163.873906,0.050000
9362,-166.966540,0.050000
9363,-162.362632,0.050000
9364,-155.235265,0.050000
9365,-205.928567,0.050000
9366,-201.947940,0.050000
9367,-134.579024,0.050000
9368,-128.484516,0.050000
9369,-163.111754,0.050000
9370,-79.813191,0.050000
9371,-166.346932,0.050000
9372,-172.781673,0.050000
9373,-139.459409,0.050000
9374,-205.165118,0.050000
9375,-172.121847,0.050000
9376,-163.760703,0.050000
9377,-215.699825,0.050000
9378,-163.092850,0.050000
9379,-178.987662,0.050000
9380,-182.884251,0.050000
9381,-160.610248,0.050000
9382,-107.347759,0.050000
9383,-167.840459,0.050000
9384,-125.601740,0.050000
9385,-182.662659,0.050000
9386,-99.671259,0.050000
9387,-225.193968,0.050000
9388,-83.392399,0.050000
9389,-133.456236,0.050000
9390,-147.592861,0.050000
9391,-175.124172,0.050000
9392,-198.337139,0.050000
9393,-157.647765,0.050000
9394,-112.858417,0.050000
9395,-167.980712,0.050000
9396,-116.611512,0.050000
9397,-176.348434,0.050000
9398,-173.902643,0.050000
9399,-128.837203,0.050000
9400,-114.054275,0.050000
9401,-141.492891,0.050000
9402,-114.230312,0.050000
9403,-149.376464,0.050000
9404,-178.557552,0.050000
9405,-112.109059,0.050000
9406,-164.674946,0.050000
9407,-162.694879,0.050000
9408,-168.688301,0.050000
9409,-155.533945,0.050000
9410,-157.785799,0.050000
9411,-159.343098,0.050000
9412,-159.893259,0.050000
9413,-168.264613,0.050000
9414,-96.620681,0.050000
9415,-125.896551,0.050000
9416,-181.786080,0.050000
9417,-138.504018,0.050000
9418,-137.522196,0.050000
9419,-174.459231,0.050000
9420,-162.530169,0.050000
9421,-180.994481,0.050000
9422,-163.975365,0.050000
9423,-159.560752,0.050000
9424,-99.608774,0.050000
9425,-88.781871,0.050000
9426,-149.879155,0.050000
9427,-195.723429,0.050000
9428,-116.470851,0.050000
9429,-154.248040,0.050000
9430,-151.044923,0.050000
9431,-112.530006,0.050000
9432,-134.199371,0.050000
9433,-140.136448,0.050000
9434,-168.520482,0.050000
9435,-124.985358,0.050000
9436,-110.814920,0.050000
9437,-92.440214,0.050000
9438,-181.144775,0.050000
9439,-106.921310,0.050000
9440,-138.915409,0.050000
9441,-156.303413,0.050000
9442,-140.441691,0.050000
9443,-127.883288,0.050000
9444,-148.991067,0.050000
9445,-208.399587,0.050000
9446,-176.309123,0.050000
9447,-115.296266,0.050000
9448,-63.174452,0.050000
9449,-121.689969,0.050000
9450,-172.579755,0.050000
9451,-57.019371,0.050000
9452,-181.790387,0.050000
9453,-148.548580,0.050000
9454,-138.589590,0.050000
9455,-125.011399,0.050000
9456,-136.727861,0.050000
9457,-134.758187,0.050000
9458,-153.482262,0.050000
9459,-135.679530,0.050000
9460,-161.280280,0.050000
9461,-175.027457,0.050000
9462,-45.505115,0.050000
9463,-169.650875,0.050000
9464,-108.915728,0.050000
9465,-151.371483,0.050000
9466,-182.171216,0.050000
9467,-170.274722,0.050000
9468,-170.747718,0.050000
9469,-190.622264,0.050000
9470,-127.674906,0.050000
9471,-114.786455,0.050000
9472,-142.861817,0.050000
9473,-149.979676,0.050000
9474,-132.502159,0.050000
9475,-119.083341,0.050000
9476,-151.485630,0.050000
9477,-145.494553,0.050000
9478,-161.491514,0.050000
9479,-223.840721,0.050000
9480,-156.229402,0.050000
9481,-192.084863,0.050000
9482,-199.301152,0.050000
9483,-185.919065,0.050000
9484,-164.383343,0.050000
9485,-113.304081,0.050000
9486,-189.668352,0.050000
9487,-181.020417,0.050000
9488,-158.145519,0.050000
9489,-182.984580,0.050000
9490,-161.987653,0.050000
9491,-144.492148,0.050000
9492,-135.350828,0.050000
9493,-172.488528,0.050000
9494,-98.784177,0.050000
9495,-175.809554,0.050000
9496,-144.199003,0.050000
9497,-109.753082,0.050000
9498,-189.528534,0.050000
9499,-141.349289,0.050000
9500,-69.924446,0.050000
9501,-122.348438,0.050000
9502,-159.213751,0.050000
9503,-154.316402,0.050000
9504,-136.570145,0.050000
9505,-122.245999,0.050000
9506,-140.512782,0.050000
9507,-118.913065,0.050000
9508,-200.660959,0.050000
9509,-171.614494,0.050000
9510,-83.671425,0.050000
9511,-139.784438,0.050000
9512,-121.365022,0.050000
9513,-165.282829,0.050000
9514,-130.502543,0.050000
9515,-166.310837,0.050000
9516,-126.642456,0.050000
9517,-87.926784,0.050000
9518,-174.180557,0.050000
9519,-182.058801,0.050000
9520,-168.561800,0.050000
9521,-176.392482,0.050000
9522,-93.553998,0.050000
9523,-154.958142,0.050000
9524,-163.136929,0.050000
9525,-100.641328,0.050000
9526,-125.747757,0.050000
9527,-171.868779,0.050000
9528,-175.620650,0.050000
9529,-131.997702,0.050000
9530,-130.248018,0.050000
9531,-161.617229,0.050000
9532,-223.189719,0.050000
9533,-162.104892,0.050000
9534,-166.989144,0.050000
9535,-123.299335,0.050000
9536,-136.017178,0.050000
9537,-178.902447,0.050000
9538,-114.738901,0.050000
9539,-108.617658,0.050000
9540,-122.174490,0.050000
9541,-158.077844,0.050000
9542,-62.230259,0.050000
9543,-89.479629,0.050000
9544,-206.888671,0.050000
9545,-91.823177,0.050000
9546,-128.546974,0.050000
9547,-121.685336,0.050000
9548,-171.631749,0.050000
9549,-146.157382,0.050000
9550,-136.808917,0.050000
9551,-8.403964,0.050000
9552,-88.653170,0.050000
9553,-129.595725,0.050000
9554,-160.882789,0.050000
9555,-169.444934,0.050000
9556,-37.047347,0.050000
9557,-143.631813,0.050000
9558,-92.249670,0.050000
9559,-175.550632,0.050000
9560,-182.846295,0.050000
9561,-181.622947,0.050000
9562,-238.196678,0.050000
9563,-149.681265,0.050000
9564,-119.127534,0.050000
9565,-206.600394,0.050000
9566,-34.754109,0.050000
9567,-132.253228,0.050000
9568,-129.677351,0.050000
9569,-146.914227,0.050000
9570,-122.062200,0.050000
9571,-131.269725,0.050000
9572,-144.900262,0.050000
9573,-153.940215,0.050000
9574,-79.394556,0.050000
9575,-142.435457,0.050000
9576,-87.484823,0.050000
9577,-119.373224,0.050000
9578,-220.962847,0.050000
9579,-137.625925,0.050000
9580,-104.969748,0.050000
9581,-160.900591,0.050000
9582,-166.842323,0.050000
9583,-132.422235,0.050000
9584,-210.287221,0.050000
9585,-161.742455,0.050000
9586,-127.384892,0.050000
9587,-183.419712,0.050000
9588,-193.256952,0.050000
9589,-180.962528,0.050000
9590,-155.360371,0.050000
9591,-129.807373,0.050000
9592,-92.855513,0.050000
9593,-63.795406,0.050000
9594,-115.609106,0.050000
9595,-157.825162,0.050000
9596,-142.655018,0.050000
9597,-272.936634,0.050000
9598,-197.774846,0.050000
9599,-174.176219,0.050000
9600,-274.152517,0.050000
9601,-155.987705,0.050000
9602,-169.211779,0.050000
9603,-161.267753,0.050000
9604,-126.287150,0.050000
9605,-109.426409,0.050000
9606,-193.801718,0.050000
9607,-75.983846,0.050000
9608,-188.912105,0.050000
9609,-216.946596,0.050000
9610,-90.586374,0.050000
9611,-148.192536,0.050000
9612,-195.353430,0.050000
9613,-111.012835,0.050000
9614,-206.663435,0.050000
9615,-159.364846,0.050000
9616,-94.814004,0.050000
9617,-75.440316,0.050000
9618,-171.027786,0.050000
9619,-129.906331,0.050000
9620,-143.727621,0.050000
9621,-214.520838,0.050000
9622,-190.544527,0.050000
9623,-146.580596,0.050000
9624,-103.188245,0.050000
9625,-163.242950,0.050000
9626,-172.380808,0.050000
9627,-110.469131,0.050000
9628,-103.591613,0.050000
9629,-119.254294,0.050000
9630,-155.433289,0.050000
9631,-136.476078,0.050000
9632,-103.731191,0.050000
9633,-171.669821,0.050000
9634,-152.303483,0.050000
9635,-130.550336,0.050000
9636,-132.879949,0.050000
9637,-99.579345,0.050000
9638,-147.974330,0.050000
9639,-154.729533,0.050000
9640,-144.711193,0.050000
9641,-152.816237,0.050000
9642,-3.079312,0.050000
9643,-164.213528,0.050000
9644,-188.511897,0.050000
9645,-119.505409,0.050000
9646,-90.276699,0.050000
9647,-60.478014,0.050000
9648,-198.113842,0.050000
9649,-97.797862,0.050000
9650,-130.932979,0.050000
9651,-53.789704,0.050000
9652,-187.857056,0.050000
9653,-140.271942,0.050000
9654,-121.679251,0.050000
9655,-155.609887,0.050000
9656,-103.798461,0.050000
9657,-82.895599,0.050000
9658,-130.262667,0.050000
9659,-118.125838,0.050000
9660,-166.814808,0.050000
9661,-184.130312,0.050000
9662,-163.198175,0.050000
9663,-159.950179,0.050000
9664,-178.106061,0.050000
9665,-83.587191,0.050000
9666,-56.177915,0.050000
9667,-101.973724,0.050000
9668,-173.495835,0.050000
9669,-171.947933,0.050000
9670,-56.552495,0.050000
9671,-147.049420,0.050000
9672,-166.963696,0.050000
9673,-195.395840,0.050000
9674,-119.155924,0.050000
9675,-236.385769,0.050000
9676,-135.780400,0.050000
9677,-144.117174,0.050000
9678,-211.646745,0.050000
9679,-213.912590,0.050000
9680,-134.680654,0.050000
9681,-145.212593,0.050000
9682,-75.127222,0.050000
9683,-129.089199,0.050000
9684,-229.743466,0.050000
9685,-173.581860,0.050000
9686,-140.638374,0.050000
9687,-171.006354,0.050000
9688,-249.472867,0.050000
9689,-152.689898,0.050000
9690,-105.448875,0.050000
9691,-96.547005,0.050000
9692,-106.934235,0.050000
9693,-164.401259,0.050000
9694,-196.159239,0.050000
9695,-164.029745,0.050000
9696,-120.546664,0.050000
9697,-161.399398,0.050000
9698,-120.583940,0.050000
9699,-206.496232,0.050000
9700,-123.139414,0.050000
9701,-174.022158,0.050000
9702,-240.820145,0.050000
9703,-228.837931,0.050000
9704,-162.532556,0.050000
9705,-137.202705,0.050000
9706,-220.551864,0.050000
9707,-197.880938,0.050000
9708,-198.424044,0.050000
9709,-116.311587,0.050000
9710,-203.350541,0.050000
9711,-207.778315,0.050000
9712,-103.430288,0.050000
9713,-156.177338,0.050000
9714,-127.587080,0.050000
9715,-134.652019,0.050000
9716,-145.423783,0.050000
9717,-176.880354,0.050000
9718,-170.816234,0.050000
9719,-210.657182,0.050000
9720,-63.375252,0.050000
9721,-160.377110,0.050000
9722,-150.686041,0.050000
9723,-193.326592,0.050000
9724,-145.630710,0.050000
9725,-105.206798,0.050000
9726,-186.884709,0.050000
9727,-191.393228,0.050000
9728,-164.040081,0.050000
9729,-189.587572,0.050000
9730,-181.393806,0.050000
9731,-130.536070,0.050000
9732,-201.122753,0.050000
9733,-194.756399,0.050000
9734,-163.686831,0.050000
9735,-131.020492,0.050000
9736,-180.410659,0.050000
9737,-175.664449,0.050000
9738,-130.315006,0.050000
9739,-156.838009,0.050000
9740,-151.020169,0.050000
9741,-109.990741,0.050000
9742,-182.718385,0.050000
9743,-151.516193,0.050000
9744,-154.729370,0.050000
9745,-240.678957,0.050000
9746,-143.660479,0.050000
9747,-84.585258,0.050000
9748,-124.296200,0.050000
9749,-160.039943,0.050000
9750,-202.903935,0.050000
9751,-82.303400,0.050000
9752,-144.500825,0.050000
9753,-227.081636,0.050000
9754,-177.251023,0.050000
9755,-138.918527,0.050000
9756,-168.865686,0.050000
9757,-160.274668,0.050000
9758,-101.918008,0.050000
9759,-84.214670,0.050000
9760,-236.036673,0.050000
9761,-164.772844,0.050000
9762,-174.094283,0.050000
9763,-144.909430,0.050000
9764,-133.975642,0.050000
9765,-147.669250,0.050000
9766,-182.147795,0.050000
9767,-150.863790,0.050000
9768,-148.926823,0.050000
9769,-187.077025,0.050000
9770,-77.365392,0.050000
9771,-174.572965,0.050000
9772,-144.681854,0.050000
9773,-172.202830,0.050000
9774,-143.349448,0.050000
9775,-130.419447,0.050000
9776,-121.671954,0.050000
9777,-145.221322,0.050000
9778,-167.747363,0.050000
9779,-161.576107,0.050000
9780,-115.554259,0.050000
9781,-74.167676,0.050000
9782,-146.748028,0.050000
9783,-206.751726,0.050000
9784,-153.122380,0.050000
9785,-133.739112,0.050000
9786,-153.945158,0.050000
9787,-121.214780,0.050000
9788,-139.469298,0.050000
9789,-149.358667,0.050000
9790,-121.881480,0.050000
9791,-151.349497,0.050000
9792,-125.073342,0.050000
9793,-106.716737,0.050000
9794,-161.130544,0.050000
9795,-167.918060,0.050000
9796,-138.988922,0.050000
9797,-137.493049,0.050000
9798,-94.265776,0.050000
9799,-159.780272,0.050000
9800,-89.932807,0.050000
9801,-187.420078,0.050000
9802,-113.066843,0.050000
9803,-122.240598,0.050000
9804,-135.145225,0.050000
9805,-70.164826,0.050000
9806,-193.254233,0.050000
9807,-182.855983,0.050000
9808,-121.531231,0.050000
9809,-106.228503,0.050000
9810,-131.157003,0.050000
9811,-96.232323,0.050000
9812,-191.614702,0.050000
9813,-164.980681,0.050000
9814,-160.349566,0.050000
9815,-196.749946,0.050000
9816,-126.118158,0.050000
9817,-161.301349,0.050000
9818,-133.882221,0.050000
9819,-103.681855,0.050000
9820,-189.704417,0.050000
9821,-97.809677,0.050000
9822,-202.949161,0.050000
9823,-124.958906,0.050000
9824,-108.022768,0.050000
9825,-95.132856,0.050000
9826,-166.313171,0.050000
9827,-129.069514,0.050000
9828,-115.439732,0.050000
9829,-182.834816,0.050000
9830,-205.062394,0.050000
9831,-194.233525,0.050000
9832,-117.136879,0.050000
9833,-152.428272,0.050000
9834,-178.431567,0.050000
9835,-129.458621,0.050000
9836,-139.608935,0.050000
9837,-131.174381,0.050000
9838,-180.301039,0.050000
9839,-168.325532,0.050000
9840,-127.250896,0.050000
9841,-186.166612,0.050000
9842,-144.769804,0.050000
9843,-160.316099,0.050000
9844,-147.833751,0.050000
9845,-151.895140,0.050000
9846,-138.272461,0.050000
9847,-129.621795,0.050000
9848,-196.071546,0.050000
9849,-136.934705,0.050000
9850,-208.692186,0.050000
9851,-148.333648,0.050000
9852,-138.187316,0.050000
9853,-161.413692,0.050000
9854,-157.859373,0.050000
9855,-191.744413,0.050000
9856,-159.417974,0.050000
9857,-138.179172,0.050000
9858,-167.674217,0.050000
9859,-157.390550,0.050000
9860,-171.606568,0.050000
9861,-235.922444,0.050000
9862,-199.042830,0.050000
9863,-100.964761,0.050000
9864,-119.742966,0.050000
9865,-123.391451,0.050000
9866,-189.181565,0.050000
9867,-134.971173,0.050000
9868,-206.080454,0.050000
9869,-161.736153,0.050000
9870,-133.259961,0.050000
9871,-186.452830,0.050000
9872,-199.705543,0.050000
9873,-131.747995,0.050000
9874,-160.925222,0.050000
9875,-117.264282,0.050000
9876,-182.307517,0.050000
9877,-139.371704,0.050000
9878,-167.467220,0.050000
9879,-197.124532,0.050000
9880,-205.045862,0.050000
9881,-155.642058,0.050000
9882,-105.422855,0.050000
9883,-191.737456,0.050000
9884,-180.703629,0.050000
9885,-203.338704,0.050000
9886,-180.454464,0.050000
9887,-239.296127,0.050000
9888,-206.400164,0.050000
9889,-206.164760,0.050000
9890,-198.417251,0.050000
9891,-184.682383,0.050000
9892,-192.581982,0.050000
9893,-148.881275,0.050000
9894,-159.695778,0.050000
9895,-203.687607,0.050000
9896,-69.942566,0.050000
9897,-129.822321,0.050000
9898,-119.825561,0.050000
9899,-124.783362,0.050000
9900,-211.725676,0.050000
9901,-138.255427,0.050000
9902,-161.530867,0.050000
9903,-137.384913,0.050000
9904,-131.047984,0.050000
9905,-174.374937,0.050000
9906,-181.517261,0.050000
9907,-201.914031,0.050000
9908,-101.242234,0.050000
9909,-155.906568,0.050000
9910,-136.985762,0.050000
9911,-152.123454,0.050000
9912,-132.383365,0.050000
9913,-177.664595,0.050000
9914,-171.169081,0.050000
9915,-135.162462,0.050000
9916,-161.376065,0.050000
9917,-60.486875,0.050000
9918,-166.471381,0.050000
9919,-204.364742,0.050000
9920,-222.214021,0.050000
9921,-97.737918,0.050000
9922,-215.865714,0.050000
9923,-162.948082,0.050000
9924,-186.713736,0.050000
9925,-152.069097,0.050000
9926,-134.646942,0.050000
9927,-70.170541,0.050000
9928,-224.112699,0.050000
9929,-146.540129,0.050000
9930,-186.590247,0.050000
9931,-149.695215,0.050000
9932,-143.683031,0.050000
9933,-153.219536,0.050000
9934,-189.944305,0.050000
9935,-150.201396,0.050000
9936,-210.686772,0.050000
9937,-191.890929,0.050000
9938,-204.103702,0.050000
9939,-155.231248,0.050000
9940,-201.385987,0.050000
9941,-123.616051,0.050000
9942,-147.190266,0.050000
9943,-121.219874,0.050000
9944,-112.274972,0.050000
9945,-205.332277,0.050000
9946,-157.389821,0.050000
9947,-139.643606,0.050000
9948,-202.510141,0.050000
9949,-170.256770,0.050000
9950,-70.253234,0.050000
9951,-164.112602,0.050000
9952,-178.462410,0.050000
9953,-148.535005,0.050000
9954,-199.284801,0.050000
9955,-165.518641,0.050000
9956,-136.211600,0.050000
9957,-174.197467,0.050000
9958,-145.263943,0.050000
9959,-193.155342,0.050000
9960,-121.385181,0.050000
9961,-140.449371,0.050000
9962,-104.600393,0.050000
9963,-182.598612,0.050000
9964,-178.641647,0.050000
9965,-198.802543,0.050000
9966,-225.075113,0.050000
9967,-122.762228,0.050000
9968,-226.819459,0.050000
9969,-217.384216,0.050000
9970,-236.209472,0.050000
9971,-158.620048,0.050000
9972,-100.840904,0.050000
9973,-146.935297,0.050000
9974,-163.605221,0.050000
9975,-195.561264,0.050000
9976,-112.598784,0.050000
9977,-143.253068,0.050000
9978,-212.715281,0.050000
9979,-141.693322,0.050000
9980,-176.179187,0.050000
9981,-192.182042,0.050000
9982,-130.273776,0.050000
9983,-171.449499,0.050000
9984,-203.301810,0.050000
9985,-149.861469,0.050000
9986,-178.024138,0.050000
9987,-202.093003,0.050000
9988,-127.572088,0.050000
9989,-282.282330,0.050000
9990,-268.205043,0.050000
9991,-188.046484,0.050000
9992,-123.310440,0.050000
9993,-183.952068,0.050000
9994,-160.860009,0.050000
9995,-172.778496,0.050000
9996,-132.659945,0.050000
9997,-152.171937,0.050000
9998,-209.790215,0.050000
9999,-168.033495,0.050000
10000,-86.856216,0.050000
10001,-175.986334,0.050000
10002,-161.505703,0.050000
10003,-149.676721,0.050000
10004,-135.075908,0.050000
10005,-148.101292,0.050000
10006,-146.631997,0.050000
10007,-281.476893,0.050000
10008,-192.413950,0.050000
10009,-128.195883,0.050000
10010,-129.874027,0.050000
10011,-122.207847,0.050000
10012,-134.180707,0.050000
10013,-189.049771,0.050000
10014,-115.293767,0.050000
10015,-122.609179,0.050000
10016,-76.214226,0.050000
10017,-122.971616,0.050000
10018,-115.635190,0.050000
10019,-155.819329,0.050000
10020,-114.206692,0.050000
10021,-121.559080,0.050000
10022,-229.509105,0.050000
10023,-229.755630,0.050000
10024,-129.214306,0.050000
10025,-69.544428,0.050000
10026,-116.334704,0.050000
10027,-215.207460,0.050000
10028,-51.822542,0.050000
10029,-174.397722,0.050000
10030,-144.041532,0.050000
10031,-88.669142,0.050000
10032,-169.992729,0.050000
10033,-171.649913,0.050000
10034,-124.677757,0.050000
10035,-111.377550,0.050000
10036,-131.524446,0.050000
10037,-163.776931,0.050000
10038,-72.558478,0.050000
10039,-180.729185,0.050000
10040,-132.922494,0.050000
10041,-166.941787,0.050000
10042,-146.643499,0.050000
10043,-102.013498,0.050000
10044,-189.423795,0.050000
10045,-124.387331,0.050000
10046,-77.676293,0.050000
10047,-92.004541,0.050000
10048,-199.898749,0.050000
10049,-123.206251,0.050000
10050,-142.939415,0.050000
10051,-123.955201,0.050000
10052,-112.291350,0.050000
10053,-137.187658,0.050000
10054,-133.137175,0.050000
10055,-89.097008,0.050000
10056,-139.388512,0.050000
10057,-64.756815,0.050000
10058,-217.290025,0.050000
10059,-95.223108,0.050000
10060,-90.378744,0.050000
10061,-141.713238,0.050000
10062,-110.243895,0.050000
10063,-93.515270,0.050000
10064,-99.247440,0.050000
10065,-96.054424,0.050000
10066,-166.550815,0.050000
10067,-139.159778,0.050000
10068,-142.889747,0.050000
10069,-223.575981,0.050000
10070,-107.406914,0.050000
10071,-147.318896,0.050000
10072,-84.870028,0.050000
10073,-66.352619,0.050000
10074,-157.991732,0.050000
10075,-127.014060,0.050000
10076,-62.875840,0.050000
10077,-97.466724,0.050000
10078,-192.281874,0.050000
10079,-158.439090,0.050000
10080,-175.815801,0.050000
10081,-214.781769,0.050000
10082,-138.341509,0.050000
10083,-162.392712,0.050000
10084,-127.668510,0.050000
10085,-136.024015,0.050000
10086,-178.851448,0.050000
10087,-153.628282,0.050000
10088,-89.127426,0.050000
10089,-124.616309,0.050000
10090,-124.639023,0.050000
10091,-123.133884,0.050000
10092,-119.822395,0.050000
10093,-156.893028,0.050000
10094,-167.381202,0.050000
10095,-210.087846,0.050000
10096,-195.338848,0.050000
10097,-79.286809,0.050000
10098,-137.074574,0.050000
10099,-182.774204,0.050000
10100,-181.331068,0.050000
10101,-171.528905,0.050000
10102,-174.838492,0.050000
10103,-104.256933,0.050000
10104,-100.814513,0.050000
10105,-114.201081,0.050000
10106,-136.118398,0.050000
10107,-109.895217,0.050000
10108,-109.734694,0.050000
10109,-114.880737,0.050000
10110,-149.233171,0.050000
10111,-231.089598,0.050000
10112,-102.367081,0.050000
10113,-86.052261,0.050000
10114,-158.703511,0.050000
10115,-75.489621,0.050000
10116,-74.620496,0.050000
10117,-132.015054,0.050000
10118,-117.674309,0.050000
10119,-216.782163,0.050000
10120,-138.757881,0.050000
10121,-115.769544,0.050000
10122,-113.920876,0.050000
10123,-130.760532,0.050000
10124,-86.877093,0.050000
10125,-94.913956,0.050000
10126,-135.538261,0.050000
10127,-86.114462,0.050000
10128,-195.878175,0.050000
10129,-114.931340,0.050000
10130,-227.287794,0.050000
10131,-91.543352,0.050000
10132,-170.161541,0.050000
10133,-178.063710,0.050000
10134,-101.411486,0.050000
10135,-105.662368,0.050000
10136,-98.582184,0.050000
10137,-238.339054,0.050000
10138,-203.541909,0.050000
10139,-164.925162,0.050000
10140,-133.611290,0.050000
10141,-187.044061,0.050000
10142,-215.184311,0.050000
10143,-160.286569,0.050000
10144,-118.770026,0.050000
10145,-198.427233,0.050000
10146,-153.880736,0.050000
10147,-120.280024,0.050000
10148,-137.570163,0.050000
10149,-84.294041,0.050000
10150,-132.224651,0.050000
10151,-168.367989,0.050000
10152,-175.640185,0.050000
10153,-216.060249,0.050000
10154,-212.377106,0.050000
10155,-141.583551,0.050000
10156,-203.275895,0.050000
10157,-122.503270,0.050000
10158,-225.810571,0.050000
10159,-196.899684,0.050000
10160,-141.541775,0.050000
10161,-169.845314,0.050000
10162,-182.211117,0.050000
10163,-127.926827,0.050000
10164,-185.734535,0.050000
10165,-204.058103,0.050000
10166,-198.562382,0.050000
10167,-162.142271,0.050000
10168,-72.233274,0.050000
10169,-152.535311,0.050000
10170,-143.296866,0.050000
10171,-181.761324,0.050000
10172,-136.322580,0.050000
10173,-113.249611,0.050000
10174,-164.421824,0.050000
10175,-91.732025,0.050000
10176,-138.684091,0.050000
10177,-92.836069,0.050000
10178,-195.152037,0.050000
10179,-127.030894,0.050000
10180,-130.317670,0.050000
10181,-110.480531,0.050000
10182,-141.463621,0.050000
10183,-85.870449,0.050000
10184,-223.410335,0.050000
10185,-186.672995,0.050000
10186,-189.432495,0.050000
10187,-98.181392,0.050000
10188,-89.284271,0.050000
10189,-112.806874,0.050000
10190,-107.772106,0.050000
10191,-199.232451,0.050000
10192,-112.617974,0.050000
10193,-122.707187,0.050000
10194,-81.539337,0.050000
10195,-164.985985,0.050000
10196,-109.445967,0.050000
10197,-126.950484,0.050000
10198,-117.524372,0.050000
10199,-62.690557,0.050000
10200,-157.397563,0.050000
10201,-94.490674,0.050000
10202,-138.673611,0.050000
10203,-200.990737,0.050000
10204,-143.326742,0.050000
10205,-87.420794,0.050000
10206,-200.467775,0.050000
10207,-152.472333,0.050000
10208,-152.544981,0.050000
10209,-116.346443,0.050000
10210,-103.201386,0.050000
10211,-110.985798,0.050000
10212,-87.631079,0.050000
10213,-130.560536,0.050000
10214,-105.143178,0.050000
10215,-115.025319,0.050000
10216,-147.454725,0.050000
10217,-169.642014,0.050000
10218,-139.029038,0.050000
10219,-98.240305,0.050000
10220,-104.954435,0.050000
10221,-114.846192,0.050000
10222,-123.254763,0.050000
10223,-119.762031,0.050000
10224,-180.328483,0.050000
10225,-183.876758,0.050000
10226,-170.023783,0.050000
10227,-119.063297,0.050000
10228,-128.578652,0.050000
10229,-41.862060,0.050000
10230,-148.352367,0.050000
10231,-106.158112,0.050000
10232,-84.508784,0.050000
10233,-62.509291,0.050000
10234,-129.010466,0.050000
10235,-136.831255,0.050000
10236,-154.969144,0.050000
10237,-160.043881,0.050000
10238,-221.651677,0.050000
10239,-175.744597,0.050000
10240,-108.560110,0.050000
10241,-168.201572,0.050000
10242,-171.559597,0.050000
10243,-172.210187,0.050000
10244,-166.295178,0.050000
10245,-164.985728,0.050000
10246,-112.467343,0.050000
10247,-211.042423,0.050000
10248,-136.222494,0.050000
10249,-174.583797,0.050000
10250,-160.493017,0.050000
10251,-177.586602,0.050000
10252,-176.680903,0.050000
10253,-143.046349,0.050000
10254,-195.701937,0.050000
10255,-169.782801,0.050000
10256,-153.644938,0.050000
10257,-116.418679,0.050000
10258,-144.918570,0.050000
10259,-104.002339,0.050000
10260,-161.620638,0.050000
10261,-191.948663,0.050000
10262,-130.768453,0.050000
10263,-154.765040,0.050000
10264,-99.279917,0.050000
10265,-182.854156,0.050000
10266,-135.355599,0.050000
10267,-170.133218,0.050000
10268,-159.704281,0.050000
10269,-140.473350,0.050000
10270,-212.735369,0.050000
10271,-189.701546,0.050000
10272,-184.808576,0.050000
10273,-165.277490,0.050000
10274,-137.687129,0.050000
10275,-171.304268,0.050000
10276,-154.624527,0.050000
10277,-179.195952,0.050000
10278,-142.749685,0.050000
10279,-195.734569,0.050000
10280,-93.181078,0.050000
10281,-163.707546,0.050000
10282,-99.247952,0.050000
10283,-121.711931,0.050000
10284,-138.133125,0.050000
10285,-105.109399,0.050000
10286,-162.770267,0.050000
10287,-98.914060,0.050000
10288,-115.445250,0.050000
10289,-190.591177,0.050000
10290,-124.155156,0.050000
10291,-176.297573,0.050000
10292,-126.434766,0.050000
10293,-112.364116,0.050000
10294,-53.409103,0.050000
10295,-132.734403,0.050000
10296,-138.541475,0.050000
10297,-171.267225,0.050000
10298,-156.250710,0.050000
10299,-143.915683,0.050000
10300,-179.960241,0.050000
10301,-105.294664,0.050000
10302,-109.523558,0.050000
10303,-152.234155,0.050000
10304,-103.835313,0.050000
10305,-121.564133,0.050000
10306,-134.454914,0.050000
10307,-181.445539,0.050000
10308,-185.180861,0.050000
10309,-109.482533,0.050000
10310,-224.891832,0.050000
10311,-188.680061,0.050000
10312,-126.830222,0.050000
10313,-146.794681,0.050000
10314,-96.965314,0.050000
10315,-108.009105,0.050000
10316,-183.784209,0.050000
10317,-180.836904,0.050000
10318,-120.123687,0.050000
10319,-158.267281,0.050000
10320,-203.304035,0.050000
10321,-198.134004,0.050000
10322,-99.067155,0.050000
10323,-136.438900,0.050000
10324,-152.209648,0.050000
10325,-163.466159,0.050000
10326,-233.333354,0.050000
10327,-149.002363,0.050000
10328,-216.700502,0.050000
10329,-124.481714,0.050000
10330,-191.883905,0.050000
10331,-144.507589,0.050000
10332,-181.202005,0.050000
10333,-154.964601,0.050000
10334,-192.246325,0.050000
10335,-162.103651,0.050000
10336,-151.929112,0.050000
10337,-93.485672,0.050000
10338,-218.509877,0.050000
10339,-131.234838,0.050000
10340,-197.973067,0.050000
10341,-155.437195,0.050000
10342,-171.740747,0.050000
10343,-215.776071,0.050000
10344,-191.518037,0.050000
10345,-146.860251,0.050000
10346,-164.412094,0.050000
10347,-171.219033,0.050000
10348,-175.213422,0.050000
10349,-236.084321,0.050000
10350,-206.002671,0.050000
10351,-135.238410,0.050000
10352,-141.301192,0.050000
10353,-141.221157,0.050000
10354,-173.489560,0.050000
10355,-168.119541,0.050000
10356,-179.325682,0.050000
10357,-182.769350,0.050000
10358,-112.641017,0.050000
10359,-149.145740,0.050000
10360,-131.162171,0.050000
10361,-86.236033,0.050000
10362,-153.136585,0.050000
10363,-206.147439,0.050000
10364,-230.722443,0.050000
10365,-198.457924,0.050000
10366,-165.566016,0.050000
10367,-113.331776,0.050000
10368,-209.587467,0.050000
10369,-118.446111,0.050000
10370,-136.621280,0.050000
10371,-104.670344,0.050000
10372,-165.156416,0.050000
10373,-202.422316,0.050000
10374,-120.956972,0.050000
10375,-177.196319,0.050000
10376,-55.041828,0.050000
10377,-120.469016,0.050000
10378,-133.171712,0.050000
10379,-122.211575,0.050000
10380,-174.552822,0.050000
10381,-144.442769,0.050000
10382,-151.838023,0.050000
10383,-122.754760,0.050000
10384,-135.206469,0.050000
10385,-247.456439,0.050000
10386,-175.544666,0.050000
10387,-111.670614,0.050000
10388,-150.692581,0.050000
10389,-113.455954,0.050000
10390,-160.505863,0.050000
10391,-162.226847,0.050000
10392,-198.735308,0.050000
10393,-99.532906,0.050000
10394,-142.112980,0.050000
10395,-147.527871,0.050000
10396,-191.535410,0.050000
10397,-180.526540,0.050000
10398,-97.909349,0.050000
10399,-145.647743,0.050000
10400,-163.642077,0.050000
10401,-39.811711,0.050000
10402,-189.059341,0.050000
10403,-174.533148,0.050000
10404,-116.440796,0.050000
10405,-93.286817,0.050000
10406,-123.244817,0.050000
10407,-170.290341,0.050000
10408,-121.436706,0.050000
10409,-105.843403,0.050000
10410,-173.543225,0.050000
10411,-184.750512,0.050000
10412,-181.314963,0.050000
10413,-120.711380,0.050000
10414,-123.651790,0.050000
10415,-147.218423,0.050000
10416,-122.705212,0.050000
10417,-145.320184,0.050000
10418,-142.238324,0.050000
10419,-150.754517,0.050000
10420,-117.419040,0.050000
10421,-112.913186,0.050000
10422,-152.588981,0.050000
10423,-101.843828,0.050000
10424,-29.810139,0.050000
10425,-186.704407,0.050000
10426,-123.967850,0.050000
10427,-118.408551,0.050000
10428,-129.928648,0.050000
10429,-167.217856,0.050000
10430,-95.834789,0.050000
10431,-148.657510,0.050000
10432,-146.451584,0.050000
10433,-171.094681,0.050000
10434,-137.607720,0.050000
10435,-184.929438,0.050000
10436,-196.583905,0.050000
10437,-123.822046,0.050000
10438,-129.082383,0.050000
10439,-212.014290,0.050000
10440,-84.248604,0.050000
10441,-52.173433,0.050000
10442,-143.669309,0.050000
10443,-120.038070,0.050000
10444,-117.974220,0.050000
10445,-193.708721,0.050000
10446,-183.700466,0.050000
10447,-151.727880,0.050000
10448,-127.896700,0.050000
10449,-140.234458,0.050000
10450,-116.359231,0.050000
10451,-158.956250,0.050000
10452,-132.241676,0.050000
10453,-183.710936,0.050000
10454,-154.775391,0.050000
10455,-103.253709,0.050000
10456,-158.777395,0.050000
10457,-138.956401,0.050000
10458,-117.152386,0.050000
10459,-159.090894,0.050000
10460,-83.894419,0.050000
10461,-136.844674,0.050000
10462,-95.402615,0.050000
10463,-134.656058,0.050000
10464,-120.211202,0.050000
10465,-146.621235,0.050000
10466,-83.841058,0.050000
10467,-172.556429,0.050000
10468,-87.792488,0.050000
10469,-79.442942,0.050000
10470,-144.138722,0.050000
10471,-116.397661,0.050000
10472,-207.116365,0.050000
10473,-90.716298,0.050000
10474,-101.123163,0.050000
10475,-81.536913,0.050000
10476,-98.209869,0.050000
10477,-50.541707,0.050000
10478,-186.212257,0.050000
10479,-110.194987,0.050000
10480,-204.603071,0.050000
10481,-231.769029,0.050000
10482,-103.826002,0.050000
10483,-118.866400,0.050000
10484,-161.742688,0.050000
10485,-107.203703,0.050000
10486,-171.319056,0.050000
10487,-23.917568,0.050000
10488,-141.635295,0.050000
10489,-187.640675,0.050000
10490,-189.864750,0.050000
10491,-182.014116,0.050000
10492,-84.856066,0.050000
10493,-160.957977,0.050000
10494,-159.802849,0.050000
10495,-166.040385,0.050000
10496,-123.932658,0.050000
10497,-94.014262,0.050000
10498,-154.227006,0.050000
10499,-144.413567,0.050000
10500,-130.344720,0.050000
10501,-125.654947,0.050000
10502,-147.164431,0.050000
10503,-169.996851,0.050000
10504,-172.632304,0.050000
10505,-151.776937,0.050000
10506,-163.661208,0.050000
10507,-98.756625,0.050000
10508,-140.877369,0.050000
10509,-166.776242,0.050000
10510,-182.557556,0.050000
10511,-131.705847,0.050000
10512,-141.312510,0.050000
10513,-168.099438,0.050000
10514,-166.286762,0.050000
10515,-121.919628,0.050000
10516,-138.426535,0.050000
10517,-128.809638,0.050000
10518,-146.631612,0.050000
10519,-149.425826,0.050000
10520,-116.139979,0.050000
10521,-186.969402,0.050000
10522,-115.746932,0.050000
10523,-135.815070,0.050000
10524,-134.228907,0.050000
10525,-181.306527,0.050000
10526,-99.195192,0.050000
10527,-101.140215,0.050000
10528,-165.630319,0.050000
10529,-79.103771,0.050000
10530,-164.758607,0.050000
10531,-133.342247,0.050000
10532,-131.739949,0.050000
10533,-60.603617,0.050000
10534,-95.643099,0.050000
10535,-168.020009,0.050000
10536,-117.921004,0.050000
10537,-171.699306,0.050000
10538,-176.861314,0.050000
10539,-172.325628,0.050000
10540,-211.253896,0.050000
10541,-140.359775,0.050000
10542,-123.422328,0.050000
10543,-183.833222,0.050000
10544,-157.093053,0.050000
10545,-155.821229,0.050000
10546,-162.520037,0.050000
10547,-176.094732,0.050000
10548,-125.324033,0.050000
10549,-128.457172,0.050000
10550,-207.149169,0.050000
10551,-128.602905,0.050000
10552,-90.164741,0.050000
10553,-71.920494,0.050000
10554,-115.110999,0.050000
10555,-90.067740,0.050000
10556,-106.131620,0.050000
10557,-81.902830,0.050000
10558,-153.906897,0.050000
10559,-135.752927,0.050000
10560,-133.944088,0.050000
10561,-175.068778,0.050000
10562,-190.631542,0.050000
10563,-114.514039,0.050000
10564,-175.822157,0.050000
10565,-121.773015,0.050000
10566,-75.046467,0.050000
10567,-111.354536,0.050000
10568,-131.149399,0.050000
10569,-191.629979,0.050000
10570,-222.049856,0.050000
10571,-142.909583,0.050000
10572,-139.635574,0.050000
10573,-128.565643,0.050000
10574,-196.740503,0.050000
10575,-107.342733,0.050000
10576,-144.164304,0.050000
10577,-72.471291,0.050000
10578,-142.229251,0.050000
10579,-114.896836,0.050000
10580,-130.481394,0.050000
10581,-101.600636,0.050000
10582,-161.513582,0.050000
10583,-190.983747,0.050000
10584,-129.502039,0.050000
10585,-104.574614,0.050000
10586,-191.544220,0.050000
10587,-106.109265,0.050000
10588,-166.891108,0.050000
10589,-169.711459,0.050000
10590,-181.173053,0.050000
10591,-136.671873,0.050000
10592,-163.057776,0.050000
10593,-104.829202,0.050000
10594,-154.609248,0.050000
10595,-106.646014,0.050000
10596,-132.161769,0.050000
10597,-110.051885,0.050000
10598,-142.725579,0.050000
10599,-147.116941,0.050000
10600,-195.891590,0.050000
10601,-109.221788,0.050000
10602,-96.587782,0.050000
10603,-136.501764,0.050000
10604,-88.038566,0.050000
10605,-146.150543,0.050000
10606,-129.817210,0.050000
10607,-224.367582,0.050000
10608,-113.536674,0.050000
10609,-183.744448,0.050000
10610,-138.142506,0.050000
10611,-155.552567,0.050000
10612,-142.748169,0.050000
10613,-120.317623,0.050000
10614,-134.550974,0.050000
10615,-44.777225,0.050000
10616,-152.943466,0.050000
10617,-95.055079,0.050000
10618,-144.472889,0.050000
10619,-139.337933,0.050000
10620,-136.428504,0.050000
10621,-124.513417,0.050000
10622,-92.886279,0.050000
10623,-131.755435,0.050000
10624,-133.816432,0.050000
10625,-164.673224,0.050000
10626,-167.538078,0.050000
10627,-67.816898,0.050000
10628,-130.840953,0.050000
10629,-96.350402,0.050000
10630,-138.256672,0.050000
10631,-105.888499,0.050000
10632,-146.737266,0.050000
10633,-158.471268,0.050000
10634,-124.186251,0.050000
10635,-142.579260,0.050000
10636,-68.089242,0.050000
10637,-106.520125,0.050000
10638,-63.577376,0.050000
10639,-165.662862,0.050000
10640,-91.883457,0.050000
10641,-158.459745,0.050000
10642,-106.340177,0.050000
10643,-112.418326,0.050000
10644,-138.300404,0.050000
10645,-126.956204,0.050000
10646,-141.451368,0.050000
10647,-175.010844,0.050000
10648,-150.103982,0.050000
10649,-130.545572,0.050000
10650,-139.000773,0.050000
10651,-96.349891,0.050000
10652,-87.377673,0.050000
10653,-113.619477,0.050000
10654,-127.860084,0.050000
10655,-139.452123,0.050000
10656,-87.557943,0.050000
10657,-106.922477,0.050000
10658,-187.899535,0.050000
10659,-145.822937,0.050000
10660,-120.923039,0.050000
10661,-188.728791,0.050000
10662,-172.038759,0.050000
10663,-82.193507,0.050000
10664,-84.583351,0.050000
10665,-171.283730,0.050000
10666,-151.884128,0.050000
10667,-173.555639,0.050000
10668,-145.941943,0.050000
10669,-108.427268,0.050000
10670,-106.352306,0.050000
10671,-171.607045,0.050000
10672,-158.912098,0.050000
10673,-183.369090,0.050000
10674,-181.482016,0.050000
10675,-66.306093,0.050000
10676,-158.156060,0.050000
10677,-77.535254,0.050000
10678,-170.222458,0.050000
10679,-88.941727,0.050000
10680,-127.055258,0.050000
10681,-101.708604,0.050000
10682,-142.775337,0.050000
10683,-151.949425,0.050000
10684,-155.397218,0.050000
10685,-135.681650,0.050000
10686,-145.767990,0.050000
10687,-133.477910,0.050000
10688,-165.398752,0.050000
10689,-93.834491,0.050000
10690,-188.635062,0.050000
10691,-82.113298,0.050000
10692,-39.419212,0.050000
10693,-157.172000,0.050000
10694,-143.449116,0.050000
10695,-123.937243,0.050000
10696,-163.974728,0.050000
10697,-158.043068,0.050000
10698,-119.029727,0.050000
10699,-180.998162,0.050000
10700,-104.195032,0.050000
10701,-92.743678,0.050000
10702,-111.075226,0.050000
10703,-82.376021,0.050000
10704,-99.919071,0.050000
10705,-162.808084,0.050000
10706,-169.215132,0.050000
10707,-151.494739,0.050000
10708,-174.306377,0.050000
10709,-71.773237,0.050000
10710,-171.228831,0.050000
10711,-221.932738,0.050000
10712,-119.274671,0.050000
10713,-160.619055,0.050000
10714,-148.017104,0.050000
10715,-96.201140,0.050000
10716,-117.926990,0.050000
10717,-102.291223,0.050000
10718,-116.886680,0.050000
10719,-111.649293,0.050000
10720,-111.054990,0.050000
10721,-77.394972,0.050000
10722,-102.210246,0.050000
10723,-116.807083,0.050000
10724,-139.064583,0.050000
10725,-78.333857,0.050000
10726,-179.007341,0.050000
10727,-129.977182,0.050000
10728,-144.411012,0.050000
10729,-89.876864,0.050000
10730,-120.331483,0.050000
10731,-100.771086,0.050000
10732,-170.356448,0.050000
10733,-171.418801,0.050000
10734,-79.319499,0.050000
10735,-100.253780,0.050000
10736,-94.988952,0.050000
10737,-125.995104,0.050000
10738,-122.649100,0.050000
10739,-163.832008,0.050000
10740,-77.221238,0.050000
10741,-163.977900,0.050000
10742,-128.855169,0.050000
10743,-101.297013,0.050000
10744,-63.520654,0.050000
10745,-113.741860,0.050000
10746,-61.452139,0.050000
10747,-72.772496,0.050000
10748,-136.464962,0.050000
10749,-92.861306,0.050000
10750,-89.941806,0.050000
10751,-168.183315,0.050000
10752,-192.780570,0.050000
10753,-134.382084,0.050000
10754,-82.243556,0.050000
10755,-182.029659,0.050000
10756,-65.028969,0.050000
10757,-81.105640,0.050000
10758,-168.799872,0.050000
10759,-169.424338,0.050000
10760,-109.326661,0.050000
10761,-96.596877,0.050000
10762,-98.442747,0.050000
10763,-104.928160,0.050000
10764,-223.143742,0.050000
10765,-155.388636,0.050000
10766,-164.710452,0.050000
10767,-162.023226,0.050000
10768,-181.082121,0.050000
10769,-194.787749,0.050000
10770,-149.241185,0.050000
10771,-119.847610,0.050000
10772,-77.362674,0.050000
10773,-181.669371,0.050000
10774,-139.901425,0.050000
10775,-113.682410,0.050000
10776,-195.477282,0.050000
10777,-195.482986,0.050000
10778,-104.746421,0.050000
10779,-125.150399,0.050000
10780,-165.120638,0.050000
10781,-72.319155,0.050000
10782,-116.946401,0.050000
10783,-160.084144,0.050000
10784,-110.047844,0.050000
10785,-56.230965,0.050000
10786,-73.896457,0.050000
10787,-118.543633,0.050000
10788,-219.214882,0.050000
10789,-151.661012,0.050000
10790,-113.536884,0.050000
10791,-150.654439,0.050000
10792,-93.808205,0.050000
10793,-175.988013,0.050000
10794,-77.058705,0.050000
10795,-190.048619,0.050000
10796,-176.284695,0.050000
10797,-163.967758,0.050000
10798,-114.907160,0.050000
10799,-152.875440,0.050000
10800,-162.052793,0.050000
10801,-184.032314,0.050000
10802,-161.599941,0.050000
10803,-93.164616,0.050000
10804,-115.942592,0.050000
10805,-136.416497,0.050000
10806,-70.513595,0.050000
10807,-128.653920,0.050000
10808,-82.171869,0.050000
10809,-159.455767,0.050000
10810,-178.318956,0.050000
10811,-49.416273,0.050000
10812,-141.829772,0.050000
10813,-168.395610,0.050000
10814,-84.080959,0.050000
10815,-167.678343,0.050000
10816,-84.945057,0.050000
10817,-108.273244,0.050000
10818,-97.996592,0.050000
10819,-96.185526,0.050000
10820,-118.398085,0.050000
10821,-212.865493,0.050000
10822,-180.174557,0.050000
10823,-114.593352,0.050000
10824,-144.237324,0.050000
10825,-83.615393,0.050000
10826,-166.908226,0.050000
10827,-93.468335,0.050000
10828,-104.240528,0.050000
10829,-117.341802,0.050000
10830,-81.989519,0.050000
10831,-77.551292,0.050000
10832,-145.797593,0.050000
10833,-104.587284,0.050000
10834,-123.260406,0.050000
10835,-93.246588,0.050000
10836,-130.379392,0.050000
10837,-126.083858,0.050000
10838,-81.238375,0.050000
10839,-71.748797,0.050000
10840,-58.037849,0.050000
10841,-141.898670,0.050000
10842,-145.052665,0.050000
10843,-168.576578,0.050000
10844,-136.809363,0.050000
10845,-84.436968,0.050000
10846,-73.109986,0.050000
10847,-139.446430,0.050000
10848,-113.941021,0.050000
10849,-165.675173,0.050000
10850,-148.102699,0.050000
10851,-52.863786,0.050000
10852,-87.236467,0.050000
10853,-77.898378,0.050000
10854,-97.017832,0.050000
10855,-136.394570,0.050000
10856,-163.024060,0.050000
10857,-123.873944,0.050000
10858,-113.076151,0.050000
10859,-167.978616,0.050000
10860,-77.831643,0.050000
10861,-107.322375,0.050000
10862,-134.764243,0.050000
10863,-117.865130,0.050000
10864,-91.257654,0.050000
10865,-216.023450,0.050000
10866,-153.929724,0.050000
10867,-138.495718,0.050000
10868,-144.010242,0.050000
10869,-138.914570,0.050000
10870,-148.553036,0.050000
10871,-179.917380,0.050000
10872,-123.539784,0.050000
10873,-128.995647,0.050000
10874,-171.237837,0.050000
10875,-102.387337,0.050000
10876,-54.479018,0.050000
10877,-108.242315,0.050000
10878,-136.078910,0.050000
10879,-125.071895,0.050000
10880,-215.464908,0.050000
10881,-107.000959,0.050000
10882,-159.674005,0.050000
10883,-140.561793,0.050000
10884,-163.147276,0.050000
10885,-149.986051,0.050000
10886,-170.095968,0.050000
10887,-171.356959,0.050000
10888,-195.996375,0.050000
10889,-44.861986,0.050000
10890,-147.190964,0.050000
10891,-147.136917,0.050000
10892,-110.751100,0.050000
10893,-195.004045,0.050000
10894,-163.194179,0.050000
10895,-115.145771,0.050000
10896,-72.202419,0.050000
10897,-133.480916,0.050000
10898,-131.881343,0.050000
10899,-191.619219,0.050000
10900,-220.629135,0.050000
10901,-189.106334,0.050000
10902,-186.431438,0.050000
10903,-153.820475,0.050000
10904,-135.076415,0.050000
10905,-133.785751,0.050000
10906,-202.403641,0.050000
10907,-211.655817,0.050000
10908,-105.530578,0.050000
10909,-176.982047,0.050000
10910,-84.765385,0.050000
10911,-220.703311,0.050000
10912,-97.368289,0.050000
10913,-114.742464,0.050000
10914,-214.987642,0.050000
10915,-121.575799,0.050000
10916,-199.669362,0.050000
10917,-124.195161,0.050000
10918,-175.525293,0.050000
10919,-170.069504,0.050000
10920,-121.347242,0.050000
10921,-174.997258,0.050000
10922,-116.893029,0.050000
10923,-202.272574,0.050000
10924,-110.851874,0.050000
10925,-142.159029,0.050000
10926,-167.355365,0.050000
10927,-174.757184,0.050000
10928,-136.380494,0.050000
10929,-188.883793,0.050000
10930,-133.950128,0.050000
10931,-112.704447,0.050000
10932,-111.339601,0.050000
10933,-151.738069,0.050000
10934,-196.842885,0.050000
10935,-70.030567,0.050000
10936,-195.063270,0.050000
10937,-163.689689,0.050000
10938,-123.284901,0.050000
10939,-214.347142,0.050000
10940,-231.439308,0.050000
10941,-193.544676,0.050000
10942,-80.538125,0.050000
10943,-131.960684,0.050000
10944,-210.500421,0.050000
10945,-132.740338,0.050000
10946,-162.140386,0.050000
10947,-206.606459,0.050000
10948,-146.920869,0.050000
10949,-202.983449,0.050000
10950,-126.337031,0.050000
10951,-153.644748,0.050000
10952,-126.355624,0.050000
10953,-84.574199,0.050000
10954,-129.248838,0.050000
10955,-171.830549,0.050000
10956,-198.801017,0.050000
10957,-166.112717,0.050000
10958,-86.507326,0.050000
10959,-80.633853,0.050000
10960,-124.715103,0.050000
10961,-166.180190,0.050000
10962,-210.885031,0.050000
10963,-144.362185,0.050000
10964,-137.400205,0.050000
10965,-107.525496,0.050000
10966,-87.636361,0.050000
10967,-190.123822,0.050000
10968,-168.005416,0.050000
10969,-152.970361,0.050000
10970,-173.097090,0.050000
10971,-97.272454,0.050000
10972,-146.267669,0.050000
10973,-170.529671,0.050000
10974,-161.306186,0.050000
10975,-81.753636,0.050000
10976,-136.529271,0.050000
10977,-218.176032,0.050000
10978,-143.312089,0.050000
10979,-191.547563,0.050000
10980,-148.023550,0.050000
10981,-160.080092,0.050000
10982,-152.827860,0.050000
10983,-182.311460,0.050000
10984,-142.552747,0.050000
10985,-83.426817,0.050000
10986,-171.775024,0.050000
10987,-112.015689,0.050000
10988,-200.481491,0.050000
10989,-191.737437,0.050000
10990,-147.959068,0.050000
10991,-129.012542,0.050000
10992,-141.438894,0.050000
10993,-107.502133,0.050000
10994,-131.117981,0.050000
10995,-203.988502,0.050000
10996,-150.665611,0.050000
10997,-159.027774,0.050000
10998,-168.954230,0.050000
10999,-179.282975,0.050000
11000,-165.608476,0.050000
11001,-148.532182,0.050000
11002,-145.065272,0.050000
11003,-149.576307,0.050000
11004,-144.005674,0.050000
11005,-114.652034,0.050000
11006,-96.596706,0.050000
11007,-189.468401,0.050000
11008,-162.501890,0.050000
11009,-71.055972,0.050000
11010,-117.051436,0.050000
11011,-136.305625,0.050000
11012,-117.290288,0.050000
11013,-125.636856,0.050000
11014,-118.241573,0.050000
11015,-153.072332,0.050000
11016,-164.109644,0.050000
11017,-179.504758,0.050000
11018,-128.583167,0.050000
11019,-241.642212,0.050000
11020,-58.406031,0.050000
11021,-173.119170,0.050000
11022,-236.398857,0.050000
11023,-248.741351,0.050000
11024,-104.915621,0.050000
11025,-125.427225,0.050000
11026,-252.335594,0.050000
11027,-174.350837,0.050000
11028,-129.240166,0.050000
11029,-245.972222,0.050000
11030,-93.632424,0.050000
11031,-150.127320,0.050000
11032,-158.433342,0.050000
11033,-128.661806,0.050000
11034,-136.683322,0.050000
11035,-146.567007,0.050000
11036,-122.554348,0.050000
11037,-133.652844,0.050000
11038,-128.258735,0.050000
11039,-165.398728,0.050000
11040,-86.053098,0.050000
11041,-192.644241,0.050000
11042,-224.606450,0.050000
11043,-171.583556,0.050000
11044,-171.383118,0.050000
11045,-196.746989,0.050000
11046,-133.536353,0.050000
11047,-211.440598,0.050000
11048,-127.516604,0.050000
11049,-150.969624,0.050000
11050,-122.871087,0.050000
11051,-125.145780,0.050000
11052,-203.558731,0.050000
11053,-108.809806,0.050000
11054,-64.657232,0.050000
11055,-153.982678,0.050000
11056,-84.311676,0.050000
11057,-206.854649,0.050000
11058,-50.818554,0.050000
11059,-81.003742,0.050000
11060,-139.997409,0.050000
11061,-181.177517,0.050000
11062,-198.356464,0.050000
11063,-131.210536,0.050000
11064,-194.222011,0.050000
11065,-179.673022,0.050000
11066,-195.143273,0.050000
11067,-166.851292,0.050000
11068,-71.765197,0.050000
11069,-98.433988,0.050000
11070,-90.229534,0.050000
11071,-181.645765,0.050000
11072,-122.896486,0.050000
11073,-160.931140,0.050000
11074,-156.235977,0.050000
11075,-166.796868,0.050000
11076,-139.100303,0.050000
11077,-190.227198,0.050000
11078,-80.658363,0.050000
11079,-131.426516,0.050000
11080,-238.378008,0.050000
11081,-145.268195,0.050000
11082,-155.069065,0.050000
11083,-114.055616,0.050000
11084,-185.193783,0.050000
11085,-146.688642,0.050000
11086,-126.870272,0.050000
11087,-123.792998,0.050000
11088,-150.403622,0.050000
11089,-109.701901,0.050000
11090,-248.295190,0.050000
11091,-151.804899,0.050000
11092,-167.755908,0.050000
11093,-154.129865,0.050000
11094,-191.540219,0.050000
11095,-227.691973,0.050000
11096,-267.753733,0.050000
11097,-106.244352,0.050000
11098,-209.198236,0.050000
11099,-149.846464,0.050000
11100,-163.721855,0.050000
11101,-173.819579,0.050000
11102,-105.366096,0.050000
11103,-164.688265,0.050000
11104,-128.976124,0.050000
11105,-95.065875,0.050000
11106,-203.017310,0.050000
11107,-148.037567,0.050000
11108,-218.353724,0.050000
11109,-186.262890,0.050000
11110,-120.533453,0.050000
11111,-125.724415,0.050000
11112,-215.256186,0.050000
11113,-143.573759,0.050000
11114,-137.651872,0.050000
11115,-210.804649,0.050000
11116,-189.738598,0.050000
11117,-82.929593,0.050000
11118,-191.763785,0.050000
11119,-118.414142,0.050000
11120,-175.129277,0.050000
11121,-147.985980,0.050000
11122,-123.050274,0.050000
11123,-186.592864,0.050000
11124,-117.198244,0.050000
11125,-185.487702,0.050000
11126,-121.695334,0.050000
11127,-194.719837,0.050000
11128,-164.690993,0.050000
11129,-105.193130,0.050000
11130,-243.010669,0.050000
11131,-146.471137,0.050000
11132,-187.189992,0.050000
11133,-160.812313,0.050000
11134,-157.535168,0.050000
11135,-38.767238,0.050000
11136,-81.566827,0.050000
11137,-229.178716,0.050000
11138,-159.038453,0.050000
11139,-178.978967,0.050000
11140,-180.592421,0.050000
11141,-139.239271,0.050000
11142,-123.641083,0.050000
11143,-115.257688,0.050000
11144,-180.902768,0.050000
11145,-203.898873,0.050000
11146,-310.357507,0.050000
11147,-166.601443,0.050000
11148,-129.746267,0.050000
11149,-198.873101,0.050000
11150,-149.622322,0.050000
11151,-165.225913,0.050000
11152,-168.732426,0.050000
11153,-213.160825,0.050000
11154,-117.555576,0.050000
11155,-118.038271,0.050000
11156,-198.020160,0.050000
11157,-218.685921,0.050000
11158,-233.725264,0.050000
11159,-154.797038,0.050000
11160,-209.976402,0.050000
11161,-194.454447,0.050000
11162,-144.474816,0.050000
11163,-185.350338,0.050000
11164,-204.111371,0.050000
11165,-210.199386,0.050000
11166,-187.386418,0.050000
11167,-181.237531,0.050000
11168,-110.713346,0.050000
11169,-140.819399,0.050000
11170,-138.358716,0.050000
11171,-107.372531,0.050000
11172,-116.348069,0.050000
11173,-185.329097,0.050000
11174,-129.598907,0.050000
11175,-139.337038,0.050000
11176,-133.819920,0.050000
11177,-97.521374,0.050000
11178,-161.677889,0.050000
11179,-115.524657,0.050000
11180,-175.611680,0.050000
11181,-213.473683,0.050000
11182,-166.743621,0.050000
11183,-171.650577,0.050000
11184,-169.163631,0.050000
11185,-116.635588,0.050000
11186,-195.083922,0.050000
11187,-122.263345,0.050000
11188,-152.827612,0.050000
11189,-144.341944,0.050000
11190,-74.187465,0.050000
11191,-149.269631,0.050000
11192,-108.122563,0.050000
11193,-184.968233,0.050000
11194,-180.272064,0.050000
11195,-173.980362,0.050000
11196,-202.803136,0.050000
11197,-202.401632,0.050000
11198,-149.013582,0.050000
11199,-150.164175,0.050000
11200,-143.652252,0.050000
11201,-177.752317,0.050000
11202,-180.540267,0.050000
11203,-179.253295,0.050000
11204,-116.758472,0.050000
11205,-152.380620,0.050000
11206,-142.865303,0.050000
11207,-133.044156,0.050000
11208,-189.307640,0.050000
11209,-181.997150,0.050000
11210,-171.934705,0.050000
11211,-104.171561,0.050000
11212,-149.909050,0.050000
11213,-169.042371,0.050000
11214,-177.765657,0.050000
11215,-126.024063,0.050000
11216,-151.757183,0.050000
11217,-111.789535,0.050000
11218,-258.016350,0.050000
11219,-93.210319,0.050000
11220,-121.900546,0.050000
11221,-156.302255,0.050000
11222,-152.638218,0.050000
11223,-150.221728,0.050000
11224,-129.725138,0.050000
11225,-181.861425,0.050000
11226,-71.964186,0.050000
11227,-113.445112,0.050000
11228,-122.172616,0.050000
11229,-97.637490,0.050000
11230,-164.255808,0.050000
11231,-161.773512,0.050000
11232,-124.220088,0.050000
11233,-148.488543,0.050000
11234,-141.556058,0.050000
11235,-142.432623,0.050000
11236,-144.297547,0.050000
11237,-117.939151,0.050000
11238,-170.887592,0.050000
11239,-182.166053,0.050000
11240,-121.657718,0.050000
11241,-200.961792,0.050000
11242,-171.539309,0.050000
11243,-92.963318,0.050000
11244,-172.045850,0.050000
11245,-190.134632,0.050000
11246,-114.924705,0.050000
11247,-154.819755,0.050000
11248,-166.919391,0.050000
11249,-132.120083,0.050000
11250,-166.942022,0.050000
11251,-208.953197,0.050000
11252,-195.784316,0.050000
11253,-116.174415,0.050000
11254,-229.128800,0.050000
11255,-164.075189,0.050000
11256,-145.502203,0.050000
11257,-95.111459,0.050000
11258,-136.761251,0.050000
11259,-258.408868,0.050000
11260,-131.824568,0.050000
11261,-153.091725,0.050000
11262,-181.378508,0.050000
11263,-190.328416,0.050000
11264,-133.551253,0.050000
11265,-112.454572,0.050000
11266,-191.132962,0.050000
11267,-224.527764,0.050000
11268,-236.992849,0.050000
11269,-194.475816,0.050000
11270,-153.597574,0.050000
11271,-114.227889,0.050000
11272,-142.977269,0.050000
11273,-137.045963,0.050000
11274,-172.127383,0.050000
11275,-171.887635,0.050000
11276,-120.001847,0.050000
11277,-143.015742,0.050000
11278,-244.351576,0.050000
11279,-149.008413,0.050000
11280,-160.516410,0.050000
11281,-193.121398,0.050000
11282,-138.786068,0.050000
11283,-196.649959,0.050000
11284,-159.782245,0.050000
11285,-132.219300,0.050000
11286,-191.970735,0.050000
11287,-205.083016,0.050000
11288,-201.400426,0.050000
11289,-215.969748,0.050000
11290,-220.702256,0.050000
11291,-195.383162,0.050000
11292,-220.515230,0.050000
11293,-163.531165,0.050000
11294,-36.230548,0.050000
11295,-115.751114,0.050000
11296,-163.320308,0.050000
11297,-115.252064,0.050000
11298,-185.628985,0.050000
11299,-87.647232,0.050000
11300,-131.755917,0.050000
11301,-129.536156,0.050000
11302,-154.454640,0.050000
11303,-181.675801,0.050000
11304,-117.593408,0.050000
11305,-138.682080,0.050000
11306,-201.941534,0.050000
11307,-147.421866,0.050000
11308,-166.886592,0.050000
11309,-83.571864,0.050000
11310,-100.173816,0.050000
11311,-137.317914,0.050000
11312,-91.499467,0.050000
11313,-141.365434,0.050000
11314,-97.112091,0.050000
11315,-185.481741,0.050000
11316,-180.066274,0.050000
11317,-197.182564,0.050000
11318,-240.819158,0.050000
11319,-191.350103,0.050000
11320,-124.941325,0.050000
11321,-154.998835,0.050000
11322,-90.203838,0.050000
11323,-156.306598,0.050000
11324,-165.863489,0.050000
11325,-189.876590,0.050000
11326,-145.386685,0.050000
11327,-209.520303,0.050000
11328,-142.343675,0.050000
11329,-93.572130,0.050000
11330,-176.722825,0.050000
11331,-226.822273,0.050000
11332,-152.781826,0.050000
11333,-251.096376,0.050000
11334,-121.690604,0.050000
11335,-213.179980,0.050000
11336,-168.714850,0.050000
11337,-147.611109,0.050000
11338,-35.395826,0.050000
11339,-129.297187,0.050000
11340,-157.963042,0.050000
11341,-153.263464,0.050000
11342,-106.711670,0.050000
11343,-70.559036,0.050000
11344,-200.151233,0.050000
11345,-160.077198,0.050000
11346,-117.090844,0.050000
11347,-161.330470,0.050000
11348,-143.596850,0.050000
11349,-127.845801,0.050000
11350,-160.327933,0.050000
11351,-150.715183,0.050000
11352,-83.954240,0.050000
11353,-86.636176,0.050000
11354,-155.864043,0.050000
11355,-181.136863,0.050000
11356,-238.744799,0.050000
11357,-195.725530,0.050000
11358,-190.014400,0.050000
11359,-106.600000,0.050000
11360,-192.450157,0.050000
11361,-131.070934,0.050000
11362,-134.997938,0.050000
11363,-105.207807,0.050000
11364,-205.796287,0.050000
11365,-116.055952,0.050000
11366,-24.233294,0.050000
11367,-104.618681,0.050000
11368,-150.880719,0.050000
11369,-192.361667,0.050000
11370,-166.440842,0.050000
11371,-146.160292,0.050000
11372,-143.950528,0.050000
11373,-113.340536,0.050000
11374,-147.624488,0.050000
11375,-159.284410,0.050000
11376,-158.536630,0.050000
11377,-192.985162,0.050000
11378,-148.233556,0.050000
11379,-142.362602,0.050000
11380,-125.038851,0.050000
11381,-186.491334,0.050000
11382,-173.689148,0.050000
11383,-132.067144,0.050000
11384,-70.382987,0.050000
11385,-213.049195,0.050000
11386,-108.240539,0.050000
11387,-122.623795,0.050000
11388,-162.795928,0.050000
11389,-139.653384,0.050000
11390,-156.303478,0.050000
11391,-180.029047,0.050000
11392,-225.649504,0.050000
11393,-179.577926,0.050000
11394,-54.183470,0.050000
11395,-166.159303,0.050000
11396,-207.875958,0.050000
11397,-102.018921,0.050000
11398,-173.063676,0.050000
11399,-187.491114,0.050000
11400,-177.867209,0.050000
11401,-162.251597,0.050000
11402,-116.294705,0.050000
11403,-173.487727,0.050000
11404,-84.283258,0.050000
11405,-182.644592,0.050000
11406,-149.000128,0.050000
11407,-159.480160,0.050000
11408,-115.933955,0.050000
11409,-115.996254,0.050000
11410,-185.584678,0.050000
11411,-169.105662,0.050000
11412,-117.840800,0.050000
11413,-122.973589,0.050000
11414,-115.430308,0.050000
11415,-163.963285,0.050000
11416,-98.699454,0.050000
11417,-154.576942,0.050000
11418,-150.304598,0.050000
11419,-248.849600,0.050000
11420,-104.233919,0.050000
11421,-208.680634,0.050000
11422,-154.515761,0.050000
11423,-125.614184,0.050000
11424,-108.219112,0.050000
11425,-133.306120,0.050000
11426,-95.247406,0.050000
11427,-173.040786,0.050000
11428,-119.895670,0.050000
11429,-157.519540,0.050000
11430,-166.116219,0.050000
11431,-207.255135,0.050000
11432,-144.768542,0.050000
11433,-133.547889,0.050000
11434,-135.598095,0.050000
11435,-177.843885,0.050000
11436,-164.056578,0.050000
11437,-195.607833,0.050000
11438,-166.529662,0.050000
11439,-128.859372,0.050000
11440,-55.669625,0.050000
11441,-174.955974,0.050000
11442,-161.673076,0.050000
11443,-140.742863,0.050000
11444,-97.858653,0.050000
11445,-178.722659,0.050000
11446,-200.165868,0.050000
11447,-145.059738,0.050000
11448,-131.269402,0.050000
11449,-153.398916,0.050000
11450,-123.733688,0.050000
11451,-74.054606,0.050000
11452,-141.542088,0.050000
11453,-135.100590,0.050000
11454,-156.167608,0.050000
11455,-147.428554,0.050000
11456,-87.318590,0.050000
11457,-127.558386,0.050000
11458,-115.840641,0.050000
11459,-211.768671,0.050000
11460,-148.676985,0.050000
11461,-106.242891,0.050000
11462,-84.812258,0.050000
11463,-105.743848,0.050000
11464,-170.267119,0.050000
11465,-101.482801,0.050000
11466,-231.067671,0.050000
11467,-190.109160,0.050000
11468,-113.990278,0.050000
11469,-252.334645,0.050000
11470,-91.581134,0.050000
11471,-110.007297,0.050000
11472,-88.752918,0.050000
11473,-110.253359,0.050000
11474,-105.606436,0.050000
11475,-153.315644,0.050000
11476,-98.125771,0.050000
11477,-142.764671,0.050000
11478,-124.450380,0.050000
11479,-63.212827,0.050000
11480,-123.907589,0.050000
11481,-79.046165,0.050000
11482,-107.699015,0.050000
11483,-105.353060,0.050000
11484,-111.315538,0.050000
11485,-144.859722,0.050000
11486,-156.674267,0.050000
11487,-54.199238,0.050000
11488,-202.777940,0.050000
11489,-150.159506,0.050000
11490,-148.344564,0.050000
11491,-148.158567,0.050000
11492,-136.265012,0.050000
11493,-96.344771,0.050000
11494,-61.754084,0.050000
11495,-171.142953,0.050000
11496,-109.161673,0.050000
11497,-181.199251,0.050000
11498,-200.793892,0.050000
11499,-123.021400,0.050000
11500,-138.990685,0.050000
11501,-175.872290,0.050000
11502,-112.698369,0.050000
11503,-139.254949,0.050000
11504,-85.869855,0.050000
11505,-108.407068,0.050000
11506,-109.119794,0.050000
11507,-147.411573,0.050000
11508,-173.015174,0.050000
11509,-166.536406,0.050000
11510,-122.020868,0.050000
11511,-111.014381,0.050000
11512,-56.545839,0.050000
11513,-115.102654,0.050000
11514,-146.218202,0.050000
11515,-199.508858,0.050000
11516,-135.302732,0.050000
11517,-149.502364,0.050000
11518,-143.009434,0.050000
11519,-151.450057,0.050000
11520,-166.426299,0.050000
11521,-106.076425,0.050000
11522,-135.382087,0.050000
11523,-136.611004,0.050000
11524,-106.951518,0.050000
11525,-104.530176,0.050000
11526,-171.455942,0.050000
11527,-125.527291,0.050000
11528,-116.769328,0.050000
11529,-142.990957,0.050000
11530,-74.939523,0.050000
11531,-174.673718,0.050000
11532,-148.100400,0.050000
11533,-137.905990,0.050000
11534,-96.288625,0.050000
11535,-130.822292,0.050000
11536,-157.012880,0.050000
11537,-133.586838,0.050000
11538,-125.781431,0.050000
11539,-153.728228,0.050000
11540,-99.964519,0.050000
11541,-132.485706,0.050000
11542,-19.044771,0.050000
11543,-202.305588,0.050000
11544,-119.849968,0.050000
11545,-69.711193,0.050000
11546,-95.132555,0.050000
11547,-136.161354,0.050000
11548,-89.132735,0.050000
11549,-193.259524,0.050000
11550,-101.622979,0.050000
11551,-184.411375,0.050000
11552,-212.728832,0.050000
11553,-150.248801,0.050000
11554,-123.771137,0.050000
11555,-127.689097,0.050000
11556,-152.260439,0.050000
11557,-110.447821,0.050000
11558,-86.847099,0.050000
11559,-139.111079,0.050000
11560,-139.411093,0.050000
11561,-142.003719,0.050000
11562,-153.275829,0.050000
11563,-221.637262,0.050000
11564,-142.864042,0.050000
11565,-127.331516,0.050000
11566,-105.367854,0.050000
11567,-131.169978,0.050000
11568,-169.185477,0.050000
11569,-105.257589,0.050000
11570,-69.628755,0.050000
11571,-116.008238,0.050000
11572,-158.435895,0.050000
11573,-160.472983,0.050000
11574,-100.779163,0.050000
11575,-150.875392,0.050000
11576,-101.383951,0.050000
11577,-188.822355,0.050000
11578,-101.152861,0.050000
11579,-120.034168,0.050000
11580,-192.221656,0.050000
11581,-90.336408,0.050000
11582,-92.916312,0.050000
11583,-140.330253,0.050000
11584,-167.267291,0.050000
11585,-100.895008,0.050000
11586,-96.039814,0.050000
11587,-130.099827,0.050000
11588,-102.109513,0.050000
11589,-172.212673,0.050000
11590,-171.081799,0.050000
11591,-154.659409,0.050000
11592,-54.362732,0.050000
11593,-138.499120,0.050000
11594,-165.714963,0.050000
11595,-141.413896,0.050000
11596,-162.773023,0.050000
11597,-169.585475,0.050000
11598,-122.703312,0.050000
11599,-166.643175,0.050000
11600,-152.161955,0.050000
11601,-95.104113,0.050000
11602,-124.581776,0.050000
11603,-109.599761,0.050000
11604,-96.583707,0.050000
11605,-122.608682,0.050000
11606,-195.650336,0.050000
11607,-238.424896,0.050000
11608,-208.070294,0.050000
11609,-154.882368,0.050000
11610,-149.076501,0.050000
11611,-80.719684,0.050000
11612,-187.887915,0.050000
11613,-145.611944,0.050000
11614,-103.777139,0.050000
11615,-115.235849,0.050000
11616,-58.329415,0.050000
11617,-243.979282,0.050000
11618,-213.855659,0.050000
11619,-139.039357,0.050000
11620,-146.160832,0.050000
11621,-116.281524,0.050000
11622,-177.555969,0.050000
11623,-162.804045,0.050000
11624,-170.041192,0.050000
11625,-202.525324,0.050000
11626,-194.198169,0.050000
11627,-120.266471,0.050000
11628,-153.682528,0.050000
11629,-226.492675,0.050000
11630,-172.262895,0.050000
11631,-233.840921,0.050000
11632,-116.961380,0.050000
11633,-129.598908,0.050000
11634,-180.133916,0.050000
11635,-158.744243,0.050000
11636,-171.605420,0.050000
11637,-163.176374,0.050000
11638,-141.316399,0.050000
11639,-101.804271,0.050000
11640,-151.652758,0.050000
11641,-109.852098,0.050000
11642,-79.645145,0.050000
11643,-114.196867,0.050000
11644,-119.845158,0.050000
11645,-159.739660,0.050000
11646,-107.842744,0.050000
11647,-129.058636,0.050000
11648,-88.992652,0.050000
11649,-86.098098,0.050000
11650,-214.926054,0.050000
11651,-117.481442,0.050000
11652,-159.264406,0.050000
11653,-70.671258,0.050000
11654,-131.013788,0.050000
11655,-80.049599,0.050000
11656,-97.966908,0.050000
11657,-118.737428,0.050000
11658,-204.900490,0.050000
11659,-132.321367,0.050000
11660,-149.354469,0.050000
11661,-68.526438,0.050000
11662,-96.116270,0.050000
11663,-162.992740,0.050000
11664,-205.816321,0.050000
11665,-122.326423,0.050000
11666,-161.981739,0.050000
11667,-183.626416,0.050000
11668,-172.275857,0.050000
11669,-138.617848,0.050000
11670,-152.853594,0.050000
11671,-178.200944,0.050000
11672,-120.468114,0.050000
11673,-185.834611,0.050000
11674,-191.282264,0.050000
11675,-149.154116,0.050000
11676,-143.999372,0.050000
11677,-158.878295,0.050000
11678,-145.056248,0.050000
11679,-134.535115,0.050000
11680,-110.849503,0.050000
11681,-170.401290,0.050000
11682,-148.860796,0.050000
11683,-80.190609,0.050000
11684,-106.908510,0.050000
11685,-116.920661,0.050000
11686,-156.119581,0.050000
11687,-168.153868,0.050000
11688,-157.876934,0.050000
11689,-157.072119,0.050000
11690,-151.866308,0.050000
11691,-165.450837,0.050000
11692,-136.692348,0.050000
11693,-147.527158,0.050000
11694,-80.297098,0.050000
11695,-151.780648,0.050000
11696,-141.801941,0.050000
11697,-87.933642,0.050000
11698,-216.641076,0.050000
11699,-170.232020,0.050000
11700,-96.443270,0.050000
11701,-232.549469,0.050000
11702,-143.683969,0.050000
11703,-224.374020,0.050000
11704,-149.727699,0.050000
11705,-78.530343,0.050000
11706,-124.957753,0.050000
11707,-101.037861,0.050000
11708,-117.206571,0.050000
11709,-182.784350,0.050000
11710,-144.298658,0.050000
11711,-135.750126,0.050000
11712,-124.408214,0.050000
11713,-139.922465,0.050000
11714,-219.840350,0.050000
11715,-111.460146,0.050000
11716,-111.206796,0.050000
11717,-138.344102,0.050000
11718,-155.839978,0.050000
11719,-195.390871,0.050000
11720,-189.043511,0.050000
11721,-98.942657,0.050000
11722,-108.460319,0.050000
11723,-213.844519,0.050000
11724,-102.450655,0.050000
11725,-142.374906,0.050000
11726,-146.778985,0.050000
11727,-96.752452,0.050000
11728,-206.528451,0.050000
11729,-152.625818,0.050000
11730,-255.553048,0.050000
11731,-129.801838,0.050000
11732,-207.990549,0.050000
11733,-149.788186,0.050000
11734,-149.342566,0.050000
11735,-182.837476,0.050000
11736,-169.716768,0.050000
11737,-116.982864,0.050000
11738,-166.808659,0.050000
11739,-204.020355,0.050000
11740,-147.047622,0.050000
11741,-152.962376,0.050000
11742,-188.959611,0.050000
11743,-120.359631,0.050000
11744,-151.059651,0.050000
11745,-173.537569,0.050000
11746,-105.600028,0.050000
11747,-151.804637,0.050000
11748,-130.356024,0.050000
11749,-141.683930,0.050000
11750,-59.925058,0.050000
11751,-138.119885,0.050000
11752,-154.235812,0.050000
11753,-120.820864,0.050000
11754,-68.926157,0.050000
11755,-139.635439,0.050000
11756,-256.794378,0.050000
11757,-199.214090,0.050000
11758,-116.504587,0.050000
11759,-45.913997,0.050000
11760,-184.659768,0.050000
11761,-166.042508,0.050000
11762,-72.518312,0.050000
11763,-176.878764,0.050000
11764,-156.575020,0.050000
11765,-97.262052,0.050000
11766,-122.229274,0.050000
11767,-130.535055,0.050000
11768,-75.819269,0.050000
11769,-93.734306,0.050000
11770,-221.278262,0.050000
11771,-85.160053,0.050000
11772,-136.562907,0.050000
11773,-132.459415,0.050000
11774,-71.627984,0.050000
11775,-91.291388,0.050000
11776,-75.062444,0.050000
11777,-199.112084,0.050000
11778,-182.118849,0.050000
11779,-145.823702,0.050000
11780,-154.694932,0.050000
11781,-136.792657,0.050000
11782,-120.683039,0.050000
11783,-124.443931,0.050000
11784,-163.949963,0.050000
11785,-122.904207,0.050000
11786,-117.828430,0.050000
11787,-201.769950,0.050000
11788,-137.152045,0.050000
11789,-104.742151,0.050000
11790,-150.867498,0.050000
11791,-181.683103,0.050000
11792,-150.746431,0.050000
11793,-61.446749,0.050000
11794,-206.986678,0.050000
11795,-131.598588,0.050000
11796,-145.448830,0.050000
11797,-143.948392,0.050000
11798,-135.983109,0.050000
11799,-100.385669,0.050000
11800,-97.895327,0.050000
11801,-176.565910,0.050000
11802,-83.680760,0.050000
11803,-163.189617,0.050000
11804,-172.487037,0.050000
11805,-165.656317,0.050000
11806,-177.859017,0.050000
11807,-202.021501,0.050000
11808,-132.669140,0.050000
11809,-92.143291,0.050000
11810,-129.349791,0.050000
11811,-124.292787,0.050000
11812,-229.338677,0.050000
11813,-172.298607,0.050000
11814,-158.613004,0.050000
11815,-159.300790,0.050000
11816,-181.116265,0.050000
11817,-171.741668,0.050000
11818,-201.098672,0.050000
11819,-96.655964,0.050000
11820,-176.269705,0.050000
11821,-144.526988,0.050000
11822,-112.483472,0.050000
11823,-144.348361,0.050000
11824,-177.406648,0.050000
11825,-180.177342,0.050000
11826,-183.225517,0.050000
11827,-132.512032,0.050000
11828,-176.881613,0.050000
11829,-229.045852,0.050000
11830,-138.328922,0.050000
11831,-94.099741,0.050000
11832,-190.584078,0.050000
11833,-113.547981,0.050000
11834,-176.789534,0.050000
11835,-126.035168,0.050000
11836,-105.458137,0.050000
11837,-192.214385,0.050000
11838,-102.597820,0.050000
11839,-67.107615,0.050000
11840,-169.307628,0.050000
11841,-196.953249,0.050000
11842,-133.438529,0.050000
11843,-174.631174,0.050000
11844,-107.959668,0.050000
11845,-111.057218,0.050000
11846,-88.833938,0.050000
11847,-149.703987,0.050000
11848,-174.837123,0.050000
11849,-174.761377,0.050000
11850,-187.270936,0.050000
11851,-116.760891,0.050000
11852,-189.610808,0.050000
11853,-106.063124,0.050000
11854,-101.449408,0.050000
11855,-79.410586,0.050000
11856,-151.012636,0.050000
11857,-197.360569,0.050000
11858,-139.883757,0.050000
11859,-211.813019,0.050000
11860,-178.356862,0.050000
11861,-124.824224,0.050000
11862,-200.886782,0.050000
11863,-218.276478,0.050000
11864,-71.776541,0.050000
11865,-175.663245,0.050000
11866,-144.045585,0.050000
11867,-134.685960,0.050000
11868,-160.393255,0.050000
11869,-146.708836,0.050000
11870,-161.458722,0.050000
11871,-103.940980,0.050000
11872,-158.952922,0.050000
11873,-206.649541,0.050000
11874,-169.327333,0.050000
11875,-205.686359,0.050000
11876,-127.251780,0.050000
11877,-155.597529,0.050000
11878,-189.529140,0.050000
11879,-105.448540,0.050000
11880,-124.233364,0.050000
11881,-183.354873,0.050000
11882,-148.361905,0.050000
11883,-184.988550,0.050000
11884,-88.999321,0.050000
11885,-128.908908,0.050000
11886,-173.151810,0.050000
11887,-48.368334,0.050000
11888,-199.502065,0.050000
11889,-105.285290,0.050000
11890,-102.209004,0.050000
11891,-189.877013,0.050000
11892,-118.804065,0.050000
11893,-158.222943,0.050000
11894,-151.831469,0.050000
11895,-84.394783,0.050000
11896,-151.191340,0.050000
11897,-147.788045,0.050000
11898,-153.529477,0.050000
11899,-155.290224,0.050000
11900,-168.275600,0.050000
11901,-148.820368,0.050000
11902,-56.546101,0.050000
11903,-110.886505,0.050000
11904,-148.093515,0.050000
11905,-131.325243,0.050000
11906,-127.828848,0.050000
11907,-144.932714,0.050000
11908,-165.018277,0.050000
11909,-97.649162,0.050000
11910,-169.166622,0.050000
11911,-58.058344,0.050000
11912,-60.235509,0.050000
11913,-139.993085,0.050000
11914,-86.223156,0.050000
11915,-137.873032,0.050000
11916,-125.011013,0.050000
11917,-139.224703,0.050000
11918,-79.425209,0.050000
11919,-100.212018,0.050000
11920,-141.259399,0.050000
11921,-119.979873,0.050000
11922,-134.129872,0.050000
11923,-118.419608,0.050000
11924,-57.095480,0.050000
11925,-86.268252,0.050000
11926,-67.367154,0.050000
11927,-171.846058,0.050000
11928,-149.078518,0.050000
11929,-120.674881,0.050000
11930,-119.027458,0.050000
11931,-89.360254,0.050000
11932,-121.094017,0.050000
11933,-95.064085,0.050000
11934,-83.768387,0.050000
11935,-56.405850,0.050000
11936,-123.122298,0.050000
11937,-100.510583,0.050000
11938,-154.306821,0.050000
11939,-133.738390,0.050000
11940,-150.662063,0.050000
11941,-176.676685,0.050000
11942,-105.598916,0.050000
11943,-83.791000,0.050000
11944,-151.757507,0.050000
11945,-75.552447,0.050000
11946,-83.147569,0.050000
11947,-99.661452,0.050000
11948,-48.856785,0.050000
11949,-91.813332,0.050000
11950,-142.712919,0.050000
11951,-65.290683,0.050000
11952,-137.046684,0.050000
11953,-151.335714,0.050000
11954,-29.768461,0.050000
11955,-108.364529,0.050000
11956,-86.086564,0.050000
11957,-72.117677,0.050000
11958,-44.465448,0.050000
11959,-73.466712,0.050000
11960,-120.829469,0.050000
11961,-55.584101,0.050000
11962,-110.007999,0.050000
11963,-111.786488,0.050000
11964,-81.605581,0.050000
11965,-159.813619,0.050000
11966,-80.137638,0.050000
11967,-48.724168,0.050000
11968,-106.962737,0.050000
11969,-156.731998,0.050000
11970,-164.982227,0.050000
11971,-83.992839,0.050000
11972,-138.685691,0.050000
11973,-118.880020,0.050000
11974,-135.517530,0.050000
11975,-132.443278,0.050000
11976,-82.024855,0.050000
11977,-101.321909,0.050000
11978,-78.954863,0.050000
11979,-178.305397,0.050000
11980,-145.208847,0.050000
11981,-93.143631,0.050000
11982,-52.214832,0.050000
11983,-115.812112,0.050000
11984,-136.572478,0.050000
11985,-135.618101,0.050000
11986,-109.550583,0.050000
11987,-135.057889,0.050000
11988,-97.197389,0.050000
11989,-109.647564,0.050000
11990,-101.225692,0.050000
11991,-137.172659,0.050000
11992,-132.117596,0.050000
11993,-80.861499,0.050000
11994,-92.797520,0.050000
11995,-63.901963,0.050000
11996,-136.436162,0.050000
11997,-125.854422,0.050000
11998,-123.993973,0.050000
11999,-119.621336,0.050000
12000,-115.347749,0.050000
12001,-131.156868,0.050000
12002,-84.509550,0.050000
12003,-150.289426,0.050000
12004,-96.759649,0.050000
12005,-80.629906,0.050000
12006,-170.068185,0.050000
12007,-118.990371,0.050000
12008,-129.897796,0.050000
12009,-54.900309,0.050000
12010,-86.095783,0.050000
12011,-102.970711,0.050000
12012,-104.879714,0.050000
12013,-111.074210,0.050000
12014,-98.114702,0.050000
12015,-46.257924,0.050000
12016,-92.626277,0.050000
12017,-149.844572,0.050000
12018,-43.234892,0.050000
12019,-94.936960,0.050000
12020,-81.914938,0.050000
12021,-142.416076,0.050000
12022,-70.710381,0.050000
12023,-92.202702,0.050000
12024,-112.647505,0.050000
12025,-162.697485,0.050000
12026,-129.997490,0.050000
12027,-86.864373,0.050000
12028,-185.424746,0.050000
12029,-109.884989,0.050000
12030,-71.539166,0.050000
12031,-166.986495,0.050000
12032,-90.520971,0.050000
12033,-203.711396,0.050000
12034,-114.887739,0.050000
12035,-113.864804,0.050000
12036,-149.641395,0.050000
12037,-101.988881,0.050000
12038,-88.915615,0.050000
12039,-138.654126,0.050000
12040,-156.046673,0.050000
12041,-119.399540,0.050000
12042,-81.907427,0.050000
12043,-169.325323,0.050000
12044,-116.484329,0.050000
12045,-102.926425,0.050000
12046,-78.999251,0.050000
12047,-189.102632,0.050000
12048,-90.323413,0.050000
12049,-203.415245,0.050000
12050,-149.762848,0.050000
12051,-136.854131,0.050000
12052,-103.657133,0.050000
12053,-142.164931,0.050000
12054,-56.340011,0.050000
12055,-107.255968,0.050000
12056,-48.957804,0.050000
12057,-214.774803,0.050000
12058,-69.015653,0.050000
12059,-91.885602,0.050000
12060,-65.092035,0.050000
12061,-105.041479,0.050000
12062,-91.145361,0.050000
12063,-95.103422,0.050000
12064,-107.872130,0.050000
12065,-133.895932,0.050000
12066,-170.583156,0.050000
12067,-188.892657,0.050000
12068,-118.589746,0.050000
12069,-71.570372,0.050000
12070,-64.113174,0.050000
12071,-81.176121,0.050000
12072,-97.343042,0.050000
12073,-113.156615,0.050000
12074,-184.635482,0.050000
12075,-123.115780,0.050000
12076,-76.493052,0.050000
12077,-78.487972,0.050000
12078,-95.970832,0.050000
12079,-164.198427,0.050000
12080,-96.393111,0.050000
12081,-138.136319,0.050000
12082,-146.373436,0.050000
12083,-110.112931,0.050000
12084,-162.772201,0.050000
12085,-123.438249,0.050000
12086,-137.508259,0.050000
12087,-165.925116,0.050000
12088,-180.423760,0.050000
12089,-116.205107,0.050000
12090,-62.259140,0.050000
12091,-116.910617,0.050000
12092,-182.337518,0.050000
12093,-132.669216,0.050000
12094,-173.924311,0.050000
12095,-152.027846,0.050000
12096,-146.827757,0.050000
12097,-142.407113,0.050000
12098,-113.091198,0.050000
12099,-109.299157,0.050000
12100,-156.392347,0.050000
12101,-196.081311,0.050000
12102,-114.791894,0.050000
12103,-33.933714,0.050000
12104,-155.996185,0.050000
12105,-156.732557,0.050000
12106,-127.376251,0.050000
12107,-153.787510,0.050000
12108,-121.437463,0.050000
12109,-157.187895,0.050000
12110,-151.946293,0.050000
12111,-147.981850,0.050000
12112,-158.716682,0.050000
12113,-99.182907,0.050000
12114,-114.365704,0.050000
12115,-149.242718,0.050000
12116,-116.065807,0.050000
12117,-114.597318,0.050000
12118,-136.816029,0.050000
12119,-85.080576,0.050000
12120,-92.220207,0.050000
12121,-110.315491,0.050000
12122,-131.124893,0.050000
12123,-165.139562,0.050000
12124,-81.992268,0.050000
12125,-223.009151,0.050000
12126,-123.384220,0.050000
12127,-114.351691,0.050000
12128,-152.093736,0.050000
12129,-63.194026,0.050000
12130,-124.592584,0.050000
12131,-155.159899,0.050000
12132,-59.319408,0.050000
12133,-139.538515,0.050000
12134,-134.466720,0.050000
12135,-212.894446,0.050000
12136,-144.114968,0.050000
12137,-155.928464,0.050000
12138,-154.866692,0.050000
12139,-155.139396,0.050000
12140,-223.638480,0.050000
12141,-138.701713,0.050000
12142,-195.011775,0.050000
12143,-81.315265,0.050000
12144,-80.113070,0.050000
12145,-170.389545,0.050000
12146,-123.227101,0.050000
12147,-71.886549,0.050000
12148,-146.266477,0.050000
12149,-89.867612,0.050000
12150,-179.433706,0.050000
12151,-217.306940,0.050000
12152,-179.450661,0.050000
12153,-169.475310,0.050000
12154,-107.641611,0.050000
12155,-67.401619,0.050000
12156,-150.365027,0.050000
12157,-157.126885,0.050000
12158,-146.054808,0.050000
12159,-140.198648,0.050000
12160,-133.380433,0.050000
12161,-150.500472,0.050000
12162,-123.025367,0.050000
12163,-178.376489,0.050000
12164,-107.334256,0.050000
12165,-162.060652,0.050000
12166,-212.734731,0.050000
12167,-182.545430,0.050000
12168,-118.756497,0.050000
12169,-106.055642,0.050000
12170,-132.418582,0.050000
12171,-157.714817,0.050000
12172,-170.839077,0.050000
12173,-139.088311,0.050000
12174,-219.013690,0.050000
12175,-95.419728,0.050000
12176,-74.821595,0.050000
12177,-180.629316,0.050000
12178,-104.416693,0.050000
12179,-67.168037,0.050000
12180,-165.799313,0.050000
12181,-138.832318,0.050000
12182,-47.280546,0.050000
12183,-187.417392,0.050000
12184,-154.666637,0.050000
12185,-126.760632,0.050000
12186,-207.132494,0.050000
12187,-117.292962,0.050000
12188,-120.151028,0.050000
12189,-140.195417,0.050000
12190,-162.340387,0.050000
12191,-152.378391,0.050000
12192,-70.975835,0.050000
12193,-141.394352,0.050000
12194,-144.510261,0.050000
12195,-157.222917,0.050000
12196,-48.747778,0.050000
12197,-113.165555,0.050000
12198,-206.606992,0.050000
12199,-160.568411,0.050000
12200,-103.845035,0.050000
12201,-133.940654,0.050000
12202,-161.754301,0.050000
12203,-130.591703,0.050000
12204,-93.330234,0.050000
12205,-88.622858,0.050000
12206,-100.771999,0.050000
12207,-136.241171,0.050000
12208,-143.968850,0.050000
12209,-163.650216,0.050000
12210,-211.309007,0.050000
12211,-158.940262,0.050000
12212,-105.288008,0.050000
12213,-124.102948,0.050000
12214,-132.500665,0.050000
12215,-128.728653,0.050000
12216,-115.705018,0.050000
12217,-174.909337,0.050000
12218,-119.320013,0.050000
12219,-75.046183,0.050000
12220,-121.261407,0.050000
12221,-111.537058,0.050000
12222,-106.663683,0.050000
12223,-73.701343,0.050000
12224,-112.176793,0.050000
12225,-114.015151,0.050000
12226,-152.139436,0.050000
12227,-105.487295,0.050000
12228,-112.340791,0.050000
12229,-160.292473,0.050000
12230,-74.471487,0.050000
12231,-125.234922,0.050000
12232,-77.007680,0.050000
12233,-165.851450,0.050000
12234,-123.294491,0.050000
12235,-137.402917,0.050000
12236,-230.713459,0.050000
12237,-124.144402,0.050000
12238,-134.871264,0.050000
12239,-120.880514,0.050000
12240,-175.089375,0.050000
12241,-154.221842,0.050000
12242,-170.373948,0.050000
12243,-112.230603,0.050000
12244,-167.302383,0.050000
12245,-166.194815,0.050000
12246,-106.918206,0.050000
12247,-121.777730,0.050000
12248,-143.751125,0.050000
12249,-189.973600,0.050000
12250,-81.151280,0.050000
12251,-147.635468,0.050000
12252,-111.571180,0.050000
12253,-164.190119,0.050000
12254,-133.488196,0.050000
12255,-89.420160,0.050000
12256,-113.532460,0.050000
12257,-137.361116,0.050000
12258,-96.605564,0.050000
12259,-117.112086,0.050000
12260,-167.549319,0.050000
12261,-143.026740,0.050000
12262,-161.727027,0.050000
12263,-116.083253,0.050000
12264,-113.327574,0.050000
12265,-148.958406,0.050000
12266,-175.335520,0.050000
12267,-45.288428,0.050000
12268,-93.039787,0.050000
12269,-150.477348,0.050000
12270,-153.085343,0.050000
12271,-88.467861,0.050000
12272,-63.372733,0.050000
12273,-113.662339,0.050000
12274,-128.028007,0.050000
12275,-88.899135,0.050000
12276,-92.231591,0.050000
12277,-207.115395,0.050000
12278,-105.657250,0.050000
12279,-173.633569,0.050000
12280,-139.812129,0.050000
12281,-187.241744,0.050000
12282,-140.821228,0.050000
12283,-115.725667,0.050000
12284,-131.558631,0.050000
12285,-197.837368,0.050000
12286,-145.051371,0.050000
12287,-108.437618,0.050000
12288,-128.481019,0.050000
12289,-186.392954,0.050000
12290,-139.521588,0.050000
12291,-103.358985,0.050000
12292,-137.819984,0.050000
12293,-154.019397,0.050000
12294,-112.921526,0.050000
12295,-75.969301,0.050000
12296,-185.534762,0.050000
12297,-63.063507,0.050000
12298,-80.261543,0.050000
12299,-133.583511,0.050000
12300,-136.184569,0.050000
12301,-122.688912,0.050000
12302,-161.276184,0.050000
12303,-170.856275,0.050000
12304,-162.786520,0.050000
12305,-94.490805,0.050000
12306,-114.354324,0.050000
12307,-146.356441,0.050000
12308,-117.129001,0.050000
12309,-174.633794,0.050000
12310,-127.384157,0.050000
12311,-136.963114,0.050000
12312,-120.001562,0.050000
12313,-136.741166,0.050000
12314,-146.351345,0.050000
12315,-148.522189,0.050000
12316,-53.114334,0.050000
12317,-136.296266,0.050000
12318,-63.558722,0.050000
12319,-79.663773,0.050000
12320,-102.174632,0.050000
12321,-64.520281,0.050000
12322,-138.388149,0.050000
12323,-117.106545,0.050000
12324,-101.676066,0.050000
12325,-103.238127,0.050000
12326,-134.808060,0.050000
12327,-35.901017,0.050000
12328,-163.185973,0.050000
12329,-122.302877,0.050000
12330,-102.323215,0.050000
12331,-112.291566,0.050000
12332,-123.661080,0.050000
12333,-129.306286,0.050000
12334,-126.664494,0.050000
12335,-164.816492,0.050000
12336,-194.152271,0.050000
12337,-135.685804,0.050000
12338,-156.990131,0.050000
12339,-144.450114,0.050000
12340,-120.257470,0.050000
12341,-98.955683,0.050000
12342,-127.647812,0.050000
12343,-137.858915,0.050000
12344,-169.315997,0.050000
12345,-143.939302,0.050000
12346,-100.234265,0.050000
12347,-103.147127,0.050000
12348,-163.768078,0.050000
12349,-143.359228,0.050000
12350,-150.519003,0.050000
12351,-169.151268,0.050000
12352,-172.393255,0.050000
12353,-165.086156,0.050000
12354,-52.169754,0.050000
12355,-156.963167,0.050000
12356,-157.469627,0.050000
12357,-108.302069,0.050000
12358,-136.749535,0.050000
12359,-218.438892,0.050000
12360,-83.922287,0.050000
12361,-187.911427,0.050000
12362,-169.656643,0.050000
12363,-125.810035,0.050000
12364,-38.393721,0.050000
12365,-225.687795,0.050000
12366,-139.676917,0.050000
12367,-125.746654,0.050000
12368,-209.285229,0.050000
12369,-170.948091,0.050000
12370,-124.599012,0.050000
12371,-106.220684,0.050000
12372,-117.911007,0.050000
12373,-67.199337,0.050000
12374,-98.540248,0.050000
12375,-96.005356,0.050000
12376,-104.204726,0.050000
12377,-223.035059,0.050000
12378,-175.516135,0.050000
12379,-144.573655,0.050000
12380,-118.160121,0.050000
12381,-176.749628,0.050000
12382,-119.323554,0.050000
12383,-203.915933,0.050000
12384,-198.357801,0.050000
12385,-66.168157,0.050000
12386,-72.861182,0.050000
12387,-115.634995,0.050000
12388,-132.474551,0.050000
12389,-113.230531,0.050000
12390,-146.626518,0.050000
12391,-90.735503,0.050000
12392,-95.234337,0.050000
12393,-195.404969,0.050000
12394,-151.366733,0.050000
12395,-128.875680,0.050000
12396,-163.972178,0.050000
12397,-151.212457,0.050000
12398,-176.879968,0.050000
12399,-117.508549,0.050000
12400,-99.822644,0.050000
12401,-99.954750,0.050000
12402,-150.061343,0.050000
12403,-115.355928,0.050000
12404,-104.483908,0.050000
12405,-77.620520,0.050000
12406,-112.659091,0.050000
12407,-163.436242,0.050000
12408,-122.033340,0.050000
12409,-143.435038,0.050000
12410,-83.330853,0.050000
12411,-116.893590,0.050000
12412,-147.787610,0.050000
12413,-133.138635,0.050000
12414,-188.192921,0.050000
12415,-146.468632,0.050000
12416,-104.031987,0.050000
12417,-75.580707,0.050000
12418,-188.218646,0.050000
12419,-80.325065,0.050000
12420,-104.157929,0.050000
12421,-63.310287,0.050000
12422,-118.600760,0.050000
12423,-102.526552,0.050000
12424,-106.036815,0.050000
12425,-84.724230,0.050000
12426,-70.764646,0.050000
12427,-119.679781,0.050000
12428,-127.073851,0.050000
12429,-121.680309,0.050000
12430,-100.438948,0.050000
12431,-84.453455,0.050000
12432,-61.704418,0.050000
12433,-124.375111,0.050000
12434,-52.190245,0.050000
12435,-119.637258,0.050000
12436,-135.148464,0.050000
12437,-67.208583,0.050000
12438,-101.841532,0.050000
12439,-60.478629,0.050000
12440,-88.206532,0.050000
12441,-114.422561,0.050000
12442,-115.474289,0.050000
12443,-140.611893,0.050000
12444,-109.656238,0.050000
12445,-140.681649,0.050000
12446,-83.705215,0.050000
12447,-110.365370,0.050000
12448,-91.897834,0.050000
12449,-91.135796,0.050000
12450,-88.878677,0.050000
12451,-164.429925,0.050000
12452,-158.541295,0.050000
12453,-66.657432,0.050000
12454,-67.321972,0.050000
12455,-126.652387,0.050000
12456,-66.347553,0.050000
12457,-85.082551,0.050000
12458,-57.847196,0.050000
12459,-143.367634,0.050000
12460,-120.966688,0.050000
12461,-113.718805,0.050000
12462,-82.606196,0.050000
12463,-111.573598,0.050000
12464,-95.458911,0.050000
12465,-104.946252,0.050000
12466,-80.328944,0.050000
12467,-77.222470,0.050000
12468,-91.376394,0.050000
12469,-123.401156,0.050000
12470,-89.797395,0.050000
12471,-91.449178,0.050000
12472,-107.371768,0.050000
12473,-95.489719,0.050000
12474,-88.104228,0.050000
12475,-153.953005,0.050000
12476,-126.183067,0.050000
12477,-118.494685,0.050000
12478,-106.724789,0.050000
12479,-121.461978,0.050000
12480,-82.476469,0.050000
12481,-118.119603,0.050000
12482,-103.302511,0.050000
12483,-70.687654,0.050000
12484,-96.928644,0.050000
12485,-65.087265,0.050000
12486,-118.525200,0.050000
12487,-86.093137,0.050000
12488,-98.351143,0.050000
12489,-65.885057,0.050000
12490,-57.095977,0.050000
12491,-148.561618,0.050000
12492,-102.638264,0.050000
12493,-82.230545,0.050000
12494,-56.411677,0.050000
12495,-147.424630,0.050000
12496,-121.906914,0.050000
12497,-122.401569,0.050000
12498,-117.298657,0.050000
12499,-152.392214,0.050000
12500,-90.842792,0.050000
12501,-118.102151,0.050000
12502,-159.313667,0.050000
12503,-157.066565,0.050000
12504,-111.691634,0.050000
12505,-127.126363,0.050000
12506,-116.660360,0.050000
12507,-162.428034,0.050000
12508,-179.703843,0.050000
12509,-136.603322,0.050000
12510,-103.711522,0.050000
12511,-52.652407,0.050000
12512,-133.051552,0.050000
12513,-129.909358,0.050000
12514,-122.958310,0.050000
12515,-150.473281,0.050000
12516,-102.287292,0.050000
12517,-96.936048,0.050000
12518,-96.879534,0.050000
12519,-91.251573,0.050000
12520,-136.236060,0.050000
12521,-108.764964,0.050000
12522,-61.403828,0.050000
12523,-126.858534,0.050000
12524,-163.684540,0.050000
12525,-103.963163,0.050000
12526,-64.046893,0.050000
12527,-45.037310,0.050000
12528,-53.073829,0.050000
12529,-112.706752,0.050000
12530,-106.990387,0.050000
12531,-97.078247,0.050000
12532,-87.452882,0.050000
12533,-142.236120,0.050000
12534,-89.777392,0.050000
12535,-114.758461,0.050000
12536,-203.271199,0.050000
12537,-128.563465,0.050000
12538,-137.327456,0.050000
12539,-152.824747,0.050000
12540,-149.156316,0.050000
12541,-81.680972,0.050000
12542,-123.150659,0.050000
12543,-98.371865,0.050000
12544,-94.380634,0.050000
12545,-139.766686,0.050000
12546,-97.969343,0.050000
12547,-112.874647,0.050000
12548,-100.341072,0.050000
12549,-123.212714,0.050000
12550,-84.865017,0.050000
12551,-151.466753,0.050000
12552,-131.530900,0.050000
12553,-151.742692,0.050000
12554,-155.703101,0.050000
12555,-133.068740,0.050000
12556,-125.260219,0.050000
12557,-93.407960,0.050000
12558,-141.225459,0.050000
12559,-129.777593,0.050000
12560,-136.097424,0.050000
12561,-168.639539,0.050000
12562,-183.984134,0.050000
12563,-127.977637,0.050000
12564,-173.405633,0.050000
12565,-135.440718,0.050000
12566,-177.526099,0.050000
12567,-77.013862,0.050000
12568,-180.369945,0.050000
12569,-100.814184,0.050000
12570,-172.227759,0.050000
12571,-107.783747,0.050000
12572,-146.635320,0.050000
12573,-103.385302,0.050000
12574,-120.353465,0.050000
12575,-158.490452,0.050000
12576,-173.909757,0.050000
12577,-171.096894,0.050000
12578,-130.503634,0.050000
12579,-116.876658,0.050000
12580,-142.581081,0.050000
12581,-118.897793,0.050000
12582,-114.491693,0.050000
12583,-166.574250,0.050000
12584,-115.106887,0.050000
12585,-62.045594,0.050000
12586,-116.721767,0.050000
12587,-94.444941,0.050000
12588,-151.643646,0.050000
12589,-101.125446,0.050000
12590,-155.219240,0.050000
12591,-199.607231,0.050000
12592,-89.353775,0.050000
12593,-57.387532,0.050000
12594,-164.329867,0.050000
12595,-99.418379,0.050000
12596,-142.524051,0.050000
12597,-94.790139,0.050000
12598,-59.292888,0.050000
12599,-129.391779,0.050000
12600,-172.714322,0.050000
12601,-178.116254,0.050000
12602,-168.543120,0.050000
12603,-113.296822,0.050000
12604,-199.769289,0.050000
12605,-145.093065,0.050000
12606,-65.301863,0.050000
12607,-150.518795,0.050000
12608,-134.080504,0.050000
12609,-117.843764,0.050000
12610,-175.314360,0.050000
12611,-141.027434,0.050000
12612,-110.854745,0.050000
12613,-179.326641,0.050000
12614,-131.253851,0.050000
12615,-98.421332,0.050000
12616,-113.521631,0.050000
12617,-166.653260,0.050000
12618,-61.951152,0.050000
12619,-105.977113,0.050000
12620,-209.029552,0.050000
12621,-144.409135,0.050000
12622,-116.737151,0.050000
12623,-168.329421,0.050000
12624,-69.173315,0.050000
12625,-85.178259,0.050000
12626,-171.958521,0.050000
12627,-178.901192,0.050000
12628,-128.016032,0.050000
12629,-129.048828,0.050000
12630,-87.132679,0.050000
12631,-126.721123,0.050000
12632,-126.836214,0.050000
12633,-193.409215,0.050000
12634,-110.008724,0.050000
12635,-174.288712,0.050000
12636,-160.746649,0.050000
12637,-122.614251,0.050000
12638,-136.953563,0.050000
12639,-95.821732,0.050000
12640,-90.666654,0.050000
12641,-112.557720,0.050000
12642,-182.561835,0.050000
12643,-119.714939,0.050000
12644,-177.388721,0.050000
12645,-94.557195,0.050000
12646,-83.747113,0.050000
12647,-146.021663,0.050000
12648,-227.261998,0.050000
12649,-74.491051,0.050000
12650,-68.526750,0.050000
12651,-110.768029,0.050000
12652,-138.621344,0.050000
12653,-149.329489,0.050000
12654,-90.657757,0.050000
12655,-164.267022,0.050000
12656,-115.011330,0.050000
12657,-131.282735,0.050000
12658,-109.488612,0.050000
12659,-144.022296,0.050000
12660,-136.649248,0.050000
12661,-132.955108,0.050000
12662,-119.045228,0.050000
12663,-94.072452,0.050000
12664,-132.781615,0.050000
12665,-105.146674,0.050000
12666,-100.445268,0.050000
12667,-140.621036,0.050000
12668,-71.934359,0.050000
12669,-206.386768,0.050000
12670,-193.928172,0.050000
12671,-128.208651,0.050000
12672,-252.487089,0.050000
12673,-192.226656,0.050000
12674,-110.807262,0.050000
12675,-212.206243,0.050000
12676,-84.949095,0.050000
12677,-80.564461,0.050000
12678,-88.858399,0.050000
12679,-106.577908,0.050000
12680,-91.852021,0.050000
12681,-143.276273,0.050000
12682,-216.432509,0.050000
12683,-154.689789,0.050000
12684,-155.599875,0.050000
12685,-128.508727,0.050000
12686,-131.993333,0.050000
12687,-130.445416,0.050000
12688,-154.822991,0.050000
12689,-127.685035,0.050000
12690,-121.896673,0.050000
12691,-115.792184,0.050000
12692,-177.111132,0.050000
12693,-157.822933,0.050000
12694,-101.862640,0.050000
12695,-212.139923,0.050000
12696,-163.711542,0.050000
12697,-114.401072,0.050000
12698,-185.747640,0.050000
12699,-115.087430,0.050000
12700,-121.284442,0.050000
12701,-96.146355,0.050000
12702,-126.246164,0.050000
12703,-211.654174,0.050000
12704,-166.405713,0.050000
12705,-142.219843,0.050000
12706,-128.761980,0.050000
12707,-77.182206,0.050000
12708,-169.214726,0.050000
12709,-116.675742,0.050000
12710,-168.476328,0.050000
12711,-219.650951,0.050000
12712,-174.957846,0.050000
12713,-57.736035,0.050000
12714,-167.134991,0.050000
12715,-102.125240,0.050000
12716,-138.464295,0.050000
12717,-85.788349,0.050000
12718,-102.664237,0.050000
12719,-94.486088,0.050000
12720,-190.886061,0.050000
12721,-122.523268,0.050000
12722,-139.257353,0.050000
12723,-144.153829,0.050000
12724,-113.752709,0.050000
12725,-154.738493,0.050000
12726,-175.200407,0.050000
12727,-143.185694,0.050000
12728,-104.049834,0.050000
12729,-198.462720,0.050000
12730,-98.591556,0.050000
12731,-58.094859,0.050000
12732,-135.282355,0.050000
12733,-131.252520,0.050000
12734,-152.642396,0.050000
12735,-164.931785,0.050000
12736,-119.662784,0.050000
12737,-203.666519,0.050000
12738,-185.501263,0.050000
12739,-111.060688,0.050000
12740,-152.251682,0.050000
12741,-123.135784,0.050000
12742,-142.829155,0.050000
12743,-133.692483,0.050000
12744,-152.692484,0.050000
12745,-166.384454,0.050000
12746,-125.241246,0.050000
12747,-224.400952,0.050000
12748,-130.738234,0.050000
12749,-169.228811,0.050000
12750,-69.875537,0.050000
12751,-235.616780,0.050000
12752,-176.252347,0.050000
12753,-173.503112,0.050000
12754,-181.545898,0.050000
12755,-131.095471,0.050000
12756,-229.311248,0.050000
12757,-127.973114,0.050000
12758,-108.490605,0.050000
12759,-212.933370,0.050000
12760,-94.375135,0.050000
12761,-168.036489,0.050000
12762,-60.676148,0.050000
12763,-205.339393,0.050000
12764,-172.004127,0.050000
12765,-160.020333,0.050000
12766,-277.732519,0.050000
12767,-152.779887,0.050000
12768,-126.411676,0.050000
12769,-195.557240,0.050000
12770,-87.494071,0.050000
12771,-135.605194,0.050000
12772,-141.948581,0.050000
12773,-77.575547,0.050000
12774,-186.037619,0.050000
12775,-156.634791,0.050000
12776,-155.217928,0.050000
12777,-143.564404,0.050000
12778,-121.249869,0.050000
12779,-164.941929,0.050000
12780,-219.313331,0.050000
12781,-157.137838,0.050000
12782,-133.568978,0.050000
12783,-209.884601,0.050000
12784,-154.070609,0.050000
12785,-134.254395,0.050000
12786,-136.580064,0.050000
12787,-205.895366,0.050000
12788,-63.670327,0.050000
12789,-107.544478,0.050000
12790,-132.866416,0.050000
12791,-96.662295,0.050000
12792,-97.010510,0.050000
12793,-174.232042,0.050000
12794,-56.338278,0.050000
12795,-172.653258,0.050000
12796,-173.107691,0.050000
12797,-150.471046,0.050000
12798,-206.128631,0.050000
12799,-143.303083,0.050000
12800,-202.726699,0.050000
12801,-166.874479,0.050000
12802,-122.783886,0.050000
12803,-174.935432,0.050000
12804,-174.407740,0.050000
12805,-120.865664,0.050000
12806,-127.108401,0.050000
12807,-107.726861,0.050000
12808,-60.289870,0.050000
12809,-148.396625,0.050000
12810,-162.477181,0.050000
12811,-166.573125,0.050000
12812,-206.389637,0.050000
12813,-139.725898,0.050000
12814,-172.656651,0.050000
12815,-143.262131,0.050000
12816,-125.619976,0.050000
12817,-157.642935,0.050000
12818,-62.327137,0.050000
12819,-157.364201,0.050000
12820,-129.648751,0.050000
12821,-125.716176,0.050000
12822,-87.438130,0.050000
12823,-77.964192,0.050000
12824,-114.930666,0.050000
12825,-144.379003,0.050000
12826,-148.375036,0.050000
12827,-146.031545,0.050000
12828,-93.081690,0.050000
12829,-49.503199,0.050000
12830,-147.186706,0.050000
12831,-153.917288,0.050000
12832,-162.008521,0.050000
12833,-120.357751,0.050000
12834,-153.028326,0.050000
12835,-109.695936,0.050000
12836,-114.397052,0.050000
12837,-80.997648,0.050000
12838,-119.670515,0.050000
12839,-131.679227,0.050000
12840,-183.061101,0.050000
12841,-116.787660,0.050000
12842,-170.678878,0.050000
12843,-180.213916,0.050000
12844,-195.741952,0.050000
12845,-127.275614,0.050000
12846,-122.527914,0.050000
12847,-93.177540,0.050000
12848,-143.341693,0.050000
12849,-167.585849,0.050000
12850,-129.949831,0.050000
12851,-111.079322,0.050000
12852,-136.069157,0.050000
12853,-167.188259,0.050000
12854,-142.180155,0.050000
12855,-142.888344,0.050000
12856,-71.509985,0.050000
12857,-106.785848,0.050000
12858,-89.926122,0.050000
12859,-73.934784,0.050000
12860,-115.265306,0.050000
12861,-146.210328,0.050000
12862,-116.900036,0.050000
12863,-158.873581,0.050000
12864,-85.269944,0.050000
12865,-122.130151,0.050000
12866,-104.463685,0.050000
12867,-152.601931,0.050000
12868,-110.326063,0.050000
12869,-125.983735,0.050000
12870,-126.484762,0.050000
12871,-92.699071,0.050000
12872,-94.693179,0.050000
12873,-70.437464,0.050000
12874,-104.110986,0.050000
12875,-103.948890,0.050000
12876,-173.443969,0.050000
12877,-103.917546,0.050000
12878,-120.687090,0.050000
12879,-158.611768,0.050000
12880,-122.142626,0.050000
12881,-124.688374,0.050000
12882,-215.368983,0.050000
12883,-59.045639,0.050000
12884,-79.126983,0.050000
12885,-115.500083,0.050000
12886,-133.092700,0.050000
12887,-87.766536,0.050000
12888,-166.950314,0.050000
12889,-114.890427,0.050000
12890,-117.007807,0.050000
12891,-108.712900,0.050000
12892,-91.837100,0.050000
12893,-31.720944,0.050000
12894,-154.633952,0.050000
12895,-103.491866,0.050000
12896,-103.077815,0.050000
12897,-99.191828,0.050000
12898,-105.135505,0.050000
12899,-134.030239,0.050000
12900,-161.394357,0.050000
12901,-84.713401,0.050000
12902,-52.767380,0.050000
12903,-104.686291,0.050000
12904,-60.359628,0.050000
12905,-130.720493,0.050000
12906,-158.875864,0.050000
12907,-155.156655,0.050000
12908,-160.662832,0.050000
12909,-225.575866,0.050000
12910,-160.167210,0.050000
12911,-211.880609,0.050000
12912,-92.380402,0.050000
12913,-177.678002,0.050000
12914,-131.404090,0.050000
12915,-98.005294,0.050000
12916,-159.524823,0.050000
12917,-146.262364,0.050000
12918,-217.561944,0.050000
12919,-142.263739,0.050000
12920,-172.964293,0.050000
12921,-146.521360,0.050000
12922,-116.759425,0.050000
12923,-150.692952,0.050000
12924,-155.231571,0.050000
12925,-162.158292,0.050000
12926,-139.990087,0.050000
12927,-102.410936,0.050000
12928,-206.819001,0.050000
12929,-115.499576,0.050000
12930,-51.717774,0.050000
12931,-167.006657,0.050000
12932,-176.437795,0.050000
12933,-126.732257,0.050000
12934,-116.015565,0.050000
12935,-162.628058,0.050000
12936,-71.401242,0.050000
12937,-71.829363,0.050000
12938,-75.014054,0.050000
12939,-137.264303,0.050000
12940,-208.925455,0.050000
12941,-174.846224,0.050000
12942,-125.723622,0.050000
12943,-166.640867,0.050000
12944,-83.131413,0.050000
12945,-148.245581,0.050000
12946,-126.511269,0.050000
12947,-142.580351,0.050000
12948,-125.028390,0.050000
12949,-170.564174,0.050000
12950,-153.601483,0.050000
12951,-155.281897,0.050000
12952,-124.866023,0.050000
12953,-162.606576,0.050000
12954,-185.188588,0.050000
12955,-119.627914,0.050000
12956,-121.108846,0.050000
12957,-113.651336,0.050000
12958,-223.904476,0.050000
12959,-84.146753,0.050000
12960,-52.069363,0.050000
12961,-134.630754,0.050000
12962,-182.725698,0.050000
12963,-107.338113,0.050000
12964,-133.683265,0.050000
12965,-164.836262,0.050000
12966,-163.206808,0.050000
12967,-83.828295,0.050000
12968,-160.653636,0.050000
12969,-192.463800,0.050000
12970,-165.017750,0.050000
12971,-103.961691,0.050000
12972,-127.368193,0.050000
12973,-157.971380,0.050000
12974,-206.973664,0.050000
12975,-218.226233,0.050000
12976,-95.414342,0.050000
12977,-150.132953,0.050000
12978,-106.999499,0.050000
12979,-182.139712,0.050000
12980,-157.335857,0.050000
12981,-113.570161,0.050000
12982,-228.577275,0.050000
12983,-153.938531,0.050000
12984,-228.920526,0.050000
12985,-119.257491,0.050000
12986,-210.085389,0.050000
12987,-158.077168,0.050000
12988,-171.074333,0.050000
12989,-157.369090,0.050000
12990,-212.064557,0.050000
12991,-125.986107,0.050000
12992,-131.389823,0.050000
12993,-225.379510,0.050000
12994,-157.679564,0.050000
12995,-82.683437,0.050000
12996,-155.821081,0.050000
12997,-137.366018,0.050000
12998,-149.605110,0.050000
12999,-125.977607,0.050000
13000,-165.461992,0.050000
13001,-135.357343,0.050000
13002,-180.967343,0.050000
13003,-239.555334,0.050000
13004,-146.939727,0.050000
13005,-245.873982,0.050000
13006,-122.904566,0.050000
13007,-168.074046,0.050000
13008,-68.433179,0.050000
13009,-168.157940,0.050000
13010,-86.839479,0.050000
13011,-171.557116,0.050000
13012,-215.448072,0.050000
13013,-88.906379,0.050000
13014,-152.633783,0.050000
13015,-208.519052,0.050000
13016,-148.368452,0.050000
13017,-130.459221,0.050000
13018,-204.654985,0.050000
13019,-156.240900,0.050000
13020,-230.035754,0.050000
13021,-89.999859,0.050000
13022,-149.559009,0.050000
13023,-94.413792,0.050000
13024,-140.892645,0.050000
13025,-150.017647,0.050000
13026,-191.485332,0.050000
13027,-133.547911,0.050000
13028,-193.878880,0.050000
13029,-200.718073,0.050000
13030,-182.887543,0.050000
13031,-161.105466,0.050000
13032,-138.266018,0.050000
13033,-107.848915,0.050000
13034,-187.448513,0.050000
13035,-139.643275,0.050000
13036,-114.737285,0.050000
13037,-85.991953,0.050000
13038,-239.948766,0.050000
13039,-128.251861,0.050000
13040,-182.736521,0.050000
13041,-180.441641,0.050000
13042,-147.974635,0.050000
13043,-65.964593,0.050000
13044,-100.655729,0.050000
13045,-186.827085,0.050000
13046,-149.847085,0.050000
13047,-119.525846,0.050000
13048,-103.285097,0.050000
13049,-108.531840,0.050000
13050,-134.660967,0.050000
13051,-80.715973,0.050000
13052,-168.587219,0.050000
13053,-192.372661,0.050000
13054,-153.490086,0.050000
13055,-101.325073,0.050000
13056,-141.268607,0.050000
13057,-92.849050,0.050000
13058,-87.529260,0.050000
13059,-90.282128,0.050000
13060,-83.809746,0.050000
13061,-115.674610,0.050000
13062,-229.660128,0.050000
13063,-91.966871,0.050000
13064,-127.074985,0.050000
13065,-143.417714,0.050000
13066,-190.641074,0.050000
13067,-104.796487,0.050000
13068,-160.412200,0.050000
13069,-167.638761,0.050000
13070,-91.096803,0.050000
13071,-172.979587,0.050000
13072,-135.333771,0.050000
13073,-151.430428,0.050000
13074,-127.289015,0.050000
13075,-200.352110,0.050000
13076,-184.693587,0.050000
13077,-229.206849,0.050000
13078,-150.933057,0.050000
13079,-170.788634,0.050000
13080,-129.788178,0.050000
13081,-97.975902,0.050000
13082,-126.718242,0.050000
13083,-99.941921,0.050000
13084,-172.426727,0.050000
13085,-115.023196,0.050000
13086,-172.235714,0.050000
13087,-112.355276,0.050000
13088,-177.494025,0.050000
13089,-95.074939,0.050000
13090,-136.176712,0.050000
13091,-145.937812,0.050000
13092,-120.848550,0.050000
13093,-121.541384,0.050000
13094,-158.033315,0.050000
13095,-114.447886,0.050000
13096,-138.905034,0.050000
13097,-128.260916,0.050000
13098,-187.267583,0.050000
13099,-91.070716,0.050000
13100,-154.555770,0.045000
13101,-118.416298,0.045000
13102,-159.051890,0.045000
13103,-158.622550,0.045000
13104,-148.707546,0.045000
13105,-47.421684,0.045000
13106,-154.860945,0.045000
13107,-136.909471,0.045000
13108,-133.397096,0.045000
13109,-172.160472,0.045000
13110,-206.111501,0.045000
13111,-89.021702,0.045000
13112,-181.841700,0.045000
13113,-160.435593,0.045000
13114,-127.547559,0.045000
13115,-109.530348,0.045000
13116,-154.651591,0.045000
13117,-176.884526,0.045000
13118,-162.242054,0.045000
13119,-167.519312,0.045000
13120,-194.053421,0.045000
13121,-104.561659,0.045000
13122,-99.964657,0.045000
13123,-156.482702,0.045000
13124,-135.206139,0.045000
13125,-187.276382,0.045000
13126,-122.949737,0.045000
13127,-141.768167,0.045000
13128,-165.170215,0.045000
13129,-102.907238,0.045000
13130,-97.826481,0.045000
13131,-169.403852,0.045000
13132,-84.286637,0.045000
13133,-151.051750,0.045000
13134,-73.609939,0.045000
13135,-136.946129,0.045000
13136,-117.955624,0.045000
13137,-88.523842,0.045000
13138,-108.476145,0.045000
13139,-99.734047,0.045000
13140,-64.566360,0.045000
13141,-171.337428,0.045000
13142,-56.058368,0.045000
13143,-159.872910,0.045000
13144,-200.927015,0.045000
13145,-121.702262,0.045000
13146,-124.754696,0.045000
13147,-158.057436,0.045000
13148,-130.996505,0.045000
13149,-118.514329,0.045000
13150,-112.786480,0.045000
13151,-211.928044,0.045000
13152,-85.315616,0.045000
13153,-122.133799,0.045000
13154,-214.820525,0.045000
13155,-94.412641,0.045000
13156,-133.718837,0.045000
13157,-170.581013,0.045000
13158,-134.832737,0.045000
13159,-103.910648,0.045000
13160,-125.862565,0.045000
13161,-178.743904,0.045000
13162,-53.295717,0.045000
13163,-153.710049,0.045000
13164,-155.133655,0.045000
13165,-63.594541,0.045000
13166,-99.453192,0.045000
13167,-113.946539,0.045000
13168,-121.620107,0.045000
13169,-110.874857,0.045000
13170,-189.014802,0.045000
13171,-111.799895,0.045000
13172,-144.447895,0.045000
13173,-149.803959,0.045000
13174,-115.299883,0.045000
13175,-144.722575,0.045000
13176,-164.605055,0.045000
13177,-136.945235,0.045000
13178,-147.655991,0.045000
13179,-104.203480,0.045000
13180,-203.159718,0.045000
13181,-120.186126,0.045000
13182,-142.270362,0.045000
13183,-176.289829,0.045000
13184,-91.417408,0.045000
13185,-37.316744,0.045000
13186,-149.697633,0.045000
13187,-98.674771,0.045000
13188,-143.846376,0.045000
13189,-122.852771,0.045000
13190,-134.731302,0.045000
13191,-156.276682,0.045000
13192,-129.652966,0.045000
13193,-98.415267,0.045000
13194,-117.777769,0.045000
13195,-189.908000,0.045000
13196,-107.981618,0.045000
13197,-139.256055,0.045000
13198,-131.704907,0.045000
13199,-148.922848,0.045000
13200,-120.949128,0.040500
13201,-223.840380,0.040500
13202,-136.125313,0.040500
13203,-105.416492,0.040500
13204,-133.048320,0.040500
13205,-173.986678,0.040500
13206,-143.921808,0.040500
13207,-120.102919,0.040500
13208,-156.347703,0.040500
13209,-129.191800,0.040500
13210,-187.380042,0.040500
13211,-144.862648,0.040500
13212,-180.258285,0.040500
13213,-147.068778,0.040500
13214,-108.270878,0.040500
13215,-154.045727,0.040500
13216,-45.177376,0.040500
13217,-136.170340,0.040500
13218,-58.150521,0.040500
13219,-83.575465,0.040500
13220,-151.217874,0.040500
13221,-125.957085,0.040500
13222,-140.631506,0.040500
13223,-140.039566,0.040500
13224,-193.179697,0.040500
13225,-127.212723,0.040500
13226,-176.962423,0.040500
13227,-182.256914,0.040500
13228,-90.183200,0.040500
13229,-150.883927,0.040500
13230,-164.831693,0.040500
13231,-112.427526,0.040500
13232,-163.910068,0.040500
13233,-156.536726,0.040500
13234,-154.663348,0.040500
13235,-169.683451,0.040500
13236,-129.027540,0.040500
13237,-120.647621,0.040500
13238,-149.192611,0.040500
13239,-150.461271,0.040500
13240,-112.365775,0.040500
13241,-138.336171,0.040500
13242,-174.789800,0.040500
13243,-202.995634,0.040500
13244,-128.477281,0.040500
13245,-135.594527,0.040500
13246,-222.423329,0.040500
13247,-99.657133,0.040500
13248,-138.320430,0.040500
13249,-110.150679,0.040500
13250,-170.444932,0.040500
13251,-110.732119,0.040500
13252,-88.143365,0.040500
13253,-158.703504,0.040500
13254,-187.428046,0.040500
13255,-199.886570,0.040500
13256,-157.258066,0.040500
13257,-246.226350,0.040500
13258,-162.249231,0.040500
13259,-141.571627,0.040500
13260,-167.512257,0.040500
13261,-123.389359,0.040500
13262,-150.116422,0.040500
13263,-137.584423,0.040500
13264,-89.612193,0.040500
13265,-77.688733,0.040500
13266,-187.993473,0.040500
13267,-184.066570,0.040500
13268,-137.567898,0.040500
13269,-146.720936,0.040500
13270,-114.106838,0.040500
13271,-180.027849,0.040500
13272,-130.132537,0.040500
13273,-136.171299,0.040500
13274,-159.275681,0.040500
13275,-163.390050,0.040500
13276,-229.005208,0.040500
13277,-166.294274,0.040500
13278,-118.476005,0.040500
13279,-143.730658,0.040500
13280,-114.944726,0.040500
13281,-112.163268,0.040500
13282,-217.923729,0.040500
13283,-170.682378,0.040500
13284,-195.335443,0.040500
13285,-121.766619,0.040500
13286,-146.021278,0.040500
13287,-145.011595,0.040500
13288,-186.067829,0.040500
13289,-144.220470,0.040500
13290,-160.281060,0.040500
13291,-201.071772,0.040500
13292,-136.785931,0.040500
13293,-140.010978,0.040500
13294,-141.013167,0.040500
13295,-106.669372,0.040500
13296,-144.305233,0.040500
13297,-169.081923,0.040500
13298,-172.750131,0.040500
13299,-80.625715,0.040500
13300,-132.958953,0.036450
13301,-147.998511,0.036450
13302,-119.435066,0.036450
13303,-116.579324,0.036450
13304,-235.873797,0.036450
13305,-240.143565,0.036450
13306,-132.635323,0.036450
13307,-98.646552,0.036450
13308,-119.489590,0.036450
13309,-174.008514,0.036450
13310,-142.132887,0.036450
13311,-147.125750,0.036450
13312,-103.772351,0.036450
13313,-100.306467,0.036450
13314,-166.556048,0.036450
13315,-111.582716,0.036450
13316,-218.868300,0.036450
13317,-154.589844,0.036450
13318,-211.243616,0.036450
13319,-154.390519,0.036450
13320,-66.377529,0.036450
13321,-160.081721,0.036450
13322,-137.522568,0.036450
13323,-155.781257,0.036450
13324,-187.311131,0.036450
13325,-134.036120,0.036450
13326,-208.754723,0.036450
13327,-109.472121,0.036450
13328,-144.141721,0.036450
13329,-144.979731,0.036450
13330,-162.232838,0.036450
13331,-154.909224,0.036450
13332,-82.151086,0.036450
13333,-119.689723,0.036450
13334,-163.547359,0.036450
13335,-152.602458,0.036450
13336,-189.906409,0.036450
13337,-204.958129,0.036450
13338,-128.987521,0.036450
13339,-89.220098,0.036450
13340,-117.064945,0.036450
13341,-133.936776,0.036450
13342,-153.297978,0.036450
13343,-127.132508,0.036450
13344,-82.118753,0.036450
13345,-135.240233,0.036450
13346,-84.878025,0.036450
13347,-130.489397,0.036450
13348,-65.489594,0.036450
13349,-118.725439,0.036450
13350,-128.147716,0.036450
13351,-133.397210,0.036450
13352,-77.738431,0.036450
13353,-173.277571,0.036450
13354,-101.898452,0.036450
13355,-75.250911,0.036450
13356,-167.635871,0.036450
13357,-159.606565,0.036450
13358,-155.129437,0.036450
13359,-217.569109,0.036450
13360,-169.975483,0.036450
13361,-137.099364,0.036450
13362,-220.653995,0.036450
13363,-174.794020,0.036450
13364,-149.333331,0.036450
13365,-145.852917,0.036450
13366,-95.673450,0.036450
13367,-132.600027,0.036450
13368,-142.747331,0.036450
13369,-95.638886,0.036450
13370,-138.177389,0.036450
13371,-145.383091,0.036450
13372,-167.579436,0.036450
13373,-211.639134,0.036450
13374,-190.573371,0.036450
13375,-182.303078,0.036450
13376,-178.004436,0.036450
13377,-122.407168,0.036450
13378,-111.044412,0.036450
13379,-178.966720,0.036450
13380,-148.586647,0.036450
13381,-184.547470,0.036450
13382,-203.414384,0.036450
13383,-131.405389,0.036450
13384,-124.071738,0.036450
13385,-97.799243,0.036450
13386,-139.374697,0.036450
13387,-58.805507,0.036450
13388,-126.276419,0.036450
13389,-187.133790,0.036450
13390,-94.023699,0.036450
13391,-133.052987,0.036450
13392,-158.287362,0.036450
13393,-175.651801,0.036450
13394,-191.035062,0.036450
13395,-141.701613,0.036450
13396,-130.151122,0.036450
13397,-134.517568,0.036450
13398,-177.333295,0.036450
13399,-80.179156,0.036450
13400,-147.821274,0.032805
13401,-143.456326,0.032805
13402,-163.896196,0.032805
13403,-153.763376,0.032805
13404,-168.221472,0.032805
13405,-109.983091,0.032805
13406,-170.562468,0.032805
13407,-150.855317,0.032805
13408,-138.039168,0.032805
13409,-135.264390,0.032805
13410,-88.914941,0.032805
13411,-100.479614,0.032805
13412,-109.545917,0.032805
13413,-131.041183,0.032805
13414,-161.538442,0.032805
13415,-123.772411,0.032805
13416,-154.287599,0.032805
13417,-108.156559,0.032805
13418,-119.415861,0.032805
13419,-162.451814,0.032805
13420,-123.528651,0.032805
13421,-157.499799,0.032805
13422,-206.558851,0.032805
13423,-129.829901,0.032805
13424,-185.598805,0.032805
13425,-108.373269,0.032805
13426,-135.255700,0.032805
13427,-153.885419,0.032805
13428,-100.523020,0.032805
13429,-146.145851,0.032805
13430,-206.347326,0.032805
13431,-124.929707,0.032805
13432,-138.618251,0.032805
13433,-116.045685,0.032805
13434,-104.624785,0.032805
13435,-153.940912,0.032805
13436,-150.888105,0.032805
13437,-109.155753,0.032805
13438,-85.168699,0.032805
13439,-105.572350,0.032805
13440,-104.190626,0.032805
13441,-98.638466,0.032805
13442,-72.342738,0.032805
13443,-189.198465,0.032805
13444,-108.151935,0.032805
13445,-122.203460,0.032805
13446,-157.732122,0.032805
13447,-127.422717,0.032805
13448,-94.096249,0.032805
13449,-151.685512,0.032805
13450,-114.419755,0.032805
13451,-148.239514,0.032805
13452,-111.426201,0.032805
13453,-117.822958,0.032805
13454,-173.166388,0.032805
13455,-152.043526,0.032805
13456,-112.891180,0.032805
13457,-134.603228,0.032805
13458,-201.446929,0.032805
13459,-147.137909,0.032805
13460,-75.423739,0.032805
13461,-114.698245,0.032805
13462,-106.635089,0.032805
13463,-126.512171,0.032805
13464,-112.414868,0.032805
13465,-169.400330,0.032805
13466,-150.283242,0.032805
13467,-61.854115,0.032805
13468,-125.846694,0.032805
13469,-118.623954,0.032805
13470,-132.244170,0.032805
13471,-164.824841,0.032805
13472,-109.131945,0.032805
13473,-146.598601,0.032805
13474,-136.633108,0.032805
13475,-105.487798,0.032805
13476,-150.165393,0.032805
13477,-155.510359,0.032805
13478,-80.521547,0.032805
13479,-63.587672,0.032805
13480,-135.430647,0.032805
13481,-146.626885,0.032805
13482,-165.469489,0.032805
13483,-166.527206,0.032805
13484,-147.729560,0.032805
13485,-76.651616,0.032805
13486,-164.867906,0.032805
13487,-95.696910,0.032805
13488,-92.307648,0.032805
13489,-165.095924,0.032805
13490,-85.529319,0.032805
13491,-100.020637,0.032805
13492,-117.560805,0.032805
13493,-145.507776,0.032805
13494,-205.245848,0.032805
13495,-148.423353,0.032805
13496,-148.762497,0.032805
13497,-163.053291,0.032805
13498,-94.667381,0.032805
13499,-155.879164,0.032805
13500,-102.658244,0.029525
13501,-161.310784,0.029525
13502,-142.674502,0.029525
13503,-132.500798,0.029525
13504,-132.627673,0.029525
13505,-82.117608,0.029525
13506,-149.046811,0.029525
13507,-82.589750,0.029525
13508,-115.352639,0.029525
13509,-136.274884,0.029525
13510,-109.933876,0.029525
13511,-111.387001,0.029525
13512,-61.932748,0.029525
13513,-169.225957,0.029525
13514,-161.482325,0.029525
13515,-95.899626,0.029525
13516,-172.224392,0.029525
13517,-120.568439,0.029525
13518,-165.252506,0.029525
13519,-82.631142,0.029525
13520,-132.734900,0.029525
13521,-139.922139,0.029525
13522,-145.502939,0.029525
13523,-98.650277,0.029525
13524,-138.567166,0.029525
13525,-176.806422,0.029525
13526,-84.163965,0.029525
13527,-164.355558,0.029525
13528,-140.878964,0.029525
13529,-189.261694,0.029525
13530,-119.252994,0.029525
13531,-235.719328,0.029525
13532,-160.761052,0.029525
13533,-113.907865,0.029525
13534,-166.480056,0.029525
13535,-146.961511,0.029525
13536,-181.409222,0.029525
13537,-58.669125,0.029525
13538,-103.402311,0.029525
13539,-94.131422,0.029525
13540,-97.997115,0.029525
13541,-117.862149,0.029525
13542,-135.764360,0.029525
13543,-86.697735,0.029525
13544,-100.849689,0.029525
13545,-118.246578,0.029525
13546,-134.839166,0.029525
13547,-115.084468,0.029525
13548,-133.605571,0.029525
13549,-124.536480,0.029525
13550,-168.744846,0.029525
13551,-102.873357,0.029525
13552,-145.864759,0.029525
13553,-149.966250,0.029525
13554,-113.261491,0.029525
13555,-151.721417,0.029525
13556,-220.376982,0.029525
13557,-76.463621,0.029525
13558,-181.298600,0.029525
13559,-142.512621,0.029525
13560,-130.468461,0.029525
13561,-118.643064,0.029525
13562,-87.158824,0.029525
13563,-60.436943,0.029525
13564,-134.566018,0.029525
13565,-116.731135,0.029525
13566,-60.360309,0.029525
13567,-166.497751,0.029525
13568,-98.578966,0.029525
13569,-77.178064,0.029525
13570,-100.296651,0.029525
13571,-132.484877,0.029525
13572,-81.499464,0.029525
13573,-111.221856,0.029525
13574,-134.334051,0.029525
13575,-179.867205,0.029525
13576,-133.823759,0.029525
13577,-217.115645,0.029525
13578,-83.524355,0.029525
13579,-165.224413,0.029525
13580,-102.509743,0.029525
13581,-127.322963,0.029525
13582,-159.626138,0.029525
13583,-46.810226,0.029525
13584,-158.960753,0.029525
13585,-112.776502,0.029525
13586,-82.900877,0.029525
13587,-155.047776,0.029525
13588,-102.422139,0.029525
13589,-128.489898,0.029525
13590,-87.928957,0.029525
13591,-122.798394,0.029525
13592,-95.459538,0.029525
13593,-123.901547,0.029525
13594,-105.601665,0.029525
13595,-89.856640,0.029525
13596,-105.948160,0.029525
13597,-92.259991,0.029525
13598,-105.681418,0.029525
13599,-122.902938,0.029525
13600,-213.566070,0.026572
13601,-141.697986,0.026572
13602,-166.008237,0.026572
13603,-189.240244,0.026572
13604,-142.512932,0.026572
13605,-190.777978,0.026572
13606,-70.061165,0.026572
13607,-167.084210,0.026572
13608,-125.842273,0.026572
13609,-121.416916,0.026572
13610,-87.530072,0.026572
13611,-121.569178,0.026572
13612,-130.233475,0.026572
13613,-120.896152,0.026572
13614,-39.809090,0.026572
13615,-149.728769,0.026572
13616,-131.989705,0.026572
13617,-162.341228,0.026572
13618,-87.059931,0.026572
13619,-99.007924,0.026572
13620,-138.283130,0.026572
13621,-172.210078,0.026572
13622,-178.760582,0.026572
13623,-80.958171,0.026572
13624,-189.081721,0.026572
13625,-139.762046,0.026572
13626,-131.551801,0.026572
13627,-89.178521,0.026572
13628,-183.958662,0.026572
13629,-63.594809,0.026572
13630,-32.771819,0.026572
13631,-158.454077,0.026572
13632,-128.152508,0.026572
13633,-175.741916,0.026572
13634,-150.381713,0.026572
13635,-50.987209,0.026572
13636,-80.956352,0.026572
13637,-124.915598,0.026572
13638,-111.235178,0.026572
13639,-130.056939,0.026572
13640,-179.316436,0.026572
13641,-151.612786,0.026572
13642,-84.907232,0.026572
13643,-89.476838,0.026572
13644,-181.640299,0.026572
13645,-176.681854,0.026572
13646,-200.933359,0.026572
13647,-134.945258,0.026572
13648,-135.431921,0.026572
13649,-91.214156,0.026572
13650,-167.276157,0.026572
13651,-125.217101,0.026572
13652,-190.259950,0.026572
13653,-81.845498,0.026572
13654,-135.617857,0.026572
13655,-75.288280,0.026572
13656,-135.315823,0.026572
13657,-149.060558,0.026572
13658,-128.003731,0.026572
13659,-92.185291,0.026572
13660,-94.484147,0.026572
13661,-91.180232,0.026572
13662,-151.312668,0.026572
13663,-100.410494,0.026572
13664,-99.687430,0.026572
13665,-108.504894,0.026572
13666,-101.246728,0.026572
13667,-70.223642,0.026572
13668,-74.879337,0.026572
13669,-123.407989,0.026572
13670,-134.773658,0.026572
13671,-73.355254,0.026572
13672,-87.686347,0.026572
13673,-34.484000,0.026572
13674,-86.099747,0.026572
13675,-128.679909,0.026572
13676,-108.952442,0.026572
13677,-105.417553,0.026572
13678,-82.515487,0.026572
13679,-56.610757,0.026572
13680,-66.812819,0.026572
13681,-110.480717,0.026572
13682,-86.245665,0.026572
13683,-102.359111,0.026572
13684,-102.680295,0.026572
13685,-138.058984,0.026572
13686,-146.658360,0.026572
13687,-104.059466,0.026572
13688,-91.227703,0.026572
13689,-165.860761,0.026572
13690,-62.308203,0.026572
13691,-48.751653,0.026572
13692,-172.113432,0.026572
13693,-83.119184,0.026572
13694,-106.778087,0.026572
13695,-106.479467,0.026572
13696,-122.144670,0.026572
13697,-61.984640,0.026572
13698,-120.686007,0.026572
13699,-116.174974,0.026572
13700,-80.727544,0.023915
13701,-58.723683,0.023915
13702,-93.021829,0.023915
13703,-82.213098,0.023915
13704,-168.096592,0.023915
13705,-166.756468,0.023915
13706,-134.179488,0.023915
13707,-83.062707,0.023915
13708,-82.896041,0.023915
13709,-133.553355,0.023915
13710,-101.710887,0.023915
13711,-125.516472,0.023915
13712,-96.724613,0.023915
13713,-72.394135,0.023915
13714,-195.242647,0.023915
13715,-58.474675,0.023915
13716,-85.804769,0.023915
13717,-122.159847,0.023915
13718,-90.552057,0.023915
13719,-50.177221,0.023915
13720,-97.549581,0.023915
13721,-139.776580,0.023915
13722,-80.866510,0.023915
13723,-122.331112,0.023915
13724,-101.112184,0.023915
13725,-64.602753,0.023915
13726,-88.954206,0.023915
13727,-85.950004,0.023915
13728,-106.422671,0.023915
13729,-69.794763,0.023915
13730,-112.302235,0.023915
13731,-132.430487,0.023915
13732,-56.533629,0.023915
13733,-101.073349,0.023915
13734,-126.004365,0.023915
13735,-111.063573,0.023915
13736,-126.898076,0.023915
13737,-138.292899,0.023915
13738,-56.065278,0.023915
13739,-91.654680,0.023915
13740,-142.373200,0.023915
13741,-171.686745,0.023915
13742,-114.624954,0.023915
13743,-124.598902,0.023915
13744,-109.571670,0.023915
13745,-116.743013,0.023915
13746,-97.597007,0.023915
13747,-129.873169,0.023915
13748,-77.334602,0.023915
13749,-122.607637,0.023915
13750,-137.925151,0.023915
13751,-169.717837,0.023915
13752,-38.705817,0.023915
13753,-155.597182,0.023915
13754,-128.429873,0.023915
13755,-142.534557,0.023915
13756,-133.044610,0.023915
13757,-86.457101,0.023915
13758,-88.863055,0.023915
13759,-77.510167,0.023915
13760,-169.609199,0.023915
13761,-116.636479,0.023915
13762,-103.238884,0.023915
13763,-110.747869,0.023915
13764,-111.573117,0.023915
13765,-62.239545,0.023915
13766,-128.062849,0.023915
13767,-65.210873,0.023915
13768,-90.634372,0.023915
13769,-137.442550,0.023915
13770,-92.287745,0.023915
13771,-110.878368,0.023915
13772,-139.735156,0.023915
13773,-145.087403,0.023915
13774,-75.197800,0.023915
13775,-104.502187,0.023915
13776,-120.113222,0.023915
13777,-139.213654,0.023915
13778,-103.497863,0.023915
13779,-184.726969,0.023915
13780,-148.350782,0.023915
13781,-132.950661,0.023915
13782,-120.183070,0.023915
13783,-111.354334,0.023915
13784,-97.524977,0.023915
13785,-113.400839,0.023915
13786,-102.173004,0.023915
13787,-168.225275,0.023915
13788,-99.870666,0.023915
13789,-88.816468,0.023915
13790,-88.957603,0.023915
13791,-150.481256,0.023915
13792,-87.783235,0.023915
13793,-158.453184,0.023915
13794,-124.739340,0.023915
13795,-105.607550,0.023915
13796,-134.511157,0.023915
13797,-142.506185,0.023915
13798,-54.003084,0.023915
13799,-156.467887,0.023915
13800,-82.451098,0.021523
13801,-140.656561,0.021523
13802,-79.200145,0.021523
13803,-147.894814,0.021523
13804,-82.391113,0.021523
13805,-85.695551,0.021523
13806,-104.118213,0.021523
13807,-72.222057,0.021523
13808,-66.197661,0.021523
13809,-136.165615,0.021523
13810,-106.322839,0.021523
13811,-120.043196,0.021523
13812,-86.959468,0.021523
13813,-116.505673,0.021523
13814,-84.784056,0.021523
13815,-124.035117,0.021523
13816,-160.970315,0.021523
13817,-79.751496,0.021523
13818,-100.421783,0.021523
13819,-50.139150,0.021523
13820,-47.435000,0.021523
13821,-74.010639,0.021523
13822,-147.588738,0.021523
13823,-148.186405,0.021523
13824,-101.796222,0.021523
13825,-87.007041,0.021523
13826,-104.823256,0.021523
13827,-29.884989,0.021523
13828,-133.682914,0.021523
13829,-100.349468,0.021523
13830,-92.458225,0.021523
13831,-151.830965,0.021523
13832,-56.049132,0.021523
13833,-91.890352,0.021523
13834,-118.425952,0.021523
13835,-150.238825,0.021523
13836,-82.350551,0.021523
13837,-47.217095,0.021523
13838,-104.357112,0.021523
13839,-103.516350,0.021523
13840,-75.401605,0.021523
13841,-120.768511,0.021523
13842,-34.620367,0.021523
13843,-104.143891,0.021523
13844,-166.821982,0.021523
13845,-108.654069,0.021523
13846,-72.983826,0.021523
13847,-189.134663,0.021523
13848,-133.138708,0.021523
13849,-106.480669,0.021523
13850,-56.204638,0.021523
13851,-128.781239,0.021523
13852,-86.835796,0.021523
13853,-61.190564,0.021523
13854,-86.907215,0.021523
13855,-142.571503,0.021523
13856,-161.652739,0.021523
13857,-91.767377,0.021523
13858,-100.882539,0.021523
13859,-138.079761,0.021523
13860,-153.819311,0.021523
13861,-137.136083,0.021523
13862,-187.429258,0.021523
13863,-88.071060,0.021523
13864,-36.023128,0.021523
13865,-197.425466,0.021523
13866,-103.158564,0.021523
13867,-91.761515,0.021523
13868,-171.649072,0.021523
13869,-148.461577,0.021523
13870,-152.413351,0.021523
13871,-173.891763,0.021523
13872,-112.896631,0.021523
13873,-141.088204,0.021523
13874,-51.289974,0.021523
13875,-97.721668,0.021523
13876,-96.116252,0.021523
13877,-119.377891,0.021523
13878,-90.587241,0.021523
13879,-104.734358,0.021523
13880,-78.934231,0.021523
13881,-47.337153,0.021523
13882,-57.220894,0.021523
13883,-120.112890,0.021523
13884,-170.709702,0.021523
13885,-143.847526,0.021523
13886,-109.459018,0.021523
13887,-143.603968,0.021523
13888,-165.343765,0.021523
13889,-86.452604,0.021523
13890,-55.620215,0.021523
13891,-121.272598,0.021523
13892,-109.118224,0.021523
13893,-83.198619,0.021523
13894,-126.842647,0.021523
13895,-81.169021,0.021523
13896,-117.247977,0.021523
13897,-126.653566,0.021523
13898,-147.393731,0.021523
13899,-71.937358,0.021523
13900,-158.146507,0.019371
13901,-148.110349,0.019371
13902,-57.944474,0.019371
13903,-130.374142,0.019371
13904,-186.318971,0.019371
13905,-102.027526,0.019371
13906,-76.912362,0.019371
13907,-204.877930,0.019371
13908,-163.526240,0.019371
13909,-139.948387,0.019371
13910,-161.900303,0.019371
13911,-105.441995,0.019371
13912,-172.014034,0.019371
13913,-168.362634,0.019371
13914,-100.373700,0.019371
13915,-135.570326,0.019371
13916,-141.246553,0.019371
13917,-188.895660,0.019371
13918,-115.308919,0.019371
13919,-159.753886,0.019371
13920,-108.841791,0.019371
13921,-65.074870,0.019371
13922,-50.322580,0.019371
13923,-197.838581,0.019371
13924,-171.296904,0.019371
13925,-95.030206,0.019371
13926,-108.948591,0.019371
13927,-160.018950,0.019371
13928,-130.445862,0.019371
13929,-105.702009,0.019371
13930,-133.438411,0.019371
13931,-146.242256,0.019371
13932,-92.076321,0.019371
13933,-167.334334,0.019371
13934,-201.923683,0.019371
13935,-165.194067,0.019371
13936,-92.112800,0.019371
13937,-174.444880,0.019371
13938,-120.997746,0.019371
13939,-107.226386,0.019371
13940,-83.359506,0.019371
13941,-116.928885,0.019371
13942,-121.642711,0.019371
13943,-224.460262,0.019371
13944,-104.830280,0.019371
13945,-198.508534,0.019371
13946,-168.370563,0.019371
13947,-139.241624,0.019371
13948,-116.290895,0.019371
13949,-83.961811,0.019371
13950,-197.636497,0.019371
13951,-79.790782,0.019371
13952,-159.330950,0.019371
13953,-169.981815,0.019371
13954,-110.782726,0.019371
13955,-111.644672,0.019371
13956,-153.096778,0.019371
13957,-178.910210,0.019371
13958,-56.537379,0.019371
13959,-73.415970,0.019371
13960,-213.468230,0.019371
13961,-137.857973,0.019371
13962,-149.584100,0.019371
13963,-144.065537,0.019371
13964,-126.609955,0.019371
13965,-195.789903,0.019371
13966,-126.620429,0.019371
13967,-174.274698,0.019371
13968,-147.492714,0.019371
13969,-197.209074,0.019371
13970,-162.621722,0.019371
13971,-159.225437,0.019371
13972,-186.986566,0.019371
13973,-223.928037,0.019371
13974,-194.448639,0.019371
13975,-164.276665,0.019371
13976,-211.711610,0.019371
13977,-118.099544,0.019371
13978,-100.661626,0.019371
13979,-155.925512,0.019371
13980,-189.255582,0.019371
13981,-166.146459,0.019371
13982,-204.600481,0.019371
13983,-227.095048,0.019371
13984,-141.125966,0.019371
13985,-84.168615,0.019371
13986,-150.581683,0.019371
13987,-187.476644,0.019371
13988,-156.671039,0.019371
13989,-142.308462,0.019371
13990,-165.121397,0.019371
13991,-149.950729,0.019371
13992,-91.477116,0.019371
13993,-149.303367,0.019371
13994,-122.408553,0.019371
13995,-161.254877,0.019371
13996,-150.586697,0.019371
13997,-135.421314,0.019371
13998,-136.316583,0.019371
13999,-173.308898,0.019371
14000,-57.117706,0.017434
14001,-82.421313,0.017434
14002,-135.307388,0.017434
14003,-134.648001,0.017434
14004,-43.865360,0.017434
14005,-122.236104,0.017434
14006,-137.580585,0.017434
14007,-89.264669,0.017434
14008,-53.703951,0.017434
14009,-133.593261,0.017434
14010,-144.476044,0.017434
14011,-133.735854,0.017434
14012,-88.916185,0.017434
14013,-136.815618,0.017434
14014,-157.927212,0.017434
14015,-162.475456,0.017434
14016,-90.718189,0.017434
14017,-172.158642,0.017434
14018,-118.115520,0.017434
14019,-120.739182,0.017434
14020,-170.658755,0.017434
14021,-181.067583,0.017434
14022,-48.324398,0.017434
14023,-148.433182,0.017434
14024,-158.312525,0.017434
14025,-111.234458,0.017434
14026,-189.260350,0.017434
14027,-155.679664,0.017434
14028,-200.328258,0.017434
14029,-78.925017,0.017434
14030,-67.961751,0.017434
14031,-91.161121,0.017434
14032,-71.553575,0.017434
14033,-140.378016,0.017434
14034,-110.216867,0.017434
14035,-150.018081,0.017434
14036,-99.442280,0.017434
14037,-148.764950,0.017434
14038,-212.384686,0.017434
14039,-136.247032,0.017434
14040,-140.806396,0.017434
14041,-86.421007,0.017434
14042,-119.997236,0.017434
14043,-122.690832,0.017434
14044,-115.083902,0.017434
14045,-80.778504,0.017434
14046,-26.769745,0.017434
14047,-68.814790,0.017434
14048,-183.801307,0.017434
14049,-101.379820,0.017434
14050,-32.917848,0.017434
14051,-137.007199,0.017434
14052,-141.717209,0.017434
14053,-143.238816,0.017434
14054,-116.883893,0.017434
14055,-80.482804,0.017434
14056,-166.178316,0.017434
14057,-122.263172,0.017434
14058,-84.791940,0.017434
14059,-161.240838,0.017434
14060,-56.580727,0.017434
14061,-142.916012,0.017434
14062,-174.730182,0.017434
14063,-160.803286,0.017434
14064,-113.836067,0.017434
14065,-77.960891,0.017434
14066,-64.002462,0.017434
14067,-50.257226,0.017434
14068,-101.106965,0.017434
14069,-164.131382,0.017434
14070,-91.849827,0.017434
14071,-128.094014,0.017434
14072,-170.896700,0.017434
14073,-71.601613,0.017434
14074,-90.537481,0.017434
14075,-93.672459,0.017434
14076,-141.852098,0.017434
14077,-134.437732,0.017434
14078,-86.281055,0.017434
14079,-123.295972,0.017434
14080,-66.695176,0.017434
14081,-69.347641,0.017434
14082,-78.565589,0.017434
14083,-117.165345,0.017434
14084,-219.408646,0.017434
14085,-53.639978,0.017434
14086,-138.609332,0.017434
14087,-155.944945,0.017434
14088,-102.430671,0.017434
14089,-81.429895,0.017434
14090,-101.560284,0.017434
14091,-108.395914,0.017434
14092,-61.594365,0.017434
14093,-105.803506,0.017434
14094,-82.739532,0.017434
14095,-214.563055,0.017434
14096,-170.018186,0.017434
14097,-102.672025,0.017434
14098,-98.897526,0.017434
14099,-82.145912,0.017434
14100,-73.677231,0.015691
14101,-84.768186,0.015691
14102,-145.489229,0.015691
14103,-134.056752,0.015691
14104,-129.493804,0.015691
14105,-98.796635,0.015691
14106,-85.841638,0.015691
14107,-190.421943,0.015691
14108,-160.026056,0.015691
14109,-81.916022,0.015691
14110,-94.741122,0.015691
14111,-157.007464,0.015691
14112,-83.984160,0.015691
14113,-103.554733,0.015691
14114,-164.865977,0.015691
14115,-114.418700,0.015691
14116,-174.765234,0.015691
14117,-193.124293,0.015691
14118,-59.655176,0.015691
14119,-63.732405,0.015691
14120,-108.237769,0.015691
14121,-79.305653,0.015691
14122,-182.134759,0.015691
14123,-123.617062,0.015691
14124,-136.218014,0.015691
14125,-131.206481,0.015691
14126,-137.602658,0.015691
14127,-124.803442,0.015691
14128,-136.128081,0.015691
14129,-70.270653,0.015691
14130,-219.410641,0.015691
14131,-81.714965,0.015691
14132,-117.338755,0.015691
14133,-131.431562,0.015691
14134,-136.967679,0.015691
14135,-184.071636,0.015691
14136,-202.834421,0.015691
14137,-153.111457,0.015691
14138,-139.092002,0.015691
14139,-175.187558,0.015691
14140,-173.748580,0.015691
14141,-187.118130,0.015691
14142,-100.972301,0.015691
14143,-201.763855,0.015691
14144,-80.956981,0.015691
14145,-50.351805,0.015691
14146,-178.178059,0.015691
14147,-111.852695,0.015691
14148,-94.306786,0.015691
14149,-115.584724,0.015691
14150,-144.828352,0.015691
14151,-118.476479,0.015691
14152,-142.382530,0.015691
14153,-60.063752,0.015691
14154,-139.220390,0.015691
14155,-157.090238,0.015691
14156,-138.579412,0.015691
14157,-192.116417,0.015691
14158,-158.258174,0.015691
14159,-153.174065,0.015691
14160,-138.520212,0.015691
14161,-116.282666,0.015691
14162,-177.928066,0.015691
14163,-103.726933,0.015691
14164,-140.255207,0.015691
14165,-103.582469,0.015691
14166,-105.725006,0.015691
14167,-162.318347,0.015691
14168,-88.289755,0.015691
14169,-136.399144,0.015691
14170,-149.643888,0.015691
14171,-121.517298,0.015691
14172,-106.447205,0.015691
14173,-74.403177,0.015691
14174,-152.408733,0.015691
14175,-89.619927,0.015691
14176,-129.863352,0.015691
14177,-191.010707,0.015691
14178,-149.551146,0.015691
14179,-84.737665,0.015691
14180,-181.254124,0.015691
14181,-86.574854,0.015691
14182,-144.619304,0.015691
14183,-147.878446,0.015691
14184,-91.325122,0.015691
14185,-181.399208,0.015691
14186,-104.172469,0.015691
14187,-116.304662,0.015691
14188,-147.593928,0.015691
14189,-169.811000,0.015691
14190,-159.237245,0.015691
14191,-170.746887,0.015691
14192,-94.953248,0.015691
14193,-124.475743,0.015691
14194,-167.497235,0.015691
14195,-109.595072,0.015691
14196,-102.882735,0.015691
14197,-192.551869,0.015691
14198,-83.029907,0.015691
14199,-61.117795,0.015691
14200,-124.580509,0.014121
14201,-185.672225,0.014121
14202,-142.697465,0.014121
14203,-152.168359,0.014121
14204,-83.169024,0.014121
14205,-135.844252,0.014121
14206,-130.247459,0.014121
14207,-131.101736,0.014121
14208,-100.555786,0.014121
14209,-209.516325,0.014121
14210,-143.210486,0.014121
14211,-154.295931,0.014121
14212,-152.836379,0.014121
14213,-162.233578,0.014121
14214,-90.028368,0.014121
14215,-77.830034,0.014121
14216,-158.410016,0.014121
14217,-67.345890,0.014121
14218,-105.281911,0.014121
14219,-132.968910,0.014121
14220,-164.633849,0.014121
14221,-100.164361,0.014121
14222,-111.610647,0.014121
14223,-130.444185,0.014121
14224,-106.074225,0.014121
14225,-198.958587,0.014121
14226,-69.468274,0.014121
14227,-116.631826,0.014121
14228,-117.033110,0.014121
14229,-109.662289,0.014121
14230,-150.413060,0.014121
14231,-198.081199,0.014121
14232,-144.275010,0.014121
14233,-85.543390,0.014121
14234,-76.430069,0.014121
14235,-161.760712,0.014121
14236,-66.193184,0.014121
14237,-115.901582,0.014121
14238,-74.764242,0.014121
14239,-171.308248,0.014121
14240,-148.963138,0.014121
14241,-84.310204,0.014121
14242,-151.236026,0.014121
14243,-86.766721,0.014121
14244,-183.644021,0.014121
14245,-187.020730,0.014121
14246,-139.175247,0.014121
14247,-129.541489,0.014121
14248,-108.706675,0.014121
14249,-174.217373,0.014121
14250,-135.728945,0.014121
14251,-71.681044,0.014121
14252,-130.175225,0.014121
14253,-180.738811,0.014121
14254,-153.657562,0.014121
14255,-143.315161,0.014121
14256,-99.887656,0.014121
14257,-70.946018,0.014121
14258,-85.566459,0.014121
14259,-80.667449,0.014121
14260,-73.169133,0.014121
14261,-172.736554,0.014121
14262,-99.888749,0.014121
14263,-128.790153,0.014121
14264,-135.612833,0.014121
14265,-139.394146,0.014121
14266,-103.674901,0.014121
14267,-133.368566,0.014121
14268,-62.468636,0.014121
14269,-121.028217,0.014121
14270,-133.921686,0.014121
14271,-76.306714,0.014121
14272,-112.727591,0.014121
14273,-42.011257,0.014121
14274,-110.982951,0.014121
14275,-201.595768,0.014121
14276,-159.566881,0.014121
14277,-127.580657,0.014121
14278,-24.848950,0.014121
14279,-146.775883,0.014121
14280,-180.567095,0.014121
14281,-173.556614,0.014121
14282,-164.687376,0.014121
14283,-134.244336,0.014121
14284,-144.639327,0.014121
14285,-149.972008,0.014121
14286,-164.894668,0.014121
14287,-130.632384,0.014121
14288,-137.977128,0.014121
14289,-131.033465,0.014121
14290,-48.929008,0.014121
14291,-144.040584,0.014121
14292,-117.104260,0.014121
14293,-103.846776,0.014121
14294,-84.084078,0.014121
14295,-133.437205,0.014121
14296,-162.258973,0.014121
14297,-176.607817,0.014121
14298,-129.247488,0.014121
14299,-180.931238,0.014121
14300,-187.872890,0.012709
14301,-115.541294,0.012709
14302,-142.958988,0.012709
14303,-184.470583,0.012709
14304,-209.458233,0.012709
14305,-165.123258,0.012709
14306,-96.594939,0.012709
14307,-109.878407,0.012709
14308,-188.409810,0.012709
14309,-59.424441,0.012709
14310,-161.920495,0.012709
14311,-96.905357,0.012709
14312,-116.287107,0.012709
14313,-152.340747,0.012709
14314,-126.734491,0.012709
14315,-105.015897,0.012709
14316,-146.322855,0.012709
14317,-177.549538,0.012709
14318,-126.185798,0.012709
14319,-200.787937,0.012709
14320,-180.404890,0.012709
14321,-61.806722,0.012709
14322,-142.870747,0.012709
14323,-102.921491,0.012709
14324,-110.394897,0.012709
14325,-102.883640,0.012709
14326,-141.046125,0.012709
14327,-86.238754,0.012709
14328,-126.048111,0.012709
14329,-120.479482,0.012709
14330,-188.404926,0.012709
14331,-115.704407,0.012709
14332,-132.048230,0.012709
14333,-133.267777,0.012709
14334,-126.843541,0.012709
14335,-120.639724,0.012709
14336,-180.266174,0.012709
14337,-164.514596,0.012709
14338,-189.020731,0.012709
14339,-200.652973,0.012709
14340,-152.868991,0.012709
14341,-108.086615,0.012709
14342,-168.723293,0.012709
14343,-123.984497,0.012709
14344,-101.415299,0.012709
14345,-103.484710,0.012709
14346,-156.735305,0.012709
14347,-122.929530,0.012709
14348,-98.990541,0.012709
14349,-178.435431,0.012709
14350,-168.992243,0.012709
14351,-212.914966,0.012709
14352,-159.520717,0.012709
14353,-61.630813,0.012709
14354,-194.291566,0.012709
14355,-178.526520,0.012709
14356,-165.821398,0.012709
14357,-72.034411,0.012709
14358,-156.202576,0.012709
14359,-82.138036,0.012709
14360,-142.298432,0.012709
14361,-99.749168,0.012709
14362,-207.730109,0.012709
14363,-116.431715,0.012709
14364,-145.994323,0.012709
14365,-138.050560,0.012709
14366,-118.976052,0.012709
14367,-80.770508,0.012709
14368,-160.136540,0.012709
14369,-126.665079,0.012709
14370,-110.891053,0.012709
14371,-108.841661,0.012709
14372,-160.413269,0.012709
14373,-125.477885,0.012709
14374,-72.580838,0.012709
14375,-133.247549,0.012709
14376,-118.492555,0.012709
14377,-110.288274,0.012709
14378,-152.426795,0.012709
14379,-148.427645,0.012709
14380,-113.451365,0.012709
14381,-82.244240,0.012709
14382,-96.584846,0.012709
14383,-173.582085,0.012709
14384,-155.806414,0.012709
14385,-173.629784,0.012709
14386,-134.370613,0.012709
14387,-117.122782,0.012709
14388,-94.109891,0.012709
14389,-120.896783,0.012709
14390,-135.989980,0.012709
14391,-158.780572,0.012709
14392,-157.114839,0.012709
14393,-90.173540,0.012709
14394,-156.524622,0.012709
14395,-70.196765,0.012709
14396,-143.957159,0.012709
14397,-174.710302,0.012709
14398,-119.362070,0.012709
14399,-170.037639,0.012709
14400,-62.280289,0.011438
14401,-110.131163,0.011438
14402,-111.135350,0.011438
14403,-169.069170,0.011438
14404,-109.776576,0.011438
14405,-165.166479,0.011438
14406,-78.776801,0.011438
14407,-131.486062,0.011438
14408,-126.160625,0.011438
14409,-144.845918,0.011438
14410,-154.242958,0.011438
14411,-107.851531,0.011438
14412,-113.486862,0.011438
14413,-137.858035,0.011438
14414,-148.745903,0.011438
14415,-134.765523,0.011438
14416,-77.115317,0.011438
14417,-164.651163,0.011438
14418,-128.310610,0.011438
14419,-104.867218,0.011438
14420,-82.245592,0.011438
14421,-94.926977,0.011438
14422,-185.751492,0.011438
14423,-82.998257,0.011438
14424,-106.767202,0.011438
14425,-143.352054,0.011438
14426,-104.538363,0.011438
14427,-136.473490,0.011438
14428,-96.581194,0.011438
14429,-145.754546,0.011438
14430,-129.681986,0.011438
14431,-124.454026,0.011438
14432,-105.764470,0.011438
14433,-109.392110,0.011438
14434,-109.360702,0.011438
14435,-118.022584,0.011438
14436,-106.364408,0.011438
14437,-155.022644,0.011438
14438,-126.469343,0.011438
14439,-155.892940,0.011438
14440,-80.776660,0.011438
14441,-178.906252,0.011438
14442,-169.840897,0.011438
14443,-208.004782,0.011438
14444,-130.983152,0.011438
14445,-69.217729,0.011438
14446,-130.364566,0.011438
14447,-114.219161,0.011438
14448,-113.767069,0.011438
14449,-148.141848,0.011438
14450,-43.320439,0.011438
14451,-126.938030,0.011438
14452,-110.318232,0.011438
14453,-113.571932,0.011438
14454,-166.349602,0.011438
14455,-137.922636,0.011438
14456,-168.434082,0.011438
14457,-153.099460,0.011438
14458,-142.481421,0.011438
14459,-114.977302,0.011438
14460,-153.154729,0.011438
14461,-174.455988,0.011438
14462,-189.877694,0.011438
14463,-91.485687,0.011438
14464,-102.905815,0.011438
14465,-140.412335,0.011438
14466,-99.236297,0.011438
14467,-120.336300,0.011438
14468,-150.989595,0.011438
14469,-133.148926,0.011438
14470,-95.360174,0.011438
14471,-155.867996,0.011438
14472,-94.095002,0.011438
14473,-77.679327,0.011438
14474,-116.646496,0.011438
14475,-163.635834,0.011438
14476,-127.353339,0.011438
14477,-103.094501,0.011438
14478,-89.975800,0.011438
14479,-67.905455,0.011438
14480,-73.241564,0.011438
14481,-183.205354,0.011438
14482,-84.415388,0.011438
14483,-144.806082,0.011438
14484,-213.806701,0.011438
14485,-103.032723,0.011438
14486,-58.857187,0.011438
14487,-225.591611,0.011438
14488,-104.260974,0.011438
14489,-165.725984,0.011438
14490,-52.978916,0.011438
14491,-251.798647,0.011438
14492,-144.904227,0.011438
14493,-123.120769,0.011438
14494,-164.305680,0.011438
14495,-107.466975,0.011438
14496,-50.924494,0.011438
14497,-131.533935,0.011438
14498,-112.301078,0.011438
14499,-111.107673,0.011438
14500,-153.891459,0.010295
14501,-205.045516,0.010295
14502,-101.364449,0.010295
14503,-134.996385,0.010295
14504,-73.236494,0.010295
14505,-83.797550,0.010295
14506,-116.841135,0.010295
14507,-90.005675,0.010295
14508,-123.675757,0.010295
14509,-83.152136,0.010295
14510,-134.566368,0.010295
14511,-86.632890,0.010295
14512,-62.740478,0.010295
14513,-99.862316,0.010295
14514,-101.841551,0.010295
14515,-77.124250,0.010295
14516,-119.291151,0.010295
14517,-152.795415,0.010295
14518,-124.292707,0.010295
14519,-89.246839,0.010295
14520,-96.619172,0.010295
14521,-84.737345,0.010295
14522,-130.180026,0.010295
14523,-55.754484,0.010295
14524,-140.953330,0.010295
14525,-120.885922,0.010295
14526,-95.957692,0.010295
14527,-140.445753,0.010295
14528,-147.701374,0.010295
14529,-115.685974,0.010295
14530,-84.989655,0.010295
14531,-112.014561,0.010295
14532,-109.123669,0.010295
14533,-143.941537,0.010295
14534,-136.354964,0.010295
14535,-134.758063,0.010295
14536,-147.947260,0.010295
14537,-124.838846,0.010295
14538,-4.879753,0.010295
14539,-101.687852,0.010295
14540,-66.946661,0.010295
14541,-58.245251,0.010295
14542,-67.099109,0.010295
14543,-65.844825,0.010295
14544,-201.865611,0.010295
14545,-80.033527,0.010295
14546,-134.954980,0.010295
14547,-113.858539,0.010295
14548,-69.018721,0.010295
14549,-89.672886,0.010295
14550,-183.761631,0.010295
14551,-106.013626,0.010295
14552,-184.978020,0.010295
14553,-141.923746,0.010295
14554,-161.830215,0.010295
14555,-198.998999,0.010295
14556,-169.670585,0.010295
14557,-81.838649,0.010295
14558,-91.434948,0.010295
14559,-185.396415,0.010295
14560,-81.967026,0.010295
14561,-163.665189,0.010295
14562,-96.756227,0.010295
14563,-165.512031,0.010295
14564,-197.896907,0.010295
14565,-57.822337,0.010295
14566,-154.299451,0.010295
14567,-128.188237,0.010295
14568,-131.315313,0.010295
14569,-105.319424,0.010295
14570,-99.825235,0.010295
14571,-171.550930,0.010295
14572,-78.398635,0.010295
14573,-189.439079,0.010295
14574,-94.592468,0.010295
14575,-92.862135,0.010295
14576,-137.834221,0.010295
14577,-94.321880,0.010295
14578,-209.290882,0.010295
14579,-118.345553,0.010295
14580,-252.429574,0.010295
14581,-139.864914,0.010295
14582,-235.321310,0.010295
14583,-120.654871,0.010295
14584,-168.887780,0.010295
14585,-120.361638,0.010295
14586,-212.247851,0.010295
14587,-125.882232,0.010295
14588,-251.612399,0.010295
14589,-129.759528,0.010295
14590,-101.299258,0.010295
14591,-209.871639,0.010295
14592,-117.069871,0.010295
14593,-41.755958,0.010295
14594,-112.086721,0.010295
14595,-98.506807,0.010295
14596,-110.550663,0.010295
14597,-104.137022,0.010295
14598,-163.304499,0.010295
14599,-157.965027,0.010295
14600,-111.581449,0.009265
14601,-161.769869,0.009265
14602,-142.602625,0.009265
14603,-96.921725,0.009265
14604,-142.162920,0.009265
14605,-182.174710,0.009265
14606,-91.233931,0.009265
14607,-78.226187,0.009265
14608,-110.924942,0.009265
14609,-105.453256,0.009265
14610,-149.184322,0.009265
14611,-140.746995,0.009265
14612,-142.152647,0.009265
14613,-58.932669,0.009265
14614,-115.491502,0.009265
14615,-97.793804,0.009265
14616,-94.193071,0.009265
14617,-145.705438,0.009265
14618,-115.749954,0.009265
14619,-170.292132,0.009265
14620,-138.805460,0.009265
14621,-135.593056,0.009265
14622,-150.551339,0.009265
14623,-162.931725,0.009265
14624,-130.605943,0.009265
14625,-117.775581,0.009265
14626,-170.895209,0.009265
14627,-128.739478,0.009265
14628,-162.233394,0.009265
14629,-101.744320,0.009265
14630,-103.711992,0.009265
14631,-62.393774,0.009265
14632,-161.956708,0.009265
14633,-60.421513,0.009265
14634,-171.797911,0.009265
14635,-162.050838,0.009265
14636,-166.486762,0.009265
14637,-81.373275,0.009265
14638,-96.688921,0.009265
14639,-89.675069,0.009265
14640,-91.911379,0.009265
14641,-160.577611,0.009265
14642,-137.533635,0.009265
14643,-137.537917,0.009265
14644,-86.461200,0.009265
14645,-111.971974,0.009265
14646,-102.589510,0.009265
14647,-137.065940,0.009265
14648,-69.229262,0.009265
14649,-65.924310,0.009265
14650,-131.195597,0.009265
14651,-140.971622,0.009265
14652,-154.803454,0.009265
14653,-57.310768,0.009265
14654,-146.356599,0.009265
14655,-105.946602,0.009265
14656,-137.520289,0.009265
14657,-106.970331,0.009265
14658,-96.990731,0.009265
14659,-69.273440,0.009265
14660,-89.302384,0.009265
14661,-158.402592,0.009265
14662,-171.943102,0.009265
14663,-158.711700,0.009265
14664,-66.526957,0.009265
14665,-96.754038,0.009265
14666,-75.382870,0.009265
14667,-134.425630,0.009265
14668,-124.863336,0.009265
14669,-97.918011,0.009265
14670,-121.955517,0.009265
14671,-115.698876,0.009265
14672,-168.029650,0.009265
14673,-113.150666,0.009265
14674,-127.906511,0.009265
14675,-121.625980,0.009265
14676,-87.852434,0.009265
14677,-200.963120,0.009265
14678,-133.692151,0.009265
14679,-130.216612,0.009265
14680,-105.870229,0.009265
14681,-160.500397,0.009265
14682,-106.823030,0.009265
14683,-164.324776,0.009265
14684,-160.578032,0.009265
14685,-109.317267,0.009265
14686,-165.216287,0.009265
14687,-166.945950,0.009265
14688,-66.928549,0.009265
14689,-154.624775,0.009265
14690,-92.010324,0.009265
14691,-155.985524,0.009265
14692,-106.926970,0.009265
14693,-130.668996,0.009265
14694,-206.988730,0.009265
14695,-85.230046,0.009265
14696,-110.290790,0.009265
14697,-143.912288,0.009265
14698,-157.061135,0.009265
14699,-184.823025,0.009265
14700,-115.629442,0.008339
14701,-107.569632,0.008339
14702,-121.915636,0.008339
14703,-82.164944,0.008339
14704,-136.181491,0.008339
14705,-172.586056,0.008339
14706,-109.836080,0.008339
14707,-168.775889,0.008339
14708,-66.332887,0.008339
14709,-161.483149,0.008339
14710,-191.207789,0.008339
14711,-127.718955,0.008339
14712,-99.849419,0.008339
14713,-176.066116,0.008339
14714,-127.695013,0.008339
14715,-178.454003,0.008339
14716,-106.369453,0.008339
14717,-153.330092,0.008339
14718,-112.486697,0.008339
14719,-117.734814,0.008339
14720,-124.410293,0.008339
14721,-107.795811,0.008339
14722,-145.370537,0.008339
14723,-82.332942,0.008339
14724,-132.302215,0.008339
14725,-75.086078,0.008339
14726,-149.518522,0.008339
14727,-103.516193,0.008339
14728,-134.322114,0.008339
14729,-106.318598,0.008339
14730,-169.542559,0.008339
14731,-206.503806,0.008339
14732,-168.731999,0.008339
14733,-163.824296,0.008339
14734,-124.805882,0.008339
14735,-75.035904,0.008339
14736,-82.191466,0.008339
14737,-129.714319,0.008339
14738,-171.038272,0.008339
14739,-184.495033,0.008339
14740,-32.302836,0.008339
14741,-124.071949,0.008339
14742,-97.572918,0.008339
14743,-132.255851,0.008339
14744,-159.712041,0.008339
14745,-65.699095,0.008339
14746,-119.360062,0.008339
14747,-129.657236,0.008339
14748,-126.563765,0.008339
14749,-65.029809,0.008339
14750,-181.034088,0.008339
14751,-130.299231,0.008339
14752,-112.155085,0.008339
14753,-47.318597,0.008339
14754,-151.809405,0.008339
14755,-134.229317,0.008339
14756,-188.434775,0.008339
14757,-45.412555,0.008339
14758,-61.109913,0.008339
14759,-94.519525,0.008339
14760,-120.179122,0.008339
14761,-170.509160,0.008339
14762,-82.418665,0.008339
14763,-137.809098,0.008339
14764,-182.894793,0.008339
14765,-144.563122,0.008339
14766,-108.234486,0.008339
14767,-122.999503,0.008339
14768,-137.623517,0.008339
14769,-119.145823,0.008339
14770,-126.163538,0.008339
14771,-160.266606,0.008339
14772,-136.105533,0.008339
14773,-106.033261,0.008339
14774,-130.918167,0.008339
14775,-147.876139,0.008339
14776,-80.326203,0.008339
14777,-69.199563,0.008339
14778,-118.083188,0.008339
14779,-104.948552,0.008339
14780,-64.350621,0.008339
14781,-149.291585,0.008339
14782,-25.100679,0.008339
14783,-106.970562,0.008339
14784,-103.411057,0.008339
14785,-93.519093,0.008339
14786,-116.080291,0.008339
14787,-71.730472,0.008339
14788,-112.825242,0.008339
14789,-107.829453,0.008339
14790,-139.831857,0.008339
14791,-144.483554,0.008339
14792,-51.240161,0.008339
14793,-60.634313,0.008339
14794,-115.275288,0.008339
14795,-67.541106,0.008339
14796,-55.477259,0.008339
14797,-41.504483,0.008339
14798,-133.957735,0.008339
14799,-123.505223,0.008339
14800,-94.082443,0.007505
14801,-81.497255,0.007505
14802,-140.086937,0.007505
14803,-103.163452,0.007505
14804,-130.587279,0.007505
14805,-182.174046,0.007505
14806,-101.096751,0.007505
14807,-175.176489,0.007505
14808,-127.847420,0.007505
14809,-99.435002,0.007505
14810,-83.522542,0.007505
14811,-124.837085,0.007505
14812,-87.679074,0.007505
14813,-106.949122,0.007505
14814,-32.093530,0.007505
14815,-49.280547,0.007505
14816,-100.075641,0.007505
14817,-73.792520,0.007505
14818,-58.549475,0.007505
14819,-50.966070,0.007505
14820,-143.731849,0.007505
14821,-14.231917,0.007505
14822,-117.410206,0.007505
14823,-139.164589,0.007505
14824,-116.369968,0.007505
14825,-194.366368,0.007505
14826,-108.407064,0.007505
14827,-142.456343,0.007505
14828,-111.613435,0.007505
14829,-157.133581,0.007505
14830,-103.753412,0.007505
14831,-86.945757,0.007505
14832,-121.746353,0.007505
14833,-68.032729,0.007505
14834,-131.550496,0.007505
14835,-150.994470,0.007505
14836,-144.069076,0.007505
14837,-91.200490,0.007505
14838,-148.078482,0.007505
14839,-119.618434,0.007505
14840,-129.599460,0.007505
14841,-114.936904,0.007505
14842,-116.572183,0.007505
14843,-100.601852,0.007505
14844,-130.053268,0.007505
14845,-112.769045,0.007505
14846,-163.657030,0.007505
14847,-151.945295,0.007505
14848,-138.022961,0.007505
14849,-65.065737,0.007505
14850,-127.411189,0.007505
14851,-139.396603,0.007505
14852,-92.328307,0.007505
14853,-149.566178,0.007505
14854,-61.968462,0.007505
14855,-60.987283,0.007505
14856,-149.018078,0.007505
14857,-108.890149,0.007505
14858,-145.370775,0.007505
14859,-76.223496,0.007505
14860,-38.132143,0.007505
14861,-186.815355,0.007505
14862,-87.888198,0.007505
14863,-107.728777,0.007505
14864,-127.044723,0.007505
14865,-78.674573,0.007505
14866,-36.549852,0.007505
14867,-66.662001,0.007505
14868,-67.323128,0.007505
14869,-110.132966,0.007505
14870,-50.169067,0.007505
14871,-119.253533,0.007505
14872,-16.271868,0.007505
14873,-69.868433,0.007505
14874,-104.176847,0.007505
14875,-62.478593,0.007505
14876,-106.828747,0.007505
14877,-221.885619,0.007505
14878,-101.658224,0.007505
14879,-91.555980,0.007505
14880,-93.404732,0.007505
14881,-44.180087,0.007505
14882,-118.636439,0.007505
14883,-91.252167,0.007505
14884,-52.240094,0.007505
14885,-67.386841,0.007505
14886,-159.317595,0.007505
14887,-63.103551,0.007505
14888,-94.407460,0.007505
14889,-68.917799,0.007505
14890,-85.741798,0.007505
14891,-81.597996,0.007505
14892,-95.308366,0.007505
14893,-29.799239,0.007505
14894,-98.984297,0.007505
14895,-60.901253,0.007505
14896,-121.368829,0.007505
14897,-206.145217,0.007505
14898,-108.974368,0.007505
14899,-104.343902,0.007505
14900,-114.434183,0.006754
14901,-122.404674,0.006754
14902,-204.725891,0.006754
14903,-60.037292,0.006754
14904,-123.513086,0.006754
14905,-71.899053,0.006754
14906,-48.027026,0.006754
14907,-107.158753,0.006754
14908,-118.311462,0.006754
14909,-73.276450,0.006754
14910,-119.580304,0.006754
14911,-184.074840,0.006754
14912,-138.053650,0.006754
14913,-102.813780,0.006754
14914,-132.006609,0.006754
14915,-106.608892,0.006754
14916,-83.232496,0.006754
14917,-114.841097,0.006754
14918,-116.952358,0.006754
14919,-35.294231,0.006754
14920,10.688282,0.006754
14921,-127.673277,0.006754
14922,-56.798551,0.006754
14923,-24.976425,0.006754
14924,-52.116649,0.006754
14925,-115.946601,0.006754
14926,-95.551725,0.006754
14927,-52.025028,0.006754
14928,-60.765111,0.006754
14929,-76.010857,0.006754
14930,-58.477659,0.006754
14931,-84.090436,0.006754
14932,-146.301923,0.006754
14933,-38.888564,0.006754
14934,-54.367687,0.006754
14935,-122.137492,0.006754
14936,-88.759360,0.006754
14937,-117.903561,0.006754
14938,-156.966601,0.006754
14939,-144.600870,0.006754
14940,-178.249294,0.006754
14941,-45.734102,0.006754
14942,-118.805392,0.006754
14943,-115.986752,0.006754
14944,-58.559476,0.006754
14945,-81.976764,0.006754
14946,-46.585457,0.006754
14947,-137.903624,0.006754
14948,-57.066640,0.006754
14949,-141.412606,0.006754
14950,-71.274832,0.006754
14951,-125.073934,0.006754
14952,-56.193680,0.006754
14953,-160.144250,0.006754
14954,-108.682652,0.006754
14955,-118.576582,0.006754
14956,-197.380008,0.006754
14957,-58.969991,0.006754
14958,-56.258088,0.006754
14959,-98.545197,0.006754
14960,-85.608942,0.006754
14961,-65.045834,0.006754
14962,-102.986774,0.006754
14963,-92.275065,0.006754
14964,-123.846112,0.006754
14965,-134.028233,0.006754
14966,-62.041268,0.006754
14967,-62.291758,0.006754
14968,-136.171463,0.006754
14969,-124.103841,0.006754
14970,-78.684075,0.006754
14971,-111.466683,0.006754
14972,-69.341612,0.006754
14973,-97.991044,0.006754
14974,-38.159468,0.006754
14975,-84.843473,0.006754
14976,-116.653755,0.006754
14977,-117.492361,0.006754
14978,-36.304238,0.006754
14979,-76.838113,0.006754
14980,-79.450778,0.006754
14981,-21.761541,0.006754
14982,-114.630035,0.006754
14983,-78.450060,0.006754
14984,-23.712753,0.006754
14985,-85.051863,0.006754
14986,-164.494156,0.006754
14987,-126.382869,0.006754
14988,-74.191494,0.006754
14989,-109.255680,0.006754
14990,-72.069566,0.006754
14991,-101.817010,0.006754
14992,-144.336030,0.006754
14993,-150.843374,0.006754
14994,-144.638067,0.006754
14995,-134.667129,0.006754
14996,-73.538170,0.006754
14997,-126.191049,0.006754
14998,-97.213202,0.006754
14999,-89.195092,0.006754
15000,-85.399110,0.006079
15001,-24.068013,0.006079
15002,-57.107738,0.006079
15003,-110.636018,0.006079
15004,-138.452201,0.006079
15005,-136.879602,0.006079
15006,-94.308235,0.006079
15007,-53.040331,0.006079
15008,-40.345387,0.006079
15009,-73.261653,0.006079
15010,-95.632820,0.006079
15011,-145.661283,0.006079
15012,-50.892059,0.006079
15013,-116.819364,0.006079
15014,-134.592670,0.006079
15015,-67.304529,0.006079
15016,-70.390667,0.006079
15017,-91.218113,0.006079
15018,-78.159272,0.006079
15019,-95.737579,0.006079
15020,-125.290254,0.006079
15021,-25.192098,0.006079
15022,-149.891247,0.006079
15023,-75.663670,0.006079
15024,-53.942578,0.006079
15025,-88.916757,0.006079
15026,-69.042853,0.006079
15027,-98.362497,0.006079
15028,-88.969610,0.006079
15029,-96.474877,0.006079
15030,-101.000352,0.006079
15031,-24.130886,0.006079
15032,-59.683488,0.006079
15033,-62.582868,0.006079
15034,-125.574908,0.006079
15035,-97.931724,0.006079
15036,-127.344027,0.006079
15037,-84.199553,0.006079
15038,-105.101800,0.006079
15039,-104.831796,0.006079
15040,-88.072301,0.006079
15041,-54.439605,0.006079
15042,-112.566897,0.006079
15043,-128.397217,0.006079
15044,-79.852775,0.006079
15045,-51.965253,0.006079
15046,-114.951086,0.006079
15047,-116.956485,0.006079
15048,-101.216584,0.006079
15049,-110.899330,0.006079
15050,-123.521177,0.006079
15051,-42.478994,0.006079
15052,-115.839376,0.006079
15053,-136.367043,0.006079
15054,-65.982711,0.006079
15055,-135.471965,0.006079
15056,-144.273129,0.006079
15057,-76.796164,0.006079
15058,-145.957047,0.006079
15059,-125.859097,0.006079
15060,-96.726579,0.006079
15061,-160.658194,0.006079
15062,-167.045493,0.006079
15063,-88.609889,0.006079
15064,-86.317294,0.006079
15065,-79.256576,0.006079
15066,-80.087641,0.006079
15067,-129.160844,0.006079
15068,-119.195299,0.006079
15069,-98.334363,0.006079
15070,-102.053355,0.006079
15071,-149.928928,0.006079
15072,-61.202641,0.006079
15073,-114.323383,0.006079
15074,-112.906429,0.006079
15075,-163.359824,0.006079
15076,-98.988688,0.006079
15077,-198.694321,0.006079
15078,-130.240353,0.006079
15079,-128.476539,0.006079
15080,-152.161540,0.006079
15081,-89.350660,0.006079
15082,-126.896122,0.006079
15083,-94.655995,0.006079
15084,-85.885813,0.006079
15085,-114.445095,0.006079
15086,-124.231690,0.006079
15087,-176.435784,0.006079
15088,-36.427155,0.006079
15089,-87.588440,0.006079
15090,-88.661744,0.006079
15091,-145.617329,0.006079
15092,-129.040902,0.006079
15093,-119.833213,0.006079
15094,-54.959984,0.006079
15095,-119.817247,0.006079
15096,-96.475998,0.006079
15097,-113.564825,0.006079
15098,-105.062073,0.006079
15099,-163.021002,0.006079
15100,-44.151968,0.005471
15101,-116.662164,0.005471
15102,-114.743890,0.005471
15103,-133.557154,0.005471
15104,-143.985983,0.005471
15105,-160.811611,0.005471
15106,-162.633240,0.005471
15107,-42.574623,0.005471
15108,-119.559418,0.005471
15109,-122.408286,0.005471
15110,-194.873853,0.005471
15111,-183.211185,0.005471
15112,-95.176788,0.005471
15113,-156.365946,0.005471
15114,-194.114619,0.005471
15115,-154.877211,0.005471
15116,-130.373018,0.005471
15117,-105.130734,0.005471
15118,-213.462759,0.005471
15119,-158.230044,0.005471
15120,-181.585990,0.005471
15121,-197.297742,0.005471
15122,-65.545832,0.005471
15123,-144.246273,0.005471
15124,-100.390452,0.005471
15125,-88.871308,0.005471
15126,-165.703857,0.005471
15127,-75.996897,0.005471
15128,-56.343346,0.005471
15129,-160.368830,0.005471
15130,-88.991628,0.005471
15131,-178.141249,0.005471
15132,-132.637319,0.005471
15133,-133.991837,0.005471
15134,-111.764081,0.005471
15135,-139.030159,0.005471
15136,-235.449870,0.005471
15137,-61.773288,0.005471
15138,-250.964240,0.005471
15139,-102.885909,0.005471
15140,-114.629222,0.005471
15141,-139.231184,0.005471
15142,-119.629576,0.005471
15143,-69.757093,0.005471
15144,-116.884433,0.005471
15145,-101.199735,0.005471
15146,-78.044335,0.005471
15147,-80.770456,0.005471
15148,-114.171102,0.005471
15149,-164.531642,0.005471
15150,-78.329609,0.005471
15151,-68.399617,0.005471
15152,-191.191407,0.005471
15153,-59.653643,0.005471
15154,-120.798735,0.005471
15155,-92.317012,0.005471
15156,-166.474643,0.005471
15157,-85.502321,0.005471
15158,-69.688718,0.005471
15159,-129.566193,0.005471
15160,-118.751593,0.005471
15161,-92.891724,0.005471
15162,-25.337729,0.005471
15163,-97.053712,0.005471
15164,-61.289092,0.005471
15165,-181.269376,0.005471
15166,-94.925082,0.005471
15167,-107.805611,0.005471
15168,-153.401034,0.005471
15169,-34.195215,0.005471
15170,-116.385904,0.005471
15171,-100.198692,0.005471
15172,-129.387526,0.005471
15173,-47.919488,0.005471
15174,-100.567799,0.005471
15175,-119.032145,0.005471
15176,-178.718509,0.005471
15177,-113.049749,0.005471
15178,-128.044182,0.005471
15179,-117.339145,0.005471
15180,-136.018178,0.005471
15181,-83.372053,0.005471
15182,-145.343560,0.005471
15183,-130.955389,0.005471
15184,-57.140391,0.005471
15185,-69.770548,0.005471
15186,-146.108642,0.005471
15187,-100.582568,0.005471
15188,-44.670600,0.005471
15189,-109.677004,0.005471
15190,-177.079799,0.005471
15191,-116.836724,0.005471
15192,-86.552663,0.005471
15193,-116.709653,0.005471
15194,-151.353528,0.005471
15195,-48.320664,0.005471
15196,-231.422119,0.005471
15197,-114.301826,0.005471
15198,-111.613493,0.005471
15199,-95.069032,0.005471
15200,-145.060944,0.004924
15201,-137.468379,0.004924
15202,-162.060328,0.004924
15203,-173.066324,0.004924
15204,-121.040464,0.004924
15205,-151.061084,0.004924
15206,-76.604535,0.004924
15207,-188.669387,0.004924
15208,-161.201126,0.004924
15209,-82.420315,0.004924
15210,-183.725989,0.004924
15211,-97.244454,0.004924
15212,-139.569211,0.004924
15213,-167.642442,0.004924
15214,-152.673523,0.004924
15215,-77.017656,0.004924
15216,-156.511437,0.004924
15217,-179.474070,0.004924
15218,-164.156840,0.004924
15219,-138.300339,0.004924
15220,-121.444172,0.004924
15221,-119.875434,0.004924
15222,-96.979794,0.004924
15223,-137.739583,0.004924
15224,-78.076867,0.004924
15225,-150.435776,0.004924
15226,-144.457611,0.004924
15227,-83.997408,0.004924
15228,-148.848787,0.004924
15229,-102.083703,0.004924
15230,-155.784080,0.004924
15231,-135.886795,0.004924
15232,-125.028263,0.004924
15233,-136.588998,0.004924
15234,-104.787367,0.004924
15235,-146.038519,0.004924
15236,-140.687197,0.004924
15237,-138.890327,0.004924
15238,-129.001875,0.004924
15239,-87.594329,0.004924
15240,-104.956717,0.004924
15241,-205.316340,0.004924
15242,-133.956664,0.004924
15243,-116.194826,0.004924
15244,-101.243648,0.004924
15245,-112.240766,0.004924
15246,-162.070278,0.004924
15247,-148.730765,0.004924
15248,-143.362872,0.004924
15249,-75.274070,0.004924
15250,-176.673186,0.004924
15251,-124.218217,0.004924
15252,-200.033529,0.004924
15253,-147.508834,0.004924
15254,-112.267578,0.004924
15255,-145.037283,0.004924
15256,-114.793141,0.004924
15257,-127.293499,0.004924
15258,-156.142776,0.004924
15259,-174.706428,0.004924
15260,-100.906420,0.004924
15261,-149.355591,0.004924
15262,-216.964598,0.004924
15263,-128.470245,0.004924
15264,-145.743740,0.004924
15265,-118.360188,0.004924
15266,-190.873396,0.004924
15267,-177.058490,0.004924
15268,-184.080641,0.004924
15269,-264.057499,0.004924
15270,-76.386568,0.004924
15271,-103.603723,0.004924
15272,-124.989042,0.004924
15273,-212.587818,0.004924
15274,-136.905884,0.004924
15275,-248.690314,0.004924
15276,-65.684639,0.004924
15277,-183.865874,0.004924
15278,-161.991560,0.004924
15279,-122.092181,0.004924
15280,-166.357864,0.004924
15281,-198.159770,0.004924
15282,-150.879969,0.004924
15283,-198.783283,0.004924
15284,-105.079535,0.004924
15285,-55.951311,0.004924
15286,-118.329776,0.004924
15287,-141.243443,0.004924
15288,-187.674153,0.004924
15289,-64.646213,0.004924
15290,-58.071494,0.004924
15291,-64.328451,0.004924
15292,-99.360098,0.004924
15293,-187.649468,0.004924
15294,-208.840154,0.004924
15295,-214.438589,0.004924
15296,-76.971592,0.004924
15297,-126.676165,0.004924
15298,-171.835966,0.004924
15299,-224.158619,0.004924
15300,-55.951555,0.004431
15301,-172.715399,0.004431
15302,-51.643773,0.004431
15303,-137.366711,0.004431
15304,-196.333101,0.004431
15305,-163.384570,0.004431
15306,-83.766604,0.004431
15307,-182.247631,0.004431
15308,-181.508759,0.004431
15309,-195.554260,0.004431
15310,-83.032483,0.004431
15311,-233.545853,0.004431
15312,-182.756059,0.004431
15313,-145.007169,0.004431
15314,-110.554650,0.004431
15315,-105.933349,0.004431
15316,-266.552202,0.004431
15317,-148.041160,0.004431
15318,-176.671047,0.004431
15319,-92.701806,0.004431
15320,-193.894967,0.004431
15321,-179.295802,0.004431
15322,-196.403091,0.004431
15323,-148.800062,0.004431
15324,-189.696443,0.004431
15325,-190.082135,0.004431
15326,-109.367500,0.004431
15327,-167.072341,0.004431
15328,-130.617930,0.004431
15329,-213.520454,0.004431
15330,-187.012307,0.004431
15331,-136.538340,0.004431
15332,-25.439150,0.004431
15333,-95.823319,0.004431
15334,-136.159760,0.004431
15335,-138.837715,0.004431
15336,-75.816533,0.004431
15337,-138.180761,0.004431
15338,-100.866979,0.004431
15339,-181.095063,0.004431
15340,-40.471211,0.004431
15341,-146.540654,0.004431
15342,-184.049632,0.004431
15343,-112.726570,0.004431
15344,-155.149063,0.004431
15345,-99.187957,0.004431
15346,-147.257087,0.004431
15347,-136.524975,0.004431
15348,-41.522839,0.004431
15349,-93.286593,0.004431
15350,-125.762622,0.004431
15351,-81.066421,0.004431
15352,-168.893685,0.004431
15353,-140.511998,0.004431
15354,-64.992126,0.004431
15355,-28.467400,0.004431
15356,-94.072482,0.004431
15357,-189.848824,0.004431
15358,-54.515093,0.004431
15359,-60.639621,0.004431
15360,-103.828838,0.004431
15361,-116.420511,0.004431
15362,-88.926472,0.004431
15363,-185.261211,0.004431
15364,-130.290033,0.004431
15365,-105.784253,0.004431
15366,-95.185826,0.004431
15367,-158.477867,0.004431
15368,-146.151636,0.004431
15369,-163.658362,0.004431
15370,-187.610131,0.004431
15371,-105.364934,0.004431
15372,-103.451331,0.004431
15373,-214.023351,0.004431
15374,-121.411471,0.004431
15375,-158.889586,0.004431
15376,-149.599383,0.004431
15377,-160.236548,0.004431
15378,-145.933005,0.004431
15379,-52.878665,0.004431
15380,-147.748786,0.004431
15381,-138.908076,0.004431
15382,-110.712877,0.004431
15383,-106.171964,0.004431
15384,-139.676329,0.004431
15385,-163.491874,0.004431
15386,-172.403693,0.004431
15387,-72.862820,0.004431
15388,-113.606788,0.004431
15389,-126.653991,0.004431
15390,-98.793699,0.004431
15391,-129.190832,0.004431
15392,-123.833375,0.004431
15393,-90.939119,0.004431
15394,-100.569957,0.004431
15395,-135.343439,0.004431
15396,-148.606106,0.004431
15397,-149.719420,0.004431
15398,-162.617056,0.004431
15399,-106.728969,0.004431
15400,-127.013786,0.003988
15401,-79.868356,0.003988
15402,-56.760764,0.003988
15403,-139.383026,0.003988
15404,-209.698391,0.003988
15405,-74.193352,0.003988
15406,-135.539104,0.003988
15407,-197.128271,0.003988
15408,-142.525664,0.003988
15409,-84.757884,0.003988
15410,-109.754388,0.003988
15411,-157.766197,0.003988
15412,-151.064062,0.003988
15413,-112.168729,0.003988
15414,-89.645682,0.003988
15415,-112.636158,0.003988
15416,-56.292174,0.003988
15417,-119.261559,0.003988
15418,-93.832506,0.003988
15419,-121.558571,0.003988
15420,-117.186500,0.003988
15421,-118.803563,0.003988
15422,-82.538769,0.003988
15423,-112.043853,0.003988
15424,-129.941259,0.003988
15425,-89.180413,0.003988
15426,-54.447904,0.003988
15427,-141.913621,0.003988
15428,-155.687715,0.003988
15429,-62.991193,0.003988
15430,-70.283512,0.003988
15431,-90.224010,0.003988
15432,-111.213353,0.003988
15433,-137.645237,0.003988
15434,-98.192932,0.003988
15435,-155.313256,0.003988
15436,-147.673270,0.003988
15437,-100.792666,0.003988
15438,-184.292846,0.003988
15439,-86.532502,0.003988
15440,-92.592498,0.003988
15441,-118.293371,0.003988
15442,-141.766820,0.003988
15443,-112.091963,0.003988
15444,-80.314284,0.003988
15445,-113.238419,0.003988
15446,-143.476948,0.003988
15447,-120.547233,0.003988
15448,-93.233445,0.003988
15449,-88.005556,0.003988
15450,-59.859335,0.003988
15451,-163.351030,0.003988
15452,-62.545927,0.003988
15453,-134.073766,0.003988
15454,-76.388833,0.003988
15455,-121.819651,0.003988
15456,-186.746409,0.003988
15457,-144.509810,0.003988
15458,-93.639049,0.003988
15459,-144.827262,0.003988
15460,-124.620802,0.003988
15461,-200.437189,0.003988
15462,-111.362193,0.003988
15463,-121.644017,0.003988
15464,-117.775126,0.003988
15465,-81.886340,0.003988
15466,-129.395736,0.003988
15467,-147.471718,0.003988
15468,-143.144669,0.003988
15469,-92.828107,0.003988
15470,-89.284760,0.003988
15471,-135.872101,0.003988
15472,-173.961111,0.003988
15473,-171.665500,0.003988
15474,-90.878496,0.003988
15475,-167.683498,0.003988
15476,-211.640042,0.003988
15477,-136.005394,0.003988
15478,-108.483110,0.003988
15479,-211.561138,0.003988
15480,-181.948690,0.003988
15481,-127.743070,0.003988
15482,-149.251459,0.003988
15483,-154.997771,0.003988
15484,-128.748182,0.003988
15485,-129.602184,0.003988
15486,-195.214971,0.003988
15487,-140.262356,0.003988
15488,-102.439459,0.003988
15489,-138.533074,0.003988
15490,-144.605601,0.003988
15491,-143.643440,0.003988
15492,-37.819960,0.003988
15493,-107.908364,0.003988
15494,-70.944694,0.003988
15495,-144.505286,0.003988
15496,-173.754473,0.003988
15497,-106.639474,0.003988
15498,-71.435895,0.003988
15499,-121.838748,0.003988
15500,-141.130236,0.003589
15501,-136.417771,0.003589
15502,-122.242853,0.003589
15503,-197.269439,0.003589
15504,-47.552996,0.003589
15505,-98.889519,0.003589
15506,-169.884777,0.003589
15507,-138.195747,0.003589
15508,-122.409315,0.003589
15509,-77.864316,0.003589
15510,-145.258681,0.003589
15511,-199.268311,0.003589
15512,-155.768557,0.003589
15513,-75.161040,0.003589
15514,-61.672313,0.003589
15515,-156.678476,0.003589
15516,-138.954008,0.003589
15517,-118.401629,0.003589
15518,-111.587817,0.003589
15519,-138.132178,0.003589
15520,-129.835972,0.003589
15521,-107.521179,0.003589
15522,-75.375612,0.003589
15523,-178.847602,0.003589
15524,-108.513412,0.003589
15525,-201.422730,0.003589
15526,-140.606507,0.003589
15527,-121.489692,0.003589
15528,-123.721330,0.003589
15529,-74.518525,0.003589
15530,-169.300606,0.003589
15531,-109.693523,0.003589
15532,-69.572261,0.003589
15533,-158.661411,0.003589
15534,-125.896876,0.003589
15535,-105.905256,0.003589
15536,-165.427952,0.003589
15537,-107.060066,0.003589
15538,-163.914003,0.003589
15539,-142.337511,0.003589
15540,-126.809909,0.003589
15541,-168.320602,0.003589
15542,-132.873061,0.003589
15543,-155.978308,0.003589
15544,-82.709819,0.003589
15545,-171.194917,0.003589
15546,-102.101769,0.003589
15547,-184.549599,0.003589
15548,-130.415298,0.003589
15549,-90.444695,0.003589
15550,-192.793365,0.003589
15551,-139.098157,0.003589
15552,-156.630059,0.003589
15553,-92.129340,0.003589
15554,-163.318982,0.003589
15555,-235.324431,0.003589
15556,-161.378439,0.003589
15557,-152.341990,0.003589
15558,-149.940900,0.003589
15559,-133.220962,0.003589
15560,-164.643870,0.003589
15561,-151.009109,0.003589
15562,-109.716319,0.003589
15563,-198.324955,0.003589
15564,-131.265636,0.003589
15565,-113.295654,0.003589
15566,-160.282909,0.003589
15567,-161.557293,0.003589
15568,-132.989927,0.003589
15569,-141.266435,0.003589
15570,-173.904065,0.003589
15571,-129.269606,0.003589
15572,-110.649469,0.003589
15573,-207.978805,0.003589
15574,-163.070530,0.003589
15575,-121.674388,0.003589
15576,-110.387490,0.003589
15577,-138.406249,0.003589
15578,-194.199826,0.003589
15579,-199.253356,0.003589
15580,-211.019629,0.003589
15581,-149.715423,0.003589
15582,-155.797202,0.003589
15583,-165.057719,0.003589
15584,-185.210234,0.003589
15585,-136.852727,0.003589
15586,-137.134852,0.003589
15587,-225.490376,0.003589
15588,-158.042426,0.003589
15589,-143.020826,0.003589
15590,-111.556798,0.003589
15591,-171.348912,0.003589
15592,-176.449254,0.003589
15593,-163.904101,0.003589
15594,-142.305628,0.003589
15595,-144.009794,0.003589
15596,-228.138095,0.003589
15597,-134.102201,0.003589
15598,-176.416604,0.003589
15599,-119.524620,0.003589
15600,-147.455452,0.003231
15601,-165.021726,0.003231
15602,-150.445641,0.003231
15603,-227.661627,0.003231
15604,-95.704216,0.003231
15605,-175.598296,0.003231
15606,-178.298704,0.003231
15607,-125.836210,0.003231
15608,-182.310217,0.003231
15609,-176.994811,0.003231
15610,-181.655916,0.003231
15611,-108.498779,0.003231
15612,-108.754871,0.003231
15613,-121.972388,0.003231
15614,-144.893844,0.003231
15615,-211.483593,0.003231
15616,-139.937675,0.003231
15617,-193.547020,0.003231
15618,-174.850212,0.003231
15619,-160.371841,0.003231
15620,-120.169624,0.003231
15621,-189.186109,0.003231
15622,-49.157047,0.003231
15623,-172.048445,0.003231
15624,-173.885843,0.003231
15625,-200.417828,0.003231
15626,-111.004811,0.003231
15627,-135.100009,0.003231
15628,-139.921842,0.003231
15629,-127.680995,0.003231
15630,-140.302353,0.003231
15631,-199.815512,0.003231
15632,-162.482586,0.003231
15633,-136.256514,0.003231
15634,-164.632294,0.003231
15635,-72.051963,0.003231
15636,-165.368275,0.003231
15637,-139.250729,0.003231
15638,-169.842995,0.003231
15639,-162.483828,0.003231
15640,-196.910157,0.003231
15641,-133.664793,0.003231
15642,-115.285782,0.003231
15643,-210.438043,0.003231
15644,-181.910922,0.003231
15645,-104.340649,0.003231
15646,-217.238544,0.003231
15647,-168.415180,0.003231
15648,-167.030576,0.003231
15649,-163.745367,0.003231
15650,-181.834356,0.003231
15651,-113.753763,0.003231
15652,-110.590523,0.003231
15653,-106.308998,0.003231
15654,-97.177243,0.003231
15655,-98.212366,0.003231
15656,-158.743718,0.003231
15657,-70.796224,0.003231
15658,-159.691441,0.003231
15659,-109.983212,0.003231
15660,-135.854970,0.003231
15661,-159.929269,0.003231
15662,-115.316028,0.003231
15663,-121.981127,0.003231
15664,-131.273649,0.003231
15665,-155.178191,0.003231
15666,-131.127955,0.003231
15667,-121.671009,0.003231
15668,-98.466056,0.003231
15669,-74.250203,0.003231
15670,-123.407552,0.003231
15671,-156.125375,0.003231
15672,-157.987234,0.003231
15673,-173.524048,0.003231
15674,-171.108304,0.003231
15675,-179.694289,0.003231
15676,-211.197123,0.003231
15677,-132.210485,0.003231
15678,-91.156318,0.003231
15679,-62.851020,0.003231
15680,-61.636380,0.003231
15681,-127.086901,0.003231
15682,-170.993025,0.003231
15683,-96.066268,0.003231
15684,-150.293460,0.003231
15685,-163.205927,0.003231
15686,-150.752788,0.003231
15687,-64.322524,0.003231
15688,-46.434865,0.003231
15689,-129.046111,0.003231
15690,-89.837451,0.003231
15691,-61.804395,0.003231
15692,-134.149570,0.003231
15693,-101.418236,0.003231
15694,-116.312026,0.003231
15695,-147.397629,0.003231
15696,-134.101872,0.003231
15697,-177.437718,0.003231
15698,-149.171310,0.003231
15699,-157.861049,0.003231
15700,-174.432159,0.002907
15701,-186.451263,0.002907
15702,-141.079774,0.002907
15703,-90.087297,0.002907
15704,-164.594710,0.002907
15705,-201.378683,0.002907
15706,-216.001579,0.002907
15707,-99.377811,0.002907
15708,-142.920459,0.002907
15709,-80.648491,0.002907
15710,-175.121566,0.002907
15711,-88.795863,0.002907
15712,-56.334812,0.002907
15713,-92.324506,0.002907
15714,-166.693723,0.002907
15715,-52.100446,0.002907
15716,-81.048840,0.002907
15717,-124.636755,0.002907
15718,-71.025024,0.002907
15719,-51.913267,0.002907
15720,-94.117290,0.002907
15721,-95.146909,0.002907
15722,-109.152347,0.002907
15723,-80.745136,0.002907
15724,-74.177775,0.002907
15725,-210.047432,0.002907
15726,-162.519664,0.002907
15727,-124.204567,0.002907
15728,-67.325099,0.002907
15729,-140.305864,0.002907
15730,-60.537071,0.002907
15731,-84.008501,0.002907
15732,-36.210583,0.002907
15733,-101.910824,0.002907
15734,-160.570611,0.002907
15735,-64.199815,0.002907
15736,-175.140489,0.002907
15737,-122.782177,0.002907
15738,-175.169549,0.002907
15739,-185.582327,0.002907
15740,-91.295229,0.002907
15741,-59.512207,0.002907
15742,-151.617290,0.002907
15743,-148.170442,0.002907
15744,-93.743830,0.002907
15745,-135.990460,0.002907
15746,-202.028525,0.002907
15747,-177.924631,0.002907
15748,-99.041903,0.002907
15749,-79.962166,0.002907
15750,-50.424683,0.002907
15751,-83.844948,0.002907
15752,-135.328628,0.002907
15753,-79.982385,0.002907
15754,-142.962854,0.002907
15755,-132.048834,0.002907
15756,-191.300466,0.002907
15757,-180.875324,0.002907
15758,-118.713021,0.002907
15759,-221.775065,0.002907
15760,-98.909669,0.002907
15761,-154.022146,0.002907
15762,-100.468558,0.002907
15763,-165.075157,0.002907
15764,-84.711954,0.002907
15765,-213.022626,0.002907
15766,-48.696827,0.002907
15767,-110.646050,0.002907
15768,-95.785299,0.002907
15769,-51.986659,0.002907
15770,-172.964318,0.002907
15771,-75.941923,0.002907
15772,-196.669222,0.002907
15773,-96.185955,0.002907
15774,-78.223153,0.002907
15775,-189.145725,0.002907
15776,-125.582926,0.002907
15777,-136.955230,0.002907
15778,-105.963888,0.002907
15779,-124.425158,0.002907
15780,-170.010608,0.002907
15781,-50.017443,0.002907
15782,-195.119190,0.002907
15783,-118.129274,0.002907
15784,-195.267410,0.002907
15785,-58.991063,0.002907
15786,-120.601742,0.002907
15787,-73.762287,0.002907
15788,-163.800737,0.002907
15789,-161.485637,0.002907
15790,-100.433379,0.002907
15791,-115.184218,0.002907
15792,-151.614881,0.002907
15793,-53.754844,0.002907
15794,-39.428843,0.002907
15795,-122.859725,0.002907
15796,-47.520362,0.002907
15797,-171.408211,0.002907
15798,-58.634149,0.002907
15799,-97.732268,0.002907
15800,-127.255120,0.002617
15801,-62.319263,0.002617
15802,-102.082308,0.002617
15803,-56.699338,0.002617
15804,-81.409171,0.002617
15805,-144.450521,0.002617
15806,-76.887278,0.002617
15807,-88.758411,0.002617
15808,-64.608637,0.002617
15809,-72.784277,0.002617
15810,-62.276864,0.002617
15811,-87.250351,0.002617
15812,-60.349094,0.002617
15813,-63.531882,0.002617
15814,-151.736614,0.002617
15815,-130.698606,0.002617
15816,-149.989320,0.002617
15817,-134.777490,0.002617
15818,-143.167780,0.002617
15819,-97.471463,0.002617
15820,-86.316823,0.002617
15821,-136.981887,0.002617
15822,-66.295415,0.002617
15823,-102.822387,0.002617
15824,-121.935139,0.002617
15825,-123.476291,0.002617
15826,-160.377797,0.002617
15827,-97.257622,0.002617
15828,-128.939353,0.002617
15829,-86.193730,0.002617
15830,-172.536688,0.002617
15831,-59.158127,0.002617
15832,-107.498867,0.002617
15833,-94.587372,0.002617
15834,-114.454421,0.002617
15835,-138.800444,0.002617
15836,-182.670081,0.002617
15837,-117.133083,0.002617
15838,-125.495860,0.002617
15839,-150.424305,0.002617
15840,-93.258122,0.002617
15841,-157.189831,0.002617
15842,-68.728995,0.002617
15843,-77.209932,0.002617
15844,-122.921518,0.002617
15845,-103.858468,0.002617
15846,-79.716462,0.002617
15847,-124.260669,0.002617
15848,-130.341260,0.002617
15849,-125.578989,0.002617
15850,-59.240571,0.002617
15851,-63.931305,0.002617
15852,-111.583291,0.002617
15853,-89.958364,0.002617
15854,-78.746569,0.002617
15855,-102.968101,0.002617
15856,-55.331589,0.002617
15857,-80.743116,0.002617
15858,-53.204780,0.002617
15859,-146.059745,0.002617
15860,-168.110533,0.002617
15861,-171.345244,0.002617
15862,-27.924644,0.002617
15863,-169.244133,0.002617
15864,-90.794025,0.002617
15865,-133.790895,0.002617
15866,-43.527963,0.002617
15867,-116.065575,0.002617
15868,-78.403723,0.002617
15869,-99.516537,0.002617
15870,-154.017609,0.002617
15871,-132.211236,0.002617
15872,-41.380687,0.002617
15873,-108.613311,0.002617
15874,-128.878834,0.002617
15875,-73.675688,0.002617
15876,-64.168621,0.002617
15877,-143.181269,0.002617
15878,-135.547085,0.002617
15879,-83.398919,0.002617
15880,-80.728025,0.002617
15881,-184.582264,0.002617
15882,-125.866025,0.002617
15883,-87.761584,0.002617
15884,-46.980698,0.002617
15885,-152.972830,0.002617
15886,-194.160799,0.002617
15887,-115.521856,0.002617
15888,-178.565114,0.002617
15889,-183.747986,0.002617
15890,-136.068943,0.002617
15891,-137.706513,0.002617
15892,-48.794831,0.002617
15893,-137.884572,0.002617
15894,-123.607065,0.002617
15895,-73.478365,0.002617
15896,-195.002709,0.002617
15897,-92.246998,0.002617
15898,-126.357218,0.002617
15899,-102.452593,0.002617
15900,-27.866552,0.002355
15901,-197.425837,0.002355
15902,-99.585861,0.002355
15903,-96.051046,0.002355
15904,-74.701475,0.002355
15905,-165.908195,0.002355
15906,-76.149389,0.002355
15907,-124.704138,0.002355
15908,-157.059992,0.002355
15909,-112.094816,0.002355
15910,-111.696578,0.002355
15911,-124.659751,0.002355
15912,-168.305353,0.002355
15913,-74.694934,0.002355
15914,-174.991190,0.002355
15915,-190.858503,0.002355
15916,-139.523378,0.002355
15917,-102.670923,0.002355
15918,-49.468464,0.002355
15919,-130.195917,0.002355
15920,-134.867823,0.002355
15921,-140.619075,0.002355
15922,-102.750393,0.002355
15923,-68.275633,0.002355
15924,-172.875533,0.002355
15925,-165.438337,0.002355
15926,-102.418984,0.002355
15927,-157.356717,0.002355
15928,-49.723819,0.002355
15929,-134.461034,0.002355
15930,-79.398056,0.002355
15931,-85.565960,0.002355
15932,-100.256575,0.002355
15933,-140.290433,0.002355
15934,-116.439495,0.002355
15935,-126.176235,0.002355
15936,-134.152824,0.002355
15937,-184.783032,0.002355
15938,-72.543229,0.002355
15939,-147.535877,0.002355
15940,-196.254643,0.002355
15941,-172.361790,0.002355
15942,-123.292872,0.002355
15943,-134.462341,0.002355
15944,-144.241318,0.002355
15945,-124.654646,0.002355
15946,-153.569258,0.002355
15947,-264.791077,0.002355
15948,-88.439863,0.002355
15949,-231.555816,0.002355
15950,-142.117755,0.002355
15951,-100.413195,0.002355
15952,-134.386609,0.002355
15953,-46.268316,0.002355
15954,-150.584725,0.002355
15955,-140.340903,0.002355
15956,-103.160002,0.002355
15957,-176.090416,0.002355
15958,-170.975324,0.002355
15959,-102.228890,0.002355
15960,-72.543555,0.002355
15961,-150.313084,0.002355
15962,-119.763056,0.002355
15963,-109.275069,0.002355
15964,-88.143056,0.002355
15965,-185.999848,0.002355
15966,-103.437076,0.002355
15967,-112.118192,0.002355
15968,-184.824700,0.002355
15969,-151.583848,0.002355
15970,-127.867610,0.002355
15971,-120.378268,0.002355
15972,-100.175209,0.002355
15973,-154.785768,0.002355
15974,-78.863023,0.002355
15975,-96.181733,0.002355
15976,-126.934514,0.002355
15977,-149.036356,0.002355
15978,-88.368613,0.002355
15979,-138.641626,0.002355
15980,-147.670305,0.002355
15981,-116.056262,0.002355
15982,-121.783516,0.002355
15983,-98.511662,0.002355
15984,-114.478537,0.002355
15985,-148.837994,0.002355
15986,-139.839382,0.002355
15987,-134.141335,0.002355
15988,-123.966318,0.002355
15989,-194.959072,0.002355
15990,-120.813350,0.002355
15991,-143.963439,0.002355
15992,-141.181132,0.002355
15993,-114.796267,0.002355
15994,-259.881389,0.002355
15995,-145.904317,0.002355
15996,-155.272968,0.002355
15997,-187.954574,0.002355
15998,-75.084562,0.002355
15999,-181.275528,0.002355
16000,-136.483519,0.002120
