episode,avg_reward,noise_std
1,-21.649844,0.298800
2,-9.029314,0.297605
3,-17.157944,0.296414
4,-17.845874,0.295229
5,-19.468149,0.294048
6,-10.888954,0.292872
7,1.670764,0.291700
8,-7.420372,0.290533
9,0.984093,0.289371
10,-6.774651,0.288214
11,-4.074845,0.287061
12,-2.022532,0.285913
13,0.262343,0.284769
14,-6.159385,0.283630
15,-6.783091,0.282495
16,-6.510554,0.281365
17,-1.752568,0.280240
18,-5.619062,0.279119
19,-5.464059,0.278002
20,0.311339,0.276890
21,-0.349528,0.275783
22,-1.829373,0.274680
23,2.687223,0.273581
24,-8.671518,0.272487
25,-9.981078,0.271397
26,-1.554209,0.270311
27,-3.847777,0.269230
28,-0.703961,0.268153
29,-8.928816,0.267080
30,-1.584875,0.266012
31,-6.234067,0.264948
32,-1.729412,0.263888
33,-2.755797,0.262833
34,-3.884274,0.261781
35,-1.402781,0.260734
36,5.008491,0.259691
37,1.379160,0.258653
38,-1.111255,0.257618
39,-2.877322,0.256587
40,-3.103655,0.255561
41,-8.233754,0.254539
42,-3.352232,0.253521
43,-5.320475,0.252507
44,-6.374722,0.251497
45,-2.681537,0.250491
46,-6.840321,0.249489
47,-5.872442,0.248491
48,-4.207988,0.247497
49,-5.939117,0.246507
50,-10.785883,0.245521
51,-3.461889,0.244539
52,-7.497212,0.243560
53,-3.170285,0.242586
54,-3.753817,0.241616
55,-5.296270,0.240649
56,-0.536959,0.239687
57,-6.554629,0.238728
58,-2.543347,0.237773
59,-1.771607,0.236822
60,-6.035452,0.235875
61,0.479736,0.234931
62,-2.951577,0.233992
63,1.958885,0.233056
64,-4.159106,0.232123
65,0.628619,0.231195
66,-7.089210,0.230270
67,-0.115869,0.229349
68,-4.585691,0.228432
69,-16.174105,0.227518
70,-6.870782,0.226608
71,-3.508342,0.225701
72,-6.092546,0.224799
73,-1.276414,0.223899
74,-1.626651,0.223004
75,-4.294755,0.222112
76,-5.228565,0.221223
77,-5.334547,0.220338
78,-7.575772,0.219457
79,-7.130175,0.218579
80,-9.141648,0.217705
81,-0.919728,0.216834
82,-1.175215,0.215967
83,2.932133,0.215103
84,-5.586473,0.214243
85,-0.933327,0.213386
86,1.610403,0.212532
87,-10.419277,0.211682
88,5.063722,0.210835
89,-7.632248,0.209992
90,-9.136095,0.209152
91,-8.678934,0.208315
92,-10.296908,0.207482
93,-10.596243,0.206652
94,3.824415,0.205825
95,-7.906047,0.205002
96,-10.282262,0.204182
97,-5.433399,0.203365
98,-7.289039,0.202552
99,0.496049,0.201742
100,-4.280101,0.200935
101,-14.049018,0.200131
102,1.553100,0.199331
103,-2.805467,0.198533
104,-6.404381,0.197739
105,4.117621,0.196948
106,1.363251,0.196160
107,4.273883,0.195376
108,2.686809,0.194594
109,4.831108,0.193816
110,4.846120,0.193041
111,-0.456267,0.192268
112,-4.575975,0.191499
113,0.476669,0.190733
114,-1.122582,0.189970
115,2.048159,0.189210
116,-6.865246,0.188454
117,1.664340,0.187700
118,-7.891410,0.186949
119,8.300415,0.186201
120,2.047752,0.185456
121,7.195130,0.184715
122,-4.875828,0.183976
123,-6.198052,0.183240
124,-0.730256,0.182507
125,-1.106723,0.181777
126,-6.718991,0.181050
127,-7.550303,0.180326
128,-2.303041,0.179604
129,-1.632000,0.178886
130,-2.561974,0.178170
131,-8.285490,0.177458
132,-14.269982,0.176748
133,-7.872229,0.176041
134,-7.031400,0.175337
135,-10.234309,0.174635
136,-4.453366,0.173937
137,-11.525670,0.173241
138,-11.662443,0.172548
139,-6.625342,0.171858
140,-16.008180,0.171170
141,11.452671,0.170486
142,-0.865605,0.169804
143,0.573581,0.169125
144,-1.492638,0.168448
145,0.980513,0.167774
146,-5.418526,0.167103
147,-2.237608,0.166435
148,2.823981,0.165769
149,-0.115631,0.165106
150,-1.898159,0.164446
151,-2.387894,0.163788
152,-4.521974,0.163133
153,-1.023957,0.162480
154,2.345565,0.161830
155,0.973731,0.161183
156,-2.928874,0.160538
157,-6.318497,0.159896
158,-2.424426,0.159256
159,1.954731,0.158619
160,8.638088,0.157985
161,0.730543,0.157353
162,-4.159623,0.156723
163,0.118846,0.156097
164,-2.742571,0.155472
165,-7.638996,0.154850
166,-3.085278,0.154231
167,-6.060483,0.153614
168,0.591235,0.153000
169,7.479709,0.152388
170,-8.277832,0.151778
171,-2.895309,0.151171
172,-5.187039,0.150566
173,3.467780,0.149964
174,6.534248,0.149364
175,-0.422891,0.148767
176,-8.174572,0.148172
177,-4.933556,0.147579
178,-4.777987,0.146989
179,-7.092171,0.146401
180,-4.272493,0.145815
181,-0.885858,0.145232
182,8.642030,0.144651
183,-6.584953,0.144072
184,-4.003588,0.143496
185,-3.543355,0.142922
186,-5.367264,0.142350
187,9.518489,0.141781
188,1.216120,0.141214
189,1.403168,0.140649
190,-3.534449,0.140086
191,-1.712160,0.139526
192,-9.320773,0.138968
193,-13.095768,0.138412
194,-6.375983,0.137858
195,-5.810842,0.137307
196,3.947811,0.136758
197,-8.337610,0.136211
198,-5.786348,0.135666
199,-3.727230,0.135123
200,-7.098563,0.134583
201,-6.009540,0.134044
202,-3.494548,0.133508
203,-4.673510,0.132974
204,2.178756,0.132442
205,-4.070958,0.131912
206,-2.228846,0.131385
207,-3.618167,0.130859
208,-7.608685,0.130336
209,-3.974071,0.129814
210,-5.606159,0.129295
211,-1.203522,0.128778
212,-7.360615,0.128263
213,-5.341478,0.127750
214,1.300697,0.127239
215,-11.794923,0.126730
216,-9.536650,0.126223
217,-6.162337,0.125718
218,-10.297889,0.125215
219,-0.530078,0.124714
220,-6.231993,0.124215
221,-9.323717,0.123719
222,-18.642443,0.123224
223,-4.163893,0.122731
224,-4.133711,0.122240
225,3.372326,0.121751
226,-6.299785,0.121264
227,3.222974,0.120779
228,3.488120,0.120296
229,-6.760264,0.119815
230,-4.396155,0.119335
231,-0.327652,0.118858
232,3.640755,0.118383
233,-0.415441,0.117909
234,-3.546878,0.117437
235,-4.313887,0.116968
236,-1.203531,0.116500
237,-4.265020,0.116034
238,6.697630,0.115570
239,-8.199242,0.115107
240,-4.057112,0.114647
241,-7.466250,0.114188
242,-9.807155,0.113732
243,-5.924533,0.113277
244,-1.188457,0.112824
245,-3.980079,0.112372
246,-3.445777,0.111923
247,-10.224691,0.111475
248,-10.814090,0.111029
249,-6.371003,0.110585
250,-4.312169,0.110143
251,-9.497279,0.109702
252,-5.652282,0.109263
253,-3.869520,0.108826
254,0.289816,0.108391
255,-5.864366,0.107957
256,-12.144663,0.107526
257,-7.218963,0.107096
258,-3.927781,0.106667
259,2.807685,0.106240
260,-4.378540,0.105815
261,-10.700490,0.105392
262,-8.091451,0.104971
263,-8.000480,0.104551
264,-2.408825,0.104133
265,-8.755589,0.103716
266,-6.732870,0.103301
267,-0.743172,0.102888
268,-12.658536,0.102476
269,-10.979999,0.102067
270,-6.732431,0.101658
271,-13.967144,0.101252
272,-10.850258,0.100847
273,-14.467604,0.100443
274,-9.533284,0.100041
275,-5.795585,0.099641
276,-4.285124,0.099243
277,1.080811,0.098846
278,-2.701378,0.098450
279,-13.466697,0.098057
280,-13.185656,0.097664
281,-12.592596,0.097274
282,-9.874612,0.096885
283,-0.164767,0.096497
284,-5.074323,0.096111
285,-1.594080,0.095727
286,-4.244939,0.095344
287,-1.143994,0.094962
288,-6.806368,0.094582
289,3.634256,0.094204
290,1.606054,0.093827
291,-0.130742,0.093452
292,-7.172711,0.093078
293,10.220726,0.092706
294,-3.954900,0.092335
295,2.327388,0.091966
296,-0.783955,0.091598
297,0.602694,0.091231
298,-5.947766,0.090867
299,-6.986904,0.090503
300,-2.151939,0.090141
301,-7.300550,0.089781
302,2.235128,0.089421
303,0.328045,0.089064
304,-14.299815,0.088707
305,-5.180520,0.088353
306,-5.631357,0.087999
307,-1.967121,0.087647
308,-9.191454,0.087297
309,-1.890574,0.086947
310,-11.045069,0.086600
311,2.882191,0.086253
312,-8.667862,0.085908
313,-4.804459,0.085565
314,2.786685,0.085222
315,-11.719917,0.084881
316,2.279793,0.084542
317,-13.301974,0.084204
318,1.577666,0.083867
319,-5.198542,0.083531
320,-5.577467,0.083197
321,-0.775255,0.082865
322,-4.464626,0.082533
323,-8.544400,0.082203
324,-4.775746,0.081874
325,1.372958,0.081547
326,-3.994936,0.081220
327,-2.061419,0.080896
328,-3.492042,0.080572
329,-2.404956,0.080250
330,-8.077226,0.079929
331,-0.352447,0.079609
332,-0.449740,0.079291
333,-6.533913,0.078973
334,-1.550431,0.078658
335,-3.465967,0.078343
336,-8.566883,0.078030
337,-1.748711,0.077717
338,-4.783353,0.077407
339,-4.873975,0.077097
340,1.179310,0.076789
341,10.572765,0.076481
342,-6.010072,0.076175
343,-6.006379,0.075871
344,-8.301801,0.075567
345,-0.010386,0.075265
346,-8.099461,0.074964
347,-3.135728,0.074664
348,4.135207,0.074365
349,-5.759794,0.074068
350,5.374678,0.073772
351,-2.991574,0.073477
352,0.483782,0.073183
353,-1.870595,0.072890
354,-6.940953,0.072598
355,-17.866419,0.072308
356,-8.307118,0.072019
357,-9.360708,0.071731
358,-13.726688,0.071444
359,-14.355144,0.071158
360,-9.942193,0.070873
361,-14.042215,0.070590
362,-11.330180,0.070308
363,-12.950529,0.070026
364,-2.652567,0.069746
365,-4.296652,0.069467
366,-12.174007,0.069189
367,-4.976641,0.068913
368,0.462279,0.068637
369,-7.242227,0.068362
370,-0.476728,0.068089
371,-4.915314,0.067817
372,-2.198294,0.067545
373,2.539543,0.067275
374,-4.889752,0.067006
375,-3.855254,0.066738
376,-9.092967,0.066471
377,-0.909157,0.066205
378,-3.752412,0.065940
379,-3.017548,0.065677
380,-0.552762,0.065414
381,-3.859265,0.065152
382,-6.719529,0.064892
383,0.989856,0.064632
384,-8.225919,0.064374
385,-1.820924,0.064116
386,-1.712582,0.063860
387,0.002330,0.063604
388,-6.155950,0.063350
389,-8.026318,0.063096
390,-5.380743,0.062844
391,-6.026233,0.062593
392,-1.560226,0.062342
393,-5.211192,0.062093
394,0.312345,0.061844
395,-8.080118,0.061597
396,-11.611433,0.061351
397,-10.766941,0.061105
398,-6.624699,0.060861
399,-5.081135,0.060617
400,-4.935993,0.060375
401,-10.585084,0.060133
402,-11.052893,0.059893
403,-7.373506,0.059653
404,-12.077364,0.059415
405,5.426605,0.059177
406,-3.459789,0.058940
407,-12.793377,0.058705
408,-5.382588,0.058470
409,-7.465603,0.058236
410,-9.579192,0.058003
411,-3.535976,0.057771
412,-5.210939,0.057540
413,-6.406823,0.057310
414,-14.021966,0.057080
415,-13.098666,0.056852
416,-3.048913,0.056625
417,-10.661207,0.056398
418,-11.435377,0.056173
419,-6.755441,0.055948
420,-6.220440,0.055724
421,-9.680221,0.055501
422,-13.467211,0.055279
423,-12.715330,0.055058
424,-3.352213,0.054838
425,-1.749414,0.054619
426,-6.584784,0.054400
427,-5.777210,0.054182
428,-7.114516,0.053966
429,-12.112907,0.053750
430,-3.647732,0.053535
431,-7.034762,0.053321
432,-3.297506,0.053107
433,8.990352,0.052895
434,-3.840029,0.052683
435,-7.701449,0.052473
436,-3.122501,0.052263
437,-5.586231,0.052054
438,-3.876699,0.051846
439,-8.003053,0.051638
440,-11.087072,0.051432
441,2.447867,0.051226
442,0.271892,0.051021
443,-1.888554,0.050817
444,-2.375321,0.050614
445,2.085416,0.050411
446,1.209604,0.050210
447,-9.305124,0.050009
448,-9.125504,0.050000
449,4.626452,0.050000
450,-2.754151,0.050000
451,-2.759792,0.050000
452,3.500594,0.050000
453,0.511503,0.050000
454,-6.646398,0.050000
455,-3.833646,0.050000
456,-4.976057,0.050000
457,-1.310911,0.050000
458,-0.429077,0.050000
459,-0.593525,0.050000
460,4.021790,0.050000
461,-4.478391,0.050000
462,2.771557,0.050000
463,-3.853745,0.050000
464,-8.542625,0.050000
465,-5.270037,0.050000
466,-5.921851,0.050000
467,-8.325702,0.050000
468,-1.932252,0.050000
469,-3.124305,0.050000
470,3.108157,0.050000
471,3.400701,0.050000
472,-1.667781,0.050000
473,3.506498,0.050000
474,-0.535554,0.050000
475,2.416765,0.050000
476,-5.743085,0.050000
477,-5.500565,0.050000
478,-1.521660,0.050000
479,-3.565254,0.050000
480,-4.013413,0.050000
481,-5.924013,0.050000
482,-14.947182,0.050000
483,-5.728087,0.050000
484,-2.787873,0.050000
485,-3.066705,0.050000
486,-18.190893,0.050000
487,-2.729711,0.050000
488,-17.155316,0.050000
489,-5.538410,0.050000
490,-4.921267,0.050000
491,-1.923326,0.050000
492,-12.632442,0.050000
493,-4.489183,0.050000
494,-3.840888,0.050000
495,-9.967054,0.050000
496,-9.581774,0.050000
497,-3.771974,0.050000
498,-17.119247,0.050000
499,-18.261445,0.050000
500,-13.837739,0.050000
501,8.568356,0.050000
502,-11.972319,0.050000
503,0.006800,0.050000
504,3.008134,0.050000
505,-0.654262,0.050000
506,-4.435795,0.050000
507,-4.134469,0.050000
508,-14.488253,0.050000
509,3.316901,0.050000
510,-0.328118,0.050000
511,-7.745346,0.050000
512,0.125940,0.050000
513,-6.055414,0.050000
514,-1.452370,0.050000
515,-4.899841,0.050000
516,-3.465391,0.050000
517,-3.722375,0.050000
518,-9.969722,0.050000
519,-4.923395,0.050000
520,-3.859421,0.050000
521,5.021160,0.050000
522,5.258472,0.050000
523,3.579517,0.050000
524,-2.449607,0.050000
525,0.601588,0.050000
526,-3.583970,0.050000
527,-12.098137,0.050000
528,0.706746,0.050000
529,3.536836,0.050000
530,-7.293868,0.050000
531,-2.593996,0.050000
532,-6.304474,0.050000
533,-8.176201,0.050000
534,-4.173381,0.050000
535,-1.535922,0.050000
536,1.210217,0.050000
537,-1.304795,0.050000
538,-4.373119,0.050000
539,-1.118999,0.050000
540,-1.342235,0.050000
541,8.841557,0.050000
542,2.559016,0.050000
543,-0.027237,0.050000
544,1.369157,0.050000
545,1.354151,0.050000
546,-4.785198,0.050000
547,2.299737,0.050000
548,-1.469079,0.050000
549,-5.411529,0.050000
550,-1.192935,0.050000
551,7.817757,0.050000
552,10.080294,0.050000
553,0.031304,0.050000
554,1.118695,0.050000
555,6.006658,0.050000
556,3.894930,0.050000
557,5.342830,0.050000
558,4.642298,0.050000
559,2.146499,0.050000
560,-0.767548,0.050000
561,-8.469922,0.050000
562,-4.730177,0.050000
563,4.254716,0.050000
564,-1.460778,0.050000
565,1.836873,0.050000
566,4.162781,0.050000
567,-4.738798,0.050000
568,3.433146,0.050000
569,3.962403,0.050000
570,8.306737,0.050000
571,-4.002168,0.050000
572,0.824392,0.050000
573,1.579298,0.050000
574,-8.902108,0.050000
575,3.682475,0.050000
576,4.736967,0.050000
577,2.476343,0.050000
578,-5.961124,0.050000
579,3.292022,0.050000
580,3.331660,0.050000
581,-6.555804,0.050000
582,1.988190,0.050000
583,8.515079,0.050000
584,-0.824040,0.050000
585,-2.209895,0.050000
586,-6.591615,0.050000
587,-0.621175,0.050000
588,3.670677,0.050000
589,6.211009,0.050000
590,2.459185,0.050000
591,0.094079,0.050000
592,-6.514719,0.050000
593,-3.053610,0.050000
594,2.713636,0.050000
595,1.968530,0.050000
596,-9.701686,0.050000
597,7.163795,0.050000
598,-3.749630,0.050000
599,0.097639,0.050000
600,4.468178,0.050000
601,-1.670764,0.050000
602,3.352317,0.050000
603,0.674819,0.050000
604,6.256837,0.050000
605,4.572388,0.050000
606,4.998069,0.050000
607,-5.590794,0.050000
608,-6.757451,0.050000
609,-6.317270,0.050000
610,-8.554775,0.050000
611,2.799438,0.050000
612,-5.056008,0.050000
613,1.058523,0.050000
614,-9.396827,0.050000
615,-13.134513,0.050000
616,-8.704258,0.050000
617,-10.514630,0.050000
618,-3.370622,0.050000
619,-12.730682,0.050000
620,-18.381745,0.050000
621,-6.710883,0.050000
622,-19.417314,0.050000
623,-15.586150,0.050000
624,-12.885234,0.050000
625,-11.228080,0.050000
626,-12.841890,0.050000
627,-3.139126,0.050000
628,-8.936993,0.050000
629,-7.786661,0.050000
630,-10.920945,0.050000
631,-16.295847,0.050000
632,-14.289809,0.050000
633,-13.260754,0.050000
634,-4.186900,0.050000
635,-7.327038,0.050000
636,-10.893664,0.050000
637,-9.855661,0.050000
638,-17.408550,0.050000
639,-4.590783,0.050000
640,0.351815,0.050000
641,-3.732764,0.050000
642,-15.787313,0.050000
643,-18.538745,0.050000
644,-16.595627,0.050000
645,-14.637960,0.050000
646,-10.219283,0.050000
647,1.267015,0.050000
648,-9.084252,0.050000
649,3.848594,0.050000
650,-4.028674,0.050000
651,-0.966379,0.050000
652,-6.359822,0.050000
653,-6.359718,0.050000
654,-5.733722,0.050000
655,-14.448706,0.050000
656,-0.934118,0.050000
657,-6.538001,0.050000
658,-3.036523,0.050000
659,8.077339,0.050000
660,-0.547995,0.050000
661,2.670553,0.050000
662,1.374186,0.050000
663,-0.223968,0.050000
664,-1.196981,0.050000
665,0.458778,0.050000
666,-6.909471,0.050000
667,-0.443213,0.050000
668,1.258323,0.050000
669,-1.431704,0.050000
670,8.188844,0.050000
671,-5.569790,0.050000
672,4.835768,0.050000
673,-2.469471,0.050000
674,-4.024732,0.050000
675,-5.148122,0.050000
676,6.560909,0.050000
677,-0.755582,0.050000
678,2.415276,0.050000
679,2.663649,0.050000
680,2.906899,0.050000
681,-3.257203,0.050000
682,4.292815,0.050000
683,4.714481,0.050000
684,9.654091,0.050000
685,5.579326,0.050000
686,-8.500668,0.050000
687,-6.486052,0.050000
688,3.905367,0.050000
689,10.708472,0.050000
690,3.623104,0.050000
691,-0.559581,0.050000
692,2.942618,0.050000
693,-1.110720,0.050000
694,1.077699,0.050000
695,2.660105,0.050000
696,-1.357227,0.050000
697,4.568733,0.050000
698,11.357452,0.050000
699,-7.120159,0.050000
700,-1.590020,0.050000
701,-6.651665,0.050000
702,-8.927699,0.050000
703,0.411360,0.050000
704,-6.922248,0.050000
705,-3.334720,0.050000
706,-1.244458,0.050000
707,-4.705271,0.050000
708,-5.825838,0.050000
709,3.089985,0.050000
710,-3.982565,0.050000
711,-5.440278,0.050000
712,-6.217920,0.050000
713,-4.825348,0.050000
714,0.899720,0.050000
715,-4.632552,0.050000
716,-5.214401,0.050000
717,-6.984775,0.050000
718,-8.302022,0.050000
719,-0.427857,0.050000
720,-6.738309,0.050000
721,-10.417664,0.050000
722,-0.258464,0.050000
723,-3.584817,0.050000
724,-0.586338,0.050000
725,-9.156110,0.050000
726,-1.381916,0.050000
727,-1.480574,0.050000
728,-3.846409,0.050000
729,-5.451502,0.050000
730,-3.932908,0.050000
731,-1.229079,0.050000
732,5.466145,0.050000
733,-9.848452,0.050000
734,-4.312417,0.050000
735,-1.553133,0.050000
736,-4.298536,0.050000
737,5.917556,0.050000
738,-5.645782,0.050000
739,2.091805,0.050000
740,-10.247055,0.050000
741,-10.118570,0.050000
742,-0.952739,0.050000
743,1.363258,0.050000
744,-4.227808,0.050000
745,-4.457542,0.050000
746,-3.291220,0.050000
747,0.854031,0.050000
748,4.178021,0.050000
749,-4.590626,0.050000
750,-5.241377,0.050000
751,-7.615120,0.050000
752,-7.538954,0.050000
753,-6.845972,0.050000
754,-0.917310,0.050000
755,-7.292373,0.050000
756,-3.087661,0.050000
757,-7.249823,0.050000
758,2.215315,0.050000
759,-5.558324,0.050000
760,-7.943468,0.050000
761,-3.272279,0.050000
762,-4.898898,0.050000
763,-3.024707,0.050000
764,-8.795537,0.050000
765,-4.593974,0.050000
766,-0.712205,0.050000
767,3.895328,0.050000
768,9.867871,0.050000
769,-2.928383,0.050000
770,-8.139966,0.050000
771,2.395221,0.050000
772,-8.508642,0.050000
773,-8.576172,0.050000
774,-2.852667,0.050000
775,-0.592836,0.050000
776,-4.921433,0.050000
777,-9.314114,0.050000
778,0.969001,0.050000
779,-6.484149,0.050000
780,-2.374994,0.050000
781,3.668434,0.050000
782,-0.629378,0.050000
783,-10.144017,0.050000
784,-8.630600,0.050000
785,1.657176,0.050000
786,-3.598209,0.050000
787,-8.238796,0.050000
788,-4.327080,0.050000
789,-1.926387,0.050000
790,-3.548167,0.050000
791,-6.472032,0.050000
792,-6.732516,0.050000
793,-0.262375,0.050000
794,-6.314256,0.050000
795,-2.509720,0.050000
796,-0.685588,0.050000
797,-7.404767,0.050000
798,-7.259296,0.050000
799,-6.815414,0.050000
800,-3.271530,0.050000
801,-7.092761,0.050000
802,-2.596300,0.050000
803,-4.485342,0.050000
804,-4.234804,0.050000
805,4.045632,0.050000
806,-1.140016,0.050000
807,-6.848565,0.050000
808,-6.203492,0.050000
809,1.475429,0.050000
810,-4.006982,0.050000
811,-1.480512,0.050000
812,-4.911317,0.050000
813,-1.384341,0.050000
814,-3.514197,0.050000
815,-3.970461,0.050000
816,-2.603091,0.050000
817,-0.661551,0.050000
818,-5.407014,0.050000
819,-4.528898,0.050000
820,-8.948478,0.050000
821,-11.508581,0.050000
822,7.041551,0.050000
823,-3.291470,0.050000
824,1.622876,0.050000
825,-3.582404,0.050000
826,0.986045,0.050000
827,7.078695,0.050000
828,0.673146,0.050000
829,-6.667580,0.050000
830,-5.044139,0.050000
831,0.796074,0.050000
832,5.960896,0.050000
833,-4.055053,0.050000
834,3.813643,0.050000
835,-3.099777,0.050000
836,-4.051464,0.050000
837,1.540270,0.050000
838,0.271165,0.050000
839,-3.439466,0.050000
840,-1.197912,0.050000
841,-9.102539,0.050000
842,-0.210793,0.050000
843,-5.964424,0.050000
844,-6.580534,0.050000
845,2.274293,0.050000
846,-9.072574,0.050000
847,-0.455117,0.050000
848,-1.498368,0.050000
849,-6.116251,0.050000
850,-7.050338,0.050000
851,3.233664,0.050000
852,-3.455707,0.050000
853,-4.348280,0.050000
854,1.627447,0.050000
855,-2.119029,0.050000
856,-2.863716,0.050000
857,-10.708256,0.050000
858,-2.844553,0.050000
859,-11.563359,0.050000
860,-9.293817,0.050000
861,-6.995988,0.050000
862,-4.119510,0.050000
863,-7.353924,0.050000
864,-5.980904,0.050000
865,-6.029557,0.050000
866,-12.746774,0.050000
867,-5.567962,0.050000
868,-4.012309,0.050000
869,-6.117801,0.050000
870,-2.678037,0.050000
871,-6.915899,0.050000
872,-6.211117,0.050000
873,-7.516124,0.050000
874,-5.027896,0.050000
875,-11.384566,0.050000
876,-6.016872,0.050000
877,1.133213,0.050000
878,-7.435193,0.050000
879,-8.003063,0.050000
880,-7.830972,0.050000
881,-4.930397,0.050000
882,6.195463,0.050000
883,-7.105456,0.050000
884,-2.930720,0.050000
885,-6.461964,0.050000
886,-2.900418,0.050000
887,6.764565,0.050000
888,-4.793669,0.050000
889,-0.262460,0.050000
890,0.735111,0.050000
891,-6.183705,0.050000
892,2.708239,0.050000
893,3.013473,0.050000
894,0.570038,0.050000
895,-0.788740,0.050000
896,1.841288,0.050000
897,-6.036109,0.050000
898,4.465400,0.050000
899,-4.858350,0.050000
900,3.737438,0.050000
901,3.322768,0.050000
902,0.066845,0.050000
903,5.407929,0.050000
904,3.262285,0.050000
905,0.223603,0.050000
906,1.468413,0.050000
907,-5.816111,0.050000
908,-2.546612,0.050000
909,2.056641,0.050000
910,0.791717,0.050000
911,-1.941957,0.050000
912,4.634228,0.050000
913,1.154825,0.050000
914,0.092150,0.050000
915,-3.113122,0.050000
916,-0.742597,0.050000
917,-3.016411,0.050000
918,2.511391,0.050000
919,-3.670595,0.050000
920,-0.437602,0.050000
921,-4.061930,0.050000
922,3.658901,0.050000
923,11.377470,0.050000
924,2.096006,0.050000
925,-1.204040,0.050000
926,-1.467149,0.050000
927,-3.237709,0.050000
928,1.661476,0.050000
929,7.069526,0.050000
930,7.869076,0.050000
931,-2.374424,0.050000
932,-2.988390,0.050000
933,-3.938570,0.050000
934,2.082931,0.050000
935,-0.440228,0.050000
936,5.016341,0.050000
937,2.289402,0.050000
938,2.241441,0.050000
939,5.554842,0.050000
940,2.078851,0.050000
941,1.597294,0.050000
942,0.898327,0.050000
943,1.071071,0.050000
944,3.230310,0.050000
945,0.741153,0.050000
946,3.119658,0.050000
947,3.598531,0.050000
948,0.519866,0.050000
949,1.935444,0.050000
950,7.155356,0.050000
951,0.913191,0.050000
952,11.294789,0.050000
953,5.799394,0.050000
954,1.655625,0.050000
955,3.148444,0.050000
956,1.501082,0.050000
957,2.500534,0.050000
958,-0.510883,0.050000
959,-1.918886,0.050000
960,-0.056548,0.050000
961,-2.509902,0.050000
962,10.196613,0.050000
963,0.244297,0.050000
964,6.384221,0.050000
965,-4.710659,0.050000
966,-1.002477,0.050000
967,3.708494,0.050000
968,-2.010801,0.050000
969,-9.627438,0.050000
970,-4.264688,0.050000
971,-4.889887,0.050000
972,-2.871148,0.050000
973,3.710938,0.050000
974,-0.757748,0.050000
975,-3.281873,0.050000
976,4.100444,0.050000
977,3.451460,0.050000
978,1.849841,0.050000
979,-0.260895,0.050000
980,1.708685,0.050000
981,-7.349420,0.050000
982,4.644308,0.050000
983,-8.059194,0.050000
984,-8.486038,0.050000
985,0.960087,0.050000
986,13.629879,0.050000
987,2.474590,0.050000
988,7.336421,0.050000
989,2.774553,0.050000
990,-3.980228,0.050000
991,-7.853871,0.050000
992,3.428372,0.050000
993,0.455070,0.050000
994,15.324628,0.050000
995,-3.011146,0.050000
996,1.291566,0.050000
997,-6.528826,0.050000
998,-2.061386,0.050000
999,-7.888517,0.050000
1000,1.677089,0.050000
1001,6.059377,0.050000
1002,4.301057,0.050000
1003,2.568791,0.050000
1004,-3.652505,0.050000
1005,3.015526,0.050000
1006,5.391431,0.050000
1007,10.069615,0.050000
1008,1.578326,0.050000
1009,-7.871288,0.050000
1010,0.945203,0.050000
1011,0.752115,0.050000
1012,8.477119,0.050000
1013,6.640250,0.050000
1014,0.818362,0.050000
1015,4.528530,0.050000
1016,6.386518,0.050000
1017,7.402242,0.050000
1018,-1.994045,0.050000
1019,-4.739331,0.050000
1020,6.570853,0.050000
1021,5.046020,0.050000
1022,5.414633,0.050000
1023,-8.910705,0.050000
1024,2.598716,0.050000
1025,0.815626,0.050000
1026,3.533002,0.050000
1027,2.466043,0.050000
1028,13.052140,0.050000
1029,-1.145217,0.050000
1030,-4.638069,0.050000
1031,1.317198,0.050000
1032,-1.382330,0.050000
1033,0.029318,0.050000
1034,-3.905746,0.050000
1035,-0.675733,0.050000
1036,1.385581,0.050000
1037,-1.423537,0.050000
1038,-1.034595,0.050000
1039,3.877766,0.050000
1040,0.139156,0.050000
1041,-3.377974,0.050000
1042,-2.455717,0.050000
1043,-6.889321,0.050000
1044,-6.789507,0.050000
1045,9.549415,0.050000
1046,-8.333136,0.050000
1047,8.515903,0.050000
1048,-3.860122,0.050000
1049,-14.206148,0.050000
1050,-7.058987,0.050000
1051,-8.957632,0.050000
1052,-6.646652,0.050000
1053,-8.916959,0.050000
1054,-0.082535,0.050000
1055,-9.198743,0.050000
1056,-5.098726,0.050000
1057,-11.408860,0.050000
1058,-6.417217,0.050000
1059,-2.673855,0.050000
1060,0.046916,0.050000
1061,12.738856,0.050000
1062,-7.916247,0.050000
1063,-14.002869,0.050000
1064,-3.526593,0.050000
1065,-3.856326,0.050000
1066,-6.325964,0.050000
1067,-4.177164,0.050000
1068,-6.042351,0.050000
1069,-8.570328,0.050000
1070,-3.290930,0.050000
1071,-11.196960,0.050000
1072,-0.271391,0.050000
1073,-4.839081,0.050000
1074,-11.047342,0.050000
1075,2.515400,0.050000
1076,-9.746292,0.050000
1077,1.427485,0.050000
1078,-2.129446,0.050000
1079,-0.650450,0.050000
1080,-5.482231,0.050000
1081,-3.630356,0.050000
1082,-6.200651,0.050000
1083,1.010353,0.050000
1084,1.564508,0.050000
1085,-5.109706,0.050000
1086,-3.056323,0.050000
1087,-4.792584,0.050000
1088,-3.947637,0.050000
1089,-8.715911,0.050000
1090,-7.969181,0.050000
1091,-2.590266,0.050000
1092,-2.479831,0.050000
1093,-0.172423,0.050000
1094,2.255136,0.050000
1095,-4.944211,0.050000
1096,-3.604257,0.050000
1097,-2.675082,0.050000
1098,-8.670327,0.050000
1099,-5.824343,0.050000
1100,-4.412367,0.050000
1101,-2.455605,0.050000
1102,-1.198071,0.050000
1103,-7.137796,0.050000
1104,-5.968481,0.050000
1105,-5.884925,0.050000
1106,-4.547270,0.050000
1107,-7.735300,0.050000
1108,-0.102135,0.050000
1109,-5.428983,0.050000
1110,-7.126385,0.050000
1111,-4.726754,0.050000
1112,0.189309,0.050000
1113,-5.739206,0.050000
1114,-5.523310,0.050000
1115,0.294072,0.050000
1116,-9.554238,0.050000
1117,-11.616514,0.050000
1118,-1.378928,0.050000
1119,-3.772170,0.050000
1120,-6.250628,0.050000
1121,-7.625961,0.050000
1122,-6.181466,0.050000
1123,-3.710327,0.050000
1124,1.281414,0.050000
1125,-1.233146,0.050000
1126,-2.777542,0.050000
1127,-4.066447,0.050000
1128,-2.397995,0.050000
1129,1.147294,0.050000
1130,-5.112271,0.050000
1131,-3.780049,0.050000
1132,-4.153552,0.050000
1133,3.727045,0.050000
1134,-1.864839,0.050000
1135,-6.821902,0.050000
1136,2.081909,0.050000
1137,-2.316583,0.050000
1138,5.258050,0.050000
1139,-2.344996,0.050000
1140,-4.350726,0.050000
1141,3.214172,0.050000
1142,-5.339194,0.050000
1143,-2.113521,0.050000
1144,5.794307,0.050000
1145,9.093892,0.050000
1146,4.524756,0.050000
1147,2.406717,0.050000
1148,-1.432040,0.050000
1149,-4.026791,0.050000
1150,-1.622080,0.050000
1151,-0.377075,0.050000
1152,1.652521,0.050000
1153,1.044637,0.050000
1154,-1.644017,0.050000
1155,3.821711,0.050000
1156,-3.393083,0.050000
1157,-6.635323,0.050000
1158,-0.379151,0.050000
1159,0.863153,0.050000
1160,5.894103,0.050000
1161,-0.356323,0.050000
1162,4.540135,0.050000
1163,-0.623169,0.050000
1164,-0.890819,0.050000
1165,-2.520168,0.050000
1166,6.034658,0.050000
1167,4.834478,0.050000
1168,-0.871405,0.050000
1169,5.753755,0.050000
1170,0.496526,0.050000
1171,0.032997,0.050000
1172,-6.731430,0.050000
1173,-3.168808,0.050000
1174,-5.573246,0.050000
1175,-2.463665,0.050000
1176,-9.426823,0.050000
1177,-3.232841,0.050000
1178,-5.052664,0.050000
1179,-8.067585,0.050000
1180,-3.206202,0.050000
1181,-4.954199,0.050000
1182,-9.527983,0.050000
1183,-6.555884,0.050000
1184,-9.640678,0.050000
1185,-5.547748,0.050000
1186,-6.187208,0.050000
1187,-0.817401,0.050000
1188,-7.397194,0.050000
1189,2.957911,0.050000
1190,-9.091016,0.050000
1191,-6.888255,0.050000
1192,-5.604164,0.050000
1193,-10.056557,0.050000
1194,-8.006814,0.050000
1195,-5.796635,0.050000
1196,-8.933444,0.050000
1197,-7.559054,0.050000
1198,-2.434967,0.050000
1199,-3.865686,0.050000
1200,0.140665,0.050000
1201,-6.075392,0.050000
1202,-4.870119,0.050000
1203,-6.252888,0.050000
1204,-4.903359,0.050000
1205,1.084400,0.050000
1206,-5.959605,0.050000
1207,-8.519941,0.050000
1208,-7.354207,0.050000
1209,-1.942123,0.050000
1210,-5.521187,0.050000
1211,-2.981797,0.050000
1212,-7.615529,0.050000
1213,9.115979,0.050000
1214,-0.710515,0.050000
1215,-2.131033,0.050000
1216,-5.501056,0.050000
1217,-3.154793,0.050000
1218,-4.250998,0.050000
1219,-3.518173,0.050000
1220,-2.070649,0.050000
1221,-6.827380,0.050000
1222,-6.812202,0.050000
1223,-0.911050,0.050000
1224,-6.278113,0.050000
1225,-4.687933,0.050000
1226,3.554469,0.050000
1227,-0.852255,0.050000
1228,-5.310046,0.050000
1229,-5.045650,0.050000
1230,-1.252132,0.050000
1231,7.605589,0.050000
1232,-6.026708,0.050000
1233,0.577075,0.050000
1234,-0.876360,0.050000
1235,-3.448734,0.050000
1236,-4.457838,0.050000
1237,-3.493447,0.050000
1238,-11.524312,0.050000
1239,-5.097822,0.050000
1240,-0.863389,0.050000
1241,-5.245227,0.050000
1242,-5.772106,0.050000
1243,-7.233858,0.050000
1244,2.502370,0.050000
1245,-6.081437,0.050000
1246,0.528874,0.050000
1247,-4.368398,0.050000
1248,-1.623379,0.050000
1249,-10.451079,0.050000
1250,-9.666586,0.050000
1251,-12.181047,0.050000
1252,-7.932860,0.050000
1253,-5.968869,0.050000
1254,-11.607195,0.050000
1255,-8.702403,0.050000
1256,-11.690231,0.050000
1257,-10.168266,0.050000
1258,-6.881609,0.050000
1259,-10.521092,0.050000
1260,-8.400334,0.050000
1261,-8.801690,0.050000
1262,-8.639718,0.050000
1263,0.990697,0.050000
1264,-3.514057,0.050000
1265,-10.129114,0.050000
1266,-7.092947,0.050000
1267,-14.524609,0.050000
1268,-3.810636,0.050000
1269,-13.785888,0.050000
1270,-11.888831,0.050000
1271,0.970385,0.050000
1272,-7.548155,0.050000
1273,-2.907261,0.050000
1274,-11.802675,0.050000
1275,-7.604072,0.050000
1276,-7.230421,0.050000
1277,-12.277655,0.050000
1278,-8.294662,0.050000
1279,6.199640,0.050000
1280,-7.796973,0.050000
1281,-4.966849,0.050000
1282,-2.100970,0.050000
1283,-12.847894,0.050000
1284,-5.424441,0.050000
1285,-8.819786,0.050000
1286,-11.282242,0.050000
1287,-6.704777,0.050000
1288,-6.497541,0.050000
1289,-11.962259,0.050000
1290,2.308266,0.050000
1291,-5.333278,0.050000
1292,-6.419645,0.050000
1293,-9.833012,0.050000
1294,-14.604353,0.050000
1295,-1.818384,0.050000
1296,-7.205856,0.050000
1297,-5.390328,0.050000
1298,-3.615930,0.050000
1299,-2.249084,0.050000
1300,-9.101728,0.050000
1301,-3.682393,0.050000
1302,2.174855,0.050000
1303,-6.754513,0.050000
1304,-10.334777,0.050000
1305,-4.545387,0.050000
1306,2.478675,0.050000
1307,-9.826778,0.050000
1308,-4.303114,0.050000
1309,-0.734642,0.050000
1310,-5.318060,0.050000
1311,-2.755642,0.050000
1312,-4.964971,0.050000
1313,3.557548,0.050000
1314,-2.403728,0.050000
1315,-5.055133,0.050000
1316,-1.511256,0.050000
1317,-3.105517,0.050000
1318,-6.609055,0.050000
1319,-4.431503,0.050000
1320,-3.918512,0.050000
1321,-3.011116,0.050000
1322,1.572725,0.050000
1323,-6.760730,0.050000
1324,-4.431677,0.050000
1325,-7.360225,0.050000
1326,-1.046219,0.050000
1327,-4.636601,0.050000
1328,5.160103,0.050000
1329,-5.855113,0.050000
1330,-6.703723,0.050000
1331,-1.825886,0.050000
1332,2.047018,0.050000
1333,-8.123665,0.050000
1334,5.157495,0.050000
1335,-5.380654,0.050000
1336,-7.164781,0.050000
1337,-3.673892,0.050000
1338,0.650190,0.050000
1339,-5.989367,0.050000
1340,-10.465110,0.050000
1341,-6.360305,0.050000
1342,-7.854259,0.050000
1343,-3.856798,0.050000
1344,-8.404660,0.050000
1345,-3.463464,0.050000
1346,-0.145055,0.050000
1347,-9.839411,0.050000
1348,-10.529387,0.050000
1349,-10.157572,0.050000
1350,-11.258642,0.050000
1351,-5.147259,0.050000
1352,-10.880831,0.050000
1353,-4.512868,0.050000
1354,-2.269688,0.050000
1355,-8.670835,0.050000
1356,-4.795866,0.050000
1357,-10.770503,0.050000
1358,1.800814,0.050000
1359,-10.115629,0.050000
1360,-5.475458,0.050000
1361,-2.255433,0.050000
1362,-3.623061,0.050000
1363,-1.412319,0.050000
1364,5.517235,0.050000
1365,-6.984697,0.050000
1366,-2.670548,0.050000
1367,-5.320097,0.050000
1368,-4.828304,0.050000
1369,-4.439946,0.050000
1370,-2.945021,0.050000
1371,-5.074207,0.050000
1372,-4.763853,0.050000
1373,-8.833509,0.050000
1374,-7.179454,0.050000
1375,-0.787672,0.050000
1376,-1.442648,0.050000
1377,-8.160305,0.050000
1378,-4.662353,0.050000
1379,-2.570549,0.050000
1380,-2.168121,0.050000
1381,-5.944587,0.050000
1382,-4.569297,0.050000
1383,-7.435553,0.050000
1384,-0.069362,0.050000
1385,-4.865237,0.050000
1386,-9.603645,0.050000
1387,-4.218238,0.050000
1388,-3.213880,0.050000
1389,-5.691149,0.050000
1390,-2.835489,0.050000
1391,-2.283871,0.050000
1392,-5.400009,0.050000
1393,-7.829065,0.050000
1394,2.040752,0.050000
1395,2.299022,0.050000
1396,-2.171452,0.050000
1397,-8.404903,0.050000
1398,-5.704159,0.050000
1399,-5.064408,0.050000
1400,-4.093738,0.050000
1401,-4.241581,0.050000
1402,-1.588591,0.050000
1403,-1.830453,0.050000
1404,-3.605679,0.050000
1405,-7.130930,0.050000
1406,-4.312324,0.050000
1407,-5.840284,0.050000
1408,6.667314,0.050000
1409,-4.947541,0.050000
1410,-9.216823,0.050000
1411,-1.189355,0.050000
1412,-5.911309,0.050000
1413,-2.321306,0.050000
1414,1.140155,0.050000
1415,-6.215377,0.050000
1416,-0.615130,0.050000
1417,-4.063570,0.050000
1418,-6.602080,0.050000
1419,-5.330656,0.050000
1420,-8.110875,0.050000
1421,-3.000736,0.050000
1422,-4.812422,0.050000
1423,-4.870605,0.050000
1424,-10.209490,0.050000
1425,-8.059456,0.050000
1426,-4.927663,0.050000
1427,-1.826729,0.050000
1428,-7.644099,0.050000
1429,-5.991358,0.050000
1430,-0.183102,0.050000
1431,-1.685887,0.050000
1432,5.877547,0.050000
1433,10.781310,0.050000
1434,-4.294733,0.050000
1435,-1.189351,0.050000
1436,-6.551027,0.050000
1437,-0.974712,0.050000
1438,1.999758,0.050000
1439,0.147826,0.050000
1440,-6.215751,0.050000
1441,-3.276503,0.050000
1442,4.720549,0.050000
1443,-6.463927,0.050000
1444,0.937869,0.050000
1445,-3.887351,0.050000
1446,-0.412588,0.050000
1447,4.539617,0.050000
1448,-4.924048,0.050000
1449,-8.292389,0.050000
1450,-7.949961,0.050000
1451,-3.952243,0.050000
1452,2.450183,0.050000
1453,-3.023646,0.050000
1454,-3.456768,0.050000
1455,-1.328470,0.050000
1456,-3.491749,0.050000
1457,-2.346598,0.050000
1458,0.272711,0.050000
1459,-4.419254,0.050000
1460,-1.181052,0.050000
1461,-1.250762,0.050000
1462,-2.329664,0.050000
1463,-6.014337,0.050000
1464,3.439198,0.050000
1465,-0.366549,0.050000
1466,-8.320307,0.050000
1467,-2.083662,0.050000
1468,-0.325307,0.050000
1469,-0.546256,0.050000
1470,-2.390066,0.050000
1471,2.587341,0.050000
1472,7.059632,0.050000
1473,-5.525622,0.050000
1474,6.030886,0.050000
1475,-6.067324,0.050000
1476,-1.400328,0.050000
1477,12.539362,0.050000
1478,-6.101478,0.050000
1479,-8.134926,0.050000
1480,-5.190483,0.050000
1481,-4.876388,0.050000
1482,3.128252,0.050000
1483,-7.011730,0.050000
1484,-2.438409,0.050000
1485,-4.915324,0.050000
1486,-7.961700,0.050000
1487,-2.609259,0.050000
1488,2.025849,0.050000
1489,1.166252,0.050000
1490,-5.172338,0.050000
1491,-2.300672,0.050000
1492,-0.224179,0.050000
1493,0.229730,0.050000
1494,0.131092,0.050000
1495,-7.605103,0.050000
1496,-3.017707,0.050000
1497,-6.592928,0.050000
1498,1.724087,0.050000
1499,2.297720,0.050000
1500,-0.939802,0.050000
1501,-0.871861,0.050000
1502,7.401767,0.050000
1503,-3.440560,0.050000
1504,0.078368,0.050000
1505,4.311229,0.050000
1506,2.446514,0.050000
1507,-2.171898,0.050000
1508,2.727207,0.050000
1509,2.787372,0.050000
1510,-3.428705,0.050000
1511,3.464562,0.050000
1512,2.223700,0.050000
1513,-2.425625,0.050000
1514,-4.764414,0.050000
1515,-5.939569,0.050000
1516,-3.258860,0.050000
1517,-9.152567,0.050000
1518,1.728808,0.050000
1519,-0.473240,0.050000
1520,-2.202946,0.050000
1521,1.027066,0.050000
1522,-1.882115,0.050000
1523,-6.332860,0.050000
1524,-2.836243,0.050000
1525,0.153624,0.050000
1526,-4.913699,0.050000
1527,-2.208301,0.050000
1528,-7.352210,0.050000
1529,-2.344953,0.050000
1530,1.153153,0.050000
1531,-5.256892,0.050000
1532,-6.544564,0.050000
1533,-6.678435,0.050000
1534,-10.521085,0.050000
1535,-1.798141,0.050000
1536,0.291687,0.050000
1537,-3.041902,0.050000
1538,6.431930,0.050000
1539,-12.444359,0.050000
1540,-8.108463,0.050000
1541,-6.186935,0.050000
1542,2.527068,0.050000
1543,-4.726554,0.050000
1544,-7.606830,0.050000
1545,1.186975,0.050000
1546,-4.897123,0.050000
1547,-11.057991,0.050000
1548,-13.595874,0.050000
1549,-2.252752,0.050000
1550,-10.468569,0.050000
1551,-8.225482,0.050000
1552,-8.993333,0.050000
1553,-3.475357,0.050000
1554,-7.008825,0.050000
1555,-11.126479,0.050000
1556,-19.629230,0.050000
1557,-4.985704,0.050000
1558,-15.187288,0.050000
1559,1.999458,0.050000
1560,0.013925,0.050000
1561,-7.431434,0.050000
1562,-17.750427,0.050000
1563,-8.792403,0.050000
1564,-21.079792,0.050000
1565,-23.401922,0.050000
1566,-12.543125,0.050000
1567,-6.298794,0.050000
1568,-5.687478,0.050000
1569,-17.388740,0.050000
1570,-8.549752,0.050000
1571,-3.311646,0.050000
1572,-3.984709,0.050000
1573,-5.171041,0.050000
1574,-5.993574,0.050000
1575,-9.842233,0.050000
1576,-14.643452,0.050000
1577,-10.041916,0.050000
1578,-7.717225,0.050000
1579,-6.040444,0.050000
1580,-11.425696,0.050000
1581,-5.755815,0.050000
1582,0.210979,0.050000
1583,-9.551942,0.050000
1584,-8.585269,0.050000
1585,-4.565936,0.050000
1586,-3.338977,0.050000
1587,-6.442371,0.050000
1588,-6.740060,0.050000
1589,-5.370256,0.050000
1590,-3.232937,0.050000
1591,-10.277706,0.050000
1592,-2.719002,0.050000
1593,3.312470,0.050000
1594,-13.846144,0.050000
1595,-9.727153,0.050000
1596,-11.995727,0.050000
1597,-2.895709,0.050000
1598,0.251592,0.050000
1599,1.170037,0.050000
1600,-8.672312,0.050000
1601,-2.081734,0.050000
1602,-5.515983,0.050000
1603,-3.237317,0.050000
1604,-3.234671,0.050000
1605,-3.693611,0.050000
1606,-4.071822,0.050000
1607,-0.633175,0.050000
1608,-5.532234,0.050000
1609,-10.309291,0.050000
1610,-4.002412,0.050000
1611,-9.723383,0.050000
1612,2.638515,0.050000
1613,-5.545617,0.050000
1614,-1.901870,0.050000
1615,-4.968224,0.050000
1616,-2.835851,0.050000
1617,-0.584945,0.050000
1618,-6.447834,0.050000
1619,-2.983466,0.050000
1620,-3.555165,0.050000
1621,0.302879,0.050000
1622,-5.326957,0.050000
1623,-3.428463,0.050000
1624,5.681008,0.050000
1625,-9.295865,0.050000
1626,3.591203,0.050000
1627,-8.170529,0.050000
1628,-10.415191,0.050000
1629,-7.208009,0.050000
1630,-9.066518,0.050000
1631,-4.062138,0.050000
1632,-11.600629,0.050000
1633,-12.741836,0.050000
1634,-10.217579,0.050000
1635,-1.897089,0.050000
1636,-8.389279,0.050000
1637,-9.373793,0.050000
1638,4.004278,0.050000
1639,-0.649841,0.050000
1640,2.555772,0.050000
1641,-6.234636,0.050000
1642,-0.358981,0.050000
1643,-4.811721,0.050000
1644,-9.023542,0.050000
1645,-9.348459,0.050000
1646,-3.660408,0.050000
1647,-5.573030,0.050000
1648,-4.335710,0.050000
1649,-2.190503,0.050000
1650,0.231952,0.050000
1651,-4.522532,0.050000
1652,2.255897,0.050000
1653,4.482721,0.050000
1654,-11.022521,0.050000
1655,-6.002345,0.050000
1656,-3.594406,0.050000
1657,-2.241032,0.050000
1658,-7.548053,0.050000
1659,-8.423381,0.050000
1660,-1.212926,0.050000
1661,-0.888077,0.050000
1662,4.092745,0.050000
1663,-4.382224,0.050000
1664,-1.878642,0.050000
1665,3.870488,0.050000
1666,-1.922054,0.050000
1667,-3.094694,0.050000
1668,-1.659795,0.050000
1669,0.241279,0.050000
1670,-5.408586,0.050000
1671,7.178795,0.050000
1672,-2.424801,0.050000
1673,-6.348562,0.050000
1674,-1.210254,0.050000
1675,2.448927,0.050000
1676,-8.120958,0.050000
1677,3.551228,0.050000
1678,1.741142,0.050000
1679,-0.786161,0.050000
1680,-2.884357,0.050000
1681,-2.568686,0.050000
1682,-3.061342,0.050000
1683,0.497226,0.050000
1684,3.124850,0.050000
1685,-5.771139,0.050000
1686,-3.519392,0.050000
1687,-3.910467,0.050000
1688,-5.165147,0.050000
1689,0.275817,0.050000
1690,-2.661490,0.050000
1691,-5.372771,0.050000
1692,4.217808,0.050000
1693,-2.054732,0.050000
1694,-0.347605,0.050000
1695,-6.847142,0.050000
1696,-5.319477,0.050000
1697,3.564260,0.050000
1698,19.457191,0.050000
1699,1.341251,0.050000
1700,6.908000,0.050000
1701,-2.801282,0.050000
1702,4.385843,0.050000
1703,-7.510593,0.050000
1704,1.906277,0.050000
1705,-4.699108,0.050000
1706,-0.743509,0.050000
1707,-1.656449,0.050000
1708,-5.669867,0.050000
1709,-4.906673,0.050000
1710,3.068347,0.050000
1711,-1.709449,0.050000
1712,-2.518459,0.050000
1713,-0.970894,0.050000
1714,-4.116511,0.050000
1715,7.895315,0.050000
1716,0.256605,0.050000
1717,0.529236,0.050000
1718,-0.496826,0.050000
1719,-0.915156,0.050000
1720,3.358343,0.050000
1721,4.449518,0.050000
1722,-1.615738,0.050000
1723,-3.156997,0.050000
1724,2.809156,0.050000
1725,-6.340069,0.050000
1726,5.229713,0.050000
1727,-7.105730,0.050000
1728,-4.555049,0.050000
1729,-4.822567,0.050000
1730,-8.126117,0.050000
1731,-0.949932,0.050000
1732,-4.849708,0.050000
1733,-0.596344,0.050000
1734,-4.377409,0.050000
1735,3.028581,0.050000
1736,-4.585361,0.050000
1737,-10.114160,0.050000
1738,-3.315401,0.050000
1739,-6.913816,0.050000
1740,-9.698734,0.050000
1741,-5.374055,0.050000
1742,-3.640466,0.050000
1743,-3.262466,0.050000
1744,-8.876740,0.050000
1745,-0.334072,0.050000
1746,-2.506077,0.050000
1747,-7.353061,0.050000
1748,1.833106,0.050000
1749,5.697957,0.050000
1750,0.888242,0.050000
1751,-5.437053,0.050000
1752,-5.956928,0.050000
1753,-2.232432,0.050000
1754,5.203018,0.050000
1755,-3.436502,0.050000
1756,-3.669300,0.050000
1757,-1.804968,0.050000
1758,2.505151,0.050000
1759,-9.775514,0.050000
1760,2.611673,0.050000
1761,-4.163960,0.050000
1762,9.082896,0.050000
1763,3.794029,0.050000
1764,2.899627,0.050000
1765,-6.958055,0.050000
1766,-6.017378,0.050000
1767,-3.584191,0.050000
1768,0.642721,0.050000
1769,-4.793698,0.050000
1770,1.792280,0.050000
1771,0.397758,0.050000
1772,-2.229225,0.050000
1773,2.350737,0.050000
1774,-1.940938,0.050000
1775,-0.610236,0.050000
1776,-5.507938,0.050000
1777,1.471465,0.050000
1778,3.773378,0.050000
1779,-5.667244,0.050000
1780,-2.718213,0.050000
1781,3.486303,0.050000
1782,6.384561,0.050000
1783,-7.185418,0.050000
1784,5.077250,0.050000
1785,0.887057,0.050000
1786,-2.637186,0.050000
1787,0.731399,0.050000
1788,1.544128,0.050000
1789,-3.433883,0.050000
1790,1.314794,0.050000
1791,-0.935653,0.050000
1792,-1.127791,0.050000
1793,1.831504,0.050000
1794,14.905802,0.050000
1795,-6.143072,0.050000
1796,-3.587851,0.050000
1797,-5.416585,0.050000
1798,8.338551,0.050000
1799,-4.501723,0.050000
1800,0.616723,0.050000
1801,-5.366908,0.050000
1802,1.653329,0.050000
1803,0.514899,0.050000
1804,0.905249,0.050000
1805,0.378983,0.050000
1806,2.042566,0.050000
1807,-10.349899,0.050000
1808,-9.283216,0.050000
1809,11.361740,0.050000
1810,-6.436428,0.050000
1811,-2.066952,0.050000
1812,-0.671968,0.050000
1813,-4.839547,0.050000
1814,4.558769,0.050000
1815,-0.872894,0.050000
1816,-7.830619,0.050000
1817,-1.555638,0.050000
1818,0.346924,0.050000
1819,-7.890357,0.050000
1820,-2.374344,0.050000
1821,-3.969306,0.050000
1822,-8.956334,0.050000
1823,2.842737,0.050000
1824,0.396429,0.050000
1825,-7.189533,0.050000
1826,-6.176724,0.050000
1827,-7.419991,0.050000
1828,-8.612917,0.050000
1829,-1.526851,0.050000
1830,-0.264101,0.050000
1831,-5.187191,0.050000
1832,-4.916749,0.050000
1833,6.073527,0.050000
1834,-2.598122,0.050000
1835,-2.553190,0.050000
1836,-5.722728,0.050000
1837,-11.434857,0.050000
1838,-9.790624,0.050000
1839,-8.951423,0.050000
1840,4.185529,0.050000
1841,-6.071144,0.050000
1842,-7.868695,0.050000
1843,1.334833,0.050000
1844,-7.313080,0.050000
1845,-5.688607,0.050000
1846,5.705475,0.050000
1847,2.016163,0.050000
1848,-13.441865,0.050000
1849,-7.081876,0.050000
1850,-5.816748,0.050000
1851,-3.786405,0.050000
1852,-3.579322,0.050000
1853,-8.890903,0.050000
1854,-5.551499,0.050000
1855,-2.170316,0.050000
1856,3.589757,0.050000
1857,2.462904,0.050000
1858,-4.793414,0.050000
1859,-6.413004,0.050000
1860,-0.279026,0.050000
1861,-9.458739,0.050000
1862,0.388449,0.050000
1863,-2.991637,0.050000
1864,-9.710470,0.050000
1865,2.380465,0.050000
1866,-10.914917,0.050000
1867,-3.357700,0.050000
1868,-5.923332,0.050000
1869,-2.478713,0.050000
1870,-6.955340,0.050000
1871,-4.065926,0.050000
1872,0.711969,0.050000
1873,-1.551975,0.050000
1874,1.850111,0.050000
1875,-1.432521,0.050000
1876,0.713326,0.050000
1877,-2.969317,0.050000
1878,2.618441,0.050000
1879,2.520332,0.050000
1880,0.383660,0.050000
1881,-6.521761,0.050000
1882,-3.747069,0.050000
1883,-1.881621,0.050000
1884,-0.010139,0.050000
1885,-4.272134,0.050000
1886,4.324129,0.050000
1887,2.680113,0.050000
1888,0.193698,0.050000
1889,4.691212,0.050000
1890,0.887888,0.050000
1891,1.164783,0.050000
1892,1.647790,0.050000
1893,-1.171670,0.050000
1894,-1.995136,0.050000
1895,-5.008937,0.050000
1896,4.134802,0.050000
1897,4.452668,0.050000
1898,-3.851889,0.050000
1899,10.250420,0.050000
1900,-0.503514,0.050000
1901,-0.962604,0.050000
1902,-3.562494,0.050000
1903,-5.459176,0.050000
1904,2.214713,0.050000
1905,-1.049035,0.050000
1906,-4.203988,0.050000
1907,-3.234788,0.050000
1908,-0.799966,0.050000
1909,0.097126,0.050000
1910,0.676472,0.050000
1911,0.575616,0.050000
1912,-3.740989,0.050000
1913,1.026777,0.050000
1914,-0.570910,0.050000
1915,0.005747,0.050000
1916,-2.907693,0.050000
1917,-1.253037,0.050000
1918,5.251980,0.050000
1919,-3.003753,0.050000
1920,2.320135,0.050000
1921,0.459121,0.050000
1922,-1.781610,0.050000
1923,-0.016544,0.050000
1924,5.351080,0.050000
1925,5.660746,0.050000
1926,4.214786,0.050000
1927,-1.069055,0.050000
1928,3.383603,0.050000
1929,-2.286755,0.050000
1930,-5.051674,0.050000
1931,2.073773,0.050000
1932,-8.002645,0.050000
1933,2.350511,0.050000
1934,-7.072160,0.050000
1935,-7.764109,0.050000
1936,-2.183482,0.050000
1937,-6.356343,0.050000
1938,-16.873808,0.050000
1939,-5.039558,0.050000
1940,-2.535936,0.050000
1941,-3.018726,0.050000
1942,-6.993335,0.050000
1943,-12.565639,0.050000
1944,1.301250,0.050000
1945,-10.023279,0.050000
1946,-3.636000,0.050000
1947,-0.531764,0.050000
1948,-6.314452,0.050000
1949,-4.591243,0.050000
1950,-4.713151,0.050000
1951,-4.659471,0.050000
1952,-9.165689,0.050000
1953,-4.814752,0.050000
1954,-6.717477,0.050000
1955,-2.627882,0.050000
1956,-6.433784,0.050000
1957,-3.861212,0.050000
1958,-7.210729,0.050000
1959,-5.894951,0.050000
1960,-1.325679,0.050000
1961,-0.890598,0.050000
1962,-20.924710,0.050000
1963,-2.788221,0.050000
1964,0.284343,0.050000
1965,5.357031,0.050000
1966,3.253669,0.050000
1967,-12.674510,0.050000
1968,-3.864082,0.050000
1969,-5.509891,0.050000
1970,6.421495,0.050000
1971,8.220687,0.050000
1972,1.262431,0.050000
1973,-0.694611,0.050000
1974,9.773608,0.050000
1975,3.274803,0.050000
1976,7.344780,0.050000
1977,-11.486512,0.050000
1978,-1.879442,0.050000
1979,-4.718254,0.050000
1980,1.166981,0.050000
1981,2.685935,0.050000
1982,-6.028178,0.050000
1983,0.543099,0.050000
1984,-5.962801,0.050000
1985,-4.539708,0.050000
1986,1.077412,0.050000
1987,-8.768302,0.050000
1988,-3.490876,0.050000
1989,-1.345255,0.050000
1990,-11.684945,0.050000
1991,-0.180445,0.050000
1992,-9.715289,0.050000
1993,-8.031026,0.050000
1994,-0.863404,0.050000
1995,-13.869647,0.050000
1996,-9.251888,0.050000
1997,-17.550272,0.050000
1998,-10.342845,0.050000
1999,-5.932497,0.050000
2000,-14.098668,0.050000
2001,-7.978029,0.050000
2002,-4.880052,0.050000
2003,-0.302385,0.050000
2004,-7.616197,0.050000
2005,-7.787110,0.050000
2006,-5.129566,0.050000
2007,-9.455277,0.050000
2008,-10.125719,0.050000
2009,-7.463380,0.050000
2010,-5.771782,0.050000
2011,-5.804329,0.050000
2012,-10.659767,0.050000
2013,-11.204889,0.050000
2014,-3.014139,0.050000
2015,-10.714283,0.050000
2016,-10.349255,0.050000
2017,-6.577736,0.050000
2018,3.504275,0.050000
2019,-10.468284,0.050000
2020,-6.431763,0.050000
2021,-7.923667,0.050000
2022,-8.311063,0.050000
2023,-6.223888,0.050000
2024,-6.847187,0.050000
2025,-5.077082,0.050000
2026,-7.345264,0.050000
2027,-17.328119,0.050000
2028,-16.296245,0.050000
2029,-2.613961,0.050000
2030,-6.921047,0.050000
2031,-7.406930,0.050000
2032,-3.164557,0.050000
2033,-3.645207,0.050000
2034,-1.502882,0.050000
2035,-1.282217,0.050000
2036,-1.132753,0.050000
2037,-15.080081,0.050000
2038,-9.482556,0.050000
2039,-4.778323,0.050000
2040,-8.984214,0.050000
2041,-9.985711,0.050000
2042,-10.749946,0.050000
2043,-13.075163,0.050000
2044,-5.538662,0.050000
2045,-5.053377,0.050000
2046,-7.964722,0.050000
2047,-7.750795,0.050000
2048,-6.703030,0.050000
2049,-5.378071,0.050000
2050,-9.539557,0.050000
2051,-5.414429,0.050000
2052,-10.423669,0.050000
2053,-3.894884,0.050000
2054,-9.064229,0.050000
2055,-6.372240,0.050000
2056,-10.538858,0.050000
2057,-3.218499,0.050000
2058,-6.995706,0.050000
2059,-13.235677,0.050000
2060,-0.577149,0.050000
2061,-8.596217,0.050000
2062,-4.023312,0.050000
2063,0.977980,0.050000
2064,-3.335122,0.050000
2065,-7.151751,0.050000
2066,-7.905085,0.050000
2067,1.080067,0.050000
2068,-1.640621,0.050000
2069,-2.271921,0.050000
2070,-3.379978,0.050000
2071,2.042675,0.050000
2072,-0.870327,0.050000
2073,-7.398492,0.050000
2074,-5.339213,0.050000
2075,-8.938633,0.050000
2076,-2.993285,0.050000
2077,-1.085018,0.050000
2078,-1.533459,0.050000
2079,-9.219749,0.050000
2080,-4.559830,0.050000
2081,-8.040744,0.050000
2082,-5.497391,0.050000
2083,-12.205179,0.050000
2084,-10.246896,0.050000
2085,-3.380968,0.050000
2086,-7.097209,0.050000
2087,-4.315466,0.050000
2088,-5.989263,0.050000
2089,-8.171572,0.050000
2090,0.218838,0.050000
2091,-5.031165,0.050000
2092,-8.107785,0.050000
2093,-3.301609,0.050000
2094,-4.556004,0.050000
2095,-7.870923,0.050000
2096,-10.409769,0.050000
2097,6.155831,0.050000
2098,5.430963,0.050000
2099,-5.221214,0.050000
2100,-1.961053,0.050000
2101,-4.703931,0.050000
2102,6.747298,0.050000
2103,-8.933332,0.050000
2104,-0.015200,0.050000
2105,-6.681005,0.050000
2106,0.769795,0.050000
2107,-5.139908,0.050000
2108,0.617868,0.050000
2109,-5.911842,0.050000
2110,-4.243172,0.050000
2111,-10.302543,0.050000
2112,-11.152712,0.050000
2113,-1.426005,0.050000
2114,-5.005070,0.050000
2115,-4.140361,0.050000
2116,-0.246546,0.050000
2117,-2.131188,0.050000
2118,-2.831503,0.050000
2119,-7.977531,0.050000
2120,-5.386090,0.050000
2121,-12.221292,0.050000
2122,-16.044028,0.050000
2123,-5.246705,0.050000
2124,-13.766352,0.050000
2125,10.053417,0.050000
2126,-3.853109,0.050000
2127,-8.004428,0.050000
2128,-13.036031,0.050000
2129,-8.974612,0.050000
2130,-1.212627,0.050000
2131,-11.231240,0.050000
2132,-4.110484,0.050000
2133,-8.880674,0.050000
2134,-7.214043,0.050000
2135,-5.076619,0.050000
2136,-3.342869,0.050000
2137,-9.539993,0.050000
2138,-10.173957,0.050000
2139,4.241413,0.050000
2140,-2.860516,0.050000
2141,-5.573224,0.050000
2142,-9.329064,0.050000
2143,-9.679147,0.050000
2144,-5.408155,0.050000
2145,-9.823176,0.050000
2146,-5.040401,0.050000
2147,-9.976453,0.050000
2148,-9.214022,0.050000
2149,-11.728553,0.050000
2150,-8.309567,0.050000
2151,-7.429429,0.050000
2152,-8.938030,0.050000
2153,0.874889,0.050000
2154,-0.817905,0.050000
2155,-9.857897,0.050000
2156,-5.995652,0.050000
2157,-4.252164,0.050000
2158,1.903173,0.050000
2159,-10.779819,0.050000
2160,-9.756529,0.050000
2161,-12.951705,0.050000
2162,-0.006721,0.050000
2163,-2.412055,0.050000
2164,-4.990460,0.050000
2165,-11.826335,0.050000
2166,-7.899979,0.050000
2167,-12.498511,0.050000
2168,-1.414251,0.050000
2169,-9.926847,0.050000
2170,-11.981762,0.050000
2171,-6.073153,0.050000
2172,-2.809537,0.050000
2173,-4.547612,0.050000
2174,-5.649661,0.050000
2175,-15.382020,0.050000
2176,-13.362222,0.050000
2177,-6.224130,0.050000
2178,-5.373815,0.050000
2179,-4.943222,0.050000
2180,-6.521638,0.050000
2181,1.632013,0.050000
2182,-12.981857,0.050000
2183,-11.564502,0.050000
2184,-0.812547,0.050000
2185,-8.748191,0.050000
2186,-9.374821,0.050000
2187,-5.515830,0.050000
2188,-7.184248,0.050000
2189,3.089676,0.050000
2190,-5.505514,0.050000
2191,-8.561998,0.050000
2192,-2.926593,0.050000
2193,-8.478729,0.050000
2194,-0.843584,0.050000
2195,0.228007,0.050000
2196,-3.078626,0.050000
2197,-4.024099,0.050000
2198,6.709992,0.050000
2199,-1.607128,0.050000
2200,-3.374500,0.050000
2201,1.210371,0.050000
2202,-7.658426,0.050000
2203,-10.018248,0.050000
2204,-0.446575,0.050000
2205,-1.129596,0.050000
2206,-4.681520,0.050000
2207,-9.666734,0.050000
2208,-12.212454,0.050000
2209,-6.862162,0.050000
2210,4.195241,0.050000
2211,-6.711136,0.050000
2212,-6.394613,0.050000
2213,-0.489183,0.050000
2214,-8.078919,0.050000
2215,8.634757,0.050000
2216,5.050088,0.050000
2217,-1.076153,0.050000
2218,-3.455568,0.050000
2219,3.585665,0.050000
2220,-9.188028,0.050000
2221,-5.320374,0.050000
2222,-4.295452,0.050000
2223,-9.950176,0.050000
2224,-8.365943,0.050000
2225,-10.567022,0.050000
2226,-9.995799,0.050000
2227,-7.441607,0.050000
2228,-16.812447,0.050000
2229,-8.455933,0.050000
2230,-16.788393,0.050000
2231,-12.750197,0.050000
2232,-9.866105,0.050000
2233,-10.494582,0.050000
2234,-8.289307,0.050000
2235,-9.090464,0.050000
2236,-12.787228,0.050000
2237,-13.752653,0.050000
2238,-8.748762,0.050000
2239,-11.504256,0.050000
2240,-0.316543,0.050000
2241,-8.717885,0.050000
2242,-8.091172,0.050000
2243,2.316928,0.050000
2244,-15.591365,0.050000
2245,2.205515,0.050000
2246,-9.994383,0.050000
2247,-12.434835,0.050000
2248,-16.343262,0.050000
2249,-3.671138,0.050000
2250,-11.275284,0.050000
2251,-12.187422,0.050000
2252,-8.652411,0.050000
2253,-4.543248,0.050000
2254,-5.990141,0.050000
2255,-16.427271,0.050000
2256,1.049636,0.050000
2257,-13.537437,0.050000
2258,-11.378233,0.050000
2259,-7.552237,0.050000
2260,-2.640873,0.050000
2261,-6.315483,0.050000
2262,-4.867431,0.050000
2263,-1.693634,0.050000
2264,-7.950625,0.050000
2265,-10.026494,0.050000
2266,-9.670255,0.050000
2267,-11.022531,0.050000
2268,-13.858060,0.050000
2269,-9.926541,0.050000
2270,-4.369807,0.050000
2271,-14.043587,0.050000
2272,-10.512859,0.050000
2273,-13.166240,0.050000
2274,-12.169967,0.050000
2275,-8.857591,0.050000
2276,-7.253419,0.050000
2277,-12.946419,0.050000
2278,-12.180957,0.050000
2279,5.166950,0.050000
2280,-14.589787,0.050000
2281,-16.497226,0.050000
2282,-13.930675,0.050000
2283,0.922079,0.050000
2284,0.624917,0.050000
2285,-7.025594,0.050000
2286,-11.447831,0.050000
2287,-13.514819,0.050000
2288,-14.652550,0.050000
2289,-4.322367,0.050000
2290,-10.084483,0.050000
2291,-13.228185,0.050000
2292,1.123723,0.050000
2293,-0.054592,0.050000
2294,-9.099304,0.050000
2295,-7.258217,0.050000
2296,-11.234751,0.050000
2297,-6.477151,0.050000
2298,-1.631569,0.050000
2299,-7.973761,0.050000
2300,-2.859697,0.050000
2301,-8.123005,0.050000
2302,-6.117804,0.050000
2303,-1.704205,0.050000
2304,-3.541617,0.050000
2305,-3.336410,0.050000
2306,-6.822227,0.050000
2307,0.544877,0.050000
2308,0.002528,0.050000
2309,2.539732,0.050000
2310,-3.704080,0.050000
2311,-3.827394,0.050000
2312,4.235462,0.050000
2313,-4.089144,0.050000
2314,-0.299053,0.050000
2315,-6.165671,0.050000
2316,-2.814870,0.050000
2317,4.715176,0.050000
2318,0.056870,0.050000
2319,-7.839685,0.050000
2320,-11.150685,0.050000
2321,0.483977,0.050000
2322,-4.228142,0.050000
2323,-4.970879,0.050000
2324,-0.052472,0.050000
2325,-0.464971,0.050000
2326,-8.044809,0.050000
2327,-1.041825,0.050000
2328,-3.226702,0.050000
2329,-10.493538,0.050000
2330,-1.921224,0.050000
2331,-10.321344,0.050000
2332,1.793894,0.050000
2333,-2.907005,0.050000
2334,3.639081,0.050000
2335,-5.499746,0.050000
2336,-2.334073,0.050000
2337,-6.215945,0.050000
2338,-3.820980,0.050000
2339,0.174098,0.050000
2340,-7.711373,0.050000
2341,-6.241939,0.050000
2342,2.397902,0.050000
2343,-7.586534,0.050000
2344,-0.798943,0.050000
2345,3.997853,0.050000
2346,-3.359275,0.050000
2347,-12.001186,0.050000
2348,3.954642,0.050000
2349,-6.226887,0.050000
2350,-3.214869,0.050000
2351,-8.341625,0.050000
2352,-9.897388,0.050000
2353,-2.069154,0.050000
2354,-6.619205,0.050000
2355,-13.968758,0.050000
2356,-9.999480,0.050000
2357,-4.440550,0.050000
2358,-0.531847,0.050000
2359,-3.829487,0.050000
2360,-3.460017,0.050000
2361,-5.612848,0.050000
2362,-7.867879,0.050000
2363,0.168912,0.050000
2364,0.122888,0.050000
2365,-14.918747,0.050000
2366,-6.019898,0.050000
2367,-6.793159,0.050000
2368,-6.188174,0.050000
2369,-12.448558,0.050000
2370,-1.705903,0.050000
2371,-13.802283,0.050000
2372,-2.572446,0.050000
2373,-8.147717,0.050000
2374,-2.416757,0.050000
2375,-3.005297,0.050000
2376,-3.032273,0.050000
2377,-5.424568,0.050000
2378,0.844896,0.050000
2379,-4.448312,0.050000
2380,-9.900845,0.050000
2381,-2.143398,0.050000
2382,-11.822661,0.050000
2383,-9.286633,0.050000
2384,-8.794993,0.050000
2385,-6.207890,0.050000
2386,-1.296115,0.050000
2387,-11.756484,0.050000
2388,-7.316370,0.050000
2389,-9.454276,0.050000
2390,-5.584963,0.050000
2391,-5.877271,0.050000
2392,-11.025146,0.050000
2393,-9.892378,0.050000
2394,-7.470820,0.050000
2395,-4.387090,0.050000
2396,-4.226141,0.050000
2397,-6.810520,0.050000
2398,-6.211519,0.050000
2399,-13.792482,0.050000
2400,-11.630907,0.050000
2401,-10.553186,0.050000
2402,-12.883503,0.050000
2403,-3.464512,0.050000
2404,-2.587965,0.050000
2405,-8.738162,0.050000
2406,-3.597442,0.050000
2407,-15.275964,0.050000
2408,-2.947645,0.050000
2409,-0.900477,0.050000
2410,-0.703033,0.050000
2411,-5.455604,0.050000
2412,-13.041570,0.050000
2413,-4.908706,0.050000
2414,-8.833417,0.050000
2415,-8.407155,0.050000
2416,-12.294633,0.050000
2417,-11.533184,0.050000
2418,0.672638,0.050000
2419,-9.054905,0.050000
2420,-3.948383,0.050000
2421,-2.224451,0.050000
2422,-6.958702,0.050000
2423,-10.640218,0.050000
2424,-8.160031,0.050000
2425,-3.029980,0.050000
2426,-3.390882,0.050000
2427,-7.632199,0.050000
2428,-0.069319,0.050000
2429,0.564805,0.050000
2430,-1.752098,0.050000
2431,-8.008429,0.050000
2432,-8.337843,0.050000
2433,-8.808260,0.050000
2434,0.646813,0.050000
2435,-9.495226,0.050000
2436,-6.536773,0.050000
2437,-6.933829,0.050000
2438,-2.468377,0.050000
2439,-13.252444,0.050000
2440,-4.602922,0.050000
2441,-4.666533,0.050000
2442,-9.279493,0.050000
2443,-0.918964,0.050000
2444,-1.348363,0.050000
2445,-0.037735,0.050000
2446,-5.431512,0.050000
2447,-4.211004,0.050000
2448,-3.629912,0.050000
2449,-0.248277,0.050000
2450,-3.429762,0.050000
2451,-5.664023,0.050000
2452,-4.823990,0.050000
2453,-0.089729,0.050000
2454,-9.952750,0.050000
2455,-8.935121,0.050000
2456,3.658911,0.050000
2457,-10.801252,0.050000
2458,-5.327686,0.050000
2459,-0.418848,0.050000
2460,1.038096,0.050000
2461,-2.147999,0.050000
2462,-4.923641,0.050000
2463,1.358046,0.050000
2464,1.561180,0.050000
2465,-4.909140,0.050000
2466,2.030579,0.050000
2467,-0.187572,0.050000
2468,-1.098591,0.050000
2469,-3.623876,0.050000
2470,-5.608421,0.050000
2471,-5.041385,0.050000
2472,-0.747067,0.050000
2473,-8.281687,0.050000
2474,-5.058399,0.050000
2475,-7.643685,0.050000
2476,-5.813137,0.050000
2477,-4.733687,0.050000
2478,-9.020861,0.050000
2479,0.784580,0.050000
2480,-9.673358,0.050000
2481,1.538272,0.050000
2482,6.049478,0.050000
2483,-3.459991,0.050000
2484,-5.797775,0.050000
2485,-5.950835,0.050000
2486,0.636043,0.050000
2487,0.124107,0.050000
2488,-6.858588,0.050000
2489,-8.562015,0.050000
2490,2.403041,0.050000
2491,-3.166441,0.050000
2492,-7.733756,0.050000
2493,-3.499498,0.050000
2494,-4.977443,0.050000
2495,-3.679428,0.050000
2496,-4.207963,0.050000
2497,-8.124919,0.050000
2498,-6.139330,0.050000
2499,-7.967719,0.050000
2500,-5.373610,0.050000
2501,-2.884650,0.050000
2502,-7.867658,0.050000
2503,2.031049,0.050000
2504,-1.701035,0.050000
2505,-6.920905,0.050000
2506,-5.739901,0.050000
2507,-2.601345,0.050000
2508,-6.680777,0.050000
2509,-0.986195,0.050000
2510,-5.730415,0.050000
2511,-9.505518,0.050000
2512,-5.166271,0.050000
2513,1.687913,0.050000
2514,-3.494448,0.050000
2515,-7.043148,0.050000
2516,-4.788261,0.050000
2517,-5.221763,0.050000
2518,-3.554442,0.050000
2519,1.847008,0.050000
2520,-8.002717,0.050000
2521,-3.206855,0.050000
2522,-5.757503,0.050000
2523,-5.507446,0.050000
2524,-11.112004,0.050000
2525,2.679862,0.050000
2526,-2.101865,0.050000
2527,-1.890404,0.050000
2528,-8.156781,0.050000
2529,3.400609,0.050000
2530,5.606065,0.050000
2531,-16.475133,0.050000
2532,-7.923149,0.050000
2533,2.195204,0.050000
2534,-0.513396,0.050000
2535,-13.944943,0.050000
2536,-3.951773,0.050000
2537,4.102711,0.050000
2538,-10.860146,0.050000
2539,-2.549003,0.050000
2540,-3.671337,0.050000
2541,-3.693831,0.050000
2542,-4.433574,0.050000
2543,-1.108389,0.050000
2544,-5.648175,0.050000
2545,-5.568047,0.050000
2546,-2.123367,0.050000
2547,0.223197,0.050000
2548,-4.907543,0.050000
2549,-19.383250,0.050000
2550,2.516945,0.050000
2551,-4.026666,0.050000
2552,0.721166,0.050000
2553,-0.404268,0.050000
2554,-0.926678,0.050000
2555,1.954394,0.050000
2556,0.898749,0.050000
2557,-4.399727,0.050000
2558,-9.641954,0.050000
2559,0.464326,0.050000
2560,-13.097118,0.050000
2561,-2.634415,0.050000
2562,-6.305475,0.050000
2563,0.641410,0.050000
2564,-7.557978,0.050000
2565,-4.606651,0.050000
2566,-4.343119,0.050000
2567,-6.256832,0.050000
2568,-3.299715,0.050000
2569,-3.526947,0.050000
2570,-4.495981,0.050000
2571,-6.408049,0.050000
2572,1.357542,0.050000
2573,-2.183327,0.050000
2574,-0.704614,0.050000
2575,-5.829908,0.050000
2576,-19.435290,0.050000
2577,-11.686657,0.050000
2578,-12.649938,0.050000
2579,-10.142017,0.050000
2580,-7.568444,0.050000
2581,-16.495491,0.050000
2582,-14.017355,0.050000
2583,-7.034750,0.050000
2584,-13.727118,0.050000
2585,-6.322137,0.050000
2586,-11.605933,0.050000
2587,-15.498871,0.050000
2588,-12.761669,0.050000
2589,-12.262933,0.050000
2590,-3.710414,0.050000
2591,-7.833752,0.050000
2592,-13.893621,0.050000
2593,-11.415986,0.050000
2594,-1.861292,0.050000
2595,-11.757222,0.050000
2596,-4.490126,0.050000
2597,-1.946651,0.050000
2598,-15.197757,0.050000
2599,-4.353040,0.050000
2600,-3.659597,0.050000
2601,-10.423977,0.050000
2602,-9.310038,0.050000
2603,-1.271873,0.050000
2604,-4.948776,0.050000
2605,-12.718153,0.050000
2606,-5.195805,0.050000
2607,1.117845,0.050000
2608,-8.591792,0.050000
2609,3.506127,0.050000
2610,-7.383453,0.050000
2611,-1.532087,0.050000
2612,-9.009800,0.050000
2613,-0.571714,0.050000
2614,-3.637491,0.050000
2615,-3.501542,0.050000
2616,-6.996144,0.050000
2617,-12.545211,0.050000
2618,-4.921735,0.050000
2619,-3.445496,0.050000
2620,-7.694758,0.050000
2621,-14.217118,0.050000
2622,-18.091549,0.050000
2623,-15.805988,0.050000
2624,-6.974249,0.050000
2625,-11.664799,0.050000
2626,-7.427851,0.050000
2627,-4.058300,0.050000
2628,-4.419605,0.050000
2629,-6.164063,0.050000
2630,1.991202,0.050000
2631,-9.329174,0.050000
2632,-7.092239,0.050000
2633,-12.862838,0.050000
2634,-9.715668,0.050000
2635,-8.490731,0.050000
2636,-2.541733,0.050000
2637,-2.992343,0.050000
2638,-10.530286,0.050000
2639,1.750042,0.050000
2640,1.554443,0.050000
2641,-4.405253,0.050000
2642,-8.691352,0.050000
2643,-5.178870,0.050000
2644,-9.061794,0.050000
2645,-8.580763,0.050000
2646,-3.750476,0.050000
2647,-10.682452,0.050000
2648,-1.643455,0.050000
2649,-1.159789,0.050000
2650,-2.134388,0.050000
2651,-8.802345,0.050000
2652,-0.400679,0.050000
2653,2.764489,0.050000
2654,-7.181998,0.050000
2655,-8.292195,0.050000
2656,-4.766150,0.050000
2657,-13.057189,0.050000
2658,4.255993,0.050000
2659,-10.922903,0.050000
2660,-13.522640,0.050000
2661,-8.131873,0.050000
2662,-5.982630,0.050000
2663,-3.547009,0.050000
2664,-7.650673,0.050000
2665,-3.981944,0.050000
2666,-4.594488,0.050000
2667,-4.122161,0.050000
2668,-4.947101,0.050000
2669,-6.026195,0.050000
2670,3.003056,0.050000
2671,-2.728112,0.050000
2672,-6.027724,0.050000
2673,1.952251,0.050000
2674,-3.127745,0.050000
2675,-3.491563,0.050000
2676,-3.480578,0.050000
2677,-4.716970,0.050000
2678,-4.648521,0.050000
2679,-3.758648,0.050000
2680,3.032188,0.050000
2681,-7.261332,0.050000
2682,-3.334636,0.050000
2683,-1.497967,0.050000
2684,-6.269524,0.050000
2685,-5.734974,0.050000
2686,2.655211,0.050000
2687,-3.059755,0.050000
2688,-5.938208,0.050000
2689,-3.873559,0.050000
2690,-4.518680,0.050000
2691,-5.570577,0.050000
2692,-4.790463,0.050000
2693,-5.519390,0.050000
2694,-3.896860,0.050000
2695,-1.648404,0.050000
2696,8.545148,0.050000
2697,1.259882,0.050000
2698,-10.152060,0.050000
2699,-3.376046,0.050000
2700,-1.832441,0.050000
2701,-2.665577,0.050000
2702,-5.818527,0.050000
2703,-2.768683,0.050000
2704,-5.600511,0.050000
2705,-2.384846,0.050000
2706,-6.023161,0.050000
2707,-3.082220,0.050000
2708,-10.670685,0.050000
2709,-7.483867,0.050000
2710,-8.662366,0.050000
2711,-3.844004,0.050000
2712,4.348888,0.050000
2713,-6.244210,0.050000
2714,-1.613874,0.050000
2715,-7.407646,0.050000
2716,-10.435641,0.050000
2717,-13.050575,0.050000
2718,-2.105012,0.050000
2719,-5.469079,0.050000
2720,-9.761413,0.050000
2721,-7.864372,0.050000
2722,4.971649,0.050000
2723,-10.034274,0.050000
2724,-4.124758,0.050000
2725,1.607766,0.050000
2726,-7.013923,0.050000
2727,-1.487253,0.050000
2728,-1.104667,0.050000
2729,-2.711884,0.050000
2730,-7.617260,0.050000
2731,-6.192216,0.050000
2732,-4.664165,0.050000
2733,-7.848229,0.050000
2734,-7.123166,0.050000
2735,-6.717260,0.050000
2736,-8.356891,0.050000
2737,-1.451788,0.050000
2738,-8.389435,0.050000
2739,-9.088053,0.050000
2740,-4.706275,0.050000
2741,-8.163783,0.050000
2742,-3.501291,0.050000
2743,-5.304305,0.050000
2744,-2.554702,0.050000
2745,-8.101149,0.050000
2746,0.008767,0.050000
2747,-9.810219,0.050000
2748,0.821278,0.050000
2749,-8.490983,0.050000
2750,-2.811792,0.050000
2751,-5.345106,0.050000
2752,-6.929850,0.050000
2753,-9.275330,0.050000
2754,-9.623873,0.050000
2755,-2.203384,0.050000
2756,-12.774805,0.050000
2757,-8.915623,0.050000
2758,-3.896774,0.050000
2759,-5.294392,0.050000
2760,-5.254606,0.050000
2761,-7.009711,0.050000
2762,-6.603662,0.050000
2763,-8.422533,0.050000
2764,-9.760982,0.050000
2765,-13.486672,0.050000
2766,-3.798063,0.050000
2767,-6.501773,0.050000
2768,0.275911,0.050000
2769,-6.046085,0.050000
2770,-1.709481,0.050000
2771,-7.055594,0.050000
2772,-7.394686,0.050000
2773,-13.711545,0.050000
2774,-4.467437,0.050000
2775,-1.746497,0.050000
2776,-14.291300,0.050000
2777,-13.437677,0.050000
2778,-7.268240,0.050000
2779,-5.937538,0.050000
2780,-14.254695,0.050000
2781,-9.468874,0.050000
2782,-4.609243,0.050000
2783,-13.524531,0.050000
2784,-6.184207,0.050000
2785,-11.166523,0.050000
2786,7.331169,0.050000
2787,-4.760647,0.050000
2788,-2.128713,0.050000
2789,-13.113783,0.050000
2790,-11.119774,0.050000
2791,-1.155273,0.050000
2792,-13.807994,0.050000
2793,-13.677542,0.050000
2794,-6.059349,0.050000
2795,-10.295593,0.050000
2796,0.685654,0.050000
2797,-7.048891,0.050000
2798,-7.926544,0.050000
2799,-9.684332,0.050000
2800,-9.914913,0.050000
2801,-1.906610,0.050000
2802,-8.579602,0.050000
2803,-11.772969,0.050000
2804,-16.038123,0.050000
2805,-8.216944,0.050000
2806,-2.344581,0.050000
2807,-6.674713,0.050000
2808,-0.392213,0.050000
2809,-8.318115,0.050000
2810,-11.794912,0.050000
2811,-13.991090,0.050000
2812,3.615674,0.050000
2813,-4.453700,0.050000
2814,-8.628489,0.050000
2815,12.030620,0.050000
2816,4.995556,0.050000
2817,-10.546357,0.050000
2818,-6.574848,0.050000
2819,-4.791957,0.050000
2820,-8.510067,0.050000
2821,-10.770706,0.050000
2822,-7.643688,0.050000
2823,-2.350691,0.050000
2824,-10.809058,0.050000
2825,-11.795056,0.050000
2826,-8.906666,0.050000
2827,-4.843502,0.050000
2828,-6.592908,0.050000
2829,-6.557793,0.050000
2830,-11.204225,0.050000
2831,-6.421876,0.050000
2832,-5.718515,0.050000
2833,-6.259767,0.050000
2834,3.771437,0.050000
2835,-7.354708,0.050000
2836,-16.608543,0.050000
2837,-8.111977,0.050000
2838,-2.247185,0.050000
2839,3.420691,0.050000
2840,-11.567708,0.050000
2841,-7.265584,0.050000
2842,-13.593724,0.050000
2843,-13.293028,0.050000
2844,-9.129872,0.050000
2845,-7.842433,0.050000
2846,-15.206485,0.050000
2847,-15.151733,0.050000
2848,-15.354034,0.050000
2849,-5.036241,0.050000
2850,-15.894519,0.050000
2851,-8.772009,0.050000
2852,-13.162952,0.050000
2853,-10.958692,0.050000
2854,-9.070583,0.050000
2855,-18.258789,0.050000
2856,-17.623503,0.050000
2857,-19.087611,0.050000
2858,-17.507357,0.050000
2859,-15.164132,0.050000
2860,-7.891229,0.050000
2861,-15.328498,0.050000
2862,-15.156085,0.050000
2863,-0.598907,0.050000
2864,-18.228453,0.050000
2865,-11.249800,0.050000
2866,-5.354194,0.050000
2867,-0.982851,0.050000
2868,-9.515429,0.050000
2869,-3.471702,0.050000
2870,-12.517910,0.050000
2871,4.532374,0.050000
2872,-13.770327,0.050000
2873,-14.209251,0.050000
2874,-14.988257,0.050000
2875,-8.435082,0.050000
2876,-14.652096,0.050000
2877,-10.116898,0.050000
2878,-4.272349,0.050000
2879,-9.640260,0.050000
2880,-11.144959,0.050000
2881,-12.160914,0.050000
2882,-19.299786,0.050000
2883,-17.163952,0.050000
2884,-15.738712,0.050000
2885,4.116377,0.050000
2886,-15.939364,0.050000
2887,-11.748664,0.050000
2888,-11.490323,0.050000
2889,-5.237249,0.050000
2890,-6.992370,0.050000
2891,-13.003520,0.050000
2892,-7.787144,0.050000
2893,-17.442726,0.050000
2894,-4.152267,0.050000
2895,-0.751086,0.050000
2896,-8.817731,0.050000
2897,-11.786895,0.050000
2898,-7.206670,0.050000
2899,-0.193128,0.050000
2900,1.482548,0.050000
2901,-6.138053,0.050000
2902,3.081891,0.050000
2903,2.005808,0.050000
2904,-9.292753,0.050000
2905,-11.032758,0.050000
2906,-0.715753,0.050000
2907,-8.227752,0.050000
2908,-1.767803,0.050000
2909,-4.378439,0.050000
2910,-8.809350,0.050000
2911,-2.472498,0.050000
2912,-12.353066,0.050000
2913,-11.064562,0.050000
2914,-11.582391,0.050000
2915,-12.633897,0.050000
2916,-7.429155,0.050000
2917,-7.667546,0.050000
2918,-10.413530,0.050000
2919,-1.410580,0.050000
2920,-1.282733,0.050000
2921,-5.683905,0.050000
2922,-2.056661,0.050000
2923,-4.611472,0.050000
2924,-5.784514,0.050000
2925,-8.494154,0.050000
2926,1.014521,0.050000
2927,-10.160950,0.050000
2928,-10.384128,0.050000
2929,-17.629418,0.050000
2930,-7.344065,0.050000
2931,-7.604701,0.050000
2932,-16.460153,0.050000
2933,-9.911795,0.050000
2934,-9.319459,0.050000
2935,-8.731910,0.050000
2936,-8.408196,0.050000
2937,-12.545590,0.050000
2938,-5.045885,0.050000
2939,-2.532460,0.050000
2940,-1.155966,0.050000
2941,-14.795358,0.050000
2942,-8.262632,0.050000
2943,3.071555,0.050000
2944,-7.169994,0.050000
2945,-8.080059,0.050000
2946,-7.354461,0.050000
2947,-12.061869,0.050000
2948,-11.508875,0.050000
2949,2.269343,0.050000
2950,-1.329700,0.050000
2951,-3.022102,0.050000
2952,-14.018013,0.050000
2953,-4.431089,0.050000
2954,1.028324,0.050000
2955,-4.431288,0.050000
2956,-16.279923,0.050000
2957,-3.433349,0.050000
2958,-9.022304,0.050000
2959,-15.178133,0.050000
2960,-12.053747,0.050000
2961,-15.293422,0.050000
2962,-10.230449,0.050000
2963,-13.811504,0.050000
2964,-20.490533,0.050000
2965,2.184256,0.050000
2966,-8.647277,0.050000
2967,-16.420580,0.050000
2968,-17.329690,0.050000
2969,-13.704709,0.050000
2970,-17.538652,0.050000
2971,-22.116853,0.050000
2972,-11.736474,0.050000
2973,-16.616262,0.050000
2974,-18.987536,0.050000
2975,-6.298517,0.050000
2976,-19.580463,0.050000
2977,-16.013772,0.050000
2978,-12.390807,0.050000
2979,-20.908153,0.050000
2980,-6.508603,0.050000
2981,-13.710152,0.050000
2982,-16.779721,0.050000
2983,-5.765187,0.050000
2984,-12.356801,0.050000
2985,-17.512081,0.050000
2986,-7.638371,0.050000
2987,-15.650323,0.050000
2988,-7.834100,0.050000
2989,-13.389317,0.050000
2990,-18.007643,0.050000
2991,-13.510606,0.050000
2992,3.587066,0.050000
2993,-8.744008,0.050000
2994,-7.564230,0.050000
2995,-21.090949,0.050000
2996,-17.609547,0.050000
2997,-1.603515,0.050000
2998,-18.949961,0.050000
2999,-7.899371,0.050000
3000,-19.246916,0.050000
3001,-10.679082,0.050000
3002,-22.290087,0.050000
3003,-10.969766,0.050000
3004,-7.462037,0.050000
3005,-15.058181,0.050000
3006,-20.334691,0.050000
3007,-11.532958,0.050000
3008,-13.399326,0.050000
3009,-14.970758,0.050000
3010,-23.003794,0.050000
3011,-13.622828,0.050000
3012,-0.208462,0.050000
3013,-17.325251,0.050000
3014,-13.307139,0.050000
3015,-9.597033,0.050000
3016,-8.000246,0.050000
3017,-14.395815,0.050000
3018,-6.504936,0.050000
3019,-11.257133,0.050000
3020,-14.917375,0.050000
3021,-12.457765,0.050000
3022,-20.916256,0.050000
3023,-27.233945,0.050000
3024,-11.831529,0.050000
3025,-15.312490,0.050000
3026,-11.158130,0.050000
3027,-10.673441,0.050000
3028,-17.384709,0.050000
3029,-14.102849,0.050000
3030,-16.647572,0.050000
3031,-7.106794,0.050000
3032,-11.505106,0.050000
3033,-10.766132,0.050000
3034,-15.152544,0.050000
3035,-19.419755,0.050000
3036,-15.912833,0.050000
3037,-10.832267,0.050000
3038,-16.808266,0.050000
3039,-7.599477,0.050000
3040,-11.440425,0.050000
3041,-13.458258,0.050000
3042,-8.781424,0.050000
3043,-10.160278,0.050000
3044,-12.564345,0.050000
3045,-7.973906,0.050000
3046,-10.093744,0.050000
3047,-12.693083,0.050000
3048,-7.825100,0.050000
3049,-10.908214,0.050000
3050,-11.565156,0.050000
3051,-8.840442,0.050000
3052,-13.357535,0.050000
3053,-5.738347,0.050000
3054,-8.754127,0.050000
3055,-9.757283,0.050000
3056,-9.099260,0.050000
3057,-14.864979,0.050000
3058,-8.828694,0.050000
3059,-9.652559,0.050000
3060,-12.219863,0.050000
3061,-7.859452,0.050000
3062,-6.791948,0.050000
3063,-10.284425,0.050000
3064,-12.975626,0.050000
3065,-11.369255,0.050000
3066,-12.070403,0.050000
3067,-4.676417,0.050000
3068,-12.944646,0.050000
3069,-0.617123,0.050000
3070,-13.266582,0.050000
3071,-13.269687,0.050000
3072,-10.855412,0.050000
3073,-15.240370,0.050000
3074,-8.238784,0.050000
3075,-7.884375,0.050000
3076,4.727114,0.050000
3077,-8.020837,0.050000
3078,-4.299090,0.050000
3079,-7.698511,0.050000
3080,-10.091865,0.050000
3081,-8.246738,0.050000
3082,-9.254745,0.050000
3083,-11.338884,0.050000
3084,-4.645450,0.050000
3085,-9.088407,0.050000
3086,-6.760656,0.050000
3087,-5.525401,0.050000
3088,-6.484315,0.050000
3089,-5.132935,0.050000
3090,-1.750570,0.050000
3091,-7.343597,0.050000
3092,-9.093551,0.050000
3093,-5.556486,0.050000
3094,-13.638909,0.050000
3095,-10.782508,0.050000
3096,-6.478114,0.050000
3097,-4.451414,0.050000
3098,-2.612875,0.050000
3099,-2.701926,0.050000
3100,-4.462003,0.050000
3101,-4.574678,0.050000
3102,-7.555781,0.050000
3103,-13.047523,0.050000
3104,-10.645917,0.050000
3105,-7.115400,0.050000
3106,-10.827397,0.050000
3107,0.623661,0.050000
3108,-4.257367,0.050000
3109,-2.177285,0.050000
3110,-12.533552,0.050000
3111,-15.568481,0.050000
3112,-8.749198,0.050000
3113,-9.791197,0.050000
3114,-9.425621,0.050000
3115,-10.005745,0.050000
3116,-8.839619,0.050000
3117,-7.636615,0.050000
3118,2.600988,0.050000
3119,-5.177867,0.050000
3120,-13.602005,0.050000
3121,1.566554,0.050000
3122,-5.757261,0.050000
3123,-6.287291,0.050000
3124,1.313623,0.050000
3125,-2.788515,0.050000
3126,-1.684525,0.050000
3127,-2.629689,0.050000
3128,-2.131060,0.050000
3129,-13.940506,0.050000
3130,-12.857656,0.050000
3131,0.102717,0.050000
3132,-2.976799,0.050000
3133,-6.907053,0.050000
3134,-6.881831,0.050000
3135,-6.791629,0.050000
3136,-13.294385,0.050000
3137,1.607437,0.050000
3138,-5.477981,0.050000
3139,1.037509,0.050000
3140,-6.823463,0.050000
3141,-2.694010,0.050000
3142,5.077726,0.050000
3143,-3.006755,0.050000
3144,-5.639177,0.050000
3145,-7.659839,0.050000
3146,0.585712,0.050000
3147,-5.497335,0.050000
3148,-3.234593,0.050000
3149,-7.824762,0.050000
3150,-4.548895,0.050000
3151,-2.498643,0.050000
3152,-4.754095,0.050000
3153,-9.069141,0.050000
3154,-3.643671,0.050000
3155,-9.137619,0.050000
3156,-2.978078,0.050000
3157,-4.155045,0.050000
3158,-2.938111,0.050000
3159,-0.109735,0.050000
3160,-3.740438,0.050000
3161,-11.662964,0.050000
3162,-2.315819,0.050000
3163,-4.294292,0.050000
3164,7.027939,0.050000
3165,-6.627548,0.050000
3166,1.893343,0.050000
3167,-1.286661,0.050000
3168,-6.900856,0.050000
3169,-6.600043,0.050000
3170,-1.188412,0.050000
3171,-12.172308,0.050000
3172,-11.875473,0.050000
3173,-4.648202,0.050000
3174,4.668408,0.050000
3175,-2.894338,0.050000
3176,-5.089681,0.050000
3177,2.890045,0.050000
3178,-11.764206,0.050000
3179,-4.052370,0.050000
3180,-6.815984,0.050000
3181,-4.159284,0.050000
3182,-2.672471,0.050000
3183,-5.835127,0.050000
3184,-11.470124,0.050000
3185,-4.623871,0.050000
3186,1.836017,0.050000
3187,-2.854798,0.050000
3188,-10.712507,0.050000
3189,-7.558778,0.050000
3190,-3.222831,0.050000
3191,-4.514183,0.050000
3192,0.436612,0.050000
3193,-5.777515,0.050000
3194,-4.380219,0.050000
3195,-11.181567,0.050000
3196,-8.156693,0.050000
3197,-0.255149,0.050000
3198,-4.312666,0.050000
3199,-5.224206,0.050000
3200,-8.155763,0.050000
3201,-4.159010,0.050000
3202,-12.885549,0.050000
3203,-3.648747,0.050000
3204,1.966001,0.050000
3205,-12.853096,0.050000
3206,-8.372169,0.050000
3207,0.771633,0.050000
3208,-7.071452,0.050000
3209,-6.040278,0.050000
3210,-3.249915,0.050000
3211,-7.034730,0.050000
3212,-6.566411,0.050000
3213,0.321448,0.050000
3214,-2.025378,0.050000
3215,-13.776120,0.050000
3216,0.681312,0.050000
3217,-8.117169,0.050000
3218,-10.846869,0.050000
3219,-7.763070,0.050000
3220,-8.899841,0.050000
3221,-0.629859,0.050000
3222,-4.813755,0.050000
3223,-6.565665,0.050000
3224,-5.979505,0.050000
3225,-10.837719,0.050000
3226,2.330175,0.050000
3227,-1.740819,0.050000
3228,-8.606359,0.050000
3229,-2.094090,0.050000
3230,0.231731,0.050000
3231,-2.435830,0.050000
3232,-12.871789,0.050000
3233,-8.177704,0.050000
3234,-6.402300,0.050000
3235,-9.186659,0.050000
3236,-8.625102,0.050000
3237,-2.229464,0.050000
3238,-11.131996,0.050000
3239,-5.830898,0.050000
3240,-8.967235,0.050000
3241,-2.170855,0.050000
3242,-1.882516,0.050000
3243,0.123374,0.050000
3244,-4.593534,0.050000
3245,-6.207508,0.050000
3246,-8.580098,0.050000
3247,-7.883325,0.050000
3248,-8.099723,0.050000
3249,-1.354803,0.050000
3250,-7.301282,0.050000
3251,-4.989247,0.050000
3252,1.033646,0.050000
3253,2.063541,0.050000
3254,-4.521103,0.050000
3255,-8.361173,0.050000
3256,-10.841023,0.050000
3257,3.326229,0.050000
3258,-6.167280,0.050000
3259,-13.498519,0.050000
3260,-11.526205,0.050000
3261,-7.289624,0.050000
3262,-3.842559,0.050000
3263,-10.272273,0.050000
3264,-1.227047,0.050000
3265,0.981050,0.050000
3266,-9.233064,0.050000
3267,-7.699732,0.050000
3268,-10.521605,0.050000
3269,1.972490,0.050000
3270,-3.228963,0.050000
3271,-5.348834,0.050000
3272,-2.956960,0.050000
3273,-4.149670,0.050000
3274,-9.370988,0.050000
3275,-9.228703,0.050000
3276,-11.675951,0.050000
3277,-12.885582,0.050000
3278,-16.676372,0.050000
3279,-11.467537,0.050000
3280,-14.243815,0.050000
3281,7.295492,0.050000
3282,-7.647219,0.050000
3283,-5.995699,0.050000
3284,-8.016838,0.050000
3285,4.353919,0.050000
3286,-5.845367,0.050000
3287,0.449575,0.050000
3288,0.523146,0.050000
3289,0.378385,0.050000
3290,-5.479292,0.050000
3291,15.140652,0.050000
3292,-5.147971,0.050000
3293,3.310831,0.050000
3294,-10.085689,0.050000
3295,-4.194902,0.050000
3296,-12.493909,0.050000
3297,8.688382,0.050000
3298,-11.053739,0.050000
3299,-3.730641,0.050000
3300,-12.032738,0.050000
3301,-10.841037,0.050000
3302,-0.963446,0.050000
3303,-6.097775,0.050000
3304,2.126983,0.050000
3305,-9.960210,0.050000
3306,-5.355794,0.050000
3307,-9.282507,0.050000
3308,-8.972885,0.050000
3309,-6.413312,0.050000
3310,-8.291350,0.050000
3311,-9.507480,0.050000
3312,-8.805726,0.050000
3313,-8.077035,0.050000
3314,-8.078388,0.050000
3315,-14.713640,0.050000
3316,2.243310,0.050000
3317,-7.817603,0.050000
3318,-10.534889,0.050000
3319,-7.486651,0.050000
3320,-9.536691,0.050000
3321,-12.007292,0.050000
3322,2.383595,0.050000
3323,-7.220321,0.050000
3324,-8.014531,0.050000
3325,-6.331364,0.050000
3326,-6.121033,0.050000
3327,-3.558328,0.050000
3328,-10.217802,0.050000
3329,-6.815094,0.050000
3330,-9.496196,0.050000
3331,-6.905331,0.050000
3332,-3.691626,0.050000
3333,1.570180,0.050000
3334,-2.580038,0.050000
3335,-6.185719,0.050000
3336,-6.701592,0.050000
3337,-12.269093,0.050000
3338,-12.626515,0.050000
3339,-5.615118,0.050000
3340,-8.386947,0.050000
3341,-7.001217,0.050000
3342,-7.783443,0.050000
3343,-5.812027,0.050000
3344,-7.117670,0.050000
3345,-6.552970,0.050000
3346,-13.165710,0.050000
3347,-6.224492,0.050000
3348,-11.368126,0.050000
3349,-0.615362,0.050000
3350,-6.472287,0.050000
3351,-15.204150,0.050000
3352,-7.627401,0.050000
3353,-9.923007,0.050000
3354,-7.529239,0.050000
3355,-7.983295,0.050000
3356,-9.547087,0.050000
3357,-8.369603,0.050000
3358,-5.971085,0.050000
3359,-3.051218,0.050000
3360,-12.076873,0.050000
3361,-7.132399,0.050000
3362,-16.700793,0.050000
3363,-7.716752,0.050000
3364,-7.189428,0.050000
3365,-7.742283,0.050000
3366,-9.614209,0.050000
3367,-12.066103,0.050000
3368,-8.378674,0.050000
3369,-13.979652,0.050000
3370,-12.985322,0.050000
3371,-4.177759,0.050000
3372,-8.096802,0.050000
3373,-12.285936,0.050000
3374,-8.013963,0.050000
3375,-7.803235,0.050000
3376,-4.834288,0.050000
3377,-8.057984,0.050000
3378,-10.423889,0.050000
3379,-9.059501,0.050000
3380,-7.111064,0.050000
3381,-13.533357,0.050000
3382,-7.321667,0.050000
3383,-8.244161,0.050000
3384,-7.216322,0.050000
3385,-4.070107,0.050000
3386,-8.595357,0.050000
3387,-15.072523,0.050000
3388,-8.453832,0.050000
3389,-11.078678,0.050000
3390,-9.742803,0.050000
3391,-0.950534,0.050000
3392,-10.005674,0.050000
3393,-7.309025,0.050000
3394,-9.649142,0.050000
3395,-10.118241,0.050000
3396,-9.782725,0.050000
3397,-5.874361,0.050000
3398,-10.652950,0.050000
3399,-8.992145,0.050000
3400,-17.216397,0.050000
3401,-4.870612,0.050000
3402,-10.913847,0.050000
3403,-6.374891,0.050000
3404,-9.767901,0.050000
3405,-7.753144,0.050000
3406,-9.474400,0.050000
3407,-13.317291,0.050000
3408,-10.729556,0.050000
3409,-12.516110,0.050000
3410,-12.978969,0.050000
3411,-14.063267,0.050000
3412,-12.729087,0.050000
3413,-13.499385,0.050000
3414,-8.399395,0.050000
3415,-6.256864,0.050000
3416,0.032534,0.050000
3417,-12.016861,0.050000
3418,-7.477620,0.050000
3419,-10.787478,0.050000
3420,-9.701358,0.050000
3421,-7.345111,0.050000
3422,-11.308433,0.050000
3423,-0.263270,0.050000
3424,6.028310,0.050000
3425,-5.802221,0.050000
3426,-4.352685,0.050000
3427,-0.297817,0.050000
3428,-15.532538,0.050000
3429,-15.565840,0.050000
3430,-2.799772,0.050000
3431,-3.508828,0.050000
3432,-10.395586,0.050000
3433,-6.291163,0.050000
3434,-2.343358,0.050000
3435,-2.175985,0.050000
3436,1.471056,0.050000
3437,0.722198,0.050000
3438,-8.463628,0.050000
3439,-4.433040,0.050000
3440,-5.136424,0.050000
3441,-13.572512,0.050000
3442,-4.555514,0.050000
3443,-13.905528,0.050000
3444,-7.982820,0.050000
3445,-4.484446,0.050000
3446,-1.889404,0.050000
3447,-7.188650,0.050000
3448,-1.169315,0.050000
3449,-2.076744,0.050000
3450,-6.639581,0.050000
3451,-3.741567,0.050000
3452,-7.398406,0.050000
3453,-8.430715,0.050000
3454,-9.228137,0.050000
3455,-10.205873,0.050000
3456,-3.891962,0.050000
3457,-1.590168,0.050000
3458,-12.905742,0.050000
3459,-12.558327,0.050000
3460,-22.438393,0.050000
3461,-11.471768,0.050000
3462,4.135183,0.050000
3463,-11.904196,0.050000
3464,-13.348787,0.050000
3465,-10.289109,0.050000
3466,-9.228448,0.050000
3467,-6.111499,0.050000
3468,-11.879225,0.050000
3469,-1.405506,0.050000
3470,-7.657752,0.050000
3471,-10.387686,0.050000
3472,1.571306,0.050000
3473,-1.159791,0.050000
3474,-8.106370,0.050000
3475,-6.304078,0.050000
3476,-6.633939,0.050000
3477,-6.931848,0.050000
3478,-7.003933,0.050000
3479,-10.378585,0.050000
3480,-20.332955,0.050000
3481,-6.645698,0.050000
3482,-17.282368,0.050000
3483,-4.128086,0.050000
3484,-4.107867,0.050000
3485,0.220337,0.050000
3486,-12.913220,0.050000
3487,-7.632821,0.050000
3488,-9.519709,0.050000
3489,-6.428779,0.050000
3490,-17.446935,0.050000
3491,-11.307486,0.050000
3492,-16.868903,0.050000
3493,-11.062256,0.050000
3494,-12.454978,0.050000
3495,0.157580,0.050000
3496,-13.331345,0.050000
3497,-4.622557,0.050000
3498,-13.023614,0.050000
3499,3.028385,0.050000
3500,-14.627274,0.050000
3501,-2.541175,0.050000
3502,-8.052779,0.050000
3503,0.087961,0.050000
3504,-7.637258,0.050000
3505,-11.229046,0.050000
3506,-10.337157,0.050000
3507,-4.316149,0.050000
3508,-3.047740,0.050000
3509,-9.068565,0.050000
3510,-3.495984,0.050000
3511,-5.795796,0.050000
3512,-4.396993,0.050000
3513,-7.230657,0.050000
3514,-4.665029,0.050000
3515,-0.956426,0.050000
3516,-4.393145,0.050000
3517,-15.239087,0.050000
3518,-15.250464,0.050000
3519,-1.409342,0.050000
3520,-6.639114,0.050000
3521,1.290560,0.050000
3522,-5.213974,0.050000
3523,-5.286974,0.050000
3524,-0.153316,0.050000
3525,-10.884060,0.050000
3526,-14.792794,0.050000
3527,-3.853854,0.050000
3528,-5.953056,0.050000
3529,-5.207610,0.050000
3530,0.688537,0.050000
3531,-9.716185,0.050000
3532,-17.595303,0.050000
3533,2.621951,0.050000
3534,-4.292345,0.050000
3535,3.371335,0.050000
3536,-8.622367,0.050000
3537,-1.431507,0.050000
3538,-9.100173,0.050000
3539,-0.304774,0.050000
3540,-3.341136,0.050000
3541,2.750328,0.050000
3542,-1.992089,0.050000
3543,-8.327288,0.050000
3544,-4.266786,0.050000
3545,1.941440,0.050000
3546,-7.367739,0.050000
3547,-4.081515,0.050000
3548,-5.636006,0.050000
3549,-13.950494,0.050000
3550,-1.988646,0.050000
3551,0.913992,0.050000
3552,-1.305978,0.050000
3553,-5.593436,0.050000
3554,-4.831772,0.050000
3555,-6.620685,0.050000
3556,-6.018176,0.050000
3557,-8.277956,0.050000
3558,-8.603108,0.050000
3559,-6.851129,0.050000
3560,-5.144674,0.050000
3561,-1.014006,0.050000
3562,-6.470612,0.050000
3563,-3.864739,0.050000
3564,0.858579,0.050000
3565,-4.151325,0.050000
3566,-9.006835,0.050000
3567,1.744983,0.050000
3568,-5.579900,0.050000
3569,-0.763387,0.050000
3570,-8.639400,0.050000
3571,-1.133803,0.050000
3572,-7.511537,0.050000
3573,0.351671,0.050000
3574,-1.480367,0.050000
3575,-8.938114,0.050000
3576,-2.105658,0.050000
3577,-1.805229,0.050000
3578,-7.395125,0.050000
3579,0.510300,0.050000
3580,-7.410456,0.050000
3581,-5.370756,0.050000
3582,-9.686315,0.050000
3583,-8.797981,0.050000
3584,-4.642232,0.050000
3585,-4.114363,0.050000
3586,0.917535,0.050000
3587,-9.604870,0.050000
3588,-7.261094,0.050000
3589,-10.900724,0.050000
3590,-1.775353,0.050000
3591,2.261786,0.050000
3592,-2.025834,0.050000
3593,-3.505969,0.050000
3594,-1.576631,0.050000
3595,-8.934583,0.050000
3596,-7.250726,0.050000
3597,-13.100676,0.050000
3598,-5.212736,0.050000
3599,-14.648244,0.050000
3600,-1.367745,0.050000
3601,-5.088771,0.050000
3602,-4.692275,0.050000
3603,-3.865572,0.050000
3604,-8.549413,0.050000
3605,-10.063826,0.050000
3606,-3.706877,0.050000
3607,-4.476118,0.050000
3608,-8.819933,0.050000
3609,-2.656051,0.050000
3610,-2.939775,0.050000
3611,-0.032324,0.050000
3612,-2.073665,0.050000
3613,-6.095890,0.050000
3614,-8.792605,0.050000
3615,-9.125338,0.050000
3616,-9.756294,0.050000
3617,-8.976427,0.050000
3618,-10.532996,0.050000
3619,0.139514,0.050000
3620,-10.441164,0.050000
3621,-13.354351,0.050000
3622,-13.486095,0.050000
3623,-9.596005,0.050000
3624,-6.730715,0.050000
3625,-6.729384,0.050000
3626,-11.840013,0.050000
3627,-7.486743,0.050000
3628,-5.889276,0.050000
3629,-10.888254,0.050000
3630,-2.387097,0.050000
3631,-5.931465,0.050000
3632,0.944340,0.050000
3633,-9.862853,0.050000
3634,-4.178081,0.050000
3635,-5.571642,0.050000
3636,-13.054574,0.050000
3637,-1.727677,0.050000
3638,0.508186,0.050000
3639,1.917502,0.050000
3640,-5.801405,0.050000
3641,-9.319478,0.050000
3642,-7.279381,0.050000
3643,-5.536649,0.050000
3644,-8.956138,0.050000
3645,-10.831399,0.050000
3646,-9.913898,0.050000
3647,-8.498527,0.050000
3648,-8.623989,0.050000
3649,-15.623346,0.050000
3650,-6.535760,0.050000
3651,-7.476903,0.050000
3652,-10.304335,0.050000
3653,-8.395768,0.050000
3654,-17.143599,0.050000
3655,-10.633409,0.050000
3656,-9.390406,0.050000
3657,-6.178459,0.050000
3658,-13.695235,0.050000
3659,-6.742011,0.050000
3660,-6.270684,0.050000
3661,-8.576798,0.050000
3662,-7.731066,0.050000
3663,-8.898011,0.050000
3664,-15.329296,0.050000
3665,-11.292418,0.050000
3666,-13.692493,0.050000
3667,-10.022683,0.050000
3668,-7.344893,0.050000
3669,-12.108679,0.050000
3670,-8.888369,0.050000
3671,-8.135613,0.050000
3672,-5.251585,0.050000
3673,-4.576862,0.050000
3674,-5.264388,0.050000
3675,-13.534640,0.050000
3676,-12.452854,0.050000
3677,-7.593750,0.050000
3678,-6.437939,0.050000
3679,-9.541852,0.050000
3680,-6.422309,0.050000
3681,-7.039177,0.050000
3682,-6.768387,0.050000
3683,-7.408465,0.050000
3684,3.887687,0.050000
3685,-16.889639,0.050000
3686,-5.362144,0.050000
3687,1.700272,0.050000
3688,-7.858511,0.050000
3689,-11.317776,0.050000
3690,-13.772043,0.050000
3691,-11.091940,0.050000
3692,-4.616706,0.050000
3693,-5.746564,0.050000
3694,-1.317238,0.050000
3695,-1.823413,0.050000
3696,-2.969090,0.050000
3697,-14.309801,0.050000
3698,-2.035246,0.050000
3699,1.518104,0.050000
3700,-12.546022,0.050000
3701,0.503811,0.050000
3702,-1.245675,0.050000
3703,2.624355,0.050000
3704,-8.039234,0.050000
3705,0.677477,0.050000
3706,0.012054,0.050000
3707,-8.361635,0.050000
3708,-9.960539,0.050000
3709,-8.825921,0.050000
3710,1.188090,0.050000
3711,-4.183757,0.050000
3712,-12.061167,0.050000
3713,5.439538,0.050000
3714,-1.853389,0.050000
3715,-6.558254,0.050000
3716,-2.561398,0.050000
3717,-4.276433,0.050000
3718,-7.145772,0.050000
3719,-10.945462,0.050000
3720,-7.743469,0.050000
3721,-5.452451,0.050000
3722,-7.503382,0.050000
3723,-7.331897,0.050000
3724,-5.926356,0.050000
3725,-6.718691,0.050000
3726,-3.527726,0.050000
3727,-7.826544,0.050000
3728,-1.081873,0.050000
3729,-1.580823,0.050000
3730,-2.040037,0.050000
3731,0.587753,0.050000
3732,-2.792192,0.050000
3733,-6.403937,0.050000
3734,0.676261,0.050000
3735,1.985073,0.050000
3736,2.102345,0.050000
3737,1.913062,0.050000
3738,7.169065,0.050000
3739,-0.598555,0.050000
3740,-0.765536,0.050000
3741,-4.887643,0.050000
3742,-3.102550,0.050000
3743,-3.189263,0.050000
3744,-3.012968,0.050000
3745,-2.135486,0.050000
3746,-6.385618,0.050000
3747,-3.824103,0.050000
3748,-7.109996,0.050000
3749,-9.076143,0.050000
3750,-8.711011,0.050000
3751,-9.277721,0.050000
3752,-3.078160,0.050000
3753,6.114407,0.050000
3754,-9.645664,0.050000
3755,-8.477367,0.050000
3756,-7.450951,0.050000
3757,-6.864523,0.050000
3758,-2.981115,0.050000
3759,-4.495408,0.050000
3760,-6.910266,0.050000
3761,-7.654290,0.050000
3762,-5.172459,0.050000
3763,-8.585236,0.050000
3764,-6.273181,0.050000
3765,-0.579162,0.050000
3766,4.312356,0.050000
3767,-5.606689,0.050000
3768,-9.164887,0.050000
3769,-7.274162,0.050000
3770,-11.048937,0.050000
3771,-9.616187,0.050000
3772,-14.977285,0.050000
3773,-5.684487,0.050000
3774,-5.705050,0.050000
3775,-5.936119,0.050000
3776,-9.109520,0.050000
3777,-4.645902,0.050000
3778,-9.559200,0.050000
3779,-11.352410,0.050000
3780,-0.331662,0.050000
3781,-1.345643,0.050000
3782,-7.973995,0.050000
3783,-0.314337,0.050000
3784,-0.708667,0.050000
3785,-6.223255,0.050000
3786,0.167790,0.050000
3787,0.950453,0.050000
3788,9.072683,0.050000
3789,-0.788192,0.050000
3790,-5.882370,0.050000
3791,-9.025496,0.050000
3792,5.041885,0.050000
3793,-8.513174,0.050000
3794,5.240540,0.050000
3795,-9.403781,0.050000
3796,-7.257059,0.050000
3797,0.819190,0.050000
3798,-1.521679,0.050000
3799,-11.969312,0.050000
3800,-3.077022,0.050000
3801,-1.855263,0.050000
3802,-7.584729,0.050000
3803,-7.518785,0.050000
3804,-16.081583,0.050000
3805,-8.583683,0.050000
3806,-2.242836,0.050000
3807,-2.888473,0.050000
3808,-7.909603,0.050000
3809,-5.879326,0.050000
3810,-6.527292,0.050000
3811,-13.656763,0.050000
3812,-13.098259,0.050000
3813,-3.541066,0.050000
3814,-6.665720,0.050000
3815,2.831592,0.050000
3816,-10.918553,0.050000
3817,-1.285729,0.050000
3818,-14.029906,0.050000
3819,-5.969109,0.050000
3820,-11.095669,0.050000
3821,5.138567,0.050000
3822,-1.211912,0.050000
3823,-7.497791,0.050000
3824,-2.791742,0.050000
3825,-3.698444,0.050000
3826,-1.532233,0.050000
3827,-0.862693,0.050000
3828,-5.244428,0.050000
3829,3.069477,0.050000
3830,-5.427866,0.050000
3831,-1.700066,0.050000
3832,6.225301,0.050000
3833,-2.764454,0.050000
3834,7.986994,0.050000
3835,-3.089468,0.050000
3836,-5.150202,0.050000
3837,-12.521817,0.050000
3838,1.643058,0.050000
3839,-1.823479,0.050000
3840,2.754481,0.050000
3841,-8.949583,0.050000
3842,-4.409206,0.050000
3843,-16.665558,0.050000
3844,4.075716,0.050000
3845,0.931201,0.050000
3846,-5.040787,0.050000
3847,-4.474059,0.050000
3848,2.034771,0.050000
3849,-12.101331,0.050000
3850,-10.694403,0.050000
3851,-11.169687,0.050000
3852,-4.917231,0.050000
3853,-7.278899,0.050000
3854,-0.282295,0.050000
3855,-4.337767,0.050000
3856,-9.236215,0.050000
3857,-8.430953,0.050000
3858,-1.029529,0.050000
3859,-2.992015,0.050000
3860,1.867232,0.050000
3861,0.376489,0.050000
3862,-5.958686,0.050000
3863,-12.217609,0.050000
3864,-9.069331,0.050000
3865,-12.033014,0.050000
3866,-12.543122,0.050000
3867,-18.007821,0.050000
3868,-6.177663,0.050000
3869,-12.743325,0.050000
3870,-6.166248,0.050000
3871,-12.878202,0.050000
3872,-13.836879,0.050000
3873,-11.137589,0.050000
3874,-12.485128,0.050000
3875,-2.800601,0.050000
3876,-10.130670,0.050000
3877,-5.226098,0.050000
3878,-16.079382,0.050000
3879,-4.760733,0.050000
3880,-12.966113,0.050000
3881,-6.577017,0.050000
3882,-6.052311,0.050000
3883,-10.805110,0.050000
3884,-5.626399,0.050000
3885,-14.169406,0.050000
3886,-0.333117,0.050000
3887,-6.970244,0.050000
3888,-4.471375,0.050000
3889,-7.491336,0.050000
3890,-5.693949,0.050000
3891,-2.464945,0.050000
3892,-3.577982,0.050000
3893,-6.249842,0.050000
3894,-2.690633,0.050000
3895,-7.288941,0.050000
3896,-6.945717,0.050000
3897,-8.587458,0.050000
3898,-9.631180,0.050000
3899,-6.818819,0.050000
3900,-8.310291,0.050000
3901,-11.393168,0.050000
3902,4.430657,0.050000
3903,-11.832178,0.050000
3904,-10.044355,0.050000
3905,-6.932393,0.050000
3906,-3.946229,0.050000
3907,-8.057634,0.050000
3908,-13.684957,0.050000
3909,-5.580851,0.050000
3910,-13.947596,0.050000
3911,-11.303300,0.050000
3912,-3.724964,0.050000
3913,-7.071459,0.050000
3914,-7.820834,0.050000
3915,-1.387040,0.050000
3916,-8.315049,0.050000
3917,-4.536884,0.050000
3918,2.816812,0.050000
3919,-2.246030,0.050000
3920,-6.233628,0.050000
3921,-4.277144,0.050000
3922,-8.931691,0.050000
3923,-2.307571,0.050000
3924,-5.728202,0.050000
3925,-5.728513,0.050000
3926,-11.235745,0.050000
3927,-0.074801,0.050000
3928,-4.049581,0.050000
3929,-6.316932,0.050000
3930,-6.183004,0.050000
3931,-7.389814,0.050000
3932,-10.895035,0.050000
3933,-9.591581,0.050000
3934,-9.958307,0.050000
3935,-2.165003,0.050000
3936,0.689709,0.050000
3937,-3.530646,0.050000
3938,1.129804,0.050000
3939,-2.597697,0.050000
3940,-6.660671,0.050000
3941,-9.756800,0.050000
3942,0.664673,0.050000
3943,-2.274612,0.050000
3944,-6.420828,0.050000
3945,-3.113226,0.050000
3946,-5.655382,0.050000
3947,-2.373113,0.050000
3948,2.206652,0.050000
3949,2.640667,0.050000
3950,-2.715439,0.050000
3951,-4.404924,0.050000
3952,-2.097066,0.050000
3953,-6.445530,0.050000
3954,-11.763059,0.050000
3955,-4.737768,0.050000
3956,-6.551841,0.050000
3957,0.251697,0.050000
3958,-0.439345,0.050000
3959,-0.947950,0.050000
3960,-3.498661,0.050000
3961,-3.428736,0.050000
3962,-0.259249,0.050000
3963,-7.881090,0.050000
3964,-2.557680,0.050000
3965,-4.778486,0.050000
3966,-4.449793,0.050000
3967,-6.100727,0.050000
3968,1.004391,0.050000
3969,-2.606776,0.050000
3970,3.346003,0.050000
3971,-5.205628,0.050000
3972,-2.247330,0.050000
3973,-0.302753,0.050000
3974,-3.609055,0.050000
3975,-1.200632,0.050000
3976,-0.419639,0.050000
3977,0.620213,0.050000
3978,-2.572856,0.050000
3979,-2.689051,0.050000
3980,-3.067756,0.050000
3981,5.707737,0.050000
3982,-5.197822,0.050000
3983,-3.621881,0.050000
3984,3.332855,0.050000
3985,-8.456205,0.050000
3986,-0.899205,0.050000
3987,-0.149411,0.050000
3988,-5.627387,0.050000
3989,-4.738607,0.050000
3990,0.358302,0.050000
3991,-3.939681,0.050000
3992,-3.812714,0.050000
3993,-4.616807,0.050000
3994,2.832556,0.050000
3995,-8.001696,0.050000
3996,2.397821,0.050000
3997,-1.090578,0.050000
3998,-0.570256,0.050000
3999,-2.296804,0.050000
4000,-5.741990,0.050000
4001,5.796718,0.050000
4002,-3.510478,0.050000
4003,-5.980309,0.050000
4004,-3.208927,0.050000
4005,-0.572229,0.050000
4006,-2.999041,0.050000
4007,-3.445629,0.050000
4008,-3.286710,0.050000
4009,-0.288143,0.050000
4010,-1.312894,0.050000
4011,-6.492246,0.050000
4012,-8.253318,0.050000
4013,-4.744452,0.050000
4014,-8.517866,0.050000
4015,-6.440995,0.050000
4016,-1.075862,0.050000
4017,-4.890203,0.050000
4018,-6.533617,0.050000
4019,0.655740,0.050000
4020,-17.258724,0.050000
4021,7.691192,0.050000
4022,-10.402252,0.050000
4023,-20.873791,0.050000
4024,-8.397416,0.050000
4025,-15.247980,0.050000
4026,-22.527822,0.050000
4027,-16.828510,0.050000
4028,-13.266831,0.050000
4029,-19.492654,0.050000
4030,-18.102233,0.050000
4031,-10.968336,0.050000
4032,-12.524389,0.050000
4033,-12.901397,0.050000
4034,-6.030220,0.050000
4035,-12.379605,0.050000
4036,-8.584583,0.050000
4037,-8.090457,0.050000
4038,-4.861814,0.050000
4039,-13.123351,0.050000
4040,-20.153435,0.050000
4041,-21.736346,0.050000
4042,-15.170179,0.050000
4043,-5.249320,0.050000
4044,-2.800303,0.050000
4045,-5.729316,0.050000
4046,-6.484299,0.050000
4047,-6.541347,0.050000
4048,-11.592001,0.050000
4049,-1.800379,0.050000
4050,-7.468872,0.050000
4051,-17.807441,0.050000
4052,-20.262676,0.050000
4053,-15.061617,0.050000
4054,-14.985909,0.050000
4055,-10.227287,0.050000
4056,-13.283760,0.050000
4057,-11.500492,0.050000
4058,-5.987021,0.050000
4059,-12.991920,0.050000
4060,-19.957998,0.050000
4061,-5.095378,0.050000
4062,-10.654496,0.050000
4063,-18.129764,0.050000
4064,-7.415350,0.050000
4065,-11.582546,0.050000
4066,-11.636917,0.050000
4067,-8.231030,0.050000
4068,-13.360923,0.050000
4069,-8.710698,0.050000
4070,-21.651647,0.050000
4071,-9.772414,0.050000
4072,-29.097802,0.050000
4073,-16.511183,0.050000
4074,-13.933775,0.050000
4075,-17.823839,0.050000
4076,-20.682611,0.050000
4077,-11.416978,0.050000
4078,-9.209799,0.050000
4079,-11.129548,0.050000
4080,-13.479545,0.050000
4081,-6.579071,0.050000
4082,-3.796612,0.050000
4083,-8.000917,0.050000
4084,-9.207635,0.050000
4085,-9.655735,0.050000
4086,-4.983633,0.050000
4087,-15.531124,0.050000
4088,-3.135756,0.050000
4089,-14.739209,0.050000
4090,-21.318085,0.050000
4091,-11.856953,0.050000
4092,-14.178583,0.050000
4093,-5.928575,0.050000
4094,-18.312760,0.050000
4095,-9.112630,0.050000
4096,-17.244895,0.050000
4097,-21.056289,0.050000
4098,-14.975976,0.050000
4099,-19.852814,0.050000
4100,-6.228663,0.050000
4101,-18.017797,0.050000
4102,-16.540910,0.050000
4103,-13.038609,0.050000
4104,-19.072505,0.050000
4105,-21.498724,0.050000
4106,-13.525626,0.050000
4107,-17.179497,0.050000
4108,-16.907027,0.050000
4109,-9.039289,0.050000
4110,-16.307104,0.050000
4111,-23.548623,0.050000
4112,-22.828429,0.050000
4113,-24.426167,0.050000
4114,-3.613740,0.050000
4115,-15.483652,0.050000
4116,-18.563100,0.050000
4117,-3.742952,0.050000
4118,-22.207499,0.050000
4119,-17.307339,0.050000
4120,-20.037089,0.050000
4121,-7.069511,0.050000
4122,-7.624458,0.050000
4123,-6.069915,0.050000
4124,-11.597153,0.050000
4125,-9.589989,0.050000
4126,-8.192080,0.050000
4127,-16.446647,0.050000
4128,-0.868268,0.050000
4129,-2.285447,0.050000
4130,-18.908300,0.050000
4131,-11.770795,0.050000
4132,-3.712831,0.050000
4133,-9.538868,0.050000
4134,-9.732430,0.050000
4135,-8.197268,0.050000
4136,-11.791051,0.050000
4137,-8.165214,0.050000
4138,-16.751316,0.050000
4139,-12.752803,0.050000
4140,-8.795276,0.050000
4141,-2.159457,0.050000
4142,-10.318539,0.050000
4143,-4.036960,0.050000
4144,-17.838883,0.050000
4145,-7.152602,0.050000
4146,-8.600150,0.050000
4147,-13.555516,0.050000
4148,-13.457663,0.050000
4149,-12.930513,0.050000
4150,-7.141566,0.050000
4151,2.787863,0.050000
4152,4.349129,0.050000
4153,-9.328034,0.050000
4154,-6.657483,0.050000
4155,-7.784606,0.050000
4156,-9.345135,0.050000
4157,-14.684724,0.050000
4158,-1.244315,0.050000
4159,-11.468364,0.050000
4160,-12.535989,0.050000
4161,-0.715295,0.050000
4162,1.052687,0.050000
4163,-12.902665,0.050000
4164,-18.427355,0.050000
4165,-6.552922,0.050000
4166,-2.245336,0.050000
4167,-9.765789,0.050000
4168,-5.948928,0.050000
4169,-17.098015,0.050000
4170,-7.489169,0.050000
4171,-7.350205,0.050000
4172,-3.724037,0.050000
4173,-14.729380,0.050000
4174,-12.888345,0.050000
4175,-6.881649,0.050000
4176,-10.542138,0.050000
4177,-4.421412,0.050000
4178,-9.230777,0.050000
4179,0.571342,0.050000
4180,-9.479333,0.050000
4181,-8.742521,0.050000
4182,-3.737089,0.050000
4183,-3.362295,0.050000
4184,-5.982730,0.050000
4185,-10.148293,0.050000
4186,-9.984716,0.050000
4187,-7.974769,0.050000
4188,3.502470,0.050000
4189,-4.003617,0.050000
4190,-3.711590,0.050000
4191,-0.076769,0.050000
4192,1.521193,0.050000
4193,-1.056110,0.050000
4194,0.410892,0.050000
4195,-1.708212,0.050000
4196,0.318294,0.050000
4197,-7.770055,0.050000
4198,-8.314526,0.050000
4199,-2.076030,0.050000
4200,-3.608262,0.050000
4201,-4.304497,0.050000
4202,-8.560066,0.050000
4203,-4.553131,0.050000
4204,-6.275185,0.050000
4205,-2.892233,0.050000
4206,-3.198583,0.050000
4207,7.840446,0.050000
4208,-1.973841,0.050000
4209,-4.484569,0.050000
4210,-8.456333,0.050000
4211,12.395811,0.050000
4212,-1.614487,0.050000
4213,-9.497951,0.050000
4214,-9.117593,0.050000
4215,3.421804,0.050000
4216,-4.066319,0.050000
4217,-7.011110,0.050000
4218,-3.647688,0.050000
4219,-9.832236,0.050000
4220,8.974480,0.050000
4221,-5.195673,0.050000
4222,-9.403417,0.050000
4223,-2.358889,0.050000
4224,-4.326404,0.050000
4225,-13.529838,0.050000
4226,2.327978,0.050000
4227,2.259029,0.050000
4228,4.838021,0.050000
4229,-8.882759,0.050000
4230,-2.541841,0.050000
4231,-2.512649,0.050000
4232,-8.266337,0.050000
4233,-4.545194,0.050000
4234,-10.608409,0.050000
4235,-14.900483,0.050000
4236,-5.105536,0.050000
4237,-3.516843,0.050000
4238,-7.024230,0.050000
4239,-5.132545,0.050000
4240,-0.710592,0.050000
4241,-7.119544,0.050000
4242,-10.300553,0.050000
4243,-8.506108,0.050000
4244,-13.322262,0.050000
4245,-10.883259,0.050000
4246,-8.507510,0.050000
4247,-5.821845,0.050000
4248,-2.154273,0.050000
4249,-3.176498,0.050000
4250,6.571790,0.050000
4251,-6.830396,0.050000
4252,-13.359587,0.050000
4253,-1.200037,0.050000
4254,-6.816313,0.050000
4255,-8.562515,0.050000
4256,-18.194186,0.050000
4257,-8.495606,0.050000
4258,-3.738686,0.050000
4259,-11.654001,0.050000
4260,-8.598923,0.050000
4261,-6.392141,0.050000
4262,-12.755619,0.050000
4263,-10.250684,0.050000
4264,-12.112147,0.050000
4265,-6.315565,0.050000
4266,-6.767505,0.050000
4267,-2.154807,0.050000
4268,-2.085140,0.050000
4269,-7.460722,0.050000
4270,-1.507798,0.050000
4271,-8.605424,0.050000
4272,-7.741676,0.050000
4273,-16.249767,0.050000
4274,-4.370449,0.050000
4275,-6.023181,0.050000
4276,-7.211063,0.050000
4277,-5.103261,0.050000
4278,-8.755438,0.050000
4279,-3.046825,0.050000
4280,-6.154669,0.050000
4281,-3.860219,0.050000
4282,-4.708704,0.050000
4283,-13.241382,0.050000
4284,-12.173313,0.050000
4285,-5.303282,0.050000
4286,-12.374530,0.050000
4287,-10.606453,0.050000
4288,-10.912165,0.050000
4289,1.588633,0.050000
4290,-10.346408,0.050000
4291,-5.944007,0.050000
4292,-4.675285,0.050000
4293,-8.771368,0.050000
4294,-13.206435,0.050000
4295,-12.022813,0.050000
4296,-6.839595,0.050000
4297,-14.073129,0.050000
4298,-9.753194,0.050000
4299,-16.152002,0.050000
4300,1.746017,0.050000
4301,-4.501949,0.050000
4302,-11.524775,0.050000
4303,-18.074867,0.050000
4304,-11.992255,0.050000
4305,-6.371776,0.050000
4306,-10.958542,0.050000
4307,-7.018520,0.050000
4308,-6.273399,0.050000
4309,-19.591059,0.050000
4310,-12.754042,0.050000
4311,-13.238102,0.050000
4312,-18.643137,0.050000
4313,-16.534717,0.050000
4314,-2.628911,0.050000
4315,-4.207769,0.050000
4316,-5.182424,0.050000
4317,-17.155282,0.050000
4318,-14.207555,0.050000
4319,-11.775905,0.050000
4320,-7.546472,0.050000
4321,-15.750058,0.050000
4322,-14.564908,0.050000
4323,-12.414848,0.050000
4324,-9.628222,0.050000
4325,-13.643955,0.050000
4326,-15.630680,0.050000
4327,-11.953510,0.050000
4328,-20.647603,0.050000
4329,-7.344242,0.050000
4330,-12.048216,0.050000
4331,-10.931770,0.050000
4332,-7.382050,0.050000
4333,-13.194924,0.050000
4334,-10.879949,0.050000
4335,-8.731148,0.050000
4336,1.982207,0.050000
4337,-5.803273,0.050000
4338,-4.770822,0.050000
4339,-9.797389,0.050000
4340,-11.652468,0.050000
4341,-14.999114,0.050000
4342,-9.342788,0.050000
4343,-12.898512,0.050000
4344,-11.793152,0.050000
4345,3.957285,0.050000
4346,-10.824267,0.050000
4347,-12.234294,0.050000
4348,-10.667382,0.050000
4349,-4.803213,0.050000
4350,-3.328302,0.050000
4351,-2.825185,0.050000
4352,-6.718426,0.050000
4353,-14.339427,0.050000
4354,-3.873416,0.050000
4355,-9.893364,0.050000
4356,-5.521594,0.050000
4357,-5.166880,0.050000
4358,-2.482870,0.050000
4359,-7.046119,0.050000
4360,-21.710362,0.050000
4361,-7.618042,0.050000
4362,-5.139643,0.050000
4363,-1.746948,0.050000
4364,-20.575160,0.050000
4365,-2.710711,0.050000
4366,-22.186912,0.050000
4367,-14.840643,0.050000
4368,-13.691388,0.050000
4369,-6.418900,0.050000
4370,-22.309034,0.050000
4371,-20.964406,0.050000
4372,-7.347490,0.050000
4373,-8.005678,0.050000
4374,-19.992514,0.050000
4375,-12.722316,0.050000
4376,-11.814565,0.050000
4377,-17.539319,0.050000
4378,-23.179445,0.050000
4379,-7.375634,0.050000
4380,-18.606084,0.050000
4381,-5.240475,0.050000
4382,-17.709200,0.050000
4383,-15.339751,0.050000
4384,-4.171547,0.050000
4385,-14.213594,0.050000
4386,-13.854017,0.050000
4387,-2.212797,0.050000
4388,-11.814976,0.050000
4389,-12.590391,0.050000
4390,-26.341076,0.050000
4391,-7.404088,0.050000
4392,-18.486942,0.050000
4393,-12.340215,0.050000
4394,-16.655008,0.050000
4395,3.704793,0.050000
4396,-12.061996,0.050000
4397,-18.023006,0.050000
4398,-14.156047,0.050000
4399,-12.084422,0.050000
4400,-12.242237,0.050000
4401,-12.702438,0.050000
4402,-16.153387,0.050000
4403,-25.495739,0.050000
4404,-12.170673,0.050000
4405,-23.287962,0.050000
4406,-21.353392,0.050000
4407,-18.360344,0.050000
4408,-21.123870,0.050000
4409,-12.393500,0.050000
4410,-16.662067,0.050000
4411,-18.896610,0.050000
4412,-19.702797,0.050000
4413,-17.181011,0.050000
4414,-4.964694,0.050000
4415,-21.555475,0.050000
4416,-17.685226,0.050000
4417,-13.054695,0.050000
4418,-28.232733,0.050000
4419,-18.036938,0.050000
4420,-6.828052,0.050000
4421,-12.373312,0.050000
4422,-16.510964,0.050000
4423,-11.309742,0.050000
4424,-6.197615,0.050000
4425,-13.394291,0.050000
4426,-5.798083,0.050000
4427,-8.886095,0.050000
4428,-13.950742,0.050000
4429,-4.137780,0.050000
4430,-10.812006,0.050000
4431,-15.447614,0.050000
4432,-18.226028,0.050000
4433,-6.787510,0.050000
4434,-8.744698,0.050000
4435,-13.462902,0.050000
4436,-9.987724,0.050000
4437,-5.112428,0.050000
4438,-18.779639,0.050000
4439,-5.419221,0.050000
4440,-1.501242,0.050000
4441,-1.472906,0.050000
4442,-2.356626,0.050000
4443,-1.954356,0.050000
4444,-8.408836,0.050000
4445,-0.520001,0.050000
4446,-6.274379,0.050000
4447,-1.251910,0.050000
4448,-3.358615,0.050000
4449,-1.216606,0.050000
4450,-3.804007,0.050000
4451,-9.863898,0.050000
4452,-6.644882,0.050000
4453,-7.232877,0.050000
4454,-5.645322,0.050000
4455,-3.878901,0.050000
4456,-7.741067,0.050000
4457,-14.587464,0.050000
4458,-10.792148,0.050000
4459,-6.567150,0.050000
4460,-8.981009,0.050000
4461,-5.941139,0.050000
4462,-9.858756,0.050000
4463,-10.845977,0.050000
4464,-6.263982,0.050000
4465,1.329645,0.050000
4466,-8.847987,0.050000
4467,-6.021123,0.050000
4468,-6.545146,0.050000
4469,-1.235649,0.050000
4470,-2.425986,0.050000
4471,-11.490823,0.050000
4472,-14.764711,0.050000
4473,-5.409657,0.050000
4474,-18.776728,0.050000
4475,-12.214971,0.050000
4476,-9.139420,0.050000
4477,-13.922912,0.050000
4478,-1.693811,0.050000
4479,-9.042091,0.050000
4480,-1.128626,0.050000
4481,-7.587323,0.050000
4482,-6.877563,0.050000
4483,-12.039866,0.050000
4484,-8.000307,0.050000
4485,-3.695611,0.050000
4486,-14.899677,0.050000
4487,-15.232050,0.050000
4488,-14.494765,0.050000
4489,-14.989793,0.050000
4490,-13.899334,0.050000
4491,-13.934601,0.050000
4492,-4.172348,0.050000
4493,-10.053839,0.050000
4494,-9.889569,0.050000
4495,-13.209515,0.050000
4496,-2.788428,0.050000
4497,-19.908609,0.050000
4498,-4.355854,0.050000
4499,-10.511163,0.050000
4500,-15.904071,0.050000
4501,-12.053054,0.050000
4502,-6.957212,0.050000
4503,-13.974193,0.050000
4504,-12.264974,0.050000
4505,-2.434019,0.050000
4506,-11.460068,0.050000
4507,-3.631685,0.050000
4508,-14.961516,0.050000
4509,-10.845522,0.050000
4510,-18.454985,0.050000
4511,-5.968294,0.050000
4512,-15.872782,0.050000
4513,-23.309562,0.050000
4514,-12.068379,0.050000
4515,-14.828673,0.050000
4516,-13.689160,0.050000
4517,-7.686025,0.050000
4518,-9.766448,0.050000
4519,-16.482996,0.050000
4520,-17.023136,0.050000
4521,-8.856783,0.050000
4522,-11.700435,0.050000
4523,-8.972372,0.050000
4524,-12.374190,0.050000
4525,-12.097804,0.050000
4526,-10.825592,0.050000
4527,-10.799424,0.050000
4528,-2.436295,0.050000
4529,-18.164079,0.050000
4530,3.497069,0.050000
4531,-4.038662,0.050000
4532,-9.853538,0.050000
4533,-12.770747,0.050000
4534,-7.697943,0.050000
4535,-5.243165,0.050000
4536,-14.338795,0.050000
4537,-11.807458,0.050000
4538,-6.866250,0.050000
4539,-5.419703,0.050000
4540,-4.772997,0.050000
4541,-11.853558,0.050000
4542,-5.974251,0.050000
4543,-12.775401,0.050000
4544,-5.800689,0.050000
4545,-7.717323,0.050000
4546,-16.201387,0.050000
4547,-5.952701,0.050000
4548,-11.150532,0.050000
4549,-10.796691,0.050000
4550,3.750135,0.050000
4551,-10.653213,0.050000
4552,-15.287462,0.050000
4553,-9.393400,0.050000
4554,2.550695,0.050000
4555,-5.059867,0.050000
4556,-14.958154,0.050000
4557,-4.884456,0.050000
4558,-6.602975,0.050000
4559,-6.478281,0.050000
4560,-5.486036,0.050000
4561,-18.636370,0.050000
4562,-10.318083,0.050000
4563,-5.274394,0.050000
4564,-9.571829,0.050000
4565,-18.722691,0.050000
4566,-10.804445,0.050000
4567,-6.771350,0.050000
4568,-9.266605,0.050000
4569,-5.612997,0.050000
4570,-3.316555,0.050000
4571,-10.572740,0.050000
4572,-7.703391,0.050000
4573,-8.740792,0.050000
4574,-2.252092,0.050000
4575,-5.351312,0.050000
4576,-9.952309,0.050000
4577,-7.627283,0.050000
4578,-11.078492,0.050000
4579,-10.864281,0.050000
4580,-14.788781,0.050000
4581,-7.446875,0.050000
4582,-9.171023,0.050000
4583,-13.289297,0.050000
4584,-15.128538,0.050000
4585,-3.768780,0.050000
4586,-8.536235,0.050000
4587,-7.241332,0.050000
4588,-11.411070,0.050000
4589,-7.112287,0.050000
4590,-14.449261,0.050000
4591,-4.365963,0.050000
4592,-10.472432,0.050000
4593,-8.398116,0.050000
4594,-7.250087,0.050000
4595,-11.106135,0.050000
4596,5.979888,0.050000
4597,-8.606804,0.050000
4598,-13.824420,0.050000
4599,-8.085968,0.050000
4600,-13.204058,0.050000
4601,-19.735024,0.050000
4602,-9.185258,0.050000
4603,-4.706660,0.050000
4604,-9.282416,0.050000
4605,-10.213038,0.050000
4606,-1.646633,0.050000
4607,-11.232165,0.050000
4608,-12.424531,0.050000
4609,-11.263941,0.050000
4610,-16.182874,0.050000
4611,-13.307139,0.050000
4612,-19.003720,0.050000
4613,-8.394941,0.050000
4614,-9.706859,0.050000
4615,-8.899175,0.050000
4616,-5.277094,0.050000
4617,-11.443988,0.050000
4618,-15.263342,0.050000
4619,-13.871171,0.050000
4620,-4.521377,0.050000
4621,-8.618600,0.050000
4622,-11.767000,0.050000
4623,-7.578255,0.050000
4624,-12.853836,0.050000
4625,-8.517288,0.050000
4626,-6.458459,0.050000
4627,-8.221200,0.050000
4628,1.112961,0.050000
4629,-16.761368,0.050000
4630,-1.340066,0.050000
4631,-9.229656,0.050000
4632,-6.762408,0.050000
4633,-6.824907,0.050000
4634,-5.564130,0.050000
4635,-5.749413,0.050000
4636,-5.941754,0.050000
4637,-4.608689,0.050000
4638,-12.975225,0.050000
4639,-10.025251,0.050000
4640,-4.747139,0.050000
4641,-3.909567,0.050000
4642,-6.501664,0.050000
4643,-12.057008,0.050000
4644,-2.996741,0.050000
4645,3.718309,0.050000
4646,-4.502478,0.050000
4647,-0.708669,0.050000
4648,-4.711005,0.050000
4649,-8.415674,0.050000
4650,-6.781757,0.050000
4651,-4.587691,0.050000
4652,-20.522025,0.050000
4653,-8.248241,0.050000
4654,-12.141462,0.050000
4655,-6.547715,0.050000
4656,-0.977291,0.050000
4657,-12.450733,0.050000
4658,-2.344523,0.050000
4659,-9.703727,0.050000
4660,-6.908959,0.050000
4661,-9.673361,0.050000
4662,-19.668213,0.050000
4663,-4.041130,0.050000
4664,-5.018054,0.050000
4665,-6.855145,0.050000
4666,-8.544771,0.050000
4667,-23.821897,0.050000
4668,-8.672080,0.050000
4669,-7.025913,0.050000
4670,-15.601721,0.050000
4671,-8.822672,0.050000
4672,-4.427291,0.050000
4673,-12.044452,0.050000
4674,-6.923814,0.050000
4675,-8.427293,0.050000
4676,-6.201615,0.050000
4677,-3.714158,0.050000
4678,3.229244,0.050000
4679,-12.266019,0.050000
4680,-9.392540,0.050000
4681,-6.015989,0.050000
4682,-15.085372,0.050000
4683,-5.558022,0.050000
4684,-6.126399,0.050000
4685,-8.827957,0.050000
4686,-5.524210,0.050000
4687,-5.167025,0.050000
4688,-7.802019,0.050000
4689,-1.454677,0.050000
4690,-5.762747,0.050000
4691,-5.493658,0.050000
4692,-3.103087,0.050000
4693,-19.608941,0.050000
4694,-4.748937,0.050000
4695,-6.678968,0.050000
4696,-9.318949,0.050000
4697,-10.119662,0.050000
4698,-8.799718,0.050000
4699,-10.305896,0.050000
4700,-15.342750,0.050000
4701,-9.917856,0.050000
4702,-6.173691,0.050000
4703,-7.174545,0.050000
4704,-7.445627,0.050000
4705,-5.037464,0.050000
4706,-8.938198,0.050000
4707,-8.730145,0.050000
4708,-7.082553,0.050000
4709,-7.434372,0.050000
4710,-6.496114,0.050000
4711,-4.474032,0.050000
4712,-14.754701,0.050000
4713,-4.912758,0.050000
4714,-18.510230,0.050000
4715,-15.596006,0.050000
4716,-4.537285,0.050000
4717,-7.446791,0.050000
4718,-16.681375,0.050000
4719,-10.948630,0.050000
4720,-6.212347,0.050000
4721,-5.532701,0.050000
4722,-8.775457,0.050000
4723,-12.520226,0.050000
4724,-9.823530,0.050000
4725,-15.558597,0.050000
4726,-7.576152,0.050000
4727,-6.219663,0.050000
4728,-22.239491,0.050000
4729,-9.685774,0.050000
4730,-6.608335,0.050000
4731,-6.744472,0.050000
4732,-10.679545,0.050000
4733,-11.794449,0.050000
4734,-20.022702,0.050000
4735,-3.076698,0.050000
4736,-8.958032,0.050000
4737,-6.297195,0.050000
4738,-7.357804,0.050000
4739,-8.861072,0.050000
4740,-3.076176,0.050000
4741,-14.869087,0.050000
4742,-6.789660,0.050000
4743,4.736393,0.050000
4744,-5.302426,0.050000
4745,-9.518170,0.050000
4746,-9.763070,0.050000
4747,-7.992653,0.050000
4748,-7.082768,0.050000
4749,-13.036825,0.050000
4750,-8.402722,0.050000
4751,-15.909076,0.050000
4752,-9.844542,0.050000
4753,-2.735912,0.050000
4754,-13.483577,0.050000
4755,-8.540051,0.050000
4756,-16.422421,0.050000
4757,-7.624030,0.050000
4758,-12.450989,0.050000
4759,-1.157534,0.050000
4760,-11.714143,0.050000
4761,-8.089898,0.050000
4762,5.193049,0.050000
4763,-11.806266,0.050000
4764,-8.314618,0.050000
4765,-4.136708,0.050000
4766,-15.659502,0.050000
4767,-0.036206,0.050000
4768,-2.171740,0.050000
4769,-12.686991,0.050000
4770,-3.030125,0.050000
4771,-6.070600,0.050000
4772,-5.313093,0.050000
4773,-9.435682,0.050000
4774,-3.424472,0.050000
4775,-11.197806,0.050000
4776,-1.711204,0.050000
4777,-5.757108,0.050000
4778,0.051408,0.050000
4779,-6.698037,0.050000
4780,-6.340915,0.050000
4781,-2.341446,0.050000
4782,-10.651694,0.050000
4783,0.156598,0.050000
4784,-4.520510,0.050000
4785,-5.569250,0.050000
4786,6.100051,0.050000
4787,-6.153149,0.050000
4788,-9.744701,0.050000
4789,-7.773794,0.050000
4790,6.541063,0.050000
4791,-0.784098,0.050000
4792,-13.384538,0.050000
4793,-12.020815,0.050000
4794,-13.779557,0.050000
4795,-12.832838,0.050000
4796,-7.920909,0.050000
4797,7.038566,0.050000
4798,-12.884831,0.050000
4799,-12.662256,0.050000
4800,0.515354,0.050000
4801,2.381409,0.050000
4802,4.064057,0.050000
4803,0.537941,0.050000
4804,-3.149978,0.050000
4805,8.298858,0.050000
4806,-12.558344,0.050000
4807,-0.212028,0.050000
4808,-4.693891,0.050000
4809,-2.213999,0.050000
4810,3.684376,0.050000
4811,-4.432139,0.050000
4812,-3.936433,0.050000
4813,-6.680063,0.050000
4814,-13.691089,0.050000
4815,-7.107392,0.050000
4816,-14.549060,0.050000
4817,-4.060595,0.050000
4818,-15.324018,0.050000
4819,-17.682300,0.050000
4820,-3.576968,0.050000
4821,-18.920322,0.050000
4822,-4.600390,0.050000
4823,-7.424877,0.050000
4824,-5.536465,0.050000
4825,-8.704534,0.050000
4826,-13.349569,0.050000
4827,-6.506139,0.050000
4828,-10.913005,0.050000
4829,-5.744480,0.050000
4830,-5.038048,0.050000
4831,-12.351278,0.050000
4832,-6.355474,0.050000
4833,-9.365399,0.050000
4834,-12.383255,0.050000
4835,-11.341748,0.050000
4836,-14.669624,0.050000
4837,-21.600545,0.050000
4838,-13.158386,0.050000
4839,-12.535059,0.050000
4840,-25.563784,0.050000
4841,-6.278653,0.050000
4842,-9.327920,0.050000
4843,0.639125,0.050000
4844,2.308275,0.050000
4845,-7.285133,0.050000
4846,-19.950055,0.050000
4847,-11.670390,0.050000
4848,-5.422564,0.050000
4849,-2.617472,0.050000
4850,-8.790130,0.050000
4851,-9.850383,0.050000
4852,-6.533854,0.050000
4853,-18.139931,0.050000
4854,-10.004011,0.050000
4855,-16.187380,0.050000
4856,-28.201573,0.050000
4857,-12.943679,0.050000
4858,-14.275452,0.050000
4859,-8.535369,0.050000
4860,-21.299450,0.050000
4861,-22.190628,0.050000
4862,-15.030337,0.050000
4863,-14.374713,0.050000
4864,-15.826158,0.050000
4865,-14.914592,0.050000
4866,-12.176285,0.050000
4867,-17.337736,0.050000
4868,-13.091303,0.050000
4869,-11.409365,0.050000
4870,-17.539916,0.050000
4871,-20.065760,0.050000
4872,-28.831066,0.050000
4873,-16.997058,0.050000
4874,-11.253466,0.050000
4875,-14.347509,0.050000
4876,-6.231501,0.050000
4877,-17.898582,0.050000
4878,-13.151637,0.050000
4879,-16.617836,0.050000
4880,-2.060249,0.050000
4881,-14.981773,0.050000
4882,-12.389622,0.050000
4883,-20.917403,0.050000
4884,-6.390629,0.050000
4885,-13.706356,0.050000
4886,-9.030553,0.050000
4887,-4.319137,0.050000
4888,-7.241983,0.050000
4889,-18.964800,0.050000
4890,-16.036640,0.050000
4891,-7.633498,0.050000
4892,-15.806624,0.050000
4893,-1.905381,0.050000
4894,-9.005578,0.050000
4895,-7.789966,0.050000
4896,-18.657607,0.050000
4897,-0.513932,0.050000
4898,-11.561609,0.050000
4899,-4.632797,0.050000
4900,-11.109907,0.050000
4901,-10.673670,0.050000
4902,2.536585,0.050000
4903,-13.736681,0.050000
4904,-10.437836,0.050000
4905,-17.541825,0.050000
4906,-6.863955,0.050000
4907,-9.320347,0.050000
4908,-6.855808,0.050000
4909,-9.718477,0.050000
4910,-10.027795,0.050000
4911,-11.728100,0.050000
4912,-19.275115,0.050000
4913,-5.459584,0.050000
4914,-12.833105,0.050000
4915,-14.515654,0.050000
4916,-1.747359,0.050000
4917,-1.313519,0.050000
4918,-12.874719,0.050000
4919,-6.793217,0.050000
4920,-3.757204,0.050000
4921,0.132355,0.050000
4922,-1.765570,0.050000
4923,-10.169790,0.050000
4924,-12.305973,0.050000
4925,-7.946016,0.050000
4926,-6.897626,0.050000
4927,-11.304125,0.050000
4928,-10.005003,0.050000
4929,-11.031794,0.050000
4930,-10.804790,0.050000
4931,-9.480217,0.050000
4932,-25.560288,0.050000
4933,-8.765782,0.050000
4934,-15.136062,0.050000
4935,-5.405317,0.050000
4936,-8.742528,0.050000
4937,-6.674047,0.050000
4938,-2.368920,0.050000
4939,-8.860594,0.050000
4940,-3.914719,0.050000
4941,-6.668854,0.050000
4942,-4.248148,0.050000
4943,-3.003245,0.050000
4944,-11.968765,0.050000
4945,-10.864213,0.050000
4946,-13.306893,0.050000
4947,-16.538012,0.050000
4948,-15.104076,0.050000
4949,-10.916449,0.050000
4950,-15.631010,0.050000
4951,-2.526086,0.050000
4952,-11.280119,0.050000
4953,-1.128564,0.050000
4954,-8.407365,0.050000
4955,-3.111806,0.050000
4956,-12.133280,0.050000
4957,-6.693041,0.050000
4958,-9.307982,0.050000
4959,-13.257806,0.050000
4960,-12.896450,0.050000
4961,-6.984707,0.050000
4962,-11.848204,0.050000
4963,-12.572027,0.050000
4964,-6.196355,0.050000
4965,-5.721119,0.050000
4966,-12.077997,0.050000
4967,-0.359640,0.050000
4968,-5.777434,0.050000
4969,-14.062961,0.050000
4970,-0.156716,0.050000
4971,-10.960655,0.050000
4972,-18.345394,0.050000
4973,-13.361330,0.050000
4974,-11.409331,0.050000
4975,-11.634246,0.050000
4976,-12.070557,0.050000
4977,-19.081738,0.050000
4978,-19.423745,0.050000
4979,-14.209933,0.050000
4980,-13.400175,0.050000
4981,-14.429159,0.050000
4982,-14.642769,0.050000
4983,-12.019598,0.050000
4984,-14.799878,0.050000
4985,-15.398624,0.050000
4986,-15.882448,0.050000
4987,-16.526561,0.050000
4988,-21.112258,0.050000
4989,-19.011170,0.050000
4990,-4.791869,0.050000
4991,-5.382884,0.050000
4992,-17.482840,0.050000
4993,-14.038807,0.050000
4994,-5.881679,0.050000
4995,-15.551976,0.050000
4996,-8.783842,0.050000
4997,-12.338986,0.050000
4998,-7.401273,0.050000
4999,-18.651125,0.050000
5000,-14.046980,0.050000
5001,-18.902629,0.050000
5002,-2.825030,0.050000
5003,-11.757765,0.050000
5004,-11.856804,0.050000
5005,-9.905839,0.050000
5006,-18.988790,0.050000
5007,-6.138929,0.050000
5008,-11.286699,0.050000
5009,-6.182258,0.050000
5010,-7.019618,0.050000
5011,0.761881,0.050000
5012,-4.803495,0.050000
5013,-12.249752,0.050000
5014,-8.807005,0.050000
5015,-13.077404,0.050000
5016,-11.431387,0.050000
5017,-9.211744,0.050000
5018,-10.095719,0.050000
5019,-7.059526,0.050000
5020,-9.074886,0.050000
5021,-11.480006,0.050000
5022,-6.466929,0.050000
5023,-12.869617,0.050000
5024,-12.146982,0.050000
5025,-11.038398,0.050000
5026,-4.222868,0.050000
5027,-13.388117,0.050000
5028,-6.791668,0.050000
5029,-13.624754,0.050000
5030,-13.657659,0.050000
5031,-7.128843,0.050000
5032,-4.113702,0.050000
5033,-12.318886,0.050000
5034,-5.427046,0.050000
5035,-2.505648,0.050000
5036,-7.513377,0.050000
5037,-17.717597,0.050000
5038,-4.700241,0.050000
5039,0.279120,0.050000
5040,-6.447440,0.050000
5041,-9.134596,0.050000
5042,-6.026905,0.050000
5043,-14.700090,0.050000
5044,-8.349143,0.050000
5045,-4.448819,0.050000
5046,-4.545017,0.050000
5047,-6.374857,0.050000
5048,-11.201086,0.050000
5049,-3.207052,0.050000
5050,-6.636582,0.050000
5051,-0.703401,0.050000
5052,-5.864488,0.050000
5053,-8.356747,0.050000
5054,-19.123957,0.050000
5055,-3.288334,0.050000
5056,-9.283183,0.050000
5057,-9.614055,0.050000
5058,-2.629072,0.050000
5059,-12.784055,0.050000
5060,-10.326327,0.050000
5061,-6.132195,0.050000
5062,-8.087369,0.050000
5063,-6.061107,0.050000
5064,-11.752478,0.050000
5065,-10.173400,0.050000
5066,0.738061,0.050000
5067,-3.410338,0.050000
5068,-10.234792,0.050000
5069,-11.036731,0.050000
5070,-9.278241,0.050000
5071,-14.163325,0.050000
5072,-4.207246,0.050000
5073,-1.998441,0.050000
5074,-5.384797,0.050000
5075,-7.709086,0.050000
5076,-17.263621,0.050000
5077,-6.743642,0.050000
5078,-4.275318,0.050000
5079,-3.633609,0.050000
5080,-10.095327,0.050000
5081,-7.553006,0.050000
5082,-7.277212,0.050000
5083,-3.264182,0.050000
5084,-4.535501,0.050000
5085,-5.868961,0.050000
5086,-6.322662,0.050000
5087,-3.065650,0.050000
5088,-3.424633,0.050000
5089,-5.193503,0.050000
5090,-10.202600,0.050000
5091,7.013247,0.050000
5092,-1.653456,0.050000
5093,-10.383906,0.050000
5094,0.466515,0.050000
5095,-2.277946,0.050000
5096,-6.642997,0.050000
5097,-9.160499,0.050000
5098,-1.618862,0.050000
5099,-14.957125,0.050000
5100,-0.000652,0.050000
5101,-6.818575,0.050000
5102,-9.514837,0.050000
5103,-8.441034,0.050000
5104,-5.173128,0.050000
5105,-12.507877,0.050000
5106,-7.110624,0.050000
5107,-11.345925,0.050000
5108,-11.541306,0.050000
5109,-7.741122,0.050000
5110,-0.819136,0.050000
5111,-10.182641,0.050000
5112,-10.937566,0.050000
5113,-3.115690,0.050000
5114,-14.115343,0.050000
5115,-16.077235,0.050000
5116,-10.527028,0.050000
5117,-10.584853,0.050000
5118,-12.356439,0.050000
5119,-13.841591,0.050000
5120,-13.449211,0.050000
5121,-14.225179,0.050000
5122,-9.603577,0.050000
5123,-6.551561,0.050000
5124,-8.399411,0.050000
5125,-18.594684,0.050000
5126,-15.152060,0.050000
5127,-18.435358,0.050000
5128,-15.214629,0.050000
5129,-7.073168,0.050000
5130,-21.248840,0.050000
5131,-16.554450,0.050000
5132,-12.703324,0.050000
5133,-6.291975,0.050000
5134,-13.153278,0.050000
5135,-10.546238,0.050000
5136,-15.039193,0.050000
5137,-9.381308,0.050000
5138,-14.706476,0.050000
5139,-10.451335,0.050000
5140,0.086060,0.050000
5141,-8.965209,0.050000
5142,-12.707295,0.050000
5143,-8.810557,0.050000
5144,-25.637504,0.050000
5145,-11.089793,0.050000
5146,-16.833489,0.050000
5147,-0.070001,0.050000
5148,-21.568098,0.050000
5149,-23.884443,0.050000
5150,-19.830812,0.050000
5151,-14.248620,0.050000
5152,-19.846351,0.050000
5153,-16.770065,0.050000
5154,-7.684972,0.050000
5155,-21.429065,0.050000
5156,-22.369408,0.050000
5157,-17.257692,0.050000
5158,-12.644832,0.050000
5159,-14.613799,0.050000
5160,-22.196961,0.050000
5161,-11.204361,0.050000
5162,-21.671774,0.050000
5163,-15.106781,0.050000
5164,-21.205292,0.050000
5165,-20.138860,0.050000
5166,-22.609063,0.050000
5167,-16.630037,0.050000
5168,-15.998022,0.050000
5169,-17.004662,0.050000
5170,-23.445805,0.050000
5171,-22.070122,0.050000
5172,-25.537867,0.050000
5173,-23.678846,0.050000
5174,-15.209075,0.050000
5175,-19.681733,0.050000
5176,-21.355899,0.050000
5177,-14.645696,0.050000
5178,-17.459387,0.050000
5179,-23.292668,0.050000
5180,-25.949642,0.050000
5181,-13.054607,0.050000
5182,-30.414305,0.050000
5183,-15.418794,0.050000
5184,-8.767422,0.050000
5185,-5.257641,0.050000
5186,-17.121972,0.050000
5187,-19.121402,0.050000
5188,-17.429522,0.050000
5189,-13.505296,0.050000
5190,-12.751194,0.050000
5191,-11.725367,0.050000
5192,-17.046299,0.050000
5193,-16.254079,0.050000
5194,-11.456137,0.050000
5195,-9.007409,0.050000
5196,-12.687813,0.050000
5197,-11.247246,0.050000
5198,-5.406339,0.050000
5199,-13.760185,0.050000
5200,-11.261379,0.050000
5201,-10.666237,0.050000
5202,-2.238203,0.050000
5203,-9.184612,0.050000
5204,-6.642498,0.050000
5205,-0.520033,0.050000
5206,-7.732716,0.050000
5207,-9.354876,0.050000
5208,-17.153241,0.050000
5209,-6.883939,0.050000
5210,-10.226687,0.050000
5211,-4.512981,0.050000
5212,-11.929726,0.050000
5213,4.814004,0.050000
5214,-12.795572,0.050000
5215,-4.662222,0.050000
5216,-10.857807,0.050000
5217,-5.357783,0.050000
5218,-6.002384,0.050000
5219,-2.207523,0.050000
5220,-3.614452,0.050000
5221,-7.978909,0.050000
5222,-5.520924,0.050000
5223,-10.884796,0.050000
5224,-7.629688,0.050000
5225,-8.448082,0.050000
5226,-10.443460,0.050000
5227,-12.560086,0.050000
5228,-9.810296,0.050000
5229,-6.455322,0.050000
5230,-15.964008,0.050000
5231,-8.766215,0.050000
5232,-4.273304,0.050000
5233,-12.118118,0.050000
5234,2.699236,0.050000
5235,-4.351570,0.050000
5236,-10.902104,0.050000
5237,-2.157798,0.050000
5238,-11.856043,0.050000
5239,-9.578649,0.050000
5240,-3.994710,0.050000
5241,-6.479092,0.050000
5242,-14.078036,0.050000
5243,-15.201989,0.050000
5244,-6.860674,0.050000
5245,-7.942811,0.050000
5246,-8.181911,0.050000
5247,-7.029073,0.050000
5248,-5.406719,0.050000
5249,-6.379334,0.050000
5250,-12.043947,0.050000
5251,-4.577256,0.050000
5252,-4.824892,0.050000
5253,-2.263537,0.050000
5254,-12.162674,0.050000
5255,-11.709702,0.050000
5256,-6.459669,0.050000
5257,-3.540799,0.050000
5258,-15.589819,0.050000
5259,-9.566573,0.050000
5260,-6.300607,0.050000
5261,-1.464449,0.050000
5262,-0.986058,0.050000
5263,-6.073815,0.050000
5264,-16.176569,0.050000
5265,-11.103051,0.050000
5266,-7.658963,0.050000
5267,-8.046811,0.050000
5268,-11.731638,0.050000
5269,-1.119900,0.050000
5270,-17.634951,0.050000
5271,-4.751780,0.050000
5272,-9.717486,0.050000
5273,-2.346700,0.050000
5274,-10.979999,0.050000
5275,-10.437832,0.050000
5276,8.139246,0.050000
5277,-10.658665,0.050000
5278,-12.895172,0.050000
5279,-9.793188,0.050000
5280,8.942166,0.050000
5281,-8.884884,0.050000
5282,-6.466267,0.050000
5283,-6.348510,0.050000
5284,-7.366778,0.050000
5285,-3.606199,0.050000
5286,-12.914425,0.050000
5287,-8.202867,0.050000
5288,-9.853200,0.050000
5289,-10.645843,0.050000
5290,-14.741737,0.050000
5291,-13.103104,0.050000
5292,-5.816613,0.050000
5293,-18.710073,0.050000
5294,-6.639871,0.050000
5295,-11.460471,0.050000
5296,-12.216354,0.050000
5297,-16.108055,0.050000
5298,-10.783126,0.050000
5299,-11.312124,0.050000
5300,-7.384333,0.050000
5301,-15.496859,0.050000
5302,1.787331,0.050000
5303,-11.586418,0.050000
5304,-12.583152,0.050000
5305,-15.953930,0.050000
5306,-15.590360,0.050000
5307,-0.118586,0.050000
5308,-9.726656,0.050000
5309,-5.711803,0.050000
5310,-13.189093,0.050000
5311,-5.052280,0.050000
5312,-12.198391,0.050000
5313,-9.551952,0.050000
5314,-5.858403,0.050000
5315,-14.170643,0.050000
5316,1.304666,0.050000
5317,-7.910519,0.050000
5318,-10.637096,0.050000
5319,-11.740034,0.050000
5320,-12.397876,0.050000
5321,-22.099235,0.050000
5322,-15.239062,0.050000
5323,0.497991,0.050000
5324,-18.263649,0.050000
5325,-6.158783,0.050000
5326,-13.131749,0.050000
5327,-12.528506,0.050000
5328,-7.962137,0.050000
5329,-16.863234,0.050000
5330,0.614233,0.050000
5331,-7.641761,0.050000
5332,6.252952,0.050000
5333,-3.884801,0.050000
5334,-8.618864,0.050000
5335,-12.789679,0.050000
5336,-9.381317,0.050000
5337,-14.861778,0.050000
5338,-26.513456,0.050000
5339,-27.575206,0.050000
5340,-2.546143,0.050000
5341,6.796598,0.050000
5342,-14.007683,0.050000
5343,-6.411322,0.050000
5344,-6.974993,0.050000
5345,-4.087154,0.050000
5346,-8.895782,0.050000
5347,-7.008499,0.050000
5348,-5.913222,0.050000
5349,-10.295797,0.050000
5350,-5.775491,0.050000
5351,-2.157405,0.050000
5352,-11.948841,0.050000
5353,-6.481895,0.050000
5354,-9.878609,0.050000
5355,-13.474878,0.050000
5356,-7.591295,0.050000
5357,-12.002626,0.050000
5358,-9.259401,0.050000
5359,-6.752840,0.050000
5360,0.951829,0.050000
5361,-13.638762,0.050000
5362,-5.895925,0.050000
5363,-8.873622,0.050000
5364,-18.034919,0.050000
5365,-12.295311,0.050000
5366,-8.790867,0.050000
5367,-5.272410,0.050000
5368,-9.287086,0.050000
5369,-5.300945,0.050000
5370,-7.504907,0.050000
5371,-10.600732,0.050000
5372,-6.688045,0.050000
5373,-8.685941,0.050000
5374,-13.939284,0.050000
5375,2.576577,0.050000
5376,-4.420924,0.050000
5377,-10.667996,0.050000
5378,-1.388854,0.050000
5379,-6.432195,0.050000
5380,-0.180836,0.050000
5381,-8.134207,0.050000
5382,-7.599979,0.050000
5383,-1.907218,0.050000
5384,-17.744220,0.050000
5385,-2.693660,0.050000
5386,-5.500162,0.050000
5387,-2.281822,0.050000
5388,-1.521845,0.050000
5389,-4.741320,0.050000
5390,-9.403312,0.050000
5391,-6.084034,0.050000
5392,0.538321,0.050000
5393,2.161980,0.050000
5394,0.826003,0.050000
5395,-10.474076,0.050000
5396,-16.605093,0.050000
5397,-3.604043,0.050000
5398,-8.103162,0.050000
5399,-2.120639,0.050000
5400,-3.030046,0.050000
5401,-9.061978,0.050000
5402,-8.003600,0.050000
5403,-4.752629,0.050000
5404,-9.929109,0.050000
5405,2.347890,0.050000
5406,0.579368,0.050000
5407,-14.980272,0.050000
5408,-2.370352,0.050000
5409,-18.013458,0.050000
5410,-1.870544,0.050000
5411,-10.431059,0.050000
5412,-1.831616,0.050000
5413,-3.759736,0.050000
5414,-4.718262,0.050000
5415,-2.722252,0.050000
5416,-10.852417,0.050000
5417,-9.016736,0.050000
5418,-10.423617,0.050000
5419,-7.425424,0.050000
5420,-3.970265,0.050000
5421,-0.927963,0.050000
5422,-4.681519,0.050000
5423,-7.864496,0.050000
5424,-15.423307,0.050000
5425,-1.823830,0.050000
5426,-6.120323,0.050000
5427,-4.217825,0.050000
5428,-12.643389,0.050000
5429,-6.740988,0.050000
5430,-9.546505,0.050000
5431,-7.989331,0.050000
5432,-6.536527,0.050000
5433,-11.710228,0.050000
5434,-11.584117,0.050000
5435,-12.096752,0.050000
5436,-1.154202,0.050000
5437,-12.727393,0.050000
5438,-3.814927,0.050000
5439,-14.901026,0.050000
5440,-12.098161,0.050000
5441,-2.545948,0.050000
5442,-12.119836,0.050000
5443,-14.252745,0.050000
5444,-7.276188,0.050000
5445,-14.248028,0.050000
5446,-11.787684,0.050000
5447,-7.884165,0.050000
5448,-12.032370,0.050000
5449,-2.759172,0.050000
5450,-4.634314,0.050000
5451,-8.286711,0.050000
5452,-12.327731,0.050000
5453,-9.416848,0.050000
5454,-3.137704,0.050000
5455,-3.073152,0.050000
5456,-0.977350,0.050000
5457,-5.317043,0.050000
5458,-6.742319,0.050000
5459,-9.966072,0.050000
5460,-5.354623,0.050000
5461,-5.248357,0.050000
5462,-6.323541,0.050000
5463,-5.289787,0.050000
5464,-5.704715,0.050000
5465,2.747428,0.050000
5466,-3.193529,0.050000
5467,-9.960746,0.050000
5468,-1.832069,0.050000
5469,-0.633405,0.050000
5470,-13.653673,0.050000
5471,-13.614286,0.050000
5472,-12.265374,0.050000
5473,-1.109106,0.050000
5474,-5.304432,0.050000
5475,4.982119,0.050000
5476,-6.926441,0.050000
5477,-14.924031,0.050000
5478,-12.734791,0.050000
5479,-9.212622,0.050000
5480,-16.054334,0.050000
5481,-0.024780,0.050000
5482,0.725754,0.050000
5483,-14.598081,0.050000
5484,-9.605525,0.050000
5485,-13.682765,0.050000
5486,-10.695586,0.050000
5487,-17.000883,0.050000
5488,-6.616798,0.050000
5489,-17.408826,0.050000
5490,-4.681668,0.050000
5491,-0.752552,0.050000
5492,-18.005292,0.050000
5493,-11.335241,0.050000
5494,-5.755138,0.050000
5495,-21.072301,0.050000
5496,-14.442142,0.050000
5497,-7.213940,0.050000
5498,-4.270852,0.050000
5499,-15.955172,0.050000
5500,-19.585639,0.050000
5501,-13.228574,0.050000
5502,-5.501442,0.050000
5503,-11.986157,0.050000
5504,-7.160089,0.050000
5505,-9.180779,0.050000
5506,2.590781,0.050000
5507,-10.567891,0.050000
5508,-13.088975,0.050000
5509,-18.742621,0.050000
5510,-15.361460,0.050000
5511,-8.892352,0.050000
5512,-10.061757,0.050000
5513,-2.051952,0.050000
5514,-6.041008,0.050000
5515,-18.258449,0.050000
5516,-12.006682,0.050000
5517,-4.047529,0.050000
5518,-3.992155,0.050000
5519,-11.787192,0.050000
5520,-19.158530,0.050000
5521,-14.541706,0.050000
5522,-17.087050,0.050000
5523,-10.735441,0.050000
5524,-6.515755,0.050000
5525,-15.035409,0.050000
5526,-5.347224,0.050000
5527,-19.191867,0.050000
5528,-9.259964,0.050000
5529,-19.087250,0.050000
5530,-11.066498,0.050000
5531,-14.617506,0.050000
5532,-15.934785,0.050000
5533,-12.567627,0.050000
5534,-17.095527,0.050000
5535,-17.932487,0.050000
5536,-12.326407,0.050000
5537,-18.524127,0.050000
5538,-13.476797,0.050000
5539,-12.617835,0.050000
5540,-16.885078,0.050000
5541,-17.616980,0.050000
5542,-10.317832,0.050000
5543,-14.317170,0.050000
5544,-9.510166,0.050000
5545,-11.330878,0.050000
5546,-10.648265,0.050000
5547,-12.154653,0.050000
5548,-6.334408,0.050000
5549,-16.444315,0.050000
5550,-12.330306,0.050000
5551,-13.137000,0.050000
5552,-6.956821,0.050000
5553,-8.273215,0.050000
5554,-3.189063,0.050000
5555,-10.708462,0.050000
5556,-11.622250,0.050000
5557,0.249154,0.050000
5558,-15.538895,0.050000
5559,-2.469500,0.050000
5560,-11.211261,0.050000
5561,-9.626005,0.050000
5562,-3.168544,0.050000
5563,-7.460870,0.050000
5564,-12.730346,0.050000
5565,-11.203766,0.050000
5566,-3.073251,0.050000
5567,-11.001412,0.050000
5568,-24.177560,0.050000
5569,-10.867137,0.050000
5570,-10.439465,0.050000
5571,-11.906394,0.050000
5572,-12.533994,0.050000
5573,-13.121952,0.050000
5574,-11.543582,0.050000
5575,-11.012157,0.050000
5576,-19.465239,0.050000
5577,-16.008251,0.050000
5578,-10.809681,0.050000
5579,-11.643206,0.050000
5580,-14.144182,0.050000
5581,-2.909907,0.050000
5582,-12.611318,0.050000
5583,-13.501472,0.050000
5584,-8.346707,0.050000
5585,-13.029726,0.050000
5586,-11.187688,0.050000
5587,-9.976808,0.050000
5588,-6.639385,0.050000
5589,-19.692704,0.050000
5590,-6.616021,0.050000
5591,-13.869503,0.050000
5592,-5.491244,0.050000
5593,-8.964739,0.050000
5594,-4.208040,0.050000
5595,-7.346562,0.050000
5596,-12.423866,0.050000
5597,-13.164164,0.050000
5598,4.610055,0.050000
5599,-13.711830,0.050000
5600,-10.353408,0.050000
5601,-18.524460,0.050000
5602,-16.801665,0.050000
5603,-8.578168,0.050000
5604,-8.281232,0.050000
5605,-11.483667,0.050000
5606,-9.601839,0.050000
5607,-15.540484,0.050000
5608,-13.365518,0.050000
5609,-7.985506,0.050000
5610,-3.872972,0.050000
5611,-8.689390,0.050000
5612,-0.603910,0.050000
5613,-13.558542,0.050000
5614,-17.226675,0.050000
5615,-9.236507,0.050000
5616,-10.044883,0.050000
5617,-9.936971,0.050000
5618,-13.439185,0.050000
5619,-14.546942,0.050000
5620,-5.192892,0.050000
5621,-10.874113,0.050000
5622,-12.988433,0.050000
5623,-10.290011,0.050000
5624,-10.895699,0.050000
5625,-8.686586,0.050000
5626,-8.018522,0.050000
5627,-12.747838,0.050000
5628,-7.337416,0.050000
5629,-13.004490,0.050000
5630,-11.374969,0.050000
5631,-15.083013,0.050000
5632,-6.319254,0.050000
5633,1.545703,0.050000
5634,-7.021094,0.050000
5635,-12.113840,0.050000
5636,-10.322775,0.050000
5637,-11.020090,0.050000
5638,-13.419975,0.050000
5639,-7.536038,0.050000
5640,-12.174182,0.050000
5641,-12.536330,0.050000
5642,-18.898587,0.050000
5643,-18.782292,0.050000
5644,-13.605683,0.050000
5645,-21.744464,0.050000
5646,-21.854959,0.050000
5647,-13.625146,0.050000
5648,-15.283263,0.050000
5649,-7.317944,0.050000
5650,-14.557766,0.050000
5651,-4.436600,0.050000
5652,-1.491218,0.050000
5653,-10.059293,0.050000
5654,-15.161449,0.050000
5655,-9.731958,0.050000
5656,-12.164897,0.050000
5657,-15.679630,0.050000
5658,-9.871284,0.050000
5659,-18.336655,0.050000
5660,-19.657828,0.050000
5661,-8.844597,0.050000
5662,-17.076421,0.050000
5663,-14.345745,0.050000
5664,-3.514799,0.050000
5665,-21.247917,0.050000
5666,-22.976291,0.050000
5667,-11.469605,0.050000
5668,-14.945419,0.050000
5669,-16.840767,0.050000
5670,-14.954992,0.050000
5671,-15.035365,0.050000
5672,-17.390153,0.050000
5673,-19.253890,0.050000
5674,-23.110766,0.050000
5675,-17.030808,0.050000
5676,-7.010076,0.050000
5677,-17.695197,0.050000
5678,-21.764612,0.050000
5679,-16.398020,0.050000
5680,-18.702269,0.050000
5681,-18.241941,0.050000
5682,-16.340971,0.050000
5683,-11.898542,0.050000
5684,-21.179652,0.050000
5685,-15.129061,0.050000
5686,-15.652664,0.050000
5687,-22.294855,0.050000
5688,-17.390835,0.050000
5689,-12.175209,0.050000
5690,-11.498495,0.050000
5691,-14.983959,0.050000
5692,-11.046806,0.050000
5693,-15.968021,0.050000
5694,-13.988690,0.050000
5695,-9.369126,0.050000
5696,-4.595348,0.050000
5697,-8.397492,0.050000
5698,-10.531367,0.050000
5699,-12.257207,0.050000
5700,-9.579425,0.050000
5701,-15.986524,0.050000
5702,-5.748295,0.050000
5703,-22.719147,0.050000
5704,-5.363437,0.050000
5705,-2.678442,0.050000
5706,-16.026477,0.050000
5707,-6.893880,0.050000
5708,-14.130062,0.050000
5709,-6.400981,0.050000
5710,-18.534632,0.050000
5711,-15.867932,0.050000
5712,-12.092062,0.050000
5713,-10.898661,0.050000
5714,-8.001943,0.050000
5715,-11.123792,0.050000
5716,-12.131417,0.050000
5717,-16.230173,0.050000
5718,-2.793417,0.050000
5719,-2.602143,0.050000
5720,-5.012628,0.050000
5721,-5.116866,0.050000
5722,-12.502968,0.050000
5723,-7.869788,0.050000
5724,-9.801854,0.050000
5725,-15.209114,0.050000
5726,-8.402263,0.050000
5727,-3.738641,0.050000
5728,-9.438027,0.050000
5729,-12.903207,0.050000
5730,-12.758536,0.050000
5731,-16.828310,0.050000
5732,-4.151667,0.050000
5733,-9.963068,0.050000
5734,-13.090334,0.050000
5735,-9.342803,0.050000
5736,-7.708068,0.050000
5737,-4.826153,0.050000
5738,-13.159226,0.050000
5739,-4.608061,0.050000
5740,-3.390280,0.050000
5741,-5.219153,0.050000
5742,-15.596092,0.050000
5743,-5.143024,0.050000
5744,-9.689163,0.050000
5745,-11.797681,0.050000
5746,-5.953198,0.050000
5747,-12.654103,0.050000
5748,-22.146700,0.050000
5749,-14.390720,0.050000
5750,-19.334472,0.050000
5751,-10.451939,0.050000
5752,-16.107280,0.050000
5753,-13.511281,0.050000
5754,-8.961747,0.050000
5755,-17.177995,0.050000
5756,-18.689107,0.050000
5757,-12.186802,0.050000
5758,-11.078543,0.050000
5759,-22.139923,0.050000
5760,-12.408892,0.050000
5761,-7.456645,0.050000
5762,-11.219747,0.050000
5763,-9.281902,0.050000
5764,-10.968657,0.050000
5765,-14.473623,0.050000
5766,-12.498070,0.050000
5767,-12.606705,0.050000
5768,-10.950072,0.050000
5769,-15.513566,0.050000
5770,-17.389220,0.050000
5771,-12.300774,0.050000
5772,-7.769605,0.050000
5773,-13.592159,0.050000
5774,-14.455830,0.050000
5775,-11.902442,0.050000
5776,-14.149678,0.050000
5777,-17.561979,0.050000
5778,-7.601839,0.050000
5779,-11.089794,0.050000
5780,-15.801585,0.050000
5781,-18.885929,0.050000
5782,-10.731199,0.050000
5783,-7.517590,0.050000
5784,-14.721758,0.050000
5785,-12.635426,0.050000
5786,-23.153581,0.050000
5787,-12.758169,0.050000
5788,-18.561947,0.050000
5789,-17.046044,0.050000
5790,-4.954075,0.050000
5791,-9.772687,0.050000
5792,-13.920080,0.050000
5793,-17.244486,0.050000
5794,-17.130156,0.050000
5795,-16.559175,0.050000
5796,-8.790519,0.050000
5797,-17.496550,0.050000
5798,-16.919043,0.050000
5799,-18.740541,0.050000
5800,-12.793039,0.050000
5801,-19.218874,0.050000
5802,-12.260289,0.050000
5803,-14.364497,0.050000
5804,-17.433282,0.050000
5805,-18.781542,0.050000
5806,-8.316331,0.050000
5807,-11.525165,0.050000
5808,-20.956533,0.050000
5809,-7.669561,0.050000
5810,-8.059762,0.050000
5811,-6.576227,0.050000
5812,-13.528898,0.050000
5813,-14.243123,0.050000
5814,-16.633725,0.050000
5815,-8.968773,0.050000
5816,-13.264919,0.050000
5817,-16.571384,0.050000
5818,-6.350761,0.050000
5819,-12.957242,0.050000
5820,-6.523744,0.050000
5821,-23.099472,0.050000
5822,-24.961696,0.050000
5823,-21.961185,0.050000
5824,-7.073538,0.050000
5825,-9.773649,0.050000
5826,-8.237879,0.050000
5827,-13.081322,0.050000
5828,-24.414548,0.050000
5829,-18.679737,0.050000
5830,-25.517209,0.050000
5831,4.590767,0.050000
5832,-22.338688,0.050000
5833,-18.960289,0.050000
5834,-19.318508,0.050000
5835,-20.881306,0.050000
5836,-20.305867,0.050000
5837,-13.054534,0.050000
5838,-15.694959,0.050000
5839,-19.452114,0.050000
5840,-24.413683,0.050000
5841,-17.169995,0.050000
5842,-12.255215,0.050000
5843,-14.063906,0.050000
5844,-21.007805,0.050000
5845,-29.129432,0.050000
5846,-17.187341,0.050000
5847,-19.231082,0.050000
5848,-15.819170,0.050000
5849,-5.372699,0.050000
5850,-24.345497,0.050000
5851,-15.012330,0.050000
5852,-13.684987,0.050000
5853,-5.975846,0.050000
5854,-17.561836,0.050000
5855,-1.269873,0.050000
5856,-12.513184,0.050000
5857,-5.710784,0.050000
5858,-12.076118,0.050000
5859,-16.598317,0.050000
5860,-17.575057,0.050000
5861,-10.205652,0.050000
5862,-22.215516,0.050000
5863,-21.553308,0.050000
5864,-28.564985,0.050000
5865,-12.923149,0.050000
5866,-21.899460,0.050000
5867,-10.111634,0.050000
5868,-28.611315,0.050000
5869,-15.755226,0.050000
5870,-15.684967,0.050000
5871,-9.743993,0.050000
5872,-18.510604,0.050000
5873,-17.129116,0.050000
5874,-19.921809,0.050000
5875,-12.910352,0.050000
5876,-19.382074,0.050000
5877,-15.960901,0.050000
5878,-16.522861,0.050000
5879,-7.878647,0.050000
5880,-16.706926,0.050000
5881,-14.744548,0.050000
5882,-19.327798,0.050000
5883,-13.566533,0.050000
5884,-18.122648,0.050000
5885,-15.872248,0.050000
5886,-17.036218,0.050000
5887,-13.627846,0.050000
5888,-19.282447,0.050000
5889,-13.084670,0.050000
5890,-5.497686,0.050000
5891,-8.125181,0.050000
5892,-15.758154,0.050000
5893,-9.890888,0.050000
5894,-17.236750,0.050000
5895,-14.472605,0.050000
5896,-15.862827,0.050000
5897,-16.794902,0.050000
5898,-11.002966,0.050000
5899,-16.691542,0.050000
5900,-13.438783,0.050000
5901,-16.577412,0.050000
5902,-17.231674,0.050000
5903,-13.382937,0.050000
5904,-13.095127,0.050000
5905,-14.185133,0.050000
5906,-16.618527,0.050000
5907,-21.272424,0.050000
5908,-11.519964,0.050000
5909,-12.527695,0.050000
5910,-14.321398,0.050000
5911,-9.809743,0.050000
5912,-10.135843,0.050000
5913,-12.135813,0.050000
5914,-17.447602,0.050000
5915,-16.367805,0.050000
5916,-14.776200,0.050000
5917,-15.038596,0.050000
5918,-6.298136,0.050000
5919,-5.902818,0.050000
5920,-8.057591,0.050000
5921,-10.719917,0.050000
5922,-10.963465,0.050000
5923,-8.082469,0.050000
5924,-13.401583,0.050000
5925,-17.537764,0.050000
5926,-12.997810,0.050000
5927,-7.853613,0.050000
5928,-12.463899,0.050000
5929,-12.812269,0.050000
5930,-11.546173,0.050000
5931,-11.025048,0.050000
5932,-10.920982,0.050000
5933,-13.756779,0.050000
5934,-7.880760,0.050000
5935,-13.845033,0.050000
5936,-13.888890,0.050000
5937,-7.884152,0.050000
5938,-7.318210,0.050000
5939,-13.513369,0.050000
5940,-10.282426,0.050000
5941,-12.440977,0.050000
5942,-10.490778,0.050000
5943,-12.234729,0.050000
5944,-14.118704,0.050000
5945,-7.992064,0.050000
5946,-10.463309,0.050000
5947,-12.699558,0.050000
5948,-13.445735,0.050000
5949,-12.624230,0.050000
5950,-0.080588,0.050000
5951,-15.342756,0.050000
5952,-13.534844,0.050000
5953,-13.360015,0.050000
5954,-8.452793,0.050000
5955,-12.344709,0.050000
5956,-17.361111,0.050000
5957,-6.198646,0.050000
5958,-12.858203,0.050000
5959,-17.215683,0.050000
5960,-10.067135,0.050000
5961,-13.891591,0.050000
5962,-15.354518,0.050000
5963,-5.823385,0.050000
5964,-4.466476,0.050000
5965,-15.668812,0.050000
5966,-10.742705,0.050000
5967,-13.102375,0.050000
5968,-14.849544,0.050000
5969,-11.952834,0.050000
5970,-12.177165,0.050000
5971,-14.867326,0.050000
5972,-11.172730,0.050000
5973,-13.451473,0.050000
5974,-5.204038,0.050000
5975,-15.842321,0.050000
5976,-15.921145,0.050000
5977,-10.359481,0.050000
5978,-17.606094,0.050000
5979,-12.121827,0.050000
5980,-12.840843,0.050000
5981,-17.581631,0.050000
5982,-16.457144,0.050000
5983,-20.767982,0.050000
5984,-13.443712,0.050000
5985,-23.917103,0.050000
5986,-6.871700,0.050000
5987,2.467125,0.050000
5988,-5.572392,0.050000
5989,-3.828991,0.050000
5990,-13.153682,0.050000
5991,-20.779356,0.050000
5992,-10.926913,0.050000
5993,-11.135863,0.050000
5994,-6.133641,0.050000
5995,-22.245581,0.050000
5996,-14.365022,0.050000
5997,-13.855545,0.050000
5998,-7.557634,0.050000
5999,-18.529337,0.050000
6000,-17.572182,0.050000
6001,-13.296121,0.050000
6002,-7.682603,0.050000
6003,-10.429683,0.050000
6004,-13.505828,0.050000
6005,-10.922068,0.050000
6006,-1.489380,0.050000
6007,-11.518130,0.050000
6008,-7.637474,0.050000
6009,-5.726374,0.050000
6010,-8.311601,0.050000
6011,-1.345378,0.050000
6012,-17.396873,0.050000
6013,-12.098353,0.050000
6014,-9.393497,0.050000
6015,-0.120812,0.050000
6016,-17.451425,0.050000
6017,-15.416964,0.050000
6018,-21.252372,0.050000
6019,-6.264591,0.050000
6020,-17.649003,0.050000
6021,-18.810120,0.050000
6022,-12.070561,0.050000
6023,-19.666903,0.050000
6024,-14.366823,0.050000
6025,-17.524393,0.050000
6026,-1.489342,0.050000
6027,-8.896078,0.050000
6028,-9.128477,0.050000
6029,-17.503458,0.050000
6030,-15.159103,0.050000
6031,-8.444644,0.050000
6032,-17.983626,0.050000
6033,-7.890558,0.050000
6034,-12.867635,0.050000
6035,-10.734781,0.050000
6036,-7.698648,0.050000
6037,-13.388379,0.050000
6038,-18.774823,0.050000
6039,-16.029946,0.050000
6040,-12.369018,0.050000
6041,-14.267453,0.050000
6042,-14.114929,0.050000
6043,-13.709200,0.050000
6044,-19.928918,0.050000
6045,-9.397718,0.050000
6046,-17.931057,0.050000
6047,-10.261063,0.050000
6048,-4.614316,0.050000
6049,-21.987284,0.050000
6050,-22.148054,0.050000
6051,-15.683209,0.050000
6052,-22.657604,0.050000
6053,-22.081388,0.050000
6054,-24.172860,0.050000
6055,-17.994775,0.050000
6056,-22.380584,0.050000
6057,-22.479620,0.050000
6058,-16.631817,0.050000
6059,-19.039344,0.050000
6060,-12.773878,0.050000
6061,-12.135890,0.050000
6062,-19.183279,0.050000
6063,-16.544133,0.050000
6064,-28.984284,0.050000
6065,-18.523789,0.050000
6066,-20.134341,0.050000
6067,-14.711974,0.050000
6068,-22.158810,0.050000
6069,-15.896867,0.050000
6070,-7.455251,0.050000
6071,-15.409789,0.050000
6072,-20.555707,0.050000
6073,-15.397697,0.050000
6074,-21.094204,0.050000
6075,-23.327922,0.050000
6076,-17.197278,0.050000
6077,-24.874601,0.050000
6078,-23.168688,0.050000
6079,-21.068533,0.050000
6080,-14.072340,0.050000
6081,-24.618229,0.050000
6082,-20.546290,0.050000
6083,-21.438780,0.050000
6084,-14.444760,0.050000
6085,-19.257870,0.050000
6086,-14.228953,0.050000
6087,-18.678358,0.050000
6088,-20.471832,0.050000
6089,-22.922050,0.050000
6090,-10.447282,0.050000
6091,-12.271659,0.050000
6092,-10.436637,0.050000
6093,-8.158978,0.050000
6094,-17.361315,0.050000
6095,-25.526808,0.050000
6096,-27.504907,0.050000
6097,-10.424713,0.050000
6098,-17.120568,0.050000
6099,-13.944715,0.050000
6100,-23.424777,0.050000
6101,-16.322821,0.050000
6102,-26.239927,0.050000
6103,-27.869376,0.050000
6104,-26.321794,0.050000
6105,-4.977661,0.050000
6106,-16.193496,0.050000
6107,-25.542012,0.050000
6108,-23.886105,0.050000
6109,-23.210145,0.050000
6110,-24.179451,0.050000
6111,-28.757910,0.050000
6112,-21.027444,0.050000
6113,-22.436199,0.050000
6114,-26.803599,0.050000
6115,-18.464681,0.050000
6116,-24.316998,0.050000
6117,-27.026733,0.050000
6118,-24.629326,0.050000
6119,-25.277484,0.050000
6120,-18.233112,0.050000
6121,-31.589016,0.050000
6122,-24.144658,0.050000
6123,-21.125893,0.050000
6124,-28.723046,0.050000
6125,-32.505826,0.050000
6126,-16.156552,0.050000
6127,-33.595762,0.050000
6128,-24.151759,0.050000
6129,-20.664758,0.050000
6130,-31.966608,0.050000
6131,-15.682961,0.050000
6132,-18.923952,0.050000
6133,-27.338139,0.050000
6134,-24.554504,0.050000
6135,-16.807345,0.050000
6136,-15.599133,0.050000
6137,-32.957658,0.050000
6138,-19.874457,0.050000
6139,-25.440214,0.050000
6140,-25.638767,0.050000
6141,-13.665649,0.050000
6142,-19.422184,0.050000
6143,-19.876224,0.050000
6144,-30.858387,0.050000
6145,-24.777802,0.050000
6146,-24.974188,0.050000
6147,-21.485652,0.050000
6148,-29.988017,0.050000
6149,-24.612094,0.050000
6150,-25.774552,0.050000
6151,-31.650304,0.050000
6152,-24.653679,0.050000
6153,-26.265675,0.050000
6154,-28.010905,0.050000
6155,-20.056256,0.050000
6156,-26.385409,0.050000
6157,-28.517415,0.050000
6158,-20.134893,0.050000
6159,-17.576890,0.050000
6160,-22.753895,0.050000
6161,-7.685742,0.050000
6162,-22.193789,0.050000
6163,-18.167353,0.050000
6164,-20.581600,0.050000
6165,-23.945734,0.050000
6166,-14.527268,0.050000
6167,-24.403307,0.050000
6168,-9.455797,0.050000
6169,-14.618074,0.050000
6170,-10.637397,0.050000
6171,-20.104082,0.050000
6172,-21.290278,0.050000
6173,-17.434856,0.050000
6174,-16.130039,0.050000
6175,-26.642910,0.050000
6176,-22.899220,0.050000
6177,-21.022084,0.050000
6178,-24.237466,0.050000
6179,-2.748280,0.050000
6180,-22.894111,0.050000
6181,-24.006067,0.050000
6182,-11.288707,0.050000
6183,-29.244664,0.050000
6184,-20.069491,0.050000
6185,-19.257544,0.050000
6186,-20.952992,0.050000
6187,-22.956634,0.050000
6188,-26.152721,0.050000
6189,-25.568265,0.050000
6190,-20.488021,0.050000
6191,-23.472026,0.050000
6192,-15.954589,0.050000
6193,-25.720419,0.050000
6194,-23.860645,0.050000
6195,-26.960928,0.050000
6196,-19.068251,0.050000
6197,-16.969921,0.050000
6198,-25.732628,0.050000
6199,-27.780961,0.050000
6200,-23.868626,0.050000
6201,-17.485945,0.050000
6202,-25.308593,0.050000
6203,-18.515515,0.050000
6204,-12.748882,0.050000
6205,-17.684430,0.050000
6206,-23.179334,0.050000
6207,-21.091997,0.050000
6208,-25.215591,0.050000
6209,-17.937751,0.050000
6210,-20.227735,0.050000
6211,-26.435466,0.050000
6212,-24.123640,0.050000
6213,-6.229394,0.050000
6214,-15.091882,0.050000
6215,-23.183793,0.050000
6216,-12.258314,0.050000
6217,-13.249621,0.050000
6218,-11.789198,0.050000
6219,-14.053821,0.050000
6220,-5.057623,0.050000
6221,-8.925896,0.050000
6222,-4.184624,0.050000
6223,-12.565610,0.050000
6224,-12.046824,0.050000
6225,-19.194095,0.050000
6226,-13.460866,0.050000
6227,-10.206460,0.050000
6228,-17.073113,0.050000
6229,-2.259703,0.050000
6230,-12.131964,0.050000
6231,1.619388,0.050000
6232,-13.225316,0.050000
6233,-5.841211,0.050000
6234,-5.421541,0.050000
6235,-14.978514,0.050000
6236,6.619974,0.050000
6237,-5.219599,0.050000
6238,-11.903933,0.050000
6239,-13.073366,0.050000
6240,-9.455966,0.050000
6241,-6.311650,0.050000
6242,-16.086404,0.050000
6243,-24.263204,0.050000
6244,-17.042927,0.050000
6245,-18.278321,0.050000
6246,-17.024759,0.050000
6247,-21.594486,0.050000
6248,-24.975630,0.050000
6249,-26.975092,0.050000
6250,-20.172152,0.050000
6251,-15.279192,0.050000
6252,-19.839859,0.050000
6253,-13.805158,0.050000
6254,-25.025778,0.050000
6255,-14.977042,0.050000
6256,-24.880611,0.050000
6257,-15.817580,0.050000
6258,-20.492183,0.050000
6259,-23.960520,0.050000
6260,-8.879791,0.050000
6261,-22.406806,0.050000
6262,-8.928640,0.050000
6263,-23.458174,0.050000
6264,-22.906296,0.050000
6265,-15.985266,0.050000
6266,-23.209536,0.050000
6267,-18.984778,0.050000
6268,-27.053483,0.050000
6269,-15.392238,0.050000
6270,-23.889377,0.050000
6271,-25.424259,0.050000
6272,-28.413175,0.050000
6273,-22.404345,0.050000
6274,-21.207113,0.050000
6275,-13.503352,0.050000
6276,-8.043543,0.050000
6277,-22.406823,0.050000
6278,-23.424795,0.050000
6279,-20.161042,0.050000
6280,-16.368147,0.050000
6281,-25.182902,0.050000
6282,-19.042456,0.050000
6283,-18.491574,0.050000
6284,-16.658655,0.050000
6285,-23.915245,0.050000
6286,-11.580504,0.050000
6287,-26.309245,0.050000
6288,-0.032029,0.050000
6289,-17.827825,0.050000
6290,-24.788951,0.050000
6291,-33.583082,0.050000
6292,-18.655857,0.050000
6293,-20.055899,0.050000
6294,-16.397410,0.050000
6295,-21.573965,0.050000
6296,-16.448151,0.050000
6297,-23.179374,0.050000
6298,-20.945183,0.050000
6299,-12.988337,0.050000
6300,-32.009681,0.050000
6301,-19.692070,0.050000
6302,-23.760962,0.050000
6303,-21.522783,0.050000
6304,-17.521162,0.050000
6305,-17.377709,0.050000
6306,-20.996950,0.050000
6307,-18.038698,0.050000
6308,-5.381528,0.050000
6309,-11.981685,0.050000
6310,-25.300121,0.050000
6311,-22.886917,0.050000
6312,-27.295379,0.050000
6313,-12.166488,0.050000
6314,-19.531836,0.050000
6315,-20.642989,0.050000
6316,-19.644074,0.050000
6317,-17.227683,0.050000
6318,-27.876328,0.050000
6319,-25.241448,0.050000
6320,-31.630633,0.050000
6321,-5.836301,0.050000
6322,-18.935488,0.050000
6323,-20.252441,0.050000
6324,-25.220732,0.050000
6325,-15.994573,0.050000
6326,-13.182308,0.050000
6327,-19.218371,0.050000
6328,0.976601,0.050000
6329,-17.978436,0.050000
6330,-5.709981,0.050000
6331,-16.458067,0.050000
6332,-18.787087,0.050000
6333,-12.628627,0.050000
6334,-21.502745,0.050000
6335,-22.920343,0.050000
6336,-24.417861,0.050000
6337,-18.432390,0.050000
6338,-21.876408,0.050000
6339,-22.308671,0.050000
6340,-24.564194,0.050000
6341,-16.961045,0.050000
6342,-25.149006,0.050000
6343,-15.771240,0.050000
6344,-18.899238,0.050000
6345,-16.486715,0.050000
6346,-8.793922,0.050000
6347,-27.168397,0.050000
6348,-22.398085,0.050000
6349,-15.941319,0.050000
6350,-9.435469,0.050000
6351,-12.623750,0.050000
6352,-14.912926,0.050000
6353,-17.449145,0.050000
6354,-18.332531,0.050000
6355,1.127192,0.050000
6356,-11.787489,0.050000
6357,-8.952111,0.050000
6358,-17.522950,0.050000
6359,-9.208660,0.050000
6360,-2.375277,0.050000
6361,-19.146504,0.050000
6362,-27.378042,0.050000
6363,-8.805710,0.050000
6364,-18.128167,0.050000
6365,-21.320896,0.050000
6366,-8.668268,0.050000
6367,-18.469761,0.050000
6368,-15.353876,0.050000
6369,-23.847417,0.050000
6370,-6.368832,0.050000
6371,-13.227105,0.050000
6372,-13.719369,0.050000
6373,-10.626296,0.050000
6374,-6.454729,0.050000
6375,1.534510,0.050000
6376,-8.603874,0.050000
6377,-11.788246,0.050000
6378,-20.403432,0.050000
6379,-7.007322,0.050000
6380,-28.400157,0.050000
6381,-7.946461,0.050000
6382,-14.230989,0.050000
6383,-21.221789,0.050000
6384,-9.393174,0.050000
6385,-11.994400,0.050000
6386,-21.355794,0.050000
6387,-15.148876,0.050000
6388,-21.194921,0.050000
6389,-18.600524,0.050000
6390,-16.012680,0.050000
6391,-19.996227,0.050000
6392,-12.232964,0.050000
6393,-22.413869,0.050000
6394,-9.319791,0.050000
6395,-8.386683,0.050000
6396,-17.990190,0.050000
6397,-17.585687,0.050000
6398,-24.989006,0.050000
6399,-18.838509,0.050000
6400,-20.297829,0.050000
6401,-18.084308,0.050000
6402,-13.564320,0.050000
6403,-15.461491,0.050000
6404,-11.067273,0.050000
6405,-27.252950,0.050000
6406,-22.668346,0.050000
6407,-18.568591,0.050000
6408,-9.095099,0.050000
6409,-4.832406,0.050000
6410,-16.898481,0.050000
6411,-18.808657,0.050000
6412,-22.958960,0.050000
6413,-16.285888,0.050000
6414,-20.238667,0.050000
6415,-0.645295,0.050000
6416,-11.715321,0.050000
6417,-13.055850,0.050000
6418,-17.766989,0.050000
6419,-11.868813,0.050000
6420,-27.358634,0.050000
6421,-22.774677,0.050000
6422,-16.848082,0.050000
6423,0.825201,0.050000
6424,-25.981224,0.050000
6425,-15.969901,0.050000
6426,-17.204502,0.050000
6427,-22.627857,0.050000
6428,-17.638325,0.050000
6429,-10.155233,0.050000
6430,-15.131764,0.050000
6431,-14.235410,0.050000
6432,-18.319469,0.050000
6433,-22.586301,0.050000
6434,-12.727242,0.050000
6435,-17.620932,0.050000
6436,-12.652072,0.050000
6437,-11.434047,0.050000
6438,-11.621070,0.050000
6439,-12.436966,0.050000
6440,-9.363232,0.050000
6441,-9.395095,0.050000
6442,-24.711351,0.050000
6443,-27.829370,0.050000
6444,-1.260876,0.050000
6445,-14.808177,0.050000
6446,-9.797843,0.050000
6447,0.441106,0.050000
6448,-23.747749,0.050000
6449,-4.757360,0.050000
6450,-14.193653,0.050000
6451,-16.426598,0.050000
6452,-10.451101,0.050000
6453,-10.780050,0.050000
6454,-6.360689,0.050000
6455,-15.703653,0.050000
6456,-17.332769,0.050000
6457,-14.087250,0.050000
6458,-23.343922,0.050000
6459,-21.574583,0.050000
6460,-15.778879,0.050000
6461,-15.122574,0.050000
6462,-17.732754,0.050000
6463,-19.245272,0.050000
6464,-5.713438,0.050000
6465,-27.875096,0.050000
6466,-15.783417,0.050000
6467,-11.278684,0.050000
6468,-6.483770,0.050000
6469,-16.117085,0.050000
6470,-8.406987,0.050000
6471,-14.342622,0.050000
6472,-17.181080,0.050000
6473,-17.164803,0.050000
6474,-23.003991,0.050000
6475,-23.661207,0.050000
6476,-19.479084,0.050000
6477,-22.533271,0.050000
6478,-23.316061,0.050000
6479,-21.564104,0.050000
6480,-18.096195,0.050000
6481,-10.964748,0.050000
6482,-20.722146,0.050000
6483,-11.505319,0.050000
6484,-15.938912,0.050000
6485,-25.987102,0.050000
6486,-19.905512,0.050000
6487,-16.998712,0.050000
6488,-18.978799,0.050000
6489,-15.291910,0.050000
6490,-28.346598,0.050000
6491,-22.196539,0.050000
6492,-20.245713,0.050000
6493,-21.096885,0.050000
6494,-24.861038,0.050000
6495,-24.540554,0.050000
6496,-12.281549,0.050000
6497,-25.138016,0.050000
6498,-18.219638,0.050000
6499,-24.283569,0.050000
6500,-23.907325,0.050000
6501,-12.739270,0.050000
6502,-16.703715,0.050000
6503,-19.352214,0.050000
6504,-24.666669,0.050000
6505,-14.602270,0.050000
6506,-26.242852,0.050000
6507,-25.619650,0.050000
6508,-16.177469,0.050000
6509,-19.931462,0.050000
6510,-21.422481,0.050000
6511,-23.492630,0.050000
6512,-21.662162,0.050000
6513,-18.897115,0.050000
6514,-22.736360,0.050000
6515,-16.785313,0.050000
6516,-10.057057,0.050000
6517,-18.968553,0.050000
6518,-22.300095,0.050000
6519,-18.170275,0.050000
6520,-11.416887,0.050000
6521,-15.988125,0.050000
6522,-21.092318,0.050000
6523,-26.451654,0.050000
6524,-15.881582,0.050000
6525,-18.537898,0.050000
6526,-25.606539,0.050000
6527,-21.241231,0.050000
6528,-15.384008,0.050000
6529,-25.778849,0.050000
6530,-11.421725,0.050000
6531,-19.186367,0.050000
6532,-9.530845,0.050000
6533,-15.593769,0.050000
6534,-9.671380,0.050000
6535,-12.468468,0.050000
6536,-19.418594,0.050000
6537,-25.526634,0.050000
6538,-19.601474,0.050000
6539,-11.000278,0.050000
6540,-11.801628,0.050000
6541,-11.085794,0.050000
6542,-23.327117,0.050000
6543,-17.728001,0.050000
6544,-16.966086,0.050000
6545,-17.523989,0.050000
6546,-17.370761,0.050000
6547,-15.553643,0.050000
6548,-17.762221,0.050000
6549,-15.339534,0.050000
6550,-19.740537,0.050000
6551,-20.783178,0.050000
6552,-20.705424,0.050000
6553,-21.445599,0.050000
6554,-23.006658,0.050000
6555,-20.072313,0.050000
6556,-16.930096,0.050000
6557,-16.665146,0.050000
6558,-22.917913,0.050000
6559,-12.359697,0.050000
6560,-20.128058,0.050000
6561,-19.430536,0.050000
6562,-10.439432,0.050000
6563,-22.002173,0.050000
6564,-19.716113,0.050000
6565,-18.950086,0.050000
6566,-14.081809,0.050000
6567,-16.579615,0.050000
6568,-17.212985,0.050000
6569,-11.946052,0.050000
6570,-19.875594,0.050000
6571,-11.109469,0.050000
6572,-19.738567,0.050000
6573,-13.579602,0.050000
6574,-21.539832,0.050000
6575,-13.816307,0.050000
6576,-10.423732,0.050000
6577,-15.682749,0.050000
6578,-13.976665,0.050000
6579,-22.479389,0.050000
6580,-18.713237,0.050000
6581,-20.801682,0.050000
6582,-14.186232,0.050000
6583,-18.037844,0.050000
6584,-14.012579,0.050000
6585,-18.212994,0.050000
6586,-20.384501,0.050000
6587,-16.427422,0.050000
6588,-15.389055,0.050000
6589,-17.003220,0.050000
6590,-10.179007,0.050000
6591,-14.093120,0.050000
6592,-10.752633,0.050000
6593,-14.223708,0.050000
6594,-17.226684,0.050000
6595,-16.377538,0.050000
6596,-18.503039,0.050000
6597,-8.724723,0.050000
6598,-15.677030,0.050000
6599,-8.505760,0.050000
6600,-16.931001,0.050000
6601,-15.392265,0.050000
6602,-17.689973,0.050000
6603,-13.914792,0.050000
6604,-16.415416,0.050000
6605,-12.440726,0.050000
6606,-15.108626,0.050000
6607,-14.394457,0.050000
6608,-12.701690,0.050000
6609,-13.547330,0.050000
6610,-13.815777,0.050000
6611,-15.424536,0.050000
6612,-12.252820,0.050000
6613,-15.031253,0.050000
6614,-0.499053,0.050000
6615,-19.044027,0.050000
6616,-13.388704,0.050000
6617,-13.274189,0.050000
6618,-15.343678,0.050000
6619,-13.955316,0.050000
6620,-13.522239,0.050000
6621,-15.540597,0.050000
6622,-13.069425,0.050000
6623,-13.611186,0.050000
6624,-6.365627,0.050000
6625,-9.176926,0.050000
6626,-12.194162,0.050000
6627,-15.980191,0.050000
6628,-12.896336,0.050000
6629,-10.695928,0.050000
6630,-13.009014,0.050000
6631,-11.973841,0.050000
6632,-14.084200,0.050000
6633,-14.312438,0.050000
6634,-14.395042,0.050000
6635,-6.029445,0.050000
6636,-5.062696,0.050000
6637,-11.115685,0.050000
6638,-11.787316,0.050000
6639,-17.638846,0.050000
6640,-5.715018,0.050000
6641,-3.815494,0.050000
6642,-5.943603,0.050000
6643,-12.564019,0.050000
6644,-3.853614,0.050000
6645,-11.919436,0.050000
6646,-11.294056,0.050000
6647,-12.947642,0.050000
6648,-5.765693,0.050000
6649,-13.510609,0.050000
6650,-11.852261,0.050000
6651,-16.259982,0.050000
6652,-13.672537,0.050000
6653,-14.735736,0.050000
6654,-5.418214,0.050000
6655,-16.359893,0.050000
6656,-10.749557,0.050000
6657,-18.019292,0.050000
6658,-19.727880,0.050000
6659,-13.936762,0.050000
6660,-15.296511,0.050000
6661,-12.574042,0.050000
6662,-18.792288,0.050000
6663,-18.048232,0.050000
6664,-12.541322,0.050000
6665,-15.084088,0.050000
6666,-12.383318,0.050000
6667,-13.158014,0.050000
6668,-22.642644,0.050000
6669,-8.828799,0.050000
6670,-10.288618,0.050000
6671,-8.085234,0.050000
6672,-13.162774,0.050000
6673,-10.851641,0.050000
6674,-13.705514,0.050000
6675,-15.471331,0.050000
6676,-19.833499,0.050000
6677,-11.536095,0.050000
6678,-21.978084,0.050000
6679,-13.428243,0.050000
6680,-14.984082,0.050000
6681,-12.171702,0.050000
6682,-10.862117,0.050000
6683,-11.933805,0.050000
6684,-14.262522,0.050000
6685,-12.974508,0.050000
6686,-16.591139,0.050000
6687,-16.839403,0.050000
6688,-12.594375,0.050000
6689,-14.500630,0.050000
6690,0.630472,0.050000
6691,-18.326854,0.050000
6692,-15.476607,0.050000
6693,-8.883973,0.050000
6694,-11.109428,0.050000
6695,-15.748104,0.050000
6696,-16.746282,0.050000
6697,-5.920070,0.050000
6698,-18.883832,0.050000
6699,-16.631817,0.050000
6700,-17.341990,0.050000
6701,-14.918799,0.050000
6702,-19.051713,0.050000
6703,-13.581919,0.050000
6704,-11.476590,0.050000
6705,-13.464865,0.050000
6706,-13.600984,0.050000
6707,-12.331484,0.050000
6708,-9.514329,0.050000
6709,-6.335891,0.050000
6710,-14.302234,0.050000
6711,-18.246515,0.050000
6712,-10.113634,0.050000
6713,-14.836322,0.050000
6714,-4.750497,0.050000
6715,-3.097723,0.050000
6716,-9.448236,0.050000
6717,-11.645381,0.050000
6718,-12.955485,0.050000
6719,-9.686316,0.050000
6720,-0.242903,0.050000
6721,-12.521741,0.050000
6722,-8.517421,0.050000
6723,-6.854978,0.050000
6724,-9.750746,0.050000
6725,-11.781330,0.050000
6726,-13.855547,0.050000
6727,-9.289674,0.050000
6728,-7.696297,0.050000
6729,-8.850873,0.050000
6730,-10.899440,0.050000
6731,-13.180987,0.050000
6732,-11.800067,0.050000
6733,-2.175665,0.050000
6734,-4.936792,0.050000
6735,-11.508702,0.050000
6736,-11.500233,0.050000
6737,-9.388793,0.050000
6738,-8.351984,0.050000
6739,-6.437930,0.050000
6740,-12.090179,0.050000
6741,-11.868274,0.050000
6742,-8.969349,0.050000
6743,-11.643320,0.050000
6744,-13.274719,0.050000
6745,-19.674732,0.050000
6746,-10.579728,0.050000
6747,-8.936222,0.050000
6748,-15.718880,0.050000
6749,-4.952396,0.050000
6750,-16.319367,0.050000
6751,-8.071174,0.050000
6752,-16.291564,0.050000
6753,-10.384457,0.050000
6754,-9.882575,0.050000
6755,-14.291289,0.050000
6756,-13.595299,0.050000
6757,-17.536218,0.050000
6758,-11.078423,0.050000
6759,-13.012099,0.050000
6760,-9.546885,0.050000
6761,-20.639127,0.050000
6762,-12.679390,0.050000
6763,-13.153504,0.050000
6764,-15.103594,0.050000
6765,-8.017350,0.050000
6766,-15.110998,0.050000
6767,-11.571979,0.050000
6768,-14.282304,0.050000
6769,-11.768043,0.050000
6770,-7.621185,0.050000
6771,-4.750661,0.050000
6772,-8.830703,0.050000
6773,-9.169118,0.050000
6774,-7.742815,0.050000
6775,0.265657,0.050000
6776,-6.235215,0.050000
6777,0.306612,0.050000
6778,-13.828987,0.050000
6779,-2.488199,0.050000
6780,-8.019717,0.050000
6781,-7.591400,0.050000
6782,-9.718043,0.050000
6783,-15.565285,0.050000
6784,-8.054496,0.050000
6785,-15.548488,0.050000
6786,-16.828225,0.050000
6787,-12.211195,0.050000
6788,-6.810615,0.050000
6789,-15.955568,0.050000
6790,-10.489753,0.050000
6791,-12.285267,0.050000
6792,-19.374938,0.050000
6793,-9.693656,0.050000
6794,-12.526291,0.050000
6795,-15.752447,0.050000
6796,-17.535635,0.050000
6797,-13.779578,0.050000
6798,-18.450844,0.050000
6799,-3.997004,0.050000
6800,-8.140111,0.050000
6801,-12.390410,0.050000
6802,-15.590747,0.050000
6803,-13.566896,0.050000
6804,-10.500064,0.050000
6805,-13.597382,0.050000
6806,-19.050988,0.050000
6807,-10.375325,0.050000
6808,-22.295126,0.050000
6809,-12.510970,0.050000
6810,-17.690313,0.050000
6811,-14.203256,0.050000
6812,-17.558559,0.050000
6813,-15.905707,0.050000
6814,-11.537947,0.050000
6815,-14.288432,0.050000
6816,-14.735266,0.050000
6817,-6.513552,0.050000
6818,-13.962083,0.050000
6819,-12.252445,0.050000
6820,-12.527336,0.050000
6821,-20.852784,0.050000
6822,-13.348753,0.050000
6823,-14.643328,0.050000
6824,-5.926192,0.050000
6825,-2.788751,0.050000
6826,-13.076649,0.050000
6827,-12.636728,0.050000
6828,-15.247819,0.050000
6829,-3.917310,0.050000
6830,-15.320346,0.050000
6831,-10.610405,0.050000
6832,-14.556802,0.050000
6833,-14.633292,0.050000
6834,-10.854954,0.050000
6835,-23.231609,0.050000
6836,-16.200819,0.050000
6837,-9.723664,0.050000
6838,-13.888197,0.050000
6839,-15.794494,0.050000
6840,-11.680744,0.050000
6841,-12.995634,0.050000
6842,-8.912432,0.050000
6843,-18.971060,0.050000
6844,-18.572251,0.050000
6845,-14.808282,0.050000
6846,-6.885928,0.050000
6847,-7.568591,0.050000
6848,-16.537765,0.050000
6849,-7.537042,0.050000
6850,-12.447585,0.050000
6851,-16.072827,0.050000
6852,-6.232331,0.050000
6853,-4.139497,0.050000
6854,-9.914322,0.050000
6855,-11.658997,0.050000
6856,-14.351329,0.050000
6857,-13.120636,0.050000
6858,-10.966858,0.050000
6859,-8.996933,0.050000
6860,-5.879607,0.050000
6861,-4.158360,0.050000
6862,-7.484209,0.050000
6863,-11.055643,0.050000
6864,-13.988529,0.050000
6865,-9.125698,0.050000
6866,-4.024665,0.050000
6867,-6.762934,0.050000
6868,-13.517414,0.050000
6869,-10.287857,0.050000
6870,-10.607098,0.050000
6871,-17.239447,0.050000
6872,-4.875540,0.050000
6873,-10.425373,0.050000
6874,-16.006735,0.050000
6875,-9.969835,0.050000
6876,-10.681664,0.050000
6877,-4.635813,0.050000
6878,-8.320084,0.050000
6879,-7.070100,0.050000
6880,-13.908603,0.050000
6881,-13.351272,0.050000
6882,-12.699488,0.050000
6883,-1.267311,0.050000
6884,-3.851169,0.050000
6885,-13.353399,0.050000
6886,-2.313618,0.050000
6887,-5.413944,0.050000
6888,-13.882949,0.050000
6889,-6.962290,0.050000
6890,-15.585860,0.050000
6891,-16.226053,0.050000
6892,-8.197864,0.050000
6893,-7.914637,0.050000
6894,-6.428022,0.050000
6895,-1.312025,0.050000
6896,-15.287979,0.050000
6897,0.516805,0.050000
6898,-18.697226,0.050000
6899,-9.935322,0.050000
6900,-14.655865,0.050000
6901,-9.039620,0.050000
6902,-3.179228,0.050000
6903,-9.237065,0.050000
6904,-11.085235,0.050000
6905,-13.207447,0.050000
6906,-7.960991,0.050000
6907,-13.708345,0.050000
6908,-11.719553,0.050000
6909,-5.241922,0.050000
6910,-6.451455,0.050000
6911,-12.279034,0.050000
6912,-6.597260,0.050000
6913,-2.176057,0.050000
6914,-5.787410,0.050000
6915,-18.016484,0.050000
6916,-19.299038,0.050000
6917,-13.269199,0.050000
6918,-12.061737,0.050000
6919,-6.657766,0.050000
6920,-16.906205,0.050000
6921,-9.933980,0.050000
6922,-8.938849,0.050000
6923,-11.835962,0.050000
6924,-2.002767,0.050000
6925,-10.564419,0.050000
6926,-14.169017,0.050000
6927,-5.847301,0.050000
6928,-7.481352,0.050000
6929,-19.306983,0.050000
6930,-9.153344,0.050000
6931,-17.362221,0.050000
6932,-11.319493,0.050000
6933,-5.662736,0.050000
6934,-8.015583,0.050000
6935,-12.844778,0.050000
6936,-20.068906,0.050000
6937,-4.696185,0.050000
6938,-6.365603,0.050000
6939,-12.771561,0.050000
6940,-8.697550,0.050000
6941,-14.143410,0.050000
6942,-9.515144,0.050000
6943,-18.304055,0.050000
6944,-20.263878,0.050000
6945,-4.868177,0.050000
6946,1.684744,0.050000
6947,-7.499063,0.050000
6948,-15.591481,0.050000
6949,-10.902821,0.050000
6950,-5.187555,0.050000
6951,-22.601986,0.050000
6952,-16.357302,0.050000
6953,-7.140516,0.050000
6954,-15.231402,0.050000
6955,-12.565004,0.050000
6956,-0.026907,0.050000
6957,-16.358556,0.050000
6958,-22.980672,0.050000
6959,-13.274904,0.050000
6960,-20.236529,0.050000
6961,-14.857574,0.050000
6962,-17.874820,0.050000
6963,-5.790252,0.050000
6964,-4.923011,0.050000
6965,-7.318111,0.050000
6966,-19.299555,0.050000
6967,-7.920690,0.050000
6968,-12.903414,0.050000
6969,-2.101989,0.050000
6970,-20.223853,0.050000
6971,-19.894784,0.050000
6972,-12.781964,0.050000
6973,-4.411901,0.050000
6974,-17.841812,0.050000
6975,-22.245605,0.050000
6976,-11.158386,0.050000
6977,-10.806983,0.050000
6978,-13.188765,0.050000
6979,-12.540722,0.050000
6980,-10.417996,0.050000
6981,-18.337008,0.050000
6982,-14.005328,0.050000
6983,-19.655021,0.050000
6984,-7.784192,0.050000
6985,-0.335258,0.050000
6986,-21.920401,0.050000
6987,-12.976950,0.050000
6988,-9.526885,0.050000
6989,-20.925091,0.050000
6990,-11.106098,0.050000
6991,-16.557752,0.050000
6992,-7.261266,0.050000
6993,-7.707495,0.050000
6994,-13.972013,0.050000
6995,-2.160887,0.050000
6996,-21.065372,0.050000
6997,-19.284708,0.050000
6998,-12.474606,0.050000
6999,-15.998013,0.050000
7000,-6.416337,0.050000
7001,-14.574769,0.050000
7002,-10.201044,0.050000
7003,-8.943303,0.050000
7004,-2.106619,0.050000
7005,-16.289991,0.050000
7006,-17.531501,0.050000
7007,-15.389040,0.050000
7008,-14.397109,0.050000
7009,-11.414806,0.050000
7010,-16.308557,0.050000
7011,-16.249197,0.050000
7012,-6.220780,0.050000
7013,-11.950467,0.050000
7014,-16.593233,0.050000
7015,-16.263053,0.050000
7016,-11.197482,0.050000
7017,-11.074650,0.050000
7018,-11.443941,0.050000
7019,-15.888362,0.050000
7020,-14.623948,0.050000
7021,0.785617,0.050000
7022,-14.930519,0.050000
7023,-8.199259,0.050000
7024,-14.142654,0.050000
7025,-13.265121,0.050000
7026,-11.809473,0.050000
7027,-12.283980,0.050000
7028,-9.591431,0.050000
7029,-6.346292,0.050000
7030,-13.842385,0.050000
7031,-14.761788,0.050000
7032,-7.925263,0.050000
7033,-15.163274,0.050000
7034,-14.706447,0.050000
7035,-14.170045,0.050000
7036,-9.294311,0.050000
7037,-15.966601,0.050000
7038,-14.171718,0.050000
7039,-18.583765,0.050000
7040,-12.488069,0.050000
7041,-16.413639,0.050000
7042,-8.931010,0.050000
7043,-15.329039,0.050000
7044,-16.230395,0.050000
7045,-14.372190,0.050000
7046,-3.011992,0.050000
7047,-20.617843,0.050000
7048,-18.083518,0.050000
7049,-9.437511,0.050000
7050,-5.253948,0.050000
7051,-23.540261,0.050000
7052,-12.827429,0.050000
7053,-6.766523,0.050000
7054,-16.090619,0.050000
7055,-20.752819,0.050000
7056,-13.813801,0.050000
7057,-24.982880,0.050000
7058,-13.261429,0.050000
7059,-14.937688,0.050000
7060,-9.963027,0.050000
7061,-18.299252,0.050000
7062,-17.847774,0.050000
7063,-20.794526,0.050000
7064,-13.194061,0.050000
7065,-23.179933,0.050000
7066,-14.827803,0.050000
7067,-16.157563,0.050000
7068,-13.829192,0.050000
7069,-5.767282,0.050000
7070,-14.297397,0.050000
7071,-10.875110,0.050000
7072,-11.908106,0.050000
7073,-17.651043,0.050000
7074,-6.473233,0.050000
7075,-19.670811,0.050000
7076,-16.946196,0.050000
7077,-16.795084,0.050000
7078,-19.073686,0.050000
7079,-13.124706,0.050000
7080,-25.644056,0.050000
7081,-20.458518,0.050000
7082,-11.654928,0.050000
7083,-23.251043,0.050000
7084,-17.294045,0.050000
7085,-21.368210,0.050000
7086,-9.009432,0.050000
7087,-18.180643,0.050000
7088,-16.745058,0.050000
7089,-14.017452,0.050000
7090,-5.825758,0.050000
7091,-9.794341,0.050000
7092,-18.325333,0.050000
7093,-13.523472,0.050000
7094,-14.674405,0.050000
7095,-16.577994,0.050000
7096,-13.219692,0.050000
7097,-17.572312,0.050000
7098,-18.690192,0.050000
7099,-10.740911,0.050000
7100,0.502812,0.050000
7101,-5.992006,0.050000
7102,-8.328043,0.050000
7103,-10.707851,0.050000
7104,-7.099837,0.050000
7105,-7.912043,0.050000
7106,-2.752140,0.050000
7107,-16.541349,0.050000
7108,-18.952927,0.050000
7109,-17.591188,0.050000
7110,-13.188785,0.050000
7111,-10.236686,0.050000
7112,-8.369522,0.050000
7113,-12.448900,0.050000
7114,-1.014005,0.050000
7115,-17.014875,0.050000
7116,-14.885693,0.050000
7117,-20.603601,0.050000
7118,-14.094296,0.050000
7119,-4.377778,0.050000
7120,-16.051802,0.050000
7121,-18.294104,0.050000
7122,-10.295888,0.050000
7123,-19.757219,0.050000
7124,-15.969441,0.050000
7125,-17.522766,0.050000
7126,-15.961104,0.050000
7127,-21.857281,0.050000
7128,-20.349287,0.050000
7129,-19.026165,0.050000
7130,-15.324434,0.050000
7131,-16.368478,0.050000
7132,-21.437942,0.050000
7133,-19.596003,0.050000
7134,-9.821299,0.050000
7135,-22.143269,0.050000
7136,-16.535777,0.050000
7137,-12.309046,0.050000
7138,-12.830826,0.050000
7139,-18.962077,0.050000
7140,-11.733258,0.050000
7141,-19.303352,0.050000
7142,-6.269098,0.050000
7143,-13.386503,0.050000
7144,-20.371466,0.050000
7145,-10.327113,0.050000
7146,-17.726433,0.050000
7147,-6.992318,0.050000
7148,-17.536328,0.050000
7149,-15.675041,0.050000
7150,-29.787586,0.050000
7151,-20.598795,0.050000
7152,-10.351249,0.050000
7153,-15.798498,0.050000
7154,-19.385928,0.050000
7155,-18.111391,0.050000
7156,-20.162846,0.050000
7157,-18.964897,0.050000
7158,-18.675798,0.050000
7159,-13.507576,0.050000
7160,-17.485184,0.050000
7161,-14.744138,0.050000
7162,-18.627798,0.050000
7163,-15.045387,0.050000
7164,-13.859554,0.050000
7165,-12.503506,0.050000
7166,-15.699718,0.050000
7167,-16.432974,0.050000
7168,-14.784244,0.050000
7169,-18.298485,0.050000
7170,-14.062252,0.050000
7171,-9.398726,0.050000
7172,-9.835994,0.050000
7173,-10.991265,0.050000
7174,-7.554591,0.050000
7175,-17.415980,0.050000
7176,-14.648598,0.050000
7177,-20.387729,0.050000
7178,-12.859783,0.050000
7179,-16.675146,0.050000
7180,-26.645574,0.050000
7181,-13.739363,0.050000
7182,-11.909942,0.050000
7183,-11.384520,0.050000
7184,-9.343369,0.050000
7185,-10.730427,0.050000
7186,-10.004020,0.050000
7187,-13.314534,0.050000
7188,-19.298809,0.050000
7189,-11.051659,0.050000
7190,-19.371388,0.050000
7191,-18.630308,0.050000
7192,-11.035465,0.050000
7193,-14.502406,0.050000
7194,-14.856613,0.050000
7195,-10.816528,0.050000
7196,-10.772384,0.050000
7197,-14.491781,0.050000
7198,-19.287609,0.050000
7199,-16.335888,0.050000
7200,-12.447205,0.050000
7201,-16.720508,0.050000
7202,-19.491701,0.050000
7203,-17.741372,0.050000
7204,-10.294034,0.050000
7205,-18.497097,0.050000
7206,-13.907582,0.050000
7207,-19.098387,0.050000
7208,-14.555677,0.050000
7209,-21.330094,0.050000
7210,-11.711684,0.050000
7211,-13.642791,0.050000
7212,-6.448290,0.050000
7213,-6.780640,0.050000
7214,-7.670145,0.050000
7215,-15.932575,0.050000
7216,-13.688928,0.050000
7217,-15.035355,0.050000
7218,-9.928949,0.050000
7219,-17.394260,0.050000
7220,-1.074019,0.050000
7221,-11.196404,0.050000
7222,-8.163367,0.050000
7223,-12.797453,0.050000
7224,-9.525867,0.050000
7225,-12.890747,0.050000
7226,-17.422732,0.050000
7227,-7.072798,0.050000
7228,7.127775,0.050000
7229,-10.080378,0.050000
7230,-16.254221,0.050000
7231,-9.502685,0.050000
7232,-13.153500,0.050000
7233,-4.057543,0.050000
7234,-5.367283,0.050000
7235,-3.410773,0.050000
7236,-12.148573,0.050000
7237,-13.836628,0.050000
7238,-11.369328,0.050000
7239,-6.086454,0.050000
7240,-10.374217,0.050000
7241,-0.159759,0.050000
7242,-10.750276,0.050000
7243,-15.763488,0.050000
7244,-13.501806,0.050000
7245,4.365391,0.050000
7246,-2.801040,0.050000
7247,-9.157623,0.050000
7248,-13.902620,0.050000
7249,-11.087283,0.050000
7250,-1.683422,0.050000
7251,-13.391713,0.050000
7252,-15.386819,0.050000
7253,-9.652454,0.050000
7254,-5.681647,0.050000
7255,-10.823651,0.050000
7256,-12.400046,0.050000
7257,-8.416257,0.050000
7258,-10.843332,0.050000
7259,-13.698685,0.050000
7260,-14.567151,0.050000
7261,-12.343423,0.050000
7262,-1.851572,0.050000
7263,-12.166004,0.050000
7264,-8.317474,0.050000
7265,-3.396780,0.050000
7266,-6.306276,0.050000
7267,-1.066738,0.050000
7268,-9.997372,0.050000
7269,-2.636547,0.050000
7270,-11.190153,0.050000
7271,4.103523,0.050000
7272,-4.821747,0.050000
7273,-9.560585,0.050000
7274,-0.803488,0.050000
7275,1.041919,0.050000
7276,-13.486171,0.050000
7277,-4.848519,0.050000
7278,3.371877,0.050000
7279,1.225535,0.050000
7280,-8.753977,0.050000
7281,-11.316027,0.050000
7282,-1.131600,0.050000
7283,-7.851747,0.050000
7284,-5.397676,0.050000
7285,2.803637,0.050000
7286,1.473529,0.050000
7287,-6.993785,0.050000
7288,-3.711611,0.050000
7289,-15.857116,0.050000
7290,-11.869998,0.050000
7291,-12.860424,0.050000
7292,-9.628988,0.050000
7293,-5.353321,0.050000
7294,-13.858477,0.050000
7295,-7.834651,0.050000
7296,-10.770857,0.050000
7297,-11.064265,0.050000
7298,-5.319129,0.050000
7299,-8.648613,0.050000
7300,-6.620972,0.050000
7301,-11.937743,0.050000
7302,-5.711189,0.050000
7303,-8.421292,0.050000
7304,-4.469284,0.050000
7305,-3.993472,0.050000
7306,-3.774833,0.050000
7307,-9.520959,0.050000
7308,1.680836,0.050000
7309,-2.583859,0.050000
7310,-11.293403,0.050000
7311,0.278835,0.050000
7312,-3.513854,0.050000
7313,-11.475547,0.050000
7314,-20.173192,0.050000
7315,9.576816,0.050000
7316,-1.377650,0.050000
7317,-1.361557,0.050000
7318,-19.502412,0.050000
7319,-13.078354,0.050000
7320,-3.755638,0.050000
7321,-2.506638,0.050000
7322,-15.400517,0.050000
7323,-16.485243,0.050000
7324,-11.070856,0.050000
7325,-14.928276,0.050000
7326,-4.298326,0.050000
7327,-5.669641,0.050000
7328,-10.738094,0.050000
7329,-7.616360,0.050000
7330,-8.090321,0.050000
7331,-11.948032,0.050000
7332,-9.903422,0.050000
7333,-8.147424,0.050000
7334,-9.451369,0.050000
7335,-19.780486,0.050000
7336,-4.668712,0.050000
7337,-16.645855,0.050000
7338,-6.667423,0.050000
7339,-13.045107,0.050000
7340,-10.097000,0.050000
7341,-23.101388,0.050000
7342,-15.334785,0.050000
7343,-14.146647,0.050000
7344,-13.636681,0.050000
7345,-20.026616,0.050000
7346,-20.418605,0.050000
7347,-17.262435,0.050000
7348,-18.144375,0.050000
7349,-8.830679,0.050000
7350,-1.397023,0.050000
7351,-20.899378,0.050000
7352,-20.648712,0.050000
7353,-4.960934,0.050000
7354,-8.601686,0.050000
7355,-13.186850,0.050000
7356,-8.282781,0.050000
7357,-8.623356,0.050000
7358,-13.866164,0.050000
7359,-7.272814,0.050000
7360,-23.822613,0.050000
7361,-14.447669,0.050000
7362,-20.036105,0.050000
7363,-9.157329,0.050000
7364,-25.745690,0.050000
7365,-6.060697,0.050000
7366,-11.451118,0.050000
7367,-0.319238,0.050000
7368,-10.446346,0.050000
7369,-18.989646,0.050000
7370,-13.288469,0.050000
7371,-14.685755,0.050000
7372,-14.665246,0.050000
7373,-4.769210,0.050000
7374,-9.736579,0.050000
7375,-11.274939,0.050000
7376,-7.054338,0.050000
7377,-11.161978,0.050000
7378,-0.474351,0.050000
7379,-3.175795,0.050000
7380,-4.859427,0.050000
7381,-11.773017,0.050000
7382,-0.946166,0.050000
7383,0.747477,0.050000
7384,-3.686398,0.050000
7385,-0.407383,0.050000
7386,-14.979541,0.050000
7387,-7.119475,0.050000
7388,-16.435725,0.050000
7389,-11.157751,0.050000
7390,-12.855420,0.050000
7391,-8.443248,0.050000
7392,-6.114710,0.050000
7393,-4.917611,0.050000
7394,-12.168108,0.050000
7395,-8.004312,0.050000
7396,-0.895370,0.050000
7397,-6.237342,0.050000
7398,-9.311230,0.050000
7399,-7.218261,0.050000
7400,-10.438031,0.050000
7401,-0.872930,0.050000
7402,-9.367511,0.050000
7403,-2.199116,0.050000
7404,-11.703497,0.050000
7405,-2.703525,0.050000
7406,0.874740,0.050000
7407,-14.041565,0.050000
7408,-9.353292,0.050000
7409,-9.778234,0.050000
7410,-14.182704,0.050000
7411,-8.286170,0.050000
7412,-5.837709,0.050000
7413,-14.362292,0.050000
7414,-2.266906,0.050000
7415,-3.886662,0.050000
7416,-4.665601,0.050000
7417,-14.552630,0.050000
7418,2.959174,0.050000
7419,-11.408464,0.050000
7420,0.434779,0.050000
7421,-11.404646,0.050000
7422,-6.868463,0.050000
7423,-13.122736,0.050000
7424,-16.456596,0.050000
7425,-5.828596,0.050000
7426,-12.799284,0.050000
7427,-5.567003,0.050000
7428,-10.694744,0.050000
7429,-11.002079,0.050000
7430,-5.748897,0.050000
7431,-13.513728,0.050000
7432,-13.682223,0.050000
7433,-11.573536,0.050000
7434,-9.276637,0.050000
7435,-17.519929,0.050000
7436,-2.096408,0.050000
7437,-12.187130,0.050000
7438,-11.675618,0.050000
7439,-11.850026,0.050000
7440,-9.906721,0.050000
7441,-19.656704,0.050000
7442,-9.078374,0.050000
7443,-5.953271,0.050000
7444,-6.692557,0.050000
7445,-4.370892,0.050000
7446,-5.899903,0.050000
7447,-9.307601,0.050000
7448,-10.779813,0.050000
7449,-11.307968,0.050000
7450,-4.896783,0.050000
7451,-21.289184,0.050000
7452,-13.972424,0.050000
7453,-14.497751,0.050000
7454,-21.881218,0.050000
7455,-14.426862,0.050000
7456,-14.786747,0.050000
7457,-12.334277,0.050000
7458,-23.196813,0.050000
7459,-9.982326,0.050000
7460,-20.255427,0.050000
7461,-18.738907,0.050000
7462,-5.059989,0.050000
7463,-8.222703,0.050000
7464,-16.166558,0.050000
7465,-9.713033,0.050000
7466,-15.268109,0.050000
7467,-10.415086,0.050000
7468,-18.534599,0.050000
7469,-21.046730,0.050000
7470,-20.647645,0.050000
7471,-21.704190,0.050000
7472,-20.856489,0.050000
7473,-16.855383,0.050000
7474,-20.178432,0.050000
7475,-24.608325,0.050000
7476,-20.023022,0.050000
7477,-9.088055,0.050000
7478,-21.222906,0.050000
7479,-26.384581,0.050000
7480,-8.590507,0.050000
7481,-16.272931,0.050000
7482,-16.844453,0.050000
7483,-16.563540,0.050000
7484,-25.209473,0.050000
7485,-22.886322,0.050000
7486,-17.709893,0.050000
7487,-19.593329,0.050000
7488,-2.538665,0.050000
7489,-15.463165,0.050000
7490,-18.048922,0.050000
7491,-18.689705,0.050000
7492,-17.205143,0.050000
7493,-24.543681,0.050000
7494,-26.761716,0.050000
7495,-20.133535,0.050000
7496,-13.015242,0.050000
7497,-15.456954,0.050000
7498,-11.815353,0.050000
7499,-18.033378,0.050000
7500,-20.502856,0.050000
7501,-12.833813,0.050000
7502,-15.151011,0.050000
7503,-13.026176,0.050000
7504,-9.287604,0.050000
7505,-17.922422,0.050000
7506,-4.494547,0.050000
7507,-23.099189,0.050000
7508,-12.619612,0.050000
7509,-20.131938,0.050000
7510,-17.254888,0.050000
7511,-18.574493,0.050000
7512,-27.219179,0.050000
7513,-22.617763,0.050000
7514,-9.719920,0.050000
7515,-22.409300,0.050000
7516,-17.763149,0.050000
7517,-13.534262,0.050000
7518,-15.334247,0.050000
7519,-11.169615,0.050000
7520,-9.962495,0.050000
7521,-15.905450,0.050000
7522,-21.094159,0.050000
7523,-12.991331,0.050000
7524,-20.795634,0.050000
7525,-8.550452,0.050000
7526,-21.536084,0.050000
7527,-11.173508,0.050000
7528,-2.036638,0.050000
7529,-18.150416,0.050000
7530,-17.014677,0.050000
7531,-15.289830,0.050000
7532,-25.315998,0.050000
7533,-22.982584,0.050000
7534,-15.969013,0.050000
7535,-17.645566,0.050000
7536,-7.688784,0.050000
7537,-21.649545,0.050000
7538,-28.869282,0.050000
7539,-21.398520,0.050000
7540,-12.593054,0.050000
7541,-15.413992,0.050000
7542,-20.019249,0.050000
7543,-7.514315,0.050000
7544,-10.218153,0.050000
7545,-16.422620,0.050000
7546,-20.764622,0.050000
7547,-20.905027,0.050000
7548,-16.708380,0.050000
7549,-14.985608,0.050000
7550,-22.456725,0.050000
7551,-9.202893,0.050000
7552,-22.094252,0.050000
7553,-8.785397,0.050000
7554,-12.999049,0.050000
7555,-15.685875,0.050000
7556,-7.980922,0.050000
7557,-11.033298,0.050000
7558,-12.301068,0.050000
7559,-19.122703,0.050000
7560,-6.501401,0.050000
7561,-23.403555,0.050000
7562,-4.215549,0.050000
7563,-12.027849,0.050000
7564,-10.442557,0.050000
7565,-17.256488,0.050000
7566,-24.100673,0.050000
7567,-17.476926,0.050000
7568,-16.731443,0.050000
7569,-3.881412,0.050000
7570,-17.165405,0.050000
7571,-12.465455,0.050000
7572,-1.047423,0.050000
7573,-9.526820,0.050000
7574,-10.626832,0.050000
7575,4.283491,0.050000
7576,-17.394012,0.050000
7577,-10.656281,0.050000
7578,-0.502964,0.050000
7579,-6.581629,0.050000
7580,-3.768357,0.050000
7581,-5.055556,0.050000
7582,-3.017088,0.050000
7583,-5.581254,0.050000
7584,-5.950897,0.050000
7585,-10.406207,0.050000
7586,-4.661475,0.050000
7587,-3.492564,0.050000
7588,-4.658702,0.050000
7589,-8.028596,0.050000
7590,-14.516964,0.050000
7591,-14.900597,0.050000
7592,-3.414049,0.050000
7593,-10.111391,0.050000
7594,-12.658354,0.050000
7595,-10.082249,0.050000
7596,-10.439590,0.050000
7597,-19.628210,0.050000
7598,-21.188599,0.050000
7599,-17.159418,0.050000
7600,-15.498390,0.050000
7601,-7.113062,0.050000
7602,-12.391521,0.050000
7603,-21.738658,0.050000
7604,-8.692974,0.050000
7605,-5.335637,0.050000
7606,-7.250433,0.050000
7607,-23.332802,0.050000
7608,-12.647282,0.050000
7609,-6.385278,0.050000
7610,-5.275833,0.050000
7611,1.381806,0.050000
7612,-9.189378,0.050000
7613,-11.642664,0.050000
7614,-21.372343,0.050000
7615,-6.399351,0.050000
7616,-13.128918,0.050000
7617,-11.765512,0.050000
7618,-11.686611,0.050000
7619,-18.191151,0.050000
7620,-21.709663,0.050000
7621,-18.842374,0.050000
7622,-8.165707,0.050000
7623,-12.427204,0.050000
7624,-3.107418,0.050000
7625,-11.069457,0.050000
7626,-8.909330,0.050000
7627,-2.047861,0.050000
7628,-17.387179,0.050000
7629,-7.624590,0.050000
7630,-3.555119,0.050000
7631,-4.214333,0.050000
7632,-10.335017,0.050000
7633,-21.106486,0.050000
7634,-10.753822,0.050000
7635,2.260356,0.050000
7636,-10.662326,0.050000
7637,-7.437137,0.050000
7638,-4.744297,0.050000
7639,-5.954181,0.050000
7640,-20.825503,0.050000
7641,-10.792985,0.050000
7642,-1.465286,0.050000
7643,-8.676789,0.050000
7644,-2.160159,0.050000
7645,-3.418059,0.050000
7646,-3.748045,0.050000
7647,-5.149996,0.050000
7648,-22.159078,0.050000
7649,-13.849154,0.050000
7650,-10.274865,0.050000
7651,-5.014012,0.050000
7652,-5.317157,0.050000
7653,-5.974518,0.050000
7654,-11.270625,0.050000
7655,-16.197562,0.050000
7656,-17.945258,0.050000
7657,-14.188799,0.050000
7658,-10.520971,0.050000
7659,-5.648497,0.050000
7660,-8.423746,0.050000
7661,-15.446280,0.050000
7662,-13.317533,0.050000
7663,-11.800335,0.050000
7664,-6.260321,0.050000
7665,-0.014417,0.050000
7666,-13.951780,0.050000
7667,-14.268547,0.050000
7668,-16.378185,0.050000
7669,-3.941241,0.050000
7670,-32.429417,0.050000
7671,-15.177425,0.050000
7672,-5.376824,0.050000
7673,-6.836851,0.050000
7674,-24.660582,0.050000
7675,-22.088179,0.050000
7676,-14.189566,0.050000
7677,-9.172491,0.050000
7678,-8.171606,0.050000
7679,-5.711125,0.050000
7680,-19.015728,0.050000
7681,-17.766697,0.050000
7682,-22.017465,0.050000
7683,-27.787844,0.050000
7684,-17.566817,0.050000
7685,-11.539292,0.050000
7686,-20.021561,0.050000
7687,-12.319777,0.050000
7688,-14.510353,0.050000
7689,-3.365146,0.050000
7690,-25.004834,0.050000
7691,-11.200150,0.050000
7692,-17.773555,0.050000
7693,-15.229182,0.050000
7694,-18.967428,0.050000
7695,-16.210473,0.050000
7696,-17.398994,0.050000
7697,-26.002722,0.050000
7698,-7.494538,0.050000
7699,-23.245023,0.050000
7700,-6.162638,0.050000
7701,-10.793413,0.050000
7702,-18.372112,0.050000
7703,-9.221580,0.050000
7704,-16.920551,0.050000
7705,-10.671722,0.050000
7706,-11.806940,0.050000
7707,-12.328080,0.050000
7708,-14.960816,0.050000
7709,-17.641235,0.050000
7710,-19.399443,0.050000
7711,-8.209829,0.050000
7712,-17.342126,0.050000
7713,-10.136115,0.050000
7714,-22.664734,0.050000
7715,-9.995410,0.050000
7716,-20.536005,0.050000
7717,-12.740085,0.050000
7718,-15.356339,0.050000
7719,-19.829977,0.050000
7720,-14.252609,0.050000
7721,-9.757670,0.050000
7722,-17.708500,0.050000
7723,-15.937809,0.050000
7724,-14.850512,0.050000
7725,-21.426481,0.050000
7726,-17.466076,0.050000
7727,-10.989611,0.050000
7728,-15.761277,0.050000
7729,-14.485355,0.050000
7730,-14.849829,0.050000
7731,-3.681865,0.050000
7732,-19.803142,0.050000
7733,-14.533272,0.050000
7734,-9.023827,0.050000
7735,-22.753260,0.050000
7736,-13.797354,0.050000
7737,-18.023273,0.050000
7738,-19.624865,0.050000
7739,-23.584639,0.050000
7740,-21.907312,0.050000
7741,-15.800500,0.050000
7742,-28.609701,0.050000
7743,-20.616734,0.050000
7744,-22.600139,0.050000
7745,-24.236604,0.050000
7746,-21.052777,0.050000
7747,-11.027134,0.050000
7748,-12.745917,0.050000
7749,-15.321230,0.050000
7750,-21.361560,0.050000
7751,-23.504782,0.050000
7752,-16.845985,0.050000
7753,-16.047046,0.050000
7754,-16.770133,0.050000
7755,-19.973878,0.050000
7756,-14.290927,0.050000
7757,-25.994215,0.050000
7758,-18.160180,0.050000
7759,-22.374946,0.050000
7760,-8.481973,0.050000
7761,-21.520613,0.050000
7762,-13.280801,0.050000
7763,-11.291010,0.050000
7764,-17.808380,0.050000
7765,-11.339339,0.050000
7766,-9.043588,0.050000
7767,-19.781788,0.050000
7768,-16.692901,0.050000
7769,-8.964036,0.050000
7770,-15.108555,0.050000
7771,-30.664389,0.050000
7772,-17.467076,0.050000
7773,-19.767249,0.050000
7774,-15.744144,0.050000
7775,-16.453540,0.050000
7776,-7.527680,0.050000
7777,-19.588492,0.050000
7778,-16.744105,0.050000
7779,-15.536581,0.050000
7780,-20.084833,0.050000
7781,-17.297261,0.050000
7782,-6.109497,0.050000
7783,-23.200990,0.050000
7784,-19.683241,0.050000
7785,-13.923020,0.050000
7786,-11.460291,0.050000
7787,-3.718936,0.050000
7788,-16.886097,0.050000
7789,-10.625333,0.050000
7790,-17.846378,0.050000
7791,-6.401632,0.050000
7792,-25.250594,0.050000
7793,-16.227118,0.050000
7794,-15.569693,0.050000
7795,-17.321832,0.050000
7796,-31.802377,0.050000
7797,-19.178407,0.050000
7798,-21.729810,0.050000
7799,-19.526151,0.050000
7800,-20.384593,0.050000
7801,-8.208088,0.050000
7802,-22.902730,0.050000
7803,-10.760168,0.050000
7804,-24.969025,0.050000
7805,-24.785702,0.050000
7806,-20.896778,0.050000
7807,-9.274964,0.050000
7808,-22.317111,0.050000
7809,-18.946693,0.050000
7810,-16.685676,0.050000
7811,-22.487082,0.050000
7812,-8.690976,0.050000
7813,-14.829141,0.050000
7814,-10.346641,0.050000
7815,-5.057471,0.050000
7816,-10.945678,0.050000
7817,-18.269519,0.050000
7818,-13.466648,0.050000
7819,-18.753153,0.050000
7820,-17.719915,0.050000
7821,-10.632365,0.050000
7822,-14.746864,0.050000
7823,-23.041357,0.050000
7824,-2.553558,0.050000
7825,-7.394552,0.050000
7826,-14.592182,0.050000
7827,-26.204812,0.050000
7828,-16.126216,0.050000
7829,-18.034497,0.050000
7830,-17.465891,0.050000
7831,-16.291051,0.050000
7832,-11.376879,0.050000
7833,-13.412580,0.050000
7834,-6.409470,0.050000
7835,-23.791306,0.050000
7836,-14.175316,0.050000
7837,-8.434031,0.050000
7838,-19.071695,0.050000
7839,-5.364303,0.050000
7840,-17.306270,0.050000
7841,-11.683534,0.050000
7842,-21.047699,0.050000
7843,-3.598341,0.050000
7844,-15.643963,0.050000
7845,-14.138494,0.050000
7846,-12.920650,0.050000
7847,-13.936502,0.050000
7848,-15.069554,0.050000
7849,-26.943286,0.050000
7850,-17.029847,0.050000
7851,-17.690805,0.050000
7852,-12.357099,0.050000
7853,-17.400258,0.050000
7854,-23.461772,0.050000
7855,-17.636702,0.050000
7856,-23.422659,0.050000
7857,-16.852428,0.050000
7858,-15.538875,0.050000
7859,-13.506216,0.050000
7860,-17.053696,0.050000
7861,-7.562862,0.050000
7862,-16.578128,0.050000
7863,-10.068260,0.050000
7864,-24.701333,0.050000
7865,-15.146304,0.050000
7866,-14.281492,0.050000
7867,-15.597829,0.050000
7868,-18.470313,0.050000
7869,-10.920036,0.050000
7870,-8.995942,0.050000
7871,-9.240332,0.050000
7872,-20.922624,0.050000
7873,-16.961862,0.050000
7874,-13.474982,0.050000
7875,-19.402871,0.050000
7876,-10.169434,0.050000
7877,-16.895562,0.050000
7878,-11.472275,0.050000
7879,-9.717693,0.050000
7880,-17.839897,0.050000
7881,-27.450007,0.050000
7882,-14.219632,0.050000
7883,-15.657914,0.050000
7884,-15.726934,0.050000
7885,-23.478583,0.050000
7886,-13.570792,0.050000
7887,-16.494419,0.050000
7888,-14.054163,0.050000
7889,-22.275394,0.050000
7890,-13.185992,0.050000
7891,-13.669121,0.050000
7892,-14.890776,0.050000
7893,-0.428569,0.050000
7894,-10.810156,0.050000
7895,-15.849995,0.050000
7896,-14.711361,0.050000
7897,-20.830459,0.050000
7898,-12.859456,0.050000
7899,-20.165365,0.050000
7900,-19.760644,0.050000
7901,-17.158733,0.050000
7902,-19.178143,0.050000
7903,-15.730465,0.050000
7904,-17.923791,0.050000
7905,-12.760022,0.050000
7906,-17.015723,0.050000
7907,-10.817429,0.050000
7908,-7.578444,0.050000
7909,-7.529854,0.050000
7910,-18.396980,0.050000
7911,-17.842213,0.050000
7912,-12.823769,0.050000
7913,-12.314367,0.050000
7914,-14.121664,0.050000
7915,-6.295657,0.050000
7916,-4.518881,0.050000
7917,-10.334525,0.050000
7918,-18.290337,0.050000
7919,-17.049321,0.050000
7920,-6.762674,0.050000
7921,-23.203389,0.050000
7922,-15.859076,0.050000
7923,-25.885025,0.050000
7924,-14.292043,0.050000
7925,-16.414128,0.050000
7926,-16.382765,0.050000
7927,-16.955209,0.050000
7928,-5.927106,0.050000
7929,-12.770707,0.050000
7930,-9.601802,0.050000
7931,-12.230848,0.050000
7932,-3.881154,0.050000
7933,-6.012911,0.050000
7934,-9.187237,0.050000
7935,-11.252558,0.050000
7936,-17.225130,0.050000
7937,-9.548210,0.050000
7938,-11.392028,0.050000
7939,-16.237752,0.050000
7940,-12.308007,0.050000
7941,-11.355856,0.050000
7942,2.398673,0.050000
7943,-19.286155,0.050000
7944,-9.823382,0.050000
7945,-8.271780,0.050000
7946,-15.769246,0.050000
7947,-9.906620,0.050000
7948,-13.565604,0.050000
7949,-5.081442,0.050000
7950,-2.253791,0.050000
7951,-19.552808,0.050000
7952,-19.794471,0.050000
7953,-23.717481,0.050000
7954,1.446870,0.050000
7955,-16.998060,0.050000
7956,-7.421452,0.050000
7957,-8.321853,0.050000
7958,-19.213415,0.050000
7959,-3.366500,0.050000
7960,-5.762169,0.050000
7961,-11.016043,0.050000
7962,-10.244585,0.050000
7963,-18.474709,0.050000
7964,-9.680511,0.050000
7965,-13.961911,0.050000
7966,-0.803309,0.050000
7967,2.172829,0.050000
7968,-11.505539,0.050000
7969,-5.827156,0.050000
7970,-13.459010,0.050000
7971,-11.040432,0.050000
7972,-4.852098,0.050000
7973,-10.336407,0.050000
7974,-10.552412,0.050000
7975,-15.168209,0.050000
7976,-5.525210,0.050000
7977,-11.631494,0.050000
7978,-6.885611,0.050000
7979,-2.189993,0.050000
7980,-11.347258,0.050000
7981,-10.951214,0.050000
7982,-6.002250,0.050000
7983,-0.992899,0.050000
7984,-7.791483,0.050000
7985,-7.359275,0.050000
7986,-8.571610,0.050000
7987,-8.335526,0.050000
7988,-14.205176,0.050000
7989,-9.902867,0.050000
7990,-12.716310,0.050000
7991,-18.861320,0.050000
7992,-14.350440,0.050000
7993,-12.890808,0.050000
7994,-9.091388,0.050000
7995,-3.532858,0.050000
7996,-16.777467,0.050000
7997,-16.513047,0.050000
7998,-25.155423,0.050000
7999,-6.127154,0.050000
8000,-9.250742,0.050000
8001,-9.027117,0.050000
8002,-7.982727,0.050000
8003,-20.607956,0.050000
8004,-17.461576,0.050000
8005,-18.544118,0.050000
8006,-19.645798,0.050000
8007,-13.284011,0.050000
8008,-20.428327,0.050000
8009,-10.498587,0.050000
8010,-24.515802,0.050000
8011,-17.083015,0.050000
8012,-15.579991,0.050000
8013,-12.068545,0.050000
8014,-15.672855,0.050000
8015,-16.366820,0.050000
8016,-10.836234,0.050000
8017,-17.272079,0.050000
8018,-12.131952,0.050000
8019,-19.639772,0.050000
8020,-24.642504,0.050000
8021,-21.204801,0.050000
8022,-16.324238,0.050000
8023,-21.270817,0.050000
8024,-22.951258,0.050000
8025,-32.819543,0.050000
8026,-27.103648,0.050000
8027,-21.907638,0.050000
8028,-14.663385,0.050000
8029,-16.923444,0.050000
8030,-20.686037,0.050000
8031,-14.628202,0.050000
8032,-4.059464,0.050000
8033,-15.875760,0.050000
8034,-8.770170,0.050000
8035,-16.168827,0.050000
8036,-16.992195,0.050000
8037,-17.424594,0.050000
8038,-16.353740,0.050000
8039,-26.764376,0.050000
8040,-24.370689,0.050000
8041,-23.104800,0.050000
8042,-12.482997,0.050000
8043,-13.028546,0.050000
8044,-16.274555,0.050000
8045,-15.839850,0.050000
8046,-9.210726,0.050000
8047,-11.426267,0.050000
8048,-5.103298,0.050000
8049,0.742829,0.050000
8050,-17.172919,0.050000
8051,-5.904691,0.050000
8052,-11.199383,0.050000
8053,-15.053574,0.050000
8054,-3.387574,0.050000
8055,-6.551144,0.050000
8056,-15.534460,0.050000
8057,-6.043645,0.050000
8058,-6.335371,0.050000
8059,9.608811,0.050000
8060,-7.812640,0.050000
8061,-6.305895,0.050000
8062,-6.280544,0.050000
8063,-7.701860,0.050000
8064,-3.373720,0.050000
8065,-5.931272,0.050000
8066,-6.225490,0.050000
8067,-13.938621,0.050000
8068,-13.188808,0.050000
8069,-5.183187,0.050000
8070,-7.276836,0.050000
8071,-8.992289,0.050000
8072,-4.065089,0.050000
8073,-0.615127,0.050000
8074,-4.234276,0.050000
8075,-10.623031,0.050000
8076,-9.670465,0.050000
8077,-0.007101,0.050000
8078,-12.903281,0.050000
8079,-1.301264,0.050000
8080,-9.226082,0.050000
8081,-15.067020,0.050000
8082,-15.040687,0.050000
8083,-9.373884,0.050000
8084,-12.735580,0.050000
8085,-11.899017,0.050000
8086,-11.851304,0.050000
8087,-9.032480,0.050000
8088,-7.625466,0.050000
8089,-17.179375,0.050000
8090,-18.733408,0.050000
8091,-17.147684,0.050000
8092,-10.030701,0.050000
8093,-22.194068,0.050000
8094,-22.660523,0.050000
8095,-12.180570,0.050000
8096,-12.368790,0.050000
8097,-18.022496,0.050000
8098,-15.574874,0.050000
8099,-11.458519,0.050000
8100,-17.391676,0.050000
8101,-24.716475,0.050000
8102,-27.580764,0.050000
8103,-24.759379,0.050000
8104,-19.230646,0.050000
8105,-19.041732,0.050000
8106,-23.775667,0.050000
8107,-28.113272,0.050000
8108,-17.309100,0.050000
8109,-17.369521,0.050000
8110,-16.748987,0.050000
8111,-21.827591,0.050000
8112,-10.702750,0.050000
8113,-7.461488,0.050000
8114,-16.285025,0.050000
8115,-18.054060,0.050000
8116,-11.118405,0.050000
8117,-13.792314,0.050000
8118,-14.307375,0.050000
8119,-9.278537,0.050000
8120,-16.868065,0.050000
8121,-16.670836,0.050000
8122,-15.890462,0.050000
8123,-5.774738,0.050000
8124,-17.817724,0.050000
8125,-20.203835,0.050000
8126,-15.959170,0.050000
8127,-24.312868,0.050000
8128,-20.493315,0.050000
8129,-22.123487,0.050000
8130,-30.236672,0.050000
8131,-10.271396,0.050000
8132,-9.344913,0.050000
8133,-18.913156,0.050000
8134,-29.244457,0.050000
8135,-31.427342,0.050000
8136,-31.411876,0.050000
8137,-31.494249,0.050000
8138,-17.816584,0.050000
8139,-25.454286,0.050000
8140,-14.513769,0.050000
8141,-29.157439,0.050000
8142,-14.847247,0.050000
8143,-32.210691,0.050000
8144,-17.560830,0.050000
8145,-33.087097,0.050000
8146,-35.405381,0.050000
8147,-17.387481,0.050000
8148,-25.877597,0.050000
8149,-13.288392,0.050000
8150,-16.125408,0.050000
8151,-15.528564,0.050000
8152,-23.536398,0.050000
8153,-12.764232,0.050000
8154,-35.838589,0.050000
8155,-25.575285,0.050000
8156,-19.245891,0.050000
8157,-17.358345,0.050000
8158,-23.748279,0.050000
8159,-25.461603,0.050000
8160,-18.824359,0.050000
8161,-9.836849,0.050000
8162,-28.645251,0.050000
8163,-15.959816,0.050000
8164,-21.446433,0.050000
8165,-10.661698,0.050000
8166,-21.157607,0.050000
8167,-18.373081,0.050000
8168,-26.571874,0.050000
8169,-28.335195,0.050000
8170,-29.981542,0.050000
8171,-12.893468,0.050000
8172,-15.941981,0.050000
8173,-25.668032,0.050000
8174,-18.578485,0.050000
8175,-23.923550,0.050000
8176,-24.080590,0.050000
8177,-26.861554,0.050000
8178,-30.595592,0.050000
8179,-27.427357,0.050000
8180,-25.924542,0.050000
8181,-28.199725,0.050000
8182,-17.748130,0.050000
8183,-19.756594,0.050000
8184,-17.823216,0.050000
8185,-23.659986,0.050000
8186,-12.394224,0.050000
8187,-22.726852,0.050000
8188,-23.266649,0.050000
8189,-27.635440,0.050000
8190,-19.830105,0.050000
8191,-28.613750,0.050000
8192,-21.475915,0.050000
8193,-19.797318,0.050000
8194,-26.949997,0.050000
8195,-23.816440,0.050000
8196,-27.109459,0.050000
8197,-26.417699,0.050000
8198,-31.013153,0.050000
8199,-25.615035,0.050000
8200,-30.437512,0.050000
8201,-23.009487,0.050000
8202,-23.122438,0.050000
8203,-3.622646,0.050000
8204,-31.181471,0.050000
8205,-27.612815,0.050000
8206,-22.794680,0.050000
8207,-27.402367,0.050000
8208,-16.940121,0.050000
8209,-24.521487,0.050000
8210,-17.029842,0.050000
8211,-19.623869,0.050000
8212,-19.273618,0.050000
8213,-27.583729,0.050000
8214,-24.845999,0.050000
8215,-18.685075,0.050000
8216,-36.859955,0.050000
8217,-28.741688,0.050000
8218,-31.057147,0.050000
8219,-24.363498,0.050000
8220,-17.446658,0.050000
8221,-41.513759,0.050000
8222,-16.862581,0.050000
8223,-27.417353,0.050000
8224,-29.326193,0.050000
8225,-32.508352,0.050000
8226,-16.652211,0.050000
8227,-20.452187,0.050000
8228,-16.397920,0.050000
8229,-29.213240,0.050000
8230,-23.759734,0.050000
8231,-20.005243,0.050000
8232,-31.652260,0.050000
8233,-19.488187,0.050000
8234,-12.366513,0.050000
8235,-26.591545,0.050000
8236,-18.561884,0.050000
8237,-32.706162,0.050000
8238,-28.915883,0.050000
8239,-14.332128,0.050000
8240,-25.546541,0.050000
8241,-21.065720,0.050000
8242,-28.945573,0.050000
8243,-23.176997,0.050000
8244,-33.799884,0.050000
8245,-9.610519,0.050000
8246,-11.285171,0.050000
8247,-26.302646,0.050000
8248,-27.591669,0.050000
8249,-28.526352,0.050000
8250,-32.396666,0.050000
8251,-13.600370,0.050000
8252,-17.071253,0.050000
8253,-12.833694,0.050000
8254,-27.015393,0.050000
8255,-19.715975,0.050000
8256,-16.748902,0.050000
8257,-24.620565,0.050000
8258,-19.603287,0.050000
8259,-24.477095,0.050000
8260,-9.743785,0.050000
8261,-6.391999,0.050000
8262,-21.560046,0.050000
8263,-24.674763,0.050000
8264,-17.447280,0.050000
8265,-22.969464,0.050000
8266,-23.900446,0.050000
8267,-21.934074,0.050000
8268,-26.079916,0.050000
8269,-12.779621,0.050000
8270,-19.331997,0.050000
8271,-3.432622,0.050000
8272,-16.003145,0.050000
8273,-11.169623,0.050000
8274,-8.077807,0.050000
8275,-16.382303,0.050000
8276,-13.722159,0.050000
8277,-20.774631,0.050000
8278,-7.132252,0.050000
8279,-7.488083,0.050000
8280,-14.522612,0.050000
8281,-12.542761,0.050000
8282,-22.773224,0.050000
8283,-10.383060,0.050000
8284,-9.345518,0.050000
8285,-11.575619,0.050000
8286,-12.549502,0.050000
8287,-19.177390,0.050000
8288,-8.766648,0.050000
8289,-10.811104,0.050000
8290,-20.948541,0.050000
8291,-10.197198,0.050000
8292,-10.921077,0.050000
8293,-4.397245,0.050000
8294,-5.570422,0.050000
8295,-20.544838,0.050000
8296,-17.665529,0.050000
8297,-8.475606,0.050000
8298,-14.962203,0.050000
8299,-8.729349,0.050000
8300,-17.299354,0.050000
8301,-20.471119,0.050000
8302,-15.521846,0.050000
8303,-16.224769,0.050000
8304,-20.114341,0.050000
8305,-13.616882,0.050000
8306,-14.153887,0.050000
8307,-19.494624,0.050000
8308,-13.256440,0.050000
8309,-8.226435,0.050000
8310,-12.932947,0.050000
8311,-16.979520,0.050000
8312,-18.620508,0.050000
8313,-12.649654,0.050000
8314,-3.904709,0.050000
8315,-2.191682,0.050000
8316,-18.233527,0.050000
8317,-10.809557,0.050000
8318,-17.442648,0.050000
8319,-14.318544,0.050000
8320,-14.408704,0.050000
8321,-14.538342,0.050000
8322,-19.414865,0.050000
8323,-15.396755,0.050000
8324,-18.877735,0.050000
8325,-18.302217,0.050000
8326,-21.241309,0.050000
8327,-16.020769,0.050000
8328,-21.723940,0.050000
8329,-19.674627,0.050000
8330,-23.185514,0.050000
8331,-14.262726,0.050000
8332,-16.479295,0.050000
8333,-22.177704,0.050000
8334,-16.879420,0.050000
8335,-10.024093,0.050000
8336,-15.478071,0.050000
8337,-17.363524,0.050000
8338,-23.354222,0.050000
8339,-11.893527,0.050000
8340,-22.433135,0.050000
8341,-30.246944,0.050000
8342,-23.560930,0.050000
8343,-17.237262,0.050000
8344,-13.200705,0.050000
8345,-19.536638,0.050000
8346,-22.757339,0.050000
8347,-20.465073,0.050000
8348,-15.421009,0.050000
8349,-27.882244,0.050000
8350,-11.225127,0.050000
8351,-17.573121,0.050000
8352,-15.134425,0.050000
8353,-13.420994,0.050000
8354,-15.272210,0.050000
8355,-20.728249,0.050000
8356,-15.185084,0.050000
8357,-15.861992,0.050000
8358,-13.498557,0.050000
8359,-10.114576,0.050000
8360,-23.032250,0.050000
8361,-8.132030,0.050000
8362,-6.528231,0.050000
8363,-8.690536,0.050000
8364,-8.124296,0.050000
8365,-16.871628,0.050000
8366,-5.389970,0.050000
8367,-11.590543,0.050000
8368,-8.573644,0.050000
8369,-11.443395,0.050000
8370,-25.308363,0.050000
8371,-9.777331,0.050000
8372,-6.631038,0.050000
8373,-18.625958,0.050000
8374,-14.995994,0.050000
8375,-14.888917,0.050000
8376,-24.430686,0.050000
8377,-9.338549,0.050000
8378,-8.623898,0.050000
8379,-15.126047,0.050000
8380,-21.249644,0.050000
8381,-19.480892,0.050000
8382,-20.661410,0.050000
8383,-20.105571,0.050000
8384,-15.822289,0.050000
8385,-23.847734,0.050000
8386,-10.898748,0.050000
8387,-17.008831,0.050000
8388,-15.619191,0.050000
8389,-16.138705,0.050000
8390,-30.657654,0.050000
8391,-18.901648,0.050000
8392,-18.024480,0.050000
8393,-22.247524,0.050000
8394,-11.843758,0.050000
8395,-14.910561,0.050000
8396,-19.080697,0.050000
8397,-23.152677,0.050000
8398,-24.696337,0.050000
8399,-21.825330,0.050000
8400,-13.134027,0.050000
8401,-17.419078,0.050000
8402,-18.544519,0.050000
8403,-22.272820,0.050000
8404,-16.886902,0.050000
8405,-16.926471,0.050000
8406,-19.493863,0.050000
8407,-11.216090,0.050000
8408,-20.330174,0.050000
8409,-16.893699,0.050000
8410,-19.121058,0.050000
8411,-24.945147,0.050000
8412,-14.398562,0.050000
8413,-26.492458,0.050000
8414,-21.047352,0.050000
8415,-23.210707,0.050000
8416,-8.671031,0.050000
8417,-19.867880,0.050000
8418,-24.680526,0.050000
8419,-14.963867,0.050000
8420,-9.865952,0.050000
8421,-18.243919,0.050000
8422,-11.412722,0.050000
8423,-13.705670,0.050000
8424,-4.472861,0.050000
8425,-13.066954,0.050000
8426,-17.553023,0.050000
8427,-12.777527,0.050000
8428,-6.891978,0.050000
8429,-2.871049,0.050000
8430,-10.760317,0.050000
8431,-10.853001,0.050000
8432,-11.158489,0.050000
8433,-9.267245,0.050000
8434,4.904034,0.050000
8435,-1.538621,0.050000
8436,0.569956,0.050000
8437,-9.032866,0.050000
8438,0.126402,0.050000
8439,-1.093526,0.050000
8440,-7.996241,0.050000
8441,-1.410903,0.050000
8442,-19.724844,0.050000
8443,-12.786337,0.050000
8444,-17.708475,0.050000
8445,-13.354490,0.050000
8446,-11.942172,0.050000
8447,-12.579507,0.050000
8448,-5.869943,0.050000
8449,-15.226771,0.050000
8450,-8.407521,0.050000
8451,-9.340242,0.050000
8452,-10.442792,0.050000
8453,-2.710306,0.050000
8454,-14.624517,0.050000
8455,0.543869,0.050000
8456,-6.935690,0.050000
8457,-3.006287,0.050000
8458,-0.434305,0.050000
8459,-4.171057,0.050000
8460,-10.794718,0.050000
8461,-11.355462,0.050000
8462,-18.347154,0.050000
8463,-9.400546,0.050000
8464,-12.116315,0.050000
8465,-15.131335,0.050000
8466,-9.555018,0.050000
8467,-8.519212,0.050000
8468,-7.895408,0.050000
8469,-9.257114,0.050000
8470,-14.181649,0.050000
8471,-6.374348,0.050000
8472,-18.371443,0.050000
8473,-17.407603,0.050000
8474,-8.102517,0.050000
8475,-5.506997,0.050000
8476,-13.847264,0.050000
8477,-13.052782,0.050000
8478,-10.809618,0.050000
8479,-15.506463,0.050000
8480,-8.185490,0.050000
8481,-15.337947,0.050000
8482,-10.585107,0.050000
8483,-9.764300,0.050000
8484,-11.512658,0.050000
8485,-15.393399,0.050000
8486,-9.386487,0.050000
8487,-16.272013,0.050000
8488,-18.121054,0.050000
8489,-9.388280,0.050000
8490,-16.589967,0.050000
8491,-11.906958,0.050000
8492,-3.342067,0.050000
8493,-11.984021,0.050000
8494,-15.088354,0.050000
8495,-10.948051,0.050000
8496,-19.273749,0.050000
8497,-12.329881,0.050000
8498,-12.438481,0.050000
8499,-1.300320,0.050000
8500,-10.951527,0.050000
8501,-11.152702,0.050000
8502,-17.911330,0.050000
8503,-5.565180,0.050000
8504,-14.344093,0.050000
8505,-8.847344,0.050000
8506,-6.705778,0.050000
8507,-16.257128,0.050000
8508,-1.487208,0.050000
8509,-17.071207,0.050000
8510,-6.081537,0.050000
8511,-14.342215,0.050000
8512,-8.346922,0.050000
8513,-12.705116,0.050000
8514,0.990570,0.050000
8515,9.634802,0.050000
8516,0.535015,0.050000
8517,-3.276700,0.050000
8518,-5.293439,0.050000
8519,-9.724131,0.050000
8520,-20.873581,0.050000
8521,-17.697475,0.050000
8522,-11.925277,0.050000
8523,-15.553446,0.050000
8524,-11.186257,0.050000
8525,-18.513685,0.050000
8526,-10.657659,0.050000
8527,-16.706534,0.050000
8528,-12.323464,0.050000
8529,-5.605478,0.050000
8530,-14.665983,0.050000
8531,-13.044978,0.050000
8532,-9.615474,0.050000
8533,-21.568863,0.050000
8534,-8.966874,0.050000
8535,-6.978932,0.050000
8536,-11.349672,0.050000
8537,-22.157176,0.050000
8538,-8.848109,0.050000
8539,-19.120690,0.050000
8540,-16.125013,0.050000
8541,-24.157735,0.050000
8542,-29.443421,0.050000
8543,-18.064707,0.050000
8544,-9.229147,0.050000
8545,-8.490038,0.050000
8546,-15.194801,0.050000
8547,-13.382628,0.050000
8548,-8.209314,0.050000
8549,-10.456182,0.050000
8550,-14.031180,0.050000
8551,-9.619730,0.050000
8552,0.750213,0.050000
8553,-23.268261,0.050000
8554,-15.368673,0.050000
8555,-22.575741,0.050000
8556,-0.738379,0.050000
8557,-4.962935,0.050000
8558,-22.394124,0.050000
8559,-10.571821,0.050000
8560,-16.358074,0.050000
8561,-29.114146,0.050000
8562,-11.239332,0.050000
8563,-7.259583,0.050000
8564,-18.629954,0.050000
8565,-6.632430,0.050000
8566,-19.898950,0.050000
8567,-10.438796,0.050000
8568,-23.387034,0.050000
8569,-18.426571,0.050000
8570,-17.285985,0.050000
8571,-11.678590,0.050000
8572,-21.715158,0.050000
8573,-23.580431,0.050000
8574,-4.460481,0.050000
8575,-25.297189,0.050000
8576,-25.183596,0.050000
8577,-11.977237,0.050000
8578,-23.542207,0.050000
8579,-11.853714,0.050000
8580,-22.877790,0.050000
8581,-8.035241,0.050000
8582,-9.580160,0.050000
8583,-17.321568,0.050000
8584,2.254508,0.050000
8585,-25.367247,0.050000
8586,-11.301496,0.050000
8587,-18.553197,0.050000
8588,-28.568591,0.050000
8589,-28.700492,0.050000
8590,-0.183789,0.050000
8591,-11.587670,0.050000
8592,-22.168048,0.050000
8593,-18.804389,0.050000
8594,-28.943726,0.050000
8595,-9.733213,0.050000
8596,-16.691708,0.050000
8597,-20.162000,0.050000
8598,-3.402735,0.050000
8599,-9.293088,0.050000
8600,-5.460304,0.050000
8601,-0.484945,0.050000
8602,-7.072806,0.050000
8603,-16.225448,0.050000
8604,-6.973001,0.050000
8605,-7.055357,0.050000
8606,-10.722092,0.050000
8607,3.590570,0.050000
8608,-24.036410,0.050000
8609,-27.599315,0.050000
8610,-20.685317,0.050000
8611,-15.537430,0.050000
8612,-8.208360,0.050000
8613,-6.122227,0.050000
8614,-10.606146,0.050000
8615,-5.809521,0.050000
8616,-3.339962,0.050000
8617,-6.149493,0.050000
8618,-20.420289,0.050000
8619,-14.726147,0.050000
8620,-16.462181,0.050000
8621,-23.722428,0.050000
8622,-8.761296,0.050000
8623,-14.496577,0.050000
8624,-17.410802,0.050000
8625,-30.220855,0.050000
8626,-25.237530,0.050000
8627,-10.435016,0.050000
8628,-22.258230,0.050000
8629,-17.513493,0.050000
8630,-25.920565,0.050000
8631,-19.399554,0.050000
8632,-18.069037,0.050000
8633,-11.901335,0.050000
8634,-19.422516,0.050000
8635,-18.137425,0.050000
8636,-10.159196,0.050000
8637,-19.126533,0.050000
8638,-13.358583,0.050000
8639,-21.326602,0.050000
8640,-11.597837,0.050000
8641,-14.921359,0.050000
8642,-5.565046,0.050000
8643,-13.925072,0.050000
8644,-5.276247,0.050000
8645,-14.925896,0.050000
8646,-4.576923,0.050000
8647,-13.580119,0.050000
8648,-26.378098,0.050000
8649,-19.034488,0.050000
8650,-16.746528,0.050000
8651,-18.327411,0.050000
8652,-16.801395,0.050000
8653,-9.057133,0.050000
8654,-21.554729,0.050000
8655,-20.497758,0.050000
8656,-17.329544,0.050000
8657,-17.748517,0.050000
8658,-20.483354,0.050000
8659,-23.381632,0.050000
8660,-1.642369,0.050000
8661,-5.129289,0.050000
8662,-16.421153,0.050000
8663,-6.533820,0.050000
8664,-11.650800,0.050000
8665,-14.195023,0.050000
8666,-20.577102,0.050000
8667,-9.851579,0.050000
8668,-19.916253,0.050000
8669,-14.581894,0.050000
8670,-12.846457,0.050000
8671,-17.873332,0.050000
8672,-15.809870,0.050000
8673,-8.583531,0.050000
8674,5.438060,0.050000
8675,1.682045,0.050000
8676,-8.650189,0.050000
8677,-18.531792,0.050000
8678,-15.676657,0.050000
8679,-19.510394,0.050000
8680,-15.558826,0.050000
8681,-9.799475,0.050000
8682,-4.911171,0.050000
8683,-12.662463,0.050000
8684,-9.055105,0.050000
8685,-24.239662,0.050000
8686,-12.576567,0.050000
8687,-16.610128,0.050000
8688,-14.611676,0.050000
8689,-4.372398,0.050000
8690,-9.096355,0.050000
8691,-6.852247,0.050000
8692,-17.243764,0.050000
8693,-5.368417,0.050000
8694,0.276730,0.050000
8695,-18.943724,0.050000
8696,-12.746544,0.050000
8697,1.485669,0.050000
8698,-15.563043,0.050000
8699,-10.556988,0.050000
8700,-7.474890,0.050000
8701,-12.449637,0.050000
8702,-0.387768,0.050000
8703,-2.827854,0.050000
8704,-9.560341,0.050000
8705,-22.984829,0.050000
8706,-6.387701,0.050000
8707,-14.992595,0.050000
8708,-8.489590,0.050000
8709,-10.613741,0.050000
8710,-8.993243,0.050000
8711,-5.979500,0.050000
8712,-3.918280,0.050000
8713,-2.326921,0.050000
8714,-18.473797,0.050000
8715,-15.056309,0.050000
8716,-10.809014,0.050000
8717,-9.093562,0.050000
8718,-0.636767,0.050000
8719,-6.942867,0.050000
8720,-8.916131,0.050000
8721,-15.926340,0.050000
8722,-12.271423,0.050000
8723,-9.728516,0.050000
8724,9.607636,0.050000
8725,-11.077245,0.050000
8726,-14.931729,0.050000
8727,-12.749186,0.050000
8728,-14.261440,0.050000
8729,5.613351,0.050000
8730,-9.751444,0.050000
8731,-19.579978,0.050000
8732,-13.846517,0.050000
8733,-12.976310,0.050000
8734,-20.903182,0.050000
8735,-4.508225,0.050000
8736,-12.713897,0.050000
8737,-22.253671,0.050000
8738,-19.663199,0.050000
8739,-24.722326,0.050000
8740,-18.182221,0.050000
8741,-18.464312,0.050000
8742,-25.081378,0.050000
8743,1.418639,0.050000
8744,-24.541970,0.050000
8745,-20.269882,0.050000
8746,-12.173142,0.050000
8747,-25.935830,0.050000
8748,-8.295648,0.050000
8749,-26.462518,0.050000
8750,-22.035759,0.050000
8751,-13.855261,0.050000
8752,-25.658783,0.050000
8753,-6.027689,0.050000
8754,-8.009914,0.050000
8755,-18.755489,0.050000
8756,-12.760861,0.050000
8757,-18.743386,0.050000
8758,-12.475795,0.050000
8759,-18.456437,0.050000
8760,-12.631977,0.050000
8761,-16.517443,0.050000
8762,-11.932409,0.050000
8763,-9.508027,0.050000
8764,-15.673121,0.050000
8765,-14.190521,0.050000
8766,-9.500952,0.050000
8767,-15.484724,0.050000
8768,-20.298835,0.050000
8769,-16.017786,0.050000
8770,-19.762346,0.050000
8771,-6.981537,0.050000
8772,-10.915606,0.050000
8773,-8.112024,0.050000
8774,-16.691653,0.050000
8775,-2.199647,0.050000
8776,-14.572599,0.050000
8777,-0.386570,0.050000
8778,-14.399639,0.050000
8779,-13.578184,0.050000
8780,-20.140238,0.050000
8781,-10.445472,0.050000
8782,-21.048193,0.050000
8783,-13.376089,0.050000
8784,-17.868299,0.050000
8785,-9.035346,0.050000
8786,-30.326253,0.050000
8787,-20.523625,0.050000
8788,-16.258782,0.050000
8789,-7.453338,0.050000
8790,-3.987411,0.050000
8791,-15.036910,0.050000
8792,-16.223470,0.050000
8793,-10.407964,0.050000
8794,-17.059686,0.050000
8795,-12.111514,0.050000
8796,-10.163201,0.050000
8797,-20.952532,0.050000
8798,-16.314471,0.050000
8799,-23.593983,0.050000
8800,-14.790768,0.050000
8801,-10.015544,0.050000
8802,-18.714213,0.050000
8803,-15.640415,0.050000
8804,-17.657382,0.050000
8805,-14.784222,0.050000
8806,-18.579711,0.050000
8807,-20.926188,0.050000
8808,-18.578852,0.050000
8809,-15.935563,0.050000
8810,-21.714715,0.050000
8811,-16.213365,0.050000
8812,-17.998025,0.050000
8813,-16.721957,0.050000
8814,-16.679025,0.050000
8815,-16.424007,0.050000
8816,-23.279951,0.050000
8817,-2.601755,0.050000
8818,-21.071197,0.050000
8819,-18.923598,0.050000
8820,-25.436811,0.050000
8821,-13.310886,0.050000
8822,-25.547871,0.050000
8823,-15.756031,0.050000
8824,-22.549058,0.050000
8825,-19.045160,0.050000
8826,-22.669172,0.050000
8827,-24.119866,0.050000
8828,-24.757744,0.050000
8829,-27.031854,0.050000
8830,-13.086740,0.050000
8831,-21.147589,0.050000
8832,-14.691882,0.050000
8833,-25.474455,0.050000
8834,-20.959795,0.050000
8835,-14.417202,0.050000
8836,-20.247407,0.050000
8837,-22.624260,0.050000
8838,-19.637033,0.050000
8839,-23.995638,0.050000
8840,-5.799395,0.050000
8841,-22.675012,0.050000
8842,-11.399439,0.050000
8843,-5.963538,0.050000
8844,-19.297530,0.050000
8845,-21.568064,0.050000
8846,-22.869472,0.050000
8847,-25.959895,0.050000
8848,-27.322888,0.050000
8849,-22.423277,0.050000
8850,-11.208082,0.050000
8851,-10.538700,0.050000
8852,-19.826901,0.050000
8853,-14.996929,0.050000
8854,-14.065443,0.050000
8855,-21.634701,0.050000
8856,-6.523978,0.050000
8857,-4.733959,0.050000
8858,-22.839702,0.050000
8859,-18.126776,0.050000
8860,-11.768746,0.050000
8861,-11.809907,0.050000
8862,-20.350288,0.050000
8863,-25.545623,0.050000
8864,-15.261346,0.050000
8865,-21.433357,0.050000
8866,-15.735562,0.050000
8867,-27.250407,0.050000
8868,-21.380207,0.050000
8869,-22.427316,0.050000
8870,-20.608269,0.050000
8871,-21.044717,0.050000
8872,-24.767114,0.050000
8873,-19.346814,0.050000
8874,-23.182546,0.050000
8875,-8.350140,0.050000
8876,-6.027150,0.050000
8877,-20.541013,0.050000
8878,-27.340807,0.050000
8879,-18.502930,0.050000
8880,-24.103874,0.050000
8881,-26.303018,0.050000
8882,-2.409803,0.050000
8883,-6.380195,0.050000
8884,-17.592335,0.050000
8885,-3.195572,0.050000
8886,-4.459936,0.050000
8887,-19.734450,0.050000
8888,-8.532689,0.050000
8889,-19.281705,0.050000
8890,-18.010145,0.050000
8891,-4.184801,0.050000
8892,-20.522627,0.050000
8893,-10.713513,0.050000
8894,-13.586575,0.050000
8895,-7.724318,0.050000
8896,-10.439680,0.050000
8897,-11.254592,0.050000
8898,-13.257274,0.050000
8899,-22.310432,0.050000
8900,-16.545846,0.050000
8901,-24.562264,0.050000
8902,-17.120732,0.050000
8903,-18.100626,0.050000
8904,-21.395681,0.050000
8905,-20.251974,0.050000
8906,-16.075087,0.050000
8907,-15.475101,0.050000
8908,-18.314306,0.050000
8909,-27.076573,0.050000
8910,-21.167447,0.050000
8911,-23.484530,0.050000
8912,-3.016914,0.050000
8913,-27.523545,0.050000
8914,-20.937117,0.050000
8915,-14.783652,0.050000
8916,-16.239412,0.050000
8917,-12.032331,0.050000
8918,-13.121152,0.050000
8919,-11.549379,0.050000
8920,-19.735732,0.050000
8921,-3.873071,0.050000
8922,-18.578641,0.050000
8923,-3.897801,0.050000
8924,-3.827107,0.050000
8925,-9.767310,0.050000
8926,-16.669583,0.050000
8927,-17.272044,0.050000
8928,-9.110920,0.050000
8929,-23.628231,0.050000
8930,-17.776928,0.050000
8931,-19.994365,0.050000
8932,-23.356526,0.050000
8933,-16.566512,0.050000
8934,-20.431972,0.050000
8935,-15.909708,0.050000
8936,-18.277320,0.050000
8937,-25.281597,0.050000
8938,-25.602831,0.050000
8939,-25.384523,0.050000
8940,-26.309507,0.050000
8941,-14.556223,0.050000
8942,-17.719669,0.050000
8943,-21.783170,0.050000
8944,-0.451866,0.050000
8945,-9.129973,0.050000
8946,-11.763376,0.050000
8947,-15.519267,0.050000
8948,-8.476720,0.050000
8949,-11.442019,0.050000
8950,-14.520202,0.050000
8951,-17.535483,0.050000
8952,-5.466364,0.050000
8953,-2.254470,0.050000
8954,-21.375456,0.050000
8955,-21.315193,0.050000
8956,-31.629294,0.050000
8957,-16.466189,0.050000
8958,-18.296689,0.050000
8959,-9.265567,0.050000
8960,-13.182866,0.050000
8961,-24.283448,0.050000
8962,-16.096089,0.050000
8963,-23.055646,0.050000
8964,-19.684160,0.050000
8965,-9.702285,0.050000
8966,-11.889088,0.050000
8967,-21.242835,0.050000
8968,-18.203342,0.050000
8969,-17.122858,0.050000
8970,-20.912119,0.050000
8971,-15.059645,0.050000
8972,-15.357279,0.050000
8973,-18.931092,0.050000
8974,-18.754775,0.050000
8975,-12.077657,0.050000
8976,1.545471,0.050000
8977,-15.422719,0.050000
8978,-17.703101,0.050000
8979,-14.703665,0.050000
8980,-16.556194,0.050000
8981,-14.884484,0.050000
8982,-20.301927,0.050000
8983,-15.256768,0.050000
8984,-16.867661,0.050000
8985,-15.149489,0.050000
8986,-13.991371,0.050000
8987,-10.821060,0.050000
8988,-16.168100,0.050000
8989,-17.190606,0.050000
8990,-13.630246,0.050000
8991,-19.564878,0.050000
8992,-10.052377,0.050000
8993,-17.588218,0.050000
8994,-8.888539,0.050000
8995,-11.319931,0.050000
8996,-20.464640,0.050000
8997,-22.004650,0.050000
8998,-11.538738,0.050000
8999,-15.838266,0.050000
9000,-8.352196,0.050000
9001,-14.194839,0.050000
9002,-15.590383,0.050000
9003,-7.678746,0.050000
9004,-7.668749,0.050000
9005,-18.168974,0.050000
9006,-12.282628,0.050000
9007,-9.422583,0.050000
9008,-9.131710,0.050000
9009,-8.103435,0.050000
9010,-23.615339,0.050000
9011,-18.484669,0.050000
9012,-17.112602,0.050000
9013,-13.232152,0.050000
9014,-15.805979,0.050000
9015,-10.207388,0.050000
9016,-13.578390,0.050000
9017,-11.160657,0.050000
9018,-5.039063,0.050000
9019,-10.043274,0.050000
9020,-19.003368,0.050000
9021,-12.924482,0.050000
9022,-10.587749,0.050000
9023,-13.214254,0.050000
9024,-13.178139,0.050000
9025,-8.523590,0.050000
9026,-8.547154,0.050000
9027,-5.136362,0.050000
9028,-12.274148,0.050000
9029,-6.802755,0.050000
9030,-15.491040,0.050000
9031,-21.440025,0.050000
9032,-19.038858,0.050000
9033,-14.415884,0.050000
9034,-9.602281,0.050000
9035,-21.609390,0.050000
9036,-23.266312,0.050000
9037,-27.548129,0.050000
9038,-9.475033,0.050000
9039,-9.441307,0.050000
9040,-12.777245,0.050000
9041,-18.080465,0.050000
9042,-10.321669,0.050000
9043,-21.170939,0.050000
9044,-19.956222,0.050000
9045,-17.341919,0.050000
9046,-16.772059,0.050000
9047,-16.416937,0.050000
9048,-17.625578,0.050000
9049,-12.460651,0.050000
9050,-10.498849,0.050000
9051,-11.316568,0.050000
9052,-13.033902,0.050000
9053,-23.528423,0.050000
9054,-15.111615,0.050000
9055,-9.868819,0.050000
9056,-5.659803,0.050000
9057,-2.344903,0.050000
9058,-7.076790,0.050000
9059,-8.150110,0.050000
9060,-22.374635,0.050000
9061,-9.513264,0.050000
9062,-10.263692,0.050000
9063,-8.106371,0.050000
9064,-6.636334,0.050000
9065,-6.726424,0.050000
9066,-15.461519,0.050000
9067,-20.353116,0.050000
9068,-8.917507,0.050000
9069,-17.387956,0.050000
9070,-11.628946,0.050000
9071,-9.456492,0.050000
9072,-21.376733,0.050000
9073,-9.362755,0.050000
9074,-12.603243,0.050000
9075,-15.425418,0.050000
9076,-3.415809,0.050000
9077,-19.053542,0.050000
9078,-7.780429,0.050000
9079,-18.551631,0.050000
9080,-19.844896,0.050000
9081,-13.892260,0.050000
9082,-15.677960,0.050000
9083,-13.562375,0.050000
9084,-8.353937,0.050000
9085,-16.843648,0.050000
9086,-13.851024,0.050000
9087,-16.765660,0.050000
9088,-12.630256,0.050000
9089,-17.898805,0.050000
9090,-13.304320,0.050000
9091,-12.500475,0.050000
9092,-4.371765,0.050000
9093,-13.220936,0.050000
9094,-14.629554,0.050000
9095,-4.018474,0.050000
9096,-11.094322,0.050000
9097,-17.576287,0.050000
9098,-9.307401,0.050000
9099,-0.140627,0.050000
9100,-9.068120,0.050000
9101,-18.610639,0.050000
9102,-3.607647,0.050000
9103,-12.400759,0.050000
9104,-3.129110,0.050000
9105,-18.473778,0.050000
9106,-12.962817,0.050000
9107,-13.053157,0.050000
9108,-3.610917,0.050000
9109,-17.009323,0.050000
9110,-6.697106,0.050000
9111,-13.717955,0.050000
9112,4.560594,0.050000
9113,-4.984251,0.050000
9114,-7.548548,0.050000
9115,-11.720822,0.050000
9116,-2.457732,0.050000
9117,-22.155977,0.050000
9118,-16.319824,0.050000
9119,-9.928557,0.050000
9120,-16.508460,0.050000
9121,-18.097269,0.050000
9122,-12.170584,0.050000
9123,-23.467973,0.050000
9124,-7.286050,0.050000
9125,-17.552826,0.050000
9126,-19.853975,0.050000
9127,-18.115930,0.050000
9128,-3.793686,0.050000
9129,-23.538967,0.050000
9130,-3.143439,0.050000
9131,-18.034508,0.050000
9132,-8.571143,0.050000
9133,-20.024692,0.050000
9134,-14.373718,0.050000
9135,-6.899490,0.050000
9136,-12.613689,0.050000
9137,-15.275331,0.050000
9138,-15.815264,0.050000
9139,-15.822538,0.050000
9140,-22.962823,0.050000
9141,-15.785581,0.050000
9142,-23.886773,0.050000
9143,-16.971383,0.050000
9144,-17.854229,0.050000
9145,-22.385218,0.050000
9146,-23.069735,0.050000
9147,-1.194933,0.050000
9148,-13.558728,0.050000
9149,-14.936570,0.050000
9150,-23.605380,0.050000
9151,-16.190594,0.050000
9152,-5.205107,0.050000
9153,-25.487250,0.050000
9154,-22.463076,0.050000
9155,-6.144021,0.050000
9156,-5.841774,0.050000
9157,1.527541,0.050000
9158,-3.402325,0.050000
9159,-19.350228,0.050000
9160,-13.041152,0.050000
9161,-12.248126,0.050000
9162,-25.812697,0.050000
9163,-5.218452,0.050000
9164,-21.606452,0.050000
9165,-6.644888,0.050000
9166,-12.699563,0.050000
9167,-25.077552,0.050000
9168,-19.700661,0.050000
9169,-20.966299,0.050000
9170,-23.162893,0.050000
9171,-17.173273,0.050000
9172,-13.909812,0.050000
9173,-10.692158,0.050000
9174,-8.628379,0.050000
9175,-1.908530,0.050000
9176,-14.232005,0.050000
9177,-4.760763,0.050000
9178,-23.738590,0.050000
9179,-12.977916,0.050000
9180,-1.894861,0.050000
9181,-10.469982,0.050000
9182,-12.365976,0.050000
9183,-16.121552,0.050000
9184,-22.738886,0.050000
9185,-12.261630,0.050000
9186,-8.232154,0.050000
9187,-7.124510,0.050000
9188,-13.076764,0.050000
9189,-11.291601,0.050000
9190,-8.718058,0.050000
9191,-19.555854,0.050000
9192,-16.988135,0.050000
9193,-10.956145,0.050000
9194,-15.239967,0.050000
9195,-23.430626,0.050000
9196,-16.104973,0.050000
9197,-20.152687,0.050000
9198,-21.032323,0.050000
9199,-11.064307,0.050000
9200,-17.117347,0.050000
9201,-17.456087,0.050000
9202,-14.811507,0.050000
9203,-17.851972,0.050000
9204,-17.411475,0.050000
9205,-19.445721,0.050000
9206,-25.956904,0.050000
9207,-18.931542,0.050000
9208,-12.100899,0.050000
9209,-7.331217,0.050000
9210,-25.266499,0.050000
9211,-16.614747,0.050000
9212,-22.316799,0.050000
9213,-22.386633,0.050000
9214,-12.239224,0.050000
9215,-6.490296,0.050000
9216,-19.463834,0.050000
9217,-16.660796,0.050000
9218,-24.982499,0.050000
9219,-15.468968,0.050000
9220,-16.618805,0.050000
9221,-23.005484,0.050000
9222,-18.528277,0.050000
9223,-23.707343,0.050000
9224,-10.314555,0.050000
9225,-18.106379,0.050000
9226,-12.053239,0.050000
9227,-18.566215,0.050000
9228,-22.820677,0.050000
9229,-17.804972,0.050000
9230,-12.194652,0.050000
9231,-14.637634,0.050000
9232,-21.634923,0.050000
9233,-23.095466,0.050000
9234,-23.817931,0.050000
9235,-29.075714,0.050000
9236,-22.732634,0.050000
9237,-21.410467,0.050000
9238,-16.663198,0.050000
9239,-14.462450,0.050000
9240,-22.988975,0.050000
9241,-15.161684,0.050000
9242,-10.542471,0.050000
9243,-22.009192,0.050000
9244,-13.859516,0.050000
9245,-22.034893,0.050000
9246,-20.275962,0.050000
9247,-13.386238,0.050000
9248,-17.202027,0.050000
9249,-8.718158,0.050000
9250,-16.345596,0.050000
9251,-10.098135,0.050000
9252,-9.607451,0.050000
9253,-10.007101,0.050000
9254,-15.609844,0.050000
9255,-6.374124,0.050000
9256,-10.056134,0.050000
9257,-16.704609,0.050000
9258,-11.205737,0.050000
9259,-9.769900,0.050000
9260,-8.469432,0.050000
9261,-13.083417,0.050000
9262,-15.140337,0.050000
9263,-10.356024,0.050000
9264,-17.639943,0.050000
9265,-13.444198,0.050000
9266,-10.174793,0.050000
9267,-7.200003,0.050000
9268,-14.200118,0.050000
9269,-12.729108,0.050000
9270,-12.960085,0.050000
9271,3.649976,0.050000
9272,-16.478466,0.050000
9273,-3.962380,0.050000
9274,-22.089064,0.050000
9275,-6.755292,0.050000
9276,-14.877097,0.050000
9277,-20.531962,0.050000
9278,-6.802219,0.050000
9279,-9.630089,0.050000
9280,-18.356449,0.050000
9281,-4.476484,0.050000
9282,-12.357802,0.050000
9283,-16.307932,0.050000
9284,-16.786411,0.050000
9285,-12.743551,0.050000
9286,-6.066809,0.050000
9287,-12.606486,0.050000
9288,-16.646805,0.050000
9289,-15.491185,0.050000
9290,-14.389907,0.050000
9291,-16.139934,0.050000
9292,-15.545245,0.050000
9293,-6.285386,0.050000
9294,-4.499475,0.050000
9295,-7.457302,0.050000
9296,-28.618687,0.050000
9297,-24.315013,0.050000
9298,-21.036593,0.050000
9299,-19.055047,0.050000
9300,-11.312385,0.050000
9301,-24.201558,0.050000
9302,-16.314127,0.050000
9303,-17.116583,0.050000
9304,-17.862950,0.050000
9305,-14.708169,0.050000
9306,-9.215378,0.050000
9307,-17.497960,0.050000
9308,-17.204281,0.050000
9309,-15.230770,0.050000
9310,-13.216673,0.050000
9311,-11.640614,0.050000
9312,-20.132820,0.050000
9313,-17.680046,0.050000
9314,-5.786377,0.050000
9315,-13.824419,0.050000
9316,-7.349103,0.050000
9317,-24.000554,0.050000
9318,-10.354130,0.050000
9319,-6.379309,0.050000
9320,-11.052898,0.050000
9321,-15.044587,0.050000
9322,-6.295992,0.050000
9323,-1.931161,0.050000
9324,-4.643210,0.050000
9325,-10.783659,0.050000
9326,0.014424,0.050000
9327,-5.607551,0.050000
9328,-7.320820,0.050000
9329,-3.111055,0.050000
9330,-6.591491,0.050000
9331,-10.545441,0.050000
9332,-17.699790,0.050000
9333,-0.696996,0.050000
9334,-1.209120,0.050000
9335,-2.129930,0.050000
9336,-10.106431,0.050000
9337,-9.449340,0.050000
9338,-8.237105,0.050000
9339,-8.383650,0.050000
9340,-8.646776,0.050000
9341,-15.419485,0.050000
9342,-16.155471,0.050000
9343,-9.018751,0.050000
9344,-1.563751,0.050000
9345,7.816626,0.050000
9346,-13.998127,0.050000
9347,-13.602382,0.050000
9348,-1.949971,0.050000
9349,-4.581570,0.050000
9350,-4.813655,0.050000
9351,-2.399818,0.050000
9352,-2.875651,0.050000
9353,-8.273623,0.050000
9354,-5.856117,0.050000
9355,-7.403133,0.050000
9356,-7.329868,0.050000
9357,3.821926,0.050000
9358,3.781457,0.050000
9359,-3.299677,0.050000
9360,-6.323092,0.050000
9361,-0.921914,0.050000
9362,-8.335066,0.050000
9363,0.069860,0.050000
9364,-0.329007,0.050000
9365,-8.929502,0.050000
9366,-1.354212,0.050000
9367,-1.871825,0.050000
9368,-5.655061,0.050000
9369,-15.018782,0.050000
9370,-1.192202,0.050000
9371,-7.823323,0.050000
9372,-4.931627,0.050000
9373,-8.288584,0.050000
9374,-8.719859,0.050000
9375,-2.529353,0.050000
9376,-6.773468,0.050000
9377,-12.907121,0.050000
9378,-6.988726,0.050000
9379,-6.140433,0.050000
9380,-8.750125,0.050000
9381,3.044171,0.050000
9382,-3.791917,0.050000
9383,-3.246489,0.050000
9384,0.128723,0.050000
9385,-11.125962,0.050000
9386,-11.549621,0.050000
9387,-5.078742,0.050000
9388,-9.476565,0.050000
9389,-3.108893,0.050000
9390,-2.636899,0.050000
9391,-4.282162,0.050000
9392,0.437811,0.050000
9393,-7.806253,0.050000
9394,1.076888,0.050000
9395,-5.234130,0.050000
9396,-5.222524,0.050000
9397,-6.378556,0.050000
9398,-7.426160,0.050000
9399,-4.694922,0.050000
9400,-2.451249,0.050000
9401,-7.020470,0.050000
9402,-6.497736,0.050000
9403,4.222937,0.050000
9404,-5.765464,0.050000
9405,-3.903327,0.050000
9406,-6.059361,0.050000
9407,-6.219186,0.050000
9408,-5.206692,0.050000
9409,-0.757257,0.050000
9410,0.548865,0.050000
9411,-4.048725,0.050000
9412,-2.683541,0.050000
9413,-2.994504,0.050000
9414,-8.437648,0.050000
9415,-4.220532,0.050000
9416,-7.256642,0.050000
9417,-6.982253,0.050000
9418,-5.928319,0.050000
9419,-11.631989,0.050000
9420,-7.796926,0.050000
9421,-4.058511,0.050000
9422,-13.393861,0.050000
9423,-7.608566,0.050000
9424,-8.696485,0.050000
9425,-13.857433,0.050000
9426,-4.483020,0.050000
9427,-5.878982,0.050000
9428,-10.857123,0.050000
9429,-11.451616,0.050000
9430,0.313312,0.050000
9431,-9.156015,0.050000
9432,-18.314056,0.050000
9433,-7.288127,0.050000
9434,-12.693759,0.050000
9435,-9.721739,0.050000
9436,-8.245211,0.050000
9437,-6.205362,0.050000
9438,-23.458578,0.050000
9439,-19.338498,0.050000
9440,-13.267511,0.050000
9441,-22.689078,0.050000
9442,-11.393913,0.050000
9443,-2.950947,0.050000
9444,-22.045910,0.050000
9445,-9.949241,0.050000
9446,-2.796038,0.050000
9447,-17.795497,0.050000
9448,-3.734642,0.050000
9449,-8.619108,0.050000
9450,-11.530812,0.050000
9451,-8.235299,0.050000
9452,3.472310,0.050000
9453,-10.075744,0.050000
9454,-3.510013,0.050000
9455,-13.547726,0.050000
9456,-8.135709,0.050000
9457,1.829378,0.050000
9458,-8.441385,0.050000
9459,-12.056430,0.050000
9460,-10.095921,0.050000
9461,-3.698723,0.050000
9462,-12.548136,0.050000
9463,-9.117459,0.050000
9464,-10.135794,0.050000
9465,-4.042300,0.050000
9466,-3.152121,0.050000
9467,-10.076328,0.050000
9468,-14.697792,0.050000
9469,-1.686646,0.050000
9470,-6.994916,0.050000
9471,-4.254751,0.050000
9472,-8.519968,0.050000
9473,-8.268348,0.050000
9474,-7.933094,0.050000
9475,-6.375786,0.050000
9476,-9.341714,0.050000
9477,-5.696052,0.050000
9478,-11.425321,0.050000
9479,-0.968993,0.050000
9480,-7.806481,0.050000
9481,-14.653381,0.050000
9482,-14.279718,0.050000
9483,-9.954878,0.050000
9484,1.984673,0.050000
9485,-8.625053,0.050000
9486,-12.612006,0.050000
9487,-10.582855,0.050000
9488,-9.864207,0.050000
9489,-12.157594,0.050000
9490,-5.061129,0.050000
9491,-2.168460,0.050000
9492,17.044522,0.050000
9493,-7.916988,0.050000
9494,-2.651414,0.050000
9495,-5.475401,0.050000
9496,-5.439796,0.050000
9497,-10.925297,0.050000
9498,-6.315098,0.050000
9499,-11.535656,0.050000
9500,-13.826524,0.050000
9501,-6.618116,0.050000
9502,-9.110648,0.050000
9503,1.496699,0.050000
9504,-1.780845,0.050000
9505,-11.421634,0.050000
9506,-2.727610,0.050000
9507,-14.620518,0.050000
9508,2.776805,0.050000
9509,-3.614044,0.050000
9510,-9.474752,0.050000
9511,-5.007253,0.050000
9512,-12.058989,0.050000
9513,-16.610873,0.050000
9514,-10.481375,0.050000
9515,-9.552931,0.050000
9516,-9.937862,0.050000
9517,-9.778629,0.050000
9518,-8.565466,0.050000
9519,-13.494361,0.050000
9520,-5.219400,0.050000
9521,-14.789486,0.050000
9522,-4.159664,0.050000
9523,-12.906960,0.050000
9524,-11.957680,0.050000
9525,-13.582212,0.050000
9526,-20.012862,0.050000
9527,-4.320008,0.050000
9528,-14.835169,0.050000
9529,-10.164678,0.050000
9530,-11.101519,0.050000
9531,-11.115548,0.050000
9532,-11.665564,0.050000
9533,-9.088560,0.050000
9534,-4.929407,0.050000
9535,-14.508321,0.050000
9536,-12.377129,0.050000
9537,-16.488306,0.050000
9538,-11.923377,0.050000
9539,-8.433048,0.050000
9540,-11.483179,0.050000
9541,-10.781109,0.050000
9542,-11.834936,0.050000
9543,-10.239597,0.050000
9544,-13.366234,0.050000
9545,-9.785867,0.050000
9546,-2.594345,0.050000
9547,-9.148452,0.050000
9548,-15.365449,0.050000
9549,-8.884178,0.050000
9550,0.292700,0.050000
9551,-8.553058,0.050000
9552,-12.667519,0.050000
9553,-9.281968,0.050000
9554,1.246030,0.050000
9555,-9.611671,0.050000
9556,-8.590579,0.050000
9557,-16.720715,0.050000
9558,-8.530944,0.050000
9559,-18.339671,0.050000
9560,-4.731925,0.050000
9561,-11.854722,0.050000
9562,-5.553167,0.050000
9563,-19.040379,0.050000
9564,-11.578089,0.050000
9565,-9.516336,0.050000
9566,-7.857150,0.050000
9567,-11.219558,0.050000
9568,-13.993903,0.050000
9569,-9.701147,0.050000
9570,-5.187181,0.050000
9571,-14.562120,0.050000
9572,-5.726682,0.050000
9573,-6.810089,0.050000
9574,-11.841609,0.050000
9575,-9.816801,0.050000
9576,-14.736532,0.050000
9577,-8.141428,0.050000
9578,-8.822241,0.050000
9579,-10.577253,0.050000
9580,-8.064219,0.050000
9581,-6.937118,0.050000
9582,-1.712393,0.050000
9583,-1.053867,0.050000
9584,-11.828780,0.050000
9585,-9.388125,0.050000
9586,-9.705324,0.050000
9587,-6.411290,0.050000
9588,-11.023373,0.050000
9589,-9.358352,0.050000
9590,-17.005102,0.050000
9591,-4.287773,0.050000
9592,-15.767189,0.050000
9593,-9.094437,0.050000
9594,-7.276355,0.050000
9595,-8.436848,0.050000
9596,-8.651770,0.050000
9597,1.347923,0.050000
9598,-12.557088,0.050000
9599,-17.268482,0.050000
9600,-11.049191,0.050000
9601,-20.845001,0.050000
9602,-15.588576,0.050000
9603,-15.157471,0.050000
9604,0.346510,0.050000
9605,-12.465425,0.050000
9606,-20.044679,0.050000
9607,-8.392395,0.050000
9608,-15.202963,0.050000
9609,-20.559993,0.050000
9610,-10.275294,0.050000
9611,-7.985805,0.050000
9612,-9.607564,0.050000
9613,-12.615949,0.050000
9614,-15.571972,0.050000
9615,-15.048725,0.050000
9616,-20.328348,0.050000
9617,-5.737366,0.050000
9618,-17.645636,0.050000
9619,-9.548994,0.050000
9620,-12.556365,0.050000
9621,2.585556,0.050000
9622,-14.739258,0.050000
9623,-12.071533,0.050000
9624,-9.946143,0.050000
9625,-10.759142,0.050000
9626,-10.373763,0.050000
9627,-18.606034,0.050000
9628,-15.157651,0.050000
9629,-14.861609,0.050000
9630,-6.263864,0.050000
9631,-6.637462,0.050000
9632,-8.605098,0.050000
9633,-16.555685,0.050000
9634,-17.850045,0.050000
9635,-3.460793,0.050000
9636,-5.272307,0.050000
9637,-22.551603,0.050000
9638,-18.955697,0.050000
9639,-12.752188,0.050000
9640,-15.877719,0.050000
9641,-18.613275,0.050000
9642,-7.921784,0.050000
9643,-14.415439,0.050000
9644,-9.538922,0.050000
9645,-17.032978,0.050000
9646,-22.436302,0.050000
9647,-17.109594,0.050000
9648,-15.176800,0.050000
9649,-17.097999,0.050000
9650,-21.121352,0.050000
9651,-20.898879,0.050000
9652,-18.854090,0.050000
9653,-17.983678,0.050000
9654,-23.215116,0.050000
9655,-14.541412,0.050000
9656,-13.753549,0.050000
9657,-21.419075,0.050000
9658,-10.230005,0.050000
9659,-14.124758,0.050000
9660,-12.725252,0.050000
9661,-15.955931,0.050000
9662,-17.420230,0.050000
9663,-17.513786,0.050000
9664,-9.977232,0.050000
9665,-13.415655,0.050000
9666,-13.805299,0.050000
9667,-16.354290,0.050000
9668,-18.149680,0.050000
9669,-11.308606,0.050000
9670,-13.047773,0.050000
9671,-10.981944,0.050000
9672,-10.630661,0.050000
9673,-8.888332,0.050000
9674,-14.761524,0.050000
9675,-4.847441,0.050000
9676,-14.435655,0.050000
9677,-6.628808,0.050000
9678,-10.229100,0.050000
9679,-14.860473,0.050000
9680,-16.046568,0.050000
9681,-16.220882,0.050000
9682,-12.378288,0.050000
9683,-8.495549,0.050000
9684,-12.770175,0.050000
9685,-6.977872,0.050000
9686,-8.243717,0.050000
9687,-11.511582,0.050000
9688,-14.277725,0.050000
9689,-17.903403,0.050000
9690,-12.518232,0.050000
9691,-10.638172,0.050000
9692,-5.876769,0.050000
9693,-16.084136,0.050000
9694,-8.545087,0.050000
9695,-11.960278,0.050000
9696,-4.223398,0.050000
9697,-12.194767,0.050000
9698,-6.353127,0.050000
9699,-21.807654,0.050000
9700,-19.002505,0.050000
9701,-7.979643,0.050000
9702,-8.565909,0.050000
9703,-8.095080,0.050000
9704,-20.331470,0.050000
9705,-5.969616,0.050000
9706,-11.636086,0.050000
9707,-15.800202,0.050000
9708,-4.126761,0.050000
9709,-17.528584,0.050000
9710,-17.696713,0.050000
9711,-16.484709,0.050000
9712,-18.016057,0.050000
9713,-10.037411,0.050000
9714,-14.446047,0.050000
9715,-14.463430,0.050000
9716,-8.234216,0.050000
9717,-8.268952,0.050000
9718,-14.243496,0.050000
9719,-16.278633,0.050000
9720,-15.984859,0.050000
9721,-12.515914,0.050000
9722,-22.171413,0.050000
9723,-4.717618,0.050000
9724,-8.212656,0.050000
9725,-11.135760,0.050000
9726,-20.136358,0.050000
9727,-12.354867,0.050000
9728,-22.651778,0.050000
9729,-18.917979,0.050000
9730,-11.469490,0.050000
9731,-7.386105,0.050000
9732,-8.402824,0.050000
9733,-7.379361,0.050000
9734,-21.613068,0.050000
9735,-14.775666,0.050000
9736,-6.975262,0.050000
9737,-15.160516,0.050000
9738,-19.148437,0.050000
9739,-6.507232,0.050000
9740,-9.759241,0.050000
9741,-17.344169,0.050000
9742,-11.589652,0.050000
9743,-13.588201,0.050000
9744,-23.071932,0.050000
9745,-21.847859,0.050000
9746,-15.598365,0.050000
9747,-20.185381,0.050000
9748,-21.926227,0.050000
9749,-18.039431,0.050000
9750,-16.864650,0.050000
9751,-21.742741,0.050000
9752,-23.173587,0.050000
9753,-21.639371,0.050000
9754,-12.741011,0.050000
9755,-13.003529,0.050000
9756,-8.426036,0.050000
9757,1.603928,0.050000
9758,-24.056365,0.050000
9759,-24.333526,0.050000
9760,-22.610026,0.050000
9761,-19.934606,0.050000
9762,-32.278482,0.050000
9763,-6.132800,0.050000
9764,-10.702256,0.050000
9765,-28.436594,0.050000
9766,-16.543361,0.050000
9767,-20.963526,0.050000
9768,-23.064759,0.050000
9769,-25.710772,0.050000
9770,-11.138060,0.050000
9771,-23.870788,0.050000
9772,-22.920498,0.050000
9773,-21.595070,0.050000
9774,-2.167662,0.050000
9775,-13.233910,0.050000
9776,-10.620850,0.050000
9777,-6.999352,0.050000
9778,-7.273498,0.050000
9779,-13.722201,0.050000
9780,-6.775874,0.050000
9781,-4.281316,0.050000
9782,-26.055059,0.050000
9783,-11.214309,0.050000
9784,-0.815503,0.050000
9785,-2.497699,0.050000
9786,-16.144279,0.050000
9787,-2.918056,0.050000
9788,-9.396825,0.050000
9789,-9.749924,0.050000
9790,-19.547303,0.050000
9791,-8.962040,0.050000
9792,-21.773239,0.050000
9793,-2.079700,0.050000
9794,-11.968140,0.050000
9795,-25.554992,0.050000
9796,-12.712537,0.050000
9797,-22.536341,0.050000
9798,-13.872296,0.050000
9799,-1.448507,0.050000
9800,-7.607373,0.050000
9801,-13.330878,0.050000
9802,-11.719987,0.050000
9803,-25.866300,0.050000
9804,-9.202995,0.050000
9805,-6.935581,0.050000
9806,-23.474843,0.050000
9807,-14.910873,0.050000
9808,-19.291620,0.050000
9809,-11.567386,0.050000
9810,-15.711717,0.050000
9811,-10.459385,0.050000
9812,-16.121879,0.050000
9813,-14.985632,0.050000
9814,-11.436436,0.050000
9815,-8.168098,0.050000
9816,-14.813864,0.050000
9817,-14.220101,0.050000
9818,-7.847714,0.050000
9819,-26.144227,0.050000
9820,-16.202808,0.050000
9821,-21.767689,0.050000
9822,-19.388652,0.050000
9823,-15.989552,0.050000
9824,-23.084221,0.050000
9825,-27.476666,0.050000
9826,-18.883022,0.050000
9827,4.924270,0.050000
9828,-19.685001,0.050000
9829,-7.222026,0.050000
9830,-1.148571,0.050000
9831,-7.848552,0.050000
9832,-18.659887,0.050000
9833,-18.053850,0.050000
9834,-11.071505,0.050000
9835,7.032990,0.050000
9836,-5.691935,0.050000
9837,-12.761814,0.050000
9838,-20.779910,0.050000
9839,-20.187890,0.050000
9840,-7.910683,0.050000
9841,-8.216687,0.050000
9842,-2.307153,0.050000
9843,-14.898856,0.050000
9844,-9.020113,0.050000
9845,-8.618618,0.050000
9846,-14.899065,0.050000
9847,-0.198506,0.050000
9848,-12.770064,0.050000
9849,-15.774792,0.050000
9850,-17.334069,0.050000
9851,-16.033197,0.050000
9852,-26.054860,0.050000
9853,-11.983634,0.050000
9854,-5.958199,0.050000
9855,-14.499593,0.050000
9856,-6.874380,0.050000
9857,-12.828809,0.050000
9858,-16.462423,0.050000
9859,-19.846631,0.050000
9860,-9.888600,0.050000
9861,-12.086698,0.050000
9862,-17.021391,0.050000
9863,-7.060832,0.050000
9864,-25.962151,0.050000
9865,-14.547569,0.050000
9866,-8.829115,0.050000
9867,-15.484705,0.050000
9868,-10.582179,0.050000
9869,-25.137108,0.050000
9870,-5.106344,0.050000
9871,-4.795134,0.050000
9872,-5.510157,0.050000
9873,-5.805411,0.050000
9874,-17.909525,0.050000
9875,-8.453237,0.050000
9876,-8.613776,0.050000
9877,-17.349789,0.050000
9878,-21.661129,0.050000
9879,8.022201,0.050000
9880,-17.385449,0.050000
9881,-16.908180,0.050000
9882,-10.505142,0.050000
9883,-6.048520,0.050000
9884,-1.880212,0.050000
9885,-20.279113,0.050000
9886,-3.482704,0.050000
9887,-4.249050,0.050000
9888,-12.818363,0.050000
9889,-7.217252,0.050000
9890,-4.653043,0.050000
9891,-20.048522,0.050000
9892,-11.572424,0.050000
9893,-9.951624,0.050000
9894,0.272512,0.050000
9895,-12.615912,0.050000
9896,-8.249821,0.050000
9897,-9.073384,0.050000
9898,-16.663982,0.050000
9899,-14.898571,0.050000
9900,-17.175111,0.050000
9901,-17.553723,0.050000
9902,-9.749875,0.050000
9903,-3.530658,0.050000
9904,-26.469939,0.050000
9905,-6.532045,0.050000
9906,-11.859799,0.050000
9907,-22.409673,0.050000
9908,-14.515310,0.050000
9909,-8.154440,0.050000
9910,-29.887212,0.050000
9911,-18.109397,0.050000
9912,-9.829262,0.050000
9913,-23.287384,0.050000
9914,-11.317684,0.050000
9915,-9.713047,0.050000
9916,-14.634107,0.050000
9917,-2.935285,0.050000
9918,-23.258389,0.050000
9919,-4.634638,0.050000
9920,-9.022459,0.050000
9921,-2.856809,0.050000
9922,-16.540801,0.050000
9923,-9.948095,0.050000
9924,-7.441469,0.050000
9925,-19.360356,0.050000
9926,-9.026875,0.050000
9927,-12.329233,0.050000
9928,-14.005626,0.050000
9929,-10.753595,0.050000
9930,-15.827714,0.050000
9931,-13.203076,0.050000
9932,-11.528207,0.050000
9933,-15.480933,0.050000
9934,-12.161446,0.050000
9935,-12.950187,0.050000
9936,-22.122958,0.050000
9937,-12.854710,0.050000
9938,-20.589608,0.050000
9939,-17.951897,0.050000
9940,-19.625074,0.050000
9941,-19.938976,0.050000
9942,-24.284379,0.050000
9943,-14.006027,0.050000
9944,-12.340793,0.050000
9945,-14.529379,0.050000
9946,-15.526920,0.050000
9947,-10.114684,0.050000
9948,-18.488513,0.050000
9949,-18.181637,0.050000
9950,-16.805381,0.050000
9951,-5.143932,0.050000
9952,-13.221783,0.050000
9953,-10.673027,0.050000
9954,-15.101957,0.050000
9955,-6.853509,0.050000
9956,-14.292032,0.050000
9957,-13.880548,0.050000
9958,-12.241585,0.050000
9959,-22.451414,0.050000
9960,-10.034333,0.050000
9961,-18.696801,0.050000
9962,-17.635487,0.050000
9963,-12.488658,0.050000
9964,-9.027787,0.050000
9965,-19.003997,0.050000
9966,-15.574028,0.050000
9967,-18.884841,0.050000
9968,-24.663600,0.050000
9969,-14.157380,0.050000
9970,-1.082020,0.050000
9971,-6.499685,0.050000
9972,-16.864055,0.050000
9973,-9.093472,0.050000
9974,-11.544505,0.050000
9975,-27.793540,0.050000
9976,-20.415913,0.050000
9977,-15.841178,0.050000
9978,-16.333564,0.050000
9979,-19.417070,0.050000
9980,-19.208271,0.050000
9981,-15.321768,0.050000
9982,-14.772552,0.050000
9983,-15.406631,0.050000
9984,-11.344707,0.050000
9985,-16.392167,0.050000
9986,-17.519549,0.050000
9987,-15.269691,0.050000
9988,-20.160903,0.050000
9989,-23.239019,0.050000
9990,-5.824330,0.050000
9991,-24.620013,0.050000
9992,-24.031617,0.050000
9993,-15.959043,0.050000
9994,-20.158920,0.050000
9995,-14.037611,0.050000
9996,-12.276865,0.050000
9997,-12.930805,0.050000
9998,-11.300158,0.050000
9999,-0.705362,0.050000
10000,-15.714411,0.050000
10001,-17.427532,0.050000
10002,-8.681624,0.050000
10003,-12.855264,0.050000
10004,-14.582297,0.050000
10005,-16.616143,0.050000
10006,-10.310158,0.050000
10007,-22.992580,0.050000
10008,-18.123002,0.050000
10009,-15.340530,0.050000
10010,-15.197340,0.050000
10011,-10.588684,0.050000
10012,-22.254709,0.050000
10013,-25.274284,0.050000
10014,-15.652126,0.050000
10015,-14.761397,0.050000
10016,-15.849418,0.050000
10017,-21.252018,0.050000
10018,-7.482008,0.050000
10019,-18.292236,0.050000
10020,-17.027208,0.050000
10021,-18.677225,0.050000
10022,-11.267128,0.050000
10023,-20.945275,0.050000
10024,-18.221756,0.050000
10025,-7.625832,0.050000
10026,-13.371143,0.050000
10027,-13.350247,0.050000
10028,-14.781740,0.050000
10029,-21.327101,0.050000
10030,-6.199218,0.050000
10031,-8.294217,0.050000
10032,-12.064594,0.050000
10033,-12.105833,0.050000
10034,-24.550681,0.050000
10035,-15.377913,0.050000
10036,-19.291909,0.050000
10037,-22.766432,0.050000
10038,-5.803029,0.050000
10039,-5.629033,0.050000
10040,-20.063721,0.050000
10041,-18.884836,0.050000
10042,-15.603567,0.050000
10043,-25.662689,0.050000
10044,-20.649279,0.050000
10045,-6.458888,0.050000
10046,-24.537655,0.050000
10047,-4.746112,0.050000
10048,-16.347126,0.050000
10049,-29.907637,0.050000
10050,-26.077121,0.050000
10051,-20.501867,0.050000
10052,-12.195192,0.050000
10053,-20.051810,0.050000
10054,-29.169329,0.050000
10055,-13.906188,0.050000
10056,-19.599646,0.050000
10057,-14.327523,0.050000
10058,-14.852515,0.050000
10059,-16.511926,0.050000
10060,-25.550386,0.050000
10061,-21.584331,0.050000
10062,-16.805961,0.050000
10063,-26.576693,0.050000
10064,-11.653768,0.050000
10065,-19.388930,0.050000
10066,-10.304027,0.050000
10067,-14.636327,0.050000
10068,-22.662159,0.050000
10069,-30.927875,0.050000
10070,-10.449391,0.050000
10071,-26.788365,0.050000
10072,-6.309812,0.050000
10073,-15.816871,0.050000
10074,-15.779169,0.050000
10075,-21.934571,0.050000
10076,-9.322839,0.050000
10077,-24.324830,0.050000
10078,-23.183677,0.050000
10079,-23.006230,0.050000
10080,-24.577155,0.050000
10081,-9.946537,0.050000
10082,-14.259159,0.050000
10083,-25.654918,0.050000
10084,-17.114488,0.050000
10085,-20.748081,0.050000
10086,-24.734405,0.050000
10087,-15.137682,0.050000
10088,-15.220150,0.050000
10089,-19.710248,0.050000
10090,-19.850054,0.050000
10091,-19.110326,0.050000
10092,-17.710948,0.050000
10093,-18.626186,0.050000
10094,-20.919230,0.050000
10095,-15.527390,0.050000
10096,-9.675674,0.050000
10097,-23.011094,0.050000
10098,-16.951667,0.050000
10099,-20.726765,0.050000
10100,-22.043497,0.050000
10101,-4.550652,0.050000
10102,-17.493652,0.050000
10103,-15.994267,0.050000
10104,-21.578857,0.050000
10105,-17.819731,0.050000
10106,-17.799750,0.050000
10107,-14.980987,0.050000
10108,-11.435799,0.050000
10109,-19.229138,0.050000
10110,-7.798266,0.050000
10111,-14.755733,0.050000
10112,-18.183685,0.050000
10113,-18.420578,0.050000
10114,-15.748714,0.050000
10115,-20.823022,0.050000
10116,-14.744311,0.050000
10117,-18.036810,0.050000
10118,-10.396379,0.050000
10119,-11.259835,0.050000
10120,-10.458905,0.050000
10121,-15.539754,0.050000
10122,-10.993631,0.050000
10123,-18.065630,0.050000
10124,-22.626217,0.050000
10125,-20.724097,0.050000
10126,-10.438713,0.050000
10127,-14.444331,0.050000
10128,-11.263226,0.050000
10129,-15.867657,0.050000
10130,-18.362700,0.050000
10131,-15.933811,0.050000
10132,-5.995819,0.050000
10133,-19.403138,0.050000
10134,-13.950226,0.050000
10135,-17.070840,0.050000
10136,-19.910521,0.050000
10137,-10.793902,0.050000
10138,-16.656918,0.050000
10139,-13.875075,0.050000
10140,-13.101817,0.050000
10141,-10.036452,0.050000
10142,-18.449857,0.050000
10143,-12.921203,0.050000
10144,-15.565876,0.050000
10145,-13.959724,0.050000
10146,-11.584811,0.050000
10147,-12.525583,0.050000
10148,-11.782293,0.050000
10149,-12.308608,0.050000
10150,-21.536343,0.050000
10151,-14.887310,0.050000
10152,-11.198758,0.050000
10153,-11.128909,0.050000
10154,-6.919080,0.050000
10155,-4.915230,0.050000
10156,-16.945829,0.050000
10157,-12.030188,0.050000
10158,-12.164693,0.050000
10159,-8.392167,0.050000
10160,-16.890985,0.050000
10161,-5.327384,0.050000
10162,-15.614014,0.050000
10163,-8.480814,0.050000
10164,-9.579665,0.050000
10165,-9.552814,0.050000
10166,-14.732953,0.050000
10167,-17.312540,0.050000
10168,-18.399572,0.050000
10169,-5.526373,0.050000
10170,-13.590849,0.050000
10171,-12.838865,0.050000
10172,-9.986401,0.050000
10173,-15.041509,0.050000
10174,-13.285752,0.050000
10175,-16.128452,0.050000
10176,-12.003137,0.050000
10177,-7.129263,0.050000
10178,-21.074335,0.050000
10179,-16.323728,0.050000
10180,-13.476558,0.050000
10181,-13.417911,0.050000
10182,-13.631029,0.050000
10183,-24.653075,0.050000
10184,-16.381304,0.050000
10185,-19.198070,0.050000
10186,-9.627342,0.050000
10187,-12.230233,0.050000
10188,-11.083169,0.050000
10189,-11.422882,0.050000
10190,-20.296122,0.050000
10191,-14.146727,0.050000
10192,-2.239368,0.050000
10193,-12.275440,0.050000
10194,-7.912064,0.050000
10195,-20.986976,0.050000
10196,-2.799772,0.050000
10197,-9.482592,0.050000
10198,-11.451125,0.050000
10199,-16.365519,0.050000
10200,-22.876137,0.050000
10201,-18.123558,0.050000
10202,-25.872345,0.050000
10203,-23.128498,0.050000
10204,-25.231392,0.050000
10205,-4.036965,0.050000
10206,-11.353165,0.050000
10207,-20.772857,0.050000
10208,-21.258641,0.050000
10209,-17.853253,0.050000
10210,-20.738638,0.050000
10211,-14.274345,0.050000
10212,-19.534796,0.050000
10213,-11.265896,0.050000
10214,-19.649578,0.050000
10215,-13.266265,0.050000
10216,-22.571970,0.050000
10217,-18.408446,0.050000
10218,-19.635884,0.050000
10219,-26.267371,0.050000
10220,-14.719824,0.050000
10221,-18.131365,0.050000
10222,-9.888938,0.050000
10223,-17.769877,0.050000
10224,-13.812574,0.050000
10225,-21.894373,0.050000
10226,-15.123340,0.050000
10227,-16.279434,0.050000
10228,-12.727260,0.050000
10229,-10.273265,0.050000
10230,-22.632728,0.050000
10231,-17.278110,0.050000
10232,-20.948129,0.050000
10233,-13.031736,0.050000
10234,-11.623600,0.050000
10235,-19.281586,0.050000
10236,-10.912382,0.050000
10237,-16.182927,0.050000
10238,-6.990251,0.050000
10239,-16.778148,0.050000
10240,-17.400275,0.050000
10241,-13.178951,0.050000
10242,-26.631163,0.050000
10243,-22.389628,0.050000
10244,-23.333834,0.050000
10245,-16.761225,0.050000
10246,-12.806059,0.050000
10247,-10.094333,0.050000
10248,-21.129330,0.050000
10249,-30.449702,0.050000
10250,-26.984946,0.050000
10251,-21.235636,0.050000
10252,-16.601124,0.050000
10253,-21.603275,0.050000
10254,-28.102075,0.050000
10255,-27.498947,0.050000
10256,-22.653371,0.050000
10257,-8.796547,0.050000
10258,-22.268769,0.050000
10259,-13.585315,0.050000
10260,-29.400195,0.050000
10261,-15.583060,0.050000
10262,-14.430254,0.050000
10263,-26.022073,0.050000
10264,-24.265955,0.050000
10265,-23.245821,0.050000
10266,-26.896780,0.050000
10267,-18.092711,0.050000
10268,-26.505017,0.050000
10269,-22.561868,0.050000
10270,-27.053457,0.050000
10271,-26.709188,0.050000
10272,-21.807624,0.050000
10273,-22.656056,0.050000
10274,-22.110294,0.050000
10275,-29.815630,0.050000
10276,-20.419476,0.050000
10277,-34.330865,0.050000
10278,-28.013757,0.050000
10279,-28.377154,0.050000
10280,-23.684738,0.050000
10281,-32.015518,0.050000
10282,-19.286059,0.050000
10283,-30.739180,0.050000
10284,-23.658289,0.050000
10285,-29.685898,0.050000
10286,-24.126356,0.050000
10287,-28.936363,0.050000
10288,-25.023812,0.050000
10289,-29.759854,0.050000
10290,-31.220597,0.050000
10291,-23.541322,0.050000
10292,-19.462862,0.050000
10293,-16.270960,0.050000
10294,-27.877683,0.050000
10295,-25.198484,0.050000
10296,-32.090330,0.050000
10297,-29.177054,0.050000
10298,-22.172843,0.050000
10299,-28.156431,0.050000
10300,-22.731788,0.050000
10301,-15.637750,0.050000
10302,-27.390749,0.050000
10303,-19.466979,0.050000
10304,-21.283452,0.050000
10305,-29.986932,0.050000
10306,-22.437747,0.050000
10307,-12.088250,0.050000
10308,-26.721841,0.050000
10309,-25.172251,0.050000
10310,-30.467733,0.050000
10311,-29.349504,0.050000
10312,-19.271170,0.050000
10313,-27.928241,0.050000
10314,-25.229912,0.050000
10315,-28.466845,0.050000
10316,-27.279655,0.050000
10317,-14.880006,0.050000
10318,-23.374065,0.050000
10319,-24.428703,0.050000
10320,-21.076673,0.050000
10321,-13.796436,0.050000
10322,-19.802579,0.050000
10323,-27.400771,0.050000
10324,-19.114840,0.050000
10325,-19.056793,0.050000
10326,-18.191704,0.050000
10327,-16.616650,0.050000
10328,-21.253774,0.050000
10329,-14.799376,0.050000
10330,-16.023620,0.050000
10331,-13.130565,0.050000
10332,-21.555270,0.050000
10333,-9.195853,0.050000
10334,-15.879109,0.050000
10335,-24.375418,0.050000
10336,-24.540765,0.050000
10337,-20.087035,0.050000
10338,-16.849580,0.050000
10339,-16.412497,0.050000
10340,-15.589041,0.050000
10341,-21.624296,0.050000
10342,-22.724323,0.050000
10343,-26.538707,0.050000
10344,-22.924089,0.050000
10345,-28.630305,0.050000
10346,-20.538535,0.050000
10347,-29.088268,0.050000
10348,-34.862651,0.050000
10349,-24.480160,0.050000
10350,-28.699555,0.050000
10351,-28.921675,0.050000
10352,-22.609893,0.050000
10353,-28.486756,0.050000
10354,-23.078032,0.050000
10355,-26.150791,0.050000
10356,-27.665217,0.050000
10357,-29.611374,0.050000
10358,-29.777902,0.050000
10359,-28.500902,0.050000
10360,-23.609500,0.050000
10361,-26.125157,0.050000
10362,-28.888678,0.050000
10363,-26.700125,0.050000
10364,-15.987891,0.050000
10365,-20.098453,0.050000
10366,-24.807119,0.050000
10367,-22.431189,0.050000
10368,-21.532045,0.050000
10369,-28.139056,0.050000
10370,-25.743277,0.050000
10371,-26.935528,0.050000
10372,-30.629814,0.050000
10373,-22.384544,0.050000
10374,-31.533654,0.050000
10375,-24.169216,0.050000
10376,-28.075217,0.050000
10377,-23.950212,0.050000
10378,-23.367655,0.050000
10379,-25.295612,0.050000
10380,-19.173980,0.050000
10381,-28.082981,0.050000
10382,-22.522809,0.050000
10383,-14.935371,0.050000
10384,-25.241605,0.050000
10385,-30.376545,0.050000
10386,-19.437355,0.050000
10387,-26.665514,0.050000
10388,-20.368639,0.050000
10389,-27.359536,0.050000
10390,-24.912537,0.050000
10391,-18.503708,0.050000
10392,-21.728572,0.050000
10393,-23.255376,0.050000
10394,-24.061952,0.050000
10395,-27.790291,0.050000
10396,-33.180977,0.050000
10397,-13.926130,0.050000
10398,-22.197818,0.050000
10399,-20.219589,0.050000
10400,-25.308039,0.050000
10401,-27.332754,0.050000
10402,-23.193598,0.050000
10403,-25.709097,0.050000
10404,-23.898602,0.050000
10405,-27.981695,0.050000
10406,-29.155250,0.050000
10407,-10.468388,0.050000
10408,-23.428548,0.050000
10409,-24.857240,0.050000
10410,-14.280922,0.050000
10411,-27.280377,0.050000
10412,-28.060667,0.050000
10413,-36.428805,0.050000
10414,-21.192871,0.050000
10415,-31.757532,0.050000
10416,-21.786233,0.050000
10417,-26.964540,0.050000
10418,-33.490305,0.050000
10419,-22.697637,0.050000
10420,-17.180769,0.050000
10421,-27.476497,0.050000
10422,-25.936100,0.050000
10423,-27.249903,0.050000
10424,-22.970219,0.050000
10425,-29.260385,0.050000
10426,-26.090311,0.050000
10427,-24.373385,0.050000
10428,-14.957773,0.050000
10429,-33.951656,0.050000
10430,-21.443991,0.050000
10431,-18.328661,0.050000
10432,-19.390570,0.050000
10433,-34.369025,0.050000
10434,-38.003004,0.050000
10435,-33.718111,0.050000
10436,-25.990725,0.050000
10437,-28.246381,0.050000
10438,-25.393016,0.050000
10439,-39.487141,0.050000
10440,-28.203055,0.050000
10441,-28.450575,0.050000
10442,-28.333223,0.050000
10443,-22.086446,0.050000
10444,-27.878154,0.050000
10445,-28.511701,0.050000
10446,-32.765203,0.050000
10447,-32.713315,0.050000
10448,-30.876810,0.050000
10449,-37.705037,0.050000
10450,-34.690591,0.050000
10451,-15.181239,0.050000
10452,-23.471968,0.050000
10453,-18.947487,0.050000
10454,-36.161017,0.050000
10455,-29.443102,0.050000
10456,-22.563063,0.050000
10457,-27.863528,0.050000
10458,-19.743402,0.050000
10459,-23.355763,0.050000
10460,-24.144226,0.050000
10461,-35.256705,0.050000
10462,-18.449092,0.050000
10463,-17.482663,0.050000
10464,-16.471204,0.050000
10465,-27.205200,0.050000
10466,-36.263711,0.050000
10467,-33.108842,0.050000
10468,-37.179904,0.050000
10469,-19.284160,0.050000
10470,-18.241828,0.050000
10471,-33.842543,0.050000
10472,-18.862963,0.050000
10473,-14.883289,0.050000
10474,-31.212645,0.050000
10475,-25.235551,0.050000
10476,-18.432495,0.050000
10477,-8.258835,0.050000
10478,-29.631677,0.050000
10479,-11.195016,0.050000
10480,-17.644431,0.050000
10481,-18.635707,0.050000
10482,-33.787548,0.050000
10483,-29.943840,0.050000
10484,-28.784444,0.050000
10485,-21.067883,0.050000
10486,-22.272495,0.050000
10487,-21.776048,0.050000
10488,-8.460540,0.050000
10489,-19.072716,0.050000
10490,-18.856929,0.050000
10491,-31.348623,0.050000
10492,-34.037434,0.050000
10493,-32.951334,0.050000
10494,-7.887297,0.050000
10495,-16.561591,0.050000
10496,-27.493620,0.050000
10497,-28.672251,0.050000
10498,-23.164671,0.050000
10499,-20.066074,0.050000
10500,-33.181751,0.050000
10501,-24.294012,0.050000
10502,-24.926270,0.050000
10503,-22.544227,0.050000
10504,-28.145621,0.050000
10505,-28.905682,0.050000
10506,-24.724681,0.050000
10507,-16.104682,0.050000
10508,-12.785760,0.050000
10509,-23.144887,0.050000
10510,-14.578941,0.050000
10511,-24.215599,0.050000
10512,-20.908252,0.050000
10513,-25.975553,0.050000
10514,-21.500791,0.050000
10515,-26.718903,0.050000
10516,-17.042208,0.050000
10517,-23.487823,0.050000
10518,-31.293559,0.050000
10519,-14.842807,0.050000
10520,-21.738749,0.050000
10521,-26.327060,0.050000
10522,-27.441400,0.050000
10523,-26.485364,0.050000
10524,-23.918940,0.050000
10525,-32.904977,0.050000
10526,-31.545206,0.050000
10527,-30.602129,0.050000
10528,-27.772297,0.050000
10529,-26.971095,0.050000
10530,-43.283059,0.050000
10531,-22.227570,0.050000
10532,-34.490415,0.050000
10533,-2.583538,0.050000
10534,-18.748836,0.050000
10535,-29.819654,0.050000
10536,-22.615375,0.050000
10537,-44.571787,0.050000
10538,-34.744925,0.050000
10539,-37.473732,0.050000
10540,-31.933793,0.050000
10541,-31.171619,0.050000
10542,-21.396100,0.050000
10543,-28.255890,0.050000
10544,-27.702503,0.050000
10545,-30.030917,0.050000
10546,-32.049394,0.050000
10547,-26.023916,0.050000
10548,-30.977106,0.050000
10549,-25.722110,0.050000
10550,-29.801394,0.050000
10551,-31.233708,0.050000
10552,-32.935006,0.050000
10553,-29.385150,0.050000
10554,-31.579339,0.050000
10555,-12.005175,0.050000
10556,-22.373034,0.050000
10557,-25.537043,0.050000
10558,-27.564073,0.050000
10559,-30.579091,0.050000
10560,-25.111680,0.050000
10561,-28.746925,0.050000
10562,-20.601924,0.050000
10563,-30.639212,0.050000
10564,-8.971188,0.050000
10565,-29.890314,0.050000
10566,-18.492432,0.050000
10567,-31.290715,0.050000
10568,-22.264679,0.050000
10569,-29.440962,0.050000
10570,-37.849406,0.050000
10571,-31.839328,0.050000
10572,-31.591145,0.050000
10573,-15.976986,0.050000
10574,-27.478861,0.050000
10575,-25.842644,0.050000
10576,-27.313995,0.050000
10577,-24.511994,0.050000
10578,-19.825227,0.050000
10579,-19.972866,0.050000
10580,-34.092054,0.050000
10581,-42.663439,0.050000
10582,-32.741755,0.050000
10583,-29.676860,0.050000
10584,-31.341044,0.050000
10585,-30.645115,0.050000
10586,-32.069510,0.050000
10587,-35.285989,0.050000
10588,-31.877325,0.050000
10589,-28.735304,0.050000
10590,-22.189856,0.050000
10591,-25.522780,0.050000
10592,-36.850096,0.050000
10593,-20.124145,0.050000
10594,-31.395172,0.050000
10595,-25.419176,0.050000
10596,-21.785967,0.050000
10597,-22.111057,0.050000
10598,-14.447562,0.050000
10599,-28.380049,0.050000
10600,-28.859861,0.050000
10601,-30.896976,0.050000
10602,-18.038702,0.050000
10603,-9.934445,0.050000
10604,-15.914282,0.050000
10605,-14.948313,0.050000
10606,-32.297297,0.050000
10607,-31.134203,0.050000
10608,-24.572237,0.050000
10609,-36.447007,0.050000
10610,-18.294349,0.050000
10611,-16.530959,0.050000
10612,-27.593469,0.050000
10613,-21.988739,0.050000
10614,-24.620725,0.050000
10615,-29.021420,0.050000
10616,-37.422978,0.050000
10617,-23.523895,0.050000
10618,-30.446031,0.050000
10619,-32.299098,0.050000
10620,-39.999560,0.050000
10621,-13.443140,0.050000
10622,-24.790231,0.050000
10623,-17.461274,0.050000
10624,-25.862775,0.050000
10625,-25.046863,0.050000
10626,-0.648354,0.050000
10627,-23.229105,0.050000
10628,-12.357102,0.050000
10629,-25.885519,0.050000
10630,-40.618084,0.050000
10631,-31.527502,0.050000
10632,-27.596166,0.050000
10633,-22.664396,0.050000
10634,-27.436350,0.050000
10635,-28.443754,0.050000
10636,-19.074466,0.050000
10637,-33.621780,0.050000
10638,-15.143879,0.050000
10639,-28.827260,0.050000
10640,-13.209971,0.050000
10641,-28.173048,0.050000
10642,-7.896944,0.050000
10643,-24.304246,0.050000
10644,-24.890184,0.050000
10645,-30.328926,0.050000
10646,-36.607719,0.050000
10647,-20.564520,0.050000
10648,-17.772979,0.050000
10649,-25.544879,0.050000
10650,-17.720821,0.050000
10651,-15.382953,0.050000
10652,-27.234724,0.050000
10653,-16.811615,0.050000
10654,-24.272714,0.050000
10655,-11.053318,0.050000
10656,-30.592394,0.050000
10657,-26.144447,0.050000
10658,-31.300696,0.050000
10659,-21.350671,0.050000
10660,-23.544539,0.050000
10661,-29.802590,0.050000
10662,-28.317085,0.050000
10663,-22.216844,0.050000
10664,-9.233819,0.050000
10665,-28.148474,0.050000
10666,-18.418642,0.050000
10667,-28.156849,0.050000
10668,-23.433922,0.050000
10669,-13.011222,0.050000
10670,-21.640344,0.050000
10671,-35.450620,0.050000
10672,-21.835263,0.050000
10673,-28.548905,0.050000
10674,-21.929061,0.050000
10675,-18.423348,0.050000
10676,-19.265621,0.050000
10677,-28.884141,0.050000
10678,-23.389590,0.050000
10679,-21.093767,0.050000
10680,-8.229610,0.050000
10681,-18.109314,0.050000
10682,-27.578061,0.050000
10683,-24.894035,0.050000
10684,-24.427606,0.050000
10685,-26.044319,0.050000
10686,-25.391826,0.050000
10687,-21.535543,0.050000
10688,-21.130367,0.050000
10689,-21.236679,0.050000
10690,-20.434145,0.050000
10691,-14.886144,0.050000
10692,-20.241720,0.050000
10693,-22.153839,0.050000
10694,-10.387807,0.050000
10695,-23.027462,0.050000
10696,-26.689310,0.050000
10697,-20.948129,0.050000
10698,-22.694971,0.050000
10699,-25.673085,0.050000
10700,-22.628527,0.050000
10701,-20.320258,0.050000
10702,-11.784463,0.050000
10703,-31.987107,0.050000
10704,-29.141622,0.050000
10705,-20.148228,0.050000
10706,-20.904678,0.050000
10707,-26.475428,0.050000
10708,-27.764966,0.050000
10709,-29.102027,0.050000
10710,-7.597124,0.050000
10711,-33.532204,0.050000
10712,-29.618948,0.050000
10713,-13.276713,0.050000
10714,-31.752385,0.050000
10715,-20.721847,0.050000
10716,-25.907761,0.050000
10717,-17.052847,0.050000
10718,-19.919838,0.050000
10719,-23.994652,0.050000
10720,-24.982523,0.050000
10721,-16.311903,0.050000
10722,-27.699901,0.050000
10723,-24.953957,0.050000
10724,-24.604089,0.050000
10725,-5.576782,0.050000
10726,-25.048875,0.050000
10727,-17.414782,0.050000
10728,-20.348397,0.050000
10729,-14.536126,0.050000
10730,-26.749305,0.050000
10731,-24.859306,0.050000
10732,-25.667545,0.050000
10733,-23.911039,0.050000
10734,-17.394987,0.050000
10735,-20.831275,0.050000
10736,-26.816232,0.050000
10737,-27.051643,0.050000
10738,-24.638195,0.050000
10739,-25.516143,0.050000
10740,-20.707740,0.050000
10741,-5.111978,0.050000
10742,-15.162918,0.050000
10743,-24.651880,0.050000
10744,-25.397935,0.050000
10745,-14.669854,0.050000
10746,-14.979405,0.050000
10747,-23.096253,0.050000
10748,-19.897918,0.050000
10749,-21.808672,0.050000
10750,-22.087054,0.050000
10751,-16.185674,0.050000
10752,-17.542225,0.050000
10753,-18.200254,0.050000
10754,-18.561970,0.050000
10755,-20.394117,0.050000
10756,-21.467108,0.050000
10757,-20.856388,0.050000
10758,-14.140438,0.050000
10759,-24.102925,0.050000
10760,-15.465066,0.050000
10761,-15.111449,0.050000
10762,-11.173713,0.050000
10763,-21.557877,0.050000
10764,-21.534010,0.050000
10765,-20.390414,0.050000
10766,-18.591143,0.050000
10767,-24.434767,0.050000
10768,-22.399247,0.050000
10769,-28.652638,0.050000
10770,-20.682852,0.050000
10771,-28.209068,0.050000
10772,-21.755191,0.050000
10773,-14.047463,0.050000
10774,-18.134547,0.050000
10775,-27.459178,0.050000
10776,-26.144846,0.050000
10777,-20.372832,0.050000
10778,-19.682837,0.050000
10779,-24.596076,0.050000
10780,-30.148602,0.050000
10781,-23.899836,0.050000
10782,-25.853213,0.050000
10783,-26.267260,0.050000
10784,-30.238063,0.050000
10785,-27.998661,0.050000
10786,-25.403867,0.050000
10787,-20.077602,0.050000
10788,-22.554879,0.050000
10789,-17.069862,0.050000
10790,-11.788847,0.050000
10791,-21.331236,0.050000
10792,8.476769,0.050000
10793,-15.933983,0.050000
10794,-12.937566,0.050000
10795,-3.960534,0.050000
10796,-18.081852,0.050000
10797,-9.750257,0.050000
10798,-4.117909,0.050000
10799,-14.321694,0.050000
10800,-11.483308,0.050000
10801,-10.754777,0.050000
10802,-17.643771,0.050000
10803,-18.991421,0.050000
10804,-12.489595,0.050000
10805,-6.464898,0.050000
10806,-3.390130,0.050000
10807,-16.904898,0.050000
10808,-8.885052,0.050000
10809,-15.611967,0.050000
10810,-16.959265,0.050000
10811,-18.360308,0.050000
10812,-14.585081,0.050000
10813,-15.867316,0.050000
10814,-10.243089,0.050000
10815,-10.097042,0.050000
10816,-5.915193,0.050000
10817,-19.051576,0.050000
10818,-18.945741,0.050000
10819,-11.225209,0.050000
10820,-14.001830,0.050000
10821,-6.528400,0.050000
10822,-11.886060,0.050000
10823,-8.192793,0.050000
10824,-10.230484,0.050000
10825,-13.007246,0.050000
10826,-5.774665,0.050000
10827,-14.213576,0.050000
10828,-21.291761,0.050000
10829,-15.205846,0.050000
10830,-13.987110,0.050000
10831,-17.900150,0.050000
10832,-11.195804,0.050000
10833,-15.605657,0.050000
10834,-13.283714,0.050000
10835,-17.389158,0.050000
10836,-5.250049,0.050000
10837,-25.837880,0.050000
10838,-18.182549,0.050000
10839,-16.506744,0.050000
10840,-20.680410,0.050000
10841,3.495663,0.050000
10842,-18.684698,0.050000
10843,-9.460213,0.050000
10844,-23.261215,0.050000
10845,-19.725238,0.050000
10846,-21.755633,0.050000
10847,-21.914498,0.050000
10848,-6.295985,0.050000
10849,-15.434915,0.050000
10850,-16.930770,0.050000
10851,-4.503351,0.050000
10852,-13.966273,0.050000
10853,-12.571282,0.050000
10854,-14.837023,0.050000
10855,-15.628448,0.050000
10856,-10.769405,0.050000
10857,-11.265665,0.050000
10858,-20.062322,0.050000
10859,-19.542054,0.050000
10860,-20.875191,0.050000
10861,-20.847557,0.050000
10862,-16.574184,0.050000
10863,-12.754121,0.050000
10864,-10.654970,0.050000
10865,-17.733481,0.050000
10866,-12.640015,0.050000
10867,-11.933890,0.050000
10868,-8.986934,0.050000
10869,-21.348719,0.050000
10870,-11.884685,0.050000
10871,-19.346707,0.050000
10872,-7.799698,0.050000
10873,-11.579707,0.050000
10874,-19.443598,0.050000
10875,-21.303823,0.050000
10876,-8.417506,0.050000
10877,-20.003727,0.050000
10878,-18.094601,0.050000
10879,-19.000188,0.050000
10880,-15.506378,0.050000
10881,-18.746457,0.050000
10882,-29.463263,0.050000
10883,-22.324715,0.050000
10884,-23.579620,0.050000
10885,-24.914844,0.050000
10886,-15.628734,0.050000
10887,-22.087092,0.050000
10888,-23.204362,0.050000
10889,-16.003650,0.050000
10890,-11.359157,0.050000
10891,-6.232526,0.050000
10892,-24.426362,0.050000
10893,-21.442077,0.050000
10894,-21.413441,0.050000
10895,-17.998388,0.050000
10896,-25.792812,0.050000
10897,-24.480045,0.050000
10898,-28.176171,0.050000
10899,-19.222527,0.050000
10900,-24.586036,0.050000
10901,-27.483816,0.050000
10902,-27.290469,0.050000
10903,-22.950660,0.050000
10904,-16.313093,0.050000
10905,-24.986817,0.050000
10906,-17.423240,0.050000
10907,-26.116549,0.050000
10908,-30.142161,0.050000
10909,-23.188597,0.050000
10910,-25.688482,0.050000
10911,-29.803386,0.050000
10912,-18.156522,0.050000
10913,-23.918517,0.050000
10914,-28.468540,0.050000
10915,-23.489076,0.050000
10916,-24.318024,0.050000
10917,-25.347484,0.050000
10918,-21.981014,0.050000
10919,-24.551823,0.050000
10920,-20.166475,0.050000
10921,-22.595393,0.050000
10922,-23.154032,0.050000
10923,-26.567298,0.050000
10924,-30.310932,0.050000
10925,-28.078051,0.050000
10926,-21.534997,0.050000
10927,-25.291140,0.050000
10928,-27.223035,0.050000
10929,-22.202366,0.050000
10930,-29.535435,0.050000
10931,-26.949042,0.050000
10932,-27.057350,0.050000
10933,-27.671124,0.050000
10934,-17.035174,0.050000
10935,-20.951965,0.050000
10936,-28.198438,0.050000
10937,-29.031326,0.050000
10938,-28.024466,0.050000
10939,-28.424784,0.050000
10940,-29.712653,0.050000
10941,-21.897417,0.050000
10942,-19.433034,0.050000
10943,-27.777952,0.050000
10944,-21.879752,0.050000
10945,-22.300544,0.050000
10946,-26.938917,0.050000
10947,-31.372697,0.050000
10948,-30.588153,0.050000
10949,-19.130769,0.050000
10950,-29.055223,0.050000
10951,-22.098696,0.050000
10952,-18.456533,0.050000
10953,-26.921750,0.050000
10954,-15.774908,0.050000
10955,-31.817024,0.050000
10956,-28.813201,0.050000
10957,-22.331215,0.050000
10958,-23.650301,0.050000
10959,-24.889872,0.050000
10960,-30.662202,0.050000
10961,-26.527212,0.050000
10962,-29.138051,0.050000
10963,-29.661095,0.050000
10964,-30.577917,0.050000
10965,-23.347323,0.050000
10966,-28.610534,0.050000
10967,-29.141006,0.050000
10968,-30.523059,0.050000
10969,-17.468646,0.050000
10970,-28.893541,0.050000
10971,-33.244591,0.050000
10972,-23.889824,0.050000
10973,-15.642901,0.050000
10974,-21.082634,0.050000
10975,-34.163183,0.050000
10976,-32.062616,0.050000
10977,-32.460006,0.050000
10978,-24.919950,0.050000
10979,-13.194925,0.050000
10980,-28.651149,0.050000
10981,-31.424340,0.050000
10982,-25.657678,0.050000
10983,-31.181959,0.050000
10984,-28.900531,0.050000
10985,-22.951706,0.050000
10986,-34.985844,0.050000
10987,-31.692646,0.050000
10988,-27.032787,0.050000
10989,-32.858246,0.050000
10990,-32.603130,0.050000
10991,-27.388903,0.050000
10992,-27.524052,0.050000
10993,-30.518551,0.050000
10994,-28.365700,0.050000
10995,-10.565894,0.050000
10996,-19.651344,0.050000
10997,-27.843925,0.050000
10998,-18.570914,0.050000
10999,-23.957709,0.050000
11000,-20.322883,0.050000
11001,-25.318885,0.050000
11002,-20.988672,0.050000
11003,-27.525900,0.050000
11004,-26.681955,0.050000
11005,-31.802903,0.050000
11006,-24.936603,0.050000
11007,-22.492312,0.050000
11008,-31.485060,0.050000
11009,-26.107813,0.050000
11010,-28.207037,0.050000
11011,-27.124941,0.050000
11012,-30.723762,0.050000
11013,-32.143002,0.050000
11014,-26.441194,0.050000
11015,-25.176558,0.050000
11016,-28.054491,0.050000
11017,-23.117856,0.050000
11018,-28.202784,0.050000
11019,-28.821179,0.050000
11020,-20.968392,0.050000
11021,-24.305249,0.050000
11022,-23.151546,0.050000
11023,-24.002257,0.050000
11024,-31.325579,0.050000
11025,-23.883188,0.050000
11026,-21.756212,0.050000
11027,-25.821590,0.050000
11028,-24.825220,0.050000
11029,-23.778842,0.050000
11030,-21.374924,0.050000
11031,-24.602313,0.050000
11032,-17.019305,0.050000
11033,-24.173104,0.050000
11034,-21.569544,0.050000
11035,-9.804149,0.050000
11036,-20.141224,0.050000
11037,-16.669553,0.050000
11038,-23.948495,0.050000
11039,-18.481501,0.050000
11040,-25.123288,0.050000
11041,-23.170903,0.050000
11042,-19.746957,0.050000
11043,-19.698187,0.050000
11044,-17.651611,0.050000
11045,-26.509428,0.050000
11046,-23.664488,0.050000
11047,-22.452010,0.050000
11048,-23.212348,0.050000
11049,-24.500910,0.050000
11050,-23.391651,0.050000
11051,-27.081563,0.050000
11052,-19.226513,0.050000
11053,-14.164656,0.050000
11054,-8.082827,0.050000
11055,-23.610732,0.050000
11056,-24.912181,0.050000
11057,-23.458495,0.050000
11058,-18.789226,0.050000
11059,-21.500942,0.050000
11060,-21.875620,0.050000
11061,-22.623360,0.050000
11062,-15.961480,0.050000
11063,-27.664252,0.050000
11064,-29.947602,0.050000
11065,-21.014162,0.050000
11066,-15.078074,0.050000
11067,-21.273749,0.050000
11068,-19.010875,0.050000
11069,-19.435278,0.050000
11070,-23.858318,0.050000
11071,-19.813595,0.050000
11072,-25.944179,0.050000
11073,-20.716175,0.050000
11074,-20.553464,0.050000
11075,-22.648719,0.050000
11076,-23.284319,0.050000
11077,-21.369250,0.050000
11078,-23.105239,0.050000
11079,-17.684579,0.050000
11080,-27.275793,0.050000
11081,-3.148757,0.050000
11082,-16.411226,0.050000
11083,-20.037100,0.050000
11084,-20.642899,0.050000
11085,-25.747854,0.050000
11086,-13.479877,0.050000
11087,-28.371936,0.050000
11088,-25.974813,0.050000
11089,-25.463178,0.050000
11090,-25.696153,0.050000
11091,-24.181950,0.050000
11092,-22.741863,0.050000
11093,-25.424408,0.050000
11094,-22.113372,0.050000
11095,-14.410012,0.050000
11096,-29.988667,0.050000
11097,-20.147345,0.050000
11098,-26.100821,0.050000
11099,-28.296610,0.050000
11100,-9.918039,0.050000
11101,-11.737000,0.050000
11102,-23.098214,0.050000
11103,-15.231387,0.050000
11104,-23.336171,0.050000
11105,-18.751397,0.050000
11106,-14.741266,0.050000
11107,-19.550750,0.050000
11108,-7.447125,0.050000
11109,-18.316150,0.050000
11110,-17.310573,0.050000
11111,-4.943418,0.050000
11112,-17.864055,0.050000
11113,1.306883,0.050000
11114,-17.415872,0.050000
11115,-12.800055,0.050000
11116,-11.336475,0.050000
11117,-6.080199,0.050000
11118,-14.026765,0.050000
11119,-15.321878,0.050000
11120,-13.132079,0.050000
11121,-12.584772,0.050000
11122,-7.896144,0.050000
11123,-11.939950,0.050000
11124,-5.485760,0.050000
11125,-14.286133,0.050000
11126,-12.763766,0.050000
11127,-14.629434,0.050000
11128,-12.842510,0.050000
11129,-9.912316,0.050000
11130,-11.540154,0.050000
11131,-9.390108,0.050000
11132,7.891865,0.050000
11133,-3.269015,0.050000
11134,-11.019164,0.050000
11135,-8.275595,0.050000
11136,-9.669315,0.050000
11137,-11.876313,0.050000
11138,-10.116450,0.050000
11139,-17.550074,0.050000
11140,-12.916315,0.050000
11141,-13.647536,0.050000
11142,-3.556545,0.050000
11143,-13.795909,0.050000
11144,-17.665781,0.050000
11145,-10.029971,0.050000
11146,-9.232794,0.050000
11147,-16.706901,0.050000
11148,-13.307145,0.050000
11149,-10.193627,0.050000
11150,-9.404681,0.050000
11151,-13.685916,0.050000
11152,-8.964752,0.050000
11153,5.690547,0.050000
11154,-11.079633,0.050000
11155,-2.198556,0.050000
11156,-14.374840,0.050000
11157,-8.877883,0.050000
11158,-7.798772,0.050000
11159,-5.809489,0.050000
11160,-18.090245,0.050000
11161,-11.760792,0.050000
11162,-13.665858,0.050000
11163,-2.082774,0.050000
11164,-18.202689,0.050000
11165,-3.513444,0.050000
11166,-1.496535,0.050000
11167,-18.346586,0.050000
11168,-7.380850,0.050000
11169,-18.391400,0.050000
11170,-2.996807,0.050000
11171,-21.072636,0.050000
11172,-7.579799,0.050000
11173,-8.298656,0.050000
11174,-6.597287,0.050000
11175,-9.552583,0.050000
11176,-11.212635,0.050000
11177,-21.430718,0.050000
11178,-4.658911,0.050000
11179,-15.365109,0.050000
11180,-10.312995,0.050000
11181,-11.280936,0.050000
11182,-4.843861,0.050000
11183,-10.396045,0.050000
11184,-11.001577,0.050000
11185,-10.053826,0.050000
11186,-11.918114,0.050000
11187,-13.589226,0.050000
11188,-9.403848,0.050000
11189,-14.130015,0.050000
11190,-12.432694,0.050000
11191,-5.174481,0.050000
11192,-4.926418,0.050000
11193,-10.802119,0.050000
11194,-12.894246,0.050000
11195,-2.502711,0.050000
11196,-13.673429,0.050000
11197,-5.290824,0.050000
11198,-8.178881,0.050000
11199,-6.990118,0.050000
11200,-10.207573,0.050000
11201,-5.997677,0.050000
11202,-12.515352,0.050000
11203,-8.135910,0.050000
11204,-2.240734,0.050000
11205,-11.943121,0.050000
11206,-12.877481,0.050000
11207,-11.811012,0.050000
11208,-9.682071,0.050000
11209,-15.784379,0.050000
11210,-8.405200,0.050000
11211,-14.592382,0.050000
11212,-6.708735,0.050000
11213,-5.177614,0.050000
11214,-5.112273,0.050000
11215,-4.560667,0.050000
11216,2.315896,0.050000
11217,-2.916582,0.050000
11218,-5.987733,0.050000
11219,0.741166,0.050000
11220,-1.617660,0.050000
11221,-7.400632,0.050000
11222,-7.337666,0.050000
11223,-8.205022,0.050000
11224,-10.239812,0.050000
11225,0.728768,0.050000
11226,-3.963055,0.050000
11227,-10.246916,0.050000
11228,-12.955741,0.050000
11229,-11.085468,0.050000
11230,-15.808254,0.050000
11231,-12.344015,0.050000
11232,-11.675769,0.050000
11233,2.072148,0.050000
11234,-10.339695,0.050000
11235,-12.401648,0.050000
11236,-12.177564,0.050000
11237,-8.469727,0.050000
11238,0.889940,0.050000
11239,-5.998517,0.050000
11240,0.397037,0.050000
11241,-11.778667,0.050000
11242,-8.716840,0.050000
11243,-9.986634,0.050000
11244,-8.594529,0.050000
11245,-11.970695,0.050000
11246,-8.531135,0.050000
11247,-15.209397,0.050000
11248,-11.570194,0.050000
11249,-11.323652,0.050000
11250,-9.002085,0.050000
11251,-12.302287,0.050000
11252,-3.351156,0.050000
11253,-15.062227,0.050000
11254,-7.651485,0.050000
11255,-1.323473,0.050000
11256,-0.094404,0.050000
11257,-8.595447,0.050000
11258,-6.985909,0.050000
11259,-12.039540,0.050000
11260,-6.257561,0.050000
11261,-10.744631,0.050000
11262,-13.541111,0.050000
11263,0.595994,0.050000
11264,-3.338226,0.050000
11265,-4.806739,0.050000
11266,-4.103002,0.050000
11267,-4.872938,0.050000
11268,-6.776905,0.050000
11269,-10.169657,0.050000
11270,-14.141988,0.050000
11271,-8.376931,0.050000
11272,-8.463011,0.050000
11273,-8.722362,0.050000
11274,-10.281510,0.050000
11275,-4.057053,0.050000
11276,-12.816659,0.050000
11277,-3.629793,0.050000
11278,-1.965963,0.050000
11279,-11.557549,0.050000
11280,-11.137337,0.050000
11281,-3.227316,0.050000
11282,-7.726053,0.050000
11283,-3.690604,0.050000
11284,-9.263334,0.050000
11285,3.142725,0.050000
11286,-4.621840,0.050000
11287,-9.231038,0.050000
11288,-9.815818,0.050000
11289,4.132862,0.050000
11290,-11.300670,0.050000
11291,-5.778852,0.050000
11292,-17.140826,0.050000
11293,-6.034840,0.050000
11294,-16.079894,0.050000
11295,-16.314958,0.050000
11296,-5.731244,0.050000
11297,-13.304699,0.050000
11298,-12.313375,0.050000
11299,-6.549823,0.050000
11300,-9.613424,0.050000
11301,1.429379,0.050000
11302,-6.272271,0.050000
11303,-8.798670,0.050000
11304,-9.652542,0.050000
11305,-8.172892,0.050000
11306,-10.094410,0.050000
11307,-9.567783,0.050000
11308,-5.507691,0.050000
11309,-6.546454,0.050000
11310,-6.467064,0.050000
11311,-14.525345,0.050000
11312,-7.259223,0.050000
11313,-6.881266,0.050000
11314,-9.863956,0.050000
11315,-12.637901,0.050000
11316,-12.974868,0.050000
11317,-13.658172,0.050000
11318,-6.166378,0.050000
11319,-9.193281,0.050000
11320,-9.526500,0.050000
11321,-16.221354,0.050000
11322,-5.452017,0.050000
11323,-14.641741,0.050000
11324,-2.939869,0.050000
11325,-20.590832,0.050000
11326,-19.945150,0.050000
11327,-17.437117,0.050000
11328,-13.823672,0.050000
11329,-16.465417,0.050000
11330,-13.878054,0.050000
11331,-13.702788,0.050000
11332,-16.295587,0.050000
11333,-17.575623,0.050000
11334,-8.290796,0.050000
11335,-17.215899,0.050000
11336,-13.168738,0.050000
11337,-9.775784,0.050000
11338,-18.224154,0.050000
11339,-16.458653,0.050000
11340,-13.185494,0.050000
11341,-15.026399,0.050000
11342,-14.224801,0.050000
11343,-7.645278,0.050000
11344,-10.647908,0.050000
11345,-12.704613,0.050000
11346,-8.630417,0.050000
11347,-16.958644,0.050000
11348,-6.861433,0.050000
11349,-4.990375,0.050000
11350,-6.873000,0.050000
11351,-10.734591,0.050000
11352,-11.066059,0.050000
11353,-15.838051,0.050000
11354,-10.815292,0.050000
11355,-12.185161,0.050000
11356,-13.889107,0.050000
11357,-21.870149,0.050000
11358,-22.804580,0.050000
11359,-23.892904,0.050000
11360,-5.626028,0.050000
11361,-20.698536,0.050000
11362,-12.907897,0.050000
11363,-13.654927,0.050000
11364,-12.740653,0.050000
11365,-12.248728,0.050000
11366,-11.431291,0.050000
11367,-8.969487,0.050000
11368,-27.629042,0.050000
11369,-13.385570,0.050000
11370,-8.787924,0.050000
11371,-20.727399,0.050000
11372,-25.296083,0.050000
11373,-12.741799,0.050000
11374,-22.597211,0.050000
11375,-19.183016,0.050000
11376,-8.929619,0.050000
11377,-20.519564,0.050000
11378,-19.527568,0.050000
11379,-8.528258,0.050000
11380,-24.659902,0.050000
11381,-9.266443,0.050000
11382,-16.262645,0.050000
11383,-25.697297,0.050000
11384,-13.495733,0.050000
11385,-13.324074,0.050000
11386,-17.292462,0.050000
11387,-6.912290,0.050000
11388,-5.780551,0.050000
11389,-11.146002,0.050000
11390,-20.984207,0.050000
11391,-5.801560,0.050000
11392,-12.999141,0.050000
11393,-16.719843,0.050000
11394,-11.020719,0.050000
11395,-10.699342,0.050000
11396,-23.239325,0.050000
11397,-18.469117,0.050000
11398,-11.467477,0.050000
11399,-16.129715,0.050000
11400,-15.979407,0.050000
11401,-20.712214,0.050000
11402,-8.767295,0.050000
11403,-2.182306,0.050000
11404,-8.265134,0.050000
11405,-8.883656,0.050000
11406,-16.604755,0.050000
11407,-15.065417,0.050000
11408,-13.622106,0.050000
11409,-18.372371,0.050000
11410,-24.370571,0.050000
11411,-21.170152,0.050000
11412,-24.808793,0.050000
11413,-12.724965,0.050000
11414,-7.919543,0.050000
11415,-16.099332,0.050000
11416,-13.623251,0.050000
11417,-16.749153,0.050000
11418,-6.434907,0.050000
11419,-12.341495,0.050000
11420,-16.100295,0.050000
11421,-16.693206,0.050000
11422,-25.028972,0.050000
11423,-5.969413,0.050000
11424,-18.732988,0.050000
11425,-14.545518,0.050000
11426,-6.711966,0.050000
11427,-2.281561,0.050000
11428,-8.819245,0.050000
11429,-1.634047,0.050000
11430,-21.651122,0.050000
11431,-16.384481,0.050000
11432,-3.136582,0.050000
11433,-8.855752,0.050000
11434,-14.485008,0.050000
11435,-10.977021,0.050000
11436,-6.960406,0.050000
11437,-4.709367,0.050000
11438,-16.497199,0.050000
11439,-13.239515,0.050000
11440,-7.447761,0.050000
11441,-16.553850,0.050000
11442,-20.565569,0.050000
11443,-4.517960,0.050000
11444,-14.173158,0.050000
11445,1.980711,0.050000
11446,-2.562040,0.050000
11447,-1.335660,0.050000
11448,-14.126827,0.050000
11449,-2.932557,0.050000
11450,-2.814519,0.050000
11451,-2.476508,0.050000
11452,-7.463032,0.050000
11453,-10.488011,0.050000
11454,-8.718942,0.050000
11455,0.080847,0.050000
11456,-6.794083,0.050000
11457,-7.111302,0.050000
11458,-4.325406,0.050000
11459,-12.748973,0.050000
11460,-5.011715,0.050000
11461,-12.080634,0.050000
11462,-8.505562,0.050000
11463,-5.477604,0.050000
11464,-9.972472,0.050000
11465,-18.674877,0.050000
11466,-7.341753,0.050000
11467,-7.421423,0.050000
11468,-11.272002,0.050000
11469,-2.864969,0.050000
11470,-17.990247,0.050000
11471,-14.676494,0.050000
11472,-7.534703,0.050000
11473,-20.370430,0.050000
11474,2.768298,0.050000
11475,-20.899030,0.050000
11476,-11.207836,0.050000
11477,-9.399586,0.050000
11478,-12.370410,0.050000
11479,-14.552153,0.050000
11480,-12.455140,0.050000
11481,-14.832772,0.050000
11482,-8.522708,0.050000
11483,-7.382513,0.050000
11484,-7.081141,0.050000
11485,-2.162401,0.050000
11486,-13.023566,0.050000
11487,-7.643033,0.050000
11488,-9.215642,0.050000
11489,-21.150408,0.050000
11490,-1.908589,0.050000
11491,-7.911717,0.050000
11492,-11.867173,0.050000
11493,-8.083302,0.050000
11494,-8.597362,0.050000
11495,-4.519564,0.050000
11496,-6.787290,0.050000
11497,-7.350885,0.050000
11498,-4.014780,0.050000
11499,-14.957551,0.050000
11500,-3.814094,0.050000
11501,-8.637731,0.050000
11502,-7.756481,0.050000
11503,-20.642825,0.050000
11504,-3.701011,0.050000
11505,-12.918127,0.050000
11506,-14.854071,0.050000
11507,-10.265692,0.050000
11508,-5.050884,0.050000
11509,-17.936116,0.050000
11510,-0.998836,0.050000
11511,-12.302666,0.050000
11512,-11.136414,0.050000
11513,-6.549928,0.050000
11514,0.678948,0.050000
11515,-21.688775,0.050000
11516,-8.898771,0.050000
11517,-8.815093,0.050000
11518,-12.174141,0.050000
11519,-9.238231,0.050000
11520,-7.658608,0.050000
11521,-16.435534,0.050000
11522,-14.994687,0.050000
11523,-5.327173,0.050000
11524,-19.289704,0.050000
11525,-15.373039,0.050000
11526,-11.581356,0.050000
11527,-1.271029,0.050000
11528,-12.456125,0.050000
11529,-8.523389,0.050000
11530,-15.762916,0.050000
11531,-17.613202,0.050000
11532,-17.566841,0.050000
11533,-8.881933,0.050000
11534,-13.640814,0.050000
11535,-14.568742,0.050000
11536,-12.078533,0.050000
11537,-18.003948,0.050000
11538,-16.693448,0.050000
11539,-13.107674,0.050000
11540,-10.449409,0.050000
11541,-9.827588,0.050000
11542,-5.339098,0.050000
11543,-13.267315,0.050000
11544,-13.474863,0.050000
11545,-6.111065,0.050000
11546,-15.146373,0.050000
11547,0.861065,0.050000
11548,-8.908973,0.050000
11549,-6.229257,0.050000
11550,-9.154947,0.050000
11551,-17.729412,0.050000
11552,-3.413063,0.050000
11553,-22.054402,0.050000
11554,-9.749813,0.050000
11555,-22.054763,0.050000
11556,-5.916707,0.050000
11557,-6.328482,0.050000
11558,-10.009872,0.050000
11559,-16.690127,0.050000
11560,-18.607140,0.050000
11561,-12.403133,0.050000
11562,-7.628441,0.050000
11563,-6.041496,0.050000
11564,-13.233623,0.050000
11565,-9.598568,0.050000
11566,-7.574401,0.050000
11567,-0.094811,0.050000
11568,-15.313525,0.050000
11569,-12.875286,0.050000
11570,-9.266694,0.050000
11571,-7.634335,0.050000
11572,-18.402056,0.050000
11573,-10.016572,0.050000
11574,-12.374544,0.050000
11575,-13.703523,0.050000
11576,-13.816379,0.050000
11577,-15.125474,0.050000
11578,-14.237056,0.050000
11579,-17.658297,0.050000
11580,-8.382208,0.050000
11581,-23.664910,0.050000
11582,-6.152257,0.050000
11583,-18.881199,0.050000
11584,-17.848991,0.050000
11585,-13.875590,0.050000
11586,-8.432629,0.050000
11587,-20.476142,0.050000
11588,-19.374503,0.050000
11589,-13.391406,0.050000
11590,-7.251377,0.050000
11591,-1.448098,0.050000
11592,-8.834556,0.050000
11593,-7.739157,0.050000
11594,-7.371251,0.050000
11595,-6.590150,0.050000
11596,-16.862305,0.050000
11597,-26.234263,0.050000
11598,-4.891161,0.050000
11599,-16.330974,0.050000
11600,-2.464622,0.050000
11601,-10.981596,0.050000
11602,-15.915004,0.050000
11603,-5.935913,0.050000
11604,-8.957620,0.050000
11605,-2.940343,0.050000
11606,-16.839336,0.050000
11607,-4.586031,0.050000
11608,-8.991917,0.050000
11609,-1.796664,0.050000
11610,-9.332192,0.050000
11611,-15.368524,0.050000
11612,1.741241,0.050000
11613,-1.026109,0.050000
11614,-23.043019,0.050000
11615,-19.677332,0.050000
11616,-25.859249,0.050000
11617,-20.745405,0.050000
11618,-3.856321,0.050000
11619,-3.929915,0.050000
11620,-10.570255,0.050000
11621,-6.943513,0.050000
11622,-9.102973,0.050000
11623,-24.233244,0.050000
11624,-19.433284,0.050000
11625,-11.138979,0.050000
11626,-6.245501,0.050000
11627,-18.852225,0.050000
11628,-7.613361,0.050000
11629,-14.212509,0.050000
11630,-11.316900,0.050000
11631,-9.770998,0.050000
11632,-10.703062,0.050000
11633,-15.258345,0.050000
11634,-12.190590,0.050000
11635,-19.569056,0.050000
11636,-9.010008,0.050000
11637,-16.142405,0.050000
11638,-18.230220,0.050000
11639,-13.775941,0.050000
11640,-9.019607,0.050000
11641,-12.254185,0.050000
11642,-11.123094,0.050000
11643,-8.334948,0.050000
11644,-14.428148,0.050000
11645,-26.885574,0.050000
11646,-14.854424,0.050000
11647,-6.052204,0.050000
11648,-4.156552,0.050000
11649,-11.422492,0.050000
11650,-16.827148,0.050000
11651,-19.613735,0.050000
11652,-7.315183,0.050000
11653,-4.676331,0.050000
11654,-10.573460,0.050000
11655,-19.951523,0.050000
11656,-3.868749,0.050000
11657,-7.663650,0.050000
11658,-12.432911,0.050000
11659,-9.728877,0.050000
11660,-16.991117,0.050000
11661,-23.580678,0.050000
11662,-21.961512,0.050000
11663,-16.185013,0.050000
11664,-18.755250,0.050000
11665,-14.554299,0.050000
11666,-9.382874,0.050000
11667,-20.664161,0.050000
11668,-18.520771,0.050000
11669,-15.989401,0.050000
11670,-20.567286,0.050000
11671,-12.357279,0.050000
11672,-18.640209,0.050000
11673,-9.581802,0.050000
11674,-19.771695,0.050000
11675,-10.003833,0.050000
11676,-8.078064,0.050000
11677,-3.755820,0.050000
11678,-12.886244,0.050000
11679,-16.699362,0.050000
11680,-16.920972,0.050000
11681,-8.219428,0.050000
11682,-11.260055,0.050000
11683,-12.495388,0.050000
11684,-15.671954,0.050000
11685,-16.652169,0.050000
11686,-18.037822,0.050000
11687,-13.185569,0.050000
11688,-6.639140,0.050000
11689,-19.804257,0.050000
11690,-19.169091,0.050000
11691,-3.682092,0.050000
11692,-7.969521,0.050000
11693,-13.691718,0.050000
11694,-17.600580,0.050000
11695,-12.029030,0.050000
11696,-13.897367,0.050000
11697,-15.414844,0.050000
11698,-9.796512,0.050000
11699,-19.527728,0.050000
11700,-16.030923,0.050000
11701,-12.001644,0.050000
11702,-20.196482,0.050000
11703,-25.008008,0.050000
11704,-9.372137,0.050000
11705,-6.518115,0.050000
11706,-5.948996,0.050000
11707,-7.636635,0.050000
11708,-1.105809,0.050000
11709,-13.277309,0.050000
11710,-12.691620,0.050000
11711,-9.540682,0.050000
11712,-12.486261,0.050000
11713,-20.128577,0.050000
11714,-14.640333,0.050000
11715,-4.911975,0.050000
11716,-0.029096,0.050000
11717,-14.324289,0.050000
11718,-19.423890,0.050000
11719,-20.402830,0.050000
11720,-2.113921,0.050000
11721,-18.851990,0.050000
11722,-15.838681,0.050000
11723,-0.951483,0.050000
11724,-22.060601,0.050000
11725,-8.454257,0.050000
11726,-15.246893,0.050000
11727,-20.291442,0.050000
11728,-11.195417,0.050000
11729,-1.846653,0.050000
11730,-11.219474,0.050000
11731,-5.561312,0.050000
11732,-24.821471,0.050000
11733,-12.209604,0.050000
11734,-9.971527,0.050000
11735,-17.928820,0.050000
11736,-20.499233,0.050000
11737,-12.829666,0.050000
11738,-14.729515,0.050000
11739,-11.769000,0.050000
11740,-11.538271,0.050000
11741,-12.458027,0.050000
11742,-4.162636,0.050000
11743,-25.659214,0.050000
11744,-14.316226,0.050000
11745,-19.055793,0.050000
11746,-22.034244,0.050000
11747,-10.068335,0.050000
11748,-15.358349,0.050000
11749,-17.316180,0.050000
11750,-13.416802,0.050000
11751,-11.197266,0.050000
11752,-9.023690,0.050000
11753,-14.844421,0.050000
11754,-13.913131,0.050000
11755,-15.478512,0.050000
11756,-19.431073,0.050000
11757,-20.675800,0.050000
11758,-17.178761,0.050000
11759,-5.028983,0.050000
11760,-14.526388,0.050000
11761,-14.902461,0.050000
11762,-21.222558,0.050000
11763,-12.089614,0.050000
11764,-15.667965,0.050000
11765,-17.269049,0.050000
11766,-15.676108,0.050000
11767,-17.503845,0.050000
11768,-24.844984,0.050000
11769,-13.640248,0.050000
11770,-18.999814,0.050000
11771,-26.193623,0.050000
11772,-27.409192,0.050000
11773,-14.101755,0.050000
11774,-20.610226,0.050000
11775,-13.103979,0.050000
11776,-5.641663,0.050000
11777,-8.543813,0.050000
11778,-14.390347,0.050000
11779,-12.837026,0.050000
11780,-13.447723,0.050000
11781,-2.414300,0.050000
11782,-14.643013,0.050000
11783,-1.789035,0.050000
11784,-15.340185,0.050000
11785,-9.794921,0.050000
11786,-16.970397,0.050000
11787,-16.227476,0.050000
11788,-14.075174,0.050000
11789,-22.241682,0.050000
11790,-13.638050,0.050000
11791,-21.972628,0.050000
11792,-12.573243,0.050000
11793,-22.598961,0.050000
11794,-4.414352,0.050000
11795,-15.749791,0.050000
11796,-18.824320,0.050000
11797,-18.382439,0.050000
11798,-6.350486,0.050000
11799,-19.569008,0.050000
11800,-13.659391,0.050000
11801,-19.669150,0.050000
11802,-8.622140,0.050000
11803,-10.749539,0.050000
11804,-4.718726,0.050000
11805,-15.163454,0.050000
11806,-14.356829,0.050000
11807,-13.821363,0.050000
11808,-20.477587,0.050000
11809,-9.347191,0.050000
11810,-8.522793,0.050000
11811,-3.665073,0.050000
11812,-7.676952,0.050000
11813,-3.580693,0.050000
11814,-9.363741,0.050000
11815,-12.004590,0.050000
11816,-16.476548,0.050000
11817,-4.161139,0.050000
11818,-9.660934,0.050000
11819,-12.420536,0.050000
11820,-10.812028,0.050000
11821,-9.956445,0.050000
11822,-16.041265,0.050000
11823,-5.671383,0.050000
11824,-12.658794,0.050000
11825,-7.925634,0.050000
11826,0.071020,0.050000
11827,-19.975571,0.050000
11828,-15.338190,0.050000
11829,-16.888640,0.050000
11830,-13.010787,0.050000
11831,-13.755835,0.050000
11832,-19.605871,0.050000
11833,-14.263430,0.050000
11834,-21.440665,0.050000
11835,-10.438520,0.050000
11836,-12.713669,0.050000
11837,-16.430956,0.050000
11838,-13.231492,0.050000
11839,-10.875756,0.050000
11840,-20.713758,0.050000
11841,-8.980650,0.050000
11842,-20.804661,0.050000
11843,-15.509273,0.050000
11844,-17.548846,0.050000
11845,-5.261392,0.050000
11846,-0.082776,0.050000
11847,-20.614931,0.050000
11848,-12.435543,0.050000
11849,-9.483252,0.050000
11850,-19.056984,0.050000
11851,-19.946366,0.050000
11852,-7.929254,0.050000
11853,-19.261684,0.050000
11854,-23.067861,0.050000
11855,-12.808291,0.050000
11856,-22.803284,0.050000
11857,-23.011942,0.050000
11858,-6.806922,0.050000
11859,-25.304371,0.050000
11860,-22.386757,0.050000
11861,-13.487444,0.050000
11862,-11.547750,0.050000
11863,-8.996635,0.050000
11864,-11.652075,0.050000
11865,-20.986506,0.050000
11866,-19.691547,0.050000
11867,-10.835230,0.050000
11868,-12.430157,0.050000
11869,-12.524559,0.050000
11870,-17.803241,0.050000
11871,-17.895063,0.050000
11872,-12.436701,0.050000
11873,-15.901681,0.050000
11874,-20.733474,0.050000
11875,-20.891031,0.050000
11876,-18.612603,0.050000
11877,-17.812258,0.050000
11878,-9.973427,0.050000
11879,-18.045352,0.050000
11880,-22.364752,0.050000
11881,-22.440217,0.050000
11882,-10.326987,0.050000
11883,-15.205614,0.050000
11884,-6.173921,0.050000
11885,-14.305104,0.050000
11886,-10.162450,0.050000
11887,-6.199290,0.050000
11888,-12.966491,0.050000
11889,-6.159255,0.050000
11890,-18.593856,0.050000
11891,-17.478455,0.050000
11892,-14.325362,0.050000
11893,-19.172530,0.050000
11894,-10.183817,0.050000
11895,-16.072948,0.050000
11896,-18.285078,0.050000
11897,-23.571652,0.050000
11898,-9.298241,0.050000
11899,-15.188570,0.050000
11900,-18.269909,0.050000
11901,-21.388179,0.050000
11902,-21.425087,0.050000
11903,-23.939488,0.050000
11904,-12.172324,0.050000
11905,-16.482111,0.050000
11906,-20.581111,0.050000
11907,-12.257641,0.050000
11908,-16.914635,0.050000
11909,-22.124756,0.050000
11910,-17.618005,0.050000
11911,-24.087455,0.050000
11912,-20.709253,0.050000
11913,-11.547694,0.050000
11914,-14.107687,0.050000
11915,-16.356591,0.050000
11916,-15.474538,0.050000
11917,-20.637506,0.050000
11918,-23.490740,0.050000
11919,-11.679973,0.050000
11920,-17.728057,0.050000
11921,-13.833819,0.050000
11922,-18.394148,0.050000
11923,-18.108217,0.050000
11924,-17.366198,0.050000
11925,-25.040843,0.050000
11926,-20.416201,0.050000
11927,-19.764610,0.050000
11928,-22.162019,0.050000
11929,-14.750472,0.050000
11930,-26.340964,0.050000
11931,-10.555068,0.050000
11932,-20.591930,0.050000
11933,-9.745185,0.050000
11934,-7.418101,0.050000
11935,-1.224962,0.050000
11936,-16.587074,0.050000
11937,-10.367699,0.050000
11938,-4.516619,0.050000
11939,-15.431387,0.050000
11940,-22.490034,0.050000
11941,-11.272015,0.050000
11942,-8.226153,0.050000
11943,-19.867649,0.050000
11944,-6.768765,0.050000
11945,-13.933534,0.050000
11946,-9.799957,0.050000
11947,-11.044421,0.050000
11948,-12.387209,0.050000
11949,-19.927996,0.050000
11950,-8.525886,0.050000
11951,-8.684509,0.050000
11952,-16.215276,0.050000
11953,-21.798585,0.050000
11954,-10.255719,0.050000
11955,-23.602349,0.050000
11956,-16.394866,0.050000
11957,-13.552348,0.050000
11958,-9.263821,0.050000
11959,-10.318760,0.050000
11960,-10.569211,0.050000
11961,-14.552628,0.050000
11962,-14.477973,0.050000
11963,-8.488571,0.050000
11964,-7.940440,0.050000
11965,-12.759995,0.050000
11966,-8.875136,0.050000
11967,-17.020878,0.050000
11968,-8.448493,0.050000
11969,-3.655513,0.050000
11970,-14.128036,0.050000
11971,-2.107705,0.050000
11972,-11.008587,0.050000
11973,-11.800027,0.050000
11974,-15.281635,0.050000
11975,-11.098383,0.050000
11976,-9.822604,0.050000
11977,-6.176029,0.050000
11978,-22.689915,0.050000
11979,-17.744574,0.050000
11980,-19.093780,0.050000
11981,-8.279440,0.050000
11982,-2.426927,0.050000
11983,-24.347031,0.050000
11984,-8.294327,0.050000
11985,-11.300135,0.050000
11986,-12.844563,0.050000
11987,-9.245869,0.050000
11988,-10.326039,0.050000
11989,-5.951041,0.050000
11990,-13.136433,0.050000
11991,-15.049106,0.050000
11992,-14.672746,0.050000
11993,-12.057072,0.050000
11994,-8.919257,0.050000
11995,-11.232915,0.050000
11996,-8.837579,0.050000
11997,-16.698732,0.050000
11998,-13.864215,0.050000
11999,-17.004372,0.050000
12000,-11.928134,0.050000
12001,-15.077565,0.050000
12002,-23.430150,0.050000
12003,-7.738250,0.050000
12004,-12.691348,0.050000
12005,-7.460750,0.050000
12006,-9.338851,0.050000
12007,-8.468099,0.050000
12008,-10.137818,0.050000
12009,-18.726364,0.050000
12010,-16.526906,0.050000
12011,-1.282415,0.050000
12012,-13.204451,0.050000
12013,-9.802156,0.050000
12014,-2.618573,0.050000
12015,-1.842649,0.050000
12016,-2.973322,0.050000
12017,-10.172504,0.050000
12018,-4.077632,0.050000
12019,-5.139637,0.050000
12020,-6.851942,0.050000
12021,-23.915144,0.050000
12022,-21.902999,0.050000
12023,3.553027,0.050000
12024,-5.292196,0.050000
12025,-5.825119,0.050000
12026,-17.066663,0.050000
12027,-3.884526,0.050000
12028,-6.486015,0.050000
12029,-4.047738,0.050000
12030,-12.857062,0.050000
12031,-26.503684,0.050000
12032,-14.254501,0.050000
12033,1.561730,0.050000
12034,-10.048523,0.050000
12035,-20.924861,0.050000
12036,-15.116760,0.050000
12037,-10.012779,0.050000
12038,-21.711221,0.050000
12039,-23.731775,0.050000
12040,-20.724099,0.050000
12041,-12.007921,0.050000
12042,-17.506709,0.050000
12043,-3.682426,0.050000
12044,-27.729690,0.050000
12045,-25.938253,0.050000
12046,-33.472951,0.050000
12047,-0.945607,0.050000
12048,-14.001231,0.050000
12049,-7.785356,0.050000
12050,-23.089155,0.050000
12051,-9.525750,0.050000
12052,-24.437221,0.050000
12053,-28.138119,0.050000
12054,-23.731811,0.050000
12055,-21.262246,0.050000
12056,-26.163845,0.050000
12057,-28.530387,0.050000
12058,-16.646020,0.050000
12059,-15.028323,0.050000
12060,-27.343499,0.050000
12061,-21.984375,0.050000
12062,-3.764157,0.050000
12063,-27.869885,0.050000
12064,-0.590309,0.050000
12065,-18.773185,0.050000
12066,-1.499746,0.050000
12067,-10.419281,0.050000
12068,-16.895348,0.050000
12069,-1.227368,0.050000
12070,-23.373514,0.050000
12071,-23.233875,0.050000
12072,-22.743132,0.050000
12073,-0.685639,0.050000
12074,-8.536720,0.050000
12075,0.776139,0.050000
12076,-5.922547,0.050000
12077,-23.322741,0.050000
12078,-22.797847,0.050000
12079,-2.635636,0.050000
12080,-9.420161,0.050000
12081,-25.431974,0.050000
12082,-10.401556,0.050000
12083,-16.359330,0.050000
12084,4.335946,0.050000
12085,0.202940,0.050000
12086,-4.074932,0.050000
12087,-24.414555,0.050000
12088,-21.324341,0.050000
12089,-23.414874,0.050000
12090,-23.791830,0.050000
12091,-17.486017,0.050000
12092,-33.836955,0.050000
12093,-1.334631,0.050000
12094,-4.145952,0.050000
12095,-22.786810,0.050000
12096,1.852374,0.050000
12097,-10.786947,0.050000
12098,-0.385155,0.050000
12099,-23.073950,0.050000
12100,-20.485657,0.050000
12101,1.651765,0.050000
12102,-23.329559,0.050000
12103,-15.722302,0.050000
12104,-21.140635,0.050000
12105,-6.128015,0.050000
12106,-15.867636,0.050000
12107,-12.910655,0.050000
12108,-24.007502,0.050000
12109,5.838869,0.050000
12110,-5.824481,0.050000
12111,-0.533731,0.050000
12112,-30.696792,0.050000
12113,-4.356047,0.050000
12114,-28.281577,0.050000
12115,-4.300110,0.050000
12116,-5.737513,0.050000
12117,-1.750560,0.050000
12118,-21.151021,0.050000
12119,-3.872250,0.050000
12120,-25.724759,0.050000
12121,-9.595646,0.050000
12122,-28.290642,0.050000
12123,-25.799714,0.050000
12124,-27.785570,0.050000
12125,-4.868351,0.050000
12126,-5.183150,0.050000
12127,-3.610229,0.050000
12128,-27.065194,0.050000
12129,-22.013070,0.050000
12130,-19.196158,0.050000
12131,-15.794387,0.050000
12132,-12.389193,0.050000
12133,-24.741118,0.050000
12134,-14.138209,0.050000
12135,-11.121328,0.050000
12136,1.284401,0.050000
12137,-16.024593,0.050000
12138,-12.480329,0.050000
12139,-1.398633,0.050000
12140,-17.104589,0.050000
12141,-14.086150,0.050000
12142,-13.966141,0.050000
12143,-12.922529,0.050000
12144,-16.820364,0.050000
12145,-7.037271,0.050000
12146,-7.632519,0.050000
12147,-5.363627,0.050000
12148,-18.249762,0.050000
12149,-10.023624,0.050000
12150,-12.986391,0.050000
12151,-20.369878,0.050000
12152,-25.859471,0.050000
12153,-20.099815,0.050000
12154,-12.234522,0.050000
12155,-14.849416,0.050000
12156,-11.375394,0.050000
12157,-15.972288,0.050000
12158,-7.868698,0.050000
12159,-20.641955,0.050000
12160,-20.432631,0.050000
12161,-9.517097,0.050000
12162,-12.799427,0.050000
12163,-27.330636,0.050000
12164,-20.060904,0.050000
12165,-22.195626,0.050000
12166,-23.736101,0.050000
12167,-23.603737,0.050000
12168,-13.525622,0.050000
12169,-27.243452,0.050000
12170,-23.110072,0.050000
12171,-4.689906,0.050000
12172,-25.927105,0.050000
12173,-23.766305,0.050000
12174,-13.261578,0.050000
12175,-24.279906,0.050000
12176,-15.378263,0.050000
12177,-27.163780,0.050000
12178,-11.715151,0.050000
12179,-11.457461,0.050000
12180,-21.099442,0.050000
12181,-6.572161,0.050000
12182,-13.291974,0.050000
12183,-25.195271,0.050000
12184,-37.094059,0.050000
12185,-16.997052,0.050000
12186,-20.126352,0.050000
12187,-4.363697,0.050000
12188,-27.605658,0.050000
12189,-16.189220,0.050000
12190,-22.428269,0.050000
12191,-11.155843,0.050000
12192,-32.189898,0.050000
12193,-35.233564,0.050000
12194,-25.314865,0.050000
12195,-39.724196,0.050000
12196,-10.997013,0.050000
12197,-27.948366,0.050000
12198,-16.456903,0.050000
12199,-25.963750,0.050000
12200,-33.928370,0.050000
12201,-22.362674,0.050000
12202,-29.902880,0.050000
12203,-15.365853,0.050000
12204,-30.771317,0.050000
12205,-38.775055,0.050000
12206,-30.646473,0.050000
12207,-14.118188,0.050000
12208,-21.061840,0.050000
12209,-4.679691,0.050000
12210,-31.998037,0.050000
12211,-15.774820,0.050000
12212,-34.501881,0.050000
12213,-31.314155,0.050000
12214,-31.582396,0.050000
12215,-32.349267,0.050000
12216,-32.989238,0.050000
12217,-13.937828,0.050000
12218,-27.737715,0.050000
12219,-25.875378,0.050000
12220,-10.029294,0.050000
12221,-30.983046,0.050000
12222,-34.501447,0.050000
12223,-18.826908,0.050000
12224,-23.322223,0.050000
12225,-16.483012,0.050000
12226,-15.223368,0.050000
12227,-26.705571,0.050000
12228,-33.524447,0.050000
12229,-18.506989,0.050000
12230,-19.847383,0.050000
12231,-7.943328,0.050000
12232,-25.747770,0.050000
12233,-7.424029,0.050000
12234,-24.684559,0.050000
12235,-10.797711,0.050000
12236,-17.334835,0.050000
12237,-19.693729,0.050000
12238,-12.799069,0.050000
12239,-6.553456,0.050000
12240,-6.135897,0.050000
12241,-18.417859,0.050000
12242,-11.146307,0.050000
12243,-12.777428,0.050000
12244,-21.373418,0.050000
12245,-11.958253,0.050000
12246,-26.122008,0.050000
12247,-19.866386,0.050000
12248,-9.749303,0.050000
12249,-8.967214,0.050000
12250,-25.494084,0.050000
12251,-14.370272,0.050000
12252,-20.667090,0.050000
12253,-10.478504,0.050000
12254,-14.028140,0.050000
12255,-6.892771,0.050000
12256,-7.036395,0.050000
12257,-18.635023,0.050000
12258,-22.833138,0.050000
12259,-15.607766,0.050000
12260,-29.055056,0.050000
12261,-31.210102,0.050000
12262,-30.101588,0.050000
12263,-16.910560,0.050000
12264,-9.870541,0.050000
12265,-23.161185,0.050000
12266,-16.507287,0.050000
12267,-25.530956,0.050000
12268,-11.493525,0.050000
12269,-16.439229,0.050000
12270,-9.628240,0.050000
12271,-10.569995,0.050000
12272,-9.411658,0.050000
12273,-18.766471,0.050000
12274,-17.531375,0.050000
12275,-0.589431,0.050000
12276,-13.103243,0.050000
12277,-28.856655,0.050000
12278,-9.721674,0.050000
12279,-21.990735,0.050000
12280,-19.209986,0.050000
12281,-12.524710,0.050000
12282,-12.540175,0.050000
12283,-15.137393,0.050000
12284,-30.207460,0.050000
12285,-11.156078,0.050000
12286,-24.519744,0.050000
12287,-22.593883,0.050000
12288,-14.923867,0.050000
12289,-11.151254,0.050000
12290,-24.957011,0.050000
12291,-23.981349,0.050000
12292,-16.881202,0.050000
12293,-15.483655,0.050000
12294,-12.542504,0.050000
12295,-21.651215,0.050000
12296,-26.074314,0.050000
12297,-14.729072,0.050000
12298,-24.191389,0.050000
12299,-11.918905,0.050000
12300,-16.050577,0.050000
12301,-19.294501,0.050000
12302,-28.244956,0.050000
12303,-19.954170,0.050000
12304,-26.652801,0.050000
12305,-18.205263,0.050000
12306,-14.381239,0.050000
12307,-26.321835,0.050000
12308,-12.500994,0.050000
12309,-8.650750,0.050000
12310,-18.682365,0.050000
12311,-15.733574,0.050000
12312,-14.478695,0.050000
12313,-16.047749,0.050000
12314,-18.777078,0.050000
12315,-25.141665,0.050000
12316,-28.494874,0.050000
12317,-26.510053,0.050000
12318,-14.235102,0.050000
12319,-26.883947,0.050000
12320,-20.653026,0.050000
12321,-29.354605,0.050000
12322,-22.857785,0.050000
12323,-26.923346,0.050000
12324,-20.554652,0.050000
12325,-1.894197,0.050000
12326,-21.462837,0.050000
12327,-22.026295,0.050000
12328,-28.473256,0.050000
12329,-18.577723,0.050000
12330,-19.387693,0.050000
12331,-12.869240,0.050000
12332,-11.489547,0.050000
12333,-9.849891,0.050000
12334,-19.919350,0.050000
12335,-17.586700,0.050000
12336,-22.055511,0.050000
12337,-18.799725,0.050000
12338,-12.061472,0.050000
12339,-15.283842,0.050000
12340,-24.788558,0.050000
12341,-14.862612,0.050000
12342,-10.994279,0.050000
12343,-21.756840,0.050000
12344,-19.805781,0.050000
12345,-20.579476,0.050000
12346,-18.324588,0.050000
12347,-18.210708,0.050000
12348,-18.049839,0.050000
12349,-17.716791,0.050000
12350,-17.517009,0.050000
12351,-28.951324,0.050000
12352,-25.313970,0.050000
12353,-24.976158,0.050000
12354,-12.553195,0.050000
12355,-21.751796,0.050000
12356,-17.654943,0.050000
12357,-19.182292,0.050000
12358,-19.557140,0.050000
12359,-11.359210,0.050000
12360,-16.481741,0.050000
12361,-16.823750,0.050000
12362,-12.800280,0.050000
12363,-24.661101,0.050000
12364,-22.569015,0.050000
12365,-18.348116,0.050000
12366,-20.028428,0.050000
12367,-19.943157,0.050000
12368,-5.906978,0.050000
12369,-17.412295,0.050000
12370,-13.016095,0.050000
12371,-17.437555,0.050000
12372,-16.410808,0.050000
12373,-17.430314,0.050000
12374,-9.825771,0.050000
12375,-14.888877,0.050000
12376,-13.480857,0.050000
12377,-19.429421,0.050000
12378,-36.480628,0.050000
12379,-5.754893,0.050000
12380,-19.033976,0.050000
12381,-8.691386,0.050000
12382,-16.666198,0.050000
12383,-16.190687,0.050000
12384,-17.102414,0.050000
12385,-24.352158,0.050000
12386,-18.121917,0.050000
12387,-26.816318,0.050000
12388,-12.313500,0.050000
12389,-23.610343,0.050000
12390,-16.483246,0.050000
12391,-11.166514,0.050000
12392,-18.293425,0.050000
12393,-15.937791,0.050000
12394,-17.705065,0.050000
12395,-28.376000,0.050000
12396,-18.108826,0.050000
12397,-16.656528,0.050000
12398,-20.416338,0.050000
12399,-20.035900,0.050000
12400,-15.068332,0.050000
12401,-15.188828,0.050000
12402,-19.421388,0.050000
12403,-11.488916,0.050000
12404,-13.561982,0.050000
12405,-7.524774,0.050000
12406,-30.823388,0.050000
12407,-14.868510,0.050000
12408,-12.863107,0.050000
12409,-21.429797,0.050000
12410,-22.077028,0.050000
12411,-23.464672,0.050000
12412,-18.567781,0.050000
12413,-24.045773,0.050000
12414,-18.538649,0.050000
12415,-20.503896,0.050000
12416,-8.246845,0.050000
12417,-10.952150,0.050000
12418,-17.548057,0.050000
12419,-16.426401,0.050000
12420,-18.894903,0.050000
12421,-17.519793,0.050000
12422,-15.792099,0.050000
12423,-15.131307,0.050000
12424,-14.692396,0.050000
12425,-22.526436,0.050000
12426,-20.615544,0.050000
12427,-14.541192,0.050000
12428,-15.837159,0.050000
12429,-15.109685,0.050000
12430,-17.257275,0.050000
12431,-17.309427,0.050000
12432,-15.400303,0.050000
12433,-19.498486,0.050000
12434,-17.995406,0.050000
12435,-14.531221,0.050000
12436,-16.776650,0.050000
12437,-14.948500,0.050000
12438,-17.021284,0.050000
12439,-17.844803,0.050000
12440,-15.489144,0.050000
12441,-26.174379,0.050000
12442,-14.949892,0.050000
12443,-23.801919,0.050000
12444,-15.226001,0.050000
12445,-23.397380,0.050000
12446,-14.741888,0.050000
12447,-18.545521,0.050000
12448,-16.413966,0.050000
12449,-26.021256,0.050000
12450,-23.454816,0.050000
12451,-21.451921,0.050000
12452,-24.621210,0.050000
12453,-17.373125,0.050000
12454,-25.732526,0.050000
12455,-17.856167,0.050000
12456,-16.356319,0.050000
12457,-9.187701,0.050000
12458,-17.732810,0.050000
12459,-15.072271,0.050000
12460,-21.789801,0.050000
12461,-11.824439,0.050000
12462,-23.976445,0.050000
12463,-11.551356,0.050000
12464,-16.764768,0.050000
12465,-16.478909,0.050000
12466,-24.433087,0.050000
12467,-20.134048,0.050000
12468,-26.935268,0.050000
12469,-17.082216,0.050000
12470,-23.897965,0.050000
12471,-25.823339,0.050000
12472,0.482643,0.050000
12473,-12.643760,0.050000
12474,-20.630756,0.050000
12475,-15.642332,0.050000
12476,-16.384311,0.050000
12477,-19.302997,0.050000
12478,-23.298236,0.050000
12479,-20.668157,0.050000
12480,-9.204943,0.050000
12481,-22.042608,0.050000
12482,-7.920212,0.050000
12483,-12.607558,0.050000
12484,-14.861206,0.050000
12485,-18.915918,0.050000
12486,-20.105618,0.050000
12487,-15.800337,0.050000
12488,-17.733788,0.050000
12489,-9.063509,0.050000
12490,-9.457319,0.050000
12491,-8.146054,0.050000
12492,-11.006793,0.050000
12493,-6.744916,0.050000
12494,-14.403882,0.050000
12495,-4.321587,0.050000
12496,-8.728841,0.050000
12497,-6.484568,0.050000
12498,-10.893087,0.050000
12499,-3.495272,0.050000
12500,-13.707269,0.050000
12501,-15.618282,0.050000
12502,-10.167958,0.050000
12503,-3.598069,0.050000
12504,-23.884155,0.050000
12505,-9.939911,0.050000
12506,-12.724120,0.050000
12507,-19.021637,0.050000
12508,-11.359868,0.050000
12509,-5.173099,0.050000
12510,-16.268052,0.050000
12511,-16.334069,0.050000
12512,-12.321789,0.050000
12513,-9.784586,0.050000
12514,1.085508,0.050000
12515,-3.856801,0.050000
12516,-18.450502,0.050000
12517,-18.794683,0.050000
12518,-6.501872,0.050000
12519,-11.785896,0.050000
12520,-0.460910,0.050000
12521,-4.908261,0.050000
12522,-14.650459,0.050000
12523,-9.801060,0.050000
12524,-18.087788,0.050000
12525,-8.176916,0.050000
12526,-12.217299,0.050000
12527,-7.842478,0.050000
12528,-13.717753,0.050000
12529,-1.216442,0.050000
12530,-10.913251,0.050000
12531,5.933534,0.050000
12532,-3.720589,0.050000
12533,-7.437524,0.050000
12534,-10.674758,0.050000
12535,-9.250406,0.050000
12536,-8.054184,0.050000
12537,-5.154671,0.050000
12538,-11.126092,0.050000
12539,-2.068961,0.050000
12540,-3.907722,0.050000
12541,-0.940001,0.050000
12542,-2.830448,0.050000
12543,-7.211175,0.050000
12544,-1.671463,0.050000
12545,-5.880569,0.050000
12546,-1.163661,0.050000
12547,-0.201395,0.050000
12548,-9.866371,0.050000
12549,-3.529439,0.050000
12550,-8.982421,0.050000
12551,-7.173242,0.050000
12552,-8.892420,0.050000
12553,1.412425,0.050000
12554,-1.783776,0.050000
12555,-13.452214,0.050000
12556,1.362887,0.050000
12557,-3.524791,0.050000
12558,-16.733059,0.050000
12559,-2.886992,0.050000
12560,-7.733266,0.050000
12561,-2.137992,0.050000
12562,-6.640379,0.050000
12563,-4.895016,0.050000
12564,-2.369011,0.050000
12565,-5.919417,0.050000
12566,-8.120102,0.050000
12567,-8.815778,0.050000
12568,-4.533813,0.050000
12569,-4.214827,0.050000
12570,-7.057861,0.050000
12571,-12.847574,0.050000
12572,-1.006217,0.050000
12573,-2.821624,0.050000
12574,-17.294347,0.050000
12575,-17.033864,0.050000
12576,-7.813992,0.050000
12577,-11.897608,0.050000
12578,-3.709519,0.050000
12579,-0.944821,0.050000
12580,-7.533682,0.050000
12581,-8.336819,0.050000
12582,0.959301,0.050000
12583,-9.271603,0.050000
12584,-4.032188,0.050000
12585,-15.592263,0.050000
12586,-3.461161,0.050000
12587,-13.493188,0.050000
12588,-3.316990,0.050000
12589,-7.344151,0.050000
12590,-14.500520,0.050000
12591,-18.827760,0.050000
12592,-2.618717,0.050000
12593,-3.265388,0.050000
12594,-13.829250,0.050000
12595,-13.519069,0.050000
12596,-10.509992,0.050000
12597,-8.877699,0.050000
12598,-3.469066,0.050000
12599,-14.062194,0.050000
12600,-17.454436,0.050000
12601,-6.280510,0.050000
12602,-13.941974,0.050000
12603,-13.927441,0.050000
12604,-3.527826,0.050000
12605,-12.807542,0.050000
12606,-1.995613,0.050000
12607,-11.303988,0.050000
12608,-14.582270,0.050000
12609,-18.693369,0.050000
12610,-15.947853,0.050000
12611,0.894802,0.050000
12612,-13.438294,0.050000
12613,5.921702,0.050000
12614,-3.311048,0.050000
12615,-11.234757,0.050000
12616,-11.674015,0.050000
12617,-8.424054,0.050000
12618,-2.563179,0.050000
12619,-3.610033,0.050000
12620,-1.588914,0.050000
12621,-13.752962,0.050000
12622,-8.127812,0.050000
12623,-17.225863,0.050000
12624,-12.612271,0.050000
12625,-6.749887,0.050000
12626,-9.564732,0.050000
12627,-9.506417,0.050000
12628,-10.117467,0.050000
12629,-16.304630,0.050000
12630,-12.909907,0.050000
12631,-11.122915,0.050000
12632,-15.321155,0.050000
12633,-8.375167,0.050000
12634,-7.907840,0.050000
12635,-10.616227,0.050000
12636,-8.724081,0.050000
12637,-2.089577,0.050000
12638,-15.578879,0.050000
12639,-13.139007,0.050000
12640,-6.715964,0.050000
12641,-15.698189,0.050000
12642,-0.099770,0.050000
12643,-17.327445,0.050000
12644,-8.051232,0.050000
12645,-1.582153,0.050000
12646,-9.061443,0.050000
12647,-6.746232,0.050000
12648,-1.786625,0.050000
12649,-8.943487,0.050000
12650,-18.670489,0.050000
12651,-7.793074,0.050000
12652,-14.177790,0.050000
12653,-16.886282,0.050000
12654,-14.713357,0.050000
12655,-14.845980,0.050000
12656,-11.612836,0.050000
12657,-17.006583,0.050000
12658,0.084013,0.050000
12659,-16.282257,0.050000
12660,-12.559755,0.050000
12661,-14.103499,0.050000
12662,-19.360681,0.050000
12663,-17.999543,0.050000
12664,-18.107809,0.050000
12665,-12.345757,0.050000
12666,-5.039627,0.050000
12667,-15.368071,0.050000
12668,-7.807227,0.050000
12669,-6.666762,0.050000
12670,-18.584486,0.050000
12671,-14.268387,0.050000
12672,-14.678475,0.050000
12673,-8.009641,0.050000
12674,-12.164326,0.050000
12675,-7.780202,0.050000
12676,-5.130923,0.050000
12677,-15.383940,0.050000
12678,-16.796584,0.050000
12679,-14.098179,0.050000
12680,-18.225990,0.050000
12681,-11.922323,0.050000
12682,-13.783820,0.050000
12683,-9.132787,0.050000
12684,-17.358919,0.050000
12685,-12.996892,0.050000
12686,-9.458015,0.050000
12687,-9.223156,0.050000
12688,-9.790299,0.050000
12689,-7.359209,0.050000
12690,-8.488406,0.050000
12691,-14.309001,0.050000
12692,-9.466624,0.050000
12693,-13.393418,0.050000
12694,-11.314406,0.050000
12695,-11.360175,0.050000
12696,-10.839784,0.050000
12697,-6.616759,0.050000
12698,-13.032475,0.050000
12699,-7.965155,0.050000
12700,-11.053943,0.050000
12701,-13.946715,0.050000
12702,-12.653383,0.050000
12703,-4.725841,0.050000
12704,-18.011651,0.050000
12705,-13.624720,0.050000
12706,-6.111863,0.050000
12707,-13.977822,0.050000
12708,-9.760642,0.050000
12709,-7.462644,0.050000
12710,-4.804919,0.050000
12711,-8.826323,0.050000
12712,-14.137587,0.050000
12713,-13.282877,0.050000
12714,-10.727886,0.050000
12715,-10.647916,0.050000
12716,-10.474128,0.050000
12717,-15.356069,0.050000
12718,-15.941039,0.050000
12719,-7.721468,0.050000
12720,-9.627275,0.050000
12721,-15.197939,0.050000
12722,-8.951439,0.050000
12723,-10.447069,0.050000
12724,-14.131326,0.050000
12725,-3.563341,0.050000
12726,-10.264362,0.050000
12727,-9.469638,0.050000
12728,-2.612890,0.050000
12729,-8.542939,0.050000
12730,-12.826647,0.050000
12731,-7.352865,0.050000
12732,-6.302261,0.050000
12733,-15.796506,0.050000
12734,0.572915,0.050000
12735,-13.461372,0.050000
12736,-15.779869,0.050000
12737,-11.394826,0.050000
12738,-10.105638,0.050000
12739,-1.272298,0.050000
12740,-12.334243,0.050000
12741,-7.772086,0.050000
12742,-16.606180,0.050000
12743,-13.525210,0.050000
12744,-13.948764,0.050000
12745,-13.310597,0.050000
12746,-17.325988,0.050000
12747,-15.510257,0.050000
12748,-11.346724,0.050000
12749,-15.023936,0.050000
12750,-4.483611,0.050000
12751,-17.416384,0.050000
12752,-12.945148,0.050000
12753,-10.573784,0.050000
12754,-10.126614,0.050000
12755,-13.388574,0.050000
12756,-14.647977,0.050000
12757,-16.687626,0.050000
12758,-17.706483,0.050000
12759,-13.974152,0.050000
12760,-12.490296,0.050000
12761,-15.526705,0.050000
12762,-12.862337,0.050000
12763,-11.919916,0.050000
12764,-5.659972,0.050000
12765,-17.370016,0.050000
12766,-12.488897,0.050000
12767,-9.421820,0.050000
12768,-5.034664,0.050000
12769,-16.560404,0.050000
12770,-8.611066,0.050000
12771,-15.142270,0.050000
12772,-10.510715,0.050000
12773,-10.988394,0.050000
12774,-8.810407,0.050000
12775,-14.344315,0.050000
12776,-7.550655,0.050000
12777,-8.189175,0.050000
12778,-15.463297,0.050000
12779,-13.477858,0.050000
12780,-5.099513,0.050000
12781,-11.656508,0.050000
12782,-14.939478,0.050000
12783,-13.376575,0.050000
12784,-8.665175,0.050000
12785,-15.950787,0.050000
12786,-13.564378,0.050000
12787,-9.871026,0.050000
12788,-14.967144,0.050000
12789,-14.945153,0.050000
12790,-9.722907,0.050000
12791,-11.011257,0.050000
12792,-12.059664,0.050000
12793,-11.099693,0.050000
12794,-20.511235,0.050000
12795,-14.668506,0.050000
12796,1.160472,0.050000
12797,-11.523930,0.050000
12798,-14.192264,0.050000
12799,-11.821671,0.050000
12800,-6.028491,0.050000
12801,-11.137103,0.050000
12802,-2.932779,0.050000
12803,-9.032887,0.050000
12804,-7.690416,0.050000
12805,-6.971927,0.050000
12806,-9.361609,0.050000
12807,-19.298171,0.050000
12808,-11.840967,0.050000
12809,-6.831454,0.050000
12810,-11.737408,0.050000
12811,-16.990289,0.050000
12812,-8.449228,0.050000
12813,-11.736373,0.050000
12814,0.007269,0.050000
12815,-15.468748,0.050000
12816,-5.701544,0.050000
12817,-5.213552,0.050000
12818,-8.382025,0.050000
12819,-11.137727,0.050000
12820,-12.954515,0.050000
12821,-6.302517,0.050000
12822,1.206159,0.050000
12823,-4.823137,0.050000
12824,-3.814102,0.050000
12825,-7.467124,0.050000
12826,-11.759670,0.050000
12827,-11.710105,0.050000
12828,-6.025229,0.050000
12829,-13.906804,0.050000
12830,-8.194259,0.050000
12831,-7.850257,0.050000
12832,-6.296085,0.050000
12833,-6.371048,0.050000
12834,-4.086256,0.050000
12835,-4.776363,0.050000
12836,-5.853360,0.050000
12837,-8.752216,0.050000
12838,-2.324691,0.050000
12839,-0.269845,0.050000
12840,-2.145162,0.050000
12841,-9.600617,0.050000
12842,-5.881738,0.050000
12843,-6.773136,0.050000
12844,-2.234686,0.050000
12845,-12.379566,0.050000
12846,-5.766600,0.050000
12847,-8.616307,0.050000
12848,-8.310000,0.050000
12849,-3.236966,0.050000
12850,-2.472804,0.050000
12851,-6.299975,0.050000
12852,-4.918469,0.050000
12853,-6.081631,0.050000
12854,-5.763770,0.050000
12855,-4.539532,0.050000
12856,-8.042353,0.050000
12857,-12.148861,0.050000
12858,-7.478395,0.050000
12859,-12.801974,0.050000
12860,-4.188745,0.050000
12861,-10.872025,0.050000
12862,-5.411611,0.050000
12863,-6.362747,0.050000
12864,-5.149211,0.050000
12865,-4.391073,0.050000
12866,-1.650890,0.050000
12867,-8.694108,0.050000
12868,-4.997518,0.050000
12869,-3.101176,0.050000
12870,-9.866458,0.050000
12871,-11.132511,0.050000
12872,-3.951743,0.050000
12873,3.329294,0.050000
12874,-7.290679,0.050000
12875,-7.610342,0.050000
12876,-5.281850,0.050000
12877,-9.709584,0.050000
12878,-6.223668,0.050000
12879,-8.040584,0.050000
12880,-8.632458,0.050000
12881,-10.039880,0.050000
12882,-11.509391,0.050000
12883,-10.752225,0.050000
12884,-4.118868,0.050000
12885,-12.042033,0.050000
12886,-7.186885,0.050000
12887,-3.382525,0.050000
12888,-7.166424,0.050000
12889,-10.960164,0.050000
12890,-14.585411,0.050000
12891,-1.180500,0.050000
12892,-9.906800,0.050000
12893,-5.555013,0.050000
12894,-3.495966,0.050000
12895,-8.557524,0.050000
12896,-4.424368,0.050000
12897,-8.104131,0.050000
12898,-6.627805,0.050000
12899,-10.792696,0.050000
12900,4.556722,0.050000
12901,-4.525376,0.050000
12902,-6.983683,0.050000
12903,-10.012344,0.050000
12904,-5.572498,0.050000
12905,-4.946806,0.050000
12906,-14.994124,0.050000
12907,-3.031713,0.050000
12908,-11.435637,0.050000
12909,-6.445848,0.050000
12910,-4.283453,0.050000
12911,-6.698035,0.050000
12912,-9.130918,0.050000
12913,-11.743622,0.050000
12914,-13.833335,0.050000
12915,-9.229922,0.050000
12916,-9.623306,0.050000
12917,-8.645154,0.050000
12918,-8.538372,0.050000
12919,9.547415,0.050000
12920,-10.986469,0.050000
12921,-5.810192,0.050000
12922,-6.516455,0.050000
12923,-8.406864,0.050000
12924,-10.041037,0.050000
12925,-12.087361,0.050000
12926,-3.762434,0.050000
12927,-9.611776,0.050000
12928,-10.791331,0.050000
12929,-10.559346,0.050000
12930,-16.335093,0.050000
12931,-9.729346,0.050000
12932,-1.463591,0.050000
12933,-5.106999,0.050000
12934,-10.738931,0.050000
12935,-8.741868,0.050000
12936,-12.248965,0.050000
12937,-16.767004,0.050000
12938,-2.804427,0.050000
12939,-4.016131,0.050000
12940,-7.439522,0.050000
12941,-14.231718,0.050000
12942,-4.078847,0.050000
12943,-10.165527,0.050000
12944,-12.706769,0.050000
12945,-6.655206,0.050000
12946,-7.358913,0.050000
12947,-3.727790,0.050000
12948,-11.763806,0.050000
12949,-16.583460,0.050000
12950,-16.087488,0.050000
12951,-14.093653,0.050000
12952,-5.802329,0.050000
12953,-4.005865,0.050000
12954,-7.583036,0.050000
12955,-13.502561,0.050000
12956,-14.114508,0.050000
12957,-14.943556,0.050000
12958,-5.086178,0.050000
12959,-9.138483,0.050000
12960,-8.544847,0.050000
12961,-13.735373,0.050000
12962,-8.757558,0.050000
12963,-8.465678,0.050000
12964,-1.640272,0.050000
12965,-18.412239,0.050000
12966,1.433049,0.050000
12967,-5.417187,0.050000
12968,-11.057571,0.050000
12969,-7.885959,0.050000
12970,-9.893003,0.050000
12971,-9.676214,0.050000
12972,-8.559025,0.050000
12973,-10.626344,0.050000
12974,-11.531536,0.050000
12975,-6.965995,0.050000
12976,-12.136935,0.050000
12977,-12.029658,0.050000
12978,0.068303,0.050000
12979,-13.141748,0.050000
12980,-9.200656,0.050000
12981,-3.890545,0.050000
12982,-21.127828,0.050000
12983,-12.340528,0.050000
12984,-12.585953,0.050000
12985,-17.076283,0.050000
12986,-18.692930,0.050000
12987,1.095609,0.050000
12988,-9.465579,0.050000
12989,-12.936103,0.050000
12990,-10.908947,0.050000
12991,-7.926631,0.050000
12992,-6.918866,0.050000
12993,-8.000009,0.050000
12994,-5.761079,0.050000
12995,-9.395226,0.050000
12996,-10.014412,0.050000
12997,-3.517517,0.050000
12998,-7.037711,0.050000
12999,-8.616738,0.050000
13000,-8.379071,0.050000
13001,-7.556690,0.050000
13002,-4.878579,0.050000
13003,-7.943613,0.050000
13004,-10.101563,0.050000
13005,-3.674207,0.050000
13006,-8.626671,0.050000
13007,-4.925703,0.050000
13008,-10.602040,0.050000
13009,-8.570310,0.050000
13010,-0.398296,0.050000
13011,-3.489455,0.050000
13012,-9.908835,0.050000
13013,-8.515734,0.050000
13014,-13.429502,0.050000
13015,-8.733098,0.050000
13016,-7.040481,0.050000
13017,-2.810652,0.050000
13018,-5.065280,0.050000
13019,2.364444,0.050000
13020,-3.288288,0.050000
13021,-12.262103,0.050000
13022,-11.654936,0.050000
13023,-9.585683,0.050000
13024,-6.975862,0.050000
13025,-8.103029,0.050000
13026,-2.389992,0.050000
13027,-3.480727,0.050000
13028,-15.047481,0.050000
13029,-9.193093,0.050000
13030,-7.131481,0.050000
13031,-12.233004,0.050000
13032,-8.695894,0.050000
13033,-13.795543,0.050000
13034,-15.338898,0.050000
13035,-10.233184,0.050000
13036,-2.347858,0.050000
13037,-16.286355,0.050000
13038,-15.261878,0.050000
13039,-10.581897,0.050000
13040,-12.998253,0.050000
13041,-12.719300,0.050000
13042,-7.460820,0.050000
13043,-2.109708,0.050000
13044,-14.201885,0.050000
13045,-15.061361,0.050000
13046,-10.779347,0.050000
13047,-13.495590,0.050000
13048,-11.535475,0.050000
13049,-5.668469,0.050000
13050,-14.343610,0.050000
13051,-10.835595,0.050000
13052,-9.174921,0.050000
13053,-5.027801,0.050000
13054,-7.579429,0.050000
13055,-8.271985,0.050000
13056,-3.790015,0.050000
13057,-15.993531,0.050000
13058,-11.405889,0.050000
13059,0.050259,0.050000
13060,-0.749555,0.050000
13061,-15.762329,0.050000
13062,-7.423714,0.050000
13063,-6.809664,0.050000
13064,-3.420369,0.050000
13065,-23.104013,0.050000
13066,-14.933895,0.050000
13067,-19.825005,0.050000
13068,-12.475928,0.050000
13069,-18.338868,0.050000
13070,-10.589047,0.050000
13071,-10.202564,0.050000
13072,-9.929287,0.050000
13073,-15.089310,0.050000
13074,-4.504517,0.050000
13075,-7.119445,0.050000
13076,-9.841973,0.050000
13077,-2.466290,0.050000
13078,-9.422661,0.050000
13079,-3.147334,0.050000
13080,-4.940703,0.050000
13081,-12.325680,0.050000
13082,-8.845234,0.050000
13083,-18.921816,0.050000
13084,-4.488790,0.050000
13085,-11.048710,0.050000
13086,-8.380556,0.050000
13087,-2.653395,0.050000
13088,-5.838223,0.050000
13089,-10.732426,0.050000
13090,-3.920672,0.050000
13091,-11.569541,0.050000
13092,-4.465174,0.050000
13093,-13.627217,0.050000
13094,-4.713141,0.050000
13095,-9.305113,0.050000
13096,-17.410098,0.050000
13097,-19.589664,0.050000
13098,-12.243459,0.050000
13099,-1.487493,0.050000
13100,-17.687487,0.050000
13101,-6.047433,0.045000
13102,-18.039849,0.045000
13103,-13.999355,0.045000
13104,-3.780670,0.045000
13105,-12.790998,0.045000
13106,-16.856950,0.045000
13107,-15.771988,0.045000
13108,-15.215358,0.045000
13109,-9.831836,0.045000
13110,-8.465604,0.045000
13111,-16.890271,0.045000
13112,-16.323521,0.045000
13113,-1.109566,0.045000
13114,-21.206231,0.045000
13115,-9.547099,0.045000
13116,-11.577790,0.045000
13117,-15.525972,0.045000
13118,-1.970126,0.045000
13119,-16.693675,0.045000
13120,-20.150227,0.045000
13121,-8.597375,0.045000
13122,-19.119749,0.045000
13123,-0.324986,0.045000
13124,-8.438341,0.045000
13125,-17.517444,0.045000
13126,-10.038284,0.045000
13127,-8.157595,0.045000
13128,-6.629134,0.045000
13129,-17.754044,0.045000
13130,-16.519779,0.045000
13131,-8.113317,0.045000
13132,-12.423116,0.045000
13133,-6.171095,0.045000
13134,-4.149244,0.045000
13135,-16.448533,0.045000
13136,-3.739732,0.045000
13137,-21.033016,0.045000
13138,-6.876321,0.045000
13139,-15.343529,0.045000
13140,-8.048283,0.045000
13141,-13.088695,0.045000
13142,-17.290568,0.045000
13143,-9.071707,0.045000
13144,-11.675932,0.045000
13145,-10.088621,0.045000
13146,-7.847955,0.045000
13147,-14.030570,0.045000
13148,-6.284758,0.045000
13149,-7.929239,0.045000
13150,-9.449955,0.045000
13151,-13.291546,0.045000
13152,-16.151275,0.045000
13153,-19.409817,0.045000
13154,-12.900056,0.045000
13155,-5.171499,0.045000
13156,-18.124858,0.045000
13157,-14.391662,0.045000
13158,-19.041787,0.045000
13159,-13.894278,0.045000
13160,-21.863045,0.045000
13161,-11.468733,0.045000
13162,-4.573817,0.045000
13163,-21.666670,0.045000
13164,-12.643439,0.045000
13165,-15.919202,0.045000
13166,-12.459566,0.045000
13167,-10.662725,0.045000
13168,0.699561,0.045000
13169,-6.260918,0.045000
13170,-3.836079,0.045000
13171,-4.711225,0.045000
13172,-6.639442,0.045000
13173,-12.736235,0.045000
13174,-5.898784,0.045000
13175,-8.010549,0.045000
13176,-3.872811,0.045000
13177,-15.435401,0.045000
13178,-11.472432,0.045000
13179,-10.121730,0.045000
13180,-1.260798,0.045000
13181,-7.113037,0.045000
13182,-7.990872,0.045000
13183,-10.406503,0.045000
13184,-5.233995,0.045000
13185,-11.055416,0.045000
13186,-12.820755,0.045000
13187,-9.667396,0.045000
13188,-7.519052,0.045000
13189,-14.375996,0.045000
13190,-6.438563,0.045000
13191,-15.104002,0.045000
13192,-10.901660,0.045000
13193,-2.730361,0.045000
13194,-16.472862,0.045000
13195,-8.183564,0.045000
13196,-4.741694,0.045000
13197,-11.352008,0.045000
13198,-11.969869,0.045000
13199,3.352613,0.045000
13200,-5.236444,0.045000
13201,-5.941311,0.040500
13202,-16.238608,0.040500
13203,-6.249034,0.040500
13204,-1.143123,0.040500
13205,-6.931702,0.040500
13206,-2.568551,0.040500
13207,-1.136791,0.040500
13208,-3.140400,0.040500
13209,-7.475312,0.040500
13210,-8.662604,0.040500
13211,-10.828525,0.040500
13212,-11.278567,0.040500
13213,-4.548619,0.040500
13214,-2.065644,0.040500
13215,-17.583510,0.040500
13216,-5.442744,0.040500
13217,-3.664253,0.040500
13218,-5.905769,0.040500
13219,-7.186734,0.040500
13220,-7.644087,0.040500
13221,-4.918643,0.040500
13222,-5.243175,0.040500
13223,-8.977607,0.040500
13224,0.790096,0.040500
13225,-1.677076,0.040500
13226,-10.690045,0.040500
13227,-13.969261,0.040500
13228,2.806246,0.040500
13229,-5.251578,0.040500
13230,-16.366745,0.040500
13231,-4.565007,0.040500
13232,-4.301824,0.040500
13233,4.128003,0.040500
13234,-9.863916,0.040500
13235,-9.744229,0.040500
13236,-3.650823,0.040500
13237,-0.247523,0.040500
13238,-4.059820,0.040500
13239,-11.139179,0.040500
13240,-10.237822,0.040500
13241,-9.176555,0.040500
13242,-12.652264,0.040500
13243,-4.182025,0.040500
13244,-3.125551,0.040500
13245,-9.371111,0.040500
13246,-17.292887,0.040500
13247,-8.672245,0.040500
13248,-3.645024,0.040500
13249,-15.128693,0.040500
13250,-3.897571,0.040500
13251,-5.725106,0.040500
13252,5.989204,0.040500
13253,-10.803200,0.040500
13254,-4.717132,0.040500
13255,-0.234874,0.040500
13256,-5.052737,0.040500
13257,-8.685371,0.040500
13258,-6.749107,0.040500
13259,-4.824388,0.040500
13260,-3.154019,0.040500
13261,-9.415494,0.040500
13262,-0.897896,0.040500
13263,-7.775155,0.040500
13264,-6.258915,0.040500
13265,-5.602047,0.040500
13266,-8.505396,0.040500
13267,-4.357990,0.040500
13268,-9.363057,0.040500
13269,-7.154726,0.040500
13270,-9.683774,0.040500
13271,-7.201040,0.040500
13272,-10.470409,0.040500
13273,-7.699720,0.040500
13274,-3.979661,0.040500
13275,1.253431,0.040500
13276,-6.147825,0.040500
13277,-5.927163,0.040500
13278,-2.885955,0.040500
13279,-5.989905,0.040500
13280,-2.624097,0.040500
13281,-13.019190,0.040500
13282,-8.505090,0.040500
13283,-6.725349,0.040500
13284,-9.778882,0.040500
13285,-12.905255,0.040500
13286,-8.300421,0.040500
13287,-8.605141,0.040500
13288,-16.710748,0.040500
13289,-14.272005,0.040500
13290,-0.717723,0.040500
13291,-12.418568,0.040500
13292,-8.316291,0.040500
13293,-4.989962,0.040500
13294,-7.614976,0.040500
13295,-5.339443,0.040500
13296,-0.860231,0.040500
13297,-7.547633,0.040500
13298,-14.182432,0.040500
13299,-12.334261,0.040500
13300,0.365384,0.040500
13301,-10.697861,0.036450
13302,-6.042510,0.036450
13303,-1.284608,0.036450
13304,-11.771943,0.036450
13305,-9.699003,0.036450
13306,-12.014741,0.036450
13307,-2.521011,0.036450
13308,-10.101409,0.036450
13309,-10.565408,0.036450
13310,-12.022686,0.036450
13311,-7.733092,0.036450
13312,-12.122884,0.036450
13313,-5.478892,0.036450
13314,-2.203825,0.036450
13315,-6.504318,0.036450
13316,-8.810034,0.036450
13317,-14.141400,0.036450
13318,-5.945403,0.036450
13319,-9.595257,0.036450
13320,-10.411703,0.036450
13321,-7.414129,0.036450
13322,-10.454254,0.036450
13323,-6.611505,0.036450
13324,-10.806390,0.036450
13325,-9.477026,0.036450
13326,-5.398301,0.036450
13327,-11.973128,0.036450
13328,-9.142161,0.036450
13329,-8.549108,0.036450
13330,-10.041032,0.036450
13331,-11.365371,0.036450
13332,-15.473506,0.036450
13333,-5.146618,0.036450
13334,-10.580051,0.036450
13335,-4.040705,0.036450
13336,-10.990457,0.036450
13337,-11.467714,0.036450
13338,-14.666802,0.036450
13339,-9.033670,0.036450
13340,-9.664482,0.036450
13341,-4.271830,0.036450
13342,-10.075814,0.036450
13343,-12.374326,0.036450
13344,-6.944836,0.036450
13345,-7.952958,0.036450
13346,-9.966162,0.036450
13347,-3.352782,0.036450
13348,-9.437424,0.036450
13349,-10.529199,0.036450
13350,-3.356552,0.036450
13351,-6.408283,0.036450
13352,-12.491855,0.036450
13353,-4.734375,0.036450
13354,-10.703611,0.036450
13355,-10.231742,0.036450
13356,-10.055734,0.036450
13357,-12.154946,0.036450
13358,-12.649418,0.036450
13359,-11.688635,0.036450
13360,-4.802184,0.036450
13361,-8.867667,0.036450
13362,-1.114059,0.036450
13363,-11.483131,0.036450
13364,-5.580783,0.036450
13365,-12.216892,0.036450
13366,-15.117615,0.036450
13367,-11.229736,0.036450
13368,-5.730729,0.036450
13369,-8.540296,0.036450
13370,-12.016607,0.036450
13371,-12.646096,0.036450
13372,-7.085548,0.036450
13373,-4.842993,0.036450
13374,-11.378270,0.036450
13375,-7.660466,0.036450
13376,1.168372,0.036450
13377,1.573371,0.036450
13378,-6.931274,0.036450
13379,-6.398502,0.036450
13380,5.751873,0.036450
13381,-7.852039,0.036450
13382,-10.727782,0.036450
13383,-8.325087,0.036450
13384,-13.198175,0.036450
13385,-6.309074,0.036450
13386,-9.550904,0.036450
13387,-6.239118,0.036450
13388,-6.313871,0.036450
13389,-3.844863,0.036450
13390,-7.280208,0.036450
13391,-4.349140,0.036450
13392,-19.543841,0.036450
13393,-7.738140,0.036450
13394,-4.119673,0.036450
13395,-6.726643,0.036450
13396,-4.311400,0.036450
13397,-11.472705,0.036450
13398,-9.499422,0.036450
13399,-7.885973,0.036450
13400,-5.709420,0.036450
13401,-7.443333,0.032805
13402,-4.815905,0.032805
13403,-4.925987,0.032805
13404,-0.827419,0.032805
13405,-10.360751,0.032805
13406,-2.660193,0.032805
13407,-16.008672,0.032805
13408,-9.721067,0.032805
13409,-8.307641,0.032805
13410,-6.405400,0.032805
13411,-0.242275,0.032805
13412,-2.521242,0.032805
13413,-6.202283,0.032805
13414,-6.806258,0.032805
13415,-2.110874,0.032805
13416,-6.838831,0.032805
13417,-7.685833,0.032805
13418,-7.431854,0.032805
13419,-14.355289,0.032805
13420,-5.270928,0.032805
13421,-5.472123,0.032805
13422,-4.028158,0.032805
13423,-2.672775,0.032805
13424,-7.149957,0.032805
13425,-7.817405,0.032805
13426,-11.221349,0.032805
13427,-6.664033,0.032805
13428,-9.278247,0.032805
13429,-11.318198,0.032805
13430,-9.247588,0.032805
13431,-4.308108,0.032805
13432,-10.350213,0.032805
13433,-8.377268,0.032805
13434,0.711179,0.032805
13435,-11.201991,0.032805
13436,-7.354528,0.032805
13437,-7.932844,0.032805
13438,-9.157840,0.032805
13439,-10.721566,0.032805
13440,-4.969777,0.032805
13441,-2.511194,0.032805
13442,-3.721114,0.032805
13443,-8.493066,0.032805
13444,-0.737451,0.032805
13445,-3.477365,0.032805
13446,-11.075992,0.032805
13447,-2.982136,0.032805
13448,-7.251715,0.032805
13449,0.232072,0.032805
13450,-12.109171,0.032805
13451,-6.872796,0.032805
13452,-6.512787,0.032805
13453,-6.003999,0.032805
13454,-3.031460,0.032805
13455,-6.107264,0.032805
13456,-6.128544,0.032805
13457,2.592747,0.032805
13458,-2.779181,0.032805
13459,-7.070485,0.032805
13460,-2.224322,0.032805
13461,-5.227484,0.032805
13462,-5.416067,0.032805
13463,-7.058747,0.032805
13464,-6.130742,0.032805
13465,-3.998362,0.032805
13466,-8.353757,0.032805
13467,0.477576,0.032805
13468,-10.621559,0.032805
13469,7.381149,0.032805
13470,-11.265870,0.032805
13471,-4.852325,0.032805
13472,-2.056007,0.032805
13473,-5.168462,0.032805
13474,1.319456,0.032805
13475,-6.000423,0.032805
13476,7.893439,0.032805
13477,-4.716191,0.032805
13478,-0.397844,0.032805
13479,-8.404665,0.032805
13480,-8.625976,0.032805
13481,-7.801019,0.032805
13482,-9.497455,0.032805
13483,-3.076355,0.032805
13484,-6.188764,0.032805
13485,-12.086714,0.032805
13486,-9.716690,0.032805
13487,-10.239473,0.032805
13488,-10.677835,0.032805
13489,-4.440677,0.032805
13490,-6.360576,0.032805
13491,1.186939,0.032805
13492,-3.213103,0.032805
13493,-16.400559,0.032805
13494,-6.729462,0.032805
13495,-7.607228,0.032805
13496,-15.145828,0.032805
13497,-7.250556,0.032805
13498,-6.209637,0.032805
13499,-13.468268,0.032805
13500,-3.354100,0.032805
13501,0.933814,0.029525
13502,-11.426163,0.029525
13503,-19.682305,0.029525
13504,-7.058333,0.029525
13505,-14.134526,0.029525
13506,-13.776191,0.029525
13507,-16.978460,0.029525
13508,-16.690956,0.029525
13509,-5.269702,0.029525
13510,-7.782532,0.029525
13511,-13.405853,0.029525
13512,-13.250802,0.029525
13513,-8.926628,0.029525
13514,-5.621933,0.029525
13515,-15.988393,0.029525
13516,-18.967294,0.029525
13517,0.479845,0.029525
13518,-2.706874,0.029525
13519,4.784413,0.029525
13520,-15.347042,0.029525
13521,-9.249301,0.029525
13522,-12.234663,0.029525
13523,-11.304014,0.029525
13524,-8.554117,0.029525
13525,-15.334955,0.029525
13526,-19.554446,0.029525
13527,-12.902654,0.029525
13528,-12.561568,0.029525
13529,-20.179908,0.029525
13530,-2.501027,0.029525
13531,-12.734098,0.029525
13532,-14.134069,0.029525
13533,-2.515849,0.029525
13534,-10.830112,0.029525
13535,-13.572066,0.029525
13536,-5.466299,0.029525
13537,-9.283288,0.029525
13538,-6.363420,0.029525
13539,-16.121723,0.029525
13540,-12.783218,0.029525
13541,-11.579370,0.029525
13542,-1.784697,0.029525
13543,-10.084827,0.029525
13544,-10.728245,0.029525
13545,-2.779849,0.029525
13546,-7.509859,0.029525
13547,-15.756787,0.029525
13548,-5.551326,0.029525
13549,-4.548605,0.029525
13550,0.443747,0.029525
13551,-9.501353,0.029525
13552,-0.902749,0.029525
13553,-10.267003,0.029525
13554,-11.405636,0.029525
13555,-5.675505,0.029525
13556,-0.795576,0.029525
13557,-9.071025,0.029525
13558,-2.014442,0.029525
13559,-6.530441,0.029525
13560,-5.658249,0.029525
13561,-14.361216,0.029525
13562,-10.929926,0.029525
13563,-13.431669,0.029525
13564,-7.052853,0.029525
13565,-16.137104,0.029525
13566,-1.453274,0.029525
13567,-9.164577,0.029525
13568,-17.629136,0.029525
13569,-16.961815,0.029525
13570,0.668105,0.029525
13571,-13.995610,0.029525
13572,-17.063054,0.029525
13573,-9.304981,0.029525
13574,-10.997369,0.029525
13575,-15.238131,0.029525
13576,-11.100914,0.029525
13577,-6.646249,0.029525
13578,-9.383055,0.029525
13579,-10.307643,0.029525
13580,-10.349033,0.029525
13581,-9.570514,0.029525
13582,-13.332598,0.029525
13583,-16.697977,0.029525
13584,-9.760488,0.029525
13585,-10.660861,0.029525
13586,-4.707131,0.029525
13587,-7.868524,0.029525
13588,-15.018549,0.029525
13589,-2.624689,0.029525
13590,-2.126797,0.029525
13591,-9.809045,0.029525
13592,-9.756156,0.029525
13593,-7.814687,0.029525
13594,-9.696078,0.029525
13595,-8.802556,0.029525
13596,-12.553576,0.029525
13597,-3.703700,0.029525
13598,-1.882111,0.029525
13599,-6.782622,0.029525
13600,-3.930209,0.029525
13601,-11.201073,0.026572
13602,-12.494022,0.026572
13603,-9.220329,0.026572
13604,-0.798657,0.026572
13605,-14.622245,0.026572
13606,-1.527152,0.026572
13607,-6.909164,0.026572
13608,-10.117797,0.026572
13609,-13.725359,0.026572
13610,-10.186814,0.026572
13611,-0.340120,0.026572
13612,-2.567617,0.026572
13613,-15.986533,0.026572
13614,-9.025958,0.026572
13615,-8.404266,0.026572
13616,-2.958064,0.026572
13617,4.902122,0.026572
13618,6.528643,0.026572
13619,-7.196276,0.026572
13620,-5.294098,0.026572
13621,-8.129048,0.026572
13622,-8.587567,0.026572
13623,-8.374550,0.026572
13624,-9.481119,0.026572
13625,-12.221099,0.026572
13626,-4.271445,0.026572
13627,-5.276461,0.026572
13628,-3.047644,0.026572
13629,-4.918953,0.026572
13630,-10.160409,0.026572
13631,-6.396039,0.026572
13632,-4.399134,0.026572
13633,-12.150560,0.026572
13634,-10.424056,0.026572
13635,-5.247704,0.026572
13636,-11.568771,0.026572
13637,-10.594178,0.026572
13638,-16.675799,0.026572
13639,-9.747869,0.026572
13640,-1.609529,0.026572
13641,-8.017927,0.026572
13642,-5.458929,0.026572
13643,-3.891151,0.026572
13644,-4.121097,0.026572
13645,-15.085945,0.026572
13646,-14.642088,0.026572
13647,-4.097840,0.026572
13648,-1.021638,0.026572
13649,-11.990525,0.026572
13650,-18.430985,0.026572
13651,-12.956178,0.026572
13652,-6.983028,0.026572
13653,-10.599214,0.026572
13654,-8.819212,0.026572
13655,-12.681870,0.026572
13656,-3.803981,0.026572
13657,-16.890835,0.026572
13658,-11.472646,0.026572
13659,-7.893966,0.026572
13660,-8.819802,0.026572
13661,-4.067447,0.026572
13662,-17.709774,0.026572
13663,-6.031845,0.026572
13664,-10.291416,0.026572
13665,-4.173785,0.026572
13666,-3.254594,0.026572
13667,-14.257772,0.026572
13668,-9.631511,0.026572
13669,-12.696076,0.026572
13670,-12.620244,0.026572
13671,-10.447549,0.026572
13672,-12.595008,0.026572
13673,-8.100981,0.026572
13674,-4.254956,0.026572
13675,-12.303494,0.026572
13676,-11.605581,0.026572
13677,-5.894617,0.026572
13678,-16.679902,0.026572
13679,-3.925441,0.026572
13680,-6.551487,0.026572
13681,-7.901285,0.026572
13682,-5.412596,0.026572
13683,-6.396989,0.026572
13684,-8.719689,0.026572
13685,-11.196647,0.026572
13686,-12.984372,0.026572
13687,-4.222381,0.026572
13688,-4.456895,0.026572
13689,-12.128771,0.026572
13690,-2.659942,0.026572
13691,-1.285188,0.026572
13692,-3.191139,0.026572
13693,-6.666844,0.026572
13694,-7.100389,0.026572
13695,-11.511152,0.026572
13696,-0.540859,0.026572
13697,-8.358019,0.026572
13698,-6.485454,0.026572
13699,-5.758850,0.026572
13700,-4.387167,0.026572
13701,-7.090770,0.023915
13702,-15.667176,0.023915
13703,-14.486783,0.023915
13704,-11.385362,0.023915
13705,-8.355014,0.023915
13706,-10.553760,0.023915
13707,-3.418926,0.023915
13708,-7.785342,0.023915
13709,-6.564323,0.023915
13710,-4.164113,0.023915
13711,-5.176596,0.023915
13712,-2.472503,0.023915
13713,-1.991012,0.023915
13714,-7.180913,0.023915
13715,-5.741026,0.023915
13716,-11.397764,0.023915
13717,-9.557459,0.023915
13718,-12.668773,0.023915
13719,-0.064725,0.023915
13720,-9.451155,0.023915
13721,-4.701495,0.023915
13722,-3.597133,0.023915
13723,-13.397584,0.023915
13724,-3.388856,0.023915
13725,-3.278224,0.023915
13726,0.861677,0.023915
13727,-18.710108,0.023915
13728,-10.039063,0.023915
13729,-15.173817,0.023915
13730,-11.590776,0.023915
13731,-6.913714,0.023915
13732,-8.266056,0.023915
13733,-13.414142,0.023915
13734,-1.523143,0.023915
13735,-10.370297,0.023915
13736,-16.922097,0.023915
13737,-7.107566,0.023915
13738,-13.067317,0.023915
13739,-0.628819,0.023915
13740,-1.601527,0.023915
13741,-16.112385,0.023915
13742,-5.658308,0.023915
13743,-6.112858,0.023915
13744,-13.979007,0.023915
13745,-2.455517,0.023915
13746,-11.782898,0.023915
13747,-2.832334,0.023915
13748,-8.349771,0.023915
13749,-14.976167,0.023915
13750,-7.353482,0.023915
13751,-11.033781,0.023915
13752,-4.759666,0.023915
13753,-0.563121,0.023915
13754,-15.343932,0.023915
13755,-12.014783,0.023915
13756,-15.557045,0.023915
13757,-10.682547,0.023915
13758,-4.635649,0.023915
13759,-11.517904,0.023915
13760,-13.379040,0.023915
13761,-6.273062,0.023915
13762,-12.156611,0.023915
13763,0.123981,0.023915
13764,-0.127894,0.023915
13765,-5.376999,0.023915
13766,11.102501,0.023915
13767,-10.383847,0.023915
13768,-1.976882,0.023915
13769,-9.300093,0.023915
13770,0.665930,0.023915
13771,-16.159657,0.023915
13772,-2.909090,0.023915
13773,-1.229949,0.023915
13774,3.247161,0.023915
13775,-10.516748,0.023915
13776,-4.434484,0.023915
13777,-12.283481,0.023915
13778,-10.427483,0.023915
13779,-8.816281,0.023915
13780,-5.395716,0.023915
13781,-6.072322,0.023915
13782,-4.986819,0.023915
13783,-3.791301,0.023915
13784,-6.140053,0.023915
13785,-6.305750,0.023915
13786,-11.892036,0.023915
13787,-8.410636,0.023915
13788,-8.634778,0.023915
13789,-0.509542,0.023915
13790,-10.002193,0.023915
13791,-3.398803,0.023915
13792,-5.921380,0.023915
13793,-7.072329,0.023915
13794,-9.718348,0.023915
13795,-5.746620,0.023915
13796,-7.405472,0.023915
13797,-7.801061,0.023915
13798,0.136334,0.023915
13799,-6.790133,0.023915
13800,-8.465945,0.023915
13801,0.484533,0.021523
13802,-10.878825,0.021523
13803,-10.645540,0.021523
13804,-11.746077,0.021523
13805,-15.907505,0.021523
13806,-7.935265,0.021523
13807,-8.736022,0.021523
13808,-9.676884,0.021523
13809,-21.576149,0.021523
13810,-6.957247,0.021523
13811,-15.971316,0.021523
13812,-8.556536,0.021523
13813,-6.909419,0.021523
13814,3.023722,0.021523
13815,-2.607066,0.021523
13816,-5.035468,0.021523
13817,-4.562662,0.021523
13818,-10.038018,0.021523
13819,-18.189455,0.021523
13820,-17.687215,0.021523
13821,-29.117651,0.021523
13822,-12.240768,0.021523
13823,-9.161323,0.021523
13824,-8.330519,0.021523
13825,-11.959525,0.021523
13826,-10.386562,0.021523
13827,-15.299878,0.021523
13828,-13.344395,0.021523
13829,-2.583711,0.021523
13830,-0.999815,0.021523
13831,-9.370375,0.021523
13832,-11.502440,0.021523
13833,-3.520262,0.021523
13834,-5.604909,0.021523
13835,-6.119366,0.021523
13836,-13.230692,0.021523
13837,-0.271772,0.021523
13838,-11.557488,0.021523
13839,-13.417223,0.021523
13840,-10.424604,0.021523
13841,-17.778093,0.021523
13842,-8.384304,0.021523
13843,-18.766556,0.021523
13844,-7.661640,0.021523
13845,-10.574635,0.021523
13846,-5.579508,0.021523
13847,-1.672576,0.021523
13848,0.449595,0.021523
13849,-2.198017,0.021523
13850,-11.648568,0.021523
13851,-5.846529,0.021523
13852,-3.730796,0.021523
13853,-13.357745,0.021523
13854,-17.110046,0.021523
13855,-5.292734,0.021523
13856,-5.131259,0.021523
13857,-8.782925,0.021523
13858,-10.580962,0.021523
13859,-15.258968,0.021523
13860,-4.314188,0.021523
13861,-10.774315,0.021523
13862,-17.881137,0.021523
13863,-0.054206,0.021523
13864,-13.020176,0.021523
13865,-8.433533,0.021523
13866,-5.903888,0.021523
13867,-4.254176,0.021523
13868,0.767178,0.021523
13869,-16.004754,0.021523
13870,-22.035491,0.021523
13871,-18.419914,0.021523
13872,-0.775871,0.021523
13873,-3.139551,0.021523
13874,-16.230232,0.021523
13875,-0.513969,0.021523
13876,-11.530704,0.021523
13877,-7.355754,0.021523
13878,-8.772047,0.021523
13879,-6.383907,0.021523
13880,-18.327057,0.021523
13881,-3.455582,0.021523
13882,-19.127978,0.021523
13883,-2.923987,0.021523
13884,-3.754652,0.021523
13885,-6.368168,0.021523
13886,-3.479832,0.021523
13887,-11.401111,0.021523
13888,-6.276544,0.021523
13889,-2.654693,0.021523
13890,-7.491686,0.021523
13891,-1.478026,0.021523
13892,-11.947676,0.021523
13893,-4.534367,0.021523
13894,-11.637139,0.021523
13895,-5.948192,0.021523
13896,-0.251532,0.021523
13897,-10.320833,0.021523
13898,-5.780039,0.021523
13899,-6.099900,0.021523
13900,-12.335287,0.021523
13901,-13.529600,0.019371
13902,-8.549631,0.019371
13903,-6.361382,0.019371
13904,-16.323030,0.019371
13905,-13.433204,0.019371
13906,-5.856302,0.019371
13907,0.992660,0.019371
13908,-6.289409,0.019371
13909,-5.065357,0.019371
13910,-7.182237,0.019371
13911,-7.701903,0.019371
13912,-3.802336,0.019371
13913,-21.325983,0.019371
13914,-3.336247,0.019371
13915,-9.185468,0.019371
13916,-2.125413,0.019371
13917,-8.910091,0.019371
13918,-10.371179,0.019371
13919,-5.644852,0.019371
13920,-14.145604,0.019371
13921,-8.944619,0.019371
13922,-10.461061,0.019371
13923,-1.166070,0.019371
13924,-5.877119,0.019371
13925,-11.817872,0.019371
13926,-12.700867,0.019371
13927,3.067363,0.019371
13928,-12.366964,0.019371
13929,-8.271134,0.019371
13930,-8.769895,0.019371
13931,-16.057933,0.019371
13932,-15.338714,0.019371
13933,-17.230009,0.019371
13934,-6.748759,0.019371
13935,-11.108586,0.019371
13936,-15.616153,0.019371
13937,-3.027551,0.019371
13938,-6.728935,0.019371
13939,-9.993234,0.019371
13940,-17.351997,0.019371
13941,-4.003755,0.019371
13942,-11.390852,0.019371
13943,-22.630296,0.019371
13944,-8.681087,0.019371
13945,-4.226324,0.019371
13946,-9.163792,0.019371
13947,-2.784875,0.019371
13948,2.514409,0.019371
13949,1.240450,0.019371
13950,-5.412953,0.019371
13951,-5.169062,0.019371
13952,-8.403467,0.019371
13953,-15.363169,0.019371
13954,-10.276091,0.019371
13955,-6.097078,0.019371
13956,-17.099042,0.019371
13957,-1.781010,0.019371
13958,-5.335507,0.019371
13959,-9.139021,0.019371
13960,-14.870061,0.019371
13961,-9.113845,0.019371
13962,-4.926821,0.019371
13963,-17.411618,0.019371
13964,-8.313959,0.019371
13965,-21.032752,0.019371
13966,-21.268752,0.019371
13967,-5.671100,0.019371
13968,-5.859940,0.019371
13969,-6.084726,0.019371
13970,-6.337511,0.019371
13971,-9.011087,0.019371
13972,-2.885729,0.019371
13973,-13.665992,0.019371
13974,-7.662117,0.019371
13975,-12.629432,0.019371
13976,-5.402533,0.019371
13977,-17.451870,0.019371
13978,-8.044859,0.019371
13979,-0.478165,0.019371
13980,-19.983186,0.019371
13981,-14.708642,0.019371
13982,-15.307084,0.019371
13983,0.135979,0.019371
13984,-13.086536,0.019371
13985,-1.315900,0.019371
13986,-10.175165,0.019371
13987,-9.514838,0.019371
13988,-19.797445,0.019371
13989,-10.592702,0.019371
13990,-18.208659,0.019371
13991,-3.967157,0.019371
13992,-0.270157,0.019371
13993,-8.426200,0.019371
13994,-9.093467,0.019371
13995,-6.746502,0.019371
13996,-15.802226,0.019371
13997,-16.766236,0.019371
13998,-19.856457,0.019371
13999,-3.881960,0.019371
14000,-8.594467,0.019371
14001,-5.274008,0.017434
14002,-3.287743,0.017434
14003,-4.379693,0.017434
14004,-15.516555,0.017434
14005,-3.590084,0.017434
14006,-9.505085,0.017434
14007,-9.340437,0.017434
14008,-5.571659,0.017434
14009,-14.681395,0.017434
14010,-2.628827,0.017434
14011,-11.571150,0.017434
14012,-13.559182,0.017434
14013,-1.766149,0.017434
14014,-1.105076,0.017434
14015,-10.590727,0.017434
14016,-13.359220,0.017434
14017,-2.557953,0.017434
14018,-5.411370,0.017434
14019,-6.179843,0.017434
14020,-5.588247,0.017434
14021,-7.225359,0.017434
14022,-10.116721,0.017434
14023,-4.750881,0.017434
14024,-2.329865,0.017434
14025,-12.936970,0.017434
14026,-9.835194,0.017434
14027,-7.898227,0.017434
14028,-7.204821,0.017434
14029,-11.567492,0.017434
14030,-8.036590,0.017434
14031,-8.956130,0.017434
14032,-14.127277,0.017434
14033,-10.455259,0.017434
14034,-10.944722,0.017434
14035,-13.707150,0.017434
14036,-5.787601,0.017434
14037,-6.757334,0.017434
14038,-12.139854,0.017434
14039,-23.791331,0.017434
14040,-16.054325,0.017434
14041,-5.444432,0.017434
14042,-5.597310,0.017434
14043,-9.075963,0.017434
14044,-5.449916,0.017434
14045,-0.492525,0.017434
14046,-5.302875,0.017434
14047,-2.440649,0.017434
14048,-10.321715,0.017434
14049,-10.610865,0.017434
14050,-0.359978,0.017434
14051,-1.678582,0.017434
14052,-7.318691,0.017434
14053,-4.978471,0.017434
14054,-6.671995,0.017434
14055,-7.054328,0.017434
14056,-6.381580,0.017434
14057,-13.474956,0.017434
14058,-8.495527,0.017434
14059,-8.599343,0.017434
14060,-13.110366,0.017434
14061,-11.858027,0.017434
14062,-8.253737,0.017434
14063,-8.760308,0.017434
14064,-7.436836,0.017434
14065,-7.399270,0.017434
14066,-7.832993,0.017434
14067,-7.977259,0.017434
14068,-12.203491,0.017434
14069,-3.733408,0.017434
14070,-5.969409,0.017434
14071,-6.784378,0.017434
14072,-6.927458,0.017434
14073,-8.803656,0.017434
14074,-7.381905,0.017434
14075,-9.526325,0.017434
14076,-6.190907,0.017434
14077,2.163036,0.017434
14078,-10.149863,0.017434
14079,-1.613601,0.017434
14080,-5.476457,0.017434
14081,-6.304016,0.017434
14082,-8.214818,0.017434
14083,-9.454130,0.017434
14084,-4.122490,0.017434
14085,-10.345903,0.017434
14086,-8.892875,0.017434
14087,-6.612166,0.017434
14088,-5.480936,0.017434
14089,-8.857716,0.017434
14090,0.683854,0.017434
14091,-2.208150,0.017434
14092,1.995165,0.017434
14093,-15.262543,0.017434
14094,-5.098610,0.017434
14095,-0.337195,0.017434
14096,-15.312013,0.017434
14097,-2.029149,0.017434
14098,-3.998437,0.017434
14099,0.444409,0.017434
14100,2.896466,0.017434
14101,-2.342461,0.015691
14102,-0.158829,0.015691
14103,-4.938715,0.015691
14104,-14.892202,0.015691
14105,8.470279,0.015691
14106,-7.902267,0.015691
14107,-2.952756,0.015691
14108,-3.107628,0.015691
14109,-1.167086,0.015691
14110,-7.181425,0.015691
14111,-5.120428,0.015691
14112,-5.619124,0.015691
14113,-7.201175,0.015691
14114,-4.941045,0.015691
14115,-8.587818,0.015691
14116,-1.893346,0.015691
14117,-10.433076,0.015691
14118,-4.426774,0.015691
14119,-1.902097,0.015691
14120,-7.368632,0.015691
14121,-6.989502,0.015691
14122,-11.503437,0.015691
14123,-5.762698,0.015691
14124,-1.825821,0.015691
14125,-0.033327,0.015691
14126,2.345441,0.015691
14127,2.714881,0.015691
14128,-5.161928,0.015691
14129,-11.647533,0.015691
14130,-2.579690,0.015691
14131,0.111202,0.015691
14132,-3.696886,0.015691
14133,0.597418,0.015691
14134,-7.745538,0.015691
14135,-5.031297,0.015691
14136,-3.009475,0.015691
14137,0.742717,0.015691
14138,3.102062,0.015691
14139,-1.878053,0.015691
14140,-7.267527,0.015691
14141,0.024929,0.015691
14142,1.479680,0.015691
14143,-7.150140,0.015691
14144,9.573991,0.015691
14145,-0.681438,0.015691
14146,-5.075955,0.015691
14147,4.528017,0.015691
14148,-10.226897,0.015691
14149,-11.227640,0.015691
14150,-7.660292,0.015691
14151,-1.516192,0.015691
14152,2.690851,0.015691
14153,-3.511457,0.015691
14154,7.117334,0.015691
14155,8.183331,0.015691
14156,3.077464,0.015691
14157,7.252739,0.015691
14158,2.402462,0.015691
14159,-9.696154,0.015691
14160,6.586493,0.015691
14161,-0.565815,0.015691
14162,-10.885222,0.015691
14163,-3.385893,0.015691
14164,-13.036341,0.015691
14165,-15.176315,0.015691
14166,3.394027,0.015691
14167,-7.944396,0.015691
14168,-8.427652,0.015691
14169,0.076065,0.015691
14170,-16.923936,0.015691
14171,-5.019409,0.015691
14172,-13.703913,0.015691
14173,4.414757,0.015691
14174,-6.872658,0.015691
14175,8.474254,0.015691
14176,2.609591,0.015691
14177,-10.561351,0.015691
14178,0.932247,0.015691
14179,-1.099034,0.015691
14180,0.431901,0.015691
14181,-3.963248,0.015691
14182,-6.201139,0.015691
14183,-11.596551,0.015691
14184,0.729518,0.015691
14185,-18.057034,0.015691
14186,2.995782,0.015691
14187,-10.420603,0.015691
14188,-4.392726,0.015691
14189,-3.960571,0.015691
14190,-2.242269,0.015691
14191,-7.951864,0.015691
14192,-3.559098,0.015691
14193,-2.891896,0.015691
14194,-0.878184,0.015691
14195,-3.978898,0.015691
14196,3.382309,0.015691
14197,-3.718501,0.015691
14198,15.823846,0.015691
14199,-10.730866,0.015691
14200,10.506287,0.015691
14201,-8.703770,0.014121
14202,-1.678574,0.014121
14203,2.335525,0.014121
14204,-7.809938,0.014121
14205,-12.160778,0.014121
14206,-3.166368,0.014121
14207,-5.963902,0.014121
14208,-14.920986,0.014121
14209,-1.496267,0.014121
14210,-3.614552,0.014121
14211,-2.318158,0.014121
14212,-5.981703,0.014121
14213,-8.364570,0.014121
14214,-11.660650,0.014121
14215,-5.379462,0.014121
14216,-12.001642,0.014121
14217,-14.251301,0.014121
14218,-4.444776,0.014121
14219,-6.611659,0.014121
14220,-4.102676,0.014121
14221,-7.574368,0.014121
14222,-2.883353,0.014121
14223,-7.321605,0.014121
14224,-11.833066,0.014121
14225,5.920174,0.014121
14226,-3.799094,0.014121
14227,-13.413471,0.014121
14228,-12.519364,0.014121
14229,-4.721669,0.014121
14230,-9.059253,0.014121
14231,-16.349364,0.014121
14232,-1.989196,0.014121
14233,2.140020,0.014121
14234,-12.363775,0.014121
14235,-10.146556,0.014121
14236,-11.845428,0.014121
14237,-9.279327,0.014121
14238,-6.912192,0.014121
14239,-8.980833,0.014121
14240,-9.899663,0.014121
14241,-7.321912,0.014121
14242,-5.262873,0.014121
14243,-0.263499,0.014121
14244,-8.923606,0.014121
14245,-8.708152,0.014121
14246,-1.854719,0.014121
14247,-7.775319,0.014121
14248,-18.853248,0.014121
14249,-9.040059,0.014121
14250,-4.691126,0.014121
14251,-9.508743,0.014121
14252,-11.569153,0.014121
14253,-12.002709,0.014121
14254,-9.438711,0.014121
14255,-11.573407,0.014121
14256,-12.875259,0.014121
14257,-12.180840,0.014121
14258,-7.765999,0.014121
14259,-11.807358,0.014121
14260,-9.876397,0.014121
14261,-13.121375,0.014121
14262,-10.785840,0.014121
14263,-10.690234,0.014121
14264,-8.889328,0.014121
14265,-5.902488,0.014121
14266,-6.040830,0.014121
14267,-1.376579,0.014121
14268,-4.741582,0.014121
14269,-8.575815,0.014121
14270,-7.210637,0.014121
14271,0.783042,0.014121
14272,0.352050,0.014121
14273,-12.060091,0.014121
14274,-8.462633,0.014121
14275,0.574128,0.014121
14276,-10.535986,0.014121
14277,-6.144407,0.014121
14278,-3.975187,0.014121
14279,-3.899065,0.014121
14280,-2.953579,0.014121
14281,-6.552848,0.014121
14282,-1.705562,0.014121
14283,-4.995936,0.014121
14284,-1.530045,0.014121
14285,-9.562775,0.014121
14286,0.477275,0.014121
14287,-0.455852,0.014121
14288,-11.968438,0.014121
14289,-0.711279,0.014121
14290,-8.028399,0.014121
14291,-5.259956,0.014121
14292,-0.838352,0.014121
14293,-2.582259,0.014121
14294,-0.117341,0.014121
14295,-0.415238,0.014121
14296,-4.883474,0.014121
14297,-5.151587,0.014121
14298,-4.206359,0.014121
14299,-5.184963,0.014121
14300,-2.222686,0.014121
14301,2.502219,0.012709
14302,-2.972019,0.012709
14303,-3.479551,0.012709
14304,-11.887462,0.012709
14305,-0.773283,0.012709
14306,0.558004,0.012709
14307,-2.444103,0.012709
14308,-2.368701,0.012709
14309,-12.018252,0.012709
14310,-11.195579,0.012709
14311,3.175382,0.012709
14312,1.105326,0.012709
14313,-1.740597,0.012709
14314,1.057141,0.012709
14315,-0.804323,0.012709
14316,-0.564794,0.012709
14317,-7.207929,0.012709
14318,-7.176697,0.012709
14319,0.607385,0.012709
14320,-3.983552,0.012709
14321,-4.417593,0.012709
14322,-2.026072,0.012709
14323,-3.631453,0.012709
14324,2.456865,0.012709
14325,-5.696778,0.012709
14326,-8.485474,0.012709
14327,-4.639811,0.012709
14328,-1.870609,0.012709
14329,1.084167,0.012709
14330,-4.917823,0.012709
14331,-2.966626,0.012709
14332,-1.104108,0.012709
14333,1.528690,0.012709
14334,-7.168362,0.012709
14335,1.295219,0.012709
14336,-6.309175,0.012709
14337,-9.551034,0.012709
14338,-5.414595,0.012709
14339,2.662289,0.012709
14340,-4.372326,0.012709
14341,-4.167125,0.012709
14342,-3.459911,0.012709
14343,-4.225632,0.012709
14344,-1.933807,0.012709
14345,-1.599485,0.012709
14346,-6.066428,0.012709
14347,-4.346392,0.012709
14348,-4.462925,0.012709
14349,8.264465,0.012709
14350,-7.845831,0.012709
14351,-3.773243,0.012709
14352,-1.557626,0.012709
14353,-0.262903,0.012709
14354,-2.263006,0.012709
14355,-1.323325,0.012709
14356,-1.789321,0.012709
14357,-5.817350,0.012709
14358,-7.289706,0.012709
14359,1.919113,0.012709
14360,-9.882100,0.012709
14361,-7.807610,0.012709
14362,-3.772051,0.012709
14363,-12.120895,0.012709
14364,-2.774425,0.012709
14365,-7.380403,0.012709
14366,-1.996025,0.012709
14367,2.248363,0.012709
14368,-1.602946,0.012709
14369,-5.159888,0.012709
14370,-12.255666,0.012709
14371,12.157254,0.012709
14372,-1.665683,0.012709
14373,-3.386030,0.012709
14374,0.847804,0.012709
14375,-6.840310,0.012709
14376,7.261680,0.012709
14377,3.983839,0.012709
14378,-1.466586,0.012709
14379,-11.129037,0.012709
14380,-5.643518,0.012709
14381,-15.081732,0.012709
14382,-6.995251,0.012709
14383,-9.888242,0.012709
14384,5.652397,0.012709
14385,-17.043884,0.012709
14386,-6.655746,0.012709
14387,-5.567098,0.012709
14388,-1.394172,0.012709
14389,-6.674900,0.012709
14390,-3.976857,0.012709
14391,-3.687805,0.012709
14392,-4.448378,0.012709
14393,-2.494184,0.012709
14394,6.346136,0.012709
14395,-10.410859,0.012709
14396,-0.594126,0.012709
14397,-2.110068,0.012709
14398,-5.433343,0.012709
14399,-1.595725,0.012709
14400,1.178417,0.012709
14401,-3.071925,0.011438
14402,-7.415590,0.011438
14403,3.454245,0.011438
14404,-2.451669,0.011438
14405,-3.308887,0.011438
14406,-1.912346,0.011438
14407,8.828451,0.011438
14408,6.187643,0.011438
14409,2.508239,0.011438
14410,-6.757585,0.011438
14411,1.698043,0.011438
14412,4.361904,0.011438
14413,-13.161955,0.011438
14414,-5.998585,0.011438
14415,-8.102580,0.011438
14416,-2.777755,0.011438
14417,-9.065127,0.011438
14418,-4.799396,0.011438
14419,-2.832688,0.011438
14420,-4.164361,0.011438
14421,-0.877056,0.011438
14422,0.435715,0.011438
14423,-5.660291,0.011438
14424,4.981681,0.011438
14425,2.203653,0.011438
14426,-5.861126,0.011438
14427,-5.992904,0.011438
14428,1.798264,0.011438
14429,7.387972,0.011438
14430,-3.423453,0.011438
14431,1.333303,0.011438
14432,7.691589,0.011438
14433,-4.212208,0.011438
14434,-7.820868,0.011438
14435,-10.292502,0.011438
14436,2.805911,0.011438
14437,2.363113,0.011438
14438,-12.904590,0.011438
14439,-5.153645,0.011438
14440,5.406443,0.011438
14441,-0.932818,0.011438
14442,3.637617,0.011438
14443,-1.846558,0.011438
14444,-7.319286,0.011438
14445,-4.524593,0.011438
14446,-1.504563,0.011438
14447,-1.465719,0.011438
14448,3.319276,0.011438
14449,-3.323288,0.011438
14450,6.538824,0.011438
14451,7.918986,0.011438
14452,-2.808466,0.011438
14453,5.024357,0.011438
14454,1.084082,0.011438
14455,-3.410809,0.011438
14456,-7.424384,0.011438
14457,-3.836505,0.011438
14458,0.044508,0.011438
14459,5.342025,0.011438
14460,-0.585526,0.011438
14461,-3.798117,0.011438
14462,0.378083,0.011438
14463,-1.345677,0.011438
14464,-3.814472,0.011438
14465,1.107917,0.011438
14466,-7.082701,0.011438
14467,-1.756355,0.011438
14468,-6.121538,0.011438
14469,0.350927,0.011438
14470,-2.187881,0.011438
14471,-5.886572,0.011438
14472,-1.350031,0.011438
14473,0.030151,0.011438
14474,-1.691329,0.011438
14475,-4.219478,0.011438
14476,9.981312,0.011438
14477,1.372903,0.011438
14478,7.464404,0.011438
14479,-6.521120,0.011438
14480,0.972837,0.011438
14481,-1.882834,0.011438
14482,0.106411,0.011438
14483,0.159399,0.011438
14484,-6.884602,0.011438
14485,-3.408917,0.011438
14486,-4.049979,0.011438
14487,-6.773827,0.011438
14488,-6.118514,0.011438
14489,-4.328683,0.011438
14490,-2.666898,0.011438
14491,-7.646842,0.011438
14492,-5.794992,0.011438
14493,-2.002177,0.011438
14494,-1.396131,0.011438
14495,-1.062127,0.011438
14496,-2.699480,0.011438
14497,-2.814842,0.011438
14498,-2.757662,0.011438
14499,0.146244,0.011438
14500,-5.845284,0.011438
14501,-6.355815,0.010295
14502,-1.665694,0.010295
14503,3.915008,0.010295
14504,-1.232758,0.010295
14505,3.074707,0.010295
14506,2.581846,0.010295
14507,1.740835,0.010295
14508,-0.981566,0.010295
14509,6.058389,0.010295
14510,0.763758,0.010295
14511,-5.191248,0.010295
14512,2.338199,0.010295
14513,-4.130682,0.010295
14514,4.684269,0.010295
14515,-2.059823,0.010295
14516,-8.432855,0.010295
14517,-1.619758,0.010295
14518,5.271993,0.010295
14519,-1.277613,0.010295
14520,-2.198404,0.010295
14521,-1.484641,0.010295
14522,-9.149953,0.010295
14523,-5.126258,0.010295
14524,-7.915940,0.010295
14525,-1.366803,0.010295
14526,-3.359768,0.010295
14527,-2.376879,0.010295
14528,-1.648840,0.010295
14529,0.058872,0.010295
14530,1.256831,0.010295
14531,-0.816136,0.010295
14532,4.586756,0.010295
14533,-0.943454,0.010295
14534,2.490108,0.010295
14535,-6.811587,0.010295
14536,7.403913,0.010295
14537,-0.331924,0.010295
14538,-5.678693,0.010295
14539,-0.152445,0.010295
14540,-4.637190,0.010295
14541,0.568490,0.010295
14542,1.658625,0.010295
14543,7.660191,0.010295
14544,-4.892150,0.010295
14545,-0.973018,0.010295
14546,-0.588896,0.010295
14547,-0.469567,0.010295
14548,-0.421879,0.010295
14549,-6.772126,0.010295
14550,-5.820530,0.010295
14551,-6.767432,0.010295
14552,-10.370873,0.010295
14553,-3.235644,0.010295
14554,-0.243808,0.010295
14555,-5.948065,0.010295
14556,3.666343,0.010295
14557,-1.386278,0.010295
14558,-9.044730,0.010295
14559,-7.397954,0.010295
14560,-2.343935,0.010295
14561,-8.939127,0.010295
14562,-3.385563,0.010295
14563,-7.980006,0.010295
14564,0.508546,0.010295
14565,-3.789353,0.010295
14566,-5.341484,0.010295
14567,-5.199221,0.010295
14568,-4.473142,0.010295
14569,-9.172538,0.010295
14570,-3.102274,0.010295
14571,-6.165687,0.010295
14572,-1.341949,0.010295
14573,2.105874,0.010295
14574,-1.099495,0.010295
14575,-7.403741,0.010295
14576,3.850751,0.010295
14577,-6.697565,0.010295
14578,-7.378748,0.010295
14579,-8.000842,0.010295
14580,-7.343666,0.010295
14581,-8.406165,0.010295
14582,-1.663248,0.010295
14583,-4.991914,0.010295
14584,-7.815409,0.010295
14585,-4.420166,0.010295
14586,-4.973696,0.010295
14587,-6.831624,0.010295
14588,-7.051867,0.010295
14589,-5.225730,0.010295
14590,-7.884334,0.010295
14591,-4.260330,0.010295
14592,-7.405989,0.010295
14593,-1.330924,0.010295
14594,-3.672709,0.010295
14595,-9.886223,0.010295
14596,-1.494540,0.010295
14597,-1.745058,0.010295
14598,-8.595552,0.010295
14599,-3.435596,0.010295
14600,-7.358662,0.010295
14601,-8.086056,0.009265
14602,-2.265554,0.009265
14603,-8.522554,0.009265
14604,-11.388599,0.009265
14605,-1.460447,0.009265
14606,-7.812830,0.009265
14607,-14.217560,0.009265
14608,-6.946134,0.009265
14609,3.818145,0.009265
14610,-9.833315,0.009265
14611,-2.949792,0.009265
14612,-0.917425,0.009265
14613,-4.028999,0.009265
14614,-9.105067,0.009265
14615,-7.889004,0.009265
14616,-5.763864,0.009265
14617,-7.461792,0.009265
14618,-5.632912,0.009265
14619,-5.185747,0.009265
14620,-4.302166,0.009265
14621,0.135993,0.009265
14622,-9.355275,0.009265
14623,-10.905117,0.009265
14624,-3.524208,0.009265
14625,-7.460990,0.009265
14626,-6.279520,0.009265
14627,-9.696122,0.009265
14628,5.466687,0.009265
14629,-5.347856,0.009265
14630,-10.399691,0.009265
14631,-1.980786,0.009265
14632,-2.161994,0.009265
14633,-8.080659,0.009265
14634,-14.490050,0.009265
14635,-5.823946,0.009265
14636,-8.875205,0.009265
14637,-13.498998,0.009265
14638,-7.091150,0.009265
14639,-13.187892,0.009265
14640,-9.398377,0.009265
14641,-6.230502,0.009265
14642,-5.179708,0.009265
14643,-7.927301,0.009265
14644,-4.229349,0.009265
14645,-5.097314,0.009265
14646,-5.107567,0.009265
14647,-11.108312,0.009265
14648,-7.938049,0.009265
14649,-5.359467,0.009265
14650,-8.445219,0.009265
14651,-5.720941,0.009265
14652,-8.484095,0.009265
14653,-4.066959,0.009265
14654,-4.200188,0.009265
14655,-9.535482,0.009265
14656,-1.550179,0.009265
14657,-12.056284,0.009265
14658,-2.730700,0.009265
14659,-5.609018,0.009265
14660,-5.406015,0.009265
14661,-8.756353,0.009265
14662,-0.009154,0.009265
14663,0.760109,0.009265
14664,-8.446279,0.009265
14665,-2.810785,0.009265
14666,-2.690633,0.009265
14667,-4.364944,0.009265
14668,-7.100153,0.009265
14669,-7.650040,0.009265
14670,-3.683368,0.009265
14671,-3.390899,0.009265
14672,-8.890346,0.009265
14673,-5.958010,0.009265
14674,-4.051368,0.009265
14675,-5.694829,0.009265
14676,-3.517168,0.009265
14677,-5.241792,0.009265
14678,-5.570688,0.009265
14679,-4.103144,0.009265
14680,-7.536103,0.009265
14681,-6.188160,0.009265
14682,-4.810884,0.009265
14683,-4.629244,0.009265
14684,-3.427549,0.009265
14685,-4.316406,0.009265
14686,-8.007882,0.009265
14687,-7.317542,0.009265
14688,-8.607984,0.009265
14689,1.282987,0.009265
14690,-4.343379,0.009265
14691,-8.430468,0.009265
14692,4.364125,0.009265
14693,-4.536061,0.009265
14694,-5.357830,0.009265
14695,-3.647966,0.009265
14696,-7.313724,0.009265
14697,-0.773228,0.009265
14698,-8.926080,0.009265
14699,-3.583377,0.009265
14700,-7.310218,0.009265
14701,-3.537178,0.008339
14702,1.055684,0.008339
14703,-6.413539,0.008339
14704,-16.052909,0.008339
14705,-6.464690,0.008339
14706,-7.861993,0.008339
14707,3.540742,0.008339
14708,-5.213410,0.008339
14709,-5.815379,0.008339
14710,-1.900984,0.008339
14711,-7.207695,0.008339
14712,-5.424430,0.008339
14713,-4.462966,0.008339
14714,-10.803212,0.008339
14715,-6.092565,0.008339
14716,-2.347822,0.008339
14717,-3.420721,0.008339
14718,12.099071,0.008339
14719,-7.315775,0.008339
14720,-7.613707,0.008339
14721,-4.024733,0.008339
14722,-6.339755,0.008339
14723,-1.013269,0.008339
14724,-6.790141,0.008339
14725,1.720202,0.008339
14726,-5.210439,0.008339
14727,-12.336496,0.008339
14728,1.811818,0.008339
14729,-5.513119,0.008339
14730,-4.140868,0.008339
14731,0.522377,0.008339
14732,-0.687443,0.008339
14733,-1.054183,0.008339
14734,-5.900807,0.008339
14735,1.483909,0.008339
14736,1.634670,0.008339
14737,-5.721163,0.008339
14738,-1.817401,0.008339
14739,-4.003661,0.008339
14740,0.408369,0.008339
14741,-2.606116,0.008339
14742,-0.678562,0.008339
14743,2.544058,0.008339
14744,-9.078146,0.008339
14745,-1.960411,0.008339
14746,-0.306478,0.008339
14747,-5.592919,0.008339
14748,-1.530869,0.008339
14749,-6.971169,0.008339
14750,-0.568147,0.008339
14751,-5.476501,0.008339
14752,-1.860820,0.008339
14753,-6.940512,0.008339
14754,-3.719897,0.008339
14755,-7.223617,0.008339
14756,-6.230324,0.008339
14757,-11.206846,0.008339
14758,-7.840213,0.008339
14759,-4.481010,0.008339
14760,1.229728,0.008339
14761,-6.000788,0.008339
14762,-3.715721,0.008339
14763,-1.743054,0.008339
14764,-2.956143,0.008339
14765,-10.782981,0.008339
14766,-0.894830,0.008339
14767,-5.830392,0.008339
14768,-3.652756,0.008339
14769,-5.280972,0.008339
14770,-8.581820,0.008339
14771,-10.000525,0.008339
14772,-6.014616,0.008339
14773,5.491368,0.008339
14774,2.532000,0.008339
14775,-8.407473,0.008339
14776,-5.446596,0.008339
14777,-2.584455,0.008339
14778,3.863325,0.008339
14779,-9.460350,0.008339
14780,-6.581426,0.008339
14781,1.466760,0.008339
14782,-2.298415,0.008339
14783,-7.148652,0.008339
14784,-3.655686,0.008339
14785,-7.216470,0.008339
14786,-2.809301,0.008339
14787,-1.016104,0.008339
14788,-6.429259,0.008339
14789,-9.322559,0.008339
14790,-4.704706,0.008339
14791,-8.684687,0.008339
14792,-5.859427,0.008339
14793,-7.471744,0.008339
14794,-4.451369,0.008339
14795,-6.154033,0.008339
14796,3.527157,0.008339
14797,-6.973079,0.008339
14798,0.756551,0.008339
14799,-6.438781,0.008339
14800,0.190579,0.008339
14801,-6.009445,0.007505
14802,4.544783,0.007505
14803,4.370420,0.007505
14804,-3.039167,0.007505
14805,0.416197,0.007505
14806,-2.803608,0.007505
14807,-3.715346,0.007505
14808,-4.756884,0.007505
14809,1.766005,0.007505
14810,2.843799,0.007505
14811,0.612462,0.007505
14812,1.311928,0.007505
14813,-9.203159,0.007505
14814,4.797740,0.007505
14815,-9.155966,0.007505
14816,9.145852,0.007505
14817,-2.770180,0.007505
14818,4.048106,0.007505
14819,-11.604813,0.007505
14820,0.290108,0.007505
14821,-1.840689,0.007505
14822,-0.625091,0.007505
14823,3.172207,0.007505
14824,4.319082,0.007505
14825,-7.725053,0.007505
14826,-1.705695,0.007505
14827,-0.756092,0.007505
14828,-10.482578,0.007505
14829,-2.510604,0.007505
14830,-4.387639,0.007505
14831,0.336667,0.007505
14832,-2.049367,0.007505
14833,-0.039521,0.007505
14834,-0.555230,0.007505
14835,-2.808723,0.007505
14836,-2.311506,0.007505
14837,0.895154,0.007505
14838,-11.919039,0.007505
14839,-0.019554,0.007505
14840,-10.099470,0.007505
14841,4.262925,0.007505
14842,-0.985723,0.007505
14843,6.930487,0.007505
14844,-0.050784,0.007505
14845,-3.776801,0.007505
14846,0.922550,0.007505
14847,0.723768,0.007505
14848,-6.519679,0.007505
14849,3.963384,0.007505
14850,-0.741217,0.007505
14851,-15.485708,0.007505
14852,-5.835195,0.007505
14853,-2.959481,0.007505
14854,-7.304562,0.007505
14855,-2.800398,0.007505
14856,-11.380083,0.007505
14857,-2.673670,0.007505
14858,-7.787848,0.007505
14859,0.993893,0.007505
14860,-5.832941,0.007505
14861,-10.684143,0.007505
14862,-6.872072,0.007505
14863,-3.423782,0.007505
14864,1.682534,0.007505
14865,-10.550941,0.007505
14866,3.155239,0.007505
14867,-12.850352,0.007505
14868,5.839062,0.007505
14869,-6.524930,0.007505
14870,0.825474,0.007505
14871,-5.675763,0.007505
14872,-9.125828,0.007505
14873,3.829931,0.007505
14874,7.404395,0.007505
14875,-7.647061,0.007505
14876,4.904730,0.007505
14877,-9.347032,0.007505
14878,-3.118039,0.007505
14879,-9.285227,0.007505
14880,3.191128,0.007505
14881,-8.381208,0.007505
14882,5.445599,0.007505
14883,4.239173,0.007505
14884,-8.206783,0.007505
14885,-0.258119,0.007505
14886,-9.130285,0.007505
14887,-3.400137,0.007505
14888,-1.232418,0.007505
14889,-1.580863,0.007505
14890,1.733101,0.007505
14891,2.836800,0.007505
14892,-7.159473,0.007505
14893,-2.727815,0.007505
14894,-8.923887,0.007505
14895,-1.646455,0.007505
14896,6.484804,0.007505
14897,-0.915225,0.007505
14898,-2.391521,0.007505
14899,-7.417301,0.007505
14900,-8.497210,0.007505
14901,-0.299456,0.006754
14902,-9.397455,0.006754
14903,-9.565493,0.006754
14904,-10.792029,0.006754
14905,-1.726490,0.006754
14906,-0.955512,0.006754
14907,3.198800,0.006754
14908,0.242637,0.006754
14909,-3.486606,0.006754
14910,-1.812873,0.006754
14911,-8.190953,0.006754
14912,-4.776908,0.006754
14913,-6.837642,0.006754
14914,-6.152631,0.006754
14915,-5.265731,0.006754
14916,0.272323,0.006754
14917,-0.387706,0.006754
14918,5.879103,0.006754
14919,0.242833,0.006754
14920,-12.481216,0.006754
14921,-6.693993,0.006754
14922,-3.475400,0.006754
14923,-2.932989,0.006754
14924,-3.444731,0.006754
14925,-4.196381,0.006754
14926,11.248517,0.006754
14927,-0.268978,0.006754
14928,2.042109,0.006754
14929,0.827820,0.006754
14930,1.921208,0.006754
14931,-3.892287,0.006754
14932,4.465553,0.006754
14933,-2.458034,0.006754
14934,2.249374,0.006754
14935,-0.918289,0.006754
14936,9.315269,0.006754
14937,-1.065941,0.006754
14938,1.159147,0.006754
14939,-10.164601,0.006754
14940,-1.317209,0.006754
14941,11.177005,0.006754
14942,-3.127098,0.006754
14943,2.294056,0.006754
14944,-6.667567,0.006754
14945,3.049529,0.006754
14946,7.933444,0.006754
14947,-6.063712,0.006754
14948,-7.757967,0.006754
14949,1.581129,0.006754
14950,-0.895924,0.006754
14951,-0.322820,0.006754
14952,-1.898816,0.006754
14953,-2.510698,0.006754
14954,-0.304216,0.006754
14955,-6.780264,0.006754
14956,-6.136169,0.006754
14957,-0.190520,0.006754
14958,-3.107763,0.006754
14959,-3.244200,0.006754
14960,-7.888771,0.006754
14961,-11.440137,0.006754
14962,1.555378,0.006754
14963,9.681424,0.006754
14964,-4.416085,0.006754
14965,-10.018879,0.006754
14966,2.261247,0.006754
14967,-7.184553,0.006754
14968,-7.385240,0.006754
14969,-4.298553,0.006754
14970,-5.577637,0.006754
14971,-2.928153,0.006754
14972,3.759707,0.006754
14973,-2.656047,0.006754
14974,-3.672092,0.006754
14975,5.148454,0.006754
14976,6.144511,0.006754
14977,1.410223,0.006754
14978,-2.890905,0.006754
14979,-1.193060,0.006754
14980,12.811382,0.006754
14981,8.133713,0.006754
14982,6.428233,0.006754
14983,-6.268521,0.006754
14984,-3.468412,0.006754
14985,-4.552849,0.006754
14986,2.392827,0.006754
14987,-0.918937,0.006754
14988,-3.702985,0.006754
14989,5.905231,0.006754
14990,1.224262,0.006754
14991,3.041997,0.006754
14992,-2.089744,0.006754
14993,-1.317260,0.006754
14994,11.880931,0.006754
14995,-6.643284,0.006754
14996,2.112015,0.006754
14997,-0.982877,0.006754
14998,5.014102,0.006754
14999,-0.053014,0.006754
15000,1.525890,0.006754
15001,-5.137923,0.006079
15002,-1.833530,0.006079
15003,-2.025574,0.006079
15004,-1.267383,0.006079
15005,1.485157,0.006079
15006,-4.338001,0.006079
15007,0.885075,0.006079
15008,-6.011961,0.006079
15009,-7.341672,0.006079
15010,-1.003441,0.006079
15011,5.111584,0.006079
15012,-2.367017,0.006079
15013,-1.933529,0.006079
15014,-3.802255,0.006079
15015,0.572612,0.006079
15016,-8.205053,0.006079
15017,-3.907774,0.006079
15018,11.065750,0.006079
15019,4.288050,0.006079
15020,2.181900,0.006079
15021,2.070837,0.006079
15022,1.651815,0.006079
15023,-10.045396,0.006079
15024,-8.138253,0.006079
15025,6.052350,0.006079
15026,-3.392473,0.006079
15027,2.368055,0.006079
15028,-3.292976,0.006079
15029,-3.361850,0.006079
15030,-7.224065,0.006079
15031,-9.843361,0.006079
15032,9.866121,0.006079
15033,4.336272,0.006079
15034,-3.976190,0.006079
15035,-0.561518,0.006079
15036,0.460891,0.006079
15037,3.875796,0.006079
15038,-2.932034,0.006079
15039,4.131385,0.006079
15040,0.202430,0.006079
15041,0.773969,0.006079
15042,-4.484014,0.006079
15043,1.527234,0.006079
15044,-2.972023,0.006079
15045,5.840185,0.006079
15046,-0.928722,0.006079
15047,0.895401,0.006079
15048,5.003358,0.006079
15049,0.208306,0.006079
15050,0.179984,0.006079
15051,-0.413949,0.006079
15052,4.745424,0.006079
15053,2.762575,0.006079
15054,2.368989,0.006079
15055,3.555729,0.006079
15056,-8.934233,0.006079
15057,2.645086,0.006079
15058,1.293012,0.006079
15059,5.720344,0.006079
15060,0.312905,0.006079
15061,3.365578,0.006079
15062,-2.066596,0.006079
15063,-6.903157,0.006079
15064,-0.126407,0.006079
15065,3.494435,0.006079
15066,0.059629,0.006079
15067,-7.985815,0.006079
15068,5.482042,0.006079
15069,0.842198,0.006079
15070,1.195052,0.006079
15071,1.955330,0.006079
15072,1.497925,0.006079
15073,-8.065302,0.006079
15074,0.107137,0.006079
15075,-3.445201,0.006079
15076,6.546456,0.006079
15077,0.858057,0.006079
15078,2.633337,0.006079
15079,-0.929135,0.006079
15080,-2.798377,0.006079
15081,0.467570,0.006079
15082,-0.817531,0.006079
15083,-0.733294,0.006079
15084,-3.262135,0.006079
15085,2.263651,0.006079
15086,2.533549,0.006079
15087,-9.745942,0.006079
15088,-4.126715,0.006079
15089,2.288800,0.006079
15090,-0.368222,0.006079
15091,-2.377831,0.006079
15092,2.354188,0.006079
15093,2.351858,0.006079
15094,-2.374959,0.006079
15095,1.153768,0.006079
15096,-3.281083,0.006079
15097,-3.695678,0.006079
15098,0.169941,0.006079
15099,-4.472487,0.006079
15100,-0.916130,0.006079
15101,3.142883,0.005471
15102,1.536582,0.005471
15103,-3.770460,0.005471
15104,-4.777001,0.005471
15105,-7.176160,0.005471
15106,8.263949,0.005471
15107,-5.428327,0.005471
15108,0.324094,0.005471
15109,-3.534109,0.005471
15110,3.202143,0.005471
15111,2.810151,0.005471
15112,-3.744157,0.005471
15113,12.447886,0.005471
15114,1.407509,0.005471
15115,-4.824273,0.005471
15116,0.630026,0.005471
15117,-2.381899,0.005471
15118,-2.509509,0.005471
15119,-5.990671,0.005471
15120,-1.728371,0.005471
15121,-3.849910,0.005471
15122,-1.740489,0.005471
15123,-0.526765,0.005471
15124,-7.719301,0.005471
15125,-0.574680,0.005471
15126,-3.251208,0.005471
15127,-5.938379,0.005471
15128,1.286309,0.005471
15129,-2.695798,0.005471
15130,-1.725743,0.005471
15131,-5.130769,0.005471
15132,-3.593026,0.005471
15133,-3.934417,0.005471
15134,-1.826934,0.005471
15135,-9.275647,0.005471
15136,-4.220650,0.005471
15137,-6.868920,0.005471
15138,3.366153,0.005471
15139,-3.825812,0.005471
15140,-5.566605,0.005471
15141,-7.436767,0.005471
15142,-2.040271,0.005471
15143,-4.300450,0.005471
15144,-9.853519,0.005471
15145,1.678375,0.005471
15146,-1.790461,0.005471
15147,-6.079951,0.005471
15148,-2.019354,0.005471
15149,-1.017191,0.005471
15150,9.689679,0.005471
15151,-0.805955,0.005471
15152,1.234543,0.005471
15153,-0.833142,0.005471
15154,-4.927431,0.005471
15155,-3.991989,0.005471
15156,-15.072998,0.005471
15157,-5.496325,0.005471
15158,-6.896505,0.005471
15159,-0.697513,0.005471
15160,-6.820620,0.005471
15161,-5.468800,0.005471
15162,2.563003,0.005471
15163,5.252534,0.005471
15164,0.521852,0.005471
15165,-3.956344,0.005471
15166,-3.455311,0.005471
15167,-1.984628,0.005471
15168,-6.103320,0.005471
15169,-2.896785,0.005471
15170,-3.053598,0.005471
15171,-5.772489,0.005471
15172,-4.708048,0.005471
15173,2.581234,0.005471
15174,-2.974234,0.005471
15175,-5.077482,0.005471
15176,1.555941,0.005471
15177,-3.362776,0.005471
15178,-0.567582,0.005471
15179,-5.386881,0.005471
15180,0.378685,0.005471
15181,-2.965106,0.005471
15182,-6.838809,0.005471
15183,-4.331207,0.005471
15184,1.669563,0.005471
15185,2.118821,0.005471
15186,-1.345898,0.005471
15187,-1.851895,0.005471
15188,-3.492987,0.005471
15189,-3.881696,0.005471
15190,-1.652919,0.005471
15191,2.067985,0.005471
15192,-8.483423,0.005471
15193,0.059733,0.005471
15194,5.170155,0.005471
15195,-1.807077,0.005471
15196,1.235082,0.005471
15197,5.227428,0.005471
15198,-2.330494,0.005471
15199,-8.144412,0.005471
15200,-4.287246,0.005471
15201,5.708346,0.004924
15202,-7.125236,0.004924
15203,-2.978262,0.004924
15204,-1.458449,0.004924
15205,2.551483,0.004924
15206,-5.682649,0.004924
15207,-3.883532,0.004924
15208,-4.480658,0.004924
15209,-1.916523,0.004924
15210,-0.528955,0.004924
15211,-3.785499,0.004924
15212,-13.461488,0.004924
15213,-4.634053,0.004924
15214,-5.650861,0.004924
15215,-2.522248,0.004924
15216,-3.889147,0.004924
15217,0.884085,0.004924
15218,-4.786718,0.004924
15219,-7.261806,0.004924
15220,-2.900773,0.004924
15221,-3.592505,0.004924
15222,-3.204024,0.004924
15223,-4.385723,0.004924
15224,-2.074708,0.004924
15225,-8.808623,0.004924
15226,1.908654,0.004924
15227,-2.747779,0.004924
15228,-3.796411,0.004924
15229,-3.635628,0.004924
15230,-2.873932,0.004924
15231,11.703374,0.004924
15232,-4.517836,0.004924
15233,8.192648,0.004924
15234,-2.215768,0.004924
15235,1.723989,0.004924
15236,-4.584352,0.004924
15237,3.579604,0.004924
15238,-6.762644,0.004924
15239,-6.665051,0.004924
15240,-6.318409,0.004924
15241,-4.030979,0.004924
15242,-4.355610,0.004924
15243,-1.970981,0.004924
15244,-3.955598,0.004924
15245,-3.578900,0.004924
15246,-6.241900,0.004924
15247,-7.007656,0.004924
15248,2.912335,0.004924
15249,-4.369860,0.004924
15250,1.654339,0.004924
15251,-6.990170,0.004924
15252,6.140305,0.004924
15253,-6.981612,0.004924
15254,-8.360486,0.004924
15255,-0.874637,0.004924
15256,-0.053139,0.004924
15257,-4.696843,0.004924
15258,-0.090208,0.004924
15259,2.302365,0.004924
15260,-4.392462,0.004924
15261,-1.700392,0.004924
15262,-1.316642,0.004924
15263,-7.509750,0.004924
15264,-2.147295,0.004924
15265,4.007648,0.004924
15266,-3.496280,0.004924
15267,-4.743731,0.004924
15268,-4.534877,0.004924
15269,-2.683996,0.004924
15270,-5.104215,0.004924
15271,1.867536,0.004924
15272,3.057741,0.004924
15273,-2.252591,0.004924
15274,-2.335045,0.004924
15275,0.517040,0.004924
15276,7.754590,0.004924
15277,1.440101,0.004924
15278,-0.094721,0.004924
15279,-2.805436,0.004924
15280,-4.626325,0.004924
15281,2.891396,0.004924
15282,-4.126820,0.004924
15283,-4.712445,0.004924
15284,-0.643983,0.004924
15285,-1.127459,0.004924
15286,-5.295954,0.004924
15287,-0.444858,0.004924
15288,0.715733,0.004924
15289,0.811822,0.004924
15290,-6.676827,0.004924
15291,3.509319,0.004924
15292,-4.858726,0.004924
15293,-8.051737,0.004924
15294,-2.779672,0.004924
15295,-1.725595,0.004924
15296,2.582230,0.004924
15297,-2.969270,0.004924
15298,1.998589,0.004924
15299,2.287500,0.004924
15300,-0.260409,0.004924
15301,0.030423,0.004431
15302,-4.290044,0.004431
15303,-4.870130,0.004431
15304,-2.621649,0.004431
15305,-3.684317,0.004431
15306,1.355444,0.004431
15307,6.785137,0.004431
15308,-4.629351,0.004431
15309,-0.467091,0.004431
15310,2.818815,0.004431
15311,-6.952840,0.004431
15312,-5.510276,0.004431
15313,-3.331280,0.004431
15314,-2.353007,0.004431
15315,-3.799897,0.004431
15316,0.934582,0.004431
15317,-3.181736,0.004431
15318,3.283301,0.004431
15319,0.434663,0.004431
15320,-5.579910,0.004431
15321,-6.773182,0.004431
15322,-5.019471,0.004431
15323,-11.028105,0.004431
15324,-9.563925,0.004431
15325,1.562395,0.004431
15326,-3.720184,0.004431
15327,0.599275,0.004431
15328,-5.929492,0.004431
15329,-0.927085,0.004431
15330,-4.602348,0.004431
15331,16.707437,0.004431
15332,-3.702893,0.004431
15333,-2.550114,0.004431
15334,3.133010,0.004431
15335,-1.290786,0.004431
15336,4.172879,0.004431
15337,-6.217291,0.004431
15338,-3.115986,0.004431
15339,-5.365183,0.004431
15340,-3.943851,0.004431
15341,-4.056075,0.004431
15342,5.268515,0.004431
15343,-5.340409,0.004431
15344,4.216352,0.004431
15345,-6.001331,0.004431
15346,-2.720066,0.004431
15347,6.505016,0.004431
15348,-4.723971,0.004431
15349,-0.260751,0.004431
15350,-6.412704,0.004431
15351,-4.589573,0.004431
15352,-1.122861,0.004431
15353,-2.713392,0.004431
15354,2.207701,0.004431
15355,-3.297190,0.004431
15356,-4.151352,0.004431
15357,-9.627838,0.004431
15358,-6.938945,0.004431
15359,0.381197,0.004431
15360,-8.107581,0.004431
15361,-7.821618,0.004431
15362,-5.592330,0.004431
15363,-2.292359,0.004431
15364,-1.751540,0.004431
15365,-7.266531,0.004431
15366,-1.834422,0.004431
15367,6.098699,0.004431
15368,-4.279420,0.004431
15369,-4.939544,0.004431
15370,3.174261,0.004431
15371,-3.183443,0.004431
15372,1.065973,0.004431
15373,4.985323,0.004431
15374,0.242901,0.004431
15375,-6.111149,0.004431
15376,0.672309,0.004431
15377,-3.210500,0.004431
15378,-4.248334,0.004431
15379,-9.805845,0.004431
15380,-9.211668,0.004431
15381,-3.442251,0.004431
15382,-4.458006,0.004431
15383,-6.304745,0.004431
15384,-5.326797,0.004431
15385,0.729350,0.004431
15386,-4.347937,0.004431
15387,10.280169,0.004431
15388,0.334412,0.004431
15389,-5.225750,0.004431
15390,-2.400527,0.004431
15391,-4.852095,0.004431
15392,-0.427704,0.004431
15393,-0.798373,0.004431
15394,-5.254404,0.004431
15395,-0.470875,0.004431
15396,3.521967,0.004431
15397,-3.809638,0.004431
15398,-5.413549,0.004431
15399,-9.614865,0.004431
15400,2.598597,0.004431
15401,4.299828,0.003988
15402,-4.133523,0.003988
15403,-3.055110,0.003988
15404,-5.699116,0.003988
15405,2.613506,0.003988
15406,-1.214005,0.003988
15407,-9.609876,0.003988
15408,0.000846,0.003988
15409,-0.592869,0.003988
15410,-4.120870,0.003988
15411,-2.023522,0.003988
15412,-0.028326,0.003988
15413,-4.392194,0.003988
15414,-5.525853,0.003988
15415,2.115052,0.003988
15416,-4.190501,0.003988
15417,-3.629690,0.003988
15418,-5.673586,0.003988
15419,1.518989,0.003988
15420,-8.820101,0.003988
15421,-10.649564,0.003988
15422,-1.843213,0.003988
15423,1.387138,0.003988
15424,-4.423469,0.003988
15425,-0.994187,0.003988
15426,-7.366506,0.003988
15427,6.481819,0.003988
15428,0.757558,0.003988
15429,-6.633639,0.003988
15430,-0.461946,0.003988
15431,2.245911,0.003988
15432,-4.512807,0.003988
15433,-0.872165,0.003988
15434,-7.560512,0.003988
15435,-0.667352,0.003988
15436,-7.843706,0.003988
15437,-2.738584,0.003988
15438,-3.173576,0.003988
15439,-2.105335,0.003988
15440,-8.583804,0.003988
15441,-4.379887,0.003988
15442,-5.594792,0.003988
15443,0.251463,0.003988
15444,3.374830,0.003988
15445,-2.690635,0.003988
15446,0.745816,0.003988
15447,6.306108,0.003988
15448,-6.013446,0.003988
15449,-7.711080,0.003988
15450,-1.867519,0.003988
15451,0.669564,0.003988
15452,-2.746400,0.003988
15453,-3.633006,0.003988
15454,-9.090716,0.003988
15455,-9.389405,0.003988
15456,-6.120094,0.003988
15457,-9.133349,0.003988
15458,0.229290,0.003988
15459,-2.526175,0.003988
15460,-5.324622,0.003988
15461,-0.867582,0.003988
15462,-0.055627,0.003988
15463,-3.316467,0.003988
15464,-2.783751,0.003988
15465,-3.070494,0.003988
15466,-4.909052,0.003988
15467,-4.965121,0.003988
15468,4.879206,0.003988
15469,-6.902515,0.003988
15470,-1.494193,0.003988
15471,11.727488,0.003988
15472,-3.930957,0.003988
15473,-1.588965,0.003988
15474,-4.017660,0.003988
15475,-3.920499,0.003988
15476,-0.501942,0.003988
15477,0.627894,0.003988
15478,-5.296084,0.003988
15479,-6.762713,0.003988
15480,2.246731,0.003988
15481,-3.847723,0.003988
15482,-3.480333,0.003988
15483,-5.885337,0.003988
15484,-5.666682,0.003988
15485,-6.018963,0.003988
15486,-5.283622,0.003988
15487,-2.072740,0.003988
15488,1.446037,0.003988
15489,-10.415510,0.003988
15490,-5.271158,0.003988
15491,4.345404,0.003988
15492,-3.898026,0.003988
15493,-3.082062,0.003988
15494,4.452926,0.003988
15495,-2.873400,0.003988
15496,-0.933474,0.003988
15497,-4.177365,0.003988
15498,-2.713935,0.003988
15499,-1.461973,0.003988
15500,2.021037,0.003988
15501,-1.303356,0.003589
15502,-4.232899,0.003589
15503,-2.129312,0.003589
15504,-10.110784,0.003589
15505,0.722444,0.003589
15506,-6.530585,0.003589
15507,-10.467946,0.003589
15508,-2.864440,0.003589
15509,-10.155007,0.003589
15510,-4.744004,0.003589
15511,-0.989028,0.003589
15512,-1.649635,0.003589
15513,-2.517433,0.003589
15514,-9.949763,0.003589
15515,-6.060192,0.003589
15516,-0.196213,0.003589
15517,-12.423752,0.003589
15518,-8.716183,0.003589
15519,4.313691,0.003589
15520,1.781254,0.003589
15521,-5.226598,0.003589
15522,-3.079383,0.003589
15523,-0.330515,0.003589
15524,-3.856337,0.003589
15525,-11.145668,0.003589
15526,-3.878516,0.003589
15527,-8.597216,0.003589
15528,-0.400281,0.003589
15529,-1.219668,0.003589
15530,2.749576,0.003589
15531,1.019556,0.003589
15532,-3.175484,0.003589
15533,-7.028961,0.003589
15534,-0.684766,0.003589
15535,-8.986048,0.003589
15536,-1.693500,0.003589
15537,-7.420308,0.003589
15538,-7.003243,0.003589
15539,-2.233515,0.003589
15540,4.857131,0.003589
15541,-3.533293,0.003589
15542,-4.522218,0.003589
15543,-5.007907,0.003589
15544,0.765645,0.003589
15545,-7.502426,0.003589
15546,-1.882915,0.003589
15547,-3.031797,0.003589
15548,-8.872113,0.003589
15549,-9.021309,0.003589
15550,-7.432305,0.003589
15551,3.392938,0.003589
15552,-0.014487,0.003589
15553,-0.274615,0.003589
15554,1.337659,0.003589
15555,-3.706642,0.003589
15556,-6.478972,0.003589
15557,-4.864654,0.003589
15558,-9.389541,0.003589
15559,0.480523,0.003589
15560,-1.827549,0.003589
15561,-10.272389,0.003589
15562,-1.834042,0.003589
15563,3.434244,0.003589
15564,1.337347,0.003589
15565,-10.140434,0.003589
15566,-7.350466,0.003589
15567,-7.720900,0.003589
15568,1.419273,0.003589
15569,-2.855448,0.003589
15570,-3.363972,0.003589
15571,-3.812156,0.003589
15572,-8.624332,0.003589
15573,-0.661921,0.003589
15574,-7.934240,0.003589
15575,-7.118380,0.003589
15576,-1.840358,0.003589
15577,-8.655482,0.003589
15578,-3.198105,0.003589
15579,6.306969,0.003589
15580,-7.367609,0.003589
15581,-0.514825,0.003589
15582,-8.257766,0.003589
15583,-6.221601,0.003589
15584,3.729431,0.003589
15585,-9.676201,0.003589
15586,3.410737,0.003589
15587,-5.442382,0.003589
15588,-0.619387,0.003589
15589,-3.015686,0.003589
15590,-11.844904,0.003589
15591,-7.379073,0.003589
15592,-1.675458,0.003589
15593,-7.773221,0.003589
15594,-11.899900,0.003589
15595,-10.491051,0.003589
15596,-3.128230,0.003589
15597,-3.404580,0.003589
15598,-3.413886,0.003589
15599,-6.688365,0.003589
15600,-1.231250,0.003589
15601,-11.475588,0.003231
15602,10.161958,0.003231
15603,-4.031181,0.003231
15604,-2.076880,0.003231
15605,-4.329435,0.003231
15606,-9.936830,0.003231
15607,-2.812740,0.003231
15608,-7.588330,0.003231
15609,-1.922180,0.003231
15610,-8.024708,0.003231
15611,3.086906,0.003231
15612,-7.788632,0.003231
15613,1.361698,0.003231
15614,-7.379474,0.003231
15615,-1.622607,0.003231
15616,-7.463437,0.003231
15617,-6.064388,0.003231
15618,-3.023414,0.003231
15619,-10.928165,0.003231
15620,1.356748,0.003231
15621,-7.750483,0.003231
15622,-6.796207,0.003231
15623,-6.236239,0.003231
15624,-4.023371,0.003231
15625,-6.220569,0.003231
15626,-5.656269,0.003231
15627,0.644609,0.003231
15628,-6.017613,0.003231
15629,-0.124510,0.003231
15630,-14.147917,0.003231
15631,-14.769938,0.003231
15632,-7.479259,0.003231
15633,1.107662,0.003231
15634,-9.727619,0.003231
15635,6.829597,0.003231
15636,-7.273915,0.003231
15637,-10.872988,0.003231
15638,-1.329860,0.003231
15639,-5.817327,0.003231
15640,-1.526170,0.003231
15641,5.344960,0.003231
15642,0.256234,0.003231
15643,-6.727115,0.003231
15644,-9.790629,0.003231
15645,-0.099308,0.003231
15646,-4.228105,0.003231
15647,-6.711820,0.003231
15648,-10.337332,0.003231
15649,-4.060454,0.003231
15650,-7.269875,0.003231
15651,-10.321223,0.003231
15652,1.454928,0.003231
15653,-3.396451,0.003231
15654,-4.450849,0.003231
15655,1.016303,0.003231
15656,-6.245410,0.003231
15657,-7.465155,0.003231
15658,-3.812901,0.003231
15659,-8.206971,0.003231
15660,-11.530096,0.003231
15661,-8.067726,0.003231
15662,8.362326,0.003231
15663,-4.504996,0.003231
15664,-7.512137,0.003231
15665,-4.112727,0.003231
15666,2.909741,0.003231
15667,-5.937673,0.003231
15668,-2.749745,0.003231
15669,-2.024463,0.003231
15670,-7.113898,0.003231
15671,-2.247582,0.003231
15672,-0.767931,0.003231
15673,-3.503461,0.003231
15674,8.875499,0.003231
15675,-5.520231,0.003231
15676,-0.567656,0.003231
15677,2.545749,0.003231
15678,-2.800498,0.003231
15679,7.035765,0.003231
15680,-7.229692,0.003231
15681,9.000054,0.003231
15682,-2.139604,0.003231
15683,-3.791025,0.003231
15684,-4.645267,0.003231
15685,-3.211242,0.003231
15686,-4.480184,0.003231
15687,-1.801394,0.003231
15688,0.852450,0.003231
15689,-11.219520,0.003231
15690,-3.297196,0.003231
15691,-3.304896,0.003231
15692,-1.734716,0.003231
15693,-6.792979,0.003231
15694,1.820371,0.003231
15695,-1.284962,0.003231
15696,-0.403463,0.003231
15697,-6.398969,0.003231
15698,-0.519383,0.003231
15699,-1.920381,0.003231
15700,-1.202554,0.003231
15701,4.546523,0.002907
15702,-1.708511,0.002907
15703,-9.920327,0.002907
15704,-2.243983,0.002907
15705,-6.485370,0.002907
15706,-10.542229,0.002907
15707,-4.848201,0.002907
15708,1.974978,0.002907
15709,-0.032613,0.002907
15710,0.891038,0.002907
15711,-0.388614,0.002907
15712,-8.259731,0.002907
15713,-2.292606,0.002907
15714,-1.007577,0.002907
15715,-4.275642,0.002907
15716,-7.345382,0.002907
15717,-2.693720,0.002907
15718,-2.333370,0.002907
15719,4.143031,0.002907
15720,-7.553635,0.002907
15721,-1.548234,0.002907
15722,-0.810462,0.002907
15723,-9.306580,0.002907
15724,-3.951491,0.002907
15725,-3.842172,0.002907
15726,-6.554992,0.002907
15727,-3.847712,0.002907
15728,-5.497353,0.002907
15729,-2.384086,0.002907
15730,-4.778444,0.002907
15731,8.606628,0.002907
15732,1.280822,0.002907
15733,-8.492277,0.002907
15734,0.934866,0.002907
15735,-0.353480,0.002907
15736,-2.569033,0.002907
15737,-4.107374,0.002907
15738,1.592066,0.002907
15739,-3.985216,0.002907
15740,-2.800813,0.002907
15741,-4.994068,0.002907
15742,-2.531520,0.002907
15743,0.846695,0.002907
15744,-4.321675,0.002907
15745,-1.311739,0.002907
15746,2.533472,0.002907
15747,-3.714282,0.002907
15748,15.151932,0.002907
15749,-5.286556,0.002907
15750,-9.919179,0.002907
15751,-5.992411,0.002907
15752,-1.928187,0.002907
15753,-6.664421,0.002907
15754,-6.326680,0.002907
15755,-4.002895,0.002907
15756,-7.372586,0.002907
15757,4.809444,0.002907
15758,-1.623174,0.002907
15759,0.158455,0.002907
15760,-2.473162,0.002907
15761,3.946135,0.002907
15762,-6.216607,0.002907
15763,-3.880115,0.002907
15764,-4.650820,0.002907
15765,-4.159011,0.002907
15766,3.154792,0.002907
15767,5.581456,0.002907
15768,-5.356009,0.002907
15769,-0.313194,0.002907
15770,0.176614,0.002907
15771,-3.847839,0.002907
15772,1.304527,0.002907
15773,-1.710612,0.002907
15774,-7.530166,0.002907
15775,0.281315,0.002907
15776,4.633314,0.002907
15777,-6.454711,0.002907
15778,-1.734701,0.002907
15779,-0.395501,0.002907
15780,6.999260,0.002907
15781,-7.859315,0.002907
15782,7.999275,0.002907
15783,4.552543,0.002907
15784,-1.701514,0.002907
15785,-5.162625,0.002907
15786,-3.613545,0.002907
15787,-2.332562,0.002907
15788,-0.814751,0.002907
15789,-3.761115,0.002907
15790,0.615496,0.002907
15791,0.396225,0.002907
15792,-0.260809,0.002907
15793,1.948022,0.002907
15794,-3.278923,0.002907
15795,-1.078933,0.002907
15796,-3.250924,0.002907
15797,1.255153,0.002907
15798,-2.634261,0.002907
15799,-2.035643,0.002907
15800,-0.240803,0.002907
15801,-5.867498,0.002617
15802,-4.437397,0.002617
15803,-1.632369,0.002617
15804,-3.421599,0.002617
15805,0.151213,0.002617
15806,-1.471579,0.002617
15807,-0.925719,0.002617
15808,-2.827871,0.002617
15809,-1.123215,0.002617
15810,-5.024079,0.002617
15811,1.434269,0.002617
15812,-7.811716,0.002617
15813,-5.858400,0.002617
15814,-2.599910,0.002617
15815,0.280785,0.002617
15816,-3.926863,0.002617
15817,3.056732,0.002617
15818,-0.753708,0.002617
15819,4.478736,0.002617
15820,1.074360,0.002617
15821,-1.216587,0.002617
15822,-1.604894,0.002617
15823,-1.204067,0.002617
15824,-1.018563,0.002617
15825,0.185620,0.002617
15826,-0.972078,0.002617
15827,1.168325,0.002617
15828,-1.262301,0.002617
15829,-0.363782,0.002617
15830,-6.716757,0.002617
15831,-0.199064,0.002617
15832,6.655490,0.002617
15833,1.977270,0.002617
15834,-5.606335,0.002617
15835,-3.414262,0.002617
15836,-5.291197,0.002617
15837,2.495468,0.002617
15838,0.425139,0.002617
15839,-1.041686,0.002617
15840,-5.249926,0.002617
15841,-5.059861,0.002617
15842,0.276556,0.002617
15843,-2.996505,0.002617
15844,-4.702358,0.002617
15845,-2.605121,0.002617
15846,1.627176,0.002617
15847,-3.021685,0.002617
15848,2.660173,0.002617
15849,-2.192284,0.002617
15850,-2.290254,0.002617
15851,-1.213058,0.002617
15852,-0.123662,0.002617
15853,-1.042390,0.002617
15854,2.550552,0.002617
15855,2.181181,0.002617
15856,-5.212104,0.002617
15857,-2.372427,0.002617
15858,-0.091823,0.002617
15859,-6.814848,0.002617
15860,4.259904,0.002617
15861,0.138903,0.002617
15862,-1.936190,0.002617
15863,-3.468329,0.002617
15864,-4.800247,0.002617
15865,-2.813068,0.002617
15866,0.118855,0.002617
15867,-3.318066,0.002617
15868,1.863644,0.002617
15869,-6.449826,0.002617
15870,0.306318,0.002617
15871,-0.965159,0.002617
15872,0.536850,0.002617
15873,0.343386,0.002617
15874,-4.104200,0.002617
15875,-1.208889,0.002617
15876,1.071566,0.002617
15877,-2.033349,0.002617
15878,9.408514,0.002617
15879,-4.096957,0.002617
15880,0.430690,0.002617
15881,-1.165589,0.002617
15882,3.044936,0.002617
15883,7.725454,0.002617
15884,-3.249854,0.002617
15885,-3.303759,0.002617
15886,10.003146,0.002617
15887,4.326820,0.002617
15888,-4.101545,0.002617
15889,-4.338462,0.002617
15890,5.609026,0.002617
15891,-4.683014,0.002617
15892,3.911462,0.002617
15893,7.745759,0.002617
15894,-2.226249,0.002617
15895,3.672434,0.002617
15896,0.461059,0.002617
15897,-3.682295,0.002617
15898,-5.185924,0.002617
15899,-4.518533,0.002617
15900,-2.304477,0.002617
15901,-5.723191,0.002355
15902,7.264186,0.002355
15903,-3.789380,0.002355
15904,-4.854533,0.002355
15905,-3.525457,0.002355
15906,-1.001142,0.002355
15907,-3.393803,0.002355
15908,-5.320094,0.002355
15909,-0.469858,0.002355
15910,-2.087695,0.002355
15911,0.936759,0.002355
15912,5.099285,0.002355
15913,3.941048,0.002355
15914,0.574939,0.002355
15915,-4.137692,0.002355
15916,-3.671490,0.002355
15917,0.991378,0.002355
15918,-0.559773,0.002355
15919,1.808744,0.002355
15920,-4.120958,0.002355
15921,-3.592205,0.002355
15922,-2.289806,0.002355
15923,-0.853486,0.002355
15924,1.785069,0.002355
15925,0.554069,0.002355
15926,-0.665060,0.002355
15927,5.582575,0.002355
15928,1.516581,0.002355
15929,-2.588919,0.002355
15930,-1.145348,0.002355
15931,-0.896268,0.002355
15932,-3.060741,0.002355
15933,-3.948910,0.002355
15934,0.237735,0.002355
15935,-5.133378,0.002355
15936,-3.146242,0.002355
15937,1.725975,0.002355
15938,-0.510499,0.002355
15939,8.543852,0.002355
15940,1.205715,0.002355
15941,3.550604,0.002355
15942,10.553707,0.002355
15943,-4.678882,0.002355
15944,1.630285,0.002355
15945,2.673515,0.002355
15946,-2.047756,0.002355
15947,-4.050895,0.002355
15948,0.649286,0.002355
15949,-1.546586,0.002355
15950,0.255829,0.002355
15951,2.409732,0.002355
15952,1.305008,0.002355
15953,-0.226920,0.002355
15954,-5.926937,0.002355
15955,-1.675928,0.002355
15956,1.822955,0.002355
15957,2.544407,0.002355
15958,-1.630975,0.002355
15959,-0.266939,0.002355
15960,-4.255760,0.002355
15961,2.422273,0.002355
15962,-5.158790,0.002355
15963,4.069804,0.002355
15964,-0.459319,0.002355
15965,-0.516425,0.002355
15966,-5.789258,0.002355
15967,-6.232007,0.002355
15968,-5.408222,0.002355
15969,-1.726618,0.002355
15970,1.486894,0.002355
15971,3.681763,0.002355
15972,2.173740,0.002355
15973,2.135078,0.002355
15974,0.535867,0.002355
15975,0.986548,0.002355
15976,-3.633183,0.002355
15977,-1.904050,0.002355
15978,1.098539,0.002355
15979,-2.442746,0.002355
15980,-3.922557,0.002355
15981,2.305781,0.002355
15982,1.400515,0.002355
15983,-2.812319,0.002355
15984,1.193019,0.002355
15985,-5.399198,0.002355
15986,-0.870816,0.002355
15987,0.411253,0.002355
15988,-2.078313,0.002355
15989,1.461656,0.002355
15990,0.896901,0.002355
15991,-5.509242,0.002355
15992,-5.630576,0.002355
15993,-0.450118,0.002355
15994,-3.183391,0.002355
15995,-3.821549,0.002355
15996,-1.496623,0.002355
15997,0.952838,0.002355
15998,7.984516,0.002355
15999,-3.436939,0.002355
16000,0.804039,0.002355
