episode,avg_reward,noise_std
1,-214.569284,0.298800
2,-251.135823,0.297605
3,-218.196947,0.296414
4,-254.722323,0.295229
5,-237.914770,0.294048
6,-155.156599,0.292872
7,-62.942629,0.291700
8,-33.284520,0.290533
9,-35.293874,0.289371
10,-29.977175,0.288214
11,-65.466575,0.287061
12,-64.661760,0.285913
13,-59.514471,0.284769
14,-61.741960,0.283630
15,-55.126540,0.282495
16,-60.992440,0.281365
17,-41.400780,0.280240
18,-57.991818,0.279119
19,-81.854300,0.278002
20,-84.069011,0.276890
21,-50.572145,0.275783
22,-141.504797,0.274680
23,-78.866036,0.273581
24,-75.275465,0.272487
25,-86.140326,0.271397
26,-68.966215,0.270311
27,-47.223099,0.269230
28,-41.887667,0.268153
29,-46.825847,0.267080
30,-31.660819,0.266012
31,-42.414805,0.264948
32,-51.190517,0.263888
33,-41.277740,0.262833
34,-49.706249,0.261781
35,-37.395863,0.260734
36,-48.797171,0.259691
37,-47.093980,0.258653
38,-48.943664,0.257618
39,-51.124964,0.256587
40,-37.355874,0.255561
41,-82.641841,0.254539
42,-122.683270,0.253521
43,-100.607189,0.252507
44,-72.617114,0.251497
45,-39.352535,0.250491
46,-50.803120,0.249489
47,-83.740779,0.248491
48,-55.926925,0.247497
49,-49.161121,0.246507
50,-43.634811,0.245521
51,-62.354161,0.244539
52,-65.950004,0.243560
53,-64.613138,0.242586
54,-57.139536,0.241616
55,-87.192559,0.240649
56,-67.470243,0.239687
57,-79.404891,0.238728
58,-70.580996,0.237773
59,-98.506226,0.236822
60,-98.569762,0.235875
61,-119.344941,0.234931
62,-108.434178,0.233992
63,-54.861268,0.233056
64,-63.485274,0.232123
65,-70.260233,0.231195
66,-58.830179,0.230270
67,-29.673677,0.229349
68,-76.175983,0.228432
69,-91.007433,0.227518
70,-100.392674,0.226608
71,-103.731963,0.225701
72,-143.726149,0.224799
73,-96.386647,0.223899
74,-120.082399,0.223004
75,-134.082360,0.222112
76,-131.119616,0.221223
77,-104.186536,0.220338
78,-118.680710,0.219457
79,-132.463270,0.218579
80,-109.227875,0.217705
81,-126.469216,0.216834
82,-124.265811,0.215967
83,-98.336540,0.215103
84,-98.274703,0.214243
85,-150.721991,0.213386
86,-104.373029,0.212532
87,-102.507307,0.211682
88,-132.310190,0.210835
89,-107.079313,0.209992
90,-122.181732,0.209152
91,-103.990321,0.208315
92,-101.751788,0.207482
93,-97.340786,0.206652
94,-91.190597,0.205825
95,-90.495853,0.205002
96,-110.316759,0.204182
97,-75.983133,0.203365
98,-114.864533,0.202552
99,-130.708130,0.201742
100,-115.513030,0.200935
101,-123.815833,0.200131
102,-120.234289,0.199331
103,-124.984430,0.198533
104,-118.906866,0.197739
105,-95.420912,0.196948
106,-115.026961,0.196160
107,-87.411673,0.195376
108,-110.339683,0.194594
109,-106.426468,0.193816
110,-120.456969,0.193041
111,-120.786633,0.192268
112,-129.313765,0.191499
113,-92.108052,0.190733
114,-98.696770,0.189970
115,-106.028630,0.189210
116,-94.726911,0.188454
117,-93.201291,0.187700
118,-76.188882,0.186949
119,-57.107011,0.186201
120,-76.256075,0.185456
121,-60.239013,0.184715
122,-70.567952,0.183976
123,-53.563486,0.183240
124,-80.409589,0.182507
125,-85.471840,0.181777
126,-102.017582,0.181050
127,-90.341060,0.180326
128,-107.372086,0.179604
129,-146.395286,0.178886
130,-113.159818,0.178170
131,-94.692359,0.177458
132,-92.590894,0.176748
133,-94.609834,0.176041
134,-61.069236,0.175337
135,-93.546344,0.174635
136,-107.591237,0.173937
137,-52.626861,0.173241
138,-73.760678,0.172548
139,-87.510492,0.171858
140,-45.077225,0.171170
141,-58.376253,0.170486
142,-65.097525,0.169804
143,-73.653718,0.169125
144,-79.581490,0.168448
145,-56.508660,0.167774
146,-48.528636,0.167103
147,-62.468035,0.166435
148,-52.408082,0.165769
149,-71.555244,0.165106
150,-44.942052,0.164446
151,-58.488354,0.163788
152,-44.172272,0.163133
153,-65.379784,0.162480
154,-67.624809,0.161830
155,-67.821850,0.161183
156,-94.037071,0.160538
157,-88.951032,0.159896
158,-50.875050,0.159256
159,-57.751221,0.158619
160,-33.633548,0.157985
161,-76.751086,0.157353
162,-52.650499,0.156723
163,-12.442875,0.156097
164,-45.709289,0.155472
165,-65.218055,0.154850
166,-41.487443,0.154231
167,-48.324618,0.153614
168,-54.737489,0.153000
169,-16.008711,0.152388
170,-69.767403,0.151778
171,-28.750501,0.151171
172,-38.247593,0.150566
173,-40.744767,0.149964
174,-31.635978,0.149364
175,-29.439603,0.148767
176,-49.112465,0.148172
177,-41.780578,0.147579
178,-32.956198,0.146989
179,-42.407142,0.146401
180,-40.676304,0.145815
181,-39.097075,0.145232
182,-10.427365,0.144651
183,-54.603373,0.144072
184,-43.745754,0.143496
185,-32.011175,0.142922
186,-59.942492,0.142350
187,-77.425014,0.141781
188,-54.823412,0.141214
189,-100.995673,0.140649
190,-43.042880,0.140086
191,-55.194180,0.139526
192,-54.287918,0.138968
193,-65.896589,0.138412
194,-59.474530,0.137858
195,-44.798361,0.137307
196,-44.820280,0.136758
197,-70.162979,0.136211
198,-59.382512,0.135666
199,-72.850310,0.135123
200,-60.883929,0.134583
201,-59.046924,0.134044
202,-68.430211,0.133508
203,-76.647910,0.132974
204,-71.396735,0.132442
205,-73.305549,0.131912
206,-75.291198,0.131385
207,-70.422638,0.130859
208,-107.338962,0.130336
209,-100.195194,0.129814
210,-84.257157,0.129295
211,-96.427293,0.128778
212,-81.442070,0.128263
213,-60.791085,0.127750
214,-49.015634,0.127239
215,-55.000586,0.126730
216,-39.994238,0.126223
217,-73.851044,0.125718
218,-52.086393,0.125215
219,-68.623913,0.124714
220,-74.153232,0.124215
221,-64.270675,0.123719
222,-51.366535,0.123224
223,-39.562836,0.122731
224,-57.345788,0.122240
225,-71.368558,0.121751
226,-67.252361,0.121264
227,-41.287001,0.120779
228,-84.651911,0.120296
229,-64.269567,0.119815
230,-65.605550,0.119335
231,-96.434150,0.118858
232,-76.682282,0.118383
233,-67.034436,0.117909
234,-78.884833,0.117437
235,-76.977689,0.116968
236,-83.654480,0.116500
237,-60.965099,0.116034
238,-62.811095,0.115570
239,-59.583022,0.115107
240,-40.873805,0.114647
241,-38.263611,0.114188
242,-45.292055,0.113732
243,-44.845898,0.113277
244,-11.323155,0.112824
245,-11.805749,0.112372
246,-31.567262,0.111923
247,-54.792027,0.111475
248,-28.098846,0.111029
249,-39.503512,0.110585
250,-29.656743,0.110143
251,-28.521950,0.109702
252,-28.058792,0.109263
253,-23.422715,0.108826
254,-40.272408,0.108391
255,-10.582481,0.107957
256,-36.758094,0.107526
257,-36.852823,0.107096
258,-45.442023,0.106667
259,-31.335396,0.106240
260,-51.946992,0.105815
261,-48.131812,0.105392
262,-27.125208,0.104971
263,-34.175035,0.104551
264,-30.497424,0.104133
265,-45.505516,0.103716
266,-38.821085,0.103301
267,-27.617813,0.102888
268,-17.849094,0.102476
269,-38.919423,0.102067
270,-24.206903,0.101658
271,-42.327969,0.101252
272,-16.620670,0.100847
273,-22.944195,0.100443
274,-44.424371,0.100041
275,-50.652769,0.099641
276,-58.652229,0.099243
277,-12.729706,0.098846
278,-14.148283,0.098450
279,-38.411360,0.098057
280,-19.248239,0.097664
281,-23.282654,0.097274
282,-22.279768,0.096885
283,-14.862738,0.096497
284,-32.099028,0.096111
285,-31.295110,0.095727
286,-27.200709,0.095344
287,-21.425710,0.094962
288,-38.785450,0.094582
289,-25.635451,0.094204
290,-32.465393,0.093827
291,-41.260861,0.093452
292,-41.193900,0.093078
293,-41.105333,0.092706
294,-26.229770,0.092335
295,-49.636487,0.091966
296,-14.080404,0.091598
297,-28.831251,0.091231
298,-6.083976,0.090867
299,-34.149006,0.090503
300,-34.227235,0.090141
301,-21.031283,0.089781
302,-63.416126,0.089421
303,-33.932031,0.089064
304,-43.180948,0.088707
305,-24.269056,0.088353
306,-48.980513,0.087999
307,-36.068323,0.087647
308,-77.930360,0.087297
309,-50.258295,0.086947
310,-54.292162,0.086600
311,-43.017221,0.086253
312,-41.065273,0.085908
313,-43.646304,0.085565
314,-26.823224,0.085222
315,-30.118818,0.084881
316,-27.389305,0.084542
317,-56.686314,0.084204
318,-54.264967,0.083867
319,-44.622660,0.083531
320,-20.948912,0.083197
321,-47.004426,0.082865
322,-8.961841,0.082533
323,-7.643957,0.082203
324,-3.853443,0.081874
325,-33.172821,0.081547
326,-25.658702,0.081220
327,-43.131506,0.080896
328,-13.609617,0.080572
329,-23.271254,0.080250
330,-26.460162,0.079929
331,-22.197596,0.079609
332,-10.274167,0.079291
333,-14.355308,0.078973
334,-24.680244,0.078658
335,-26.518805,0.078343
336,-34.419763,0.078030
337,-5.728187,0.077717
338,-40.117856,0.077407
339,-14.892984,0.077097
340,-30.298892,0.076789
341,-20.864701,0.076481
342,-18.141674,0.076175
343,-22.112813,0.075871
344,-31.228253,0.075567
345,-17.581534,0.075265
346,-28.891494,0.074964
347,-14.941554,0.074664
348,-4.734484,0.074365
349,-30.536980,0.074068
350,-35.963016,0.073772
351,-11.718221,0.073477
352,-27.292211,0.073183
353,-25.602622,0.072890
354,-40.321728,0.072598
355,-19.552008,0.072308
356,-24.053029,0.072019
357,-19.964538,0.071731
358,-25.750455,0.071444
359,-23.036297,0.071158
360,-17.767930,0.070873
361,-12.053643,0.070590
362,-15.746573,0.070308
363,-19.279041,0.070026
364,-1.039807,0.069746
365,-12.713053,0.069467
366,-18.150452,0.069189
367,-52.620078,0.068913
368,-37.876226,0.068637
369,-16.684034,0.068362
370,-26.430125,0.068089
371,-20.813775,0.067817
372,-17.854557,0.067545
373,-53.635039,0.067275
374,-42.426748,0.067006
375,-34.754804,0.066738
376,-21.459635,0.066471
377,-43.490601,0.066205
378,-30.306801,0.065940
379,-16.918161,0.065677
380,-11.967268,0.065414
381,-28.416040,0.065152
382,-16.525871,0.064892
383,-24.155535,0.064632
384,-46.803193,0.064374
385,-11.010632,0.064116
386,-14.008199,0.063860
387,-46.868730,0.063604
388,-20.388609,0.063350
389,-18.403851,0.063096
390,-37.882986,0.062844
391,-21.497816,0.062593
392,-12.391098,0.062342
393,-18.568840,0.062093
394,-16.901871,0.061844
395,-11.488369,0.061597
396,-19.911349,0.061351
397,-17.694821,0.061105
398,-26.459472,0.060861
399,-51.428234,0.060617
400,-25.111750,0.060375
401,-18.194768,0.060133
402,-2.292255,0.059893
403,-23.911143,0.059653
404,-25.114697,0.059415
405,-21.678051,0.059177
406,-19.566159,0.058940
407,-15.917551,0.058705
408,-19.549473,0.058470
409,-16.243109,0.058236
410,-27.181057,0.058003
411,-23.321749,0.057771
412,-56.765711,0.057540
413,-19.432778,0.057310
414,-25.184877,0.057080
415,-17.692230,0.056852
416,-13.703083,0.056625
417,-17.778326,0.056398
418,-20.499882,0.056173
419,-31.729535,0.055948
420,-12.410881,0.055724
421,-11.152244,0.055501
422,-14.449399,0.055279
423,-24.274370,0.055058
424,-31.505431,0.054838
425,-36.820937,0.054619
426,-13.975040,0.054400
427,-26.845406,0.054182
428,-33.075384,0.053966
429,-27.388772,0.053750
430,-25.644136,0.053535
431,-32.684948,0.053321
432,-11.753145,0.053107
433,-19.811399,0.052895
434,-14.006251,0.052683
435,-11.098452,0.052473
436,-6.136347,0.052263
437,-29.814080,0.052054
438,-14.214319,0.051846
439,-18.868633,0.051638
440,-33.115024,0.051432
441,-18.762773,0.051226
442,-28.075987,0.051021
443,-24.072493,0.050817
444,-15.499064,0.050614
445,-12.079457,0.050411
446,-15.392692,0.050210
447,-25.362054,0.050009
448,-4.874286,0.050000
449,-27.427900,0.050000
450,-17.531990,0.050000
451,-22.671291,0.050000
452,-29.123553,0.050000
453,-22.598059,0.050000
454,-41.151802,0.050000
455,-25.167510,0.050000
456,-34.600952,0.050000
457,-11.971220,0.050000
458,-30.644568,0.050000
459,-39.776203,0.050000
460,-26.814455,0.050000
461,-27.703327,0.050000
462,-28.930744,0.050000
463,-40.605308,0.050000
464,-58.512083,0.050000
465,-62.879860,0.050000
466,-65.960382,0.050000
467,-52.156550,0.050000
468,-67.802988,0.050000
469,-48.074077,0.050000
470,-36.684059,0.050000
471,-40.567317,0.050000
472,-60.717333,0.050000
473,-102.351354,0.050000
474,-57.895739,0.050000
475,-17.352237,0.050000
476,-41.371985,0.050000
477,-21.380956,0.050000
478,-66.037712,0.050000
479,-42.605724,0.050000
480,-57.408857,0.050000
481,-22.002181,0.050000
482,-33.425499,0.050000
483,-41.745339,0.050000
484,-39.218009,0.050000
485,-48.578061,0.050000
486,-32.711704,0.050000
487,-23.699384,0.050000
488,-52.720192,0.050000
489,-30.709606,0.050000
490,-30.672606,0.050000
491,-47.025428,0.050000
492,-66.143583,0.050000
493,-39.592150,0.050000
494,-42.049609,0.050000
495,-33.698104,0.050000
496,-19.640106,0.050000
497,-24.456227,0.050000
498,-20.248458,0.050000
499,-33.429289,0.050000
500,-13.939399,0.050000
501,-49.118307,0.050000
502,-25.537643,0.050000
503,-12.148639,0.050000
504,-11.134717,0.050000
505,-34.339189,0.050000
506,-25.883550,0.050000
507,-50.765632,0.050000
508,-5.326411,0.050000
509,-53.685122,0.050000
510,-24.844362,0.050000
511,-61.493933,0.050000
512,-30.755718,0.050000
513,-54.127682,0.050000
514,-23.892857,0.050000
515,-52.618807,0.050000
516,-23.003850,0.050000
517,-51.086765,0.050000
518,-34.256826,0.050000
519,-35.388021,0.050000
520,-103.486375,0.050000
521,-44.917549,0.050000
522,-29.772188,0.050000
523,-37.827465,0.050000
524,-57.741010,0.050000
525,-61.290781,0.050000
526,-38.720703,0.050000
527,-28.257000,0.050000
528,-25.469360,0.050000
529,-62.794710,0.050000
530,-41.373749,0.050000
531,-28.640321,0.050000
532,-37.964878,0.050000
533,-61.385227,0.050000
534,-48.730727,0.050000
535,-18.176381,0.050000
536,-37.920543,0.050000
537,-55.193141,0.050000
538,-57.171246,0.050000
539,-49.583396,0.050000
540,-32.667059,0.050000
541,-36.747779,0.050000
542,-61.810232,0.050000
543,-37.269091,0.050000
544,-59.976764,0.050000
545,-49.497960,0.050000
546,-49.321413,0.050000
547,-45.658095,0.050000
548,-50.677607,0.050000
549,-59.127119,0.050000
550,-29.485390,0.050000
551,-25.871434,0.050000
552,-38.408255,0.050000
553,-52.463265,0.050000
554,-29.660100,0.050000
555,-41.921847,0.050000
556,-26.602670,0.050000
557,-24.622036,0.050000
558,-22.645130,0.050000
559,-42.470975,0.050000
560,-43.550433,0.050000
561,-32.243028,0.050000
562,-43.712084,0.050000
563,-37.728996,0.050000
564,-44.921005,0.050000
565,-49.713266,0.050000
566,-37.486589,0.050000
567,-27.082816,0.050000
568,-28.839416,0.050000
569,-34.908327,0.050000
570,-35.324333,0.050000
571,-39.588946,0.050000
572,-38.694266,0.050000
573,-25.839643,0.050000
574,-20.274065,0.050000
575,-18.912198,0.050000
576,-30.611597,0.050000
577,-30.785721,0.050000
578,-15.533605,0.050000
579,-22.085607,0.050000
580,-10.123326,0.050000
581,-10.837845,0.050000
582,-39.864061,0.050000
583,-39.609181,0.050000
584,-30.966234,0.050000
585,-23.293763,0.050000
586,-33.558601,0.050000
587,-17.058965,0.050000
588,-20.733116,0.050000
589,-22.976403,0.050000
590,-11.337226,0.050000
591,-12.944441,0.050000
592,-8.619658,0.050000
593,-15.502973,0.050000
594,-26.868921,0.050000
595,-31.181285,0.050000
596,-17.291632,0.050000
597,-12.563468,0.050000
598,-19.033998,0.050000
599,-16.191343,0.050000
600,-16.072564,0.050000
601,-17.993263,0.050000
602,-30.241006,0.050000
603,-8.414187,0.050000
604,-34.672000,0.050000
605,-12.485713,0.050000
606,-22.193014,0.050000
607,-12.680894,0.050000
608,-25.931783,0.050000
609,-30.082348,0.050000
610,-18.413548,0.050000
611,-22.161157,0.050000
612,-39.580063,0.050000
613,-7.851124,0.050000
614,-30.238298,0.050000
615,-30.055503,0.050000
616,-7.658127,0.050000
617,-17.467197,0.050000
618,-8.487691,0.050000
619,-21.287875,0.050000
620,-36.286622,0.050000
621,-19.495804,0.050000
622,-18.384252,0.050000
623,-27.124596,0.050000
624,-31.278777,0.050000
625,-35.284507,0.050000
626,-18.038445,0.050000
627,-26.861699,0.050000
628,-12.395719,0.050000
629,-6.153876,0.050000
630,-29.744826,0.050000
631,-24.906481,0.050000
632,-13.035153,0.050000
633,-28.068564,0.050000
634,-36.884563,0.050000
635,-32.818970,0.050000
636,-31.098193,0.050000
637,-25.844439,0.050000
638,-22.304251,0.050000
639,-19.945677,0.050000
640,-27.610070,0.050000
641,-34.822243,0.050000
642,-26.516551,0.050000
643,-17.689954,0.050000
644,-11.332525,0.050000
645,-27.189205,0.050000
646,-46.014097,0.050000
647,-47.368764,0.050000
648,-17.925195,0.050000
649,-14.370181,0.050000
650,-15.753979,0.050000
651,-18.307897,0.050000
652,-13.587600,0.050000
653,-10.252378,0.050000
654,-10.493984,0.050000
655,-21.740738,0.050000
656,-23.945701,0.050000
657,-20.082603,0.050000
658,-18.231377,0.050000
659,-44.122371,0.050000
660,-5.881755,0.050000
661,-19.118891,0.050000
662,-25.753001,0.050000
663,-20.445276,0.050000
664,-32.822182,0.050000
665,-21.926242,0.050000
666,-33.808992,0.050000
667,-12.548098,0.050000
668,-13.934174,0.050000
669,-18.357795,0.050000
670,-32.165074,0.050000
671,-30.294845,0.050000
672,-24.862142,0.050000
673,-21.658358,0.050000
674,-24.233682,0.050000
675,-16.892669,0.050000
676,-32.232776,0.050000
677,-24.046356,0.050000
678,-23.731560,0.050000
679,-24.391397,0.050000
680,-27.666605,0.050000
681,-31.907544,0.050000
682,-11.429605,0.050000
683,-24.232455,0.050000
684,-25.527933,0.050000
685,-23.604132,0.050000
686,-10.470397,0.050000
687,-19.824903,0.050000
688,-21.028275,0.050000
689,-7.767404,0.050000
690,-18.550415,0.050000
691,-18.137095,0.050000
692,-20.055849,0.050000
693,-10.885629,0.050000
694,-16.865955,0.050000
695,-13.477732,0.050000
696,-19.373698,0.050000
697,-13.897754,0.050000
698,-25.008593,0.050000
699,-14.576946,0.050000
700,-20.862136,0.050000
701,-14.390601,0.050000
702,-12.176821,0.050000
703,-8.312692,0.050000
704,-25.194877,0.050000
705,-7.607107,0.050000
706,-14.511140,0.050000
707,-3.386038,0.050000
708,-27.697978,0.050000
709,-5.712306,0.050000
710,-27.193528,0.050000
711,-3.971929,0.050000
712,-3.501989,0.050000
713,-14.125832,0.050000
714,-6.477446,0.050000
715,-3.018450,0.050000
716,-11.377208,0.050000
717,-14.450906,0.050000
718,-7.396260,0.050000
719,-18.176153,0.050000
720,-9.473246,0.050000
721,-12.675985,0.050000
722,-12.402924,0.050000
723,-11.258203,0.050000
724,-28.146946,0.050000
725,-28.548913,0.050000
726,-10.501192,0.050000
727,-26.999555,0.050000
728,-9.060718,0.050000
729,-8.892469,0.050000
730,-21.681617,0.050000
731,-17.248274,0.050000
732,-33.678076,0.050000
733,-21.487161,0.050000
734,-13.622206,0.050000
735,-27.925529,0.050000
736,-21.031786,0.050000
737,-13.941753,0.050000
738,-24.242906,0.050000
739,-15.431521,0.050000
740,-15.576658,0.050000
741,-74.604913,0.050000
742,-32.800236,0.050000
743,-33.376912,0.050000
744,-33.068764,0.050000
745,-38.996244,0.050000
746,-59.144994,0.050000
747,-45.959408,0.050000
748,-42.244096,0.050000
749,-50.247108,0.050000
750,-42.046641,0.050000
751,-42.062286,0.050000
752,-53.564824,0.050000
753,-61.818830,0.050000
754,-51.173977,0.050000
755,-89.728390,0.050000
756,-61.927694,0.050000
757,-26.790779,0.050000
758,-36.568145,0.050000
759,-17.598685,0.050000
760,-19.534933,0.050000
761,-63.929657,0.050000
762,-32.512946,0.050000
763,-16.417838,0.050000
764,-22.319056,0.050000
765,-34.804116,0.050000
766,-27.761069,0.050000
767,-25.497049,0.050000
768,-33.322319,0.050000
769,-33.214853,0.050000
770,-54.510870,0.050000
771,-28.040553,0.050000
772,-51.438995,0.050000
773,-37.313644,0.050000
774,-31.866730,0.050000
775,-29.153377,0.050000
776,-20.298815,0.050000
777,-19.533427,0.050000
778,-30.191440,0.050000
779,-25.526787,0.050000
780,-18.544559,0.050000
781,-16.159560,0.050000
782,-31.734100,0.050000
783,-48.346502,0.050000
784,-24.583601,0.050000
785,-41.352218,0.050000
786,-25.796516,0.050000
787,-21.370188,0.050000
788,-20.314504,0.050000
789,-46.240851,0.050000
790,-44.674707,0.050000
791,-27.545355,0.050000
792,-30.305408,0.050000
793,-29.245638,0.050000
794,-38.424863,0.050000
795,-35.700547,0.050000
796,-6.131106,0.050000
797,-14.286365,0.050000
798,-35.187377,0.050000
799,-46.874263,0.050000
800,-5.388542,0.050000
801,-35.363467,0.050000
802,-19.563170,0.050000
803,-21.577602,0.050000
804,-14.566263,0.050000
805,-46.837513,0.050000
806,-31.587578,0.050000
807,-4.271859,0.050000
808,-7.946661,0.050000
809,-20.372032,0.050000
810,-35.443993,0.050000
811,-21.839123,0.050000
812,-22.195063,0.050000
813,-23.871022,0.050000
814,-15.745187,0.050000
815,-11.477849,0.050000
816,-30.677065,0.050000
817,-23.487500,0.050000
818,-5.957949,0.050000
819,-15.691602,0.050000
820,-9.188970,0.050000
821,-29.932983,0.050000
822,-11.430645,0.050000
823,-13.647314,0.050000
824,-19.703596,0.050000
825,-18.465979,0.050000
826,-24.988505,0.050000
827,-15.137974,0.050000
828,-23.614057,0.050000
829,-21.065726,0.050000
830,-19.359540,0.050000
831,-17.937875,0.050000
832,-7.062199,0.050000
833,-17.895647,0.050000
834,-15.212513,0.050000
835,-15.655836,0.050000
836,-16.023515,0.050000
837,-20.095090,0.050000
838,-7.155630,0.050000
839,-17.424341,0.050000
840,-16.484260,0.050000
841,-11.430869,0.050000
842,-21.740279,0.050000
843,-16.004323,0.050000
844,-23.468316,0.050000
845,-23.226339,0.050000
846,-26.539658,0.050000
847,-19.546448,0.050000
848,-19.867075,0.050000
849,-24.776509,0.050000
850,-16.995309,0.050000
851,-29.822087,0.050000
852,-23.221411,0.050000
853,-38.575249,0.050000
854,-36.006772,0.050000
855,-34.601936,0.050000
856,-16.574562,0.050000
857,-16.148424,0.050000
858,-42.389453,0.050000
859,-41.160939,0.050000
860,-18.462076,0.050000
861,-25.196905,0.050000
862,-28.758445,0.050000
863,-31.346017,0.050000
864,-31.566948,0.050000
865,-39.735501,0.050000
866,-29.492767,0.050000
867,-33.896275,0.050000
868,-41.869344,0.050000
869,-35.902262,0.050000
870,-56.239595,0.050000
871,-39.062057,0.050000
872,-26.510544,0.050000
873,-12.838119,0.050000
874,-23.572774,0.050000
875,-17.671111,0.050000
876,-29.453400,0.050000
877,-22.659591,0.050000
878,-39.702757,0.050000
879,-34.358452,0.050000
880,-31.130609,0.050000
881,-35.047810,0.050000
882,-32.513166,0.050000
883,-33.004154,0.050000
884,-17.418373,0.050000
885,-47.155348,0.050000
886,-39.994496,0.050000
887,-36.986515,0.050000
888,-33.812386,0.050000
889,-49.797415,0.050000
890,-41.830969,0.050000
891,-43.940303,0.050000
892,-55.151069,0.050000
893,-32.533020,0.050000
894,-7.758404,0.050000
895,-55.517849,0.050000
896,-38.906369,0.050000
897,-25.765516,0.050000
898,-28.943527,0.050000
899,-31.012810,0.050000
900,-34.923940,0.050000
901,-39.705062,0.050000
902,-42.067829,0.050000
903,-50.805821,0.050000
904,-56.804365,0.050000
905,-37.866097,0.050000
906,-35.871836,0.050000
907,-28.595043,0.050000
908,-29.185310,0.050000
909,-26.549610,0.050000
910,-41.882721,0.050000
911,-43.886473,0.050000
912,-56.351723,0.050000
913,-35.966940,0.050000
914,-7.765748,0.050000
915,-31.783452,0.050000
916,-24.216168,0.050000
917,-29.319182,0.050000
918,-23.940989,0.050000
919,-31.430203,0.050000
920,-53.188218,0.050000
921,-34.466504,0.050000
922,-20.378769,0.050000
923,-24.361480,0.050000
924,-11.919005,0.050000
925,-22.060646,0.050000
926,-22.044270,0.050000
927,-6.296882,0.050000
928,-14.805526,0.050000
929,-18.568187,0.050000
930,-21.075692,0.050000
931,-15.112823,0.050000
932,-19.524776,0.050000
933,-19.865297,0.050000
934,-5.643982,0.050000
935,-23.291631,0.050000
936,-7.869881,0.050000
937,-25.416025,0.050000
938,-24.428436,0.050000
939,-24.307511,0.050000
940,-19.293564,0.050000
941,-31.031270,0.050000
942,-15.577168,0.050000
943,-18.130628,0.050000
944,-22.104641,0.050000
945,-6.828170,0.050000
946,-20.919248,0.050000
947,-11.647232,0.050000
948,-12.990204,0.050000
949,-13.307980,0.050000
950,-13.511970,0.050000
951,-12.294284,0.050000
952,-10.470762,0.050000
953,-24.126693,0.050000
954,-15.104886,0.050000
955,-3.772075,0.050000
956,-37.526577,0.050000
957,-6.095639,0.050000
958,-28.776823,0.050000
959,-4.533309,0.050000
960,-28.283976,0.050000
961,-4.817664,0.050000
962,-9.773397,0.050000
963,-5.369094,0.050000
964,-1.978333,0.050000
965,-11.243606,0.050000
966,-28.797753,0.050000
967,-30.767618,0.050000
968,-21.786677,0.050000
969,-20.277477,0.050000
970,-11.130797,0.050000
971,-15.744999,0.050000
972,-19.651044,0.050000
973,-9.192842,0.050000
974,-29.165679,0.050000
975,-22.321272,0.050000
976,-10.117701,0.050000
977,-29.240787,0.050000
978,-18.222931,0.050000
979,-14.566931,0.050000
980,-23.211626,0.050000
981,-19.876659,0.050000
982,-31.550663,0.050000
983,-21.898029,0.050000
984,-24.985613,0.050000
985,-17.248648,0.050000
986,-22.850790,0.050000
987,-21.306761,0.050000
988,-7.276667,0.050000
989,-16.985431,0.050000
990,-15.794465,0.050000
991,-18.410119,0.050000
992,-12.296129,0.050000
993,-28.610944,0.050000
994,-30.645226,0.050000
995,-25.626821,0.050000
996,-17.531082,0.050000
997,-14.194147,0.050000
998,-28.625349,0.050000
999,-27.724754,0.050000
1000,-18.143682,0.050000
1001,-34.648986,0.050000
1002,-20.505605,0.050000
1003,-27.965732,0.050000
1004,-42.985889,0.050000
1005,-26.564789,0.050000
1006,-20.745800,0.050000
1007,-14.067109,0.050000
1008,-21.181184,0.050000
1009,-28.655008,0.050000
1010,-14.019113,0.050000
1011,-33.312760,0.050000
1012,-42.522703,0.050000
1013,-27.817604,0.050000
1014,-37.871353,0.050000
1015,-26.900655,0.050000
1016,-37.216990,0.050000
1017,-16.469181,0.050000
1018,-26.804313,0.050000
1019,-25.288712,0.050000
1020,-20.006381,0.050000
1021,-25.735873,0.050000
1022,-17.685341,0.050000
1023,-47.738693,0.050000
1024,-30.599243,0.050000
1025,-11.255909,0.050000
1026,-31.576517,0.050000
1027,-21.313841,0.050000
1028,-26.298805,0.050000
1029,-29.594577,0.050000
1030,-9.401930,0.050000
1031,-28.676399,0.050000
1032,-26.494370,0.050000
1033,-17.927516,0.050000
1034,-19.129437,0.050000
1035,-22.441287,0.050000
1036,-25.042335,0.050000
1037,-25.110555,0.050000
1038,-11.359754,0.050000
1039,-19.954394,0.050000
1040,-17.285453,0.050000
1041,-7.417229,0.050000
1042,-18.668004,0.050000
1043,-12.996023,0.050000
1044,-18.113465,0.050000
1045,-11.407081,0.050000
1046,-15.517230,0.050000
1047,-18.912997,0.050000
1048,-26.669714,0.050000
1049,-21.476630,0.050000
1050,-17.116248,0.050000
1051,-22.578498,0.050000
1052,-11.681654,0.050000
1053,-14.417665,0.050000
1054,-11.653096,0.050000
1055,-14.104203,0.050000
1056,-19.520940,0.050000
1057,-20.064214,0.050000
1058,-9.189355,0.050000
1059,-11.604407,0.050000
1060,-25.655228,0.050000
1061,-28.539434,0.050000
1062,-18.740226,0.050000
1063,-14.856536,0.050000
1064,-14.728519,0.050000
1065,-20.631818,0.050000
1066,-25.099856,0.050000
1067,-20.565148,0.050000
1068,-26.187900,0.050000
1069,-17.673300,0.050000
1070,-26.487214,0.050000
1071,-28.613154,0.050000
1072,-29.347664,0.050000
1073,-21.479058,0.050000
1074,-31.201880,0.050000
1075,-32.844000,0.050000
1076,-39.809381,0.050000
1077,-24.824103,0.050000
1078,-34.622665,0.050000
1079,-31.476082,0.050000
1080,-48.325914,0.050000
1081,-39.403285,0.050000
1082,-42.703760,0.050000
1083,-15.222366,0.050000
1084,-19.616170,0.050000
1085,-26.155669,0.050000
1086,-24.117678,0.050000
1087,-25.264062,0.050000
1088,-23.150981,0.050000
1089,-17.143258,0.050000
1090,-24.955418,0.050000
1091,-20.314805,0.050000
1092,-27.305131,0.050000
1093,-41.222352,0.050000
1094,-23.232065,0.050000
1095,-27.737320,0.050000
1096,-20.217744,0.050000
1097,-20.245342,0.050000
1098,-10.312078,0.050000
1099,-13.383454,0.050000
1100,-15.664032,0.050000
1101,-10.772901,0.050000
1102,-22.062146,0.050000
1103,-19.655233,0.050000
1104,-12.661771,0.050000
1105,-30.324453,0.050000
1106,-20.379527,0.050000
1107,-18.042961,0.050000
1108,-8.702289,0.050000
1109,-14.684334,0.050000
1110,-28.923692,0.050000
1111,-26.304742,0.050000
1112,-8.884687,0.050000
1113,-23.267027,0.050000
1114,-40.490424,0.050000
1115,-26.330976,0.050000
1116,-20.647973,0.050000
1117,-14.118049,0.050000
1118,-16.623896,0.050000
1119,-23.510132,0.050000
1120,-7.409022,0.050000
1121,-20.398208,0.050000
1122,-36.176611,0.050000
1123,-19.461625,0.050000
1124,-29.280799,0.050000
1125,-25.198476,0.050000
1126,-12.947441,0.050000
1127,-28.591029,0.050000
1128,-46.179807,0.050000
1129,-44.828696,0.050000
1130,-21.619061,0.050000
1131,-29.765722,0.050000
1132,-48.661919,0.050000
1133,-27.453146,0.050000
1134,-27.269835,0.050000
1135,-49.753935,0.050000
1136,-34.395708,0.050000
1137,-43.905338,0.050000
1138,-33.186162,0.050000
1139,-33.742756,0.050000
1140,-33.192239,0.050000
1141,-62.173800,0.050000
1142,-27.755048,0.050000
1143,-50.885022,0.050000
1144,-67.033744,0.050000
1145,-37.735036,0.050000
1146,-16.450503,0.050000
1147,-35.811902,0.050000
1148,-13.123070,0.050000
1149,-31.832815,0.050000
1150,-22.131406,0.050000
1151,-26.688269,0.050000
1152,-22.012026,0.050000
1153,-6.509145,0.050000
1154,-6.258218,0.050000
1155,-13.286734,0.050000
1156,-39.193757,0.050000
1157,-13.835202,0.050000
1158,-16.964792,0.050000
1159,-19.769749,0.050000
1160,-14.670206,0.050000
1161,-38.689792,0.050000
1162,-21.088628,0.050000
1163,-21.010396,0.050000
1164,-12.963958,0.050000
1165,-16.618195,0.050000
1166,-14.706567,0.050000
1167,-9.827386,0.050000
1168,-11.788660,0.050000
1169,-21.288778,0.050000
1170,-13.566868,0.050000
1171,-9.433137,0.050000
1172,-15.854566,0.050000
1173,-24.497007,0.050000
1174,-13.806524,0.050000
1175,-16.071256,0.050000
1176,-26.691917,0.050000
1177,-29.790884,0.050000
1178,-37.583503,0.050000
1179,-32.985907,0.050000
1180,-32.489278,0.050000
1181,-31.774570,0.050000
1182,-23.251246,0.050000
1183,-25.867185,0.050000
1184,-5.483115,0.050000
1185,-11.318750,0.050000
1186,-18.076908,0.050000
1187,-10.746437,0.050000
1188,-21.700581,0.050000
1189,-16.093667,0.050000
1190,-18.859937,0.050000
1191,-20.402144,0.050000
1192,-27.405264,0.050000
1193,-16.227415,0.050000
1194,-8.464802,0.050000
1195,-14.665045,0.050000
1196,-33.139699,0.050000
1197,-9.029795,0.050000
1198,-21.672871,0.050000
1199,-19.581611,0.050000
1200,-36.920252,0.050000
1201,-24.846350,0.050000
1202,-28.965981,0.050000
1203,-31.451028,0.050000
1204,-19.803301,0.050000
1205,-25.795580,0.050000
1206,-36.818555,0.050000
1207,-29.582078,0.050000
1208,-33.502654,0.050000
1209,-47.950162,0.050000
1210,-40.927314,0.050000
1211,-25.942588,0.050000
1212,-23.123943,0.050000
1213,-11.895805,0.050000
1214,-23.939654,0.050000
1215,-15.728426,0.050000
1216,-34.234471,0.050000
1217,-34.963293,0.050000
1218,-8.650035,0.050000
1219,-11.210835,0.050000
1220,-11.025022,0.050000
1221,-9.838004,0.050000
1222,-6.415562,0.050000
1223,-16.991670,0.050000
1224,-8.034497,0.050000
1225,-16.663584,0.050000
1226,-11.559146,0.050000
1227,-30.303265,0.050000
1228,-20.841408,0.050000
1229,-36.162175,0.050000
1230,-21.126010,0.050000
1231,-5.116775,0.050000
1232,-38.560465,0.050000
1233,-7.827762,0.050000
1234,-9.305468,0.050000
1235,-27.624138,0.050000
1236,-6.325472,0.050000
1237,-13.591073,0.050000
1238,-15.946237,0.050000
1239,-17.192760,0.050000
1240,-9.352847,0.050000
1241,-27.651536,0.050000
1242,-25.781815,0.050000
1243,-24.109995,0.050000
1244,-12.641526,0.050000
1245,-20.321208,0.050000
1246,-8.439921,0.050000
1247,-10.313767,0.050000
1248,-16.225297,0.050000
1249,-18.006186,0.050000
1250,-13.703851,0.050000
1251,-13.631318,0.050000
1252,-29.513176,0.050000
1253,-10.362140,0.050000
1254,-9.824945,0.050000
1255,-13.856722,0.050000
1256,-11.332533,0.050000
1257,-10.804942,0.050000
1258,-7.592225,0.050000
1259,-14.905676,0.050000
1260,-12.886121,0.050000
1261,-13.036678,0.050000
1262,-15.694622,0.050000
1263,-14.499371,0.050000
1264,-7.603929,0.050000
1265,-12.535981,0.050000
1266,-12.837471,0.050000
1267,-9.260309,0.050000
1268,-17.503611,0.050000
1269,-13.818458,0.050000
1270,-21.009241,0.050000
1271,-19.906258,0.050000
1272,-21.328743,0.050000
1273,-17.535905,0.050000
1274,-15.503164,0.050000
1275,-13.839652,0.050000
1276,-18.785258,0.050000
1277,-14.534074,0.050000
1278,-25.758266,0.050000
1279,-20.436597,0.050000
1280,-38.119608,0.050000
1281,-26.188932,0.050000
1282,-26.610266,0.050000
1283,-25.875987,0.050000
1284,-39.522361,0.050000
1285,-31.483481,0.050000
1286,-29.299697,0.050000
1287,-28.674137,0.050000
1288,-51.456002,0.050000
1289,-79.723715,0.050000
1290,-62.917681,0.050000
1291,-62.814125,0.050000
1292,-76.981321,0.050000
1293,-48.012572,0.050000
1294,-40.424853,0.050000
1295,-32.206902,0.050000
1296,-49.380772,0.050000
1297,-28.850884,0.050000
1298,-52.310394,0.050000
1299,-30.773122,0.050000
1300,-47.465989,0.050000
1301,-35.074220,0.050000
1302,-37.000702,0.050000
1303,-68.355064,0.050000
1304,-22.020889,0.050000
1305,-35.665766,0.050000
1306,-30.341475,0.050000
1307,-53.989610,0.050000
1308,-26.272703,0.050000
1309,-30.235921,0.050000
1310,-25.102275,0.050000
1311,-38.546936,0.050000
1312,-18.300181,0.050000
1313,-30.355127,0.050000
1314,-39.466591,0.050000
1315,-21.607590,0.050000
1316,-35.641366,0.050000
1317,-41.626144,0.050000
1318,-36.957283,0.050000
1319,-26.516361,0.050000
1320,-19.300035,0.050000
1321,-21.881605,0.050000
1322,-37.435730,0.050000
1323,-14.276625,0.050000
1324,-27.161094,0.050000
1325,-23.684790,0.050000
1326,-22.880549,0.050000
1327,-32.314900,0.050000
1328,-22.255063,0.050000
1329,-18.024463,0.050000
1330,-14.017137,0.050000
1331,-22.101108,0.050000
1332,-16.878894,0.050000
1333,-21.502556,0.050000
1334,-22.431060,0.050000
1335,-19.657857,0.050000
1336,-16.004472,0.050000
1337,-31.549719,0.050000
1338,-33.071567,0.050000
1339,-17.006861,0.050000
1340,-21.546246,0.050000
1341,-23.775811,0.050000
1342,-18.228056,0.050000
1343,-43.479048,0.050000
1344,-16.404691,0.050000
1345,-42.620181,0.050000
1346,-31.767919,0.050000
1347,-10.424934,0.050000
1348,-48.146408,0.050000
1349,-32.439599,0.050000
1350,-43.756210,0.050000
1351,-48.610594,0.050000
1352,-28.392674,0.050000
1353,-20.782354,0.050000
1354,-36.863909,0.050000
1355,-33.717059,0.050000
1356,-27.339657,0.050000
1357,-28.819046,0.050000
1358,-56.212116,0.050000
1359,-44.720235,0.050000
1360,-25.975846,0.050000
1361,-32.961151,0.050000
1362,-29.544358,0.050000
1363,-46.261853,0.050000
1364,-26.532088,0.050000
1365,-34.930548,0.050000
1366,-38.263069,0.050000
1367,-38.177085,0.050000
1368,-32.985652,0.050000
1369,-25.960692,0.050000
1370,-31.958168,0.050000
1371,-25.911254,0.050000
1372,-31.169168,0.050000
1373,-39.131000,0.050000
1374,-44.934573,0.050000
1375,-25.022963,0.050000
1376,-24.448729,0.050000
1377,-22.172550,0.050000
1378,-24.460798,0.050000
1379,-47.834899,0.050000
1380,-26.169165,0.050000
1381,-17.951654,0.050000
1382,-20.358812,0.050000
1383,-15.713527,0.050000
1384,-7.205726,0.050000
1385,-25.981220,0.050000
1386,-57.439714,0.050000
1387,-57.108446,0.050000
1388,-31.533012,0.050000
1389,-53.807207,0.050000
1390,-9.159767,0.050000
1391,-22.012241,0.050000
1392,-38.793715,0.050000
1393,-52.889998,0.050000
1394,-26.624424,0.050000
1395,-27.958850,0.050000
1396,-41.293547,0.050000
1397,-22.892670,0.050000
1398,-9.857862,0.050000
1399,-38.154503,0.050000
1400,-42.286858,0.050000
1401,-22.421158,0.050000
1402,-30.725942,0.050000
1403,-49.678167,0.050000
1404,-36.368086,0.050000
1405,-57.145688,0.050000
1406,-52.658201,0.050000
1407,-32.451488,0.050000
1408,-20.046833,0.050000
1409,-20.702739,0.050000
1410,-30.389142,0.050000
1411,-37.667997,0.050000
1412,-33.657741,0.050000
1413,-40.864209,0.050000
1414,-16.290892,0.050000
1415,-10.864145,0.050000
1416,-37.220139,0.050000
1417,-40.634081,0.050000
1418,-23.479431,0.050000
1419,-17.355342,0.050000
1420,-23.337903,0.050000
1421,-13.672728,0.050000
1422,-27.040480,0.050000
1423,-36.702207,0.050000
1424,-22.507572,0.050000
1425,-19.740887,0.050000
1426,-25.604862,0.050000
1427,-30.046260,0.050000
1428,-45.466041,0.050000
1429,-28.827329,0.050000
1430,-46.235402,0.050000
1431,-11.794599,0.050000
1432,-28.654630,0.050000
1433,-10.214109,0.050000
1434,-27.730142,0.050000
1435,-31.370355,0.050000
1436,-11.738300,0.050000
1437,-20.862480,0.050000
1438,-24.223397,0.050000
1439,-34.280269,0.050000
1440,-24.326452,0.050000
1441,-14.633193,0.050000
1442,-11.514839,0.050000
1443,-12.610679,0.050000
1444,-16.123173,0.050000
1445,-13.353515,0.050000
1446,-39.291886,0.050000
1447,-43.543398,0.050000
1448,-17.306420,0.050000
1449,-46.617622,0.050000
1450,-19.500139,0.050000
1451,-12.113614,0.050000
1452,-10.743987,0.050000
1453,-7.860565,0.050000
1454,-41.086441,0.050000
1455,-54.441135,0.050000
1456,-24.187501,0.050000
1457,-42.595798,0.050000
1458,-7.838542,0.050000
1459,-41.301626,0.050000
1460,-11.017251,0.050000
1461,-58.733598,0.050000
1462,-16.298351,0.050000
1463,-29.992035,0.050000
1464,-56.152673,0.050000
1465,-41.435841,0.050000
1466,-36.261051,0.050000
1467,-39.695998,0.050000
1468,-24.267862,0.050000
1469,-28.997688,0.050000
1470,-19.985465,0.050000
1471,-15.476693,0.050000
1472,-18.913960,0.050000
1473,-37.834570,0.050000
1474,-17.321067,0.050000
1475,-16.156824,0.050000
1476,-22.962000,0.050000
1477,-22.137480,0.050000
1478,-19.349951,0.050000
1479,-19.290385,0.050000
1480,-23.825255,0.050000
1481,-33.662291,0.050000
1482,-24.941522,0.050000
1483,-17.275584,0.050000
1484,-37.171285,0.050000
1485,-15.680568,0.050000
1486,-24.232943,0.050000
1487,-36.081866,0.050000
1488,-24.497531,0.050000
1489,-35.404061,0.050000
1490,-29.827489,0.050000
1491,-27.323361,0.050000
1492,-20.346658,0.050000
1493,-16.669483,0.050000
1494,-30.956703,0.050000
1495,-51.061932,0.050000
1496,-26.976297,0.050000
1497,-23.083680,0.050000
1498,-46.656548,0.050000
1499,-35.662879,0.050000
1500,-35.721694,0.050000
1501,-33.560861,0.050000
1502,-33.003745,0.050000
1503,-26.472928,0.050000
1504,-22.690612,0.050000
1505,-26.644259,0.050000
1506,-27.355891,0.050000
1507,-52.457314,0.050000
1508,-37.360820,0.050000
1509,-37.107090,0.050000
1510,-18.330246,0.050000
1511,-36.404117,0.050000
1512,-47.603213,0.050000
1513,-34.883569,0.050000
1514,-42.702866,0.050000
1515,-47.647441,0.050000
1516,-35.682252,0.050000
1517,-32.152605,0.050000
1518,-35.388891,0.050000
1519,-51.559638,0.050000
1520,-56.772338,0.050000
1521,-49.297752,0.050000
1522,-13.147512,0.050000
1523,-18.505538,0.050000
1524,-37.198082,0.050000
1525,-52.424329,0.050000
1526,-30.783128,0.050000
1527,-36.840997,0.050000
1528,-23.165876,0.050000
1529,-45.157795,0.050000
1530,-25.874873,0.050000
1531,-21.436817,0.050000
1532,-27.530327,0.050000
1533,-19.113247,0.050000
1534,-18.492531,0.050000
1535,-26.190673,0.050000
1536,-39.215846,0.050000
1537,-7.894627,0.050000
1538,-17.146675,0.050000
1539,-34.176527,0.050000
1540,-53.559614,0.050000
1541,-28.857514,0.050000
1542,-51.860040,0.050000
1543,-65.303461,0.050000
1544,-19.313547,0.050000
1545,-62.616989,0.050000
1546,-49.295772,0.050000
1547,-37.766868,0.050000
1548,-65.397130,0.050000
1549,-37.664988,0.050000
1550,-38.341252,0.050000
1551,-30.980200,0.050000
1552,-38.506484,0.050000
1553,-73.488968,0.050000
1554,-35.943858,0.050000
1555,-19.947086,0.050000
1556,-67.529425,0.050000
1557,-53.335571,0.050000
1558,-57.439169,0.050000
1559,-75.098783,0.050000
1560,-84.668910,0.050000
1561,-53.395709,0.050000
1562,-41.678830,0.050000
1563,-45.439472,0.050000
1564,-44.070088,0.050000
1565,-26.953564,0.050000
1566,-49.357674,0.050000
1567,-32.826989,0.050000
1568,-17.699544,0.050000
1569,-25.738421,0.050000
1570,-51.408740,0.050000
1571,-49.978614,0.050000
1572,-35.011065,0.050000
1573,-25.713089,0.050000
1574,-46.616688,0.050000
1575,-35.059234,0.050000
1576,-14.973401,0.050000
1577,-24.824545,0.050000
1578,-19.814325,0.050000
1579,-9.938998,0.050000
1580,-23.112807,0.050000
1581,-28.876169,0.050000
1582,-29.348542,0.050000
1583,-33.306088,0.050000
1584,-51.323200,0.050000
1585,-27.155332,0.050000
1586,-41.004261,0.050000
1587,-26.578431,0.050000
1588,-50.501005,0.050000
1589,-34.337916,0.050000
1590,-34.713427,0.050000
1591,-46.893861,0.050000
1592,-74.590387,0.050000
1593,-44.500277,0.050000
1594,-63.217197,0.050000
1595,-56.326125,0.050000
1596,-83.945162,0.050000
1597,-47.276482,0.050000
1598,-34.105371,0.050000
1599,-58.937242,0.050000
1600,-58.682439,0.050000
1601,-48.915141,0.050000
1602,-42.454560,0.050000
1603,-42.892296,0.050000
1604,-43.381081,0.050000
1605,-51.502001,0.050000
1606,-41.106750,0.050000
1607,-32.864166,0.050000
1608,-32.788439,0.050000
1609,-35.780785,0.050000
1610,-38.691359,0.050000
1611,-42.241903,0.050000
1612,-38.842396,0.050000
1613,-49.502578,0.050000
1614,-42.405625,0.050000
1615,-25.812223,0.050000
1616,-33.512118,0.050000
1617,-41.118827,0.050000
1618,-24.124878,0.050000
1619,-36.395960,0.050000
1620,-34.743956,0.050000
1621,-29.685375,0.050000
1622,-41.592339,0.050000
1623,-22.488959,0.050000
1624,-34.283216,0.050000
1625,-41.824609,0.050000
1626,-27.364420,0.050000
1627,-36.979863,0.050000
1628,-39.722546,0.050000
1629,-33.545298,0.050000
1630,-40.607064,0.050000
1631,-31.656483,0.050000
1632,-46.382422,0.050000
1633,-38.922917,0.050000
1634,-41.718140,0.050000
1635,-23.983068,0.050000
1636,-43.475569,0.050000
1637,-44.939271,0.050000
1638,-37.667235,0.050000
1639,-71.969214,0.050000
1640,-51.588723,0.050000
1641,-30.630109,0.050000
1642,-25.743619,0.050000
1643,-36.562251,0.050000
1644,-32.039046,0.050000
1645,-32.116053,0.050000
1646,-46.927170,0.050000
1647,-28.606286,0.050000
1648,-35.454212,0.050000
1649,-63.723130,0.050000
1650,-38.687167,0.050000
1651,-42.418914,0.050000
1652,-25.948734,0.050000
1653,-29.628888,0.050000
1654,-29.258838,0.050000
1655,-30.815097,0.050000
1656,-39.653553,0.050000
1657,-20.814072,0.050000
1658,-36.279786,0.050000
1659,-19.531915,0.050000
1660,-21.833123,0.050000
1661,-24.078496,0.050000
1662,-35.788021,0.050000
1663,-26.481518,0.050000
1664,-48.686589,0.050000
1665,-24.971932,0.050000
1666,-31.301058,0.050000
1667,-55.900289,0.050000
1668,-44.650259,0.050000
1669,-51.609692,0.050000
1670,-40.155023,0.050000
1671,-48.915489,0.050000
1672,-45.269029,0.050000
1673,-29.364087,0.050000
1674,-42.247428,0.050000
1675,-18.116689,0.050000
1676,-46.896534,0.050000
1677,-64.444024,0.050000
1678,-30.741865,0.050000
1679,-68.969750,0.050000
1680,-36.719525,0.050000
1681,-61.369317,0.050000
1682,-30.284311,0.050000
1683,-43.245499,0.050000
1684,-23.396109,0.050000
1685,-33.871723,0.050000
1686,-22.602970,0.050000
1687,-30.842181,0.050000
1688,-24.388717,0.050000
1689,-25.550222,0.050000
1690,-42.774887,0.050000
1691,-56.950652,0.050000
1692,-58.226224,0.050000
1693,-40.976863,0.050000
1694,-67.598573,0.050000
1695,-62.168804,0.050000
1696,-75.111173,0.050000
1697,-51.504272,0.050000
1698,-65.055391,0.050000
1699,-44.566310,0.050000
1700,-50.738379,0.050000
1701,-70.409574,0.050000
1702,-72.705871,0.050000
1703,-106.439214,0.050000
1704,-62.923171,0.050000
1705,-65.653555,0.050000
1706,-65.647588,0.050000
1707,-82.302457,0.050000
1708,-80.940174,0.050000
1709,-35.381314,0.050000
1710,-50.575751,0.050000
1711,-49.445658,0.050000
1712,-39.508998,0.050000
1713,-41.475844,0.050000
1714,-57.346047,0.050000
1715,-47.761208,0.050000
1716,-41.858114,0.050000
1717,-63.449927,0.050000
1718,-54.467153,0.050000
1719,-53.477864,0.050000
1720,-71.737586,0.050000
1721,-36.876200,0.050000
1722,-75.769781,0.050000
1723,-35.583674,0.050000
1724,-51.615420,0.050000
1725,-46.314233,0.050000
1726,-54.498087,0.050000
1727,-61.458141,0.050000
1728,-38.240564,0.050000
1729,-41.797314,0.050000
1730,-50.724277,0.050000
1731,-40.983506,0.050000
1732,-29.401862,0.050000
1733,-60.238886,0.050000
1734,-31.789587,0.050000
1735,-61.245101,0.050000
1736,-33.271047,0.050000
1737,-44.243773,0.050000
1738,-23.971603,0.050000
1739,-30.811102,0.050000
1740,-86.766558,0.050000
1741,-19.072986,0.050000
1742,-49.217580,0.050000
1743,-56.198626,0.050000
1744,-18.580867,0.050000
1745,-35.778266,0.050000
1746,-46.212563,0.050000
1747,-24.684017,0.050000
1748,-38.625995,0.050000
1749,-46.354179,0.050000
1750,-30.472560,0.050000
1751,-17.528127,0.050000
1752,-12.086382,0.050000
1753,-31.557422,0.050000
1754,-18.815871,0.050000
1755,-11.743511,0.050000
1756,-36.818513,0.050000
1757,-21.704856,0.050000
1758,-16.192662,0.050000
1759,-26.089832,0.050000
1760,-14.830850,0.050000
1761,-7.795117,0.050000
1762,-10.930515,0.050000
1763,-11.043549,0.050000
1764,-9.169293,0.050000
1765,-8.459333,0.050000
1766,-13.187945,0.050000
1767,-20.470638,0.050000
1768,-11.947061,0.050000
1769,-6.128612,0.050000
1770,-13.652588,0.050000
1771,-25.179359,0.050000
1772,-22.780193,0.050000
1773,-15.639561,0.050000
1774,-13.444532,0.050000
1775,-13.027834,0.050000
1776,-12.266466,0.050000
1777,-21.043906,0.050000
1778,-15.477877,0.050000
1779,-38.159089,0.050000
1780,-23.135148,0.050000
1781,-25.111263,0.050000
1782,-14.113104,0.050000
1783,-37.781865,0.050000
1784,-22.424248,0.050000
1785,-18.253948,0.050000
1786,-20.341783,0.050000
1787,-38.291029,0.050000
1788,-16.919250,0.050000
1789,-19.486554,0.050000
1790,-22.071842,0.050000
1791,-38.146762,0.050000
1792,-40.067750,0.050000
1793,-21.753531,0.050000
1794,-22.388146,0.050000
1795,-32.440225,0.050000
1796,-30.652201,0.050000
1797,-12.538072,0.050000
1798,-25.064407,0.050000
1799,-24.608459,0.050000
1800,-23.466066,0.050000
1801,-17.038643,0.050000
1802,-50.011528,0.050000
1803,-18.256128,0.050000
1804,-24.980983,0.050000
1805,-76.178689,0.050000
1806,-23.553891,0.050000
1807,-32.504776,0.050000
1808,-64.189260,0.050000
1809,-28.162502,0.050000
1810,-36.595299,0.050000
1811,-59.272079,0.050000
1812,-58.371581,0.050000
1813,-42.466483,0.050000
1814,-76.434077,0.050000
1815,-36.883957,0.050000
1816,-39.043610,0.050000
1817,-26.129662,0.050000
1818,-73.089100,0.050000
1819,-48.741484,0.050000
1820,-61.586301,0.050000
1821,-45.284214,0.050000
1822,-43.971034,0.050000
1823,-44.211637,0.050000
1824,-64.246654,0.050000
1825,-57.650566,0.050000
1826,-49.561906,0.050000
1827,-60.895101,0.050000
1828,-43.876264,0.050000
1829,-48.981288,0.050000
1830,-53.694883,0.050000
1831,-51.015336,0.050000
1832,-53.100012,0.050000
1833,-33.753268,0.050000
1834,-44.973126,0.050000
1835,-50.469859,0.050000
1836,-28.216328,0.050000
1837,-38.567693,0.050000
1838,-65.812840,0.050000
1839,-52.981903,0.050000
1840,-52.069365,0.050000
1841,-44.706716,0.050000
1842,-61.765021,0.050000
1843,-48.250681,0.050000
1844,-49.509123,0.050000
1845,-62.762592,0.050000
1846,-80.956094,0.050000
1847,-62.239495,0.050000
1848,-50.441509,0.050000
1849,-83.113957,0.050000
1850,-62.533640,0.050000
1851,-35.705845,0.050000
1852,-45.912963,0.050000
1853,-38.408316,0.050000
1854,-42.788123,0.050000
1855,-60.355383,0.050000
1856,-61.388247,0.050000
1857,-72.671456,0.050000
1858,-100.530868,0.050000
1859,-85.142634,0.050000
1860,-89.740176,0.050000
1861,-91.786217,0.050000
1862,-87.070249,0.050000
1863,-56.861950,0.050000
1864,-75.648722,0.050000
1865,-65.698920,0.050000
1866,-77.441192,0.050000
1867,-62.613832,0.050000
1868,-44.043379,0.050000
1869,-70.120622,0.050000
1870,-46.115703,0.050000
1871,-69.238045,0.050000
1872,-42.901365,0.050000
1873,-45.478809,0.050000
1874,-25.093823,0.050000
1875,-72.930105,0.050000
1876,-49.174966,0.050000
1877,-45.338586,0.050000
1878,-31.205029,0.050000
1879,-33.433952,0.050000
1880,-42.897802,0.050000
1881,-35.938047,0.050000
1882,-29.817653,0.050000
1883,-29.924853,0.050000
1884,-42.226137,0.050000
1885,-50.710875,0.050000
1886,-44.579980,0.050000
1887,-40.430471,0.050000
1888,-42.374559,0.050000
1889,-39.045752,0.050000
1890,-47.820845,0.050000
1891,-51.992341,0.050000
1892,-50.586261,0.050000
1893,-30.506393,0.050000
1894,-51.728762,0.050000
1895,-31.499572,0.050000
1896,-49.543536,0.050000
1897,-30.017199,0.050000
1898,-41.626785,0.050000
1899,-36.742405,0.050000
1900,-32.829755,0.050000
1901,-34.191209,0.050000
1902,-53.015183,0.050000
1903,-53.333870,0.050000
1904,-39.330117,0.050000
1905,-41.913110,0.050000
1906,-34.723923,0.050000
1907,-53.974004,0.050000
1908,-65.976560,0.050000
1909,-71.060205,0.050000
1910,-49.545053,0.050000
1911,-63.672519,0.050000
1912,-58.090110,0.050000
1913,-23.187959,0.050000
1914,-63.713883,0.050000
1915,-66.911718,0.050000
1916,-40.251571,0.050000
1917,-54.426773,0.050000
1918,-66.631542,0.050000
1919,-47.237510,0.050000
1920,-34.485799,0.050000
1921,-87.864028,0.050000
1922,-61.944093,0.050000
1923,-71.586903,0.050000
1924,-45.843536,0.050000
1925,-17.160988,0.050000
1926,-30.829931,0.050000
1927,-44.877952,0.050000
1928,-79.970978,0.050000
1929,-55.507263,0.050000
1930,-77.635748,0.050000
1931,-18.331077,0.050000
1932,-44.755426,0.050000
1933,-35.018214,0.050000
1934,-31.391765,0.050000
1935,-15.792838,0.050000
1936,-36.802602,0.050000
1937,-35.431702,0.050000
1938,-37.890573,0.050000
1939,-18.213466,0.050000
1940,-17.637616,0.050000
1941,-33.290446,0.050000
1942,-21.310620,0.050000
1943,-38.208882,0.050000
1944,-43.030071,0.050000
1945,-47.404219,0.050000
1946,-17.889329,0.050000
1947,-34.424772,0.050000
1948,-37.998120,0.050000
1949,-41.359549,0.050000
1950,-39.333639,0.050000
1951,-43.287537,0.050000
1952,-54.852897,0.050000
1953,-35.085507,0.050000
1954,-33.983977,0.050000
1955,-49.998061,0.050000
1956,-42.560150,0.050000
1957,-42.581007,0.050000
1958,-51.082206,0.050000
1959,-63.718827,0.050000
1960,-55.116273,0.050000
1961,-54.956001,0.050000
1962,-29.479704,0.050000
1963,-25.737798,0.050000
1964,-43.442356,0.050000
1965,-32.012608,0.050000
1966,-29.064685,0.050000
1967,-26.349467,0.050000
1968,-25.794703,0.050000
1969,-60.828185,0.050000
1970,-21.783776,0.050000
1971,-58.806346,0.050000
1972,-44.689023,0.050000
1973,-56.995905,0.050000
1974,-67.550088,0.050000
1975,-47.681778,0.050000
1976,-77.167284,0.050000
1977,-63.200076,0.050000
1978,-79.357554,0.050000
1979,-70.766253,0.050000
1980,-59.796983,0.050000
1981,-37.821727,0.050000
1982,-76.137697,0.050000
1983,-77.473853,0.050000
1984,-70.577698,0.050000
1985,-53.537807,0.050000
1986,-81.051764,0.050000
1987,-44.821692,0.050000
1988,-61.168958,0.050000
1989,-79.705927,0.050000
1990,-68.005566,0.050000
1991,-55.112690,0.050000
1992,-107.546830,0.050000
1993,-96.662521,0.050000
1994,-72.687254,0.050000
1995,-62.238934,0.050000
1996,-84.866870,0.050000
1997,-65.327678,0.050000
1998,-67.068474,0.050000
1999,-55.573348,0.050000
2000,-66.533928,0.050000
2001,-70.536581,0.050000
2002,-53.629839,0.050000
2003,-60.926789,0.050000
2004,-91.869110,0.050000
2005,-63.492934,0.050000
2006,-81.194552,0.050000
2007,-73.043679,0.050000
2008,-62.338934,0.050000
2009,-73.924404,0.050000
2010,-54.950762,0.050000
2011,-45.682624,0.050000
2012,-41.013243,0.050000
2013,-40.582959,0.050000
2014,-26.985118,0.050000
2015,-44.540510,0.050000
2016,-35.878378,0.050000
2017,-33.879833,0.050000
2018,-30.034285,0.050000
2019,-70.491873,0.050000
2020,-53.612082,0.050000
2021,-46.750194,0.050000
2022,-87.456436,0.050000
2023,-93.804363,0.050000
2024,-91.315882,0.050000
2025,-88.269120,0.050000
2026,-79.587948,0.050000
2027,-101.817894,0.050000
2028,-107.877919,0.050000
2029,-80.030592,0.050000
2030,-123.826462,0.050000
2031,-99.814515,0.050000
2032,-89.760756,0.050000
2033,-83.430653,0.050000
2034,-36.814881,0.050000
2035,-124.238486,0.050000
2036,-101.794502,0.050000
2037,-105.049970,0.050000
2038,-35.022645,0.050000
2039,-47.691952,0.050000
2040,-32.864066,0.050000
2041,-43.525345,0.050000
2042,-48.463317,0.050000
2043,-42.639214,0.050000
2044,-37.020454,0.050000
2045,-42.618586,0.050000
2046,-38.227223,0.050000
2047,-105.558865,0.050000
2048,-41.158172,0.050000
2049,-48.382558,0.050000
2050,-36.403681,0.050000
2051,-57.041973,0.050000
2052,-45.800578,0.050000
2053,-42.151450,0.050000
2054,-60.076282,0.050000
2055,-34.791958,0.050000
2056,-110.879906,0.050000
2057,-48.628157,0.050000
2058,-33.732388,0.050000
2059,-105.549894,0.050000
2060,-33.722745,0.050000
2061,-105.276871,0.050000
2062,-48.020893,0.050000
2063,-58.274168,0.050000
2064,-59.630491,0.050000
2065,-52.997931,0.050000
2066,-44.559082,0.050000
2067,-50.513692,0.050000
2068,-29.024922,0.050000
2069,-47.295779,0.050000
2070,-45.300038,0.050000
2071,-39.304312,0.050000
2072,-37.469108,0.050000
2073,-45.799166,0.050000
2074,-36.824984,0.050000
2075,-50.361114,0.050000
2076,-57.402996,0.050000
2077,-52.806020,0.050000
2078,-31.700339,0.050000
2079,-43.348555,0.050000
2080,-27.360239,0.050000
2081,-42.194939,0.050000
2082,-45.330629,0.050000
2083,-35.876809,0.050000
2084,-38.998915,0.050000
2085,-37.792466,0.050000
2086,-47.095524,0.050000
2087,-31.565198,0.050000
2088,-31.292772,0.050000
2089,-36.389317,0.050000
2090,-36.843103,0.050000
2091,-41.637197,0.050000
2092,-49.964728,0.050000
2093,-24.339346,0.050000
2094,-54.545574,0.050000
2095,-56.501720,0.050000
2096,-47.236596,0.050000
2097,-29.808768,0.050000
2098,-26.395134,0.050000
2099,-27.875994,0.050000
2100,-26.333797,0.050000
2101,-23.623967,0.050000
2102,-23.877156,0.050000
2103,-24.724539,0.050000
2104,-34.479832,0.050000
2105,-34.610726,0.050000
2106,-27.016177,0.050000
2107,-24.653209,0.050000
2108,-39.824267,0.050000
2109,-20.733741,0.050000
2110,-28.048807,0.050000
2111,-30.627230,0.050000
2112,-27.808645,0.050000
2113,-47.806482,0.050000
2114,-34.532973,0.050000
2115,-30.503251,0.050000
2116,-34.981189,0.050000
2117,-49.948134,0.050000
2118,-38.792209,0.050000
2119,-28.714632,0.050000
2120,-48.434603,0.050000
2121,-51.239683,0.050000
2122,-55.026816,0.050000
2123,-59.991145,0.050000
2124,-43.072471,0.050000
2125,-54.720319,0.050000
2126,-28.711119,0.050000
2127,-48.382174,0.050000
2128,-43.089453,0.050000
2129,-40.002945,0.050000
2130,-50.240351,0.050000
2131,-34.295587,0.050000
2132,-49.336050,0.050000
2133,-43.729601,0.050000
2134,-32.607820,0.050000
2135,-35.989271,0.050000
2136,-51.707528,0.050000
2137,-46.194215,0.050000
2138,-42.942120,0.050000
2139,-50.721326,0.050000
2140,-50.111067,0.050000
2141,-66.963413,0.050000
2142,-52.045847,0.050000
2143,-50.532690,0.050000
2144,-46.496413,0.050000
2145,-47.984822,0.050000
2146,-58.946360,0.050000
2147,-67.112498,0.050000
2148,-47.549374,0.050000
2149,-44.205302,0.050000
2150,-67.868546,0.050000
2151,-40.990519,0.050000
2152,-69.959484,0.050000
2153,-63.070860,0.050000
2154,-54.217766,0.050000
2155,-57.599497,0.050000
2156,-54.025668,0.050000
2157,-84.035050,0.050000
2158,-51.763848,0.050000
2159,-83.755471,0.050000
2160,-48.257061,0.050000
2161,-64.532136,0.050000
2162,-66.343712,0.050000
2163,-54.180416,0.050000
2164,-43.656333,0.050000
2165,-87.457385,0.050000
2166,-48.636019,0.050000
2167,-48.679560,0.050000
2168,-91.288005,0.050000
2169,-49.198025,0.050000
2170,-53.678639,0.050000
2171,-89.582672,0.050000
2172,-76.043005,0.050000
2173,-71.881297,0.050000
2174,-70.452727,0.050000
2175,-66.672301,0.050000
2176,-71.805247,0.050000
2177,-65.876425,0.050000
2178,-61.074418,0.050000
2179,-74.034114,0.050000
2180,-63.101004,0.050000
2181,-77.807662,0.050000
2182,-82.492160,0.050000
2183,-78.695628,0.050000
2184,-84.293163,0.050000
2185,-95.117548,0.050000
2186,-76.175772,0.050000
2187,-70.163936,0.050000
2188,-87.118426,0.050000
2189,-66.214683,0.050000
2190,-82.164851,0.050000
2191,-69.238583,0.050000
2192,-72.864303,0.050000
2193,-74.404908,0.050000
2194,-65.857748,0.050000
2195,-55.565631,0.050000
2196,-67.517477,0.050000
2197,-68.178516,0.050000
2198,-68.955426,0.050000
2199,-88.535930,0.050000
2200,-81.619689,0.050000
2201,-90.398470,0.050000
2202,-76.738808,0.050000
2203,-51.825328,0.050000
2204,-44.419985,0.050000
2205,-51.811381,0.050000
2206,-58.764849,0.050000
2207,-74.641239,0.050000
2208,-69.848851,0.050000
2209,-64.386779,0.050000
2210,-74.819568,0.050000
2211,-65.435990,0.050000
2212,-57.710065,0.050000
2213,-74.421681,0.050000
2214,-57.269289,0.050000
2215,-45.295926,0.050000
2216,-37.319759,0.050000
2217,-37.613940,0.050000
2218,-65.451856,0.050000
2219,-37.193322,0.050000
2220,-74.176635,0.050000
2221,-60.134043,0.050000
2222,-41.077855,0.050000
2223,-33.465397,0.050000
2224,-40.240168,0.050000
2225,-39.647821,0.050000
2226,-27.655862,0.050000
2227,-39.600295,0.050000
2228,-37.421186,0.050000
2229,-51.663383,0.050000
2230,-9.502704,0.050000
2231,-23.888589,0.050000
2232,-27.770040,0.050000
2233,-44.457644,0.050000
2234,-37.325846,0.050000
2235,-27.934201,0.050000
2236,-54.324461,0.050000
2237,-35.305002,0.050000
2238,-40.267682,0.050000
2239,-27.475077,0.050000
2240,-47.511616,0.050000
2241,-36.888837,0.050000
2242,-32.335453,0.050000
2243,-38.347995,0.050000
2244,-43.091750,0.050000
2245,-36.791052,0.050000
2246,-37.762160,0.050000
2247,-41.273731,0.050000
2248,-48.841113,0.050000
2249,-41.514846,0.050000
2250,-40.055241,0.050000
2251,-52.869347,0.050000
2252,-21.090781,0.050000
2253,-46.356630,0.050000
2254,-39.658183,0.050000
2255,-53.060697,0.050000
2256,-39.596886,0.050000
2257,-35.583439,0.050000
2258,-46.344502,0.050000
2259,-43.602033,0.050000
2260,-46.575085,0.050000
2261,-39.755523,0.050000
2262,-37.010918,0.050000
2263,-37.730451,0.050000
2264,-57.921897,0.050000
2265,-55.028076,0.050000
2266,-71.715548,0.050000
2267,-56.555828,0.050000
2268,-73.921061,0.050000
2269,-66.931674,0.050000
2270,-68.185573,0.050000
2271,-73.177233,0.050000
2272,-54.746875,0.050000
2273,-67.358341,0.050000
2274,-45.066476,0.050000
2275,-63.007492,0.050000
2276,-48.716982,0.050000
2277,-45.017787,0.050000
2278,-68.902704,0.050000
2279,-66.696135,0.050000
2280,-68.387472,0.050000
2281,-40.663979,0.050000
2282,-52.731657,0.050000
2283,-66.594034,0.050000
2284,-63.328617,0.050000
2285,-73.326976,0.050000
2286,-55.934591,0.050000
2287,-106.932520,0.050000
2288,-105.041240,0.050000
2289,-56.097492,0.050000
2290,-96.133683,0.050000
2291,-76.633802,0.050000
2292,-40.019766,0.050000
2293,-55.874330,0.050000
2294,-70.956214,0.050000
2295,-58.682083,0.050000
2296,-51.719963,0.050000
2297,-56.266685,0.050000
2298,-56.875215,0.050000
2299,-33.275845,0.050000
2300,-61.566644,0.050000
2301,-44.242037,0.050000
2302,-55.132541,0.050000
2303,-68.448273,0.050000
2304,-51.598286,0.050000
2305,-85.073000,0.050000
2306,-52.430985,0.050000
2307,-49.888212,0.050000
2308,-42.076641,0.050000
2309,-47.970169,0.050000
2310,-20.313015,0.050000
2311,-19.587858,0.050000
2312,-35.147460,0.050000
2313,-58.857452,0.050000
2314,-41.539753,0.050000
2315,-45.600612,0.050000
2316,-34.217488,0.050000
2317,-42.945572,0.050000
2318,-48.396404,0.050000
2319,-43.237798,0.050000
2320,-38.452076,0.050000
2321,-39.940424,0.050000
2322,-33.402008,0.050000
2323,-57.135950,0.050000
2324,-6.179121,0.050000
2325,-41.471172,0.050000
2326,-13.021602,0.050000
2327,-46.850311,0.050000
2328,-21.762267,0.050000
2329,-45.963097,0.050000
2330,-25.660981,0.050000
2331,-28.760879,0.050000
2332,-17.109722,0.050000
2333,-31.568432,0.050000
2334,-35.773275,0.050000
2335,-27.141950,0.050000
2336,-38.344951,0.050000
2337,-37.283394,0.050000
2338,-36.511334,0.050000
2339,-28.774620,0.050000
2340,-30.811283,0.050000
2341,-41.877635,0.050000
2342,-29.592210,0.050000
2343,-50.458748,0.050000
2344,-30.729395,0.050000
2345,-76.166041,0.050000
2346,-20.400442,0.050000
2347,-57.548457,0.050000
2348,-37.548575,0.050000
2349,-35.223520,0.050000
2350,-21.211925,0.050000
2351,-54.839194,0.050000
2352,-26.966352,0.050000
2353,-19.745014,0.050000
2354,-27.702725,0.050000
2355,-50.521111,0.050000
2356,-36.613629,0.050000
2357,-46.952118,0.050000
2358,-42.052883,0.050000
2359,-36.987489,0.050000
2360,-24.901623,0.050000
2361,-21.445918,0.050000
2362,-27.696157,0.050000
2363,-32.579975,0.050000
2364,-30.121413,0.050000
2365,-36.632380,0.050000
2366,-35.662138,0.050000
2367,-25.087134,0.050000
2368,-24.928689,0.050000
2369,-39.862752,0.050000
2370,-15.263185,0.050000
2371,-18.348995,0.050000
2372,-24.196730,0.050000
2373,-35.076818,0.050000
2374,-26.733464,0.050000
2375,-34.879876,0.050000
2376,-34.168393,0.050000
2377,-33.669934,0.050000
2378,-29.587360,0.050000
2379,-30.715486,0.050000
2380,-25.728988,0.050000
2381,-16.885499,0.050000
2382,-67.011736,0.050000
2383,-22.211756,0.050000
2384,-34.979057,0.050000
2385,-20.403673,0.050000
2386,-21.487771,0.050000
2387,-32.516961,0.050000
2388,-25.948622,0.050000
2389,-20.835778,0.050000
2390,-52.281619,0.050000
2391,-24.079009,0.050000
2392,-30.227645,0.050000
2393,-34.686564,0.050000
2394,-59.275125,0.050000
2395,-20.240909,0.050000
2396,-16.001991,0.050000
2397,-74.430347,0.050000
2398,-59.736839,0.050000
2399,-26.765707,0.050000
2400,-87.677354,0.050000
2401,-44.649185,0.050000
2402,-27.671450,0.050000
2403,-17.675140,0.050000
2404,-75.212280,0.050000
2405,-46.521264,0.050000
2406,-20.745570,0.050000
2407,-27.858887,0.050000
2408,-73.556883,0.050000
2409,-18.448163,0.050000
2410,-18.466994,0.050000
2411,-16.087218,0.050000
2412,-19.039717,0.050000
2413,-25.076336,0.050000
2414,-28.536386,0.050000
2415,-23.250469,0.050000
2416,-26.287837,0.050000
2417,-23.495280,0.050000
2418,-24.931682,0.050000
2419,-31.550766,0.050000
2420,-25.111452,0.050000
2421,-17.500486,0.050000
2422,-49.285286,0.050000
2423,-21.093546,0.050000
2424,-23.138085,0.050000
2425,-16.682428,0.050000
2426,-20.511335,0.050000
2427,-25.467170,0.050000
2428,-28.713623,0.050000
2429,-23.085789,0.050000
2430,-46.425109,0.050000
2431,-44.480217,0.050000
2432,-53.409192,0.050000
2433,-43.627896,0.050000
2434,-39.446664,0.050000
2435,-55.334149,0.050000
2436,-99.780596,0.050000
2437,-79.826426,0.050000
2438,-92.323123,0.050000
2439,-39.793957,0.050000
2440,-88.611786,0.050000
2441,-80.078342,0.050000
2442,-83.128888,0.050000
2443,-33.363685,0.050000
2444,-58.924156,0.050000
2445,-83.925908,0.050000
2446,-86.540258,0.050000
2447,-36.885259,0.050000
2448,-93.603453,0.050000
2449,-71.058107,0.050000
2450,-66.515641,0.050000
2451,-68.817425,0.050000
2452,-79.458981,0.050000
2453,-82.550312,0.050000
2454,-22.877680,0.050000
2455,-28.125677,0.050000
2456,-72.701968,0.050000
2457,-36.305371,0.050000
2458,-61.822198,0.050000
2459,-29.175424,0.050000
2460,-51.565688,0.050000
2461,-33.441803,0.050000
2462,-75.930023,0.050000
2463,-23.018831,0.050000
2464,-29.482696,0.050000
2465,-24.438710,0.050000
2466,-34.043555,0.050000
2467,-38.124233,0.050000
2468,-51.199831,0.050000
2469,-36.617863,0.050000
2470,-45.007528,0.050000
2471,-46.021822,0.050000
2472,-31.256701,0.050000
2473,-43.052176,0.050000
2474,-38.706518,0.050000
2475,-21.301537,0.050000
2476,-33.307426,0.050000
2477,-37.086306,0.050000
2478,-26.279292,0.050000
2479,-44.795141,0.050000
2480,-34.454343,0.050000
2481,-19.565281,0.050000
2482,-34.597419,0.050000
2483,-34.178160,0.050000
2484,-35.573458,0.050000
2485,-49.841942,0.050000
2486,-28.267678,0.050000
2487,-38.257569,0.050000
2488,-26.500479,0.050000
2489,-30.201887,0.050000
2490,-21.512220,0.050000
2491,-33.475781,0.050000
2492,-30.241547,0.050000
2493,-18.565916,0.050000
2494,-19.535619,0.050000
2495,-25.318181,0.050000
2496,-30.817711,0.050000
2497,-23.862192,0.050000
2498,-41.211152,0.050000
2499,-32.165363,0.050000
2500,-38.119339,0.050000
2501,-38.142250,0.050000
2502,-28.338746,0.050000
2503,-48.643497,0.050000
2504,-23.296566,0.050000
2505,-49.403695,0.050000
2506,-32.055738,0.050000
2507,-24.384875,0.050000
2508,-50.135380,0.050000
2509,-50.668669,0.050000
2510,-48.178583,0.050000
2511,-27.317092,0.050000
2512,-51.261545,0.050000
2513,-29.657121,0.050000
2514,-39.715047,0.050000
2515,-47.384783,0.050000
2516,-22.769917,0.050000
2517,-23.340493,0.050000
2518,-20.379786,0.050000
2519,-25.629920,0.050000
2520,-47.985508,0.050000
2521,-20.095235,0.050000
2522,-58.588941,0.050000
2523,-44.640890,0.050000
2524,-37.451501,0.050000
2525,-52.858831,0.050000
2526,-43.004184,0.050000
2527,-39.939605,0.050000
2528,-59.484832,0.050000
2529,-41.499111,0.050000
2530,-47.017648,0.050000
2531,-30.064702,0.050000
2532,-39.412135,0.050000
2533,-42.842044,0.050000
2534,-49.235637,0.050000
2535,-50.872889,0.050000
2536,-54.729762,0.050000
2537,-25.674788,0.050000
2538,-33.238216,0.050000
2539,-54.627487,0.050000
2540,-40.927007,0.050000
2541,-55.080622,0.050000
2542,-32.022990,0.050000
2543,-35.207775,0.050000
2544,-49.292673,0.050000
2545,-58.617196,0.050000
2546,-42.972266,0.050000
2547,-31.996082,0.050000
2548,-27.459840,0.050000
2549,-35.189978,0.050000
2550,-46.679546,0.050000
2551,-61.442207,0.050000
2552,-61.041521,0.050000
2553,-69.879358,0.050000
2554,-73.258514,0.050000
2555,-50.189356,0.050000
2556,-49.853803,0.050000
2557,-39.811614,0.050000
2558,-39.149064,0.050000
2559,-38.953835,0.050000
2560,-46.454379,0.050000
2561,-44.879824,0.050000
2562,-46.329514,0.050000
2563,-47.839051,0.050000
2564,-41.078316,0.050000
2565,-42.179490,0.050000
2566,-39.758676,0.050000
2567,-61.713201,0.050000
2568,-42.184209,0.050000
2569,-43.230821,0.050000
2570,-50.217821,0.050000
2571,-40.832784,0.050000
2572,-31.228373,0.050000
2573,-72.605826,0.050000
2574,-42.394291,0.050000
2575,-41.243617,0.050000
2576,-45.077393,0.050000
2577,-39.211214,0.050000
2578,-39.985984,0.050000
2579,-36.126386,0.050000
2580,-57.901255,0.050000
2581,-43.860312,0.050000
2582,-32.427962,0.050000
2583,-29.387170,0.050000
2584,-36.926997,0.050000
2585,-45.455694,0.050000
2586,-25.555988,0.050000
2587,-24.276023,0.050000
2588,-32.592892,0.050000
2589,-30.910468,0.050000
2590,-27.280613,0.050000
2591,-30.896614,0.050000
2592,-43.805888,0.050000
2593,-30.857069,0.050000
2594,-36.215423,0.050000
2595,-36.679167,0.050000
2596,-27.199804,0.050000
2597,-23.854149,0.050000
2598,-52.462342,0.050000
2599,-37.763542,0.050000
2600,-52.391351,0.050000
2601,-51.571550,0.050000
2602,-29.973470,0.050000
2603,-64.610795,0.050000
2604,-49.176356,0.050000
2605,-34.255375,0.050000
2606,-41.059287,0.050000
2607,-46.946781,0.050000
2608,-42.140994,0.050000
2609,-21.904840,0.050000
2610,-21.087006,0.050000
2611,-26.993347,0.050000
2612,-37.712786,0.050000
2613,-39.742441,0.050000
2614,-40.893051,0.050000
2615,-50.980510,0.050000
2616,-27.428010,0.050000
2617,-41.910361,0.050000
2618,-55.038402,0.050000
2619,-65.774870,0.050000
2620,-81.814949,0.050000
2621,-49.794563,0.050000
2622,-74.673765,0.050000
2623,-57.287568,0.050000
2624,-64.705906,0.050000
2625,-72.057120,0.050000
2626,-72.304827,0.050000
2627,-50.985847,0.050000
2628,-58.182635,0.050000
2629,-73.330880,0.050000
2630,-58.069087,0.050000
2631,-63.354121,0.050000
2632,-59.376223,0.050000
2633,-72.855919,0.050000
2634,-57.578695,0.050000
2635,-58.019338,0.050000
2636,-50.151270,0.050000
2637,-71.183102,0.050000
2638,-55.268868,0.050000
2639,-51.021786,0.050000
2640,-57.144286,0.050000
2641,-49.280344,0.050000
2642,-60.954058,0.050000
2643,-57.211938,0.050000
2644,-59.827037,0.050000
2645,-55.167218,0.050000
2646,-45.058590,0.050000
2647,-40.929595,0.050000
2648,-47.489558,0.050000
2649,-41.514694,0.050000
2650,-55.806572,0.050000
2651,-52.439414,0.050000
2652,-54.894333,0.050000
2653,-32.282010,0.050000
2654,-33.249803,0.050000
2655,-42.386536,0.050000
2656,-62.986806,0.050000
2657,-68.082674,0.050000
2658,-45.808775,0.050000
2659,-71.323133,0.050000
2660,-56.983606,0.050000
2661,-34.128784,0.050000
2662,-32.052544,0.050000
2663,-39.290044,0.050000
2664,-46.513949,0.050000
2665,-70.700468,0.050000
2666,-46.246361,0.050000
2667,-29.641773,0.050000
2668,-41.922571,0.050000
2669,-37.985628,0.050000
2670,-46.141131,0.050000
2671,-46.663393,0.050000
2672,-21.861731,0.050000
2673,-33.376052,0.050000
2674,-12.961817,0.050000
2675,-13.467342,0.050000
2676,-13.910931,0.050000
2677,-19.339127,0.050000
2678,-14.283106,0.050000
2679,-60.643999,0.050000
2680,-20.433397,0.050000
2681,-11.245072,0.050000
2682,-29.099788,0.050000
2683,-16.155369,0.050000
2684,-17.957219,0.050000
2685,-37.168175,0.050000
2686,-7.237852,0.050000
2687,-16.395836,0.050000
2688,-18.536244,0.050000
2689,-45.841263,0.050000
2690,-54.907182,0.050000
2691,-42.039729,0.050000
2692,-30.522168,0.050000
2693,-30.024732,0.050000
2694,-14.776602,0.050000
2695,-45.487587,0.050000
2696,-20.764433,0.050000
2697,-33.100722,0.050000
2698,-76.361094,0.050000
2699,-41.330152,0.050000
2700,-55.905636,0.050000
2701,-43.838209,0.050000
2702,-44.959161,0.050000
2703,-42.854531,0.050000
2704,-46.844321,0.050000
2705,-62.709303,0.050000
2706,-70.840858,0.050000
2707,-79.261495,0.050000
2708,-37.027799,0.050000
2709,-69.229947,0.050000
2710,-48.242695,0.050000
2711,-85.995589,0.050000
2712,-71.271914,0.050000
2713,-87.830897,0.050000
2714,-63.865095,0.050000
2715,-48.807718,0.050000
2716,-86.542824,0.050000
2717,-55.796712,0.050000
2718,-58.082748,0.050000
2719,-69.674393,0.050000
2720,-69.783210,0.050000
2721,-41.128611,0.050000
2722,-29.241665,0.050000
2723,-54.287770,0.050000
2724,-40.598224,0.050000
2725,-44.267198,0.050000
2726,-54.089945,0.050000
2727,-69.589302,0.050000
2728,-61.962954,0.050000
2729,-68.718223,0.050000
2730,-79.346967,0.050000
2731,-55.707179,0.050000
2732,-70.648825,0.050000
2733,-49.626864,0.050000
2734,-57.727591,0.050000
2735,-64.610083,0.050000
2736,-41.141421,0.050000
2737,-70.346377,0.050000
2738,-99.332071,0.050000
2739,-56.623646,0.050000
2740,-35.787269,0.050000
2741,-66.245262,0.050000
2742,-54.274135,0.050000
2743,-44.663923,0.050000
2744,-69.954589,0.050000
2745,-37.617838,0.050000
2746,-55.760803,0.050000
2747,-48.935985,0.050000
2748,-73.287423,0.050000
2749,-58.432183,0.050000
2750,-57.603020,0.050000
2751,-78.000906,0.050000
2752,-85.254515,0.050000
2753,-92.217352,0.050000
2754,-78.070858,0.050000
2755,-69.095175,0.050000
2756,-94.962399,0.050000
2757,-95.939551,0.050000
2758,-95.954564,0.050000
2759,-74.271641,0.050000
2760,-64.032694,0.050000
2761,-96.882777,0.050000
2762,-57.631096,0.050000
2763,-102.680842,0.050000
2764,-71.836852,0.050000
2765,-88.575379,0.050000
2766,-86.330318,0.050000
2767,-105.773604,0.050000
2768,-81.691466,0.050000
2769,-81.743648,0.050000
2770,-74.641973,0.050000
2771,-83.161016,0.050000
2772,-103.253200,0.050000
2773,-76.346073,0.050000
2774,-66.772730,0.050000
2775,-65.227331,0.050000
2776,-67.165547,0.050000
2777,-109.929261,0.050000
2778,-75.034688,0.050000
2779,-82.304931,0.050000
2780,-61.632012,0.050000
2781,-81.199444,0.050000
2782,-90.963451,0.050000
2783,-80.623842,0.050000
2784,-73.833418,0.050000
2785,-101.096423,0.050000
2786,-85.294574,0.050000
2787,-59.695118,0.050000
2788,-79.941764,0.050000
2789,-49.119276,0.050000
2790,-68.059593,0.050000
2791,-58.073577,0.050000
2792,-50.839385,0.050000
2793,-53.696336,0.050000
2794,-35.383088,0.050000
2795,-29.557500,0.050000
2796,-36.392472,0.050000
2797,-68.053936,0.050000
2798,-72.765872,0.050000
2799,-53.830032,0.050000
2800,-21.406064,0.050000
2801,-36.023725,0.050000
2802,-58.557461,0.050000
2803,-51.617213,0.050000
2804,-29.421506,0.050000
2805,-77.364868,0.050000
2806,-46.840907,0.050000
2807,-21.724373,0.050000
2808,-66.231275,0.050000
2809,-39.204642,0.050000
2810,-60.942512,0.050000
2811,-60.378001,0.050000
2812,-63.177536,0.050000
2813,-47.474295,0.050000
2814,-60.476526,0.050000
2815,-59.629031,0.050000
2816,-26.669240,0.050000
2817,-66.043721,0.050000
2818,-51.941499,0.050000
2819,-79.378831,0.050000
2820,-62.137911,0.050000
2821,-53.324881,0.050000
2822,-38.244423,0.050000
2823,-69.658011,0.050000
2824,-89.249620,0.050000
2825,-42.838041,0.050000
2826,-31.942826,0.050000
2827,-62.391359,0.050000
2828,-20.499496,0.050000
2829,-60.193750,0.050000
2830,-54.591372,0.050000
2831,-54.512517,0.050000
2832,-26.815013,0.050000
2833,-55.304604,0.050000
2834,-39.237047,0.050000
2835,-26.357421,0.050000
2836,-34.387870,0.050000
2837,-53.958886,0.050000
2838,-48.669053,0.050000
2839,-49.724494,0.050000
2840,-48.882218,0.050000
2841,-20.266475,0.050000
2842,-66.766935,0.050000
2843,-52.274593,0.050000
2844,-31.848446,0.050000
2845,-32.996184,0.050000
2846,-56.526550,0.050000
2847,-53.684891,0.050000
2848,-51.049996,0.050000
2849,-41.802823,0.050000
2850,-32.281847,0.050000
2851,-69.116851,0.050000
2852,-65.694451,0.050000
2853,-24.681991,0.050000
2854,-52.690823,0.050000
2855,-55.564318,0.050000
2856,-51.888715,0.050000
2857,-37.691327,0.050000
2858,-52.008121,0.050000
2859,-54.571728,0.050000
2860,-67.739309,0.050000
2861,-26.137279,0.050000
2862,-39.567199,0.050000
2863,-62.522005,0.050000
2864,-85.404553,0.050000
2865,-41.108829,0.050000
2866,-27.887563,0.050000
2867,-52.539963,0.050000
2868,-72.838031,0.050000
2869,-89.105737,0.050000
2870,-52.173852,0.050000
2871,-37.871717,0.050000
2872,-43.163649,0.050000
2873,-49.515519,0.050000
2874,-67.759518,0.050000
2875,-57.243968,0.050000
2876,-31.289425,0.050000
2877,-54.906581,0.050000
2878,-39.072996,0.050000
2879,-69.518493,0.050000
2880,-73.290704,0.050000
2881,-25.045639,0.050000
2882,-51.602025,0.050000
2883,-24.154295,0.050000
2884,-40.596006,0.050000
2885,-42.848459,0.050000
2886,-49.574084,0.050000
2887,-31.866293,0.050000
2888,-54.334271,0.050000
2889,-58.820762,0.050000
2890,-39.161397,0.050000
2891,-37.470769,0.050000
2892,-42.424256,0.050000
2893,-51.292714,0.050000
2894,-38.402221,0.050000
2895,-45.369114,0.050000
2896,-73.212247,0.050000
2897,-23.947609,0.050000
2898,-58.713577,0.050000
2899,-47.203069,0.050000
2900,-49.859606,0.050000
2901,-51.647686,0.050000
2902,-60.760965,0.050000
2903,-62.537840,0.050000
2904,-49.280936,0.050000
2905,-55.304240,0.050000
2906,-53.231969,0.050000
2907,-35.213560,0.050000
2908,-54.182004,0.050000
2909,-51.746476,0.050000
2910,-29.295638,0.050000
2911,-57.900416,0.050000
2912,-41.019538,0.050000
2913,-41.886328,0.050000
2914,-45.718236,0.050000
2915,-68.857364,0.050000
2916,-62.697265,0.050000
2917,-54.579611,0.050000
2918,-41.326320,0.050000
2919,-62.835088,0.050000
2920,-59.441625,0.050000
2921,-58.327509,0.050000
2922,-67.013855,0.050000
2923,-49.296661,0.050000
2924,-57.811265,0.050000
2925,-62.362188,0.050000
2926,-63.180265,0.050000
2927,-78.687795,0.050000
2928,-56.404084,0.050000
2929,-68.093625,0.050000
2930,-41.096599,0.050000
2931,-64.667496,0.050000
2932,-54.286461,0.050000
2933,-48.703430,0.050000
2934,-63.332683,0.050000
2935,-62.871621,0.050000
2936,-51.911051,0.050000
2937,-58.275522,0.050000
2938,-39.099664,0.050000
2939,-47.309203,0.050000
2940,-51.480789,0.050000
2941,-65.351775,0.050000
2942,-60.052020,0.050000
2943,-54.977430,0.050000
2944,-41.964398,0.050000
2945,-43.030326,0.050000
2946,-44.048843,0.050000
2947,-39.936288,0.050000
2948,-40.913368,0.050000
2949,-30.086406,0.050000
2950,-51.980968,0.050000
2951,-94.612811,0.050000
2952,-65.808270,0.050000
2953,-45.374070,0.050000
2954,-68.833923,0.050000
2955,-54.882656,0.050000
2956,-22.846576,0.050000
2957,-30.380466,0.050000
2958,-58.866398,0.050000
2959,-46.066386,0.050000
2960,-50.082497,0.050000
2961,-48.274431,0.050000
2962,-34.205365,0.050000
2963,-32.872813,0.050000
2964,-31.529199,0.050000
2965,-32.086759,0.050000
2966,-27.461093,0.050000
2967,-32.771857,0.050000
2968,-33.591588,0.050000
2969,-36.170999,0.050000
2970,-28.668235,0.050000
2971,-33.300982,0.050000
2972,-35.589958,0.050000
2973,-28.791832,0.050000
2974,-28.057527,0.050000
2975,-38.275336,0.050000
2976,-25.555913,0.050000
2977,-37.686713,0.050000
2978,-47.449895,0.050000
2979,-36.230054,0.050000
2980,-33.225742,0.050000
2981,-36.516164,0.050000
2982,-38.659315,0.050000
2983,-30.867531,0.050000
2984,-35.270167,0.050000
2985,-57.964240,0.050000
2986,-42.268536,0.050000
2987,-45.919195,0.050000
2988,-57.537732,0.050000
2989,-38.758672,0.050000
2990,-36.627399,0.050000
2991,-22.987710,0.050000
2992,-39.882427,0.050000
2993,-33.113705,0.050000
2994,-50.216592,0.050000
2995,-67.104968,0.050000
2996,-70.678541,0.050000
2997,-49.815857,0.050000
2998,-49.342082,0.050000
2999,-74.425043,0.050000
3000,-49.376685,0.050000
3001,-50.960566,0.050000
3002,-50.221524,0.050000
3003,-39.771355,0.050000
3004,-49.514524,0.050000
3005,-39.144958,0.050000
3006,-72.572890,0.050000
3007,-67.049846,0.050000
3008,-56.785759,0.050000
3009,-46.577861,0.050000
3010,-60.716676,0.050000
3011,-50.614323,0.050000
3012,-57.907503,0.050000
3013,-46.489513,0.050000
3014,-33.617862,0.050000
3015,-44.995768,0.050000
3016,-41.224667,0.050000
3017,-39.515561,0.050000
3018,-45.899687,0.050000
3019,-43.832510,0.050000
3020,-36.260758,0.050000
3021,-28.702003,0.050000
3022,-47.840206,0.050000
3023,-36.104069,0.050000
3024,-43.464703,0.050000
3025,-46.843272,0.050000
3026,-37.803665,0.050000
3027,-51.409178,0.050000
3028,-40.548337,0.050000
3029,-41.432192,0.050000
3030,-35.048401,0.050000
3031,-38.702013,0.050000
3032,-42.121003,0.050000
3033,-25.971573,0.050000
3034,-26.000249,0.050000
3035,-35.337099,0.050000
3036,-37.166935,0.050000
3037,-18.034314,0.050000
3038,-15.321340,0.050000
3039,-23.835406,0.050000
3040,-25.717175,0.050000
3041,-16.731196,0.050000
3042,-26.767279,0.050000
3043,-37.871227,0.050000
3044,-35.907140,0.050000
3045,-31.233817,0.050000
3046,-30.884524,0.050000
3047,-32.769701,0.050000
3048,-33.624766,0.050000
3049,-38.671610,0.050000
3050,-29.150488,0.050000
3051,-35.126319,0.050000
3052,-21.625517,0.050000
3053,-30.198545,0.050000
3054,-39.771853,0.050000
3055,-46.584209,0.050000
3056,-37.131930,0.050000
3057,-39.090001,0.050000
3058,-39.625526,0.050000
3059,-39.694651,0.050000
3060,-36.262834,0.050000
3061,-29.035163,0.050000
3062,-22.894989,0.050000
3063,-30.183019,0.050000
3064,-32.319858,0.050000
3065,-57.099492,0.050000
3066,-38.966376,0.050000
3067,-50.911734,0.050000
3068,-32.497312,0.050000
3069,-29.998598,0.050000
3070,-37.256397,0.050000
3071,-29.700420,0.050000
3072,-31.724952,0.050000
3073,-40.677117,0.050000
3074,-49.605769,0.050000
3075,-27.773066,0.050000
3076,-35.285008,0.050000
3077,-23.982116,0.050000
3078,-11.120879,0.050000
3079,-34.861333,0.050000
3080,-33.450401,0.050000
3081,-40.036591,0.050000
3082,-13.122456,0.050000
3083,-23.345741,0.050000
3084,-22.273540,0.050000
3085,-29.889020,0.050000
3086,-33.938751,0.050000
3087,-24.033418,0.050000
3088,-18.903563,0.050000
3089,-46.909604,0.050000
3090,-33.462172,0.050000
3091,-38.075473,0.050000
3092,-39.323580,0.050000
3093,-32.996818,0.050000
3094,-42.188287,0.050000
3095,-30.529009,0.050000
3096,-33.875701,0.050000
3097,-25.079614,0.050000
3098,-43.990325,0.050000
3099,-33.659280,0.050000
3100,-28.357043,0.050000
3101,-39.113806,0.050000
3102,-31.930571,0.050000
3103,-27.551238,0.050000
3104,-21.944638,0.050000
3105,-8.541619,0.050000
3106,-17.918021,0.050000
3107,-18.263627,0.050000
3108,-21.295227,0.050000
3109,-15.875318,0.050000
3110,-17.274440,0.050000
3111,-36.465857,0.050000
3112,-37.791218,0.050000
3113,-17.921047,0.050000
3114,-26.564194,0.050000
3115,-4.431625,0.050000
3116,-9.309967,0.050000
3117,-24.553487,0.050000
3118,-35.371131,0.050000
3119,-17.514429,0.050000
3120,-35.051456,0.050000
3121,-19.083069,0.050000
3122,-28.108682,0.050000
3123,-31.928121,0.050000
3124,-17.532215,0.050000
3125,-3.196549,0.050000
3126,-23.836816,0.050000
3127,-20.321801,0.050000
3128,-21.024230,0.050000
3129,-17.850176,0.050000
3130,-27.359702,0.050000
3131,-24.422901,0.050000
3132,-13.894982,0.050000
3133,-36.189974,0.050000
3134,-22.010464,0.050000
3135,-46.268484,0.050000
3136,-18.212245,0.050000
3137,-37.543922,0.050000
3138,-38.438423,0.050000
3139,-16.897848,0.050000
3140,-22.048535,0.050000
3141,-29.774133,0.050000
3142,-28.952210,0.050000
3143,-53.421778,0.050000
3144,-11.580743,0.050000
3145,-22.179628,0.050000
3146,-31.192038,0.050000
3147,-45.498422,0.050000
3148,-37.366049,0.050000
3149,-34.545193,0.050000
3150,-13.367446,0.050000
3151,-26.191347,0.050000
3152,-31.399691,0.050000
3153,-41.176823,0.050000
3154,-43.398532,0.050000
3155,-43.611596,0.050000
3156,-36.520942,0.050000
3157,-34.497352,0.050000
3158,-35.671296,0.050000
3159,-31.179662,0.050000
3160,-38.548438,0.050000
3161,-38.949052,0.050000
3162,-40.697942,0.050000
3163,-26.548570,0.050000
3164,-52.549602,0.050000
3165,-41.072496,0.050000
3166,-62.782454,0.050000
3167,-43.609092,0.050000
3168,-52.157541,0.050000
3169,-54.972445,0.050000
3170,-58.919734,0.050000
3171,-52.042750,0.050000
3172,-26.597892,0.050000
3173,-45.647025,0.050000
3174,-16.144566,0.050000
3175,-14.235012,0.050000
3176,-26.837693,0.050000
3177,-16.930382,0.050000
3178,-11.887622,0.050000
3179,-80.191504,0.050000
3180,-36.741445,0.050000
3181,-27.634442,0.050000
3182,-53.720384,0.050000
3183,-35.755289,0.050000
3184,-39.609018,0.050000
3185,-23.181650,0.050000
3186,-17.973272,0.050000
3187,-13.804341,0.050000
3188,-18.394967,0.050000
3189,-17.525578,0.050000
3190,-34.714612,0.050000
3191,-36.626113,0.050000
3192,-20.931726,0.050000
3193,-34.493824,0.050000
3194,-10.070068,0.050000
3195,-19.389716,0.050000
3196,-28.911283,0.050000
3197,-14.667755,0.050000
3198,-15.896481,0.050000
3199,-40.516238,0.050000
3200,-23.087428,0.050000
3201,-33.235166,0.050000
3202,-36.460971,0.050000
3203,-22.284817,0.050000
3204,-26.890271,0.050000
3205,-34.601678,0.050000
3206,-31.802628,0.050000
3207,-16.628794,0.050000
3208,-22.546998,0.050000
3209,-23.457589,0.050000
3210,-19.545920,0.050000
3211,-25.230228,0.050000
3212,-48.739720,0.050000
3213,-27.021341,0.050000
3214,-36.726627,0.050000
3215,-51.397458,0.050000
3216,-42.077835,0.050000
3217,-39.729788,0.050000
3218,-24.402986,0.050000
3219,-29.296018,0.050000
3220,-37.155912,0.050000
3221,-48.876712,0.050000
3222,-55.496661,0.050000
3223,-19.131682,0.050000
3224,-29.172487,0.050000
3225,-37.531235,0.050000
3226,-34.581215,0.050000
3227,-32.461433,0.050000
3228,-28.299477,0.050000
3229,-36.578737,0.050000
3230,-32.365871,0.050000
3231,-15.782051,0.050000
3232,-53.976177,0.050000
3233,-37.542408,0.050000
3234,-48.372040,0.050000
3235,-22.649580,0.050000
3236,-25.462110,0.050000
3237,-35.976788,0.050000
3238,-23.090052,0.050000
3239,-36.949364,0.050000
3240,-60.594057,0.050000
3241,-57.754556,0.050000
3242,-64.150627,0.050000
3243,-57.850559,0.050000
3244,-52.232682,0.050000
3245,-75.544339,0.050000
3246,-35.335839,0.050000
3247,-36.350035,0.050000
3248,-46.036073,0.050000
3249,-41.475303,0.050000
3250,-65.257788,0.050000
3251,-53.437574,0.050000
3252,-9.644227,0.050000
3253,-50.610399,0.050000
3254,-45.063827,0.050000
3255,-31.322095,0.050000
3256,-24.875821,0.050000
3257,-21.237188,0.050000
3258,-45.362855,0.050000
3259,-17.231290,0.050000
3260,-14.415802,0.050000
3261,-34.630698,0.050000
3262,-31.900386,0.050000
3263,-23.899691,0.050000
3264,-34.302577,0.050000
3265,-13.382550,0.050000
3266,-14.673895,0.050000
3267,-28.671571,0.050000
3268,-26.703311,0.050000
3269,-25.492472,0.050000
3270,-20.341322,0.050000
3271,-8.872342,0.050000
3272,-26.190256,0.050000
3273,-4.839540,0.050000
3274,-3.390846,0.050000
3275,-23.783240,0.050000
3276,-10.057494,0.050000
3277,-3.204200,0.050000
3278,-38.353807,0.050000
3279,-13.704984,0.050000
3280,-8.509959,0.050000
3281,-8.309929,0.050000
3282,-5.435568,0.050000
3283,-15.474306,0.050000
3284,-6.920091,0.050000
3285,-4.456445,0.050000
3286,-8.317527,0.050000
3287,-29.423734,0.050000
3288,-16.043361,0.050000
3289,-9.963395,0.050000
3290,-14.361839,0.050000
3291,-18.837240,0.050000
3292,-10.379902,0.050000
3293,-14.454106,0.050000
3294,-14.629296,0.050000
3295,-23.363096,0.050000
3296,-15.375287,0.050000
3297,-19.957335,0.050000
3298,-8.615512,0.050000
3299,-16.520962,0.050000
3300,-3.323799,0.050000
3301,-12.868305,0.050000
3302,-14.594982,0.050000
3303,-10.639566,0.050000
3304,-24.370875,0.050000
3305,-17.699751,0.050000
3306,-13.385333,0.050000
3307,-17.016039,0.050000
3308,-48.582675,0.050000
3309,-7.201234,0.050000
3310,-14.555112,0.050000
3311,-23.777463,0.050000
3312,-23.493785,0.050000
3313,-20.543809,0.050000
3314,-32.518230,0.050000
3315,-40.433428,0.050000
3316,-31.087362,0.050000
3317,-32.074531,0.050000
3318,-31.396921,0.050000
3319,-4.246507,0.050000
3320,-35.194956,0.050000
3321,-29.684033,0.050000
3322,-21.128349,0.050000
3323,-39.131916,0.050000
3324,-28.354069,0.050000
3325,-34.347609,0.050000
3326,-37.208249,0.050000
3327,-9.509505,0.050000
3328,-20.298420,0.050000
3329,-32.885751,0.050000
3330,-63.659554,0.050000
3331,-37.226331,0.050000
3332,-36.096793,0.050000
3333,-45.337924,0.050000
3334,-51.022309,0.050000
3335,-45.315886,0.050000
3336,-48.620910,0.050000
3337,-61.398114,0.050000
3338,-48.270783,0.050000
3339,-49.536770,0.050000
3340,-74.436504,0.050000
3341,-54.049493,0.050000
3342,-58.110182,0.050000
3343,-23.348085,0.050000
3344,-47.487769,0.050000
3345,-54.054927,0.050000
3346,-38.269043,0.050000
3347,-40.894856,0.050000
3348,-42.146914,0.050000
3349,-51.939351,0.050000
3350,-49.778918,0.050000
3351,-28.744334,0.050000
3352,-30.206497,0.050000
3353,-37.726180,0.050000
3354,-47.493324,0.050000
3355,-25.962765,0.050000
3356,-32.998173,0.050000
3357,-30.925464,0.050000
3358,-26.425785,0.050000
3359,-50.234009,0.050000
3360,-31.461699,0.050000
3361,-42.615519,0.050000
3362,-40.158756,0.050000
3363,-25.423189,0.050000
3364,-30.763874,0.050000
3365,-48.739745,0.050000
3366,-33.383856,0.050000
3367,-26.440797,0.050000
3368,-23.095331,0.050000
3369,-24.221042,0.050000
3370,-11.747460,0.050000
3371,-11.778620,0.050000
3372,-37.723550,0.050000
3373,-12.546900,0.050000
3374,-7.294110,0.050000
3375,-24.260292,0.050000
3376,-25.119253,0.050000
3377,-50.741209,0.050000
3378,-62.342031,0.050000
3379,-9.061360,0.050000
3380,-38.545358,0.050000
3381,-33.258261,0.050000
3382,-27.475698,0.050000
3383,-43.945613,0.050000
3384,-44.282454,0.050000
3385,-45.941479,0.050000
3386,-33.114438,0.050000
3387,-49.857357,0.050000
3388,-32.598942,0.050000
3389,-19.556219,0.050000
3390,-49.524474,0.050000
3391,-37.261073,0.050000
3392,-28.705222,0.050000
3393,-39.052400,0.050000
3394,-46.387111,0.050000
3395,-44.590994,0.050000
3396,-62.516677,0.050000
3397,-46.920921,0.050000
3398,-46.787272,0.050000
3399,-62.471425,0.050000
3400,-59.362954,0.050000
3401,-46.921563,0.050000
3402,-41.475447,0.050000
3403,-34.634188,0.050000
3404,-45.906918,0.050000
3405,-39.935532,0.050000
3406,-30.244506,0.050000
3407,-29.946390,0.050000
3408,-67.261446,0.050000
3409,-32.057451,0.050000
3410,-54.918071,0.050000
3411,-60.548709,0.050000
3412,-55.159895,0.050000
3413,-61.753909,0.050000
3414,-41.856476,0.050000
3415,-40.892497,0.050000
3416,-73.063932,0.050000
3417,-48.499289,0.050000
3418,-79.205500,0.050000
3419,-44.327786,0.050000
3420,-62.243191,0.050000
3421,-61.136324,0.050000
3422,-58.659001,0.050000
3423,-58.915117,0.050000
3424,-58.855227,0.050000
3425,-57.747861,0.050000
3426,-45.194466,0.050000
3427,-49.889751,0.050000
3428,-36.872591,0.050000
3429,-49.828578,0.050000
3430,-60.802357,0.050000
3431,-47.864208,0.050000
3432,-29.459760,0.050000
3433,-44.966094,0.050000
3434,-36.614073,0.050000
3435,-32.442500,0.050000
3436,-49.493446,0.050000
3437,-41.280309,0.050000
3438,-45.636397,0.050000
3439,-37.671616,0.050000
3440,-54.237855,0.050000
3441,-79.626910,0.050000
3442,-57.309183,0.050000
3443,-83.204866,0.050000
3444,-62.530026,0.050000
3445,-45.283643,0.050000
3446,-70.571643,0.050000
3447,-71.200884,0.050000
3448,-34.187788,0.050000
3449,-44.252752,0.050000
3450,-44.937077,0.050000
3451,-89.197555,0.050000
3452,-49.060745,0.050000
3453,-77.561661,0.050000
3454,-42.595302,0.050000
3455,-50.137449,0.050000
3456,-66.563829,0.050000
3457,-53.350536,0.050000
3458,-47.674002,0.050000
3459,-44.144425,0.050000
3460,-46.445904,0.050000
3461,-67.646904,0.050000
3462,-39.455631,0.050000
3463,-40.214971,0.050000
3464,-68.567374,0.050000
3465,-65.679139,0.050000
3466,-70.339409,0.050000
3467,-54.636293,0.050000
3468,-31.321796,0.050000
3469,-31.901774,0.050000
3470,-5.720668,0.050000
3471,-34.140353,0.050000
3472,-65.859833,0.050000
3473,-85.269390,0.050000
3474,-26.600549,0.050000
3475,-53.496973,0.050000
3476,-53.018673,0.050000
3477,-47.964669,0.050000
3478,-85.151394,0.050000
3479,-45.034125,0.050000
3480,-39.670356,0.050000
3481,-24.666029,0.050000
3482,-38.163902,0.050000
3483,-51.357565,0.050000
3484,-62.622576,0.050000
3485,-37.966935,0.050000
3486,-69.281322,0.050000
3487,-8.140384,0.050000
3488,-87.255618,0.050000
3489,-18.671134,0.050000
3490,-88.261239,0.050000
3491,-81.825425,0.050000
3492,-39.545920,0.050000
3493,-17.275508,0.050000
3494,-43.052376,0.050000
3495,-58.786930,0.050000
3496,-31.131157,0.050000
3497,-65.877396,0.050000
3498,-82.571166,0.050000
3499,-46.373099,0.050000
3500,-33.970553,0.050000
3501,-25.877493,0.050000
3502,-35.965660,0.050000
3503,-42.875895,0.050000
3504,-49.496138,0.050000
3505,-42.064586,0.050000
3506,-74.208378,0.050000
3507,-51.321192,0.050000
3508,-41.910967,0.050000
3509,-34.237245,0.050000
3510,-42.064772,0.050000
3511,-57.008348,0.050000
3512,-31.734480,0.050000
3513,-48.329878,0.050000
3514,-34.351799,0.050000
3515,-96.448381,0.050000
3516,-70.308642,0.050000
3517,-23.422578,0.050000
3518,-47.997780,0.050000
3519,-32.669559,0.050000
3520,-47.341831,0.050000
3521,-56.481752,0.050000
3522,-75.617339,0.050000
3523,-54.510814,0.050000
3524,-73.668612,0.050000
3525,-78.560486,0.050000
3526,-62.678733,0.050000
3527,-61.742002,0.050000
3528,-86.287789,0.050000
3529,-58.647824,0.050000
3530,-109.300994,0.050000
3531,-65.389618,0.050000
3532,-86.627586,0.050000
3533,-49.913768,0.050000
3534,-72.430817,0.050000
3535,-76.968312,0.050000
3536,-42.320183,0.050000
3537,-71.782956,0.050000
3538,-98.770656,0.050000
3539,-72.694756,0.050000
3540,-90.763509,0.050000
3541,-96.280809,0.050000
3542,-98.614411,0.050000
3543,-96.405209,0.050000
3544,-92.293905,0.050000
3545,-75.677782,0.050000
3546,-84.492257,0.050000
3547,-100.153268,0.050000
3548,-85.990107,0.050000
3549,-67.915621,0.050000
3550,-76.291058,0.050000
3551,-79.122428,0.050000
3552,-68.839396,0.050000
3553,-70.803606,0.050000
3554,-91.878872,0.050000
3555,-69.846519,0.050000
3556,-35.501583,0.050000
3557,-49.839690,0.050000
3558,-66.762921,0.050000
3559,-30.567426,0.050000
3560,-32.111754,0.050000
3561,-61.126357,0.050000
3562,-61.706341,0.050000
3563,-55.549308,0.050000
3564,-55.206480,0.050000
3565,-45.949375,0.050000
3566,-48.564106,0.050000
3567,-60.850261,0.050000
3568,-64.629905,0.050000
3569,-37.027265,0.050000
3570,-67.619996,0.050000
3571,-64.931253,0.050000
3572,-64.237793,0.050000
3573,-79.059974,0.050000
3574,-44.516990,0.050000
3575,-59.536136,0.050000
3576,-78.969735,0.050000
3577,-73.090753,0.050000
3578,-41.333418,0.050000
3579,-56.451984,0.050000
3580,-42.067944,0.050000
3581,-44.383684,0.050000
3582,-58.827835,0.050000
3583,-43.267762,0.050000
3584,-41.766309,0.050000
3585,-68.268641,0.050000
3586,-59.725423,0.050000
3587,-69.951788,0.050000
3588,-88.988091,0.050000
3589,-30.566531,0.050000
3590,-72.096402,0.050000
3591,-61.422388,0.050000
3592,-77.182917,0.050000
3593,-64.035761,0.050000
3594,-58.041846,0.050000
3595,-71.530117,0.050000
3596,-84.354941,0.050000
3597,-69.800118,0.050000
3598,-29.993471,0.050000
3599,-60.811655,0.050000
3600,-70.951968,0.050000
3601,-66.764124,0.050000
3602,-90.975391,0.050000
3603,-65.355708,0.050000
3604,-96.837864,0.050000
3605,-77.309549,0.050000
3606,-64.048633,0.050000
3607,-99.675800,0.050000
3608,-84.363032,0.050000
3609,-76.679984,0.050000
3610,-56.467429,0.050000
3611,-45.477784,0.050000
3612,-105.969228,0.050000
3613,-83.337927,0.050000
3614,-60.535045,0.050000
3615,-97.712235,0.050000
3616,-64.239758,0.050000
3617,-60.972043,0.050000
3618,-66.763383,0.050000
3619,-52.828550,0.050000
3620,-66.437805,0.050000
3621,-66.308965,0.050000
3622,-73.536559,0.050000
3623,-79.962332,0.050000
3624,-68.677972,0.050000
3625,-85.073422,0.050000
3626,-88.173552,0.050000
3627,-31.831863,0.050000
3628,-62.102928,0.050000
3629,-33.402411,0.050000
3630,-27.383681,0.050000
3631,-13.536009,0.050000
3632,-66.424784,0.050000
3633,-88.344895,0.050000
3634,-22.991185,0.050000
3635,-51.753624,0.050000
3636,-35.691702,0.050000
3637,-60.958804,0.050000
3638,-72.151463,0.050000
3639,-52.697475,0.050000
3640,-59.331820,0.050000
3641,-40.603381,0.050000
3642,-19.824462,0.050000
3643,-38.971676,0.050000
3644,-74.326499,0.050000
3645,-102.123941,0.050000
3646,-76.341824,0.050000
3647,-60.947199,0.050000
3648,-41.813096,0.050000
3649,-55.278434,0.050000
3650,-49.766065,0.050000
3651,-56.011929,0.050000
3652,-55.943733,0.050000
3653,-59.221049,0.050000
3654,-62.479622,0.050000
3655,-58.461505,0.050000
3656,-74.251751,0.050000
3657,-70.226293,0.050000
3658,-45.610352,0.050000
3659,-49.307586,0.050000
3660,-90.250091,0.050000
3661,-57.181654,0.050000
3662,-38.309322,0.050000
3663,-80.333431,0.050000
3664,-28.112038,0.050000
3665,-36.867608,0.050000
3666,-28.639155,0.050000
3667,-61.717770,0.050000
3668,-52.721416,0.050000
3669,-60.172899,0.050000
3670,-45.923336,0.050000
3671,-30.115434,0.050000
3672,-44.607302,0.050000
3673,-37.551949,0.050000
3674,-53.742192,0.050000
3675,-28.928536,0.050000
3676,-8.725000,0.050000
3677,-26.425919,0.050000
3678,-26.102862,0.050000
3679,-50.214310,0.050000
3680,-72.594065,0.050000
3681,-54.231221,0.050000
3682,-44.819747,0.050000
3683,-66.039633,0.050000
3684,-22.062475,0.050000
3685,-50.622406,0.050000
3686,-55.222756,0.050000
3687,-19.444713,0.050000
3688,-25.988229,0.050000
3689,-35.634791,0.050000
3690,-51.178375,0.050000
3691,-50.434101,0.050000
3692,-47.110618,0.050000
3693,-52.630663,0.050000
3694,-59.360757,0.050000
3695,-30.858568,0.050000
3696,-41.087829,0.050000
3697,-46.320883,0.050000
3698,-34.341338,0.050000
3699,-46.892205,0.050000
3700,-45.395248,0.050000
3701,-52.472414,0.050000
3702,-65.349847,0.050000
3703,-21.147964,0.050000
3704,-34.064019,0.050000
3705,-41.162162,0.050000
3706,-94.632106,0.050000
3707,-33.162719,0.050000
3708,-35.721588,0.050000
3709,-38.111446,0.050000
3710,-65.639608,0.050000
3711,-46.120822,0.050000
3712,-41.621809,0.050000
3713,-31.440491,0.050000
3714,-41.169168,0.050000
3715,-30.891318,0.050000
3716,-47.394874,0.050000
3717,-56.812503,0.050000
3718,-34.286751,0.050000
3719,-35.313630,0.050000
3720,-51.932871,0.050000
3721,-43.611972,0.050000
3722,-86.165105,0.050000
3723,-26.695105,0.050000
3724,-50.276659,0.050000
3725,-88.791926,0.050000
3726,-49.499637,0.050000
3727,-57.846982,0.050000
3728,-75.879391,0.050000
3729,-43.356779,0.050000
3730,-60.215235,0.050000
3731,-92.043184,0.050000
3732,-49.507189,0.050000
3733,-43.374681,0.050000
3734,-60.921441,0.050000
3735,-69.207005,0.050000
3736,-52.940013,0.050000
3737,-40.857820,0.050000
3738,-81.384140,0.050000
3739,-51.371291,0.050000
3740,-40.252736,0.050000
3741,-52.937081,0.050000
3742,-68.015987,0.050000
3743,-73.248054,0.050000
3744,-59.881590,0.050000
3745,-57.164809,0.050000
3746,-62.959198,0.050000
3747,-75.877688,0.050000
3748,-73.217856,0.050000
3749,-47.911498,0.050000
3750,-92.646260,0.050000
3751,-56.926624,0.050000
3752,-42.896381,0.050000
3753,-39.782507,0.050000
3754,-113.194481,0.050000
3755,-73.862677,0.050000
3756,-95.749281,0.050000
3757,-65.976434,0.050000
3758,-79.148400,0.050000
3759,-54.383703,0.050000
3760,-62.374119,0.050000
3761,-69.128893,0.050000
3762,-71.290737,0.050000
3763,-112.901323,0.050000
3764,-89.986952,0.050000
3765,-43.217581,0.050000
3766,-64.127150,0.050000
3767,-53.770791,0.050000
3768,-73.477598,0.050000
3769,-47.237416,0.050000
3770,-27.946271,0.050000
3771,-94.367236,0.050000
3772,-75.003531,0.050000
3773,-41.515823,0.050000
3774,-70.428561,0.050000
3775,-56.727800,0.050000
3776,-72.768995,0.050000
3777,-48.182210,0.050000
3778,-30.272232,0.050000
3779,-110.397921,0.050000
3780,-83.022590,0.050000
3781,-38.696021,0.050000
3782,-39.532718,0.050000
3783,-47.230667,0.050000
3784,-55.376800,0.050000
3785,-58.393435,0.050000
3786,-52.585461,0.050000
3787,-41.316557,0.050000
3788,-61.227499,0.050000
3789,-85.467669,0.050000
3790,-57.168958,0.050000
3791,-42.258778,0.050000
3792,-63.594476,0.050000
3793,-109.723054,0.050000
3794,-56.369598,0.050000
3795,-59.593921,0.050000
3796,-51.317588,0.050000
3797,-20.757395,0.050000
3798,-53.306962,0.050000
3799,-35.184169,0.050000
3800,-74.674780,0.050000
3801,-25.652172,0.050000
3802,-40.280301,0.050000
3803,-69.037415,0.050000
3804,-45.507054,0.050000
3805,-33.482213,0.050000
3806,-29.850619,0.050000
3807,-50.296468,0.050000
3808,-21.549546,0.050000
3809,-53.353526,0.050000
3810,-38.985227,0.050000
3811,-51.500203,0.050000
3812,-55.605765,0.050000
3813,-59.918558,0.050000
3814,-52.754569,0.050000
3815,-25.828620,0.050000
3816,-11.687317,0.050000
3817,-63.454006,0.050000
3818,-41.945517,0.050000
3819,-61.114172,0.050000
3820,-54.913670,0.050000
3821,-26.137557,0.050000
3822,-26.931517,0.050000
3823,-45.691243,0.050000
3824,-33.945320,0.050000
3825,-59.680200,0.050000
3826,-30.909810,0.050000
3827,-26.547514,0.050000
3828,-53.831963,0.050000
3829,-30.971967,0.050000
3830,-59.692734,0.050000
3831,-43.390118,0.050000
3832,-30.748553,0.050000
3833,-56.287410,0.050000
3834,-29.164275,0.050000
3835,-48.194040,0.050000
3836,-40.362797,0.050000
3837,-65.822545,0.050000
3838,-52.854932,0.050000
3839,-54.179386,0.050000
3840,-62.972501,0.050000
3841,-67.587085,0.050000
3842,-91.069078,0.050000
3843,-50.868842,0.050000
3844,-52.596479,0.050000
3845,-76.502676,0.050000
3846,-47.709403,0.050000
3847,-58.869414,0.050000
3848,-41.035030,0.050000
3849,-64.235864,0.050000
3850,-26.381346,0.050000
3851,-33.151303,0.050000
3852,-33.766800,0.050000
3853,-47.673991,0.050000
3854,-29.463678,0.050000
3855,-37.794578,0.050000
3856,-43.768057,0.050000
3857,-67.404520,0.050000
3858,-75.589134,0.050000
3859,-80.964203,0.050000
3860,-58.635395,0.050000
3861,-36.837070,0.050000
3862,-46.039916,0.050000
3863,-38.580282,0.050000
3864,-65.640620,0.050000
3865,-54.500911,0.050000
3866,-23.691978,0.050000
3867,-68.439174,0.050000
3868,-43.268337,0.050000
3869,-47.037941,0.050000
3870,-97.191367,0.050000
3871,-63.835651,0.050000
3872,-68.059008,0.050000
3873,-59.802658,0.050000
3874,-67.956983,0.050000
3875,-59.183436,0.050000
3876,-65.829421,0.050000
3877,-75.563765,0.050000
3878,-85.698357,0.050000
3879,-79.398373,0.050000
3880,-63.163983,0.050000
3881,-31.741245,0.050000
3882,-56.923593,0.050000
3883,-73.995411,0.050000
3884,-62.149643,0.050000
3885,-62.172930,0.050000
3886,-40.554016,0.050000
3887,-92.363039,0.050000
3888,-73.044130,0.050000
3889,-48.358595,0.050000
3890,-60.679885,0.050000
3891,-60.350128,0.050000
3892,-67.100894,0.050000
3893,-77.692805,0.050000
3894,-63.693512,0.050000
3895,-64.695440,0.050000
3896,-89.700620,0.050000
3897,-92.341703,0.050000
3898,-113.946338,0.050000
3899,-114.676143,0.050000
3900,-119.290087,0.050000
3901,-132.147074,0.050000
3902,-109.407245,0.050000
3903,-130.893462,0.050000
3904,-117.371242,0.050000
3905,-125.312964,0.050000
3906,-112.506548,0.050000
3907,-112.981752,0.050000
3908,-122.333970,0.050000
3909,-108.685416,0.050000
3910,-125.891162,0.050000
3911,-130.394504,0.050000
3912,-120.528427,0.050000
3913,-114.572490,0.050000
3914,-137.144695,0.050000
3915,-111.450068,0.050000
3916,-121.436825,0.050000
3917,-123.725956,0.050000
3918,-113.649848,0.050000
3919,-113.830802,0.050000
3920,-91.468120,0.050000
3921,-114.878865,0.050000
3922,-109.630931,0.050000
3923,-125.784229,0.050000
3924,-88.288394,0.050000
3925,-81.179679,0.050000
3926,-98.252180,0.050000
3927,-57.944900,0.050000
3928,-89.707083,0.050000
3929,-89.275819,0.050000
3930,-93.561774,0.050000
3931,-112.385356,0.050000
3932,-73.470124,0.050000
3933,-51.374683,0.050000
3934,-96.831365,0.050000
3935,-108.086030,0.050000
3936,-109.415832,0.050000
3937,-58.132212,0.050000
3938,-67.102314,0.050000
3939,-58.264474,0.050000
3940,-79.120366,0.050000
3941,-90.052114,0.050000
3942,-59.475991,0.050000
3943,-85.146588,0.050000
3944,-67.622984,0.050000
3945,-71.497050,0.050000
3946,-84.673576,0.050000
3947,-73.882227,0.050000
3948,-95.161562,0.050000
3949,-62.893978,0.050000
3950,-82.434502,0.050000
3951,-79.116783,0.050000
3952,-83.924972,0.050000
3953,-82.567103,0.050000
3954,-64.965162,0.050000
3955,-57.328468,0.050000
3956,-79.867095,0.050000
3957,-68.985682,0.050000
3958,-76.826076,0.050000
3959,-96.837384,0.050000
3960,-40.347788,0.050000
3961,-82.246886,0.050000
3962,-43.139123,0.050000
3963,-57.442249,0.050000
3964,-101.551345,0.050000
3965,-95.149633,0.050000
3966,-77.725816,0.050000
3967,-50.757089,0.050000
3968,-87.324464,0.050000
3969,-108.284929,0.050000
3970,-78.638345,0.050000
3971,-63.755843,0.050000
3972,-97.854892,0.050000
3973,-77.506945,0.050000
3974,-92.772078,0.050000
3975,-73.662824,0.050000
3976,-62.269259,0.050000
3977,-43.788541,0.050000
3978,-58.632305,0.050000
3979,-62.973764,0.050000
3980,-36.806622,0.050000
3981,-48.814833,0.050000
3982,-62.623692,0.050000
3983,-37.362976,0.050000
3984,-46.273799,0.050000
3985,-73.965732,0.050000
3986,-45.811782,0.050000
3987,-50.622055,0.050000
3988,-78.962569,0.050000
3989,-118.707330,0.050000
3990,-68.494529,0.050000
3991,-63.340608,0.050000
3992,-44.878291,0.050000
3993,-73.985525,0.050000
3994,-49.300438,0.050000
3995,-60.887058,0.050000
3996,-105.222273,0.050000
3997,-55.650469,0.050000
3998,-90.649018,0.050000
3999,-36.946289,0.050000
4000,-86.931255,0.050000
4001,-41.322792,0.050000
4002,-93.002856,0.050000
4003,-114.464032,0.050000
4004,-77.521372,0.050000
4005,-36.522896,0.050000
4006,-90.937704,0.050000
4007,-49.043628,0.050000
4008,-79.663335,0.050000
4009,-67.384879,0.050000
4010,-60.164344,0.050000
4011,-69.824037,0.050000
4012,-68.721242,0.050000
4013,-67.745314,0.050000
4014,-58.948530,0.050000
4015,-36.426497,0.050000
4016,-55.748257,0.050000
4017,-48.172846,0.050000
4018,-28.505010,0.050000
4019,-27.973205,0.050000
4020,-51.519678,0.050000
4021,-67.937684,0.050000
4022,-44.705566,0.050000
4023,-22.201148,0.050000
4024,-29.309041,0.050000
4025,-60.599030,0.050000
4026,-25.194979,0.050000
4027,-49.967288,0.050000
4028,-56.106697,0.050000
4029,-47.483952,0.050000
4030,-47.023414,0.050000
4031,-20.835398,0.050000
4032,-47.915804,0.050000
4033,-45.084721,0.050000
4034,-47.213837,0.050000
4035,-62.465874,0.050000
4036,-45.902471,0.050000
4037,-62.698466,0.050000
4038,-45.411208,0.050000
4039,-41.157557,0.050000
4040,-38.961506,0.050000
4041,-60.143504,0.050000
4042,-52.302276,0.050000
4043,-59.692769,0.050000
4044,-56.464203,0.050000
4045,-54.649072,0.050000
4046,-32.745381,0.050000
4047,-50.809213,0.050000
4048,-55.375325,0.050000
4049,-38.281833,0.050000
4050,-33.698812,0.050000
4051,-42.627607,0.050000
4052,-63.361526,0.050000
4053,-44.577895,0.050000
4054,-33.907470,0.050000
4055,-23.263378,0.050000
4056,-46.511312,0.050000
4057,-55.839784,0.050000
4058,-85.345591,0.050000
4059,-56.894767,0.050000
4060,-31.533713,0.050000
4061,-47.629896,0.050000
4062,-61.512759,0.050000
4063,-26.356480,0.050000
4064,-30.265080,0.050000
4065,-65.759364,0.050000
4066,-50.829629,0.050000
4067,-44.925138,0.050000
4068,-41.954939,0.050000
4069,-70.728811,0.050000
4070,-17.337919,0.050000
4071,-62.767592,0.050000
4072,-23.567423,0.050000
4073,-38.590697,0.050000
4074,-49.875293,0.050000
4075,-91.059553,0.050000
4076,-35.552954,0.050000
4077,-30.415398,0.050000
4078,-30.115045,0.050000
4079,-40.898851,0.050000
4080,-48.620368,0.050000
4081,-54.496130,0.050000
4082,-22.727303,0.050000
4083,-29.935429,0.050000
4084,-13.312579,0.050000
4085,-40.025963,0.050000
4086,-21.950912,0.050000
4087,-42.877484,0.050000
4088,-31.628427,0.050000
4089,-27.680885,0.050000
4090,-31.456323,0.050000
4091,-28.158334,0.050000
4092,-30.159232,0.050000
4093,-28.044395,0.050000
4094,-48.965134,0.050000
4095,-33.490460,0.050000
4096,-28.280914,0.050000
4097,-48.599862,0.050000
4098,-39.661224,0.050000
4099,-38.223511,0.050000
4100,-46.680365,0.050000
4101,-50.078579,0.050000
4102,-36.469123,0.050000
4103,-42.013080,0.050000
4104,-44.479496,0.050000
4105,-19.809187,0.050000
4106,-37.874867,0.050000
4107,-31.470258,0.050000
4108,-41.363382,0.050000
4109,-35.079172,0.050000
4110,-19.775319,0.050000
4111,-15.112388,0.050000
4112,-59.039538,0.050000
4113,-54.100126,0.050000
4114,-29.759691,0.050000
4115,-26.700234,0.050000
4116,-32.566801,0.050000
4117,-32.290337,0.050000
4118,-26.314922,0.050000
4119,-32.801691,0.050000
4120,-45.699247,0.050000
4121,-31.722707,0.050000
4122,-28.776517,0.050000
4123,-42.094908,0.050000
4124,-29.581940,0.050000
4125,-43.937204,0.050000
4126,-26.676558,0.050000
4127,-29.433046,0.050000
4128,-22.836989,0.050000
4129,-28.546726,0.050000
4130,-20.208930,0.050000
4131,-23.959193,0.050000
4132,-44.254480,0.050000
4133,-30.389144,0.050000
4134,-43.405442,0.050000
4135,-21.973190,0.050000
4136,-14.558422,0.050000
4137,-29.437683,0.050000
4138,-91.448794,0.050000
4139,-33.822203,0.050000
4140,-54.572483,0.050000
4141,-12.792055,0.050000
4142,-19.178863,0.050000
4143,-25.990946,0.050000
4144,-39.276620,0.050000
4145,-45.922514,0.050000
4146,-31.824007,0.050000
4147,-10.734796,0.050000
4148,-11.675147,0.050000
4149,-46.938647,0.050000
4150,-31.039424,0.050000
4151,-34.556795,0.050000
4152,-26.512283,0.050000
4153,-18.592517,0.050000
4154,-32.034292,0.050000
4155,-30.446838,0.050000
4156,-16.098058,0.050000
4157,-20.662615,0.050000
4158,-28.926080,0.050000
4159,-28.142828,0.050000
4160,-31.145300,0.050000
4161,-31.758343,0.050000
4162,-59.201193,0.050000
4163,-35.640581,0.050000
4164,-45.790936,0.050000
4165,-46.815020,0.050000
4166,-29.010639,0.050000
4167,-27.384199,0.050000
4168,-20.624210,0.050000
4169,-39.927914,0.050000
4170,-46.256689,0.050000
4171,-27.729636,0.050000
4172,-18.454257,0.050000
4173,-22.330637,0.050000
4174,-52.352955,0.050000
4175,-30.621266,0.050000
4176,-27.594168,0.050000
4177,-10.685284,0.050000
4178,-32.878175,0.050000
4179,-26.697429,0.050000
4180,-23.147733,0.050000
4181,-33.053218,0.050000
4182,-24.424183,0.050000
4183,-27.640711,0.050000
4184,-12.482150,0.050000
4185,-35.520467,0.050000
4186,-25.503277,0.050000
4187,-12.936083,0.050000
4188,-30.720834,0.050000
4189,-20.889288,0.050000
4190,-24.740821,0.050000
4191,-32.065322,0.050000
4192,-25.959613,0.050000
4193,-19.365770,0.050000
4194,-20.818193,0.050000
4195,-25.732791,0.050000
4196,-26.486256,0.050000
4197,-21.736903,0.050000
4198,-24.544768,0.050000
4199,-29.812254,0.050000
4200,-27.352939,0.050000
4201,-45.306331,0.050000
4202,-18.262206,0.050000
4203,-10.010037,0.050000
4204,-24.234910,0.050000
4205,-35.286068,0.050000
4206,-37.248299,0.050000
4207,-33.129535,0.050000
4208,-29.901431,0.050000
4209,-21.855999,0.050000
4210,-30.334133,0.050000
4211,-20.120919,0.050000
4212,-25.391076,0.050000
4213,-22.610882,0.050000
4214,-24.854710,0.050000
4215,-33.151807,0.050000
4216,-8.188085,0.050000
4217,-24.426533,0.050000
4218,-31.453080,0.050000
4219,-35.784072,0.050000
4220,-53.407878,0.050000
4221,-49.653299,0.050000
4222,-29.378633,0.050000
4223,-28.117508,0.050000
4224,-32.443595,0.050000
4225,-19.061233,0.050000
4226,-25.973038,0.050000
4227,-26.263617,0.050000
4228,-38.652348,0.050000
4229,-39.268699,0.050000
4230,-32.235047,0.050000
4231,-35.492523,0.050000
4232,-15.962200,0.050000
4233,-45.919879,0.050000
4234,-57.005433,0.050000
4235,-32.556293,0.050000
4236,-43.687504,0.050000
4237,-34.392986,0.050000
4238,-58.163372,0.050000
4239,-25.564814,0.050000
4240,-53.310870,0.050000
4241,-70.019376,0.050000
4242,-35.322123,0.050000
4243,-51.528316,0.050000
4244,-35.606056,0.050000
4245,-11.337962,0.050000
4246,-49.664367,0.050000
4247,-49.945211,0.050000
4248,-67.070601,0.050000
4249,-16.779718,0.050000
4250,-47.487713,0.050000
4251,-57.906749,0.050000
4252,-39.376924,0.050000
4253,-69.137005,0.050000
4254,-75.699785,0.050000
4255,-34.585142,0.050000
4256,-44.788305,0.050000
4257,-47.445666,0.050000
4258,-21.761338,0.050000
4259,-62.974321,0.050000
4260,-45.427205,0.050000
4261,-32.477624,0.050000
4262,-90.417349,0.050000
4263,-62.072236,0.050000
4264,-82.440441,0.050000
4265,-78.269662,0.050000
4266,-66.048953,0.050000
4267,-43.716489,0.050000
4268,-89.040688,0.050000
4269,-54.143557,0.050000
4270,-64.183185,0.050000
4271,-68.453972,0.050000
4272,-53.523599,0.050000
4273,-58.153931,0.050000
4274,-62.165784,0.050000
4275,-66.225509,0.050000
4276,-67.838687,0.050000
4277,-55.392125,0.050000
4278,-67.752283,0.050000
4279,-51.482418,0.050000
4280,-52.849292,0.050000
4281,-33.471406,0.050000
4282,-58.273824,0.050000
4283,-51.680040,0.050000
4284,-40.332536,0.050000
4285,-48.215858,0.050000
4286,-54.741021,0.050000
4287,-62.480136,0.050000
4288,-61.762591,0.050000
4289,-83.363876,0.050000
4290,-45.171549,0.050000
4291,-67.133697,0.050000
4292,-59.467951,0.050000
4293,-74.690294,0.050000
4294,-55.610598,0.050000
4295,-47.299757,0.050000
4296,-79.166205,0.050000
4297,-65.684416,0.050000
4298,-69.513719,0.050000
4299,-59.146103,0.050000
4300,-47.773647,0.050000
4301,-50.998772,0.050000
4302,-70.315927,0.050000
4303,-37.534701,0.050000
4304,-53.081882,0.050000
4305,-28.344893,0.050000
4306,-20.220686,0.050000
4307,-67.593972,0.050000
4308,-27.287176,0.050000
4309,-47.101446,0.050000
4310,-57.241148,0.050000
4311,-68.540793,0.050000
4312,-62.663519,0.050000
4313,-38.647872,0.050000
4314,-47.454493,0.050000
4315,-69.112546,0.050000
4316,-60.156663,0.050000
4317,-26.140090,0.050000
4318,-43.342610,0.050000
4319,-43.639093,0.050000
4320,-70.561500,0.050000
4321,-55.832658,0.050000
4322,-48.282178,0.050000
4323,-30.509494,0.050000
4324,-36.522362,0.050000
4325,-58.492937,0.050000
4326,-35.732198,0.050000
4327,-28.549775,0.050000
4328,-36.765783,0.050000
4329,-36.986084,0.050000
4330,-47.292991,0.050000
4331,-12.041412,0.050000
4332,-25.805637,0.050000
4333,-36.744572,0.050000
4334,-40.066369,0.050000
4335,-33.164866,0.050000
4336,-30.464527,0.050000
4337,-11.716101,0.050000
4338,-63.799906,0.050000
4339,-43.126519,0.050000
4340,-45.471250,0.050000
4341,-33.736013,0.050000
4342,-26.163228,0.050000
4343,-40.363156,0.050000
4344,-66.325529,0.050000
4345,-30.826581,0.050000
4346,-51.079622,0.050000
4347,-23.486798,0.050000
4348,-44.873917,0.050000
4349,-32.111676,0.050000
4350,-22.772174,0.050000
4351,-53.042183,0.050000
4352,-43.656780,0.050000
4353,-37.640019,0.050000
4354,-38.843419,0.050000
4355,-35.779833,0.050000
4356,-44.765613,0.050000
4357,-39.445410,0.050000
4358,-48.967778,0.050000
4359,-34.305118,0.050000
4360,-54.775552,0.050000
4361,-54.710483,0.050000
4362,-51.377658,0.050000
4363,-47.739014,0.050000
4364,-41.947905,0.050000
4365,-43.568104,0.050000
4366,-43.047318,0.050000
4367,-56.769876,0.050000
4368,-54.232056,0.050000
4369,-40.594541,0.050000
4370,-25.615067,0.050000
4371,-27.609912,0.050000
4372,-42.875949,0.050000
4373,-28.572213,0.050000
4374,-71.933781,0.050000
4375,-58.290722,0.050000
4376,-51.197731,0.050000
4377,-34.641850,0.050000
4378,-42.035090,0.050000
4379,-38.498010,0.050000
4380,-32.536060,0.050000
4381,-43.925647,0.050000
4382,-46.585110,0.050000
4383,-53.040307,0.050000
4384,-48.727638,0.050000
4385,-53.639987,0.050000
4386,-60.864880,0.050000
4387,-36.599672,0.050000
4388,-64.344071,0.050000
4389,-45.626995,0.050000
4390,-43.492762,0.050000
4391,-39.279431,0.050000
4392,-49.561817,0.050000
4393,-49.081980,0.050000
4394,-46.210571,0.050000
4395,-47.993575,0.050000
4396,-61.411496,0.050000
4397,-47.006659,0.050000
4398,-67.242955,0.050000
4399,-38.640270,0.050000
4400,-53.634414,0.050000
4401,-53.742462,0.050000
4402,-65.210178,0.050000
4403,-45.061286,0.050000
4404,-48.965920,0.050000
4405,-31.500866,0.050000
4406,-42.623459,0.050000
4407,-42.522013,0.050000
4408,-35.982214,0.050000
4409,-51.471735,0.050000
4410,-53.700972,0.050000
4411,-47.147141,0.050000
4412,-52.949077,0.050000
4413,-43.219798,0.050000
4414,-59.483700,0.050000
4415,-54.896452,0.050000
4416,-58.288444,0.050000
4417,-58.576891,0.050000
4418,-44.629363,0.050000
4419,-60.631050,0.050000
4420,-48.005470,0.050000
4421,-44.056760,0.050000
4422,-51.672185,0.050000
4423,-82.202440,0.050000
4424,-65.527629,0.050000
4425,-39.588280,0.050000
4426,-52.806255,0.050000
4427,-43.103413,0.050000
4428,-62.908977,0.050000
4429,-44.183722,0.050000
4430,-34.705008,0.050000
4431,-61.078433,0.050000
4432,-39.112438,0.050000
4433,-63.884869,0.050000
4434,-48.236377,0.050000
4435,-62.040376,0.050000
4436,-47.000859,0.050000
4437,-52.868427,0.050000
4438,-28.682678,0.050000
4439,-18.332604,0.050000
4440,-44.008363,0.050000
4441,-28.021137,0.050000
4442,-49.685900,0.050000
4443,-37.378187,0.050000
4444,-32.060992,0.050000
4445,-27.971685,0.050000
4446,-57.365327,0.050000
4447,-82.809474,0.050000
4448,-41.898297,0.050000
4449,-51.727495,0.050000
4450,-22.194603,0.050000
4451,-64.762084,0.050000
4452,-10.508453,0.050000
4453,-75.430866,0.050000
4454,-30.899271,0.050000
4455,-44.568221,0.050000
4456,-23.071862,0.050000
4457,-51.629769,0.050000
4458,-9.256749,0.050000
4459,-63.155007,0.050000
4460,-48.987501,0.050000
4461,-21.484065,0.050000
4462,-51.183830,0.050000
4463,-30.539769,0.050000
4464,-4.444965,0.050000
4465,-33.132143,0.050000
4466,-25.283457,0.050000
4467,-29.339257,0.050000
4468,-39.105381,0.050000
4469,-100.961036,0.050000
4470,-41.782055,0.050000
4471,-40.853255,0.050000
4472,-34.484368,0.050000
4473,-30.318882,0.050000
4474,-6.418822,0.050000
4475,-20.179617,0.050000
4476,-80.744948,0.050000
4477,-26.209051,0.050000
4478,-30.669015,0.050000
4479,-58.306733,0.050000
4480,-11.731074,0.050000
4481,-37.943123,0.050000
4482,-10.502187,0.050000
4483,-56.563700,0.050000
4484,-8.469770,0.050000
4485,-11.171832,0.050000
4486,-28.706261,0.050000
4487,-8.834231,0.050000
4488,-41.179661,0.050000
4489,-39.893939,0.050000
4490,-19.115720,0.050000
4491,-12.251875,0.050000
4492,-54.706758,0.050000
4493,-38.951451,0.050000
4494,-69.382520,0.050000
4495,-42.034277,0.050000
4496,-39.573017,0.050000
4497,-30.511125,0.050000
4498,-24.025739,0.050000
4499,-23.716340,0.050000
4500,-48.598136,0.050000
4501,-28.089867,0.050000
4502,-21.256050,0.050000
4503,-20.523593,0.050000
4504,-31.795761,0.050000
4505,-15.560246,0.050000
4506,-38.206688,0.050000
4507,-35.330144,0.050000
4508,-26.769399,0.050000
4509,-41.876005,0.050000
4510,-27.277287,0.050000
4511,-5.930956,0.050000
4512,-14.365668,0.050000
4513,-27.404694,0.050000
4514,-48.869846,0.050000
4515,-29.363631,0.050000
4516,-11.750968,0.050000
4517,-24.867654,0.050000
4518,-41.271575,0.050000
4519,-25.763257,0.050000
4520,-23.039459,0.050000
4521,-25.407571,0.050000
4522,-46.282373,0.050000
4523,-34.554417,0.050000
4524,-28.024128,0.050000
4525,-18.779623,0.050000
4526,-28.394796,0.050000
4527,-27.311226,0.050000
4528,-42.857632,0.050000
4529,-32.684860,0.050000
4530,-54.766963,0.050000
4531,-33.084421,0.050000
4532,-58.026321,0.050000
4533,-68.030355,0.050000
4534,-78.066769,0.050000
4535,-68.077417,0.050000
4536,-36.303316,0.050000
4537,-25.246556,0.050000
4538,-21.844235,0.050000
4539,-33.241715,0.050000
4540,-7.496339,0.050000
4541,-15.764168,0.050000
4542,-42.812623,0.050000
4543,-48.902604,0.050000
4544,-1.642362,0.050000
4545,-13.355637,0.050000
4546,-17.817982,0.050000
4547,-36.538382,0.050000
4548,-24.362442,0.050000
4549,-43.186868,0.050000
4550,-35.835093,0.050000
4551,-9.186340,0.050000
4552,-10.862287,0.050000
4553,-19.771344,0.050000
4554,-13.265769,0.050000
4555,-26.187735,0.050000
4556,-48.779028,0.050000
4557,-23.928168,0.050000
4558,-44.520874,0.050000
4559,-59.625529,0.050000
4560,-28.442171,0.050000
4561,-17.209381,0.050000
4562,-9.183944,0.050000
4563,-15.636624,0.050000
4564,-11.694915,0.050000
4565,-29.662610,0.050000
4566,-7.271685,0.050000
4567,-10.539440,0.050000
4568,-18.447786,0.050000
4569,-8.572832,0.050000
4570,-27.119762,0.050000
4571,-15.330035,0.050000
4572,-6.856527,0.050000
4573,-8.549736,0.050000
4574,-14.430422,0.050000
4575,-23.882252,0.050000
4576,-13.927522,0.050000
4577,-7.740952,0.050000
4578,-13.451682,0.050000
4579,-40.254848,0.050000
4580,-16.113744,0.050000
4581,-20.556587,0.050000
4582,-23.948857,0.050000
4583,-58.932928,0.050000
4584,-16.961315,0.050000
4585,-9.830953,0.050000
4586,-22.657591,0.050000
4587,-46.846167,0.050000
4588,-19.102857,0.050000
4589,-56.992456,0.050000
4590,-29.906549,0.050000
4591,-38.681898,0.050000
4592,-33.646415,0.050000
4593,-29.607264,0.050000
4594,-17.016878,0.050000
4595,-14.697127,0.050000
4596,-23.634847,0.050000
4597,-32.178718,0.050000
4598,-4.469390,0.050000
4599,-20.883456,0.050000
4600,-42.982641,0.050000
4601,-40.274155,0.050000
4602,-12.170499,0.050000
4603,-14.309394,0.050000
4604,-51.688752,0.050000
4605,-23.052382,0.050000
4606,-18.052540,0.050000
4607,-50.554665,0.050000
4608,-38.342873,0.050000
4609,-21.795908,0.050000
4610,-33.181010,0.050000
4611,-39.634725,0.050000
4612,-19.092898,0.050000
4613,-23.988836,0.050000
4614,-16.078705,0.050000
4615,-25.746368,0.050000
4616,-26.120145,0.050000
4617,-42.518944,0.050000
4618,-28.147549,0.050000
4619,-26.693076,0.050000
4620,-29.370689,0.050000
4621,-46.182320,0.050000
4622,-28.470550,0.050000
4623,-10.324403,0.050000
4624,-59.322786,0.050000
4625,-20.754469,0.050000
4626,-43.168242,0.050000
4627,-33.236867,0.050000
4628,-24.462327,0.050000
4629,-46.758282,0.050000
4630,-39.648700,0.050000
4631,-17.451112,0.050000
4632,-14.818027,0.050000
4633,-16.210302,0.050000
4634,-24.918877,0.050000
4635,-44.919388,0.050000
4636,-22.627254,0.050000
4637,-42.469553,0.050000
4638,-58.000569,0.050000
4639,-20.820964,0.050000
4640,-45.415069,0.050000
4641,-17.829459,0.050000
4642,-23.464434,0.050000
4643,-24.295369,0.050000
4644,-47.529352,0.050000
4645,-28.631956,0.050000
4646,-56.559549,0.050000
4647,-30.782522,0.050000
4648,-42.139590,0.050000
4649,-26.736916,0.050000
4650,-39.450751,0.050000
4651,-32.681712,0.050000
4652,-27.497528,0.050000
4653,-25.974995,0.050000
4654,-19.907823,0.050000
4655,-10.060334,0.050000
4656,-31.066231,0.050000
4657,-19.425263,0.050000
4658,-22.729304,0.050000
4659,-21.402209,0.050000
4660,-20.370685,0.050000
4661,-23.739773,0.050000
4662,-12.408307,0.050000
4663,-17.016481,0.050000
4664,-31.984997,0.050000
4665,-26.609560,0.050000
4666,-34.963373,0.050000
4667,-7.170984,0.050000
4668,-3.377779,0.050000
4669,-19.911912,0.050000
4670,-18.912518,0.050000
4671,-13.772390,0.050000
4672,-26.598203,0.050000
4673,-12.266388,0.050000
4674,-39.555460,0.050000
4675,-33.767988,0.050000
4676,-15.003950,0.050000
4677,-24.073722,0.050000
4678,-37.535689,0.050000
4679,-24.048703,0.050000
4680,-30.477235,0.050000
4681,-25.649370,0.050000
4682,-45.824603,0.050000
4683,-34.701938,0.050000
4684,-48.263681,0.050000
4685,-10.844680,0.050000
4686,-23.420749,0.050000
4687,-23.496057,0.050000
4688,-34.210051,0.050000
4689,-19.749172,0.050000
4690,-60.803658,0.050000
4691,-58.335064,0.050000
4692,-9.717669,0.050000
4693,-26.287497,0.050000
4694,-4.271916,0.050000
4695,-14.291364,0.050000
4696,-47.537749,0.050000
4697,-38.393760,0.050000
4698,-26.642965,0.050000
4699,-16.837963,0.050000
4700,-21.857568,0.050000
4701,-36.331759,0.050000
4702,-21.532936,0.050000
4703,-24.209277,0.050000
4704,-26.326702,0.050000
4705,-37.575492,0.050000
4706,-64.085286,0.050000
4707,-4.511903,0.050000
4708,-11.304546,0.050000
4709,-37.939885,0.050000
4710,-26.345761,0.050000
4711,-29.440472,0.050000
4712,-24.014631,0.050000
4713,-20.936205,0.050000
4714,-8.410230,0.050000
4715,-32.022381,0.050000
4716,-24.687628,0.050000
4717,-21.923190,0.050000
4718,-17.453544,0.050000
4719,-23.229435,0.050000
4720,-37.320304,0.050000
4721,-22.601399,0.050000
4722,-19.320466,0.050000
4723,-9.182323,0.050000
4724,-24.297621,0.050000
4725,-32.598589,0.050000
4726,-29.817123,0.050000
4727,-28.097021,0.050000
4728,-31.316865,0.050000
4729,-76.720250,0.050000
4730,-25.507947,0.050000
4731,-36.219211,0.050000
4732,-29.798203,0.050000
4733,-68.774894,0.050000
4734,-48.716114,0.050000
4735,-33.962519,0.050000
4736,-53.007288,0.050000
4737,-29.689606,0.050000
4738,-47.388825,0.050000
4739,-10.346901,0.050000
4740,-46.945092,0.050000
4741,-40.402532,0.050000
4742,-23.117372,0.050000
4743,-20.032268,0.050000
4744,-38.903896,0.050000
4745,-24.977962,0.050000
4746,-18.037963,0.050000
4747,-25.142550,0.050000
4748,-70.723040,0.050000
4749,-26.577555,0.050000
4750,-23.935977,0.050000
4751,-18.994478,0.050000
4752,-50.735976,0.050000
4753,-16.785577,0.050000
4754,-29.114723,0.050000
4755,-39.314490,0.050000
4756,-12.396289,0.050000
4757,-13.745939,0.050000
4758,-23.383594,0.050000
4759,-10.218566,0.050000
4760,-13.266434,0.050000
4761,-56.984424,0.050000
4762,-15.088635,0.050000
4763,-24.864064,0.050000
4764,-16.908068,0.050000
4765,-20.581993,0.050000
4766,-22.068004,0.050000
4767,-27.398933,0.050000
4768,-60.795977,0.050000
4769,-15.938941,0.050000
4770,-22.927201,0.050000
4771,-17.243713,0.050000
4772,-24.405772,0.050000
4773,-29.201187,0.050000
4774,-34.882006,0.050000
4775,-27.608022,0.050000
4776,-8.815651,0.050000
4777,-38.058469,0.050000
4778,-38.437552,0.050000
4779,-21.487274,0.050000
4780,-43.153563,0.050000
4781,-39.592403,0.050000
4782,-21.777198,0.050000
4783,-19.223851,0.050000
4784,-23.384479,0.050000
4785,-34.983256,0.050000
4786,-36.855152,0.050000
4787,-16.119588,0.050000
4788,-37.334051,0.050000
4789,-28.479084,0.050000
4790,-23.058011,0.050000
4791,-34.280435,0.050000
4792,-21.445095,0.050000
4793,-16.060667,0.050000
4794,-15.373613,0.050000
4795,-23.244988,0.050000
4796,-23.076312,0.050000
4797,-38.647107,0.050000
4798,-34.395481,0.050000
4799,-32.809521,0.050000
4800,-26.715772,0.050000
4801,-27.359763,0.050000
4802,-58.424617,0.050000
4803,-23.813052,0.050000
4804,-15.340128,0.050000
4805,-18.818417,0.050000
4806,-32.922150,0.050000
4807,-22.606039,0.050000
4808,-28.041557,0.050000
4809,-84.924159,0.050000
4810,-48.471383,0.050000
4811,-54.249279,0.050000
4812,-37.366859,0.050000
4813,-26.414280,0.050000
4814,-30.614885,0.050000
4815,-42.003973,0.050000
4816,-22.598365,0.050000
4817,-36.359833,0.050000
4818,-69.591436,0.050000
4819,-65.189335,0.050000
4820,-24.422508,0.050000
4821,-6.980887,0.050000
4822,-56.472480,0.050000
4823,-39.472719,0.050000
4824,-15.501582,0.050000
4825,-21.007222,0.050000
4826,-48.549544,0.050000
4827,-40.795621,0.050000
4828,-49.708562,0.050000
4829,-23.325714,0.050000
4830,-48.789910,0.050000
4831,-49.542311,0.050000
4832,-29.096734,0.050000
4833,-45.488737,0.050000
4834,-32.520677,0.050000
4835,-42.788848,0.050000
4836,-61.060876,0.050000
4837,-68.568529,0.050000
4838,-42.250044,0.050000
4839,-49.390021,0.050000
4840,-46.246924,0.050000
4841,-19.315470,0.050000
4842,-47.352413,0.050000
4843,-59.262644,0.050000
4844,-28.167885,0.050000
4845,-25.063956,0.050000
4846,-32.922255,0.050000
4847,-13.969075,0.050000
4848,-19.999395,0.050000
4849,-6.967875,0.050000
4850,-20.897135,0.050000
4851,-36.520005,0.050000
4852,-36.944917,0.050000
4853,-20.751025,0.050000
4854,-16.710228,0.050000
4855,-15.220164,0.050000
4856,-1.265482,0.050000
4857,-11.633516,0.050000
4858,-34.258322,0.050000
4859,-42.393061,0.050000
4860,-16.351918,0.050000
4861,-26.634796,0.050000
4862,-10.563977,0.050000
4863,-43.853419,0.050000
4864,-52.278093,0.050000
4865,-68.438762,0.050000
4866,-50.820833,0.050000
4867,-59.923070,0.050000
4868,-28.898146,0.050000
4869,-58.112466,0.050000
4870,-24.819393,0.050000
4871,-74.484121,0.050000
4872,-54.353663,0.050000
4873,-24.279945,0.050000
4874,-30.132170,0.050000
4875,-10.192612,0.050000
4876,-71.304537,0.050000
4877,-21.192821,0.050000
4878,-11.498401,0.050000
4879,-32.351215,0.050000
4880,-47.004942,0.050000
4881,-10.442393,0.050000
4882,-64.025747,0.050000
4883,-26.448152,0.050000
4884,-32.631710,0.050000
4885,-33.755577,0.050000
4886,-55.342191,0.050000
4887,-32.465775,0.050000
4888,-17.665695,0.050000
4889,-23.607889,0.050000
4890,-67.599728,0.050000
4891,-25.109327,0.050000
4892,-44.793990,0.050000
4893,-23.676870,0.050000
4894,-26.649685,0.050000
4895,-39.394093,0.050000
4896,-18.494780,0.050000
4897,-42.591660,0.050000
4898,-34.236128,0.050000
4899,-57.366707,0.050000
4900,-43.684791,0.050000
4901,-57.539190,0.050000
4902,-35.694648,0.050000
4903,-20.880901,0.050000
4904,-37.736275,0.050000
4905,-24.848637,0.050000
4906,-36.569272,0.050000
4907,-24.692884,0.050000
4908,-32.666171,0.050000
4909,-69.862529,0.050000
4910,-12.733298,0.050000
4911,-20.650477,0.050000
4912,-19.724138,0.050000
4913,-38.351178,0.050000
4914,-29.177433,0.050000
4915,-13.212260,0.050000
4916,-19.785936,0.050000
4917,-41.966725,0.050000
4918,-30.541734,0.050000
4919,-38.019224,0.050000
4920,-33.541366,0.050000
4921,-38.432087,0.050000
4922,-46.402485,0.050000
4923,-33.481138,0.050000
4924,-42.489919,0.050000
4925,-57.982330,0.050000
4926,-61.778168,0.050000
4927,-53.680134,0.050000
4928,-75.491448,0.050000
4929,-68.773098,0.050000
4930,-52.886858,0.050000
4931,-46.511287,0.050000
4932,-87.164130,0.050000
4933,-57.466237,0.050000
4934,-39.517400,0.050000
4935,-74.107816,0.050000
4936,-77.509241,0.050000
4937,-67.002790,0.050000
4938,-38.872158,0.050000
4939,-48.898729,0.050000
4940,-101.615135,0.050000
4941,-42.178627,0.050000
4942,-65.944273,0.050000
4943,-82.189797,0.050000
4944,-67.516896,0.050000
4945,-64.879036,0.050000
4946,-47.999864,0.050000
4947,-95.057865,0.050000
4948,-89.005820,0.050000
4949,-53.531193,0.050000
4950,-70.260737,0.050000
4951,-93.426004,0.050000
4952,-34.219123,0.050000
4953,-25.754779,0.050000
4954,-40.521245,0.050000
4955,-36.920345,0.050000
4956,-40.058022,0.050000
4957,-48.955646,0.050000
4958,-15.219800,0.050000
4959,-37.448481,0.050000
4960,-68.301428,0.050000
4961,-30.383943,0.050000
4962,-69.011326,0.050000
4963,-42.961924,0.050000
4964,-59.737391,0.050000
4965,-45.369190,0.050000
4966,-42.478247,0.050000
4967,-48.977082,0.050000
4968,-65.411642,0.050000
4969,-68.016754,0.050000
4970,-70.533682,0.050000
4971,-58.724620,0.050000
4972,-34.414485,0.050000
4973,-78.487023,0.050000
4974,-56.468524,0.050000
4975,-27.389764,0.050000
4976,-48.203637,0.050000
4977,-57.471293,0.050000
4978,-50.490495,0.050000
4979,-26.148009,0.050000
4980,-72.134923,0.050000
4981,-38.956414,0.050000
4982,-59.477821,0.050000
4983,-68.134097,0.050000
4984,-32.458791,0.050000
4985,-18.711106,0.050000
4986,-25.287789,0.050000
4987,-24.029304,0.050000
4988,-55.079148,0.050000
4989,-31.765283,0.050000
4990,-27.777889,0.050000
4991,-35.629813,0.050000
4992,-59.621984,0.050000
4993,-59.742516,0.050000
4994,-25.089698,0.050000
4995,-69.998718,0.050000
4996,-48.714939,0.050000
4997,-87.277309,0.050000
4998,-66.452594,0.050000
4999,-36.068421,0.050000
5000,-68.648079,0.050000
5001,-44.506442,0.050000
5002,-82.951311,0.050000
5003,-24.686329,0.050000
5004,-58.743892,0.050000
5005,-46.952388,0.050000
5006,-35.304004,0.050000
5007,-31.634379,0.050000
5008,-77.921680,0.050000
5009,-52.711625,0.050000
5010,-27.759939,0.050000
5011,-36.404500,0.050000
5012,-52.228060,0.050000
5013,-25.542505,0.050000
5014,-57.475701,0.050000
5015,-45.420777,0.050000
5016,-51.812223,0.050000
5017,-54.224595,0.050000
5018,-50.337420,0.050000
5019,-37.176992,0.050000
5020,-22.647438,0.050000
5021,-61.501811,0.050000
5022,-11.999919,0.050000
5023,-50.123343,0.050000
5024,-68.929122,0.050000
5025,-40.743104,0.050000
5026,-23.524510,0.050000
5027,-56.060753,0.050000
5028,-61.380026,0.050000
5029,-33.219639,0.050000
5030,-58.325080,0.050000
5031,-75.392257,0.050000
5032,-82.655114,0.050000
5033,-32.699957,0.050000
5034,-27.598768,0.050000
5035,-72.278710,0.050000
5036,-33.189598,0.050000
5037,-31.874570,0.050000
5038,-61.718940,0.050000
5039,-36.283386,0.050000
5040,-76.734452,0.050000
5041,-56.096091,0.050000
5042,-51.660800,0.050000
5043,-67.691450,0.050000
5044,-57.865700,0.050000
5045,-47.701416,0.050000
5046,-41.218535,0.050000
5047,-50.079467,0.050000
5048,-57.639932,0.050000
5049,-47.172936,0.050000
5050,-64.917371,0.050000
5051,-17.674158,0.050000
5052,-77.378151,0.050000
5053,-43.497454,0.050000
5054,-43.335509,0.050000
5055,-60.959909,0.050000
5056,-33.290828,0.050000
5057,-46.347174,0.050000
5058,-46.834150,0.050000
5059,-16.056742,0.050000
5060,-38.886262,0.050000
5061,-35.930934,0.050000
5062,-24.835716,0.050000
5063,-34.693694,0.050000
5064,-42.228355,0.050000
5065,-39.631279,0.050000
5066,-55.349858,0.050000
5067,-70.194876,0.050000
5068,-42.423632,0.050000
5069,-86.764963,0.050000
5070,-67.669312,0.050000
5071,-80.421060,0.050000
5072,-61.436971,0.050000
5073,-71.849024,0.050000
5074,-43.296407,0.050000
5075,-28.891525,0.050000
5076,-38.241994,0.050000
5077,-28.707890,0.050000
5078,-48.370871,0.050000
5079,-64.042261,0.050000
5080,-47.154113,0.050000
5081,-77.670208,0.050000
5082,-36.689081,0.050000
5083,-44.073104,0.050000
5084,-86.773455,0.050000
5085,-61.926071,0.050000
5086,-76.537322,0.050000
5087,-65.363250,0.050000
5088,-58.970147,0.050000
5089,-48.658908,0.050000
5090,-59.454439,0.050000
5091,-26.659314,0.050000
5092,-50.987636,0.050000
5093,-52.985542,0.050000
5094,-51.745398,0.050000
5095,-37.308454,0.050000
5096,-56.832071,0.050000
5097,-46.720393,0.050000
5098,-27.751729,0.050000
5099,-71.117881,0.050000
5100,-81.295986,0.050000
5101,-33.397312,0.050000
5102,-71.040152,0.050000
5103,-47.159178,0.050000
5104,-21.665730,0.050000
5105,-37.283126,0.050000
5106,-23.687077,0.050000
5107,-31.606448,0.050000
5108,-54.859337,0.050000
5109,-44.273146,0.050000
5110,-41.786418,0.050000
5111,-40.425582,0.050000
5112,-40.803655,0.050000
5113,-44.696657,0.050000
5114,-34.185098,0.050000
5115,-41.695711,0.050000
5116,-49.476961,0.050000
5117,-65.212187,0.050000
5118,-58.513014,0.050000
5119,-62.637180,0.050000
5120,-51.772954,0.050000
5121,-54.551681,0.050000
5122,-56.317929,0.050000
5123,-63.875994,0.050000
5124,-72.892089,0.050000
5125,-52.458162,0.050000
5126,-87.182111,0.050000
5127,-52.588533,0.050000
5128,-45.628002,0.050000
5129,-85.091319,0.050000
5130,-83.711714,0.050000
5131,-40.804525,0.050000
5132,-108.788192,0.050000
5133,-76.935465,0.050000
5134,-59.831788,0.050000
5135,-26.410582,0.050000
5136,-30.611274,0.050000
5137,-26.066814,0.050000
5138,-26.881776,0.050000
5139,-38.157205,0.050000
5140,-38.041102,0.050000
5141,-35.979280,0.050000
5142,-43.683521,0.050000
5143,-33.414836,0.050000
5144,-37.350710,0.050000
5145,-37.489293,0.050000
5146,-43.381574,0.050000
5147,-28.962201,0.050000
5148,-33.485376,0.050000
5149,-23.651295,0.050000
5150,-27.961430,0.050000
5151,-25.209398,0.050000
5152,-29.126587,0.050000
5153,-20.985592,0.050000
5154,-25.477021,0.050000
5155,-20.343136,0.050000
5156,-23.264080,0.050000
5157,-24.051918,0.050000
5158,-29.498623,0.050000
5159,-28.855742,0.050000
5160,-35.692834,0.050000
5161,-28.389243,0.050000
5162,-20.354034,0.050000
5163,-13.691566,0.050000
5164,-23.768672,0.050000
5165,-25.301255,0.050000
5166,-49.214934,0.050000
5167,-30.950190,0.050000
5168,-21.420198,0.050000
5169,-42.360295,0.050000
5170,-30.535872,0.050000
5171,-22.623758,0.050000
5172,-39.653527,0.050000
5173,-18.881605,0.050000
5174,-29.253374,0.050000
5175,-56.650116,0.050000
5176,-47.449156,0.050000
5177,-52.647839,0.050000
5178,-47.818721,0.050000
5179,-60.935372,0.050000
5180,-44.292005,0.050000
5181,-55.272822,0.050000
5182,-30.000618,0.050000
5183,-72.587604,0.050000
5184,-48.160664,0.050000
5185,-22.202002,0.050000
5186,-105.922342,0.050000
5187,-88.460257,0.050000
5188,-69.423156,0.050000
5189,-87.937030,0.050000
5190,-81.657103,0.050000
5191,-67.179838,0.050000
5192,-56.359114,0.050000
5193,-103.742484,0.050000
5194,-92.255707,0.050000
5195,-74.027795,0.050000
5196,-50.037162,0.050000
5197,-44.576237,0.050000
5198,-72.750388,0.050000
5199,-73.307188,0.050000
5200,-48.751264,0.050000
5201,-84.315600,0.050000
5202,-90.314637,0.050000
5203,-95.234716,0.050000
5204,-50.502821,0.050000
5205,-68.529268,0.050000
5206,-67.595974,0.050000
5207,-91.504484,0.050000
5208,-81.191901,0.050000
5209,-104.465469,0.050000
5210,-85.597907,0.050000
5211,-33.889469,0.050000
5212,-53.560232,0.050000
5213,-48.090509,0.050000
5214,-42.935854,0.050000
5215,-82.413378,0.050000
5216,-60.602326,0.050000
5217,-70.437924,0.050000
5218,-30.678253,0.050000
5219,-64.596374,0.050000
5220,-71.115648,0.050000
5221,-101.053989,0.050000
5222,-84.608181,0.050000
5223,-91.692282,0.050000
5224,-101.494784,0.050000
5225,-61.537834,0.050000
5226,-69.113463,0.050000
5227,-63.323862,0.050000
5228,-47.556312,0.050000
5229,-47.361023,0.050000
5230,-46.249758,0.050000
5231,-48.643498,0.050000
5232,-84.124219,0.050000
5233,-56.800059,0.050000
5234,-103.080024,0.050000
5235,-75.570841,0.050000
5236,-99.930913,0.050000
5237,-62.635145,0.050000
5238,-70.011019,0.050000
5239,-57.498427,0.050000
5240,-110.042360,0.050000
5241,-52.828762,0.050000
5242,-38.449359,0.050000
5243,-44.716643,0.050000
5244,-67.739857,0.050000
5245,-46.100996,0.050000
5246,-57.078287,0.050000
5247,-45.806271,0.050000
5248,-31.995032,0.050000
5249,-44.460777,0.050000
5250,-39.089799,0.050000
5251,-29.819578,0.050000
5252,-38.919718,0.050000
5253,-55.156863,0.050000
5254,-36.874838,0.050000
5255,-68.112913,0.050000
5256,-18.950856,0.050000
5257,-61.052227,0.050000
5258,-24.122503,0.050000
5259,-33.775079,0.050000
5260,-59.318457,0.050000
5261,-24.945631,0.050000
5262,-74.191501,0.050000
5263,-42.652779,0.050000
5264,-76.295762,0.050000
5265,-93.368543,0.050000
5266,-58.937360,0.050000
5267,-36.718708,0.050000
5268,-47.841324,0.050000
5269,-59.020825,0.050000
5270,-84.763919,0.050000
5271,-41.078992,0.050000
5272,-35.198377,0.050000
5273,-33.606347,0.050000
5274,-48.840699,0.050000
5275,-35.935946,0.050000
5276,-21.053778,0.050000
5277,-11.557634,0.050000
5278,-29.223414,0.050000
5279,-47.888977,0.050000
5280,-8.856536,0.050000
5281,-15.793523,0.050000
5282,-34.548203,0.050000
5283,-31.513447,0.050000
5284,-27.602258,0.050000
5285,-22.158163,0.050000
5286,-40.906538,0.050000
5287,-42.733610,0.050000
5288,-23.211624,0.050000
5289,-45.111653,0.050000
5290,-37.619329,0.050000
5291,-28.547808,0.050000
5292,-16.435077,0.050000
5293,-32.926959,0.050000
5294,-15.951436,0.050000
5295,-41.994058,0.050000
5296,-30.403384,0.050000
5297,-93.060356,0.050000
5298,-69.315631,0.050000
5299,-52.534261,0.050000
5300,-102.728095,0.050000
5301,-48.874118,0.050000
5302,-57.440970,0.050000
5303,-69.569974,0.050000
5304,-74.737688,0.050000
5305,-63.799113,0.050000
5306,-24.630464,0.050000
5307,-49.627068,0.050000
5308,-15.549130,0.050000
5309,-78.240390,0.050000
5310,-39.715493,0.050000
5311,-52.346346,0.050000
5312,-30.312829,0.050000
5313,-108.397970,0.050000
5314,-35.164697,0.050000
5315,-40.147205,0.050000
5316,-27.106746,0.050000
5317,-43.726321,0.050000
5318,-79.287220,0.050000
5319,-90.072609,0.050000
5320,-39.503331,0.050000
5321,-55.784582,0.050000
5322,-98.237149,0.050000
5323,-37.078228,0.050000
5324,-32.907045,0.050000
5325,-44.450639,0.050000
5326,-64.453937,0.050000
5327,-47.344860,0.050000
5328,-23.609351,0.050000
5329,-59.099651,0.050000
5330,-28.120513,0.050000
5331,-33.033497,0.050000
5332,-10.267780,0.050000
5333,-19.146761,0.050000
5334,-49.982716,0.050000
5335,-33.681393,0.050000
5336,-37.158758,0.050000
5337,-16.767599,0.050000
5338,-46.751462,0.050000
5339,-36.414552,0.050000
5340,-47.672383,0.050000
5341,-37.001991,0.050000
5342,-18.973749,0.050000
5343,-72.053779,0.050000
5344,-12.817418,0.050000
5345,-23.105664,0.050000
5346,-36.335616,0.050000
5347,-14.693319,0.050000
5348,1.033051,0.050000
5349,-10.677608,0.050000
5350,-37.994930,0.050000
5351,-24.020910,0.050000
5352,-8.960849,0.050000
5353,-72.881273,0.050000
5354,-51.107978,0.050000
5355,-99.102181,0.050000
5356,-47.632043,0.050000
5357,-10.103657,0.050000
5358,-35.503096,0.050000
5359,-47.757787,0.050000
5360,-33.421502,0.050000
5361,-44.714574,0.050000
5362,-24.416896,0.050000
5363,-38.430695,0.050000
5364,-43.371498,0.050000
5365,-27.692296,0.050000
5366,-49.768435,0.050000
5367,-42.307678,0.050000
5368,-68.120263,0.050000
5369,-30.760666,0.050000
5370,-14.069185,0.050000
5371,-35.308479,0.050000
5372,-38.490034,0.050000
5373,-23.169963,0.050000
5374,-30.836466,0.050000
5375,-40.603536,0.050000
5376,-57.018012,0.050000
5377,-47.859747,0.050000
5378,-55.034900,0.050000
5379,-45.777408,0.050000
5380,-57.377306,0.050000
5381,-51.519916,0.050000
5382,-15.737305,0.050000
5383,-39.228132,0.050000
5384,-33.937754,0.050000
5385,-21.810342,0.050000
5386,-11.162886,0.050000
5387,-36.771112,0.050000
5388,-25.356226,0.050000
5389,-12.433633,0.050000
5390,-79.941102,0.050000
5391,-34.543501,0.050000
5392,-36.996630,0.050000
5393,-41.651518,0.050000
5394,-42.528006,0.050000
5395,-25.812685,0.050000
5396,-20.200546,0.050000
5397,-93.654985,0.050000
5398,-29.325210,0.050000
5399,-42.620855,0.050000
5400,-58.598482,0.050000
5401,-59.812165,0.050000
5402,-55.960444,0.050000
5403,-54.993801,0.050000
5404,-73.153676,0.050000
5405,-85.999757,0.050000
5406,-31.678686,0.050000
5407,-44.813241,0.050000
5408,-23.304975,0.050000
5409,-57.236045,0.050000
5410,-58.216101,0.050000
5411,-69.671698,0.050000
5412,-35.981934,0.050000
5413,-87.296948,0.050000
5414,-78.380989,0.050000
5415,-37.674655,0.050000
5416,-77.093755,0.050000
5417,-70.394973,0.050000
5418,-29.118957,0.050000
5419,-51.698758,0.050000
5420,-61.844294,0.050000
5421,-22.749205,0.050000
5422,-40.957475,0.050000
5423,-52.432452,0.050000
5424,-25.828590,0.050000
5425,-80.639689,0.050000
5426,-94.045897,0.050000
5427,-68.776803,0.050000
5428,-42.533295,0.050000
5429,-79.231653,0.050000
5430,-45.772918,0.050000
5431,-64.972329,0.050000
5432,-52.349719,0.050000
5433,-77.463414,0.050000
5434,-107.125795,0.050000
5435,-122.171399,0.050000
5436,-82.224027,0.050000
5437,-68.729270,0.050000
5438,-51.776576,0.050000
5439,-75.214329,0.050000
5440,-81.915526,0.050000
5441,-110.385547,0.050000
5442,-82.368307,0.050000
5443,-82.509776,0.050000
5444,-80.601251,0.050000
5445,-101.016122,0.050000
5446,-122.110664,0.050000
5447,-117.719457,0.050000
5448,-48.803490,0.050000
5449,-66.500833,0.050000
5450,-77.559873,0.050000
5451,-51.272250,0.050000
5452,-72.902640,0.050000
5453,-130.452480,0.050000
5454,-100.723818,0.050000
5455,-78.765171,0.050000
5456,-67.623450,0.050000
5457,-83.887985,0.050000
5458,-127.221982,0.050000
5459,-103.894172,0.050000
5460,-88.111749,0.050000
5461,-68.346032,0.050000
5462,-97.923252,0.050000
5463,-78.891821,0.050000
5464,-123.581437,0.050000
5465,-139.171188,0.050000
5466,-42.018008,0.050000
5467,-105.959725,0.050000
5468,-78.096231,0.050000
5469,-129.158920,0.050000
5470,-104.457973,0.050000
5471,-101.691565,0.050000
5472,-46.823836,0.050000
5473,-74.227355,0.050000
5474,-51.018831,0.050000
5475,-54.271477,0.050000
5476,-78.739317,0.050000
5477,-72.174526,0.050000
5478,-80.834082,0.050000
5479,-87.318805,0.050000
5480,-136.930741,0.050000
5481,-54.672158,0.050000
5482,-60.403262,0.050000
5483,-109.860861,0.050000
5484,-122.525748,0.050000
5485,-92.553899,0.050000
5486,-97.974650,0.050000
5487,-128.465083,0.050000
5488,-138.448435,0.050000
5489,-78.361792,0.050000
5490,-50.026909,0.050000
5491,-133.328518,0.050000
5492,-136.694740,0.050000
5493,-150.103131,0.050000
5494,-117.171527,0.050000
5495,-112.944736,0.050000
5496,-66.986239,0.050000
5497,-71.616161,0.050000
5498,-113.632346,0.050000
5499,-63.932914,0.050000
5500,-56.139132,0.050000
5501,-83.752981,0.050000
5502,-84.235691,0.050000
5503,-73.040644,0.050000
5504,-73.525658,0.050000
5505,-64.524532,0.050000
5506,-58.262805,0.050000
5507,-43.971283,0.050000
5508,-77.879964,0.050000
5509,-58.508079,0.050000
5510,-83.415611,0.050000
5511,-36.281746,0.050000
5512,-24.459139,0.050000
5513,-64.113008,0.050000
5514,-16.772281,0.050000
5515,-69.804550,0.050000
5516,-36.337405,0.050000
5517,-60.894804,0.050000
5518,-29.608696,0.050000
5519,-56.742349,0.050000
5520,-64.169787,0.050000
5521,-44.736921,0.050000
5522,-46.798068,0.050000
5523,-69.730959,0.050000
5524,-60.070806,0.050000
5525,-80.703106,0.050000
5526,-54.207482,0.050000
5527,-45.279718,0.050000
5528,-57.864428,0.050000
5529,-71.494212,0.050000
5530,-44.871992,0.050000
5531,-69.548995,0.050000
5532,-59.443929,0.050000
5533,-82.811795,0.050000
5534,-80.301580,0.050000
5535,-97.443075,0.050000
5536,-61.989760,0.050000
5537,-96.630657,0.050000
5538,-122.540943,0.050000
5539,-105.915795,0.050000
5540,-108.399010,0.050000
5541,-108.205127,0.050000
5542,-97.179001,0.050000
5543,-113.977080,0.050000
5544,-101.998225,0.050000
5545,-82.064496,0.050000
5546,-120.001940,0.050000
5547,-95.887474,0.050000
5548,-100.991564,0.050000
5549,-109.009845,0.050000
5550,-39.362827,0.050000
5551,-99.371392,0.050000
5552,-93.485294,0.050000
5553,-72.489982,0.050000
5554,-119.564415,0.050000
5555,-56.766222,0.050000
5556,-99.512992,0.050000
5557,-67.236761,0.050000
5558,-123.520077,0.050000
5559,-84.536267,0.050000
5560,-109.855893,0.050000
5561,-69.329227,0.050000
5562,-101.937379,0.050000
5563,-79.672760,0.050000
5564,-72.384337,0.050000
5565,-63.493358,0.050000
5566,-112.669257,0.050000
5567,-71.970576,0.050000
5568,-74.551530,0.050000
5569,-71.868386,0.050000
5570,-76.916167,0.050000
5571,-62.690453,0.050000
5572,-67.679694,0.050000
5573,-87.289059,0.050000
5574,-104.884536,0.050000
5575,-106.985043,0.050000
5576,-110.558771,0.050000
5577,-124.724277,0.050000
5578,-79.744890,0.050000
5579,-120.326114,0.050000
5580,-116.639494,0.050000
5581,-61.639994,0.050000
5582,-61.953303,0.050000
5583,-106.984386,0.050000
5584,-104.166481,0.050000
5585,-77.714496,0.050000
5586,-75.193483,0.050000
5587,-82.035872,0.050000
5588,-34.650084,0.050000
5589,-71.704799,0.050000
5590,-86.134248,0.050000
5591,-85.400201,0.050000
5592,-90.870989,0.050000
5593,-52.050529,0.050000
5594,-82.804283,0.050000
5595,-55.453294,0.050000
5596,-109.261112,0.050000
5597,-50.779119,0.050000
5598,-88.761653,0.050000
5599,-69.179132,0.050000
5600,-134.762155,0.050000
5601,-72.642037,0.050000
5602,-66.340044,0.050000
5603,-145.315750,0.050000
5604,-134.620183,0.050000
5605,-55.618421,0.050000
5606,-101.548750,0.050000
5607,-74.061337,0.050000
5608,-49.948090,0.050000
5609,-115.647111,0.050000
5610,-54.978323,0.050000
5611,-51.957041,0.050000
5612,-64.213623,0.050000
5613,-56.765051,0.050000
5614,-53.591296,0.050000
5615,-78.651067,0.050000
5616,-80.993640,0.050000
5617,-99.738724,0.050000
5618,-49.840242,0.050000
5619,-56.971107,0.050000
5620,-109.851214,0.050000
5621,-85.226243,0.050000
5622,-102.551665,0.050000
5623,-97.739215,0.050000
5624,-53.218776,0.050000
5625,-96.807816,0.050000
5626,-78.446811,0.050000
5627,-120.252864,0.050000
5628,-115.160362,0.050000
5629,-75.866005,0.050000
5630,-84.259344,0.050000
5631,-86.902940,0.050000
5632,-68.492223,0.050000
5633,-91.760375,0.050000
5634,-75.339557,0.050000
5635,-70.514519,0.050000
5636,-67.799955,0.050000
5637,-86.457048,0.050000
5638,-62.231354,0.050000
5639,-74.535051,0.050000
5640,-86.034532,0.050000
5641,-108.530498,0.050000
5642,-96.805327,0.050000
5643,-79.046085,0.050000
5644,-114.597431,0.050000
5645,-87.666798,0.050000
5646,-73.395422,0.050000
5647,-111.085392,0.050000
5648,-49.588640,0.050000
5649,-61.114145,0.050000
5650,-53.531575,0.050000
5651,-111.037107,0.050000
5652,-51.733164,0.050000
5653,-80.211734,0.050000
5654,-97.746799,0.050000
5655,-59.829153,0.050000
5656,-82.005592,0.050000
5657,-54.563230,0.050000
5658,-70.833480,0.050000
5659,-84.654979,0.050000
5660,-62.114081,0.050000
5661,-80.241995,0.050000
5662,-61.101857,0.050000
5663,-72.417116,0.050000
5664,-60.366052,0.050000
5665,-61.983857,0.050000
5666,-33.751970,0.050000
5667,-47.387032,0.050000
5668,-47.865627,0.050000
5669,-61.376023,0.050000
5670,-55.926915,0.050000
5671,-53.708779,0.050000
5672,-69.144164,0.050000
5673,-45.663156,0.050000
5674,-78.159590,0.050000
5675,-53.959393,0.050000
5676,-42.800276,0.050000
5677,-46.358720,0.050000
5678,-45.670680,0.050000
5679,-18.349651,0.050000
5680,-37.690642,0.050000
5681,-41.877563,0.050000
5682,-43.026534,0.050000
5683,-32.058721,0.050000
5684,-25.664962,0.050000
5685,-35.574956,0.050000
5686,-21.222340,0.050000
5687,-36.535852,0.050000
5688,-20.982549,0.050000
5689,-30.344372,0.050000
5690,-40.552108,0.050000
5691,-40.889092,0.050000
5692,-27.417143,0.050000
5693,-36.320537,0.050000
5694,-30.128241,0.050000
5695,-38.476248,0.050000
5696,-20.811962,0.050000
5697,-34.513990,0.050000
5698,-42.984199,0.050000
5699,-26.320577,0.050000
5700,-40.958549,0.050000
5701,-10.868088,0.050000
5702,-10.979268,0.050000
5703,-18.483122,0.050000
5704,-46.469549,0.050000
5705,-57.754839,0.050000
5706,-18.667475,0.050000
5707,-18.002462,0.050000
5708,-49.951122,0.050000
5709,-72.331640,0.050000
5710,-44.312630,0.050000
5711,-60.382052,0.050000
5712,-22.130764,0.050000
5713,-49.241038,0.050000
5714,-49.531706,0.050000
5715,-43.742374,0.050000
5716,-56.386960,0.050000
5717,-15.154672,0.050000
5718,-51.691476,0.050000
5719,-28.054464,0.050000
5720,-33.544526,0.050000
5721,-16.224031,0.050000
5722,-60.655463,0.050000
5723,-47.378877,0.050000
5724,-27.181191,0.050000
5725,-19.168121,0.050000
5726,-10.511901,0.050000
5727,-39.515471,0.050000
5728,-17.648963,0.050000
5729,-8.899330,0.050000
5730,-25.668386,0.050000
5731,-37.674781,0.050000
5732,-27.170927,0.050000
5733,-62.333540,0.050000
5734,-25.454248,0.050000
5735,-39.755071,0.050000
5736,-20.107993,0.050000
5737,-37.102859,0.050000
5738,-56.462866,0.050000
5739,-57.861898,0.050000
5740,-53.157200,0.050000
5741,-21.878149,0.050000
5742,-74.862753,0.050000
5743,-47.732153,0.050000
5744,-26.221756,0.050000
5745,-52.823900,0.050000
5746,-59.923445,0.050000
5747,-37.941530,0.050000
5748,-63.536834,0.050000
5749,-60.584941,0.050000
5750,-72.186607,0.050000
5751,-47.389755,0.050000
5752,-85.340213,0.050000
5753,-105.279048,0.050000
5754,-74.004083,0.050000
5755,-66.411735,0.050000
5756,-61.614090,0.050000
5757,-75.503925,0.050000
5758,-47.205007,0.050000
5759,-61.132370,0.050000
5760,-69.643374,0.050000
5761,-48.826654,0.050000
5762,-75.681363,0.050000
5763,-85.711464,0.050000
5764,-74.194422,0.050000
5765,-58.645958,0.050000
5766,-45.882866,0.050000
5767,-54.572744,0.050000
5768,-43.598298,0.050000
5769,-21.604716,0.050000
5770,-35.970645,0.050000
5771,-68.149594,0.050000
5772,-62.856317,0.050000
5773,-54.567663,0.050000
5774,-30.272026,0.050000
5775,-20.844085,0.050000
5776,-49.147124,0.050000
5777,-47.967633,0.050000
5778,-22.574433,0.050000
5779,-47.264329,0.050000
5780,-61.930053,0.050000
5781,-53.616292,0.050000
5782,-72.494098,0.050000
5783,-58.206447,0.050000
5784,-60.891304,0.050000
5785,-70.926196,0.050000
5786,-39.327875,0.050000
5787,-60.818078,0.050000
5788,-53.975834,0.050000
5789,-53.979433,0.050000
5790,-64.582235,0.050000
5791,-38.178473,0.050000
5792,-42.537684,0.050000
5793,-69.255158,0.050000
5794,-41.515959,0.050000
5795,-55.104443,0.050000
5796,-46.865529,0.050000
5797,-69.388737,0.050000
5798,-46.053765,0.050000
5799,-40.458669,0.050000
5800,-62.481641,0.050000
5801,-61.970582,0.050000
5802,-43.670988,0.050000
5803,-86.753689,0.050000
5804,-40.270470,0.050000
5805,-40.300551,0.050000
5806,-47.030000,0.050000
5807,-60.758223,0.050000
5808,-14.262828,0.050000
5809,-29.569197,0.050000
5810,-63.679523,0.050000
5811,-38.810500,0.050000
5812,-73.010242,0.050000
5813,-45.028724,0.050000
5814,-63.092534,0.050000
5815,-71.501042,0.050000
5816,-79.694524,0.050000
5817,-34.349733,0.050000
5818,-52.068593,0.050000
5819,-43.910716,0.050000
5820,-34.039665,0.050000
5821,-38.669854,0.050000
5822,-70.144458,0.050000
5823,-67.050011,0.050000
5824,-36.652396,0.050000
5825,-48.099034,0.050000
5826,-39.334612,0.050000
5827,-44.906482,0.050000
5828,-40.080696,0.050000
5829,-68.011585,0.050000
5830,-76.417391,0.050000
5831,-70.170306,0.050000
5832,-58.436110,0.050000
5833,-53.208360,0.050000
5834,-42.685662,0.050000
5835,-64.907615,0.050000
5836,-38.372162,0.050000
5837,-85.034266,0.050000
5838,-49.740655,0.050000
5839,-73.013042,0.050000
5840,-66.427403,0.050000
5841,-53.099616,0.050000
5842,-73.189205,0.050000
5843,-35.284301,0.050000
5844,-61.132008,0.050000
5845,-57.390074,0.050000
5846,-24.448104,0.050000
5847,-63.831035,0.050000
5848,-56.748244,0.050000
5849,-59.885210,0.050000
5850,-58.216419,0.050000
5851,-45.502627,0.050000
5852,-41.572906,0.050000
5853,-81.105007,0.050000
5854,-49.175579,0.050000
5855,10.231628,0.050000
5856,-31.269108,0.050000
5857,-44.262802,0.050000
5858,-52.664785,0.050000
5859,-34.178849,0.050000
5860,-36.999148,0.050000
5861,-35.510815,0.050000
5862,-46.575700,0.050000
5863,-38.706906,0.050000
5864,-61.514022,0.050000
5865,-29.203087,0.050000
5866,-41.360674,0.050000
5867,-54.708621,0.050000
5868,-41.680339,0.050000
5869,-58.451911,0.050000
5870,-25.467128,0.050000
5871,-32.804232,0.050000
5872,-45.134726,0.050000
5873,-72.673385,0.050000
5874,-29.920749,0.050000
5875,-33.083250,0.050000
5876,-67.811088,0.050000
5877,-23.642795,0.050000
5878,-32.116528,0.050000
5879,-23.595966,0.050000
5880,-24.940367,0.050000
5881,-13.550648,0.050000
5882,-53.617582,0.050000
5883,-38.890800,0.050000
5884,-42.502165,0.050000
5885,-37.413685,0.050000
5886,-38.202748,0.050000
5887,-60.693510,0.050000
5888,-19.673366,0.050000
5889,-25.220758,0.050000
5890,-52.000898,0.050000
5891,-17.252528,0.050000
5892,-39.825549,0.050000
5893,-51.775322,0.050000
5894,-44.653271,0.050000
5895,-43.192160,0.050000
5896,-46.324970,0.050000
5897,-30.751572,0.050000
5898,-26.641394,0.050000
5899,-31.842190,0.050000
5900,-28.987029,0.050000
5901,-36.381980,0.050000
5902,-28.894358,0.050000
5903,-29.309354,0.050000
5904,-35.823476,0.050000
5905,-38.319733,0.050000
5906,-40.730216,0.050000
5907,-24.034797,0.050000
5908,-68.291073,0.050000
5909,-36.895555,0.050000
5910,-44.508121,0.050000
5911,-22.081547,0.050000
5912,-33.162158,0.050000
5913,-30.697672,0.050000
5914,-16.366669,0.050000
5915,-24.562367,0.050000
5916,-38.006748,0.050000
5917,-58.241880,0.050000
5918,-66.715496,0.050000
5919,-14.994556,0.050000
5920,-22.815453,0.050000
5921,-61.595276,0.050000
5922,-39.673795,0.050000
5923,-42.481447,0.050000
5924,-29.254072,0.050000
5925,-20.284994,0.050000
5926,-63.715116,0.050000
5927,-33.023094,0.050000
5928,-40.981127,0.050000
5929,-50.862423,0.050000
5930,-21.849272,0.050000
5931,-26.719773,0.050000
5932,-41.520523,0.050000
5933,-43.307020,0.050000
5934,-60.886668,0.050000
5935,-48.280403,0.050000
5936,-48.296395,0.050000
5937,-30.126281,0.050000
5938,-57.012952,0.050000
5939,-52.639061,0.050000
5940,-27.887696,0.050000
5941,-61.054444,0.050000
5942,-29.839218,0.050000
5943,-36.758194,0.050000
5944,-43.417108,0.050000
5945,-85.905823,0.050000
5946,-56.349391,0.050000
5947,-59.438001,0.050000
5948,-56.873711,0.050000
5949,-83.506642,0.050000
5950,-34.701824,0.050000
5951,-44.669109,0.050000
5952,-57.201295,0.050000
5953,-28.163274,0.050000
5954,-49.618879,0.050000
5955,-52.221343,0.050000
5956,-74.001966,0.050000
5957,-83.327651,0.050000
5958,-38.678828,0.050000
5959,-44.095944,0.050000
5960,-59.103691,0.050000
5961,-71.663248,0.050000
5962,-36.731225,0.050000
5963,-30.527432,0.050000
5964,-41.420593,0.050000
5965,-40.660743,0.050000
5966,-44.808628,0.050000
5967,-67.693995,0.050000
5968,-74.944202,0.050000
5969,-15.293816,0.050000
5970,-74.558039,0.050000
5971,-47.974078,0.050000
5972,-75.104688,0.050000
5973,-50.521289,0.050000
5974,-37.290434,0.050000
5975,-32.329900,0.050000
5976,-29.914123,0.050000
5977,-35.332674,0.050000
5978,-48.574063,0.050000
5979,-18.599602,0.050000
5980,-57.714234,0.050000
5981,-66.048003,0.050000
5982,-10.818075,0.050000
5983,-31.269883,0.050000
5984,-27.131494,0.050000
5985,-43.140729,0.050000
5986,-57.483677,0.050000
5987,-63.753761,0.050000
5988,-67.428743,0.050000
5989,-16.359250,0.050000
5990,-45.449288,0.050000
5991,-10.601684,0.050000
5992,-23.578557,0.050000
5993,-36.134933,0.050000
5994,-38.219856,0.050000
5995,-26.440748,0.050000
5996,-62.481026,0.050000
5997,-28.178900,0.050000
5998,-21.493545,0.050000
5999,-4.103672,0.050000
6000,-50.786965,0.050000
6001,-26.391980,0.050000
6002,-3.837999,0.050000
6003,-31.534805,0.050000
6004,-6.367306,0.050000
6005,-15.107039,0.050000
6006,-20.392758,0.050000
6007,-22.288544,0.050000
6008,-43.790383,0.050000
6009,-18.348852,0.050000
6010,-10.015358,0.050000
6011,1.990403,0.050000
6012,-29.218079,0.050000
6013,-53.429467,0.050000
6014,-5.017658,0.050000
6015,0.904627,0.050000
6016,-34.046307,0.050000
6017,-37.453176,0.050000
6018,2.117192,0.050000
6019,-23.930065,0.050000
6020,-39.219170,0.050000
6021,-63.801451,0.050000
6022,-7.123870,0.050000
6023,-27.442403,0.050000
6024,-9.435347,0.050000
6025,-43.922551,0.050000
6026,-16.884523,0.050000
6027,-27.883734,0.050000
6028,-16.528940,0.050000
6029,-2.126017,0.050000
6030,-19.182929,0.050000
6031,-19.564604,0.050000
6032,-9.246829,0.050000
6033,-15.937968,0.050000
6034,-23.126263,0.050000
6035,-6.916570,0.050000
6036,3.097707,0.050000
6037,-22.428086,0.050000
6038,-10.901603,0.050000
6039,-53.869058,0.050000
6040,-4.144498,0.050000
6041,-33.765370,0.050000
6042,-7.880121,0.050000
6043,-35.800644,0.050000
6044,-16.056920,0.050000
6045,-25.125264,0.050000
6046,-21.347211,0.050000
6047,-21.888943,0.050000
6048,4.074829,0.050000
6049,-38.341577,0.050000
6050,-47.148825,0.050000
6051,-16.020986,0.050000
6052,-19.979148,0.050000
6053,-55.791379,0.050000
6054,-49.665548,0.050000
6055,-3.342925,0.050000
6056,-3.365974,0.050000
6057,-47.161709,0.050000
6058,-64.403220,0.050000
6059,-14.546602,0.050000
6060,-38.724529,0.050000
6061,-33.365424,0.050000
6062,-33.336088,0.050000
6063,-36.930174,0.050000
6064,-60.068809,0.050000
6065,-70.332588,0.050000
6066,-25.456494,0.050000
6067,-30.888983,0.050000
6068,-54.796503,0.050000
6069,-35.498734,0.050000
6070,-4.823024,0.050000
6071,-23.159743,0.050000
6072,-39.302811,0.050000
6073,-22.665548,0.050000
6074,-43.866622,0.050000
6075,3.285737,0.050000
6076,-24.962058,0.050000
6077,-73.099370,0.050000
6078,-41.536815,0.050000
6079,-64.335931,0.050000
6080,-52.574556,0.050000
6081,-40.858882,0.050000
6082,-34.729273,0.050000
6083,-28.910728,0.050000
6084,-32.372271,0.050000
6085,-25.085066,0.050000
6086,-70.329296,0.050000
6087,-45.459646,0.050000
6088,-18.805317,0.050000
6089,-62.183753,0.050000
6090,-18.059077,0.050000
6091,-37.998691,0.050000
6092,-21.727635,0.050000
6093,-19.185569,0.050000
6094,-53.039829,0.050000
6095,-30.126778,0.050000
6096,-50.893952,0.050000
6097,-7.574570,0.050000
6098,-80.541511,0.050000
6099,-49.141891,0.050000
6100,-27.443851,0.050000
6101,-40.874767,0.050000
6102,-33.413304,0.050000
6103,-47.041445,0.050000
6104,-114.063407,0.050000
6105,-103.848541,0.050000
6106,-36.161518,0.050000
6107,-24.272069,0.050000
6108,-57.824927,0.050000
6109,-40.790965,0.050000
6110,-38.867950,0.050000
6111,-47.771165,0.050000
6112,-82.822122,0.050000
6113,1.359734,0.050000
6114,-44.996828,0.050000
6115,-95.112294,0.050000
6116,-73.611872,0.050000
6117,-84.259620,0.050000
6118,-129.071351,0.050000
6119,-37.537662,0.050000
6120,-30.973572,0.050000
6121,-64.665012,0.050000
6122,-18.873914,0.050000
6123,-56.574464,0.050000
6124,-26.661859,0.050000
6125,-103.396818,0.050000
6126,-45.492404,0.050000
6127,-34.319953,0.050000
6128,-96.902210,0.050000
6129,-82.014697,0.050000
6130,-10.841900,0.050000
6131,-31.657579,0.050000
6132,-97.315010,0.050000
6133,-43.707817,0.050000
6134,-89.132334,0.050000
6135,-81.090524,0.050000
6136,-25.672392,0.050000
6137,-106.451506,0.050000
6138,-108.411236,0.050000
6139,-115.963538,0.050000
6140,-110.182549,0.050000
6141,-31.226949,0.050000
6142,-99.655733,0.050000
6143,-149.580269,0.050000
6144,-39.674902,0.050000
6145,-88.912192,0.050000
6146,-74.975998,0.050000
6147,-79.892823,0.050000
6148,-88.192760,0.050000
6149,-98.517834,0.050000
6150,-69.142087,0.050000
6151,-86.778726,0.050000
6152,-95.622209,0.050000
6153,-101.921290,0.050000
6154,-103.686280,0.050000
6155,-57.958544,0.050000
6156,-24.174499,0.050000
6157,-115.977845,0.050000
6158,-54.166326,0.050000
6159,-54.931173,0.050000
6160,-24.450992,0.050000
6161,-45.595969,0.050000
6162,-104.295350,0.050000
6163,-44.365178,0.050000
6164,-81.555778,0.050000
6165,-34.882113,0.050000
6166,-46.969807,0.050000
6167,-23.405684,0.050000
6168,-24.038769,0.050000
6169,-48.508337,0.050000
6170,-42.851255,0.050000
6171,-60.241872,0.050000
6172,-40.816064,0.050000
6173,-41.230136,0.050000
6174,-49.097725,0.050000
6175,-68.610916,0.050000
6176,-48.694976,0.050000
6177,-87.677634,0.050000
6178,-58.067624,0.050000
6179,-107.239005,0.050000
6180,-93.471517,0.050000
6181,-52.674931,0.050000
6182,-50.015416,0.050000
6183,-58.052971,0.050000
6184,-75.349285,0.050000
6185,-70.082058,0.050000
6186,-93.089485,0.050000
6187,-42.975672,0.050000
6188,-87.965181,0.050000
6189,-90.048956,0.050000
6190,-39.635925,0.050000
6191,-54.919187,0.050000
6192,-39.209919,0.050000
6193,-76.725358,0.050000
6194,-84.452613,0.050000
6195,-83.190742,0.050000
6196,-49.831152,0.050000
6197,-87.988633,0.050000
6198,-98.425749,0.050000
6199,-44.864891,0.050000
6200,-57.615091,0.050000
6201,-83.532179,0.050000
6202,-76.482912,0.050000
6203,-55.298804,0.050000
6204,-36.151914,0.050000
6205,-62.869493,0.050000
6206,-63.239503,0.050000
6207,-66.560394,0.050000
6208,-82.554511,0.050000
6209,-63.188111,0.050000
6210,-67.587200,0.050000
6211,-60.068145,0.050000
6212,-41.836392,0.050000
6213,-61.556976,0.050000
6214,-70.147011,0.050000
6215,-77.569086,0.050000
6216,-63.546951,0.050000
6217,-81.866098,0.050000
6218,-73.537797,0.050000
6219,-99.513419,0.050000
6220,-75.023421,0.050000
6221,-45.356180,0.050000
6222,-89.601586,0.050000
6223,-87.418606,0.050000
6224,-54.668157,0.050000
6225,-61.033240,0.050000
6226,-47.736933,0.050000
6227,-48.570851,0.050000
6228,-103.962636,0.050000
6229,-40.487407,0.050000
6230,-120.216934,0.050000
6231,-92.406401,0.050000
6232,-44.551727,0.050000
6233,-147.075076,0.050000
6234,-67.470674,0.050000
6235,-67.430191,0.050000
6236,-93.535406,0.050000
6237,-58.418461,0.050000
6238,-67.982442,0.050000
6239,-95.677754,0.050000
6240,-46.869273,0.050000
6241,-64.151790,0.050000
6242,-39.716688,0.050000
6243,-91.179804,0.050000
6244,-61.489531,0.050000
6245,-67.239829,0.050000
6246,-29.384268,0.050000
6247,-77.299734,0.050000
6248,-64.163538,0.050000
6249,-31.803760,0.050000
6250,-48.092279,0.050000
6251,-74.555394,0.050000
6252,-30.685266,0.050000
6253,-48.703792,0.050000
6254,-64.134589,0.050000
6255,-35.130453,0.050000
6256,-85.653372,0.050000
6257,-27.476721,0.050000
6258,-63.071631,0.050000
6259,-77.815155,0.050000
6260,-61.245289,0.050000
6261,-65.209868,0.050000
6262,-60.823568,0.050000
6263,-51.498907,0.050000
6264,-66.222327,0.050000
6265,-41.803813,0.050000
6266,-92.635833,0.050000
6267,-61.122994,0.050000
6268,-66.766739,0.050000
6269,-94.186523,0.050000
6270,-76.013497,0.050000
6271,-81.963027,0.050000
6272,-41.152220,0.050000
6273,-81.053839,0.050000
6274,-70.937625,0.050000
6275,-102.638363,0.050000
6276,-46.069610,0.050000
6277,-28.899757,0.050000
6278,-43.917250,0.050000
6279,-62.265384,0.050000
6280,-76.959686,0.050000
6281,-77.084085,0.050000
6282,-55.956212,0.050000
6283,-76.078607,0.050000
6284,-62.828120,0.050000
6285,-64.812129,0.050000
6286,-51.354240,0.050000
6287,-57.593648,0.050000
6288,-64.972701,0.050000
6289,-63.226843,0.050000
6290,-60.361663,0.050000
6291,-61.126711,0.050000
6292,-65.763007,0.050000
6293,-66.529349,0.050000
6294,-62.712865,0.050000
6295,-85.094909,0.050000
6296,-58.933948,0.050000
6297,-88.473294,0.050000
6298,-75.936728,0.050000
6299,-50.694346,0.050000
6300,-63.773961,0.050000
6301,-39.755812,0.050000
6302,-49.444074,0.050000
6303,-25.255454,0.050000
6304,-70.919636,0.050000
6305,-47.802149,0.050000
6306,-73.173468,0.050000
6307,-66.668134,0.050000
6308,-79.271076,0.050000
6309,-51.433344,0.050000
6310,-44.381468,0.050000
6311,-46.646129,0.050000
6312,-71.684358,0.050000
6313,-76.345276,0.050000
6314,-74.692124,0.050000
6315,-48.883230,0.050000
6316,-60.301768,0.050000
6317,-62.891439,0.050000
6318,-79.174001,0.050000
6319,-75.062542,0.050000
6320,-44.451041,0.050000
6321,-36.299777,0.050000
6322,-82.005302,0.050000
6323,-52.169347,0.050000
6324,-43.584028,0.050000
6325,-35.850516,0.050000
6326,-70.869470,0.050000
6327,-45.298686,0.050000
6328,-70.839252,0.050000
6329,-63.865673,0.050000
6330,-48.196992,0.050000
6331,-41.159874,0.050000
6332,-71.657473,0.050000
6333,-46.753250,0.050000
6334,-56.928722,0.050000
6335,-56.552585,0.050000
6336,-60.998411,0.050000
6337,-47.849424,0.050000
6338,-74.915359,0.050000
6339,-36.972870,0.050000
6340,-37.520043,0.050000
6341,-45.272441,0.050000
6342,-42.031119,0.050000
6343,-57.223051,0.050000
6344,-57.081130,0.050000
6345,-30.502923,0.050000
6346,-79.746464,0.050000
6347,-76.504535,0.050000
6348,-27.986235,0.050000
6349,-72.387599,0.050000
6350,-57.658716,0.050000
6351,-63.392471,0.050000
6352,-31.519566,0.050000
6353,-35.243608,0.050000
6354,-17.342981,0.050000
6355,-36.557200,0.050000
6356,-42.392642,0.050000
6357,-32.675115,0.050000
6358,-56.459690,0.050000
6359,-22.945707,0.050000
6360,-45.757626,0.050000
6361,-71.350806,0.050000
6362,-28.817838,0.050000
6363,-36.865253,0.050000
6364,-30.891051,0.050000
6365,-53.329734,0.050000
6366,-39.134268,0.050000
6367,-45.296574,0.050000
6368,-39.978651,0.050000
6369,-30.900755,0.050000
6370,-27.437954,0.050000
6371,-27.362525,0.050000
6372,-35.820036,0.050000
6373,-51.595496,0.050000
6374,-56.545118,0.050000
6375,-48.609202,0.050000
6376,-11.825117,0.050000
6377,-42.866980,0.050000
6378,-27.855888,0.050000
6379,-83.860276,0.050000
6380,-59.547685,0.050000
6381,-30.677506,0.050000
6382,-26.965383,0.050000
6383,-21.764270,0.050000
6384,-26.267265,0.050000
6385,-44.024937,0.050000
6386,-41.160337,0.050000
6387,-67.635593,0.050000
6388,-44.957123,0.050000
6389,-85.707194,0.050000
6390,-68.680207,0.050000
6391,-25.085986,0.050000
6392,-51.857839,0.050000
6393,-36.068252,0.050000
6394,-51.873921,0.050000
6395,-36.933624,0.050000
6396,-72.305201,0.050000
6397,-83.471821,0.050000
6398,-30.328949,0.050000
6399,-60.241527,0.050000
6400,-15.415877,0.050000
6401,-23.646578,0.050000
6402,-131.642976,0.050000
6403,-12.751547,0.050000
6404,-36.769628,0.050000
6405,-15.361741,0.050000
6406,-105.614133,0.050000
6407,-47.816128,0.050000
6408,-89.314679,0.050000
6409,-22.135247,0.050000
6410,-63.113731,0.050000
6411,-9.594117,0.050000
6412,-27.849238,0.050000
6413,-35.928406,0.050000
6414,-52.119391,0.050000
6415,-52.347890,0.050000
6416,-27.703503,0.050000
6417,-39.966417,0.050000
6418,-73.324077,0.050000
6419,-40.694022,0.050000
6420,-74.795835,0.050000
6421,-58.575024,0.050000
6422,-24.696014,0.050000
6423,-32.443410,0.050000
6424,-49.588163,0.050000
6425,-82.088143,0.050000
6426,-97.064440,0.050000
6427,-34.760372,0.050000
6428,-55.154588,0.050000
6429,-31.697555,0.050000
6430,-28.025588,0.050000
6431,-69.118829,0.050000
6432,-50.733529,0.050000
6433,-58.398197,0.050000
6434,-32.479615,0.050000
6435,-25.929324,0.050000
6436,-41.955979,0.050000
6437,-72.844605,0.050000
6438,-55.615493,0.050000
6439,-42.868450,0.050000
6440,-29.178716,0.050000
6441,-15.954342,0.050000
6442,-55.167961,0.050000
6443,-44.048564,0.050000
6444,-50.846347,0.050000
6445,-42.287299,0.050000
6446,-53.165101,0.050000
6447,-18.999073,0.050000
6448,-44.994602,0.050000
6449,-40.634012,0.050000
6450,-31.601218,0.050000
6451,-12.551943,0.050000
6452,-31.701811,0.050000
6453,-10.482566,0.050000
6454,-24.101732,0.050000
6455,-39.905493,0.050000
6456,-69.797532,0.050000
6457,-69.026543,0.050000
6458,-10.108058,0.050000
6459,-39.637528,0.050000
6460,-37.865987,0.050000
6461,-27.787507,0.050000
6462,-24.476800,0.050000
6463,-45.411237,0.050000
6464,-22.642776,0.050000
6465,-44.170956,0.050000
6466,-74.984839,0.050000
6467,-18.332074,0.050000
6468,-39.116885,0.050000
6469,-44.904504,0.050000
6470,-22.714678,0.050000
6471,-35.534082,0.050000
6472,-43.691286,0.050000
6473,-18.177666,0.050000
6474,-66.958443,0.050000
6475,-25.072942,0.050000
6476,1.974214,0.050000
6477,-43.842250,0.050000
6478,-17.760918,0.050000
6479,-30.530958,0.050000
6480,-47.007632,0.050000
6481,14.460334,0.050000
6482,-29.613985,0.050000
6483,-15.964740,0.050000
6484,-63.097949,0.050000
6485,-36.891710,0.050000
6486,-42.925795,0.050000
6487,-29.554747,0.050000
6488,-37.579304,0.050000
6489,-27.005259,0.050000
6490,3.865508,0.050000
6491,-37.737274,0.050000
6492,-16.414370,0.050000
6493,-53.340635,0.050000
6494,-75.694543,0.050000
6495,-41.032446,0.050000
6496,-16.264794,0.050000
6497,-47.844797,0.050000
6498,-34.975429,0.050000
6499,-52.239207,0.050000
6500,-44.344097,0.050000
6501,-27.875916,0.050000
6502,-39.518625,0.050000
6503,-31.067701,0.050000
6504,-6.588512,0.050000
6505,-32.133163,0.050000
6506,-24.310536,0.050000
6507,-26.681246,0.050000
6508,4.772624,0.050000
6509,-28.841512,0.050000
6510,-19.433177,0.050000
6511,-16.842292,0.050000
6512,-21.907922,0.050000
6513,-49.194082,0.050000
6514,-26.323477,0.050000
6515,-28.165158,0.050000
6516,-70.373777,0.050000
6517,-45.432793,0.050000
6518,-44.814343,0.050000
6519,-21.756558,0.050000
6520,-65.608090,0.050000
6521,-35.695920,0.050000
6522,-39.552721,0.050000
6523,-42.018596,0.050000
6524,-63.241992,0.050000
6525,-15.894123,0.050000
6526,-22.822549,0.050000
6527,-29.794451,0.050000
6528,-24.221727,0.050000
6529,-57.348418,0.050000
6530,-26.946250,0.050000
6531,-41.620412,0.050000
6532,-17.597290,0.050000
6533,-24.233230,0.050000
6534,-48.367249,0.050000
6535,-32.589296,0.050000
6536,-30.234495,0.050000
6537,-23.784704,0.050000
6538,-22.916439,0.050000
6539,-31.439684,0.050000
6540,-37.397713,0.050000
6541,-38.435731,0.050000
6542,-65.048509,0.050000
6543,-29.162566,0.050000
6544,-23.824256,0.050000
6545,-19.800124,0.050000
6546,-44.697732,0.050000
6547,-33.148472,0.050000
6548,-32.818807,0.050000
6549,-43.543161,0.050000
6550,-28.761343,0.050000
6551,-52.227431,0.050000
6552,-37.688043,0.050000
6553,-44.928163,0.050000
6554,-15.101266,0.050000
6555,-27.917804,0.050000
6556,-31.216616,0.050000
6557,-23.042148,0.050000
6558,-18.150978,0.050000
6559,-21.859566,0.050000
6560,-47.459926,0.050000
6561,-64.503454,0.050000
6562,-39.475633,0.050000
6563,-24.416911,0.050000
6564,-21.924359,0.050000
6565,-16.029173,0.050000
6566,-50.806701,0.050000
6567,-43.201145,0.050000
6568,-54.180068,0.050000
6569,-28.350457,0.050000
6570,-90.068319,0.050000
6571,-53.529416,0.050000
6572,-69.205217,0.050000
6573,-35.964589,0.050000
6574,-33.755285,0.050000
6575,-36.664682,0.050000
6576,-21.946433,0.050000
6577,-36.202215,0.050000
6578,-27.983720,0.050000
6579,-54.979420,0.050000
6580,-54.635987,0.050000
6581,-35.382319,0.050000
6582,-50.378871,0.050000
6583,-20.270207,0.050000
6584,-26.701753,0.050000
6585,-23.001678,0.050000
6586,-53.399416,0.050000
6587,-47.967382,0.050000
6588,-42.558819,0.050000
6589,-19.699884,0.050000
6590,-36.908335,0.050000
6591,-26.676128,0.050000
6592,-50.722184,0.050000
6593,-39.705083,0.050000
6594,-37.605941,0.050000
6595,-12.871362,0.050000
6596,-55.373616,0.050000
6597,-14.841751,0.050000
6598,-26.586881,0.050000
6599,-28.832832,0.050000
6600,-8.074213,0.050000
6601,-44.054006,0.050000
6602,-44.219600,0.050000
6603,-17.337518,0.050000
6604,-39.608229,0.050000
6605,-55.012735,0.050000
6606,-4.641949,0.050000
6607,-22.935593,0.050000
6608,-24.706166,0.050000
6609,-61.814572,0.050000
6610,-15.462030,0.050000
6611,-47.834728,0.050000
6612,-65.444139,0.050000
6613,-32.777650,0.050000
6614,-40.997145,0.050000
6615,-39.399745,0.050000
6616,-27.319161,0.050000
6617,-50.604657,0.050000
6618,-25.512524,0.050000
6619,-40.438309,0.050000
6620,-32.262310,0.050000
6621,-45.493814,0.050000
6622,-44.551062,0.050000
6623,-14.976872,0.050000
6624,-42.504263,0.050000
6625,-56.576631,0.050000
6626,-86.368333,0.050000
6627,-18.049860,0.050000
6628,-37.888896,0.050000
6629,-56.913221,0.050000
6630,-45.953754,0.050000
6631,-54.624426,0.050000
6632,-42.189722,0.050000
6633,-41.679516,0.050000
6634,-44.093268,0.050000
6635,-22.443891,0.050000
6636,-31.715263,0.050000
6637,-33.511409,0.050000
6638,-10.904145,0.050000
6639,-55.419332,0.050000
6640,-31.835660,0.050000
6641,-14.018036,0.050000
6642,-28.361158,0.050000
6643,-26.790208,0.050000
6644,-41.774079,0.050000
6645,-41.086432,0.050000
6646,-24.068917,0.050000
6647,-36.901230,0.050000
6648,-15.313952,0.050000
6649,-45.334792,0.050000
6650,-20.934184,0.050000
6651,-23.179499,0.050000
6652,-33.802586,0.050000
6653,-55.820325,0.050000
6654,-29.697458,0.050000
6655,-47.884050,0.050000
6656,-44.776810,0.050000
6657,-8.985010,0.050000
6658,-35.693718,0.050000
6659,-13.564014,0.050000
6660,-27.202973,0.050000
6661,-4.440135,0.050000
6662,-57.048633,0.050000
6663,-39.875052,0.050000
6664,-40.594570,0.050000
6665,-44.481618,0.050000
6666,-30.770281,0.050000
6667,-45.055956,0.050000
6668,-48.957181,0.050000
6669,-25.432999,0.050000
6670,-33.783744,0.050000
6671,-26.556749,0.050000
6672,-37.726520,0.050000
6673,-28.722380,0.050000
6674,0.614162,0.050000
6675,-38.053443,0.050000
6676,-40.555945,0.050000
6677,-47.645430,0.050000
6678,-22.860969,0.050000
6679,-38.639532,0.050000
6680,-19.132681,0.050000
6681,-30.615708,0.050000
6682,-41.963124,0.050000
6683,-58.186895,0.050000
6684,-41.684561,0.050000
6685,-50.021412,0.050000
6686,-46.492561,0.050000
6687,-23.373164,0.050000
6688,-35.758961,0.050000
6689,-6.146071,0.050000
6690,-22.710256,0.050000
6691,-23.046577,0.050000
6692,-37.280332,0.050000
6693,-43.311634,0.050000
6694,-28.452986,0.050000
6695,-18.417710,0.050000
6696,-6.407479,0.050000
6697,-9.074436,0.050000
6698,-43.300963,0.050000
6699,-2.541945,0.050000
6700,-36.521468,0.050000
6701,-15.345143,0.050000
6702,-15.736753,0.050000
6703,-15.431854,0.050000
6704,-58.049969,0.050000
6705,-24.031711,0.050000
6706,-25.694401,0.050000
6707,-31.698982,0.050000
6708,-33.885578,0.050000
6709,-33.612565,0.050000
6710,-42.230710,0.050000
6711,-31.907915,0.050000
6712,-20.168479,0.050000
6713,-50.096580,0.050000
6714,-44.194763,0.050000
6715,-29.284688,0.050000
6716,-35.370263,0.050000
6717,-17.134617,0.050000
6718,-24.865517,0.050000
6719,-61.432068,0.050000
6720,-39.976092,0.050000
6721,-34.647854,0.050000
6722,-38.093184,0.050000
6723,-18.053613,0.050000
6724,-21.388020,0.050000
6725,-74.834493,0.050000
6726,-39.014761,0.050000
6727,-30.246337,0.050000
6728,-33.584021,0.050000
6729,-43.340165,0.050000
6730,-66.145120,0.050000
6731,-19.921586,0.050000
6732,-42.244975,0.050000
6733,-21.069051,0.050000
6734,-39.697053,0.050000
6735,-43.425006,0.050000
6736,-9.632734,0.050000
6737,-73.548006,0.050000
6738,-43.337137,0.050000
6739,-7.312509,0.050000
6740,-51.978666,0.050000
6741,-32.894691,0.050000
6742,-37.470254,0.050000
6743,-44.735722,0.050000
6744,-55.037651,0.050000
6745,-90.004446,0.050000
6746,-26.477820,0.050000
6747,-40.806044,0.050000
6748,-20.744876,0.050000
6749,-28.558460,0.050000
6750,-43.546721,0.050000
6751,-28.069505,0.050000
6752,-34.995298,0.050000
6753,-49.594626,0.050000
6754,-62.592432,0.050000
6755,-37.346470,0.050000
6756,-28.625666,0.050000
6757,-28.860320,0.050000
6758,-30.949813,0.050000
6759,-57.874700,0.050000
6760,-29.151964,0.050000
6761,-47.886336,0.050000
6762,-26.649870,0.050000
6763,-53.468115,0.050000
6764,-35.126365,0.050000
6765,-22.906268,0.050000
6766,-47.547003,0.050000
6767,-40.175361,0.050000
6768,-45.865577,0.050000
6769,-33.805866,0.050000
6770,-28.562396,0.050000
6771,-13.113493,0.050000
6772,-33.215506,0.050000
6773,-20.434348,0.050000
6774,-14.723848,0.050000
6775,-60.304250,0.050000
6776,-50.780400,0.050000
6777,-22.778802,0.050000
6778,1.444593,0.050000
6779,-37.615771,0.050000
6780,-31.549036,0.050000
6781,-22.640820,0.050000
6782,-70.394494,0.050000
6783,-16.832459,0.050000
6784,-9.766674,0.050000
6785,-10.157900,0.050000
6786,-15.892052,0.050000
6787,-48.435111,0.050000
6788,-57.671962,0.050000
6789,-50.229530,0.050000
6790,-51.438015,0.050000
6791,-14.048940,0.050000
6792,-45.957439,0.050000
6793,-52.280645,0.050000
6794,-46.803409,0.050000
6795,-38.251122,0.050000
6796,-42.195636,0.050000
6797,-38.077790,0.050000
6798,-42.208417,0.050000
6799,-36.390576,0.050000
6800,-56.952884,0.050000
6801,-78.997867,0.050000
6802,-71.553097,0.050000
6803,-28.521460,0.050000
6804,-52.303590,0.050000
6805,-50.237445,0.050000
6806,-43.677367,0.050000
6807,-44.684655,0.050000
6808,-35.642164,0.050000
6809,-26.019008,0.050000
6810,-44.281890,0.050000
6811,-36.600306,0.050000
6812,-36.809049,0.050000
6813,-30.668030,0.050000
6814,-67.971526,0.050000
6815,-11.210542,0.050000
6816,-18.973263,0.050000
6817,-22.777361,0.050000
6818,-69.216385,0.050000
6819,-0.146767,0.050000
6820,-39.696313,0.050000
6821,-58.981344,0.050000
6822,-8.486650,0.050000
6823,-45.343893,0.050000
6824,-65.334567,0.050000
6825,-42.470890,0.050000
6826,-48.832827,0.050000
6827,-65.221137,0.050000
6828,-25.509504,0.050000
6829,-56.271547,0.050000
6830,-56.473085,0.050000
6831,-45.470166,0.050000
6832,-22.890945,0.050000
6833,-49.256113,0.050000
6834,-61.729734,0.050000
6835,-45.187942,0.050000
6836,-68.462989,0.050000
6837,-25.224487,0.050000
6838,-73.481235,0.050000
6839,-26.950956,0.050000
6840,-45.464436,0.050000
6841,-53.794353,0.050000
6842,-54.092930,0.050000
6843,-88.989972,0.050000
6844,-29.646674,0.050000
6845,-22.407802,0.050000
6846,-45.155055,0.050000
6847,-60.712716,0.050000
6848,3.035484,0.050000
6849,-65.645011,0.050000
6850,-70.366064,0.050000
6851,-26.885581,0.050000
6852,-79.843697,0.050000
6853,-42.692192,0.050000
6854,-42.684059,0.050000
6855,-33.473755,0.050000
6856,-26.339465,0.050000
6857,-56.696056,0.050000
6858,-31.678995,0.050000
6859,-30.119752,0.050000
6860,-45.305880,0.050000
6861,-12.471936,0.050000
6862,-41.802317,0.050000
6863,-42.412230,0.050000
6864,-38.822097,0.050000
6865,-26.365872,0.050000
6866,-47.296367,0.050000
6867,-36.284509,0.050000
6868,-67.201976,0.050000
6869,-55.758402,0.050000
6870,-37.153745,0.050000
6871,-22.938831,0.050000
6872,-31.944274,0.050000
6873,-76.617645,0.050000
6874,-33.694844,0.050000
6875,-19.543718,0.050000
6876,-37.164300,0.050000
6877,-47.732834,0.050000
6878,-44.625645,0.050000
6879,-88.845205,0.050000
6880,-34.318224,0.050000
6881,-44.818540,0.050000
6882,-48.217817,0.050000
6883,-46.700681,0.050000
6884,-6.446877,0.050000
6885,-47.805846,0.050000
6886,-48.998540,0.050000
6887,-56.131080,0.050000
6888,-27.199672,0.050000
6889,-40.262031,0.050000
6890,-31.563478,0.050000
6891,-59.454204,0.050000
6892,-27.806942,0.050000
6893,-28.843955,0.050000
6894,-30.567100,0.050000
6895,-36.363667,0.050000
6896,-25.340439,0.050000
6897,-12.906631,0.050000
6898,-38.760451,0.050000
6899,-80.522845,0.050000
6900,-32.260027,0.050000
6901,-74.333006,0.050000
6902,-38.671581,0.050000
6903,-10.601612,0.050000
6904,-42.519242,0.050000
6905,-22.490445,0.050000
6906,-30.135895,0.050000
6907,-28.546840,0.050000
6908,-29.529598,0.050000
6909,-26.506808,0.050000
6910,-41.230294,0.050000
6911,-34.888316,0.050000
6912,-26.558610,0.050000
6913,-67.723117,0.050000
6914,-20.452153,0.050000
6915,-32.930684,0.050000
6916,-21.017298,0.050000
6917,-37.632348,0.050000
6918,-33.000923,0.050000
6919,-38.478870,0.050000
6920,-52.454714,0.050000
6921,-36.140244,0.050000
6922,-26.088885,0.050000
6923,-35.556747,0.050000
6924,-59.263042,0.050000
6925,-51.401657,0.050000
6926,-56.580590,0.050000
6927,-39.404274,0.050000
6928,-23.532440,0.050000
6929,-22.044383,0.050000
6930,-20.839794,0.050000
6931,-27.680235,0.050000
6932,-7.078388,0.050000
6933,-44.178252,0.050000
6934,-33.411910,0.050000
6935,-50.875475,0.050000
6936,-20.785134,0.050000
6937,-40.832870,0.050000
6938,-43.260875,0.050000
6939,-38.294938,0.050000
6940,-37.430897,0.050000
6941,-23.735517,0.050000
6942,-43.902563,0.050000
6943,-26.329049,0.050000
6944,-41.616057,0.050000
6945,-15.005354,0.050000
6946,-55.792676,0.050000
6947,-20.633171,0.050000
6948,-72.987029,0.050000
6949,-34.974687,0.050000
6950,-38.598263,0.050000
6951,-32.112616,0.050000
6952,-33.110604,0.050000
6953,-52.116249,0.050000
6954,-26.851929,0.050000
6955,-74.674040,0.050000
6956,1.746588,0.050000
6957,-71.600646,0.050000
6958,-57.636992,0.050000
6959,-57.325747,0.050000
6960,-7.436114,0.050000
6961,-60.862509,0.050000
6962,-33.212701,0.050000
6963,-26.891718,0.050000
6964,-36.000510,0.050000
6965,-47.065573,0.050000
6966,-38.394061,0.050000
6967,-37.942194,0.050000
6968,-56.909541,0.050000
6969,-28.944105,0.050000
6970,-31.156557,0.050000
6971,-21.326924,0.050000
6972,-45.123873,0.050000
6973,-56.958900,0.050000
6974,-35.630318,0.050000
6975,-17.882528,0.050000
6976,-56.178674,0.050000
6977,-44.343430,0.050000
6978,-34.787429,0.050000
6979,-32.907373,0.050000
6980,-50.829412,0.050000
6981,-42.547834,0.050000
6982,-16.300579,0.050000
6983,-43.508477,0.050000
6984,-70.008486,0.050000
6985,-51.801613,0.050000
6986,-68.040510,0.050000
6987,-37.252851,0.050000
6988,-19.879437,0.050000
6989,-45.941445,0.050000
6990,-36.022896,0.050000
6991,-34.092009,0.050000
6992,-43.098081,0.050000
6993,-42.126887,0.050000
6994,-59.173525,0.050000
6995,-35.314420,0.050000
6996,-30.169626,0.050000
6997,-34.278988,0.050000
6998,-40.155142,0.050000
6999,-31.928909,0.050000
7000,-11.251317,0.050000
7001,-20.484590,0.050000
7002,-50.914870,0.050000
7003,-33.395986,0.050000
7004,-33.524070,0.050000
7005,-31.864908,0.050000
7006,-24.892744,0.050000
7007,-34.470980,0.050000
7008,-37.004813,0.050000
7009,-26.150967,0.050000
7010,-15.573886,0.050000
7011,-52.343296,0.050000
7012,-49.810724,0.050000
7013,-29.027976,0.050000
7014,-30.551937,0.050000
7015,-18.056318,0.050000
7016,-41.868209,0.050000
7017,-17.331893,0.050000
7018,-22.449788,0.050000
7019,-48.381194,0.050000
7020,-38.460952,0.050000
7021,-65.179307,0.050000
7022,-32.625731,0.050000
7023,-50.957166,0.050000
7024,-19.150857,0.050000
7025,-45.103902,0.050000
7026,-10.499544,0.050000
7027,-48.708001,0.050000
7028,-51.977308,0.050000
7029,-51.292751,0.050000
7030,-36.692122,0.050000
7031,-35.353454,0.050000
7032,-44.534182,0.050000
7033,-18.051887,0.050000
7034,-27.565363,0.050000
7035,-50.454753,0.050000
7036,-35.192972,0.050000
7037,-39.031347,0.050000
7038,-40.816946,0.050000
7039,-18.502686,0.050000
7040,-31.564636,0.050000
7041,-37.590328,0.050000
7042,-29.230734,0.050000
7043,-33.249421,0.050000
7044,-29.790662,0.050000
7045,-24.633032,0.050000
7046,-27.838975,0.050000
7047,-47.322692,0.050000
7048,-24.211217,0.050000
7049,-18.103770,0.050000
7050,-25.571817,0.050000
7051,-45.640135,0.050000
7052,-42.270413,0.050000
7053,-34.417215,0.050000
7054,-27.201492,0.050000
7055,-24.943680,0.050000
7056,-12.563027,0.050000
7057,-40.284623,0.050000
7058,-42.607929,0.050000
7059,-36.239051,0.050000
7060,-34.722272,0.050000
7061,-40.600231,0.050000
7062,-9.581098,0.050000
7063,-51.764154,0.050000
7064,-25.912618,0.050000
7065,-33.647728,0.050000
7066,-19.234167,0.050000
7067,-23.181669,0.050000
7068,-27.208681,0.050000
7069,-37.191075,0.050000
7070,-33.088061,0.050000
7071,-23.527546,0.050000
7072,-33.050113,0.050000
7073,-47.415643,0.050000
7074,-21.272193,0.050000
7075,-42.965771,0.050000
7076,-37.367493,0.050000
7077,-16.933515,0.050000
7078,-3.705575,0.050000
7079,-19.225411,0.050000
7080,-9.358531,0.050000
7081,-34.891084,0.050000
7082,-39.388777,0.050000
7083,-40.197081,0.050000
7084,-42.899033,0.050000
7085,-39.983048,0.050000
7086,-36.025180,0.050000
7087,-31.526312,0.050000
7088,-24.151318,0.050000
7089,-33.836247,0.050000
7090,-27.863294,0.050000
7091,-34.005235,0.050000
7092,-14.646669,0.050000
7093,-35.112876,0.050000
7094,-57.188369,0.050000
7095,-17.494772,0.050000
7096,-25.820787,0.050000
7097,-14.497160,0.050000
7098,-22.523251,0.050000
7099,-43.681007,0.050000
7100,-9.293994,0.050000
7101,-34.282950,0.050000
7102,-19.512215,0.050000
7103,-17.737070,0.050000
7104,-37.640648,0.050000
7105,-21.075850,0.050000
7106,0.331931,0.050000
7107,-31.971225,0.050000
7108,-37.598434,0.050000
7109,-9.424368,0.050000
7110,-10.053932,0.050000
7111,-14.722139,0.050000
7112,-28.155839,0.050000
7113,-31.538661,0.050000
7114,-30.007441,0.050000
7115,-13.938780,0.050000
7116,-42.579022,0.050000
7117,-29.000523,0.050000
7118,-48.244818,0.050000
7119,-56.295669,0.050000
7120,-25.602555,0.050000
7121,-12.057201,0.050000
7122,-31.466747,0.050000
7123,-33.125780,0.050000
7124,-13.035705,0.050000
7125,-41.513929,0.050000
7126,-18.766777,0.050000
7127,-15.015991,0.050000
7128,-31.960320,0.050000
7129,-38.264013,0.050000
7130,-35.296822,0.050000
7131,-21.155405,0.050000
7132,-38.070612,0.050000
7133,-27.318464,0.050000
7134,-53.165045,0.050000
7135,-9.572569,0.050000
7136,-38.941329,0.050000
7137,-21.884944,0.050000
7138,-38.024566,0.050000
7139,-33.654823,0.050000
7140,-13.006906,0.050000
7141,-36.337875,0.050000
7142,-21.450090,0.050000
7143,-55.733740,0.050000
7144,-14.398159,0.050000
7145,-19.750024,0.050000
7146,-16.704628,0.050000
7147,-34.002668,0.050000
7148,-16.402167,0.050000
7149,-16.968298,0.050000
7150,-9.523706,0.050000
7151,-24.574434,0.050000
7152,-41.622790,0.050000
7153,-34.270778,0.050000
7154,-48.293778,0.050000
7155,-15.473635,0.050000
7156,-33.354005,0.050000
7157,-2.782386,0.050000
7158,-23.853873,0.050000
7159,-43.157865,0.050000
7160,-22.286884,0.050000
7161,-16.477336,0.050000
7162,-58.321076,0.050000
7163,-4.890571,0.050000
7164,-40.491076,0.050000
7165,-19.391502,0.050000
7166,-54.760893,0.050000
7167,-13.633495,0.050000
7168,-33.445269,0.050000
7169,-25.710053,0.050000
7170,-29.362361,0.050000
7171,-26.319810,0.050000
7172,-5.239391,0.050000
7173,-31.684749,0.050000
7174,-55.204914,0.050000
7175,-46.166455,0.050000
7176,-36.892393,0.050000
7177,-23.380546,0.050000
7178,-23.889156,0.050000
7179,-62.113024,0.050000
7180,-16.170630,0.050000
7181,-33.053816,0.050000
7182,-26.399693,0.050000
7183,-12.396555,0.050000
7184,-3.867058,0.050000
7185,-34.222466,0.050000
7186,-14.685655,0.050000
7187,-34.077833,0.050000
7188,-12.216669,0.050000
7189,-21.673078,0.050000
7190,-38.565530,0.050000
7191,-59.549814,0.050000
7192,-30.548451,0.050000
7193,-46.185410,0.050000
7194,-37.456572,0.050000
7195,-1.813136,0.050000
7196,-38.632422,0.050000
7197,-52.394255,0.050000
7198,-29.579410,0.050000
7199,-34.784748,0.050000
7200,-27.981305,0.050000
7201,-29.637937,0.050000
7202,-20.190050,0.050000
7203,-21.023436,0.050000
7204,-27.522941,0.050000
7205,-31.064298,0.050000
7206,-47.505992,0.050000
7207,-37.593644,0.050000
7208,-9.094623,0.050000
7209,-37.747460,0.050000
7210,-51.347085,0.050000
7211,-34.264785,0.050000
7212,-27.644856,0.050000
7213,-25.398261,0.050000
7214,-58.932609,0.050000
7215,-44.590658,0.050000
7216,-10.933938,0.050000
7217,-29.699308,0.050000
7218,-16.698047,0.050000
7219,-24.893604,0.050000
7220,-19.410494,0.050000
7221,-39.866331,0.050000
7222,-39.963968,0.050000
7223,-34.590787,0.050000
7224,-1.623626,0.050000
7225,-54.098175,0.050000
7226,-28.148100,0.050000
7227,-21.053564,0.050000
7228,-21.717759,0.050000
7229,-1.309874,0.050000
7230,-21.438974,0.050000
7231,-44.623484,0.050000
7232,-27.698050,0.050000
7233,-46.158779,0.050000
7234,-53.194865,0.050000
7235,-21.452322,0.050000
7236,-27.493677,0.050000
7237,-36.930795,0.050000
7238,-17.342348,0.050000
7239,-20.585245,0.050000
7240,-36.519125,0.050000
7241,-57.329164,0.050000
7242,-23.427678,0.050000
7243,-61.999208,0.050000
7244,-20.484735,0.050000
7245,4.839737,0.050000
7246,-36.284000,0.050000
7247,-61.715193,0.050000
7248,-45.223722,0.050000
7249,-28.371787,0.050000
7250,-19.064245,0.050000
7251,-68.509177,0.050000
7252,-12.727116,0.050000
7253,-22.193614,0.050000
7254,-41.961871,0.050000
7255,-24.644112,0.050000
7256,-15.921979,0.050000
7257,-70.418542,0.050000
7258,-34.671596,0.050000
7259,-41.250195,0.050000
7260,-15.815262,0.050000
7261,-43.996713,0.050000
7262,-38.896884,0.050000
7263,-47.535053,0.050000
7264,-46.049483,0.050000
7265,-34.194951,0.050000
7266,-48.946077,0.050000
7267,-42.601530,0.050000
7268,-25.450874,0.050000
7269,-23.532214,0.050000
7270,-53.028950,0.050000
7271,-28.737887,0.050000
7272,-16.830487,0.050000
7273,-44.141857,0.050000
7274,-21.788259,0.050000
7275,-35.314757,0.050000
7276,-51.008793,0.050000
7277,-54.495825,0.050000
7278,-12.010238,0.050000
7279,-30.842742,0.050000
7280,-30.603333,0.050000
7281,-29.608205,0.050000
7282,-23.474106,0.050000
7283,-47.200232,0.050000
7284,-32.588139,0.050000
7285,-52.768728,0.050000
7286,-34.254368,0.050000
7287,-30.416683,0.050000
7288,-29.426040,0.050000
7289,-34.206277,0.050000
7290,-21.766382,0.050000
7291,-37.416655,0.050000
7292,-21.131401,0.050000
7293,-47.494195,0.050000
7294,-35.481088,0.050000
7295,5.410819,0.050000
7296,-18.714171,0.050000
7297,-15.031305,0.050000
7298,-30.277945,0.050000
7299,-12.946330,0.050000
7300,-38.884841,0.050000
7301,-35.956888,0.050000
7302,-41.908559,0.050000
7303,-10.583732,0.050000
7304,-15.522150,0.050000
7305,-22.304476,0.050000
7306,-15.530528,0.050000
7307,-41.710779,0.050000
7308,-75.137862,0.050000
7309,-34.213986,0.050000
7310,-33.729938,0.050000
7311,-33.109611,0.050000
7312,-27.517088,0.050000
7313,-49.697169,0.050000
7314,-48.698851,0.050000
7315,-53.718132,0.050000
7316,-20.195301,0.050000
7317,-9.502703,0.050000
7318,-28.705175,0.050000
7319,-18.449842,0.050000
7320,-33.310124,0.050000
7321,-31.910357,0.050000
7322,-28.809662,0.050000
7323,-24.791049,0.050000
7324,-39.910227,0.050000
7325,-20.657086,0.050000
7326,-39.144289,0.050000
7327,-51.420649,0.050000
7328,-21.182849,0.050000
7329,-17.470469,0.050000
7330,-37.193155,0.050000
7331,-49.559974,0.050000
7332,-20.469604,0.050000
7333,-5.559842,0.050000
7334,-17.639623,0.050000
7335,-29.188499,0.050000
7336,-49.933608,0.050000
7337,-17.566616,0.050000
7338,-21.719829,0.050000
7339,-34.603299,0.050000
7340,-40.607502,0.050000
7341,-39.022267,0.050000
7342,-32.349764,0.050000
7343,-27.739205,0.050000
7344,-22.130200,0.050000
7345,-43.598880,0.050000
7346,-8.839733,0.050000
7347,-22.839128,0.050000
7348,-47.785622,0.050000
7349,-7.078185,0.050000
7350,-7.153306,0.050000
7351,-42.969904,0.050000
7352,-47.668276,0.050000
7353,-25.800979,0.050000
7354,-49.147515,0.050000
7355,-39.037586,0.050000
7356,-41.025658,0.050000
7357,-19.148292,0.050000
7358,-37.795979,0.050000
7359,-29.111211,0.050000
7360,-30.915213,0.050000
7361,-28.558652,0.050000
7362,-46.531971,0.050000
7363,-31.682775,0.050000
7364,-41.554705,0.050000
7365,-39.878065,0.050000
7366,-54.216598,0.050000
7367,-30.958502,0.050000
7368,-68.291367,0.050000
7369,-69.300502,0.050000
7370,-56.763350,0.050000
7371,-81.942541,0.050000
7372,-54.308213,0.050000
7373,-24.263191,0.050000
7374,-77.416415,0.050000
7375,-72.220989,0.050000
7376,-42.948839,0.050000
7377,-81.735780,0.050000
7378,-31.624031,0.050000
7379,-5.847733,0.050000
7380,-61.842381,0.050000
7381,-63.152820,0.050000
7382,-77.901329,0.050000
7383,-32.384459,0.050000
7384,-24.375562,0.050000
7385,-10.161807,0.050000
7386,-31.727951,0.050000
7387,-73.154240,0.050000
7388,-70.121312,0.050000
7389,-63.301097,0.050000
7390,-7.685146,0.050000
7391,-36.552734,0.050000
7392,-12.563287,0.050000
7393,-39.698596,0.050000
7394,-36.027366,0.050000
7395,-53.580844,0.050000
7396,-36.630744,0.050000
7397,-32.610197,0.050000
7398,-33.929234,0.050000
7399,-34.731145,0.050000
7400,-7.600162,0.050000
7401,-18.467200,0.050000
7402,-25.196701,0.050000
7403,-42.215804,0.050000
7404,-37.401134,0.050000
7405,-16.238750,0.050000
7406,-22.875574,0.050000
7407,-53.675372,0.050000
7408,-69.441135,0.050000
7409,-32.581643,0.050000
7410,-29.727125,0.050000
7411,-43.069075,0.050000
7412,-57.746529,0.050000
7413,-60.270019,0.050000
7414,-33.982162,0.050000
7415,-34.907097,0.050000
7416,-47.747831,0.050000
7417,-52.167994,0.050000
7418,-61.758577,0.050000
7419,-36.786712,0.050000
7420,-19.978135,0.050000
7421,-52.659861,0.050000
7422,-40.349960,0.050000
7423,-28.335574,0.050000
7424,5.952819,0.050000
7425,-41.684348,0.050000
7426,-50.426274,0.050000
7427,-35.862003,0.050000
7428,-52.466946,0.050000
7429,-45.767745,0.050000
7430,-59.159682,0.050000
7431,-64.919839,0.050000
7432,-48.711138,0.050000
7433,-65.225464,0.050000
7434,-41.451813,0.050000
7435,-48.250966,0.050000
7436,-44.683359,0.050000
7437,-26.485235,0.050000
7438,-62.309348,0.050000
7439,-40.223655,0.050000
7440,-37.927181,0.050000
7441,-45.982354,0.050000
7442,-28.186469,0.050000
7443,-68.112788,0.050000
7444,-27.141440,0.050000
7445,-4.898902,0.050000
7446,-19.698299,0.050000
7447,-32.927169,0.050000
7448,-42.471071,0.050000
7449,-20.351468,0.050000
7450,-64.611404,0.050000
7451,-37.036567,0.050000
7452,-47.542979,0.050000
7453,-34.671280,0.050000
7454,-63.568292,0.050000
7455,-87.315478,0.050000
7456,-44.409292,0.050000
7457,-55.296702,0.050000
7458,-56.432823,0.050000
7459,-24.094307,0.050000
7460,-58.084877,0.050000
7461,-33.501239,0.050000
7462,-22.590349,0.050000
7463,-53.913697,0.050000
7464,-76.570622,0.050000
7465,-21.828649,0.050000
7466,-40.865214,0.050000
7467,-68.274854,0.050000
7468,-63.999878,0.050000
7469,-59.273507,0.050000
7470,-48.111270,0.050000
7471,-50.499030,0.050000
7472,-103.834186,0.050000
7473,-66.156573,0.050000
7474,-65.213729,0.050000
7475,-65.761502,0.050000
7476,-48.098260,0.050000
7477,-44.317523,0.050000
7478,-39.246883,0.050000
7479,-71.974888,0.050000
7480,-53.237051,0.050000
7481,-24.837847,0.050000
7482,-72.949761,0.050000
7483,-78.600984,0.050000
7484,-79.809822,0.050000
7485,-57.858536,0.050000
7486,-51.521691,0.050000
7487,-72.734194,0.050000
7488,-52.619742,0.050000
7489,-50.933385,0.050000
7490,-33.564998,0.050000
7491,-49.551720,0.050000
7492,-45.972215,0.050000
7493,-45.158164,0.050000
7494,-57.929199,0.050000
7495,-61.313579,0.050000
7496,-40.708459,0.050000
7497,-48.736423,0.050000
7498,-48.647121,0.050000
7499,-48.742754,0.050000
7500,-52.407252,0.050000
7501,-47.776381,0.050000
7502,-51.178942,0.050000
7503,-55.891571,0.050000
7504,-27.598700,0.050000
7505,-56.146642,0.050000
7506,-57.561808,0.050000
7507,-68.754526,0.050000
7508,-56.075606,0.050000
7509,-84.996273,0.050000
7510,-37.008677,0.050000
7511,-48.086727,0.050000
7512,-64.051643,0.050000
7513,-48.083607,0.050000
7514,-20.988161,0.050000
7515,-46.194108,0.050000
7516,-50.279190,0.050000
7517,-38.925092,0.050000
7518,-48.436836,0.050000
7519,-40.116315,0.050000
7520,-44.701914,0.050000
7521,-67.892697,0.050000
7522,-54.369495,0.050000
7523,-35.599738,0.050000
7524,-56.300611,0.050000
7525,-20.200030,0.050000
7526,-8.564856,0.050000
7527,-44.560885,0.050000
7528,-11.595416,0.050000
7529,-39.409603,0.050000
7530,-22.439845,0.050000
7531,-26.385798,0.050000
7532,-29.233031,0.050000
7533,-51.154428,0.050000
7534,-38.330150,0.050000
7535,-45.008280,0.050000
7536,-16.545903,0.050000
7537,-36.980476,0.050000
7538,-55.603230,0.050000
7539,-41.584966,0.050000
7540,-27.246641,0.050000
7541,-28.427944,0.050000
7542,-32.617377,0.050000
7543,2.720156,0.050000
7544,-44.084892,0.050000
7545,-29.002956,0.050000
7546,-31.817106,0.050000
7547,-43.678044,0.050000
7548,-13.003168,0.050000
7549,-22.566132,0.050000
7550,-29.416871,0.050000
7551,-27.017502,0.050000
7552,-35.849792,0.050000
7553,-59.600796,0.050000
7554,-38.145841,0.050000
7555,-38.482680,0.050000
7556,-6.461904,0.050000
7557,-47.819422,0.050000
7558,-62.809319,0.050000
7559,-22.123669,0.050000
7560,-49.001541,0.050000
7561,-22.282805,0.050000
7562,-19.511626,0.050000
7563,-24.389327,0.050000
7564,-91.410732,0.050000
7565,-20.673718,0.050000
7566,-13.993213,0.050000
7567,-57.968944,0.050000
7568,-68.103638,0.050000
7569,-64.791322,0.050000
7570,1.454795,0.050000
7571,-13.173248,0.050000
7572,-49.086720,0.050000
7573,-27.376714,0.050000
7574,-38.888428,0.050000
7575,-45.050900,0.050000
7576,-0.719002,0.050000
7577,-28.501958,0.050000
7578,-24.585244,0.050000
7579,-18.597268,0.050000
7580,-14.702312,0.050000
7581,-21.736102,0.050000
7582,-51.222452,0.050000
7583,-14.159481,0.050000
7584,-75.260607,0.050000
7585,-9.764944,0.050000
7586,-20.500386,0.050000
7587,-22.672308,0.050000
7588,-13.039755,0.050000
7589,-30.126682,0.050000
7590,-37.781941,0.050000
7591,-76.966029,0.050000
7592,-54.324311,0.050000
7593,-48.717028,0.050000
7594,-86.302162,0.050000
7595,-54.439583,0.050000
7596,-38.242334,0.050000
7597,-71.805536,0.050000
7598,-70.350406,0.050000
7599,-105.550492,0.050000
7600,-39.704949,0.050000
7601,-28.221135,0.050000
7602,-48.092996,0.050000
7603,-74.775990,0.050000
7604,-40.611448,0.050000
7605,-36.698072,0.050000
7606,-11.383070,0.050000
7607,-49.502561,0.050000
7608,-80.138183,0.050000
7609,-48.021310,0.050000
7610,-94.211134,0.050000
7611,-36.061971,0.050000
7612,-98.143441,0.050000
7613,-75.432903,0.050000
7614,-1.129933,0.050000
7615,-16.169566,0.050000
7616,-52.255585,0.050000
7617,-61.917198,0.050000
7618,-15.924646,0.050000
7619,-40.180336,0.050000
7620,-106.380333,0.050000
7621,-85.843430,0.050000
7622,-52.800000,0.050000
7623,-45.299291,0.050000
7624,-25.554236,0.050000
7625,-26.277224,0.050000
7626,-25.354153,0.050000
7627,-32.922948,0.050000
7628,-2.727173,0.050000
7629,-76.656309,0.050000
7630,-39.552751,0.050000
7631,-27.960985,0.050000
7632,-43.761137,0.050000
7633,-28.726394,0.050000
7634,-84.601596,0.050000
7635,-94.916769,0.050000
7636,-46.605618,0.050000
7637,-40.313744,0.050000
7638,-43.623438,0.050000
7639,-0.708847,0.050000
7640,-31.010881,0.050000
7641,-27.182854,0.050000
7642,-51.497231,0.050000
7643,-23.670590,0.050000
7644,-55.759940,0.050000
7645,-71.107698,0.050000
7646,-30.839017,0.050000
7647,-63.170939,0.050000
7648,-18.323904,0.050000
7649,-64.050795,0.050000
7650,-18.730336,0.050000
7651,-23.111421,0.050000
7652,-61.029995,0.050000
7653,-51.489754,0.050000
7654,-32.301948,0.050000
7655,-59.999036,0.050000
7656,-53.676212,0.050000
7657,-56.026422,0.050000
7658,-39.577377,0.050000
7659,-21.564728,0.050000
7660,-53.240735,0.050000
7661,-41.970808,0.050000
7662,-80.123551,0.050000
7663,-13.311456,0.050000
7664,-71.983418,0.050000
7665,-68.692200,0.050000
7666,-5.946484,0.050000
7667,-40.726825,0.050000
7668,-36.415678,0.050000
7669,-51.150681,0.050000
7670,-22.246979,0.050000
7671,-56.486431,0.050000
7672,-41.847968,0.050000
7673,-56.568977,0.050000
7674,-16.964050,0.050000
7675,-24.513956,0.050000
7676,-23.427114,0.050000
7677,-50.164541,0.050000
7678,-48.122360,0.050000
7679,-39.619840,0.050000
7680,-24.359025,0.050000
7681,-12.231296,0.050000
7682,-40.201445,0.050000
7683,0.894634,0.050000
7684,-13.561276,0.050000
7685,-54.589169,0.050000
7686,-10.602766,0.050000
7687,-49.634283,0.050000
7688,-14.007857,0.050000
7689,-26.293487,0.050000
7690,-59.051760,0.050000
7691,4.868655,0.050000
7692,-3.532344,0.050000
7693,-10.015632,0.050000
7694,-0.986588,0.050000
7695,-41.789132,0.050000
7696,-17.769386,0.050000
7697,-22.113342,0.050000
7698,-21.856705,0.050000
7699,-28.970745,0.050000
7700,-28.818765,0.050000
7701,-23.794194,0.050000
7702,-27.221363,0.050000
7703,-49.795148,0.050000
7704,-2.948318,0.050000
7705,-25.763987,0.050000
7706,-7.005142,0.050000
7707,-32.578619,0.050000
7708,-48.061709,0.050000
7709,-47.969920,0.050000
7710,-25.181808,0.050000
7711,-17.881089,0.050000
7712,-45.141840,0.050000
7713,-12.802429,0.050000
7714,-27.290864,0.050000
7715,-53.718395,0.050000
7716,-46.780846,0.050000
7717,-13.649920,0.050000
7718,-9.822859,0.050000
7719,-1.500289,0.050000
7720,-34.620202,0.050000
7721,-53.085209,0.050000
7722,1.625754,0.050000
7723,-7.830189,0.050000
7724,-39.030590,0.050000
7725,-27.664291,0.050000
7726,-32.752542,0.050000
7727,-40.550520,0.050000
7728,-23.962686,0.050000
7729,-9.496221,0.050000
7730,-17.181384,0.050000
7731,-47.230351,0.050000
7732,-7.357187,0.050000
7733,-47.258212,0.050000
7734,-35.011161,0.050000
7735,-36.924612,0.050000
7736,-24.128204,0.050000
7737,-17.177147,0.050000
7738,-21.351029,0.050000
7739,-42.811952,0.050000
7740,-34.909914,0.050000
7741,-24.523689,0.050000
7742,-32.800560,0.050000
7743,-28.037444,0.050000
7744,-42.968478,0.050000
7745,-33.418161,0.050000
7746,-15.332542,0.050000
7747,-1.578274,0.050000
7748,-17.635211,0.050000
7749,-13.281532,0.050000
7750,-15.090354,0.050000
7751,-39.678693,0.050000
7752,-32.368072,0.050000
7753,-4.961536,0.050000
7754,-31.569527,0.050000
7755,-30.092689,0.050000
7756,-44.685387,0.050000
7757,-24.350691,0.050000
7758,-31.068027,0.050000
7759,-24.537649,0.050000
7760,-29.712461,0.050000
7761,-34.344277,0.050000
7762,-18.459933,0.050000
7763,-16.225807,0.050000
7764,-31.023005,0.050000
7765,-21.141379,0.050000
7766,-15.750713,0.050000
7767,-44.282122,0.050000
7768,-37.392303,0.050000
7769,-8.141406,0.050000
7770,-39.052117,0.050000
7771,-32.150158,0.050000
7772,-38.537544,0.050000
7773,-10.919824,0.050000
7774,-33.799257,0.050000
7775,-36.290597,0.050000
7776,-16.867217,0.050000
7777,-20.722359,0.050000
7778,-46.331913,0.050000
7779,-24.590320,0.050000
7780,-36.192989,0.050000
7781,-30.399831,0.050000
7782,-30.429776,0.050000
7783,-28.527448,0.050000
7784,-35.192188,0.050000
7785,-31.435654,0.050000
7786,-44.573543,0.050000
7787,-26.885256,0.050000
7788,-22.657051,0.050000
7789,-50.539606,0.050000
7790,-9.033253,0.050000
7791,-39.493165,0.050000
7792,-16.019904,0.050000
7793,-17.831194,0.050000
7794,-29.909046,0.050000
7795,-26.405842,0.050000
7796,-51.260855,0.050000
7797,-49.075539,0.050000
7798,-46.256680,0.050000
7799,-37.546860,0.050000
7800,-29.869937,0.050000
7801,-1.105862,0.050000
7802,-22.456000,0.050000
7803,-37.084343,0.050000
7804,6.368784,0.050000
7805,-16.306115,0.050000
7806,-34.226223,0.050000
7807,-14.563768,0.050000
7808,-51.642533,0.050000
7809,-17.900775,0.050000
7810,-8.878379,0.050000
7811,-26.798427,0.050000
7812,-21.435518,0.050000
7813,-56.350615,0.050000
7814,-48.075269,0.050000
7815,-9.711861,0.050000
7816,-38.003696,0.050000
7817,-28.547327,0.050000
7818,-8.532403,0.050000
7819,-13.682128,0.050000
7820,-7.153808,0.050000
7821,-11.836498,0.050000
7822,-13.736350,0.050000
7823,-31.098096,0.050000
7824,-42.115666,0.050000
7825,-35.600496,0.050000
7826,-16.825970,0.050000
7827,18.071467,0.050000
7828,-36.488785,0.050000
7829,-9.265963,0.050000
7830,-3.083078,0.050000
7831,-13.614685,0.050000
7832,-50.616981,0.050000
7833,6.553783,0.050000
7834,-30.052128,0.050000
7835,-32.655354,0.050000
7836,-11.684337,0.050000
7837,-11.624298,0.050000
7838,-4.561075,0.050000
7839,-43.422304,0.050000
7840,-32.477403,0.050000
7841,-4.035829,0.050000
7842,1.657858,0.050000
7843,-28.571339,0.050000
7844,-34.964109,0.050000
7845,-7.612245,0.050000
7846,1.921845,0.050000
7847,10.881371,0.050000
7848,-10.060599,0.050000
7849,-7.291014,0.050000
7850,-13.147897,0.050000
7851,-25.361882,0.050000
7852,-6.642047,0.050000
7853,-14.269585,0.050000
7854,-6.527036,0.050000
7855,-27.629821,0.050000
7856,-49.334230,0.050000
7857,-25.877230,0.050000
7858,-33.513457,0.050000
7859,-41.654211,0.050000
7860,-25.275188,0.050000
7861,-17.531975,0.050000
7862,-20.236808,0.050000
7863,-20.089177,0.050000
7864,-10.782256,0.050000
7865,-48.020971,0.050000
7866,2.513299,0.050000
7867,-23.347164,0.050000
7868,-33.066558,0.050000
7869,-21.778475,0.050000
7870,-11.837059,0.050000
7871,-21.087810,0.050000
7872,-9.744943,0.050000
7873,-21.566523,0.050000
7874,-15.810950,0.050000
7875,-12.310740,0.050000
7876,-3.153567,0.050000
7877,2.054081,0.050000
7878,-14.560829,0.050000
7879,-42.346868,0.050000
7880,-41.963112,0.050000
7881,-9.437733,0.050000
7882,-14.806739,0.050000
7883,-12.868554,0.050000
7884,-7.212663,0.050000
7885,-3.477144,0.050000
7886,-3.881861,0.050000
7887,-13.630309,0.050000
7888,-9.909714,0.050000
7889,-14.369962,0.050000
7890,-29.042461,0.050000
7891,-6.241682,0.050000
7892,-47.644506,0.050000
7893,-14.543632,0.050000
7894,-18.776244,0.050000
7895,-17.861833,0.050000
7896,-33.946246,0.050000
7897,-26.894676,0.050000
7898,-8.574283,0.050000
7899,-8.760861,0.050000
7900,-3.507383,0.050000
7901,-3.639004,0.050000
7902,-8.775432,0.050000
7903,5.396975,0.050000
7904,-48.919948,0.050000
7905,-20.932352,0.050000
7906,-17.338564,0.050000
7907,-3.736519,0.050000
7908,-13.957731,0.050000
7909,-22.203923,0.050000
7910,-23.920848,0.050000
7911,-54.103094,0.050000
7912,-16.667647,0.050000
7913,-19.739576,0.050000
7914,2.559393,0.050000
7915,-39.302981,0.050000
7916,-26.855254,0.050000
7917,-6.791440,0.050000
7918,-39.988450,0.050000
7919,-47.332670,0.050000
7920,-10.780973,0.050000
7921,-23.051266,0.050000
7922,-20.185214,0.050000
7923,-14.641731,0.050000
7924,-11.064450,0.050000
7925,-33.740499,0.050000
7926,-27.641730,0.050000
7927,-37.018545,0.050000
7928,-37.144837,0.050000
7929,-5.858256,0.050000
7930,-29.055067,0.050000
7931,-50.623159,0.050000
7932,-27.868806,0.050000
7933,-28.753446,0.050000
7934,-26.523098,0.050000
7935,-19.886359,0.050000
7936,-26.931764,0.050000
7937,-60.859331,0.050000
7938,-16.767726,0.050000
7939,-32.069843,0.050000
7940,12.704804,0.050000
7941,-47.176853,0.050000
7942,14.035827,0.050000
7943,-23.831012,0.050000
7944,-31.828729,0.050000
7945,-35.485175,0.050000
7946,-14.323051,0.050000
7947,-33.477668,0.050000
7948,-18.345102,0.050000
7949,-29.868177,0.050000
7950,-16.237100,0.050000
7951,-7.628581,0.050000
7952,-33.659206,0.050000
7953,-26.359717,0.050000
7954,-42.695075,0.050000
7955,-34.405362,0.050000
7956,-34.871159,0.050000
7957,2.247441,0.050000
7958,-16.493608,0.050000
7959,-26.738050,0.050000
7960,-47.227741,0.050000
7961,-25.956950,0.050000
7962,-10.437827,0.050000
7963,-44.782227,0.050000
7964,-26.522185,0.050000
7965,-43.682378,0.050000
7966,-49.559067,0.050000
7967,-29.627446,0.050000
7968,-7.943910,0.050000
7969,-26.803797,0.050000
7970,-21.277499,0.050000
7971,-52.536535,0.050000
7972,-50.209408,0.050000
7973,-42.993930,0.050000
7974,-31.555747,0.050000
7975,1.802412,0.050000
7976,-28.752691,0.050000
7977,-47.970095,0.050000
7978,-31.446047,0.050000
7979,-20.658087,0.050000
7980,-51.113571,0.050000
7981,-13.165699,0.050000
7982,-2.764322,0.050000
7983,-37.014971,0.050000
7984,-26.718286,0.050000
7985,-42.096042,0.050000
7986,-35.904163,0.050000
7987,-10.077902,0.050000
7988,-35.870587,0.050000
7989,-13.981700,0.050000
7990,-5.067310,0.050000
7991,-46.034495,0.050000
7992,-35.583662,0.050000
7993,-15.175760,0.050000
7994,-32.149354,0.050000
7995,-24.111257,0.050000
7996,-14.656628,0.050000
7997,-2.713466,0.050000
7998,-11.609246,0.050000
7999,-5.503458,0.050000
8000,-21.143386,0.050000
8001,-27.713317,0.050000
8002,-31.048011,0.050000
8003,-6.727611,0.050000
8004,-25.019055,0.050000
8005,-24.064209,0.050000
8006,-14.595532,0.050000
8007,-29.211198,0.050000
8008,-28.100107,0.050000
8009,-11.489542,0.050000
8010,-25.814631,0.050000
8011,-20.053294,0.050000
8012,14.080260,0.050000
8013,-22.811426,0.050000
8014,-13.746801,0.050000
8015,-31.040447,0.050000
8016,-19.813316,0.050000
8017,-26.600549,0.050000
8018,-30.192509,0.050000
8019,-10.637833,0.050000
8020,-47.272056,0.050000
8021,-21.291335,0.050000
8022,-8.691681,0.050000
8023,-32.621685,0.050000
8024,-13.532090,0.050000
8025,-5.329846,0.050000
8026,-53.336727,0.050000
8027,-29.277208,0.050000
8028,-27.303483,0.050000
8029,-22.813218,0.050000
8030,-47.288529,0.050000
8031,-11.334783,0.050000
8032,-49.460701,0.050000
8033,-37.929687,0.050000
8034,-29.791681,0.050000
8035,-38.728224,0.050000
8036,-73.779563,0.050000
8037,0.202274,0.050000
8038,-35.429689,0.050000
8039,-26.059428,0.050000
8040,-11.610647,0.050000
8041,-1.451309,0.050000
8042,-16.818909,0.050000
8043,-11.877286,0.050000
8044,-13.681350,0.050000
8045,-22.074864,0.050000
8046,-19.990203,0.050000
8047,3.579368,0.050000
8048,-11.319132,0.050000
8049,-36.907015,0.050000
8050,-27.203740,0.050000
8051,-39.495949,0.050000
8052,-11.930840,0.050000
8053,-29.282002,0.050000
8054,-39.125635,0.050000
8055,-51.494651,0.050000
8056,-22.145905,0.050000
8057,-36.135417,0.050000
8058,-21.315831,0.050000
8059,-10.093946,0.050000
8060,-10.063691,0.050000
8061,-24.588269,0.050000
8062,-18.732293,0.050000
8063,-9.306898,0.050000
8064,-13.090795,0.050000
8065,-47.677928,0.050000
8066,-29.069693,0.050000
8067,-27.415065,0.050000
8068,-29.615764,0.050000
8069,-41.726560,0.050000
8070,-11.539782,0.050000
8071,-31.931742,0.050000
8072,-9.578529,0.050000
8073,-24.252447,0.050000
8074,-7.423740,0.050000
8075,-20.160683,0.050000
8076,-10.302705,0.050000
8077,-36.143868,0.050000
8078,-35.670014,0.050000
8079,-67.327397,0.050000
8080,-14.531875,0.050000
8081,-19.060468,0.050000
8082,-22.478273,0.050000
8083,-23.819018,0.050000
8084,-12.535347,0.050000
8085,-43.428070,0.050000
8086,-13.687160,0.050000
8087,-22.790590,0.050000
8088,-48.723974,0.050000
8089,-21.884113,0.050000
8090,-24.366883,0.050000
8091,-16.596481,0.050000
8092,-24.760731,0.050000
8093,-21.198052,0.050000
8094,-35.738056,0.050000
8095,-6.104767,0.050000
8096,-49.942054,0.050000
8097,-23.406709,0.050000
8098,-4.794737,0.050000
8099,-46.099760,0.050000
8100,-28.447153,0.050000
8101,-42.695349,0.050000
8102,-40.536153,0.050000
8103,-37.327608,0.050000
8104,-29.113770,0.050000
8105,-40.139261,0.050000
8106,-50.502362,0.050000
8107,-36.522193,0.050000
8108,-14.080631,0.050000
8109,-38.291192,0.050000
8110,-14.917045,0.050000
8111,-24.748808,0.050000
8112,-6.436255,0.050000
8113,-18.411382,0.050000
8114,-42.651290,0.050000
8115,-21.616894,0.050000
8116,-25.740373,0.050000
8117,-26.182539,0.050000
8118,-37.542048,0.050000
8119,-12.553175,0.050000
8120,-37.192031,0.050000
8121,-25.563437,0.050000
8122,-14.424235,0.050000
8123,-13.705237,0.050000
8124,-25.995259,0.050000
8125,-9.864523,0.050000
8126,-32.865682,0.050000
8127,-39.236586,0.050000
8128,-31.700728,0.050000
8129,-26.901274,0.050000
8130,-16.008468,0.050000
8131,-42.557858,0.050000
8132,-15.872020,0.050000
8133,3.002581,0.050000
8134,-32.891976,0.050000
8135,-48.079357,0.050000
8136,-17.443807,0.050000
8137,-30.478050,0.050000
8138,-34.381745,0.050000
8139,-18.464236,0.050000
8140,-44.471600,0.050000
8141,-21.305432,0.050000
8142,-22.316865,0.050000
8143,-30.180279,0.050000
8144,-50.593849,0.050000
8145,-23.704012,0.050000
8146,-19.657960,0.050000
8147,-47.585361,0.050000
8148,-40.359318,0.050000
8149,-23.720180,0.050000
8150,-20.722920,0.050000
8151,-45.388297,0.050000
8152,-34.193770,0.050000
8153,-18.743188,0.050000
8154,-65.832806,0.050000
8155,-19.269993,0.050000
8156,-40.038040,0.050000
8157,-28.155717,0.050000
8158,-29.804581,0.050000
8159,-3.440357,0.050000
8160,-38.537922,0.050000
8161,-25.141823,0.050000
8162,-44.752883,0.050000
8163,-12.371321,0.050000
8164,-19.690895,0.050000
8165,-36.414323,0.050000
8166,-22.175622,0.050000
8167,-4.697867,0.050000
8168,-18.538060,0.050000
8169,-42.515403,0.050000
8170,-5.281935,0.050000
8171,-20.862429,0.050000
8172,-25.795080,0.050000
8173,-20.347591,0.050000
8174,-21.905419,0.050000
8175,-30.855077,0.050000
8176,-30.341518,0.050000
8177,-23.226708,0.050000
8178,-28.797064,0.050000
8179,4.474159,0.050000
8180,-7.281440,0.050000
8181,-6.469787,0.050000
8182,-41.618747,0.050000
8183,-21.557068,0.050000
8184,-17.093640,0.050000
8185,-37.946765,0.050000
8186,-8.118819,0.050000
8187,7.697687,0.050000
8188,-46.387117,0.050000
8189,-10.679510,0.050000
8190,-14.271848,0.050000
8191,-37.039531,0.050000
8192,-37.659880,0.050000
8193,-39.061880,0.050000
8194,-53.449880,0.050000
8195,-43.874054,0.050000
8196,-32.052719,0.050000
8197,-24.506245,0.050000
8198,-14.779070,0.050000
8199,-4.850036,0.050000
8200,-5.881627,0.050000
8201,-22.350820,0.050000
8202,-27.231611,0.050000
8203,-35.581705,0.050000
8204,-21.902221,0.050000
8205,-27.082320,0.050000
8206,-0.060041,0.050000
8207,-24.541546,0.050000
8208,4.103073,0.050000
8209,-44.813426,0.050000
8210,-17.028195,0.050000
8211,-42.207164,0.050000
8212,-43.550248,0.050000
8213,-22.221637,0.050000
8214,-30.157783,0.050000
8215,-32.647290,0.050000
8216,-26.723619,0.050000
8217,-43.183138,0.050000
8218,-18.969331,0.050000
8219,-32.360137,0.050000
8220,-39.373154,0.050000
8221,-21.124694,0.050000
8222,-33.325078,0.050000
8223,-29.161052,0.050000
8224,-21.418385,0.050000
8225,-13.907213,0.050000
8226,-31.995954,0.050000
8227,-18.033097,0.050000
8228,-31.643610,0.050000
8229,-28.339892,0.050000
8230,-19.682086,0.050000
8231,-12.945006,0.050000
8232,-28.477499,0.050000
8233,-39.693648,0.050000
8234,13.052786,0.050000
8235,-29.638521,0.050000
8236,-30.206939,0.050000
8237,-32.059888,0.050000
8238,-10.231108,0.050000
8239,-25.255236,0.050000
8240,-32.098243,0.050000
8241,-25.246932,0.050000
8242,-36.247121,0.050000
8243,-43.102205,0.050000
8244,1.097847,0.050000
8245,-20.260197,0.050000
8246,-22.115711,0.050000
8247,-23.583053,0.050000
8248,-33.000010,0.050000
8249,-23.075845,0.050000
8250,-54.003476,0.050000
8251,-51.791393,0.050000
8252,-19.587608,0.050000
8253,-60.705114,0.050000
8254,-24.414236,0.050000
8255,-30.719380,0.050000
8256,-8.714183,0.050000
8257,-2.586214,0.050000
8258,-36.364204,0.050000
8259,-47.229266,0.050000
8260,-49.070264,0.050000
8261,-48.765027,0.050000
8262,-10.710894,0.050000
8263,-35.190730,0.050000
8264,-43.862138,0.050000
8265,-33.545459,0.050000
8266,-15.644454,0.050000
8267,-23.734491,0.050000
8268,-41.318590,0.050000
8269,-21.221639,0.050000
8270,-34.380463,0.050000
8271,-65.013052,0.050000
8272,-48.634443,0.050000
8273,-7.355187,0.050000
8274,-16.036075,0.050000
8275,-74.471017,0.050000
8276,-14.380972,0.050000
8277,-30.736812,0.050000
8278,-8.777224,0.050000
8279,-11.642079,0.050000
8280,-10.325825,0.050000
8281,-47.481244,0.050000
8282,-4.112296,0.050000
8283,-30.523324,0.050000
8284,-36.330171,0.050000
8285,-30.704993,0.050000
8286,-22.054740,0.050000
8287,-46.867308,0.050000
8288,-32.293934,0.050000
8289,-22.070138,0.050000
8290,-35.305948,0.050000
8291,-39.147877,0.050000
8292,-17.634441,0.050000
8293,-27.100598,0.050000
8294,-24.039622,0.050000
8295,-11.523806,0.050000
8296,-82.287740,0.050000
8297,-51.452540,0.050000
8298,-19.664814,0.050000
8299,-15.909802,0.050000
8300,-36.777609,0.050000
8301,-4.469716,0.050000
8302,-20.230020,0.050000
8303,-30.632505,0.050000
8304,-30.634294,0.050000
8305,-47.898231,0.050000
8306,-58.755383,0.050000
8307,-30.716913,0.050000
8308,-45.346007,0.050000
8309,-22.054252,0.050000
8310,-22.838849,0.050000
8311,-14.064416,0.050000
8312,-55.832488,0.050000
8313,-0.733541,0.050000
8314,-14.922234,0.050000
8315,-27.355692,0.050000
8316,-21.681545,0.050000
8317,-21.559709,0.050000
8318,-31.837368,0.050000
8319,-21.035702,0.050000
8320,-35.601929,0.050000
8321,-16.975284,0.050000
8322,-42.075149,0.050000
8323,-8.469415,0.050000
8324,-13.685668,0.050000
8325,-22.292591,0.050000
8326,-20.754392,0.050000
8327,-29.918957,0.050000
8328,-4.584699,0.050000
8329,-35.459955,0.050000
8330,-31.015413,0.050000
8331,-19.472429,0.050000
8332,-52.957435,0.050000
8333,-64.078260,0.050000
8334,-13.364351,0.050000
8335,-32.270619,0.050000
8336,-31.817205,0.050000
8337,-21.908452,0.050000
8338,-37.541557,0.050000
8339,-19.144692,0.050000
8340,-35.620271,0.050000
8341,-50.748529,0.050000
8342,-19.627524,0.050000
8343,-39.192997,0.050000
8344,-21.717055,0.050000
8345,-36.117592,0.050000
8346,-29.332698,0.050000
8347,-11.486427,0.050000
8348,-25.208992,0.050000
8349,-17.806423,0.050000
8350,2.299304,0.050000
8351,-9.988119,0.050000
8352,-14.905948,0.050000
8353,-25.797356,0.050000
8354,-15.068085,0.050000
8355,-24.676185,0.050000
8356,-37.742878,0.050000
8357,-22.208723,0.050000
8358,-14.756379,0.050000
8359,-29.778262,0.050000
8360,-22.075223,0.050000
8361,-23.472066,0.050000
8362,-29.292276,0.050000
8363,-23.202153,0.050000
8364,-12.389445,0.050000
8365,-8.025806,0.050000
8366,-20.652935,0.050000
8367,-5.373603,0.050000
8368,-25.648118,0.050000
8369,-39.754288,0.050000
8370,-5.768748,0.050000
8371,10.146104,0.050000
8372,-24.354162,0.050000
8373,-52.171031,0.050000
8374,-56.817047,0.050000
8375,-39.626550,0.050000
8376,-40.678952,0.050000
8377,-67.717783,0.050000
8378,-20.403782,0.050000
8379,-29.465112,0.050000
8380,-3.995751,0.050000
8381,-32.121861,0.050000
8382,-36.010184,0.050000
8383,-23.114208,0.050000
8384,-32.982287,0.050000
8385,-66.393827,0.050000
8386,-13.976334,0.050000
8387,-21.090655,0.050000
8388,-14.699516,0.050000
8389,-13.500600,0.050000
8390,-27.712147,0.050000
8391,-6.283252,0.050000
8392,-3.272607,0.050000
8393,-44.564946,0.050000
8394,-9.477011,0.050000
8395,-26.055677,0.050000
8396,-21.763669,0.050000
8397,-9.154923,0.050000
8398,-17.440680,0.050000
8399,-27.746746,0.050000
8400,-20.916963,0.050000
8401,-59.513461,0.050000
8402,-11.127487,0.050000
8403,-1.599050,0.050000
8404,-21.148855,0.050000
8405,-27.001215,0.050000
8406,-20.951261,0.050000
8407,-18.396406,0.050000
8408,-21.560710,0.050000
8409,-26.641102,0.050000
8410,-19.316288,0.050000
8411,-46.682315,0.050000
8412,-16.908951,0.050000
8413,-41.547324,0.050000
8414,-15.531246,0.050000
8415,-21.211098,0.050000
8416,-53.523813,0.050000
8417,-32.484715,0.050000
8418,-34.935650,0.050000
8419,-13.741403,0.050000
8420,-42.221655,0.050000
8421,-25.787666,0.050000
8422,-28.826566,0.050000
8423,-21.596346,0.050000
8424,-8.181148,0.050000
8425,-24.087351,0.050000
8426,-30.776578,0.050000
8427,-29.099302,0.050000
8428,-54.110405,0.050000
8429,-21.673228,0.050000
8430,-14.561031,0.050000
8431,-19.667708,0.050000
8432,-27.073795,0.050000
8433,-17.630441,0.050000
8434,-15.471066,0.050000
8435,-30.441989,0.050000
8436,-18.929634,0.050000
8437,-33.318325,0.050000
8438,-13.177840,0.050000
8439,-21.579649,0.050000
8440,-28.575820,0.050000
8441,-35.908313,0.050000
8442,-20.903949,0.050000
8443,-9.527911,0.050000
8444,-14.820376,0.050000
8445,-40.914700,0.050000
8446,-21.622960,0.050000
8447,-33.612492,0.050000
8448,-20.763413,0.050000
8449,-27.948929,0.050000
8450,-20.613703,0.050000
8451,-35.910877,0.050000
8452,-43.548883,0.050000
8453,-30.971373,0.050000
8454,-44.259483,0.050000
8455,-26.203915,0.050000
8456,-58.855125,0.050000
8457,-22.449495,0.050000
8458,-43.837709,0.050000
8459,-34.549484,0.050000
8460,-34.270059,0.050000
8461,-47.209096,0.050000
8462,-31.578012,0.050000
8463,-50.424744,0.050000
8464,-22.040185,0.050000
8465,-68.868723,0.050000
8466,-32.941141,0.050000
8467,-41.476358,0.050000
8468,-20.553094,0.050000
8469,-0.621433,0.050000
8470,-36.380335,0.050000
8471,-30.107358,0.050000
8472,-48.977120,0.050000
8473,-21.669139,0.050000
8474,-22.731672,0.050000
8475,-38.475787,0.050000
8476,-21.056482,0.050000
8477,-32.730374,0.050000
8478,-11.350875,0.050000
8479,-12.183000,0.050000
8480,-33.617195,0.050000
8481,-45.970556,0.050000
8482,-45.739962,0.050000
8483,-33.440021,0.050000
8484,-8.760399,0.050000
8485,-28.850930,0.050000
8486,-49.554504,0.050000
8487,-23.464549,0.050000
8488,-7.160596,0.050000
8489,-51.123436,0.050000
8490,-49.327426,0.050000
8491,-35.253312,0.050000
8492,-54.496867,0.050000
8493,-33.894099,0.050000
8494,-18.220809,0.050000
8495,-32.815108,0.050000
8496,-36.559086,0.050000
8497,-41.034194,0.050000
8498,-14.562669,0.050000
8499,-58.716217,0.050000
8500,-20.171510,0.050000
8501,-19.801907,0.050000
8502,-41.658538,0.050000
8503,-30.341064,0.050000
8504,-41.070046,0.050000
8505,-8.521406,0.050000
8506,-51.159245,0.050000
8507,-32.359245,0.050000
8508,-45.922626,0.050000
8509,-4.740953,0.050000
8510,-29.787548,0.050000
8511,-5.521510,0.050000
8512,-11.147528,0.050000
8513,-44.240515,0.050000
8514,-22.231583,0.050000
8515,-55.393552,0.050000
8516,-14.908652,0.050000
8517,-23.965238,0.050000
8518,-26.488597,0.050000
8519,-18.240713,0.050000
8520,-16.014734,0.050000
8521,-18.511466,0.050000
8522,-27.995672,0.050000
8523,-4.177088,0.050000
8524,-27.631318,0.050000
8525,-18.505113,0.050000
8526,-42.822211,0.050000
8527,-19.664101,0.050000
8528,-29.820267,0.050000
8529,-33.931391,0.050000
8530,-26.805146,0.050000
8531,-42.884198,0.050000
8532,7.911113,0.050000
8533,-12.500771,0.050000
8534,-21.048984,0.050000
8535,-8.519268,0.050000
8536,-21.315494,0.050000
8537,-32.230300,0.050000
8538,-34.542025,0.050000
8539,-41.769701,0.050000
8540,-27.902406,0.050000
8541,-2.488587,0.050000
8542,-39.871171,0.050000
8543,-38.876441,0.050000
8544,-48.827951,0.050000
8545,-22.191125,0.050000
8546,-14.132466,0.050000
8547,8.462932,0.050000
8548,-39.599149,0.050000
8549,-9.625690,0.050000
8550,-21.298748,0.050000
8551,-19.946690,0.050000
8552,-27.020132,0.050000
8553,-4.465374,0.050000
8554,-15.832857,0.050000
8555,-25.447885,0.050000
8556,-36.453996,0.050000
8557,-17.982994,0.050000
8558,-6.890803,0.050000
8559,7.376998,0.050000
8560,-18.006181,0.050000
8561,-18.592498,0.050000
8562,-34.946182,0.050000
8563,5.251090,0.050000
8564,-9.309708,0.050000
8565,-66.956928,0.050000
8566,-16.411906,0.050000
8567,-63.165936,0.050000
8568,-5.622789,0.050000
8569,-13.514920,0.050000
8570,-13.415543,0.050000
8571,-22.750966,0.050000
8572,-27.616454,0.050000
8573,-9.094156,0.050000
8574,-14.679846,0.050000
8575,-1.407754,0.050000
8576,-46.982110,0.050000
8577,-0.256706,0.050000
8578,-0.280289,0.050000
8579,-7.330760,0.050000
8580,-19.878606,0.050000
8581,-15.333990,0.050000
8582,-20.621174,0.050000
8583,-50.212168,0.050000
8584,-20.071390,0.050000
8585,-2.400197,0.050000
8586,-13.916073,0.050000
8587,-18.977401,0.050000
8588,-4.196364,0.050000
8589,-21.883407,0.050000
8590,2.841041,0.050000
8591,1.321835,0.050000
8592,-7.140268,0.050000
8593,-15.970086,0.050000
8594,-0.706469,0.050000
8595,-7.921930,0.050000
8596,-19.527792,0.050000
8597,-34.665836,0.050000
8598,-32.009384,0.050000
8599,-19.706434,0.050000
8600,-16.121228,0.050000
8601,-8.198950,0.050000
8602,-19.850266,0.050000
8603,-10.349445,0.050000
8604,13.919968,0.050000
8605,-28.639872,0.050000
8606,-9.746631,0.050000
8607,-9.408988,0.050000
8608,-5.768365,0.050000
8609,21.423561,0.050000
8610,-11.280496,0.050000
8611,-7.576535,0.050000
8612,-20.231632,0.050000
8613,-23.110142,0.050000
8614,-25.957236,0.050000
8615,-2.064224,0.050000
8616,-6.085745,0.050000
8617,-12.061533,0.050000
8618,-28.116705,0.050000
8619,10.499457,0.050000
8620,-21.760182,0.050000
8621,-18.529355,0.050000
8622,-10.947110,0.050000
8623,-11.279130,0.050000
8624,-0.034935,0.050000
8625,-9.622000,0.050000
8626,-10.240249,0.050000
8627,-12.458573,0.050000
8628,-25.859587,0.050000
8629,-37.044263,0.050000
8630,-59.520942,0.050000
8631,-17.431500,0.050000
8632,-2.607331,0.050000
8633,-20.090112,0.050000
8634,-9.053271,0.050000
8635,-20.194806,0.050000
8636,-10.179094,0.050000
8637,2.966167,0.050000
8638,3.136096,0.050000
8639,9.430540,0.050000
8640,-7.481136,0.050000
8641,-6.200891,0.050000
8642,-32.933533,0.050000
8643,-16.785805,0.050000
8644,-3.497678,0.050000
8645,-19.343590,0.050000
8646,-42.007537,0.050000
8647,-2.214880,0.050000
8648,-19.379443,0.050000
8649,-35.485249,0.050000
8650,4.086489,0.050000
8651,0.011025,0.050000
8652,-20.291020,0.050000
8653,-7.851573,0.050000
8654,-0.465878,0.050000
8655,-16.536669,0.050000
8656,-32.936276,0.050000
8657,-19.639657,0.050000
8658,-24.558267,0.050000
8659,-23.225370,0.050000
8660,0.541211,0.050000
8661,-0.636563,0.050000
8662,-2.224260,0.050000
8663,-43.141378,0.050000
8664,-17.855420,0.050000
8665,-17.489161,0.050000
8666,-54.630321,0.050000
8667,-0.953030,0.050000
8668,-26.568155,0.050000
8669,-29.036414,0.050000
8670,-43.234530,0.050000
8671,-34.793900,0.050000
8672,6.042553,0.050000
8673,-21.389336,0.050000
8674,5.185030,0.050000
8675,-13.825420,0.050000
8676,-4.680345,0.050000
8677,-11.109148,0.050000
8678,-1.669697,0.050000
8679,4.289050,0.050000
8680,-31.829753,0.050000
8681,-14.383191,0.050000
8682,-12.169273,0.050000
8683,-12.802045,0.050000
8684,-11.998708,0.050000
8685,-8.724280,0.050000
8686,-5.591648,0.050000
8687,-13.228578,0.050000
8688,-31.376409,0.050000
8689,-4.516446,0.050000
8690,4.631519,0.050000
8691,6.548808,0.050000
8692,6.897166,0.050000
8693,-9.110079,0.050000
8694,8.503679,0.050000
8695,-9.717681,0.050000
8696,1.624387,0.050000
8697,-14.989146,0.050000
8698,-25.900917,0.050000
8699,-8.056761,0.050000
8700,-13.093245,0.050000
8701,-5.419327,0.050000
8702,-5.039878,0.050000
8703,-3.245536,0.050000
8704,-8.768663,0.050000
8705,-27.301571,0.050000
8706,-37.135502,0.050000
8707,-4.470780,0.050000
8708,-10.548762,0.050000
8709,-67.394078,0.050000
8710,-14.589029,0.050000
8711,-35.597989,0.050000
8712,-10.471473,0.050000
8713,-14.269144,0.050000
8714,-16.317266,0.050000
8715,-12.196605,0.050000
8716,-13.249048,0.050000
8717,-11.695648,0.050000
8718,-24.121201,0.050000
8719,-48.644601,0.050000
8720,-39.234298,0.050000
8721,-25.483216,0.050000
8722,-1.920525,0.050000
8723,-26.248714,0.050000
8724,-6.586201,0.050000
8725,-25.655064,0.050000
8726,11.468440,0.050000
8727,-12.005971,0.050000
8728,-23.527912,0.050000
8729,-13.444518,0.050000
8730,-37.316673,0.050000
8731,7.431683,0.050000
8732,-0.495336,0.050000
8733,-21.511906,0.050000
8734,-44.277471,0.050000
8735,-18.076905,0.050000
8736,-19.550352,0.050000
8737,-0.769451,0.050000
8738,-22.338919,0.050000
8739,-28.601702,0.050000
8740,-27.197036,0.050000
8741,-9.092909,0.050000
8742,-1.719688,0.050000
8743,-24.885696,0.050000
8744,-1.461338,0.050000
8745,-14.836266,0.050000
8746,-11.475899,0.050000
8747,-32.604370,0.050000
8748,-24.494630,0.050000
8749,16.347505,0.050000
8750,-25.897167,0.050000
8751,-22.475012,0.050000
8752,-13.274249,0.050000
8753,-1.216913,0.050000
8754,-38.635704,0.050000
8755,-29.836012,0.050000
8756,-27.241178,0.050000
8757,2.257757,0.050000
8758,-10.753889,0.050000
8759,-27.123572,0.050000
8760,-18.281354,0.050000
8761,-13.674872,0.050000
8762,-40.135785,0.050000
8763,-14.550660,0.050000
8764,-2.911275,0.050000
8765,-29.928351,0.050000
8766,-10.390517,0.050000
8767,-14.156220,0.050000
8768,11.772080,0.050000
8769,-12.252407,0.050000
8770,-36.951902,0.050000
8771,-18.587246,0.050000
8772,-6.862800,0.050000
8773,-29.856768,0.050000
8774,19.656450,0.050000
8775,-32.413413,0.050000
8776,-5.137136,0.050000
8777,14.562853,0.050000
8778,-11.110592,0.050000
8779,-12.698906,0.050000
8780,-30.827214,0.050000
8781,-3.640748,0.050000
8782,-11.800715,0.050000
8783,-41.828211,0.050000
8784,-16.331451,0.050000
8785,-28.956801,0.050000
8786,-23.971990,0.050000
8787,-27.587966,0.050000
8788,2.275699,0.050000
8789,-27.605885,0.050000
8790,-9.425467,0.050000
8791,10.899672,0.050000
8792,-2.862810,0.050000
8793,-20.599338,0.050000
8794,0.339092,0.050000
8795,0.305153,0.050000
8796,-4.844715,0.050000
8797,5.369602,0.050000
8798,4.502682,0.050000
8799,7.084125,0.050000
8800,-19.413490,0.050000
8801,-4.743852,0.050000
8802,-4.030522,0.050000
8803,9.505694,0.050000
8804,-41.616431,0.050000
8805,-9.971923,0.050000
8806,-20.617650,0.050000
8807,-23.368102,0.050000
8808,-28.405116,0.050000
8809,-9.780871,0.050000
8810,-18.458320,0.050000
8811,-0.657322,0.050000
8812,7.119072,0.050000
8813,-24.316277,0.050000
8814,-21.039926,0.050000
8815,-7.547656,0.050000
8816,-12.187271,0.050000
8817,-10.968845,0.050000
8818,-9.750623,0.050000
8819,-15.051802,0.050000
8820,-21.130998,0.050000
8821,9.760212,0.050000
8822,-14.841397,0.050000
8823,-3.181356,0.050000
8824,-26.680810,0.050000
8825,-1.112171,0.050000
8826,-35.800376,0.050000
8827,-56.075834,0.050000
8828,3.794637,0.050000
8829,-32.761126,0.050000
8830,-14.721147,0.050000
8831,2.736052,0.050000
8832,-18.412386,0.050000
8833,-21.114312,0.050000
8834,-5.408867,0.050000
8835,-22.220488,0.050000
8836,6.320445,0.050000
8837,-11.669740,0.050000
8838,-34.413396,0.050000
8839,5.732334,0.050000
8840,2.781371,0.050000
8841,7.239291,0.050000
8842,-16.603353,0.050000
8843,-20.602295,0.050000
8844,5.053420,0.050000
8845,-0.363995,0.050000
8846,0.501156,0.050000
8847,-15.497854,0.050000
8848,-16.173255,0.050000
8849,-10.765372,0.050000
8850,-35.651266,0.050000
8851,-27.434487,0.050000
8852,10.562106,0.050000
8853,-0.662812,0.050000
8854,-14.466807,0.050000
8855,-34.662449,0.050000
8856,-12.922546,0.050000
8857,-10.466825,0.050000
8858,-33.156071,0.050000
8859,-18.097118,0.050000
8860,-3.956257,0.050000
8861,-4.710673,0.050000
8862,-22.343993,0.050000
8863,-24.057331,0.050000
8864,6.565008,0.050000
8865,-27.581738,0.050000
8866,-5.409305,0.050000
8867,-0.867366,0.050000
8868,-18.778343,0.050000
8869,-20.275070,0.050000
8870,5.922981,0.050000
8871,-40.545084,0.050000
8872,-23.302283,0.050000
8873,-8.581509,0.050000
8874,-4.163646,0.050000
8875,-18.988302,0.050000
8876,-16.267377,0.050000
8877,2.888654,0.050000
8878,-25.125011,0.050000
8879,-4.638190,0.050000
8880,-23.937618,0.050000
8881,-25.272880,0.050000
8882,-6.162569,0.050000
8883,1.631339,0.050000
8884,-34.483094,0.050000
8885,-5.965357,0.050000
8886,-27.197296,0.050000
8887,-15.747743,0.050000
8888,-16.837467,0.050000
8889,-30.188071,0.050000
8890,0.472959,0.050000
8891,-35.512166,0.050000
8892,-5.568998,0.050000
8893,-12.745699,0.050000
8894,-12.635244,0.050000
8895,-22.387439,0.050000
8896,-25.734661,0.050000
8897,-12.310867,0.050000
8898,-20.346200,0.050000
8899,-11.629529,0.050000
8900,1.875285,0.050000
8901,-15.546208,0.050000
8902,2.679624,0.050000
8903,11.155703,0.050000
8904,2.468988,0.050000
8905,-30.919588,0.050000
8906,-36.129548,0.050000
8907,-17.060915,0.050000
8908,-46.447332,0.050000
8909,-59.991536,0.050000
8910,-31.878076,0.050000
8911,-23.514475,0.050000
8912,-12.633977,0.050000
8913,-37.302285,0.050000
8914,-21.718693,0.050000
8915,-5.206689,0.050000
8916,-27.251620,0.050000
8917,-25.173648,0.050000
8918,-18.624214,0.050000
8919,-13.820623,0.050000
8920,-21.472460,0.050000
8921,-28.108194,0.050000
8922,-8.858624,0.050000
8923,-22.398021,0.050000
8924,-27.201852,0.050000
8925,-0.870198,0.050000
8926,-11.559712,0.050000
8927,-4.327182,0.050000
8928,-0.127273,0.050000
8929,-49.392401,0.050000
8930,-4.801297,0.050000
8931,-11.694641,0.050000
8932,-5.660770,0.050000
8933,-13.716838,0.050000
8934,-8.860086,0.050000
8935,-33.663118,0.050000
8936,-35.916926,0.050000
8937,-49.988434,0.050000
8938,-16.453097,0.050000
8939,-24.889851,0.050000
8940,-10.787976,0.050000
8941,-26.307358,0.050000
8942,-13.291630,0.050000
8943,-31.451085,0.050000
8944,-33.495405,0.050000
8945,-38.866577,0.050000
8946,-7.495559,0.050000
8947,5.444877,0.050000
8948,-3.129749,0.050000
8949,-2.931176,0.050000
8950,-26.419042,0.050000
8951,7.627302,0.050000
8952,2.605844,0.050000
8953,3.906095,0.050000
8954,-4.166184,0.050000
8955,-8.314537,0.050000
8956,-11.622782,0.050000
8957,-5.683430,0.050000
8958,-4.659559,0.050000
8959,-15.521391,0.050000
8960,-26.995092,0.050000
8961,-13.085977,0.050000
8962,6.441994,0.050000
8963,-17.816050,0.050000
8964,-11.689343,0.050000
8965,-9.527456,0.050000
8966,-6.446834,0.050000
8967,-13.891357,0.050000
8968,-7.922203,0.050000
8969,-13.737954,0.050000
8970,-4.890097,0.050000
8971,-18.151264,0.050000
8972,-16.635861,0.050000
8973,-11.287931,0.050000
8974,-24.462723,0.050000
8975,-15.002468,0.050000
8976,10.397762,0.050000
8977,7.120497,0.050000
8978,6.696768,0.050000
8979,-26.086403,0.050000
8980,-35.359192,0.050000
8981,-12.046339,0.050000
8982,-4.936361,0.050000
8983,-16.102202,0.050000
8984,-18.476402,0.050000
8985,-31.203239,0.050000
8986,-9.292695,0.050000
8987,-19.183720,0.050000
8988,9.415566,0.050000
8989,-40.281516,0.050000
8990,-11.231959,0.050000
8991,-13.275817,0.050000
8992,-15.443504,0.050000
8993,-10.647357,0.050000
8994,-29.958185,0.050000
8995,-3.710940,0.050000
8996,-9.757746,0.050000
8997,-13.018699,0.050000
8998,-9.005280,0.050000
8999,-8.346321,0.050000
9000,-2.088628,0.050000
9001,-20.704095,0.050000
9002,-5.478535,0.050000
9003,-20.583873,0.050000
9004,-1.434296,0.050000
9005,5.646349,0.050000
9006,-19.580631,0.050000
9007,-6.838706,0.050000
9008,-20.128707,0.050000
9009,-27.689188,0.050000
9010,-3.353864,0.050000
9011,-0.425770,0.050000
9012,-37.474921,0.050000
9013,-15.993604,0.050000
9014,-18.858289,0.050000
9015,-41.119772,0.050000
9016,-13.532261,0.050000
9017,-30.846852,0.050000
9018,-58.810070,0.050000
9019,-28.832816,0.050000
9020,-25.382071,0.050000
9021,-22.661769,0.050000
9022,-12.104340,0.050000
9023,-19.822226,0.050000
9024,-34.682424,0.050000
9025,-21.892027,0.050000
9026,-45.041434,0.050000
9027,-41.782735,0.050000
9028,-42.239287,0.050000
9029,-26.152255,0.050000
9030,-7.570075,0.050000
9031,-26.830252,0.050000
9032,-7.240023,0.050000
9033,-31.638186,0.050000
9034,-3.628817,0.050000
9035,-49.360943,0.050000
9036,-30.173281,0.050000
9037,-18.550819,0.050000
9038,-17.633968,0.050000
9039,0.184380,0.050000
9040,-17.619322,0.050000
9041,-28.227076,0.050000
9042,-45.328718,0.050000
9043,-22.549575,0.050000
9044,6.865753,0.050000
9045,7.356732,0.050000
9046,-21.119871,0.050000
9047,-17.938187,0.050000
9048,-5.954510,0.050000
9049,-23.568524,0.050000
9050,-66.785521,0.050000
9051,-4.483155,0.050000
9052,-14.487474,0.050000
9053,0.233704,0.050000
9054,-19.350503,0.050000
9055,-31.772212,0.050000
9056,-30.831673,0.050000
9057,-22.131118,0.050000
9058,-28.776106,0.050000
9059,-35.877245,0.050000
9060,6.669152,0.050000
9061,-31.411544,0.050000
9062,8.538623,0.050000
9063,-25.907446,0.050000
9064,-21.604001,0.050000
9065,-23.490756,0.050000
9066,-41.122158,0.050000
9067,-31.379911,0.050000
9068,-3.338560,0.050000
9069,-47.215358,0.050000
9070,-19.959903,0.050000
9071,-24.993962,0.050000
9072,-26.792388,0.050000
9073,15.251088,0.050000
9074,-18.999392,0.050000
9075,-22.852606,0.050000
9076,-51.773383,0.050000
9077,-45.369034,0.050000
9078,-24.012428,0.050000
9079,-27.834429,0.050000
9080,-47.046046,0.050000
9081,-43.322315,0.050000
9082,-16.172662,0.050000
9083,-26.052363,0.050000
9084,-47.440870,0.050000
9085,-45.448097,0.050000
9086,-21.111709,0.050000
9087,-11.650484,0.050000
9088,-18.587284,0.050000
9089,-25.107218,0.050000
9090,-30.983556,0.050000
9091,-6.546825,0.050000
9092,-29.224986,0.050000
9093,-50.330600,0.050000
9094,-28.821911,0.050000
9095,-9.598474,0.050000
9096,-21.798407,0.050000
9097,-44.369666,0.050000
9098,-11.191812,0.050000
9099,-37.869780,0.050000
9100,-37.637984,0.050000
9101,-19.441474,0.050000
9102,-10.334639,0.050000
9103,-11.019289,0.050000
9104,-29.827001,0.050000
9105,-42.176132,0.050000
9106,-61.747494,0.050000
9107,-52.849979,0.050000
9108,-60.261769,0.050000
9109,13.976229,0.050000
9110,-29.411005,0.050000
9111,-20.276155,0.050000
9112,-41.304843,0.050000
9113,-21.422838,0.050000
9114,-47.090516,0.050000
9115,-11.201503,0.050000
9116,-33.758657,0.050000
9117,-37.240160,0.050000
9118,-17.455278,0.050000
9119,-46.575281,0.050000
9120,-40.113610,0.050000
9121,-0.305074,0.050000
9122,-44.436413,0.050000
9123,-52.806686,0.050000
9124,-11.007480,0.050000
9125,-38.213376,0.050000
9126,-30.404260,0.050000
9127,-17.511932,0.050000
9128,-39.403339,0.050000
9129,-34.856700,0.050000
9130,-44.105233,0.050000
9131,-26.208802,0.050000
9132,-53.742078,0.050000
9133,-16.860031,0.050000
9134,-33.801213,0.050000
9135,-18.645217,0.050000
9136,-27.895635,0.050000
9137,-27.338023,0.050000
9138,-23.199105,0.050000
9139,-31.493013,0.050000
9140,-28.244296,0.050000
9141,-27.160604,0.050000
9142,-45.865356,0.050000
9143,-39.716453,0.050000
9144,-3.283491,0.050000
9145,-54.761592,0.050000
9146,5.361271,0.050000
9147,-51.475618,0.050000
9148,-19.132602,0.050000
9149,-27.433827,0.050000
9150,-39.921749,0.050000
9151,-48.782798,0.050000
9152,-14.282398,0.050000
9153,-25.714226,0.050000
9154,7.711415,0.050000
9155,-11.456241,0.050000
9156,-17.987614,0.050000
9157,-40.263524,0.050000
9158,-32.791025,0.050000
9159,-23.145488,0.050000
9160,-25.865876,0.050000
9161,-34.292900,0.050000
9162,-26.620623,0.050000
9163,-36.282518,0.050000
9164,-35.163720,0.050000
9165,-29.078431,0.050000
9166,-28.511323,0.050000
9167,-10.472713,0.050000
9168,2.954556,0.050000
9169,-25.765982,0.050000
9170,-18.869986,0.050000
9171,-23.814721,0.050000
9172,-55.963748,0.050000
9173,-49.073587,0.050000
9174,-24.065791,0.050000
9175,-34.248668,0.050000
9176,-18.170521,0.050000
9177,8.122105,0.050000
9178,-35.119259,0.050000
9179,-34.828997,0.050000
9180,-10.001784,0.050000
9181,-39.180899,0.050000
9182,-22.939250,0.050000
9183,-6.594184,0.050000
9184,-61.911388,0.050000
9185,-27.960554,0.050000
9186,-46.307644,0.050000
9187,-31.591397,0.050000
9188,-23.611729,0.050000
9189,-24.216513,0.050000
9190,-3.004856,0.050000
9191,-21.967901,0.050000
9192,-13.259132,0.050000
9193,-16.379109,0.050000
9194,-29.782660,0.050000
9195,-7.962741,0.050000
9196,-21.882452,0.050000
9197,-19.310541,0.050000
9198,-10.736557,0.050000
9199,-19.736271,0.050000
9200,-40.989565,0.050000
9201,-23.393901,0.050000
9202,-9.857104,0.050000
9203,-20.084688,0.050000
9204,-28.252875,0.050000
9205,-10.819171,0.050000
9206,-26.877778,0.050000
9207,-26.487093,0.050000
9208,-18.185208,0.050000
9209,-33.636673,0.050000
9210,9.958132,0.050000
9211,-2.808537,0.050000
9212,-31.520615,0.050000
9213,-22.963918,0.050000
9214,-49.507236,0.050000
9215,-34.032421,0.050000
9216,-10.096684,0.050000
9217,-50.847950,0.050000
9218,-41.334430,0.050000
9219,-36.179915,0.050000
9220,-30.014668,0.050000
9221,-16.557164,0.050000
9222,-26.387415,0.050000
9223,-38.629922,0.050000
9224,-49.181511,0.050000
9225,-40.712579,0.050000
9226,-38.685506,0.050000
9227,-66.583208,0.050000
9228,-47.683289,0.050000
9229,-48.520372,0.050000
9230,-33.695318,0.050000
9231,-8.548599,0.050000
9232,-29.318422,0.050000
9233,-24.816141,0.050000
9234,-36.938431,0.050000
9235,-35.785702,0.050000
9236,-26.238054,0.050000
9237,-28.511637,0.050000
9238,-32.827476,0.050000
9239,-43.494431,0.050000
9240,-8.522089,0.050000
9241,3.491622,0.050000
9242,5.617902,0.050000
9243,-25.593734,0.050000
9244,-39.804948,0.050000
9245,-14.316423,0.050000
9246,-14.054066,0.050000
9247,-42.580157,0.050000
9248,-32.022545,0.050000
9249,-21.677607,0.050000
9250,-38.829080,0.050000
9251,0.945590,0.050000
9252,-16.958124,0.050000
9253,-54.153297,0.050000
9254,-33.935384,0.050000
9255,-43.815566,0.050000
9256,-32.942438,0.050000
9257,-21.998621,0.050000
9258,-36.545124,0.050000
9259,-23.523760,0.050000
9260,-26.395304,0.050000
9261,-61.229748,0.050000
9262,-34.020333,0.050000
9263,-50.344645,0.050000
9264,-18.028165,0.050000
9265,-8.444968,0.050000
9266,-12.208554,0.050000
9267,-44.485760,0.050000
9268,-7.965944,0.050000
9269,-56.897991,0.050000
9270,-46.954450,0.050000
9271,-33.043150,0.050000
9272,-21.125272,0.050000
9273,-51.969076,0.050000
9274,-27.161603,0.050000
9275,-44.073310,0.050000
9276,-53.454397,0.050000
9277,-13.210594,0.050000
9278,-38.230736,0.050000
9279,-12.245508,0.050000
9280,-14.548482,0.050000
9281,-21.059953,0.050000
9282,-23.996356,0.050000
9283,-18.517223,0.050000
9284,-15.032152,0.050000
9285,-46.058385,0.050000
9286,-30.384907,0.050000
9287,-13.031924,0.050000
9288,-20.800440,0.050000
9289,-10.740804,0.050000
9290,-52.714163,0.050000
9291,6.827384,0.050000
9292,-49.073909,0.050000
9293,-20.539363,0.050000
9294,-24.422663,0.050000
9295,-40.148990,0.050000
9296,-15.604646,0.050000
9297,-5.772268,0.050000
9298,-46.110858,0.050000
9299,-25.705031,0.050000
9300,-28.683741,0.050000
9301,11.002119,0.050000
9302,-29.588845,0.050000
9303,-35.081646,0.050000
9304,-42.678621,0.050000
9305,0.899982,0.050000
9306,-1.294798,0.050000
9307,-39.786682,0.050000
9308,-7.722288,0.050000
9309,-39.569404,0.050000
9310,-17.566456,0.050000
9311,-43.731484,0.050000
9312,-28.420022,0.050000
9313,-29.793482,0.050000
9314,-40.383747,0.050000
9315,-11.474398,0.050000
9316,-8.841595,0.050000
9317,3.535210,0.050000
9318,-13.251276,0.050000
9319,-33.941754,0.050000
9320,-29.836043,0.050000
9321,-37.279331,0.050000
9322,-41.488088,0.050000
9323,-11.098815,0.050000
9324,-28.192733,0.050000
9325,-26.956993,0.050000
9326,-51.071423,0.050000
9327,-22.900151,0.050000
9328,-2.369042,0.050000
9329,-28.900525,0.050000
9330,-11.485431,0.050000
9331,-34.763427,0.050000
9332,-35.480077,0.050000
9333,-7.744284,0.050000
9334,-32.812445,0.050000
9335,-52.563357,0.050000
9336,-43.282477,0.050000
9337,8.856788,0.050000
9338,-31.561619,0.050000
9339,-17.068413,0.050000
9340,-16.746914,0.050000
9341,-4.869804,0.050000
9342,-10.337033,0.050000
9343,-42.952288,0.050000
9344,-26.051301,0.050000
9345,-44.225464,0.050000
9346,-31.869557,0.050000
9347,-21.164078,0.050000
9348,-27.304004,0.050000
9349,-21.265470,0.050000
9350,-32.608125,0.050000
9351,-27.846654,0.050000
9352,-48.462891,0.050000
9353,-54.372013,0.050000
9354,-50.244919,0.050000
9355,-49.272855,0.050000
9356,-43.568400,0.050000
9357,-51.664894,0.050000
9358,-33.257146,0.050000
9359,-38.354902,0.050000
9360,-23.630414,0.050000
9361,-31.095143,0.050000
9362,-28.807898,0.050000
9363,-37.022733,0.050000
9364,-41.616069,0.050000
9365,-9.742796,0.050000
9366,-44.090658,0.050000
9367,-53.517713,0.050000
9368,-23.301947,0.050000
9369,-17.251289,0.050000
9370,-45.759858,0.050000
9371,-31.550146,0.050000
9372,-54.607443,0.050000
9373,-37.896257,0.050000
9374,-6.610474,0.050000
9375,-41.702351,0.050000
9376,-18.036605,0.050000
9377,10.634507,0.050000
9378,-7.699954,0.050000
9379,-32.173740,0.050000
9380,-15.150408,0.050000
9381,-43.341834,0.050000
9382,-11.595007,0.050000
9383,-62.936953,0.050000
9384,-55.017451,0.050000
9385,-20.143092,0.050000
9386,-24.677154,0.050000
9387,-23.877070,0.050000
9388,-26.092325,0.050000
9389,-27.476898,0.050000
9390,-26.272457,0.050000
9391,-40.630957,0.050000
9392,-15.069176,0.050000
9393,-14.807534,0.050000
9394,-10.100944,0.050000
9395,-1.660480,0.050000
9396,-28.263627,0.050000
9397,3.170416,0.050000
9398,-41.243180,0.050000
9399,-27.715712,0.050000
9400,1.275075,0.050000
9401,-14.731415,0.050000
9402,-46.627683,0.050000
9403,-24.896644,0.050000
9404,-32.668065,0.050000
9405,-50.721121,0.050000
9406,-20.272764,0.050000
9407,-19.416776,0.050000
9408,-23.886627,0.050000
9409,16.940780,0.050000
9410,-3.956500,0.050000
9411,-13.167084,0.050000
9412,-4.565292,0.050000
9413,-64.758216,0.050000
9414,-59.115464,0.050000
9415,-21.540639,0.050000
9416,-11.205263,0.050000
9417,-9.301267,0.050000
9418,-12.725085,0.050000
9419,-16.690781,0.050000
9420,-39.700597,0.050000
9421,-34.171411,0.050000
9422,-14.119486,0.050000
9423,-37.844186,0.050000
9424,-44.979189,0.050000
9425,-38.821739,0.050000
9426,-23.433025,0.050000
9427,-28.074896,0.050000
9428,-24.134142,0.050000
9429,-19.413288,0.050000
9430,-69.046401,0.050000
9431,-5.508200,0.050000
9432,-21.594317,0.050000
9433,-12.399250,0.050000
9434,-46.706960,0.050000
9435,-28.636092,0.050000
9436,-21.565722,0.050000
9437,-13.547297,0.050000
9438,-24.258951,0.050000
9439,-54.140086,0.050000
9440,-7.344646,0.050000
9441,-25.829837,0.050000
9442,-1.082081,0.050000
9443,-28.902105,0.050000
9444,-6.509969,0.050000
9445,-32.265787,0.050000
9446,-16.371368,0.050000
9447,-20.263019,0.050000
9448,-45.810509,0.050000
9449,-24.953124,0.050000
9450,-5.143524,0.050000
9451,-23.407955,0.050000
9452,-24.596873,0.050000
9453,-14.317076,0.050000
9454,12.433770,0.050000
9455,-15.801855,0.050000
9456,-6.906846,0.050000
9457,-9.516874,0.050000
9458,-25.016175,0.050000
9459,-34.734065,0.050000
9460,-32.672009,0.050000
9461,-44.317394,0.050000
9462,-46.054129,0.050000
9463,-27.086740,0.050000
9464,-72.528431,0.050000
9465,-27.956961,0.050000
9466,-31.117689,0.050000
9467,0.363599,0.050000
9468,-9.973574,0.050000
9469,-50.194872,0.050000
9470,-32.026371,0.050000
9471,-23.095500,0.050000
9472,-6.532634,0.050000
9473,-21.077019,0.050000
9474,-44.331760,0.050000
9475,-29.544869,0.050000
9476,-1.505923,0.050000
9477,-27.605178,0.050000
9478,-8.461816,0.050000
9479,-37.642062,0.050000
9480,-7.739993,0.050000
9481,-32.250164,0.050000
9482,-55.553698,0.050000
9483,-8.895292,0.050000
9484,-10.346365,0.050000
9485,6.469058,0.050000
9486,-40.611606,0.050000
9487,-10.589117,0.050000
9488,-15.132378,0.050000
9489,-14.713634,0.050000
9490,-23.162465,0.050000
9491,-19.006360,0.050000
9492,-6.423399,0.050000
9493,-28.983382,0.050000
9494,-12.928423,0.050000
9495,-37.794060,0.050000
9496,-12.138040,0.050000
9497,-53.871330,0.050000
9498,-36.075183,0.050000
9499,-36.462012,0.050000
9500,0.868121,0.050000
9501,-20.297997,0.050000
9502,-33.247585,0.050000
9503,-30.712747,0.050000
9504,-23.685518,0.050000
9505,-21.061156,0.050000
9506,-25.517416,0.050000
9507,-4.933379,0.050000
9508,-27.527902,0.050000
9509,-22.513350,0.050000
9510,-29.758326,0.050000
9511,-12.496810,0.050000
9512,-14.831016,0.050000
9513,-17.235977,0.050000
9514,-48.010084,0.050000
9515,-12.504523,0.050000
9516,-45.131747,0.050000
9517,-21.052458,0.050000
9518,-38.698462,0.050000
9519,-7.305262,0.050000
9520,-2.158873,0.050000
9521,-13.508313,0.050000
9522,-37.803442,0.050000
9523,8.366049,0.050000
9524,8.296198,0.050000
9525,-18.215987,0.050000
9526,-46.598001,0.050000
9527,-10.210372,0.050000
9528,-36.152716,0.050000
9529,-31.746876,0.050000
9530,0.085949,0.050000
9531,-10.916418,0.050000
9532,-16.828523,0.050000
9533,-9.373511,0.050000
9534,-2.515827,0.050000
9535,-9.341001,0.050000
9536,9.024576,0.050000
9537,-16.861346,0.050000
9538,-15.947694,0.050000
9539,5.123198,0.050000
9540,-20.215625,0.050000
9541,-12.711109,0.050000
9542,1.022552,0.050000
9543,-9.604626,0.050000
9544,-2.643624,0.050000
9545,0.167887,0.050000
9546,-10.547476,0.050000
9547,-15.678590,0.050000
9548,-25.560593,0.050000
9549,-19.035037,0.050000
9550,-7.239067,0.050000
9551,-6.983703,0.050000
9552,-10.230595,0.050000
9553,-28.375887,0.050000
9554,-13.739386,0.050000
9555,-26.404309,0.050000
9556,-28.418033,0.050000
9557,-19.670738,0.050000
9558,-18.420046,0.050000
9559,-27.445359,0.050000
9560,-13.218551,0.050000
9561,7.317050,0.050000
9562,-13.892258,0.050000
9563,-1.036991,0.050000
9564,0.798386,0.050000
9565,-23.276089,0.050000
9566,-11.124961,0.050000
9567,-6.128470,0.050000
9568,-14.609830,0.050000
9569,-18.962607,0.050000
9570,-16.041551,0.050000
9571,-28.357161,0.050000
9572,-17.300403,0.050000
9573,-9.894083,0.050000
9574,-7.975082,0.050000
9575,-12.297306,0.050000
9576,-32.432354,0.050000
9577,4.026737,0.050000
9578,-9.004186,0.050000
9579,-20.215194,0.050000
9580,-4.548758,0.050000
9581,-34.145616,0.050000
9582,-20.116409,0.050000
9583,-4.197099,0.050000
9584,-1.800704,0.050000
9585,-7.299863,0.050000
9586,-17.586367,0.050000
9587,-30.798404,0.050000
9588,-9.706565,0.050000
9589,-4.518678,0.050000
9590,-41.155074,0.050000
9591,9.594492,0.050000
9592,8.479623,0.050000
9593,-12.721393,0.050000
9594,-37.498396,0.050000
9595,-0.577531,0.050000
9596,-16.936612,0.050000
9597,-9.269928,0.050000
9598,-21.486256,0.050000
9599,-1.659751,0.050000
9600,-34.681891,0.050000
9601,-20.240877,0.050000
9602,-9.949445,0.050000
9603,-3.676056,0.050000
9604,6.353013,0.050000
9605,-11.413523,0.050000
9606,7.459853,0.050000
9607,-27.659594,0.050000
9608,-42.687249,0.050000
9609,5.863890,0.050000
9610,-39.993269,0.050000
9611,2.007531,0.050000
9612,-23.219873,0.050000
9613,-19.426193,0.050000
9614,-19.282355,0.050000
9615,-22.388062,0.050000
9616,27.879628,0.050000
9617,-4.861964,0.050000
9618,-16.432811,0.050000
9619,5.807761,0.050000
9620,-28.417649,0.050000
9621,-6.512210,0.050000
9622,-23.619573,0.050000
9623,-15.585216,0.050000
9624,-27.417258,0.050000
9625,7.259201,0.050000
9626,-11.916474,0.050000
9627,-2.783246,0.050000
9628,3.424320,0.050000
9629,-9.465301,0.050000
9630,-13.208802,0.050000
9631,-21.813280,0.050000
9632,3.132583,0.050000
9633,-7.845843,0.050000
9634,-30.963123,0.050000
9635,3.583192,0.050000
9636,-5.229947,0.050000
9637,3.987649,0.050000
9638,0.940340,0.050000
9639,-21.127306,0.050000
9640,0.279214,0.050000
9641,9.403040,0.050000
9642,-1.020953,0.050000
9643,-18.812325,0.050000
9644,8.282441,0.050000
9645,-34.721497,0.050000
9646,-5.229315,0.050000
9647,-27.887122,0.050000
9648,-24.487598,0.050000
9649,2.292060,0.050000
9650,-17.950858,0.050000
9651,8.369567,0.050000
9652,4.399313,0.050000
9653,-16.097288,0.050000
9654,-9.268555,0.050000
9655,7.673115,0.050000
9656,-33.350619,0.050000
9657,-19.460244,0.050000
9658,-12.946510,0.050000
9659,-33.951298,0.050000
9660,-22.086952,0.050000
9661,-9.416253,0.050000
9662,-6.490978,0.050000
9663,-21.570919,0.050000
9664,-39.706083,0.050000
9665,-27.386284,0.050000
9666,-19.398698,0.050000
9667,-5.763599,0.050000
9668,-17.254361,0.050000
9669,-15.343278,0.050000
9670,-47.611740,0.050000
9671,18.752715,0.050000
9672,-18.849290,0.050000
9673,0.499023,0.050000
9674,-10.527765,0.050000
9675,-0.058207,0.050000
9676,-17.942866,0.050000
9677,-15.672760,0.050000
9678,4.094922,0.050000
9679,-37.169865,0.050000
9680,-4.871549,0.050000
9681,-2.798234,0.050000
9682,-39.904628,0.050000
9683,-29.785295,0.050000
9684,-34.704241,0.050000
9685,-27.434148,0.050000
9686,-6.602540,0.050000
9687,-1.280382,0.050000
9688,-38.220801,0.050000
9689,-10.564120,0.050000
9690,-18.160776,0.050000
9691,-12.851422,0.050000
9692,-14.708677,0.050000
9693,-15.374456,0.050000
9694,9.002552,0.050000
9695,-7.599208,0.050000
9696,-11.899124,0.050000
9697,-21.440687,0.050000
9698,-10.275711,0.050000
9699,5.789259,0.050000
9700,2.310737,0.050000
9701,-23.536520,0.050000
9702,-23.705685,0.050000
9703,-20.447178,0.050000
9704,-2.301468,0.050000
9705,-28.050333,0.050000
9706,-1.901081,0.050000
9707,-19.182675,0.050000
9708,-25.210638,0.050000
9709,-10.592485,0.050000
9710,-7.667530,0.050000
9711,-12.557284,0.050000
9712,-23.221754,0.050000
9713,-30.961832,0.050000
9714,-19.034656,0.050000
9715,-27.728369,0.050000
9716,-19.259532,0.050000
9717,2.090441,0.050000
9718,3.506021,0.050000
9719,-9.431772,0.050000
9720,-12.006213,0.050000
9721,-15.486890,0.050000
9722,-17.270866,0.050000
9723,-4.966775,0.050000
9724,-23.617183,0.050000
9725,-12.964945,0.050000
9726,-32.253053,0.050000
9727,-19.773309,0.050000
9728,-26.510250,0.050000
9729,-11.344074,0.050000
9730,-16.620709,0.050000
9731,-2.648629,0.050000
9732,-11.072818,0.050000
9733,-17.435776,0.050000
9734,3.001985,0.050000
9735,-10.169454,0.050000
9736,-11.596007,0.050000
9737,-17.546541,0.050000
9738,0.750777,0.050000
9739,-18.517433,0.050000
9740,2.465096,0.050000
9741,8.663890,0.050000
9742,-13.491371,0.050000
9743,-30.566803,0.050000
9744,-5.964847,0.050000
9745,-37.355551,0.050000
9746,-9.839771,0.050000
9747,-9.126921,0.050000
9748,-8.214943,0.050000
9749,-9.944607,0.050000
9750,-21.779109,0.050000
9751,-3.850012,0.050000
9752,-26.045652,0.050000
9753,3.547766,0.050000
9754,13.836381,0.050000
9755,-23.793920,0.050000
9756,4.547886,0.050000
9757,-10.681671,0.050000
9758,-38.274350,0.050000
9759,-0.356130,0.050000
9760,-6.205317,0.050000
9761,-8.349033,0.050000
9762,7.937021,0.050000
9763,-19.843177,0.050000
9764,2.461672,0.050000
9765,-0.687536,0.050000
9766,-37.034906,0.050000
9767,-12.766297,0.050000
9768,3.956690,0.050000
9769,8.022241,0.050000
9770,-18.020174,0.050000
9771,-7.834194,0.050000
9772,-26.306463,0.050000
9773,-2.678423,0.050000
9774,-15.508263,0.050000
9775,-23.949154,0.050000
9776,-12.294549,0.050000
9777,-33.992532,0.050000
9778,11.008272,0.050000
9779,-29.180757,0.050000
9780,-22.584195,0.050000
9781,-12.039860,0.050000
9782,-13.116221,0.050000
9783,-23.764269,0.050000
9784,-23.081642,0.050000
9785,-16.873540,0.050000
9786,-0.136695,0.050000
9787,-25.005596,0.050000
9788,-32.051116,0.050000
9789,-5.764725,0.050000
9790,-24.564398,0.050000
9791,-9.046026,0.050000
9792,-26.375234,0.050000
9793,-16.134965,0.050000
9794,-10.670368,0.050000
9795,-2.927325,0.050000
9796,-12.763028,0.050000
9797,-23.419894,0.050000
9798,9.444120,0.050000
9799,-27.346753,0.050000
9800,6.442181,0.050000
9801,-9.631311,0.050000
9802,-2.453464,0.050000
9803,-10.997854,0.050000
9804,-29.611609,0.050000
9805,-4.271581,0.050000
9806,-40.660597,0.050000
9807,0.703969,0.050000
9808,-15.716105,0.050000
9809,-23.915545,0.050000
9810,-7.103832,0.050000
9811,1.636173,0.050000
9812,-4.923509,0.050000
9813,-55.767865,0.050000
9814,-8.183060,0.050000
9815,-3.425067,0.050000
9816,-9.306094,0.050000
9817,3.314372,0.050000
9818,-17.326882,0.050000
9819,-23.268429,0.050000
9820,-30.427048,0.050000
9821,-18.873410,0.050000
9822,-7.919914,0.050000
9823,-35.596282,0.050000
9824,-9.674106,0.050000
9825,11.380851,0.050000
9826,-5.437408,0.050000
9827,-8.315596,0.050000
9828,-26.077776,0.050000
9829,-13.848830,0.050000
9830,-20.087110,0.050000
9831,-22.816783,0.050000
9832,-3.732452,0.050000
9833,-21.996284,0.050000
9834,-9.342069,0.050000
9835,-2.334534,0.050000
9836,-13.268396,0.050000
9837,-8.978919,0.050000
9838,10.743355,0.050000
9839,-0.546730,0.050000
9840,-6.714894,0.050000
9841,-17.864697,0.050000
9842,12.404690,0.050000
9843,-8.039674,0.050000
9844,-16.049579,0.050000
9845,-0.727008,0.050000
9846,-17.111192,0.050000
9847,-16.674454,0.050000
9848,-3.232950,0.050000
9849,-6.511777,0.050000
9850,-2.547853,0.050000
9851,-26.098936,0.050000
9852,-16.872624,0.050000
9853,-18.115541,0.050000
9854,-43.121387,0.050000
9855,7.137822,0.050000
9856,-18.658652,0.050000
9857,1.637780,0.050000
9858,-25.272056,0.050000
9859,-1.963950,0.050000
9860,1.547696,0.050000
9861,-5.648190,0.050000
9862,1.715073,0.050000
9863,-14.297593,0.050000
9864,-0.975556,0.050000
9865,-8.439711,0.050000
9866,-36.476389,0.050000
9867,-24.150247,0.050000
9868,4.333169,0.050000
9869,-11.942371,0.050000
9870,-3.180467,0.050000
9871,-9.466038,0.050000
9872,-31.683947,0.050000
9873,-18.559478,0.050000
9874,0.452611,0.050000
9875,-23.195966,0.050000
9876,0.374950,0.050000
9877,-7.573728,0.050000
9878,5.541319,0.050000
9879,-5.610224,0.050000
9880,5.993037,0.050000
9881,-19.480754,0.050000
9882,-4.742040,0.050000
9883,4.611849,0.050000
9884,0.029081,0.050000
9885,-2.824832,0.050000
9886,-16.577594,0.050000
9887,1.085458,0.050000
9888,-7.862622,0.050000
9889,-31.617994,0.050000
9890,-15.969819,0.050000
9891,10.122113,0.050000
9892,-10.065509,0.050000
9893,-21.512954,0.050000
9894,-12.981716,0.050000
9895,-18.449914,0.050000
9896,-0.366878,0.050000
9897,12.049010,0.050000
9898,-12.028644,0.050000
9899,-4.031483,0.050000
9900,-19.832952,0.050000
9901,-0.827672,0.050000
9902,-10.908886,0.050000
9903,-3.447158,0.050000
9904,-30.788335,0.050000
9905,-19.050531,0.050000
9906,2.856905,0.050000
9907,-6.419733,0.050000
9908,-5.024656,0.050000
9909,-8.630041,0.050000
9910,0.905266,0.050000
9911,0.752831,0.050000
9912,-15.064307,0.050000
9913,-3.277944,0.050000
9914,-19.213887,0.050000
9915,5.459925,0.050000
9916,-10.167626,0.050000
9917,10.697712,0.050000
9918,-12.041652,0.050000
9919,2.252376,0.050000
9920,9.473092,0.050000
9921,-5.001846,0.050000
9922,0.989464,0.050000
9923,-14.116006,0.050000
9924,-12.126300,0.050000
9925,7.469468,0.050000
9926,5.430300,0.050000
9927,-4.910799,0.050000
9928,-6.728715,0.050000
9929,-4.647684,0.050000
9930,-17.566617,0.050000
9931,-5.900323,0.050000
9932,-7.029083,0.050000
9933,-15.592997,0.050000
9934,-16.941169,0.050000
9935,-17.868403,0.050000
9936,10.912895,0.050000
9937,-7.016636,0.050000
9938,-10.437087,0.050000
9939,-19.890500,0.050000
9940,-2.111679,0.050000
9941,-6.191788,0.050000
9942,-20.452822,0.050000
9943,-12.855074,0.050000
9944,-15.301888,0.050000
9945,-22.675122,0.050000
9946,-6.326813,0.050000
9947,3.040882,0.050000
9948,-5.561693,0.050000
9949,-3.682926,0.050000
9950,-14.658474,0.050000
9951,-7.868616,0.050000
9952,-16.149762,0.050000
9953,-19.381030,0.050000
9954,-9.112741,0.050000
9955,-4.544336,0.050000
9956,-14.772550,0.050000
9957,-4.523777,0.050000
9958,-18.652340,0.050000
9959,-26.151235,0.050000
9960,-17.744628,0.050000
9961,3.289201,0.050000
9962,-12.734399,0.050000
9963,-8.662023,0.050000
9964,-37.539959,0.050000
9965,-13.531883,0.050000
9966,-10.646738,0.050000
9967,-36.422164,0.050000
9968,-24.473348,0.050000
9969,-25.906252,0.050000
9970,-13.035627,0.050000
9971,-26.107906,0.050000
9972,-19.673923,0.050000
9973,10.818484,0.050000
9974,10.032837,0.050000
9975,-6.601227,0.050000
9976,-3.143817,0.050000
9977,12.301084,0.050000
9978,1.720499,0.050000
9979,6.108961,0.050000
9980,-2.691957,0.050000
9981,-14.410493,0.050000
9982,-15.452888,0.050000
9983,-31.968356,0.050000
9984,-0.610144,0.050000
9985,-16.799257,0.050000
9986,-10.513362,0.050000
9987,-8.671224,0.050000
9988,-17.722992,0.050000
9989,-31.201825,0.050000
9990,-4.148156,0.050000
9991,-38.516688,0.050000
9992,-5.335752,0.050000
9993,0.985650,0.050000
9994,3.047683,0.050000
9995,-14.493464,0.050000
9996,-1.377003,0.050000
9997,4.109435,0.050000
9998,-12.989933,0.050000
9999,-21.952974,0.050000
10000,7.745383,0.050000
10001,-4.812196,0.050000
10002,-16.157727,0.050000
10003,-8.967654,0.050000
10004,-13.788214,0.050000
10005,-2.455012,0.050000
10006,-25.543610,0.050000
10007,-23.733188,0.050000
10008,7.528075,0.050000
10009,-21.785375,0.050000
10010,-11.203631,0.050000
10011,8.046456,0.050000
10012,-33.073406,0.050000
10013,0.262413,0.050000
10014,3.744433,0.050000
10015,-0.879089,0.050000
10016,-9.440280,0.050000
10017,-28.444907,0.050000
10018,-11.088087,0.050000
10019,2.555333,0.050000
10020,-11.624146,0.050000
10021,-22.190736,0.050000
10022,-2.471888,0.050000
10023,5.552680,0.050000
10024,8.392042,0.050000
10025,-0.929477,0.050000
10026,-20.469351,0.050000
10027,-2.424001,0.050000
10028,4.604752,0.050000
10029,10.002699,0.050000
10030,-2.901648,0.050000
10031,-13.797914,0.050000
10032,-16.047463,0.050000
10033,-36.684979,0.050000
10034,-13.217109,0.050000
10035,10.782802,0.050000
10036,-17.943133,0.050000
10037,0.143352,0.050000
10038,-12.947388,0.050000
10039,-19.559363,0.050000
10040,-27.627563,0.050000
10041,-3.469424,0.050000
10042,7.180882,0.050000
10043,-15.193838,0.050000
10044,6.178623,0.050000
10045,-16.510315,0.050000
10046,-21.145038,0.050000
10047,-35.435895,0.050000
10048,-16.212471,0.050000
10049,-3.183585,0.050000
10050,0.892916,0.050000
10051,-24.861139,0.050000
10052,-15.924820,0.050000
10053,-22.316903,0.050000
10054,-15.107802,0.050000
10055,-15.751748,0.050000
10056,-14.157894,0.050000
10057,-15.772889,0.050000
10058,15.109265,0.050000
10059,-1.813185,0.050000
10060,-6.990526,0.050000
10061,-13.262136,0.050000
10062,-36.442239,0.050000
10063,-3.138647,0.050000
10064,18.801648,0.050000
10065,0.589709,0.050000
10066,-13.740488,0.050000
10067,-5.540548,0.050000
10068,-0.091348,0.050000
10069,-28.536509,0.050000
10070,19.423770,0.050000
10071,-22.221771,0.050000
10072,-1.464596,0.050000
10073,-3.362284,0.050000
10074,-17.269675,0.050000
10075,2.593946,0.050000
10076,0.731336,0.050000
10077,-23.978746,0.050000
10078,-8.408591,0.050000
10079,0.446779,0.050000
10080,-37.919876,0.050000
10081,-33.286706,0.050000
10082,4.342117,0.050000
10083,-30.648959,0.050000
10084,-0.818591,0.050000
10085,-8.993926,0.050000
10086,-2.941616,0.050000
10087,-9.138157,0.050000
10088,-22.700342,0.050000
10089,-15.089640,0.050000
10090,-7.022502,0.050000
10091,-6.063891,0.050000
10092,-9.608239,0.050000
10093,-42.654924,0.050000
10094,1.052240,0.050000
10095,-17.145856,0.050000
10096,-1.054399,0.050000
10097,-24.893139,0.050000
10098,-11.241728,0.050000
10099,-8.502178,0.050000
10100,2.486989,0.050000
10101,-21.535168,0.050000
10102,-1.227626,0.050000
10103,-12.873503,0.050000
10104,3.237573,0.050000
10105,-13.410130,0.050000
10106,-42.687981,0.050000
10107,-8.217189,0.050000
10108,-21.999160,0.050000
10109,10.057735,0.050000
10110,-30.452151,0.050000
10111,-10.664094,0.050000
10112,6.173668,0.050000
10113,14.311900,0.050000
10114,2.520397,0.050000
10115,3.511194,0.050000
10116,-9.172255,0.050000
10117,-11.582216,0.050000
10118,-8.286049,0.050000
10119,-14.345234,0.050000
10120,-24.342717,0.050000
10121,-0.719052,0.050000
10122,-17.979407,0.050000
10123,-15.132861,0.050000
10124,-28.487742,0.050000
10125,2.085054,0.050000
10126,-0.353269,0.050000
10127,-9.095359,0.050000
10128,-15.969307,0.050000
10129,-5.417707,0.050000
10130,-0.484377,0.050000
10131,-19.557108,0.050000
10132,0.035135,0.050000
10133,-23.069994,0.050000
10134,-19.564861,0.050000
10135,-16.787499,0.050000
10136,8.934139,0.050000
10137,-15.339303,0.050000
10138,-8.155256,0.050000
10139,-16.441336,0.050000
10140,-29.889950,0.050000
10141,13.862470,0.050000
10142,6.616511,0.050000
10143,-16.586614,0.050000
10144,-0.328002,0.050000
10145,-3.915093,0.050000
10146,-14.016290,0.050000
10147,-1.448217,0.050000
10148,-1.480248,0.050000
10149,-6.889142,0.050000
10150,3.037177,0.050000
10151,14.037334,0.050000
10152,-12.172807,0.050000
10153,-15.243415,0.050000
10154,-3.421873,0.050000
10155,-18.313632,0.050000
10156,-14.802024,0.050000
10157,-19.181249,0.050000
10158,-0.637934,0.050000
10159,-23.198479,0.050000
10160,1.747579,0.050000
10161,-13.427856,0.050000
10162,-22.553214,0.050000
10163,-4.467953,0.050000
10164,-20.388667,0.050000
10165,-12.842273,0.050000
10166,-2.273594,0.050000
10167,-22.024866,0.050000
10168,11.891643,0.050000
10169,-2.936090,0.050000
10170,-22.269022,0.050000
10171,-5.673546,0.050000
10172,-18.191400,0.050000
10173,-27.697016,0.050000
10174,-3.340852,0.050000
10175,-13.876327,0.050000
10176,-2.489852,0.050000
10177,-0.849176,0.050000
10178,0.187135,0.050000
10179,-10.558906,0.050000
10180,10.283561,0.050000
10181,-12.184474,0.050000
10182,-23.497013,0.050000
10183,-15.031556,0.050000
10184,6.939394,0.050000
10185,-9.690458,0.050000
10186,15.446646,0.050000
10187,-8.503962,0.050000
10188,0.588270,0.050000
10189,3.972445,0.050000
10190,-6.652729,0.050000
10191,-20.250841,0.050000
10192,-28.567308,0.050000
10193,-4.793376,0.050000
10194,-2.946672,0.050000
10195,-11.804755,0.050000
10196,-30.955950,0.050000
10197,-2.470813,0.050000
10198,-24.915281,0.050000
10199,-3.085799,0.050000
10200,-14.757883,0.050000
10201,-5.528686,0.050000
10202,-27.863247,0.050000
10203,19.451847,0.050000
10204,2.504159,0.050000
10205,-18.671436,0.050000
10206,-21.984031,0.050000
10207,-17.254503,0.050000
10208,-8.988003,0.050000
10209,-5.969254,0.050000
10210,-20.343822,0.050000
10211,-2.664883,0.050000
10212,-13.338824,0.050000
10213,-28.846048,0.050000
10214,-19.474727,0.050000
10215,4.512868,0.050000
10216,-1.438664,0.050000
10217,-6.755232,0.050000
10218,-13.129920,0.050000
10219,3.208407,0.050000
10220,-32.719844,0.050000
10221,-0.190063,0.050000
10222,-1.297964,0.050000
10223,-19.561222,0.050000
10224,11.413427,0.050000
10225,-11.000916,0.050000
10226,4.946447,0.050000
10227,-8.785766,0.050000
10228,1.488144,0.050000
10229,-2.133217,0.050000
10230,-14.169601,0.050000
10231,2.762368,0.050000
10232,-19.091939,0.050000
10233,-0.471154,0.050000
10234,-3.724420,0.050000
10235,-16.143485,0.050000
10236,-28.803862,0.050000
10237,8.594045,0.050000
10238,-20.793104,0.050000
10239,-4.710155,0.050000
10240,-37.913649,0.050000
10241,-19.667508,0.050000
10242,-34.985614,0.050000
10243,-10.315218,0.050000
10244,-9.200375,0.050000
10245,-18.407735,0.050000
10246,-15.497532,0.050000
10247,-7.555558,0.050000
10248,-5.137637,0.050000
10249,8.487122,0.050000
10250,-8.702780,0.050000
10251,-20.908276,0.050000
10252,6.508807,0.050000
10253,-0.106190,0.050000
10254,-33.490145,0.050000
10255,-10.779160,0.050000
10256,-3.603075,0.050000
10257,-7.512699,0.050000
10258,13.555631,0.050000
10259,-22.194516,0.050000
10260,-10.384637,0.050000
10261,9.591843,0.050000
10262,-1.556887,0.050000
10263,-13.869093,0.050000
10264,-41.234380,0.050000
10265,3.646813,0.050000
10266,-16.249544,0.050000
10267,-25.164510,0.050000
10268,-36.785942,0.050000
10269,-14.730285,0.050000
10270,-0.605840,0.050000
10271,-8.952307,0.050000
10272,-8.667721,0.050000
10273,-26.397153,0.050000
10274,-15.878553,0.050000
10275,-28.227282,0.050000
10276,-7.219065,0.050000
10277,4.415967,0.050000
10278,-7.604316,0.050000
10279,-6.629960,0.050000
10280,-30.665843,0.050000
10281,0.565677,0.050000
10282,7.789846,0.050000
10283,-10.549076,0.050000
10284,-14.897017,0.050000
10285,-5.057007,0.050000
10286,-0.380657,0.050000
10287,-0.441787,0.050000
10288,-7.166953,0.050000
10289,-2.687002,0.050000
10290,1.297956,0.050000
10291,-4.963446,0.050000
10292,-12.711194,0.050000
10293,-7.253991,0.050000
10294,-18.960892,0.050000
10295,-12.024812,0.050000
10296,-36.000283,0.050000
10297,-14.273891,0.050000
10298,0.031479,0.050000
10299,-14.227814,0.050000
10300,-11.629419,0.050000
10301,-20.282832,0.050000
10302,-7.843040,0.050000
10303,15.697347,0.050000
10304,-14.163067,0.050000
10305,-26.461016,0.050000
10306,-36.517743,0.050000
10307,-13.880683,0.050000
10308,17.783688,0.050000
10309,-15.889322,0.050000
10310,-16.733132,0.050000
10311,-29.788296,0.050000
10312,-20.156769,0.050000
10313,-13.576489,0.050000
10314,-23.775348,0.050000
10315,-21.734898,0.050000
10316,-6.152843,0.050000
10317,-20.538308,0.050000
10318,0.252200,0.050000
10319,1.063287,0.050000
10320,9.770672,0.050000
10321,9.706636,0.050000
10322,19.144962,0.050000
10323,-0.163929,0.050000
10324,0.296386,0.050000
10325,-2.500297,0.050000
10326,-12.544244,0.050000
10327,-15.043209,0.050000
10328,-7.538408,0.050000
10329,-29.413892,0.050000
10330,5.818490,0.050000
10331,-21.613298,0.050000
10332,-25.953682,0.050000
10333,-23.619251,0.050000
10334,-12.892020,0.050000
10335,-14.491642,0.050000
10336,-9.726160,0.050000
10337,-29.452343,0.050000
10338,11.711406,0.050000
10339,-12.951037,0.050000
10340,-9.678328,0.050000
10341,-39.185635,0.050000
10342,-24.577095,0.050000
10343,-16.978958,0.050000
10344,4.295628,0.050000
10345,11.480927,0.050000
10346,-12.299240,0.050000
10347,12.414635,0.050000
10348,-17.620574,0.050000
10349,-23.108829,0.050000
10350,4.453778,0.050000
10351,-15.257387,0.050000
10352,-3.233186,0.050000
10353,-13.572128,0.050000
10354,0.141701,0.050000
10355,-24.648142,0.050000
10356,-11.968343,0.050000
10357,-12.298571,0.050000
10358,-25.095345,0.050000
10359,-0.351409,0.050000
10360,-13.604697,0.050000
10361,-20.486772,0.050000
10362,-10.886567,0.050000
10363,-20.562410,0.050000
10364,-22.740770,0.050000
10365,2.159738,0.050000
10366,-1.949514,0.050000
10367,-10.648786,0.050000
10368,-3.572283,0.050000
10369,-10.679517,0.050000
10370,-37.396366,0.050000
10371,-7.870199,0.050000
10372,-13.593160,0.050000
10373,-25.509623,0.050000
10374,4.901688,0.050000
10375,-5.179345,0.050000
10376,-29.614661,0.050000
10377,-27.870558,0.050000
10378,-11.538210,0.050000
10379,-28.906415,0.050000
10380,-10.973317,0.050000
10381,-3.104283,0.050000
10382,-32.878529,0.050000
10383,-18.339020,0.050000
10384,-20.482205,0.050000
10385,-37.651949,0.050000
10386,2.353622,0.050000
10387,-14.129124,0.050000
10388,-2.333735,0.050000
10389,-22.592848,0.050000
10390,-29.817428,0.050000
10391,-15.489479,0.050000
10392,-18.804358,0.050000
10393,-25.919413,0.050000
10394,-5.802928,0.050000
10395,-6.550300,0.050000
10396,-12.162251,0.050000
10397,4.329003,0.050000
10398,-10.963147,0.050000
10399,-21.555979,0.050000
10400,3.473943,0.050000
10401,-26.061345,0.050000
10402,-11.283696,0.050000
10403,-0.610694,0.050000
10404,-18.226128,0.050000
10405,-21.623569,0.050000
10406,-9.650862,0.050000
10407,7.083825,0.050000
10408,-15.852372,0.050000
10409,-12.054295,0.050000
10410,-17.501655,0.050000
10411,-16.770732,0.050000
10412,-21.520148,0.050000
10413,-20.378971,0.050000
10414,13.471585,0.050000
10415,0.207001,0.050000
10416,-3.749102,0.050000
10417,-0.392149,0.050000
10418,-17.363254,0.050000
10419,-8.313545,0.050000
10420,-2.135983,0.050000
10421,-13.609610,0.050000
10422,-23.070920,0.050000
10423,-18.261348,0.050000
10424,-1.080783,0.050000
10425,6.872563,0.050000
10426,-9.561439,0.050000
10427,9.985309,0.050000
10428,-9.898536,0.050000
10429,-1.218405,0.050000
10430,-7.030877,0.050000
10431,-24.991058,0.050000
10432,-34.457492,0.050000
10433,1.488251,0.050000
10434,-20.075555,0.050000
10435,-10.282228,0.050000
10436,1.843645,0.050000
10437,-18.314469,0.050000
10438,-13.051559,0.050000
10439,1.296408,0.050000
10440,-4.529690,0.050000
10441,5.878024,0.050000
10442,-14.653696,0.050000
10443,-4.759361,0.050000
10444,0.606480,0.050000
10445,-5.945624,0.050000
10446,20.386742,0.050000
10447,-7.825564,0.050000
10448,-8.610588,0.050000
10449,0.307694,0.050000
10450,-13.887830,0.050000
10451,-12.475700,0.050000
10452,-5.677682,0.050000
10453,-32.525261,0.050000
10454,-7.824850,0.050000
10455,-7.039188,0.050000
10456,1.351532,0.050000
10457,2.964735,0.050000
10458,-14.427685,0.050000
10459,-16.980361,0.050000
10460,-1.975969,0.050000
10461,-7.724507,0.050000
10462,-34.851721,0.050000
10463,8.131015,0.050000
10464,-23.041880,0.050000
10465,-24.115631,0.050000
10466,5.716644,0.050000
10467,-13.049289,0.050000
10468,-7.643014,0.050000
10469,-0.703808,0.050000
10470,-15.331851,0.050000
10471,9.500518,0.050000
10472,-8.896753,0.050000
10473,-11.817996,0.050000
10474,-7.632601,0.050000
10475,-7.757892,0.050000
10476,-33.861912,0.050000
10477,7.527035,0.050000
10478,-8.862378,0.050000
10479,-2.179351,0.050000
10480,-42.977365,0.050000
10481,-28.990459,0.050000
10482,-10.436309,0.050000
10483,-1.814014,0.050000
10484,-7.721755,0.050000
10485,-25.356899,0.050000
10486,-26.058578,0.050000
10487,-14.987927,0.050000
10488,-20.113114,0.050000
10489,-7.022834,0.050000
10490,-2.081277,0.050000
10491,-27.503298,0.050000
10492,-20.471256,0.050000
10493,14.210848,0.050000
10494,-6.118614,0.050000
10495,-20.857797,0.050000
10496,-3.947294,0.050000
10497,5.071296,0.050000
10498,-4.890119,0.050000
10499,7.219400,0.050000
10500,-4.282659,0.050000
10501,7.590625,0.050000
10502,-15.366226,0.050000
10503,0.854008,0.050000
10504,16.806582,0.050000
10505,-9.331102,0.050000
10506,-15.337658,0.050000
10507,-28.487370,0.050000
10508,-4.440673,0.050000
10509,-1.384321,0.050000
10510,-17.716756,0.050000
10511,-3.472484,0.050000
10512,-6.315964,0.050000
10513,-27.530305,0.050000
10514,-19.325548,0.050000
10515,-12.720504,0.050000
10516,6.926865,0.050000
10517,-19.466063,0.050000
10518,-2.581448,0.050000
10519,4.280297,0.050000
10520,-22.567214,0.050000
10521,-13.062797,0.050000
10522,-0.004100,0.050000
10523,-4.468573,0.050000
10524,0.667520,0.050000
10525,-5.122380,0.050000
10526,1.632964,0.050000
10527,-16.213310,0.050000
10528,-15.539300,0.050000
10529,-2.434429,0.050000
10530,-4.236875,0.050000
10531,2.788573,0.050000
10532,5.077118,0.050000
10533,0.957037,0.050000
10534,5.474553,0.050000
10535,-29.303171,0.050000
10536,-8.223177,0.050000
10537,-28.348319,0.050000
10538,4.492690,0.050000
10539,7.498977,0.050000
10540,-16.600925,0.050000
10541,-12.422555,0.050000
10542,-10.467954,0.050000
10543,4.031488,0.050000
10544,-29.275029,0.050000
10545,-16.476076,0.050000
10546,-6.818872,0.050000
10547,-22.658956,0.050000
10548,-11.296762,0.050000
10549,-12.196952,0.050000
10550,2.799053,0.050000
10551,-1.428189,0.050000
10552,-5.801502,0.050000
10553,-0.661481,0.050000
10554,-10.538355,0.050000
10555,0.242863,0.050000
10556,8.572722,0.050000
10557,-2.462247,0.050000
10558,-17.526430,0.050000
10559,-12.604105,0.050000
10560,-21.460162,0.050000
10561,-20.114862,0.050000
10562,6.029076,0.050000
10563,-21.868073,0.050000
10564,4.406276,0.050000
10565,-10.736727,0.050000
10566,3.006170,0.050000
10567,-21.813343,0.050000
10568,-16.601486,0.050000
10569,-7.057354,0.050000
10570,-31.668583,0.050000
10571,-6.947684,0.050000
10572,-14.521099,0.050000
10573,4.959849,0.050000
10574,-32.411853,0.050000
10575,-18.182362,0.050000
10576,-27.104163,0.050000
10577,-26.481798,0.050000
10578,-26.997041,0.050000
10579,-18.967341,0.050000
10580,-18.616569,0.050000
10581,-0.544857,0.050000
10582,2.162292,0.050000
10583,-13.728554,0.050000
10584,3.188732,0.050000
10585,-7.051153,0.050000
10586,-4.877104,0.050000
10587,-26.881943,0.050000
10588,-19.537299,0.050000
10589,-17.850559,0.050000
10590,3.666962,0.050000
10591,0.085293,0.050000
10592,-0.274841,0.050000
10593,-27.988619,0.050000
10594,-30.823984,0.050000
10595,8.904523,0.050000
10596,15.498448,0.050000
10597,6.317059,0.050000
10598,-13.449272,0.050000
10599,18.636694,0.050000
10600,-25.086721,0.050000
10601,-2.905085,0.050000
10602,10.605509,0.050000
10603,-18.980578,0.050000
10604,-40.980241,0.050000
10605,-6.604268,0.050000
10606,-13.888423,0.050000
10607,-17.464792,0.050000
10608,-20.306913,0.050000
10609,4.729241,0.050000
10610,-20.962575,0.050000
10611,10.011126,0.050000
10612,-28.453752,0.050000
10613,2.568934,0.050000
10614,-28.345544,0.050000
10615,-0.245087,0.050000
10616,12.803491,0.050000
10617,-17.139910,0.050000
10618,-12.535616,0.050000
10619,12.217892,0.050000
10620,-7.043712,0.050000
10621,8.012920,0.050000
10622,-15.749480,0.050000
10623,-6.679989,0.050000
10624,-0.727011,0.050000
10625,-1.301005,0.050000
10626,-10.899224,0.050000
10627,-23.532083,0.050000
10628,-20.491676,0.050000
10629,-10.383397,0.050000
10630,-31.821607,0.050000
10631,-16.159647,0.050000
10632,3.842172,0.050000
10633,-6.909730,0.050000
10634,9.684546,0.050000
10635,-17.862969,0.050000
10636,-6.456395,0.050000
10637,-10.998377,0.050000
10638,-1.895442,0.050000
10639,-11.846587,0.050000
10640,-13.781774,0.050000
10641,-41.058699,0.050000
10642,-1.611657,0.050000
10643,-5.492707,0.050000
10644,1.235268,0.050000
10645,-1.442765,0.050000
10646,-9.101784,0.050000
10647,-0.417325,0.050000
10648,-1.490748,0.050000
10649,11.397999,0.050000
10650,-20.504392,0.050000
10651,-0.005968,0.050000
10652,15.840078,0.050000
10653,-22.053817,0.050000
10654,11.294012,0.050000
10655,-6.501976,0.050000
10656,-2.462613,0.050000
10657,-6.453488,0.050000
10658,2.630918,0.050000
10659,23.419876,0.050000
10660,-28.372880,0.050000
10661,-13.146505,0.050000
10662,-4.721667,0.050000
10663,4.254991,0.050000
10664,-13.334519,0.050000
10665,4.581288,0.050000
10666,-42.284732,0.050000
10667,0.460944,0.050000
10668,0.589165,0.050000
10669,16.448064,0.050000
10670,-16.742744,0.050000
10671,-5.425735,0.050000
10672,-7.272444,0.050000
10673,1.379584,0.050000
10674,-14.794407,0.050000
10675,-15.028424,0.050000
10676,-13.937654,0.050000
10677,2.527317,0.050000
10678,-25.050438,0.050000
10679,-9.221459,0.050000
10680,-7.867740,0.050000
10681,-13.557208,0.050000
10682,2.696023,0.050000
10683,6.010534,0.050000
10684,-14.874342,0.050000
10685,12.693258,0.050000
10686,-25.943187,0.050000
10687,-11.241252,0.050000
10688,-0.097007,0.050000
10689,-32.469816,0.050000
10690,-23.962700,0.050000
10691,5.213379,0.050000
10692,7.267608,0.050000
10693,-16.299975,0.050000
10694,-19.103474,0.050000
10695,-19.831283,0.050000
10696,-19.174488,0.050000
10697,-20.535351,0.050000
10698,-13.596065,0.050000
10699,-4.141393,0.050000
10700,-11.718057,0.050000
10701,1.746887,0.050000
10702,-18.920868,0.050000
10703,-12.272601,0.050000
10704,15.641735,0.050000
10705,-1.054550,0.050000
10706,-20.636237,0.050000
10707,-21.433881,0.050000
10708,-3.270827,0.050000
10709,-26.093425,0.050000
10710,1.647141,0.050000
10711,-5.907362,0.050000
10712,-4.246188,0.050000
10713,-7.109374,0.050000
10714,-22.495360,0.050000
10715,-16.050257,0.050000
10716,-18.562961,0.050000
10717,-12.687051,0.050000
10718,-25.164033,0.050000
10719,7.841289,0.050000
10720,12.343404,0.050000
10721,5.082378,0.050000
10722,-31.667136,0.050000
10723,3.666419,0.050000
10724,11.668907,0.050000
10725,10.191574,0.050000
10726,-11.705863,0.050000
10727,0.773840,0.050000
10728,-42.830382,0.050000
10729,-6.845052,0.050000
10730,-4.560149,0.050000
10731,14.174865,0.050000
10732,-9.764984,0.050000
10733,-5.547882,0.050000
10734,-1.802340,0.050000
10735,-9.596761,0.050000
10736,-8.332583,0.050000
10737,-3.828144,0.050000
10738,-9.385922,0.050000
10739,-15.911173,0.050000
10740,5.425553,0.050000
10741,-10.612980,0.050000
10742,-9.701620,0.050000
10743,-0.252882,0.050000
10744,-16.812263,0.050000
10745,-8.890788,0.050000
10746,-17.366313,0.050000
10747,6.378501,0.050000
10748,-15.492459,0.050000
10749,-3.158623,0.050000
10750,-23.012189,0.050000
10751,-5.726986,0.050000
10752,-16.564903,0.050000
10753,-15.266567,0.050000
10754,-22.769578,0.050000
10755,-16.391752,0.050000
10756,-5.997283,0.050000
10757,12.998237,0.050000
10758,-37.523736,0.050000
10759,-15.533652,0.050000
10760,-20.761737,0.050000
10761,10.678980,0.050000
10762,-10.491159,0.050000
10763,5.794871,0.050000
10764,-3.618619,0.050000
10765,-9.128774,0.050000
10766,4.182869,0.050000
10767,10.136320,0.050000
10768,-10.513739,0.050000
10769,1.678685,0.050000
10770,-1.538313,0.050000
10771,-18.073136,0.050000
10772,11.634818,0.050000
10773,0.933733,0.050000
10774,-3.355833,0.050000
10775,-12.903218,0.050000
10776,-13.743254,0.050000
10777,-12.156757,0.050000
10778,15.819827,0.050000
10779,-5.984499,0.050000
10780,-24.106389,0.050000
10781,6.756946,0.050000
10782,-7.050035,0.050000
10783,-5.673176,0.050000
10784,-13.488357,0.050000
10785,-18.120899,0.050000
10786,-31.152847,0.050000
10787,-0.016677,0.050000
10788,-18.616969,0.050000
10789,21.170424,0.050000
10790,-14.126148,0.050000
10791,11.417773,0.050000
10792,-9.687239,0.050000
10793,-4.061588,0.050000
10794,7.747689,0.050000
10795,-2.487759,0.050000
10796,-26.922688,0.050000
10797,-10.349814,0.050000
10798,-26.292254,0.050000
10799,13.162917,0.050000
10800,-19.572996,0.050000
10801,-17.730187,0.050000
10802,-8.779017,0.050000
10803,3.543958,0.050000
10804,-13.670933,0.050000
10805,-16.203155,0.050000
10806,-7.710434,0.050000
10807,-6.724041,0.050000
10808,-14.396492,0.050000
10809,-6.900958,0.050000
10810,4.389463,0.050000
10811,-5.201056,0.050000
10812,-22.655061,0.050000
10813,-18.429628,0.050000
10814,6.088945,0.050000
10815,-40.768328,0.050000
10816,4.039027,0.050000
10817,-11.429105,0.050000
10818,-6.486656,0.050000
10819,-11.125537,0.050000
10820,-16.156671,0.050000
10821,8.400492,0.050000
10822,-20.093732,0.050000
10823,-19.130026,0.050000
10824,-5.037733,0.050000
10825,-2.405749,0.050000
10826,-5.221370,0.050000
10827,-4.309807,0.050000
10828,6.161795,0.050000
10829,-3.174321,0.050000
10830,-24.231329,0.050000
10831,0.952633,0.050000
10832,-13.137594,0.050000
10833,17.159145,0.050000
10834,-28.316267,0.050000
10835,-2.882594,0.050000
10836,-17.522783,0.050000
10837,8.754290,0.050000
10838,-3.960259,0.050000
10839,3.982258,0.050000
10840,-21.660580,0.050000
10841,-30.716484,0.050000
10842,-3.005431,0.050000
10843,-19.342920,0.050000
10844,-9.446005,0.050000
10845,10.016389,0.050000
10846,-10.181151,0.050000
10847,15.201997,0.050000
10848,-1.750108,0.050000
10849,-26.944707,0.050000
10850,-22.555822,0.050000
10851,-14.057668,0.050000
10852,7.316657,0.050000
10853,-21.357839,0.050000
10854,11.692596,0.050000
10855,-7.027963,0.050000
10856,3.268620,0.050000
10857,2.237432,0.050000
10858,12.663854,0.050000
10859,-29.631855,0.050000
10860,-5.004716,0.050000
10861,-14.717093,0.050000
10862,5.129590,0.050000
10863,-6.267028,0.050000
10864,-5.822898,0.050000
10865,-5.523977,0.050000
10866,-18.048536,0.050000
10867,-5.633706,0.050000
10868,-18.003493,0.050000
10869,-36.487116,0.050000
10870,-13.983040,0.050000
10871,-8.986232,0.050000
10872,-12.637215,0.050000
10873,4.931645,0.050000
10874,-11.720133,0.050000
10875,1.639500,0.050000
10876,-18.305264,0.050000
10877,-10.887331,0.050000
10878,1.445919,0.050000
10879,-11.427927,0.050000
10880,-14.925365,0.050000
10881,-22.149624,0.050000
10882,-19.786466,0.050000
10883,0.759673,0.050000
10884,-6.651954,0.050000
10885,-20.099168,0.050000
10886,2.307254,0.050000
10887,7.332773,0.050000
10888,-6.458518,0.050000
10889,-1.625222,0.050000
10890,-16.132630,0.050000
10891,-0.854449,0.050000
10892,12.733553,0.050000
10893,-33.117597,0.050000
10894,13.659423,0.050000
10895,-11.699494,0.050000
10896,3.071126,0.050000
10897,-22.281596,0.050000
10898,-3.988446,0.050000
10899,-4.518128,0.050000
10900,-13.257085,0.050000
10901,-21.333437,0.050000
10902,-19.848039,0.050000
10903,-34.176199,0.050000
10904,1.712027,0.050000
10905,10.990352,0.050000
10906,-21.648300,0.050000
10907,-1.864551,0.050000
10908,-0.665037,0.050000
10909,-27.375906,0.050000
10910,-7.668262,0.050000
10911,-7.688987,0.050000
10912,2.563439,0.050000
10913,-5.545714,0.050000
10914,-15.183458,0.050000
10915,9.828627,0.050000
10916,-12.776292,0.050000
10917,-28.811391,0.050000
10918,-0.847983,0.050000
10919,7.716180,0.050000
10920,1.212376,0.050000
10921,-16.873820,0.050000
10922,-8.133142,0.050000
10923,2.603234,0.050000
10924,6.360939,0.050000
10925,2.274034,0.050000
10926,-12.594106,0.050000
10927,7.668395,0.050000
10928,0.176858,0.050000
10929,-11.147726,0.050000
10930,-4.800059,0.050000
10931,-13.835830,0.050000
10932,-2.251270,0.050000
10933,5.212469,0.050000
10934,-7.571144,0.050000
10935,-24.171662,0.050000
10936,-8.045328,0.050000
10937,-7.370440,0.050000
10938,8.887737,0.050000
10939,-8.138813,0.050000
10940,-11.623686,0.050000
10941,-17.689214,0.050000
10942,-18.849257,0.050000
10943,-7.108804,0.050000
10944,11.241453,0.050000
10945,-0.471133,0.050000
10946,-19.725702,0.050000
10947,-3.434721,0.050000
10948,-0.453649,0.050000
10949,-16.245580,0.050000
10950,-23.045089,0.050000
10951,-17.318686,0.050000
10952,-17.787562,0.050000
10953,-2.050310,0.050000
10954,-5.628277,0.050000
10955,10.269875,0.050000
10956,-13.757292,0.050000
10957,-6.036460,0.050000
10958,-21.239258,0.050000
10959,0.144408,0.050000
10960,-30.183752,0.050000
10961,6.017395,0.050000
10962,2.839290,0.050000
10963,-13.879263,0.050000
10964,-10.465627,0.050000
10965,2.785109,0.050000
10966,-34.222915,0.050000
10967,-26.410723,0.050000
10968,-11.646322,0.050000
10969,-17.735061,0.050000
10970,-23.582159,0.050000
10971,1.823728,0.050000
10972,-12.801842,0.050000
10973,-4.247792,0.050000
10974,4.511140,0.050000
10975,-11.783525,0.050000
10976,9.363967,0.050000
10977,-15.310588,0.050000
10978,-8.021585,0.050000
10979,-3.705854,0.050000
10980,-7.068354,0.050000
10981,-5.844490,0.050000
10982,-12.625273,0.050000
10983,3.043994,0.050000
10984,-1.169348,0.050000
10985,-10.427392,0.050000
10986,-17.785650,0.050000
10987,-3.236661,0.050000
10988,-0.327644,0.050000
10989,2.942842,0.050000
10990,-23.637804,0.050000
10991,8.593115,0.050000
10992,-6.705529,0.050000
10993,-10.995358,0.050000
10994,-16.829498,0.050000
10995,-14.964028,0.050000
10996,-16.740693,0.050000
10997,-17.546335,0.050000
10998,-25.762298,0.050000
10999,-8.320919,0.050000
11000,-17.721260,0.050000
11001,2.602638,0.050000
11002,-1.689034,0.050000
11003,10.218074,0.050000
11004,-12.065386,0.050000
11005,8.835324,0.050000
11006,-0.472217,0.050000
11007,12.207936,0.050000
11008,-7.457211,0.050000
11009,-9.848740,0.050000
11010,1.188448,0.050000
11011,-15.027860,0.050000
11012,-5.567026,0.050000
11013,12.794263,0.050000
11014,-11.736232,0.050000
11015,-18.318637,0.050000
11016,-9.296810,0.050000
11017,-28.663510,0.050000
11018,-25.875947,0.050000
11019,3.860134,0.050000
11020,-16.064912,0.050000
11021,-6.418389,0.050000
11022,-1.765498,0.050000
11023,-11.893671,0.050000
11024,-3.412829,0.050000
11025,3.262067,0.050000
11026,5.462398,0.050000
11027,-5.443797,0.050000
11028,5.027238,0.050000
11029,-18.568875,0.050000
11030,-21.048664,0.050000
11031,-12.606501,0.050000
11032,-3.004741,0.050000
11033,-10.435819,0.050000
11034,1.478866,0.050000
11035,-15.506436,0.050000
11036,-15.850745,0.050000
11037,8.999111,0.050000
11038,-4.864380,0.050000
11039,-14.367062,0.050000
11040,-23.480523,0.050000
11041,14.976567,0.050000
11042,-12.389945,0.050000
11043,-36.211743,0.050000
11044,0.358904,0.050000
11045,-17.467123,0.050000
11046,-6.670169,0.050000
11047,-24.492085,0.050000
11048,-10.411846,0.050000
11049,-4.026472,0.050000
11050,-15.193787,0.050000
11051,-3.795839,0.050000
11052,-12.406030,0.050000
11053,1.076849,0.050000
11054,-18.510368,0.050000
11055,-8.134202,0.050000
11056,-7.880858,0.050000
11057,7.001465,0.050000
11058,-40.293976,0.050000
11059,6.764408,0.050000
11060,-9.802885,0.050000
11061,-35.497261,0.050000
11062,-11.405758,0.050000
11063,-11.877525,0.050000
11064,10.380784,0.050000
11065,-4.098971,0.050000
11066,-11.764619,0.050000
11067,-14.456240,0.050000
11068,-6.443511,0.050000
11069,-2.862877,0.050000
11070,-1.595966,0.050000
11071,-12.707844,0.050000
11072,1.956660,0.050000
11073,-3.819188,0.050000
11074,18.374026,0.050000
11075,-5.133792,0.050000
11076,-16.331207,0.050000
11077,-14.417971,0.050000
11078,-22.687614,0.050000
11079,15.369724,0.050000
11080,-5.727092,0.050000
11081,1.099626,0.050000
11082,-0.664351,0.050000
11083,6.308563,0.050000
11084,-5.333633,0.050000
11085,9.044267,0.050000
11086,0.246556,0.050000
11087,-13.583608,0.050000
11088,-4.262151,0.050000
11089,2.260202,0.050000
11090,2.171404,0.050000
11091,1.185142,0.050000
11092,-20.981388,0.050000
11093,-20.833998,0.050000
11094,-15.648940,0.050000
11095,1.962605,0.050000
11096,3.608457,0.050000
11097,-8.744970,0.050000
11098,-16.138984,0.050000
11099,-0.380066,0.050000
11100,-25.032159,0.050000
11101,-2.258576,0.050000
11102,-4.660900,0.050000
11103,-23.647028,0.050000
11104,-8.756100,0.050000
11105,-2.272610,0.050000
11106,-18.155548,0.050000
11107,-0.334711,0.050000
11108,-22.442350,0.050000
11109,12.467967,0.050000
11110,-33.303236,0.050000
11111,12.407639,0.050000
11112,-14.570280,0.050000
11113,-16.830932,0.050000
11114,3.359229,0.050000
11115,3.626277,0.050000
11116,-9.140120,0.050000
11117,6.277311,0.050000
11118,-13.423111,0.050000
11119,-2.507866,0.050000
11120,-0.378783,0.050000
11121,-12.226157,0.050000
11122,-0.022419,0.050000
11123,-17.865861,0.050000
11124,-7.467884,0.050000
11125,-1.791663,0.050000
11126,-7.601172,0.050000
11127,-21.337069,0.050000
11128,-7.917744,0.050000
11129,1.335320,0.050000
11130,-11.441425,0.050000
11131,2.774362,0.050000
11132,-11.013900,0.050000
11133,-19.237348,0.050000
11134,-9.725168,0.050000
11135,-7.933712,0.050000
11136,8.835963,0.050000
11137,-9.553493,0.050000
11138,-1.495678,0.050000
11139,-7.562517,0.050000
11140,-14.464659,0.050000
11141,7.529153,0.050000
11142,-19.757032,0.050000
11143,-20.606039,0.050000
11144,-7.071494,0.050000
11145,-26.416164,0.050000
11146,-2.781902,0.050000
11147,0.581209,0.050000
11148,-5.047607,0.050000
11149,-30.536806,0.050000
11150,-23.162667,0.050000
11151,-12.654520,0.050000
11152,-16.690725,0.050000
11153,-11.851775,0.050000
11154,5.474172,0.050000
11155,-2.371428,0.050000
11156,4.187630,0.050000
11157,-9.423786,0.050000
11158,6.869243,0.050000
11159,-3.265459,0.050000
11160,-1.073931,0.050000
11161,-12.476806,0.050000
11162,-21.436440,0.050000
11163,4.265234,0.050000
11164,-16.469666,0.050000
11165,9.045734,0.050000
11166,0.452336,0.050000
11167,-4.756516,0.050000
11168,-19.070155,0.050000
11169,11.920202,0.050000
11170,-19.151324,0.050000
11171,-13.212767,0.050000
11172,-45.938187,0.050000
11173,-0.143721,0.050000
11174,-11.602747,0.050000
11175,-18.407451,0.050000
11176,-13.947638,0.050000
11177,-30.326011,0.050000
11178,-34.946856,0.050000
11179,-25.795188,0.050000
11180,-13.054139,0.050000
11181,-38.858264,0.050000
11182,-45.990241,0.050000
11183,-11.446008,0.050000
11184,-9.776532,0.050000
11185,-37.821383,0.050000
11186,-18.472369,0.050000
11187,-29.313063,0.050000
11188,-14.785817,0.050000
11189,11.278188,0.050000
11190,-6.317684,0.050000
11191,2.774359,0.050000
11192,1.055208,0.050000
11193,-5.120121,0.050000
11194,-50.146922,0.050000
11195,-6.342622,0.050000
11196,-22.628255,0.050000
11197,-26.506938,0.050000
11198,-21.322646,0.050000
11199,4.293902,0.050000
11200,-18.501490,0.050000
11201,-51.134739,0.050000
11202,-15.734410,0.050000
11203,-16.842814,0.050000
11204,-43.856392,0.050000
11205,-20.907518,0.050000
11206,-18.569430,0.050000
11207,-14.943271,0.050000
11208,-14.349996,0.050000
11209,-11.760902,0.050000
11210,-48.250427,0.050000
11211,-22.793901,0.050000
11212,-6.807476,0.050000
11213,-0.115026,0.050000
11214,-6.033713,0.050000
11215,-7.952909,0.050000
11216,-13.322715,0.050000
11217,-27.935675,0.050000
11218,-7.495651,0.050000
11219,19.796579,0.050000
11220,-55.115213,0.050000
11221,-5.422152,0.050000
11222,-13.553152,0.050000
11223,-25.106007,0.050000
11224,-16.557210,0.050000
11225,-17.538656,0.050000
11226,-39.123566,0.050000
11227,-0.940982,0.050000
11228,-16.325801,0.050000
11229,-5.803989,0.050000
11230,-42.420943,0.050000
11231,-5.141420,0.050000
11232,-59.280259,0.050000
11233,-4.153649,0.050000
11234,-25.759037,0.050000
11235,-1.260999,0.050000
11236,-2.482706,0.050000
11237,-22.641796,0.050000
11238,-6.717147,0.050000
11239,-8.538352,0.050000
11240,-36.478053,0.050000
11241,-41.750026,0.050000
11242,-48.716958,0.050000
11243,-7.942573,0.050000
11244,-35.689616,0.050000
11245,-9.766662,0.050000
11246,-12.850819,0.050000
11247,15.442204,0.050000
11248,-5.245651,0.050000
11249,-43.790445,0.050000
11250,-19.515386,0.050000
11251,-16.433350,0.050000
11252,-50.197556,0.050000
11253,-23.323662,0.050000
11254,12.238739,0.050000
11255,-5.372830,0.050000
11256,-42.654776,0.050000
11257,-13.653681,0.050000
11258,-11.294929,0.050000
11259,22.883116,0.050000
11260,-35.859530,0.050000
11261,13.080530,0.050000
11262,-28.924342,0.050000
11263,-26.900862,0.050000
11264,-10.828233,0.050000
11265,3.808968,0.050000
11266,-12.577668,0.050000
11267,-7.463026,0.050000
11268,-43.923784,0.050000
11269,14.707796,0.050000
11270,-15.928454,0.050000
11271,-48.733041,0.050000
11272,-18.176073,0.050000
11273,-5.716540,0.050000
11274,-51.844684,0.050000
11275,-25.703676,0.050000
11276,-21.758254,0.050000
11277,-48.383229,0.050000
11278,-17.782311,0.050000
11279,-37.193022,0.050000
11280,-28.737221,0.050000
11281,-40.219851,0.050000
11282,-7.947897,0.050000
11283,-5.587573,0.050000
11284,-47.862912,0.050000
11285,-49.387532,0.050000
11286,-14.895425,0.050000
11287,-42.002325,0.050000
11288,-55.772735,0.050000
11289,-28.666782,0.050000
11290,-7.405858,0.050000
11291,-35.199864,0.050000
11292,-16.002809,0.050000
11293,-28.630637,0.050000
11294,-3.032585,0.050000
11295,-3.487006,0.050000
11296,-40.392346,0.050000
11297,-52.739279,0.050000
11298,-10.054488,0.050000
11299,-21.073206,0.050000
11300,-17.019693,0.050000
11301,-5.440378,0.050000
11302,-48.711937,0.050000
11303,-28.356857,0.050000
11304,-38.356747,0.050000
11305,-18.049224,0.050000
11306,-43.040021,0.050000
11307,-62.514901,0.050000
11308,-28.793225,0.050000
11309,2.174918,0.050000
11310,-61.116664,0.050000
11311,-32.835863,0.050000
11312,-50.650585,0.050000
11313,-72.862836,0.050000
11314,-25.895374,0.050000
11315,-68.754792,0.050000
11316,-69.917850,0.050000
11317,-11.751325,0.050000
11318,-35.744997,0.050000
11319,-8.717481,0.050000
11320,-10.834457,0.050000
11321,-19.998331,0.050000
11322,-31.406078,0.050000
11323,-7.456760,0.050000
11324,-50.732969,0.050000
11325,-1.894407,0.050000
11326,-44.950488,0.050000
11327,-32.057916,0.050000
11328,-27.488474,0.050000
11329,-41.454853,0.050000
11330,-13.887077,0.050000
11331,-23.570700,0.050000
11332,-36.121114,0.050000
11333,-11.558505,0.050000
11334,-40.583550,0.050000
11335,-42.619023,0.050000
11336,-38.950604,0.050000
11337,-7.639169,0.050000
11338,-41.199882,0.050000
11339,-49.023130,0.050000
11340,-31.745119,0.050000
11341,-28.103914,0.050000
11342,-11.186238,0.050000
11343,-24.423299,0.050000
11344,-31.853447,0.050000
11345,-47.067474,0.050000
11346,-38.473947,0.050000
11347,-2.916120,0.050000
11348,-20.732894,0.050000
11349,-16.873825,0.050000
11350,-25.967223,0.050000
11351,-34.423105,0.050000
11352,-8.200042,0.050000
11353,-16.216753,0.050000
11354,-43.106480,0.050000
11355,-21.268144,0.050000
11356,-23.688111,0.050000
11357,-41.433142,0.050000
11358,-42.801744,0.050000
11359,-21.470215,0.050000
11360,-13.051389,0.050000
11361,-22.870234,0.050000
11362,-1.270839,0.050000
11363,-56.233933,0.050000
11364,-0.005039,0.050000
11365,12.888890,0.050000
11366,-41.108105,0.050000
11367,-10.461705,0.050000
11368,-18.819687,0.050000
11369,-68.465071,0.050000
11370,-23.051981,0.050000
11371,-34.994489,0.050000
11372,-59.029722,0.050000
11373,-60.643176,0.050000
11374,-10.347861,0.050000
11375,-26.275004,0.050000
11376,-35.640766,0.050000
11377,-22.796641,0.050000
11378,-27.737203,0.050000
11379,-36.652541,0.050000
11380,-2.110414,0.050000
11381,-24.373308,0.050000
11382,-8.338339,0.050000
11383,-26.262616,0.050000
11384,-10.945105,0.050000
11385,-9.587035,0.050000
11386,-23.897384,0.050000
11387,-19.182948,0.050000
11388,-24.985858,0.050000
11389,-34.379364,0.050000
11390,-23.565790,0.050000
11391,-27.917331,0.050000
11392,-22.860186,0.050000
11393,-53.529309,0.050000
11394,-11.638859,0.050000
11395,-8.307488,0.050000
11396,-26.551690,0.050000
11397,-10.839931,0.050000
11398,-31.261714,0.050000
11399,-28.681809,0.050000
11400,-11.271129,0.050000
11401,5.196012,0.050000
11402,-39.196634,0.050000
11403,-24.480172,0.050000
11404,-1.499517,0.050000
11405,-37.752229,0.050000
11406,-21.945860,0.050000
11407,-5.266980,0.050000
11408,-20.592574,0.050000
11409,-17.293860,0.050000
11410,-23.120984,0.050000
11411,0.439973,0.050000
11412,-32.892248,0.050000
11413,-12.225549,0.050000
11414,-28.285140,0.050000
11415,-4.111063,0.050000
11416,-7.984322,0.050000
11417,-32.535491,0.050000
11418,-18.230569,0.050000
11419,-21.664431,0.050000
11420,-19.939939,0.050000
11421,-32.150049,0.050000
11422,-33.842373,0.050000
11423,-22.310715,0.050000
11424,-35.093038,0.050000
11425,-10.021733,0.050000
11426,-3.463840,0.050000
11427,-11.951881,0.050000
11428,-34.878778,0.050000
11429,-11.428722,0.050000
11430,-31.811947,0.050000
11431,-5.248980,0.050000
11432,2.859379,0.050000
11433,-26.149313,0.050000
11434,-0.038052,0.050000
11435,-8.816419,0.050000
11436,5.822451,0.050000
11437,-40.319139,0.050000
11438,-13.736698,0.050000
11439,-18.730349,0.050000
11440,-21.876646,0.050000
11441,-24.346528,0.050000
11442,-44.828101,0.050000
11443,-3.150822,0.050000
11444,-24.218420,0.050000
11445,-11.362040,0.050000
11446,-27.490079,0.050000
11447,-33.838863,0.050000
11448,-41.375687,0.050000
11449,2.106493,0.050000
11450,-7.700296,0.050000
11451,-16.365644,0.050000
11452,8.606662,0.050000
11453,-28.214389,0.050000
11454,6.286858,0.050000
11455,-5.393668,0.050000
11456,-12.297644,0.050000
11457,-3.077461,0.050000
11458,-26.913400,0.050000
11459,-8.974933,0.050000
11460,-3.719324,0.050000
11461,-18.198719,0.050000
11462,-17.019405,0.050000
11463,-11.188253,0.050000
11464,3.023908,0.050000
11465,-3.829491,0.050000
11466,-48.659023,0.050000
11467,5.358133,0.050000
11468,-38.767586,0.050000
11469,-13.472041,0.050000
11470,-3.953848,0.050000
11471,-13.099290,0.050000
11472,20.449199,0.050000
11473,-6.255661,0.050000
11474,-25.899153,0.050000
11475,-21.936747,0.050000
11476,-38.129461,0.050000
11477,-24.908767,0.050000
11478,-25.861097,0.050000
11479,-13.713431,0.050000
11480,-34.935633,0.050000
11481,-40.202908,0.050000
11482,-37.702377,0.050000
11483,-40.708576,0.050000
11484,-30.806426,0.050000
11485,-14.980738,0.050000
11486,-9.101562,0.050000
11487,-24.866879,0.050000
11488,-34.904334,0.050000
11489,-14.024971,0.050000
11490,-37.585675,0.050000
11491,-15.324464,0.050000
11492,-30.014311,0.050000
11493,-10.207809,0.050000
11494,-7.135578,0.050000
11495,-3.400806,0.050000
11496,-5.268329,0.050000
11497,-29.311186,0.050000
11498,-41.359901,0.050000
11499,-15.411824,0.050000
11500,-20.573227,0.050000
11501,-26.673493,0.050000
11502,-11.256563,0.050000
11503,-27.673288,0.050000
11504,7.544979,0.050000
11505,-22.911834,0.050000
11506,-1.162252,0.050000
11507,-49.264823,0.050000
11508,-18.439611,0.050000
11509,-8.720673,0.050000
11510,-34.786267,0.050000
11511,-5.977959,0.050000
11512,-6.615266,0.050000
11513,-4.998254,0.050000
11514,-14.765784,0.050000
11515,-20.553448,0.050000
11516,-6.392943,0.050000
11517,-3.170338,0.050000
11518,-15.885419,0.050000
11519,-15.859780,0.050000
11520,-1.565018,0.050000
11521,-13.479856,0.050000
11522,-6.470886,0.050000
11523,-1.009527,0.050000
11524,-42.048062,0.050000
11525,-6.585967,0.050000
11526,-25.845036,0.050000
11527,-30.728798,0.050000
11528,-12.848155,0.050000
11529,-14.015227,0.050000
11530,-2.588856,0.050000
11531,-23.326149,0.050000
11532,-14.420291,0.050000
11533,-3.370817,0.050000
11534,-56.725374,0.050000
11535,-39.535837,0.050000
11536,-18.471822,0.050000
11537,-7.150517,0.050000
11538,-39.235379,0.050000
11539,-13.097239,0.050000
11540,-33.069847,0.050000
11541,-21.763169,0.050000
11542,-47.239934,0.050000
11543,-26.900157,0.050000
11544,-39.725592,0.050000
11545,-0.817924,0.050000
11546,2.001550,0.050000
11547,-20.464461,0.050000
11548,-11.742547,0.050000
11549,-18.602881,0.050000
11550,-36.175821,0.050000
11551,-48.079158,0.050000
11552,-19.830654,0.050000
11553,-36.917912,0.050000
11554,-34.985660,0.050000
11555,-10.161985,0.050000
11556,-31.917392,0.050000
11557,-17.149152,0.050000
11558,-19.491228,0.050000
11559,-26.195942,0.050000
11560,-16.986189,0.050000
11561,-19.361400,0.050000
11562,-11.534122,0.050000
11563,-9.686381,0.050000
11564,-30.753654,0.050000
11565,-35.979940,0.050000
11566,-33.294489,0.050000
11567,-17.365977,0.050000
11568,-13.956214,0.050000
11569,-35.432962,0.050000
11570,5.807248,0.050000
11571,-13.999672,0.050000
11572,-40.303242,0.050000
11573,-15.499728,0.050000
11574,-7.068080,0.050000
11575,-11.205176,0.050000
11576,-23.392506,0.050000
11577,-22.981795,0.050000
11578,-20.953311,0.050000
11579,-22.044893,0.050000
11580,-9.764763,0.050000
11581,-8.145722,0.050000
11582,-28.089441,0.050000
11583,-63.352226,0.050000
11584,-29.328100,0.050000
11585,-31.204638,0.050000
11586,-16.981929,0.050000
11587,-4.225553,0.050000
11588,-17.467065,0.050000
11589,-20.055239,0.050000
11590,-6.918925,0.050000
11591,-25.473368,0.050000
11592,-38.182179,0.050000
11593,-46.557960,0.050000
11594,-11.525690,0.050000
11595,-16.912857,0.050000
11596,-22.789987,0.050000
11597,-19.949752,0.050000
11598,-42.431802,0.050000
11599,-31.622072,0.050000
11600,-30.898052,0.050000
11601,-26.207137,0.050000
11602,-11.864527,0.050000
11603,-15.670483,0.050000
11604,-51.362734,0.050000
11605,-4.430562,0.050000
11606,-40.830078,0.050000
11607,-36.371117,0.050000
11608,-2.774279,0.050000
11609,-5.500871,0.050000
11610,-16.564921,0.050000
11611,-9.101070,0.050000
11612,-35.822492,0.050000
11613,-31.235807,0.050000
11614,-31.277689,0.050000
11615,-9.033728,0.050000
11616,-57.613658,0.050000
11617,-20.491899,0.050000
11618,-21.563593,0.050000
11619,-20.120969,0.050000
11620,-5.250624,0.050000
11621,-21.935404,0.050000
11622,-39.813983,0.050000
11623,-13.858741,0.050000
11624,-15.585430,0.050000
11625,-26.000895,0.050000
11626,-13.719058,0.050000
11627,-34.127229,0.050000
11628,-19.252567,0.050000
11629,-25.815015,0.050000
11630,-1.076060,0.050000
11631,-10.268081,0.050000
11632,-37.329348,0.050000
11633,-27.840384,0.050000
11634,-18.430797,0.050000
11635,-3.155775,0.050000
11636,-11.384972,0.050000
11637,-8.757009,0.050000
11638,-46.966317,0.050000
11639,-20.838620,0.050000
11640,-42.352500,0.050000
11641,-31.325764,0.050000
11642,-29.271130,0.050000
11643,-18.160613,0.050000
11644,-11.434975,0.050000
11645,-48.251630,0.050000
11646,-6.306418,0.050000
11647,-12.353906,0.050000
11648,-14.346956,0.050000
11649,-11.819966,0.050000
11650,-28.050552,0.050000
11651,0.743581,0.050000
11652,0.036453,0.050000
11653,-13.150010,0.050000
11654,-25.524569,0.050000
11655,-18.806303,0.050000
11656,-43.388779,0.050000
11657,14.828564,0.050000
11658,-46.576278,0.050000
11659,-15.947416,0.050000
11660,-63.184803,0.050000
11661,-33.087111,0.050000
11662,-6.020326,0.050000
11663,-0.852497,0.050000
11664,-13.705925,0.050000
11665,-47.364483,0.050000
11666,-12.107545,0.050000
11667,-20.329682,0.050000
11668,-25.188287,0.050000
11669,-26.779687,0.050000
11670,-25.113310,0.050000
11671,-8.836065,0.050000
11672,4.022765,0.050000
11673,-20.373997,0.050000
11674,-22.722354,0.050000
11675,3.316534,0.050000
11676,0.853764,0.050000
11677,-13.433748,0.050000
11678,-47.481408,0.050000
11679,-9.990816,0.050000
11680,-2.011946,0.050000
11681,-11.273485,0.050000
11682,-11.045540,0.050000
11683,-30.061733,0.050000
11684,-67.372093,0.050000
11685,-11.615573,0.050000
11686,-12.584143,0.050000
11687,-0.063307,0.050000
11688,-26.106787,0.050000
11689,-19.353149,0.050000
11690,-59.723541,0.050000
11691,-41.574801,0.050000
11692,-19.263791,0.050000
11693,-14.930463,0.050000
11694,-23.569235,0.050000
11695,-49.251951,0.050000
11696,-49.533305,0.050000
11697,-5.246694,0.050000
11698,-23.361411,0.050000
11699,-9.303575,0.050000
11700,-1.902022,0.050000
11701,-21.644638,0.050000
11702,-75.878638,0.050000
11703,-16.188271,0.050000
11704,-38.095525,0.050000
11705,-45.683302,0.050000
11706,-31.785554,0.050000
11707,-47.322626,0.050000
11708,-50.023188,0.050000
11709,-6.168590,0.050000
11710,-13.272406,0.050000
11711,-5.651431,0.050000
11712,-49.416465,0.050000
11713,-22.989078,0.050000
11714,-44.831484,0.050000
11715,-5.244095,0.050000
11716,-11.955239,0.050000
11717,-10.159641,0.050000
11718,-12.596038,0.050000
11719,-14.589471,0.050000
11720,-29.692553,0.050000
11721,-50.071359,0.050000
11722,-48.744566,0.050000
11723,-15.580859,0.050000
11724,-31.160302,0.050000
11725,-1.482489,0.050000
11726,-60.831612,0.050000
11727,-16.921189,0.050000
11728,-9.396055,0.050000
11729,-2.294867,0.050000
11730,-44.540550,0.050000
11731,-11.974437,0.050000
11732,-19.104799,0.050000
11733,-21.674007,0.050000
11734,-17.424385,0.050000
11735,-23.247816,0.050000
11736,-14.494797,0.050000
11737,-8.030558,0.050000
11738,4.698670,0.050000
11739,-18.753489,0.050000
11740,-40.789376,0.050000
11741,-2.069834,0.050000
11742,-19.885841,0.050000
11743,-32.276773,0.050000
11744,6.196467,0.050000
11745,-18.150060,0.050000
11746,-3.981568,0.050000
11747,-21.067437,0.050000
11748,-21.521999,0.050000
11749,-20.874683,0.050000
11750,-15.730538,0.050000
11751,6.526417,0.050000
11752,-25.914328,0.050000
11753,8.051945,0.050000
11754,-28.875109,0.050000
11755,-29.924006,0.050000
11756,-0.762427,0.050000
11757,-77.668828,0.050000
11758,-31.302337,0.050000
11759,-1.004641,0.050000
11760,-24.948612,0.050000
11761,-34.005156,0.050000
11762,-33.912939,0.050000
11763,14.133408,0.050000
11764,17.950548,0.050000
11765,-13.067620,0.050000
11766,2.909975,0.050000
11767,-73.962159,0.050000
11768,12.151791,0.050000
11769,-27.762931,0.050000
11770,4.163357,0.050000
11771,-16.299362,0.050000
11772,-67.904077,0.050000
11773,4.141602,0.050000
11774,-19.762518,0.050000
11775,-80.910231,0.050000
11776,-40.818622,0.050000
11777,-10.756665,0.050000
11778,-13.656225,0.050000
11779,-2.589693,0.050000
11780,-2.097029,0.050000
11781,9.526979,0.050000
11782,-9.018051,0.050000
11783,-19.032836,0.050000
11784,3.155206,0.050000
11785,-3.569659,0.050000
11786,-47.581066,0.050000
11787,-37.352982,0.050000
11788,-25.972898,0.050000
11789,-9.374973,0.050000
11790,11.379244,0.050000
11791,-37.710877,0.050000
11792,-12.524180,0.050000
11793,-35.238152,0.050000
11794,-26.586103,0.050000
11795,-20.735919,0.050000
11796,-14.362676,0.050000
11797,-3.784776,0.050000
11798,-8.453960,0.050000
11799,21.490856,0.050000
11800,3.410018,0.050000
11801,-5.252895,0.050000
11802,-0.383685,0.050000
11803,-8.351598,0.050000
11804,-12.099509,0.050000
11805,-69.368775,0.050000
11806,-42.662907,0.050000
11807,-15.000153,0.050000
11808,-50.508609,0.050000
11809,-63.814407,0.050000
11810,-62.878705,0.050000
11811,-80.564371,0.050000
11812,-6.134747,0.050000
11813,-26.704682,0.050000
11814,-47.707269,0.050000
11815,-73.244889,0.050000
11816,-41.258277,0.050000
11817,-38.476090,0.050000
11818,-23.494946,0.050000
11819,-83.490196,0.050000
11820,-71.638133,0.050000
11821,-20.159553,0.050000
11822,-13.432889,0.050000
11823,-53.778422,0.050000
11824,-9.474910,0.050000
11825,-60.970438,0.050000
11826,-81.564101,0.050000
11827,2.591128,0.050000
11828,-26.310075,0.050000
11829,-19.474860,0.050000
11830,5.060289,0.050000
11831,-20.322298,0.050000
11832,-14.906895,0.050000
11833,8.694203,0.050000
11834,-64.242221,0.050000
11835,-49.408037,0.050000
11836,-7.430035,0.050000
11837,-72.207655,0.050000
11838,-60.251884,0.050000
11839,-30.803731,0.050000
11840,-22.908525,0.050000
11841,-6.831911,0.050000
11842,-25.606590,0.050000
11843,-18.162950,0.050000
11844,1.298402,0.050000
11845,-38.886204,0.050000
11846,-30.237599,0.050000
11847,-38.601882,0.050000
11848,5.658741,0.050000
11849,-59.634539,0.050000
11850,-21.520241,0.050000
11851,-25.227751,0.050000
11852,-6.857932,0.050000
11853,-31.824495,0.050000
11854,-20.048120,0.050000
11855,-61.871406,0.050000
11856,21.621411,0.050000
11857,-57.612056,0.050000
11858,-6.456473,0.050000
11859,-67.810694,0.050000
11860,-15.156287,0.050000
11861,-65.237370,0.050000
11862,-22.226757,0.050000
11863,-33.023734,0.050000
11864,-62.793768,0.050000
11865,7.675266,0.050000
11866,-17.074065,0.050000
11867,-32.668249,0.050000
11868,-8.408080,0.050000
11869,-63.764582,0.050000
11870,-13.907618,0.050000
11871,-32.958636,0.050000
11872,-23.716244,0.050000
11873,-33.395439,0.050000
11874,-38.560736,0.050000
11875,-37.290680,0.050000
11876,-6.490058,0.050000
11877,-37.632257,0.050000
11878,-61.662193,0.050000
11879,13.590762,0.050000
11880,-82.490666,0.050000
11881,-25.005317,0.050000
11882,-20.136161,0.050000
11883,-41.923440,0.050000
11884,-34.263495,0.050000
11885,-24.497384,0.050000
11886,-11.450411,0.050000
11887,-62.872362,0.050000
11888,-17.037073,0.050000
11889,-29.264637,0.050000
11890,-31.480066,0.050000
11891,-50.519893,0.050000
11892,-28.596318,0.050000
11893,-12.789864,0.050000
11894,-2.658828,0.050000
11895,-42.928734,0.050000
11896,-59.217667,0.050000
11897,-27.854413,0.050000
11898,-50.947160,0.050000
11899,-34.856850,0.050000
11900,-95.579383,0.050000
11901,7.791853,0.050000
11902,-48.059835,0.050000
11903,-26.761699,0.050000
11904,-39.232555,0.050000
11905,-6.202578,0.050000
11906,-28.223934,0.050000
11907,-2.606258,0.050000
11908,-16.427116,0.050000
11909,-44.091964,0.050000
11910,-22.281416,0.050000
11911,-19.636649,0.050000
11912,-7.094556,0.050000
11913,-13.289758,0.050000
11914,-22.364423,0.050000
11915,9.571775,0.050000
11916,6.403593,0.050000
11917,-60.992387,0.050000
11918,-77.681073,0.050000
11919,-75.123697,0.050000
11920,6.299094,0.050000
11921,-26.905761,0.050000
11922,-5.581966,0.050000
11923,-12.223203,0.050000
11924,-13.428857,0.050000
11925,-16.384073,0.050000
11926,-16.224307,0.050000
11927,-10.119595,0.050000
11928,-39.379012,0.050000
11929,-22.627356,0.050000
11930,-1.885614,0.050000
11931,4.470305,0.050000
11932,-32.848759,0.050000
11933,-12.850255,0.050000
11934,-10.166041,0.050000
11935,-10.396223,0.050000
11936,10.162415,0.050000
11937,-9.588530,0.050000
11938,-15.803010,0.050000
11939,0.904445,0.050000
11940,-20.754239,0.050000
11941,-14.354958,0.050000
11942,0.346393,0.050000
11943,-11.659780,0.050000
11944,-34.738697,0.050000
11945,-18.955090,0.050000
11946,0.976835,0.050000
11947,-17.738111,0.050000
11948,-0.042138,0.050000
11949,-16.352387,0.050000
11950,12.596378,0.050000
11951,-22.941355,0.050000
11952,-5.435558,0.050000
11953,-10.627653,0.050000
11954,-37.448732,0.050000
11955,-12.859510,0.050000
11956,-14.338289,0.050000
11957,-26.836467,0.050000
11958,-12.651458,0.050000
11959,-45.381787,0.050000
11960,-2.679565,0.050000
11961,-26.426684,0.050000
11962,-11.977847,0.050000
11963,-38.436747,0.050000
11964,-41.307125,0.050000
11965,-17.372383,0.050000
11966,-52.490594,0.050000
11967,-10.659022,0.050000
11968,-57.972183,0.050000
11969,0.500586,0.050000
11970,-26.580384,0.050000
11971,-10.349524,0.050000
11972,-3.729561,0.050000
11973,-34.392099,0.050000
11974,-33.893329,0.050000
11975,-4.537913,0.050000
11976,-60.931557,0.050000
11977,-12.139493,0.050000
11978,-2.473976,0.050000
11979,-34.735952,0.050000
11980,4.255696,0.050000
11981,-25.819991,0.050000
11982,-9.465759,0.050000
11983,-10.114195,0.050000
11984,-5.863104,0.050000
11985,-7.784196,0.050000
11986,-13.941595,0.050000
11987,-12.220691,0.050000
11988,-5.504463,0.050000
11989,-21.530000,0.050000
11990,-17.642340,0.050000
11991,-32.594943,0.050000
11992,-41.085880,0.050000
11993,7.570662,0.050000
11994,10.708147,0.050000
11995,-16.129988,0.050000
11996,-67.556555,0.050000
11997,-27.982622,0.050000
11998,-28.665867,0.050000
11999,-13.981292,0.050000
12000,-27.691056,0.050000
12001,-31.213427,0.050000
12002,-36.836965,0.050000
12003,-6.884553,0.050000
12004,-59.997152,0.050000
12005,-59.063799,0.050000
12006,-33.444872,0.050000
12007,-34.707724,0.050000
12008,-47.154975,0.050000
12009,-33.762348,0.050000
12010,-13.434199,0.050000
12011,-42.864377,0.050000
12012,-59.103857,0.050000
12013,-21.205604,0.050000
12014,-20.078372,0.050000
12015,-33.432020,0.050000
12016,-79.104126,0.050000
12017,-45.297099,0.050000
12018,-21.555040,0.050000
12019,-3.843573,0.050000
12020,-32.149936,0.050000
12021,-31.374239,0.050000
12022,-21.930082,0.050000
12023,-29.805084,0.050000
12024,2.048509,0.050000
12025,-38.881516,0.050000
12026,-8.969070,0.050000
12027,-21.584163,0.050000
12028,-5.609094,0.050000
12029,3.873392,0.050000
12030,-27.575599,0.050000
12031,-33.864270,0.050000
12032,-21.470501,0.050000
12033,-19.602129,0.050000
12034,-23.866241,0.050000
12035,-21.949291,0.050000
12036,-13.876752,0.050000
12037,-20.585809,0.050000
12038,-30.242100,0.050000
12039,-35.610611,0.050000
12040,-30.995214,0.050000
12041,-21.446516,0.050000
12042,-10.369481,0.050000
12043,-11.169276,0.050000
12044,-7.303386,0.050000
12045,-25.169658,0.050000
12046,-9.097505,0.050000
12047,-5.825866,0.050000
12048,-31.655325,0.050000
12049,-21.485140,0.050000
12050,-30.256339,0.050000
12051,2.363220,0.050000
12052,-58.056443,0.050000
12053,-0.293572,0.050000
12054,-24.127384,0.050000
12055,-12.084258,0.050000
12056,-35.657674,0.050000
12057,-22.014352,0.050000
12058,-18.170188,0.050000
12059,-15.197032,0.050000
12060,-14.312194,0.050000
12061,-20.020722,0.050000
12062,-25.747266,0.050000
12063,-10.397263,0.050000
12064,-29.417222,0.050000
12065,-51.822960,0.050000
12066,-8.594612,0.050000
12067,-12.008206,0.050000
12068,-9.228122,0.050000
12069,-45.152564,0.050000
12070,-16.180039,0.050000
12071,26.500346,0.050000
12072,-35.258711,0.050000
12073,-1.897643,0.050000
12074,-21.623315,0.050000
12075,-60.903370,0.050000
12076,-17.364660,0.050000
12077,-28.185309,0.050000
12078,-17.843834,0.050000
12079,-31.519383,0.050000
12080,-17.540105,0.050000
12081,-17.722341,0.050000
12082,-7.148659,0.050000
12083,-3.348452,0.050000
12084,-14.956503,0.050000
12085,-11.526327,0.050000
12086,-16.108805,0.050000
12087,-4.459376,0.050000
12088,1.227034,0.050000
12089,-21.241210,0.050000
12090,-25.035150,0.050000
12091,-22.860136,0.050000
12092,-4.033207,0.050000
12093,-23.123716,0.050000
12094,-25.057330,0.050000
12095,-35.056201,0.050000
12096,-43.490651,0.050000
12097,-20.317585,0.050000
12098,-26.931834,0.050000
12099,-8.399166,0.050000
12100,-41.737690,0.050000
12101,-45.785425,0.050000
12102,1.465578,0.050000
12103,-39.025362,0.050000
12104,-21.599504,0.050000
12105,-34.121458,0.050000
12106,-23.065731,0.050000
12107,-6.654474,0.050000
12108,-17.554930,0.050000
12109,-0.095812,0.050000
12110,-43.973202,0.050000
12111,-12.893674,0.050000
12112,-26.975673,0.050000
12113,-4.546757,0.050000
12114,1.411284,0.050000
12115,-15.158591,0.050000
12116,-0.560745,0.050000
12117,-34.100316,0.050000
12118,-53.326988,0.050000
12119,-28.903304,0.050000
12120,-32.166454,0.050000
12121,-8.002984,0.050000
12122,-0.005666,0.050000
12123,-38.924406,0.050000
12124,-20.047673,0.050000
12125,-9.079397,0.050000
12126,-17.775263,0.050000
12127,-19.989192,0.050000
12128,-29.863581,0.050000
12129,-28.086953,0.050000
12130,-2.788401,0.050000
12131,-30.077144,0.050000
12132,-33.511119,0.050000
12133,-53.023540,0.050000
12134,-25.043351,0.050000
12135,-37.225821,0.050000
12136,-7.804734,0.050000
12137,4.215281,0.050000
12138,15.108348,0.050000
12139,-15.425990,0.050000
12140,-5.026454,0.050000
12141,-26.588525,0.050000
12142,-18.205964,0.050000
12143,-86.485134,0.050000
12144,-11.766935,0.050000
12145,-4.735402,0.050000
12146,-38.789325,0.050000
12147,6.134303,0.050000
12148,-46.905086,0.050000
12149,-59.075902,0.050000
12150,-4.963751,0.050000
12151,16.230936,0.050000
12152,-5.865311,0.050000
12153,-43.656035,0.050000
12154,-21.960163,0.050000
12155,-0.057330,0.050000
12156,-33.678178,0.050000
12157,-19.307259,0.050000
12158,-19.329299,0.050000
12159,-2.160988,0.050000
12160,-9.675241,0.050000
12161,-34.902122,0.050000
12162,-38.065391,0.050000
12163,-0.346565,0.050000
12164,-18.975858,0.050000
12165,-15.859264,0.050000
12166,-39.812826,0.050000
12167,-21.269459,0.050000
12168,-6.436970,0.050000
12169,-30.627449,0.050000
12170,-14.554590,0.050000
12171,-32.985310,0.050000
12172,-38.506308,0.050000
12173,-10.721847,0.050000
12174,-14.842225,0.050000
12175,-8.332738,0.050000
12176,-9.443834,0.050000
12177,-14.128079,0.050000
12178,-71.451901,0.050000
12179,-31.363223,0.050000
12180,-24.191017,0.050000
12181,-22.665373,0.050000
12182,-43.757361,0.050000
12183,-76.142126,0.050000
12184,-39.103404,0.050000
12185,-28.561957,0.050000
12186,-45.791397,0.050000
12187,-1.735132,0.050000
12188,1.307796,0.050000
12189,-8.448603,0.050000
12190,-30.219739,0.050000
12191,-16.872572,0.050000
12192,-44.444178,0.050000
12193,-45.334556,0.050000
12194,-3.917727,0.050000
12195,-40.673443,0.050000
12196,-32.480097,0.050000
12197,-37.410851,0.050000
12198,-18.168426,0.050000
12199,-21.657598,0.050000
12200,-13.119734,0.050000
12201,-15.467570,0.050000
12202,-9.071584,0.050000
12203,-35.045230,0.050000
12204,-10.105972,0.050000
12205,-33.975437,0.050000
12206,-16.529027,0.050000
12207,-10.525011,0.050000
12208,-79.595242,0.050000
12209,-37.396468,0.050000
12210,-13.254446,0.050000
12211,-50.145138,0.050000
12212,-22.245593,0.050000
12213,-59.944120,0.050000
12214,-17.702929,0.050000
12215,2.305865,0.050000
12216,-18.779114,0.050000
12217,-22.675120,0.050000
12218,-14.210955,0.050000
12219,-21.730979,0.050000
12220,-35.607085,0.050000
12221,-18.313749,0.050000
12222,-26.542688,0.050000
12223,-7.578907,0.050000
12224,-8.029460,0.050000
12225,-0.354610,0.050000
12226,-25.990817,0.050000
12227,-23.631412,0.050000
12228,-11.904389,0.050000
12229,-33.098493,0.050000
12230,-33.869136,0.050000
12231,-35.871608,0.050000
12232,-5.844404,0.050000
12233,-6.903711,0.050000
12234,-42.858458,0.050000
12235,-11.131849,0.050000
12236,-27.526918,0.050000
12237,-7.862863,0.050000
12238,-25.178936,0.050000
12239,-30.332032,0.050000
12240,-24.901165,0.050000
12241,-13.060100,0.050000
12242,5.138676,0.050000
12243,-13.971952,0.050000
12244,-12.088546,0.050000
12245,-46.725592,0.050000
12246,-14.828596,0.050000
12247,-50.682001,0.050000
12248,-37.109606,0.050000
12249,-52.764195,0.050000
12250,-22.396047,0.050000
12251,-40.643395,0.050000
12252,-32.036709,0.050000
12253,-4.615293,0.050000
12254,-11.817087,0.050000
12255,-40.702257,0.050000
12256,-17.009486,0.050000
12257,-11.013013,0.050000
12258,-19.953359,0.050000
12259,-9.408918,0.050000
12260,-34.187510,0.050000
12261,-49.733336,0.050000
12262,-65.505414,0.050000
12263,-2.737326,0.050000
12264,-18.923330,0.050000
12265,-30.463530,0.050000
12266,-27.851574,0.050000
12267,-16.596865,0.050000
12268,9.925775,0.050000
12269,-27.862029,0.050000
12270,-44.347011,0.050000
12271,-9.206543,0.050000
12272,-18.066564,0.050000
12273,-30.025939,0.050000
12274,-37.384148,0.050000
12275,-65.689833,0.050000
12276,-18.430687,0.050000
12277,-8.733659,0.050000
12278,19.306182,0.050000
12279,-65.717081,0.050000
12280,-6.208608,0.050000
12281,-25.312041,0.050000
12282,-26.034117,0.050000
12283,-28.202135,0.050000
12284,3.668903,0.050000
12285,-11.296033,0.050000
12286,-13.145881,0.050000
12287,-27.991573,0.050000
12288,-22.382595,0.050000
12289,-21.289967,0.050000
12290,-6.346694,0.050000
12291,-35.398108,0.050000
12292,-12.573845,0.050000
12293,-23.428821,0.050000
12294,-23.109678,0.050000
12295,-41.735732,0.050000
12296,-17.291835,0.050000
12297,-25.684225,0.050000
12298,-16.057204,0.050000
12299,-11.519514,0.050000
12300,-33.811372,0.050000
12301,-17.175989,0.050000
12302,-5.049935,0.050000
12303,-13.724577,0.050000
12304,-8.735823,0.050000
12305,-27.532197,0.050000
12306,2.748936,0.050000
12307,-30.408982,0.050000
12308,-35.820048,0.050000
12309,-20.830057,0.050000
12310,-6.904984,0.050000
12311,-34.302782,0.050000
12312,-9.451747,0.050000
12313,-14.244494,0.050000
12314,-37.550752,0.050000
12315,-27.426632,0.050000
12316,-37.032145,0.050000
12317,-58.547561,0.050000
12318,-36.242563,0.050000
12319,-37.879287,0.050000
12320,-19.651159,0.050000
12321,-13.795834,0.050000
12322,-40.216331,0.050000
12323,-30.637890,0.050000
12324,-9.250136,0.050000
12325,-1.304786,0.050000
12326,-26.105280,0.050000
12327,-2.660721,0.050000
12328,-39.364147,0.050000
12329,-27.481617,0.050000
12330,-53.092956,0.050000
12331,-38.371172,0.050000
12332,-22.416425,0.050000
12333,-61.703751,0.050000
12334,-27.263258,0.050000
12335,-11.256778,0.050000
12336,-31.230887,0.050000
12337,-27.361672,0.050000
12338,-27.602025,0.050000
12339,-30.008222,0.050000
12340,-41.241067,0.050000
12341,-22.097634,0.050000
12342,-12.288566,0.050000
12343,-79.923101,0.050000
12344,-34.337793,0.050000
12345,13.514388,0.050000
12346,-20.044731,0.050000
12347,-61.100914,0.050000
12348,-34.554096,0.050000
12349,-19.264962,0.050000
12350,-14.874932,0.050000
12351,6.935037,0.050000
12352,4.098479,0.050000
12353,-24.793471,0.050000
12354,-3.132831,0.050000
12355,-22.216621,0.050000
12356,-12.789767,0.050000
12357,-48.877461,0.050000
12358,-19.400824,0.050000
12359,-62.029646,0.050000
12360,-12.279068,0.050000
12361,-15.844144,0.050000
12362,-8.876074,0.050000
12363,-23.095004,0.050000
12364,-94.732005,0.050000
12365,-14.351213,0.050000
12366,-31.482794,0.050000
12367,-62.329224,0.050000
12368,-6.667962,0.050000
12369,-19.980502,0.050000
12370,-14.189906,0.050000
12371,-53.518807,0.050000
12372,-8.826696,0.050000
12373,-5.355676,0.050000
12374,-14.924878,0.050000
12375,-11.766606,0.050000
12376,-50.154218,0.050000
12377,-41.676715,0.050000
12378,-34.274605,0.050000
12379,-18.989557,0.050000
12380,1.024042,0.050000
12381,30.289543,0.050000
12382,-21.866062,0.050000
12383,-22.763487,0.050000
12384,-21.458722,0.050000
12385,7.285699,0.050000
12386,-18.774003,0.050000
12387,-36.515377,0.050000
12388,-26.250630,0.050000
12389,-85.131662,0.050000
12390,-50.848534,0.050000
12391,-19.638122,0.050000
12392,-22.607497,0.050000
12393,-19.362129,0.050000
12394,-77.859745,0.050000
12395,-28.507702,0.050000
12396,-14.026989,0.050000
12397,-28.104822,0.050000
12398,-8.400975,0.050000
12399,-40.220765,0.050000
12400,-29.839860,0.050000
12401,-22.185160,0.050000
12402,-8.131486,0.050000
12403,-11.798247,0.050000
12404,-17.738461,0.050000
12405,-8.442005,0.050000
12406,-93.499100,0.050000
12407,-41.227535,0.050000
12408,1.992013,0.050000
12409,-0.354421,0.050000
12410,-13.856047,0.050000
12411,11.196874,0.050000
12412,-19.681291,0.050000
12413,-48.174252,0.050000
12414,-8.365163,0.050000
12415,-39.856833,0.050000
12416,-15.196199,0.050000
12417,-14.142829,0.050000
12418,7.863376,0.050000
12419,5.248592,0.050000
12420,-45.275242,0.050000
12421,-6.345405,0.050000
12422,-33.275732,0.050000
12423,-57.535639,0.050000
12424,-40.393699,0.050000
12425,-49.851746,0.050000
12426,-66.785293,0.050000
12427,-70.183153,0.050000
12428,-16.082817,0.050000
12429,-48.535188,0.050000
12430,-21.698993,0.050000
12431,-46.987959,0.050000
12432,-62.867770,0.050000
12433,-63.454675,0.050000
12434,-55.892834,0.050000
12435,-31.698231,0.050000
12436,-27.542127,0.050000
12437,-15.042176,0.050000
12438,-47.740931,0.050000
12439,-13.136361,0.050000
12440,-67.911296,0.050000
12441,-53.105293,0.050000
12442,-69.045429,0.050000
12443,-45.003226,0.050000
12444,-29.941359,0.050000
12445,-79.989083,0.050000
12446,-29.799603,0.050000
12447,-68.618705,0.050000
12448,-11.410892,0.050000
12449,-73.569242,0.050000
12450,-76.267515,0.050000
12451,-30.831037,0.050000
12452,-13.111689,0.050000
12453,-26.186278,0.050000
12454,-29.805172,0.050000
12455,-22.428758,0.050000
12456,-22.330453,0.050000
12457,-18.967604,0.050000
12458,-6.663886,0.050000
12459,-26.810377,0.050000
12460,-5.751643,0.050000
12461,-65.388603,0.050000
12462,-9.035838,0.050000
12463,11.514384,0.050000
12464,-76.398793,0.050000
12465,-2.361145,0.050000
12466,-16.798415,0.050000
12467,-19.654937,0.050000
12468,-25.250164,0.050000
12469,-51.219275,0.050000
12470,-29.419946,0.050000
12471,-71.587278,0.050000
12472,-3.657910,0.050000
12473,-59.221945,0.050000
12474,-28.160147,0.050000
12475,-66.590561,0.050000
12476,-9.551922,0.050000
12477,-36.127812,0.050000
12478,-31.692241,0.050000
12479,-39.776497,0.050000
12480,-16.168116,0.050000
12481,-19.494905,0.050000
12482,-33.313559,0.050000
12483,-20.019592,0.050000
12484,-25.433314,0.050000
12485,-25.759839,0.050000
12486,-17.579924,0.050000
12487,-48.920878,0.050000
12488,-20.466890,0.050000
12489,-25.597416,0.050000
12490,3.423939,0.050000
12491,-74.807668,0.050000
12492,-13.823671,0.050000
12493,-52.845979,0.050000
12494,-17.049336,0.050000
12495,-32.046806,0.050000
12496,-36.571530,0.050000
12497,-37.891340,0.050000
12498,-14.971754,0.050000
12499,-48.485589,0.050000
12500,-48.431008,0.050000
12501,-35.966122,0.050000
12502,-53.340016,0.050000
12503,-52.368420,0.050000
12504,-17.072795,0.050000
12505,-4.380239,0.050000
12506,7.759804,0.050000
12507,-18.466598,0.050000
12508,-45.175023,0.050000
12509,-24.199132,0.050000
12510,-53.086061,0.050000
12511,-33.065025,0.050000
12512,-59.021141,0.050000
12513,-43.667187,0.050000
12514,-35.221412,0.050000
12515,-5.672479,0.050000
12516,-60.935262,0.050000
12517,-16.615473,0.050000
12518,-41.082362,0.050000
12519,-1.173522,0.050000
12520,-39.978608,0.050000
12521,-27.380378,0.050000
12522,-19.317176,0.050000
12523,-31.184591,0.050000
12524,-33.540142,0.050000
12525,-56.223685,0.050000
12526,0.139867,0.050000
12527,-9.002016,0.050000
12528,-41.393685,0.050000
12529,-10.275784,0.050000
12530,-34.294764,0.050000
12531,-34.483253,0.050000
12532,-35.946956,0.050000
12533,-11.687644,0.050000
12534,-71.369214,0.050000
12535,-52.034541,0.050000
12536,-16.605243,0.050000
12537,-27.245155,0.050000
12538,-44.625010,0.050000
12539,-20.807449,0.050000
12540,-30.953168,0.050000
12541,-33.709967,0.050000
12542,-98.628121,0.050000
12543,-66.875262,0.050000
12544,-29.915572,0.050000
12545,-62.348099,0.050000
12546,-28.276764,0.050000
12547,-54.759052,0.050000
12548,-34.132930,0.050000
12549,-34.088664,0.050000
12550,-25.573285,0.050000
12551,-61.395283,0.050000
12552,-37.001735,0.050000
12553,-41.944648,0.050000
12554,-29.627498,0.050000
12555,-69.770126,0.050000
12556,-69.977907,0.050000
12557,-28.281844,0.050000
12558,-34.543925,0.050000
12559,-58.120303,0.050000
12560,-54.839547,0.050000
12561,-54.882027,0.050000
12562,-33.169878,0.050000
12563,-53.861584,0.050000
12564,-28.590182,0.050000
12565,-79.427356,0.050000
12566,-55.464112,0.050000
12567,-53.525851,0.050000
12568,-46.934402,0.050000
12569,-83.496126,0.050000
12570,-31.388166,0.050000
12571,-36.174658,0.050000
12572,-40.029136,0.050000
12573,-42.444193,0.050000
12574,-52.103102,0.050000
12575,-71.541462,0.050000
12576,-16.355507,0.050000
12577,-71.168071,0.050000
12578,-47.729385,0.050000
12579,-77.896187,0.050000
12580,-32.127021,0.050000
12581,-62.708203,0.050000
12582,-76.911348,0.050000
12583,-68.267931,0.050000
12584,-9.562083,0.050000
12585,-34.515016,0.050000
12586,-68.988257,0.050000
12587,-30.305882,0.050000
12588,-30.834309,0.050000
12589,-45.590475,0.050000
12590,-21.488086,0.050000
12591,-47.506434,0.050000
12592,-46.234865,0.050000
12593,-60.476385,0.050000
12594,-35.607463,0.050000
12595,-48.844290,0.050000
12596,-64.019288,0.050000
12597,-58.366942,0.050000
12598,-49.941891,0.050000
12599,-53.097288,0.050000
12600,-63.899006,0.050000
12601,-61.773011,0.050000
12602,-55.510819,0.050000
12603,-77.173076,0.050000
12604,-82.518230,0.050000
12605,-87.765191,0.050000
12606,-57.459737,0.050000
12607,-53.307014,0.050000
12608,-45.063643,0.050000
12609,-106.063565,0.050000
12610,-57.814528,0.050000
12611,-46.756635,0.050000
12612,-33.964359,0.050000
12613,-63.774685,0.050000
12614,-47.911814,0.050000
12615,-71.822611,0.050000
12616,-37.260623,0.050000
12617,-42.015162,0.050000
12618,-40.126308,0.050000
12619,-103.753545,0.050000
12620,-74.332956,0.050000
12621,-30.117537,0.050000
12622,-36.426928,0.050000
12623,-28.817586,0.050000
12624,-46.889764,0.050000
12625,-74.977328,0.050000
12626,-81.979230,0.050000
12627,-64.958990,0.050000
12628,-63.837730,0.050000
12629,-75.708589,0.050000
12630,-62.202281,0.050000
12631,-116.243417,0.050000
12632,-68.447321,0.050000
12633,-71.903973,0.050000
12634,-26.275434,0.050000
12635,-38.907743,0.050000
12636,-70.636850,0.050000
12637,-30.766381,0.050000
12638,-125.715336,0.050000
12639,-107.540537,0.050000
12640,-123.156381,0.050000
12641,-92.519292,0.050000
12642,-105.504587,0.050000
12643,-93.525035,0.050000
12644,-62.372426,0.050000
12645,-60.610298,0.050000
12646,-68.231264,0.050000
12647,-59.866908,0.050000
12648,-78.648556,0.050000
12649,-81.357679,0.050000
12650,-58.882933,0.050000
12651,-77.521888,0.050000
12652,-43.901471,0.050000
12653,-63.703641,0.050000
12654,-103.041854,0.050000
12655,-115.317547,0.050000
12656,-61.742835,0.050000
12657,-103.442134,0.050000
12658,-24.953204,0.050000
12659,-69.267000,0.050000
12660,-103.275723,0.050000
12661,-53.104497,0.050000
12662,-81.373515,0.050000
12663,-103.123992,0.050000
12664,-121.660548,0.050000
12665,-65.603838,0.050000
12666,-130.957717,0.050000
12667,-75.398257,0.050000
12668,-64.801711,0.050000
12669,-65.133398,0.050000
12670,-73.792316,0.050000
12671,-70.413881,0.050000
12672,-71.763780,0.050000
12673,-84.014710,0.050000
12674,-79.026085,0.050000
12675,-69.508097,0.050000
12676,-95.043818,0.050000
12677,-61.564221,0.050000
12678,-71.262734,0.050000
12679,-117.714930,0.050000
12680,-104.870963,0.050000
12681,-77.247230,0.050000
12682,-73.919947,0.050000
12683,-91.177406,0.050000
12684,-77.558673,0.050000
12685,-86.795292,0.050000
12686,-96.136507,0.050000
12687,-72.662353,0.050000
12688,-96.333583,0.050000
12689,-88.078565,0.050000
12690,-70.116994,0.050000
12691,-52.887595,0.050000
12692,-103.028356,0.050000
12693,-53.621406,0.050000
12694,-117.731685,0.050000
12695,-122.484171,0.050000
12696,-85.344084,0.050000
12697,-41.492335,0.050000
12698,-108.015034,0.050000
12699,-71.599823,0.050000
12700,-77.661657,0.050000
12701,-66.314548,0.050000
12702,-89.362427,0.050000
12703,-88.848449,0.050000
12704,-78.766016,0.050000
12705,-122.918037,0.050000
12706,-89.016199,0.050000
12707,-65.996611,0.050000
12708,-39.516349,0.050000
12709,-136.814247,0.050000
12710,-81.119194,0.050000
12711,-120.442668,0.050000
12712,-96.488173,0.050000
12713,-69.429112,0.050000
12714,-128.463737,0.050000
12715,-105.678763,0.050000
12716,-82.577067,0.050000
12717,-97.266351,0.050000
12718,-5.984801,0.050000
12719,-104.094843,0.050000
12720,-92.892532,0.050000
12721,-75.444642,0.050000
12722,-57.721999,0.050000
12723,-140.977642,0.050000
12724,-136.525675,0.050000
12725,-71.706629,0.050000
12726,-76.018569,0.050000
12727,-89.539115,0.050000
12728,-84.945456,0.050000
12729,-95.754853,0.050000
12730,-95.871889,0.050000
12731,-73.468462,0.050000
12732,-57.622330,0.050000
12733,-51.714168,0.050000
12734,-82.118951,0.050000
12735,-111.763645,0.050000
12736,-57.056592,0.050000
12737,-68.261284,0.050000
12738,-60.422707,0.050000
12739,-75.495478,0.050000
12740,-81.742362,0.050000
12741,-49.717677,0.050000
12742,-52.246353,0.050000
12743,-96.579313,0.050000
12744,-93.007903,0.050000
12745,-44.192272,0.050000
12746,-62.179556,0.050000
12747,-95.727734,0.050000
12748,-51.999709,0.050000
12749,-61.520870,0.050000
12750,-55.564449,0.050000
12751,-82.423359,0.050000
12752,-88.894482,0.050000
12753,-56.059934,0.050000
12754,-61.950726,0.050000
12755,-76.912860,0.050000
12756,-82.606167,0.050000
12757,-81.674852,0.050000
12758,-76.358272,0.050000
12759,-102.922511,0.050000
12760,-113.621689,0.050000
12761,-74.758111,0.050000
12762,-89.964448,0.050000
12763,-142.086091,0.050000
12764,-88.895739,0.050000
12765,-89.341666,0.050000
12766,-77.695845,0.050000
12767,-100.661684,0.050000
12768,-89.727915,0.050000
12769,-94.633561,0.050000
12770,-71.781137,0.050000
12771,-119.071456,0.050000
12772,-81.981912,0.050000
12773,-103.841273,0.050000
12774,-93.221638,0.050000
12775,-100.050055,0.050000
12776,-100.357169,0.050000
12777,-114.415912,0.050000
12778,-68.597315,0.050000
12779,-111.520467,0.050000
12780,-105.929583,0.050000
12781,-124.133220,0.050000
12782,-84.827467,0.050000
12783,-66.923071,0.050000
12784,-88.008634,0.050000
12785,-99.697991,0.050000
12786,-52.709828,0.050000
12787,-109.860296,0.050000
12788,-57.472227,0.050000
12789,-92.877814,0.050000
12790,-71.566739,0.050000
12791,-85.221145,0.050000
12792,-106.306027,0.050000
12793,-83.564013,0.050000
12794,-93.532838,0.050000
12795,-71.309558,0.050000
12796,-112.224372,0.050000
12797,-70.838638,0.050000
12798,-110.063998,0.050000
12799,-71.003359,0.050000
12800,-93.096828,0.050000
12801,-44.045493,0.050000
12802,-85.531199,0.050000
12803,-92.632056,0.050000
12804,-141.937050,0.050000
12805,-103.734164,0.050000
12806,-81.797305,0.050000
12807,-110.566647,0.050000
12808,-111.104485,0.050000
12809,-97.189094,0.050000
12810,-66.458478,0.050000
12811,-97.160106,0.050000
12812,-75.351919,0.050000
12813,-56.340338,0.050000
12814,-55.886634,0.050000
12815,-93.257122,0.050000
12816,-115.918625,0.050000
12817,-91.247148,0.050000
12818,-75.696840,0.050000
12819,-58.834390,0.050000
12820,-75.493054,0.050000
12821,-55.672640,0.050000
12822,-104.845346,0.050000
12823,-51.058198,0.050000
12824,-65.295349,0.050000
12825,-52.342359,0.050000
12826,-71.375424,0.050000
12827,-54.401409,0.050000
12828,-83.009625,0.050000
12829,-48.200066,0.050000
12830,-91.114648,0.050000
12831,-115.642607,0.050000
12832,-57.886582,0.050000
12833,-46.889386,0.050000
12834,-55.482938,0.050000
12835,-50.954908,0.050000
12836,-56.498098,0.050000
12837,-54.649865,0.050000
12838,-77.313709,0.050000
12839,-57.864448,0.050000
12840,-77.426728,0.050000
12841,-75.906416,0.050000
12842,-71.374226,0.050000
12843,-76.252648,0.050000
12844,-79.250159,0.050000
12845,-72.393148,0.050000
12846,-69.111809,0.050000
12847,-108.330028,0.050000
12848,-73.461812,0.050000
12849,-94.749381,0.050000
12850,-103.443345,0.050000
12851,-82.924258,0.050000
12852,-101.817123,0.050000
12853,-84.506468,0.050000
12854,-91.158731,0.050000
12855,-51.336818,0.050000
12856,-103.950205,0.050000
12857,-99.516259,0.050000
12858,-71.395866,0.050000
12859,-64.535587,0.050000
12860,-56.079445,0.050000
12861,-57.835380,0.050000
12862,-97.392019,0.050000
12863,-77.403988,0.050000
12864,-94.934120,0.050000
12865,-124.300986,0.050000
12866,-101.275509,0.050000
12867,-106.084447,0.050000
12868,-103.805719,0.050000
12869,-123.308640,0.050000
12870,-99.427200,0.050000
12871,-43.426279,0.050000
12872,-42.675833,0.050000
12873,-22.716139,0.050000
12874,-26.048664,0.050000
12875,-42.518170,0.050000
12876,-9.950626,0.050000
12877,-35.595102,0.050000
12878,-43.669534,0.050000
12879,-59.233560,0.050000
12880,-34.796662,0.050000
12881,-67.850688,0.050000
12882,-67.141552,0.050000
12883,-69.224799,0.050000
12884,-26.673658,0.050000
12885,-73.516147,0.050000
12886,-73.168681,0.050000
12887,-24.611974,0.050000
12888,-1.748054,0.050000
12889,-14.416861,0.050000
12890,-23.022674,0.050000
12891,-39.977229,0.050000
12892,-35.480431,0.050000
12893,-36.270255,0.050000
12894,-50.143766,0.050000
12895,-2.740332,0.050000
12896,-45.887355,0.050000
12897,-13.860828,0.050000
12898,-43.739066,0.050000
12899,-40.083698,0.050000
12900,-32.228617,0.050000
12901,-44.077135,0.050000
12902,-32.797618,0.050000
12903,-21.387256,0.050000
12904,-4.755752,0.050000
12905,-52.159673,0.050000
12906,-15.381887,0.050000
12907,-46.386782,0.050000
12908,-64.854655,0.050000
12909,-42.111942,0.050000
12910,-21.136526,0.050000
12911,-62.947930,0.050000
12912,-10.711714,0.050000
12913,-7.740629,0.050000
12914,-48.509191,0.050000
12915,-24.453943,0.050000
12916,-42.802765,0.050000
12917,-34.929230,0.050000
12918,-19.682005,0.050000
12919,-24.788297,0.050000
12920,-26.481893,0.050000
12921,-25.897830,0.050000
12922,-52.800297,0.050000
12923,-36.905449,0.050000
12924,-43.685610,0.050000
12925,-38.254463,0.050000
12926,-50.317504,0.050000
12927,-1.411834,0.050000
12928,-12.540103,0.050000
12929,-10.880638,0.050000
12930,-15.733681,0.050000
12931,-34.478390,0.050000
12932,-45.030189,0.050000
12933,-8.506994,0.050000
12934,-32.151860,0.050000
12935,-40.706658,0.050000
12936,-27.856804,0.050000
12937,2.900224,0.050000
12938,-42.782811,0.050000
12939,-27.501448,0.050000
12940,-31.885224,0.050000
12941,-32.131021,0.050000
12942,-10.014882,0.050000
12943,-26.712963,0.050000
12944,-10.147705,0.050000
12945,-21.058436,0.050000
12946,-32.440359,0.050000
12947,-14.621900,0.050000
12948,0.506311,0.050000
12949,-44.797527,0.050000
12950,-10.967659,0.050000
12951,-26.293077,0.050000
12952,-9.835825,0.050000
12953,-64.154353,0.050000
12954,-48.187097,0.050000
12955,-67.803847,0.050000
12956,-27.837427,0.050000
12957,-8.700153,0.050000
12958,0.351798,0.050000
12959,-17.455981,0.050000
12960,-49.684109,0.050000
12961,-21.224521,0.050000
12962,-32.499995,0.050000
12963,-48.203485,0.050000
12964,-24.914008,0.050000
12965,13.537901,0.050000
12966,-39.715301,0.050000
12967,-9.215066,0.050000
12968,-23.869545,0.050000
12969,-14.696391,0.050000
12970,-7.642999,0.050000
12971,-20.944348,0.050000
12972,-3.874787,0.050000
12973,-64.630228,0.050000
12974,-1.752940,0.050000
12975,-33.181655,0.050000
12976,-30.201060,0.050000
12977,-31.302941,0.050000
12978,-9.430992,0.050000
12979,-18.721306,0.050000
12980,-20.194465,0.050000
12981,-59.856634,0.050000
12982,4.769518,0.050000
12983,-25.913234,0.050000
12984,-12.612093,0.050000
12985,-19.996402,0.050000
12986,-6.387692,0.050000
12987,-30.007749,0.050000
12988,-6.630658,0.050000
12989,-41.319453,0.050000
12990,-22.370113,0.050000
12991,-37.362326,0.050000
12992,-3.163510,0.050000
12993,-12.763496,0.050000
12994,-22.352375,0.050000
12995,-24.386236,0.050000
12996,-78.912912,0.050000
12997,7.741215,0.050000
12998,-1.095517,0.050000
12999,-12.531138,0.050000
13000,-15.647873,0.050000
13001,-8.488406,0.050000
13002,-22.562114,0.050000
13003,-25.076689,0.050000
13004,2.060885,0.050000
13005,-44.490609,0.050000
13006,-13.346865,0.050000
13007,-18.248359,0.050000
13008,-10.989351,0.050000
13009,-18.680778,0.050000
13010,-10.513857,0.050000
13011,-48.072411,0.050000
13012,-7.868496,0.050000
13013,-7.712147,0.050000
13014,-20.741427,0.050000
13015,-38.669571,0.050000
13016,-30.223589,0.050000
13017,-22.894929,0.050000
13018,-8.899094,0.050000
13019,-55.940600,0.050000
13020,-25.686007,0.050000
13021,-34.886707,0.050000
13022,-11.147798,0.050000
13023,-49.498608,0.050000
13024,6.691957,0.050000
13025,-32.114587,0.050000
13026,-64.675308,0.050000
13027,-41.946169,0.050000
13028,-32.143843,0.050000
13029,-23.756074,0.050000
13030,-53.593438,0.050000
13031,-2.384191,0.050000
13032,-3.330695,0.050000
13033,-10.165559,0.050000
13034,-23.236963,0.050000
13035,-14.957038,0.050000
13036,-68.099640,0.050000
13037,-37.325048,0.050000
13038,-60.501866,0.050000
13039,5.236318,0.050000
13040,-36.812062,0.050000
13041,-11.204289,0.050000
13042,-29.966110,0.050000
13043,-10.198469,0.050000
13044,3.394129,0.050000
13045,-33.391386,0.050000
13046,-32.701043,0.050000
13047,5.585302,0.050000
13048,-5.515151,0.050000
13049,2.469876,0.050000
13050,-49.971547,0.050000
13051,-18.987143,0.050000
13052,-17.490227,0.050000
13053,1.834520,0.050000
13054,-22.749224,0.050000
13055,-17.576682,0.050000
13056,-21.404039,0.050000
13057,-10.476778,0.050000
13058,-32.419755,0.050000
13059,-30.073314,0.050000
13060,-16.687477,0.050000
13061,-19.908758,0.050000
13062,-11.659675,0.050000
13063,-13.281625,0.050000
13064,-34.639137,0.050000
13065,-18.946742,0.050000
13066,-19.755230,0.050000
13067,-18.392970,0.050000
13068,-7.136618,0.050000
13069,-0.854898,0.050000
13070,-32.733179,0.050000
13071,-11.337761,0.050000
13072,-13.898531,0.050000
13073,-20.144590,0.050000
13074,-6.059594,0.050000
13075,-80.678549,0.050000
13076,-35.918148,0.050000
13077,0.527703,0.050000
13078,-71.471936,0.050000
13079,-15.049293,0.050000
13080,-25.010989,0.050000
13081,-13.362781,0.050000
13082,-7.309542,0.050000
13083,-35.267797,0.050000
13084,-10.317868,0.050000
13085,-40.653641,0.050000
13086,-5.724232,0.050000
13087,8.002195,0.050000
13088,-40.201470,0.050000
13089,-49.925529,0.050000
13090,-18.665179,0.050000
13091,12.423837,0.050000
13092,-13.382735,0.050000
13093,-7.899000,0.050000
13094,-52.338894,0.050000
13095,-27.909072,0.050000
13096,-20.857546,0.050000
13097,-16.788708,0.050000
13098,-51.013576,0.050000
13099,-15.491128,0.050000
13100,-9.269428,0.045000
13101,-15.627781,0.045000
13102,-20.972103,0.045000
13103,-34.664944,0.045000
13104,-30.044195,0.045000
13105,-38.200064,0.045000
13106,-32.585326,0.045000
13107,-42.860411,0.045000
13108,-12.392442,0.045000
13109,-23.661592,0.045000
13110,-24.147524,0.045000
13111,-43.938560,0.045000
13112,-19.093780,0.045000
13113,-50.675149,0.045000
13114,-24.994704,0.045000
13115,-21.370697,0.045000
13116,-51.628535,0.045000
13117,-60.677920,0.045000
13118,-23.588426,0.045000
13119,-4.238983,0.045000
13120,-18.801882,0.045000
13121,-43.702721,0.045000
13122,-26.583022,0.045000
13123,-49.279920,0.045000
13124,-20.246115,0.045000
13125,-25.213918,0.045000
13126,-33.992227,0.045000
13127,-28.183033,0.045000
13128,-15.705394,0.045000
13129,-31.351813,0.045000
13130,-18.974181,0.045000
13131,-20.605721,0.045000
13132,-15.731398,0.045000
13133,-0.258639,0.045000
13134,-41.217509,0.045000
13135,-16.558313,0.045000
13136,-18.678910,0.045000
13137,2.479465,0.045000
13138,-64.963258,0.045000
13139,-29.656728,0.045000
13140,-11.526500,0.045000
13141,-21.936004,0.045000
13142,-67.858312,0.045000
13143,-38.503430,0.045000
13144,-36.040705,0.045000
13145,-0.450706,0.045000
13146,-39.934261,0.045000
13147,-31.287386,0.045000
13148,-15.553391,0.045000
13149,-25.011292,0.045000
13150,-12.797391,0.045000
13151,-44.966676,0.045000
13152,-21.466735,0.045000
13153,-17.568387,0.045000
13154,-77.877378,0.045000
13155,-37.099973,0.045000
13156,-52.721591,0.045000
13157,-32.301445,0.045000
13158,-48.884931,0.045000
13159,-29.771294,0.045000
13160,-34.653467,0.045000
13161,-30.702317,0.045000
13162,-13.585162,0.045000
13163,-49.421562,0.045000
13164,11.453415,0.045000
13165,-32.227333,0.045000
13166,-40.209614,0.045000
13167,-31.650525,0.045000
13168,-43.573406,0.045000
13169,-0.818177,0.045000
13170,-66.639675,0.045000
13171,-7.091748,0.045000
13172,-53.335654,0.045000
13173,2.583455,0.045000
13174,-23.629259,0.045000
13175,-25.857836,0.045000
13176,-12.497622,0.045000
13177,-68.342140,0.045000
13178,-32.213805,0.045000
13179,-28.725220,0.045000
13180,-18.865410,0.045000
13181,-43.460075,0.045000
13182,-41.263236,0.045000
13183,-45.025773,0.045000
13184,-18.568932,0.045000
13185,-58.420630,0.045000
13186,-40.694847,0.045000
13187,-26.175086,0.045000
13188,-61.439749,0.045000
13189,-43.110642,0.045000
13190,-3.469971,0.045000
13191,-14.554947,0.045000
13192,-47.826809,0.045000
13193,-37.191486,0.045000
13194,-40.288331,0.045000
13195,-29.326291,0.045000
13196,-30.743665,0.045000
13197,-8.550442,0.045000
13198,-42.303061,0.045000
13199,-25.118679,0.045000
13200,-39.792352,0.040500
13201,-27.718766,0.040500
13202,-59.350842,0.040500
13203,-52.752440,0.040500
13204,-38.019879,0.040500
13205,-39.206741,0.040500
13206,-24.899669,0.040500
13207,0.071424,0.040500
13208,-39.999740,0.040500
13209,-24.210906,0.040500
13210,-57.316902,0.040500
13211,-31.200355,0.040500
13212,-24.339650,0.040500
13213,-26.427110,0.040500
13214,-41.940717,0.040500
13215,-27.923611,0.040500
13216,-12.321050,0.040500
13217,-14.706964,0.040500
13218,-39.593023,0.040500
13219,-33.006910,0.040500
13220,-35.459924,0.040500
13221,-27.914180,0.040500
13222,-11.560774,0.040500
13223,-41.026325,0.040500
13224,-51.723040,0.040500
13225,-9.582169,0.040500
13226,-31.291070,0.040500
13227,-38.857480,0.040500
13228,-32.770957,0.040500
13229,-39.210719,0.040500
13230,-73.137442,0.040500
13231,-32.135884,0.040500
13232,-58.909389,0.040500
13233,-13.841406,0.040500
13234,-49.317320,0.040500
13235,-46.201138,0.040500
13236,-15.784823,0.040500
13237,-26.269662,0.040500
13238,8.665348,0.040500
13239,-23.092588,0.040500
13240,-11.671688,0.040500
13241,-23.799065,0.040500
13242,-31.054932,0.040500
13243,-96.856462,0.040500
13244,-17.241705,0.040500
13245,-37.525871,0.040500
13246,-6.766252,0.040500
13247,-77.076040,0.040500
13248,-50.193546,0.040500
13249,-46.181277,0.040500
13250,-54.242489,0.040500
13251,-25.041024,0.040500
13252,-36.140652,0.040500
13253,-19.623488,0.040500
13254,-65.170149,0.040500
13255,-1.473683,0.040500
13256,-1.374802,0.040500
13257,-42.102705,0.040500
13258,-21.171997,0.040500
13259,-20.915472,0.040500
13260,-26.719838,0.040500
13261,-23.503027,0.040500
13262,-13.743236,0.040500
13263,-19.181329,0.040500
13264,-22.422330,0.040500
13265,-4.143166,0.040500
13266,-27.459440,0.040500
13267,-52.103005,0.040500
13268,-46.287053,0.040500
13269,-21.796019,0.040500
13270,-25.743752,0.040500
13271,-83.460673,0.040500
13272,-14.510144,0.040500
13273,-7.032865,0.040500
13274,-0.316455,0.040500
13275,-11.740740,0.040500
13276,-12.552573,0.040500
13277,-8.643933,0.040500
13278,-7.857912,0.040500
13279,-53.163916,0.040500
13280,2.768364,0.040500
13281,9.295646,0.040500
13282,2.641812,0.040500
13283,-22.387732,0.040500
13284,7.731082,0.040500
13285,-12.401558,0.040500
13286,-14.031777,0.040500
13287,-28.010909,0.040500
13288,-37.059011,0.040500
13289,-30.703085,0.040500
13290,-14.739811,0.040500
13291,-14.925300,0.040500
13292,-6.091712,0.040500
13293,-24.606493,0.040500
13294,-30.704407,0.040500
13295,-39.858300,0.040500
13296,-64.009040,0.040500
13297,-7.800413,0.040500
13298,-0.306179,0.040500
13299,-24.017497,0.040500
13300,-30.853332,0.036450
13301,-19.629244,0.036450
13302,-42.955269,0.036450
13303,-49.990863,0.036450
13304,-23.816305,0.036450
13305,-50.260886,0.036450
13306,-49.334240,0.036450
13307,-30.840696,0.036450
13308,-51.339073,0.036450
13309,-39.460468,0.036450
13310,-36.445335,0.036450
13311,-4.674630,0.036450
13312,-25.061645,0.036450
13313,-44.365045,0.036450
13314,-21.300692,0.036450
13315,-37.677095,0.036450
13316,-24.612957,0.036450
13317,-21.640290,0.036450
13318,-63.037484,0.036450
13319,-36.340151,0.036450
13320,-65.242177,0.036450
13321,-75.378499,0.036450
13322,-43.383521,0.036450
13323,-52.684906,0.036450
13324,-50.437014,0.036450
13325,-51.523078,0.036450
13326,-18.601101,0.036450
13327,-28.060163,0.036450
13328,-20.296900,0.036450
13329,-52.214556,0.036450
13330,-29.073234,0.036450
13331,-54.576126,0.036450
13332,-41.369445,0.036450
13333,-46.662283,0.036450
13334,-29.237431,0.036450
13335,-35.074293,0.036450
13336,-11.250309,0.036450
13337,-41.801806,0.036450
13338,-63.778525,0.036450
13339,-61.435526,0.036450
13340,-49.977952,0.036450
13341,-56.682180,0.036450
13342,-40.877886,0.036450
13343,-42.241492,0.036450
13344,-37.429626,0.036450
13345,-62.867949,0.036450
13346,-29.909671,0.036450
13347,-49.127967,0.036450
13348,-72.072957,0.036450
13349,-29.369608,0.036450
13350,-27.734570,0.036450
13351,-30.760648,0.036450
13352,-49.533287,0.036450
13353,-38.396494,0.036450
13354,-33.505582,0.036450
13355,-41.395256,0.036450
13356,-32.666581,0.036450
13357,-33.921117,0.036450
13358,-57.070863,0.036450
13359,-46.715521,0.036450
13360,-97.478545,0.036450
13361,-51.080664,0.036450
13362,-53.646258,0.036450
13363,-42.376776,0.036450
13364,-11.510586,0.036450
13365,-69.404884,0.036450
13366,-37.270151,0.036450
13367,-32.513185,0.036450
13368,-52.705629,0.036450
13369,-51.693073,0.036450
13370,-74.670964,0.036450
13371,-77.765383,0.036450
13372,-37.290258,0.036450
13373,-52.194320,0.036450
13374,-54.136552,0.036450
13375,-36.450339,0.036450
13376,-73.292030,0.036450
13377,-67.102195,0.036450
13378,-41.651425,0.036450
13379,-37.085197,0.036450
13380,-41.344517,0.036450
13381,-25.788806,0.036450
13382,-51.709194,0.036450
13383,-63.184689,0.036450
13384,-72.918609,0.036450
13385,-41.227096,0.036450
13386,-104.069362,0.036450
13387,-11.388008,0.036450
13388,-76.863516,0.036450
13389,-38.886010,0.036450
13390,-51.934880,0.036450
13391,-42.133803,0.036450
13392,-64.448695,0.036450
13393,-48.474819,0.036450
13394,-37.259417,0.036450
13395,-58.083059,0.036450
13396,-48.767956,0.036450
13397,-93.766840,0.036450
13398,-78.750932,0.036450
13399,-56.295116,0.036450
13400,-59.758689,0.032805
13401,-27.670698,0.032805
13402,-67.481080,0.032805
13403,-111.459872,0.032805
13404,-68.056544,0.032805
13405,-12.148890,0.032805
13406,-67.007397,0.032805
13407,-60.696949,0.032805
13408,-69.362697,0.032805
13409,-62.083986,0.032805
13410,-73.973234,0.032805
13411,-58.782301,0.032805
13412,5.847814,0.032805
13413,-7.909849,0.032805
13414,-47.671063,0.032805
13415,-87.368274,0.032805
13416,-47.109915,0.032805
13417,-46.389676,0.032805
13418,4.592963,0.032805
13419,-26.380182,0.032805
13420,-24.754163,0.032805
13421,-75.082845,0.032805
13422,-30.024537,0.032805
13423,-30.665281,0.032805
13424,-13.245621,0.032805
13425,-32.423335,0.032805
13426,-24.999178,0.032805
13427,-38.080564,0.032805
13428,-41.022153,0.032805
13429,-41.404338,0.032805
13430,-84.628134,0.032805
13431,-71.539864,0.032805
13432,-0.839074,0.032805
13433,-40.272801,0.032805
13434,-16.561279,0.032805
13435,-24.839994,0.032805
13436,-40.569269,0.032805
13437,-22.093118,0.032805
13438,-41.039407,0.032805
13439,-35.208696,0.032805
13440,3.651151,0.032805
13441,-36.390937,0.032805
13442,-26.572664,0.032805
13443,-11.705107,0.032805
13444,-6.259806,0.032805
13445,-10.223233,0.032805
13446,-29.730705,0.032805
13447,-3.250375,0.032805
13448,9.547457,0.032805
13449,-16.233124,0.032805
13450,-17.239238,0.032805
13451,-9.313604,0.032805
13452,-38.018448,0.032805
13453,-18.801628,0.032805
13454,13.489205,0.032805
13455,-25.023350,0.032805
13456,-55.513096,0.032805
13457,-42.781435,0.032805
13458,-22.991749,0.032805
13459,-28.304548,0.032805
13460,-18.702658,0.032805
13461,-47.264814,0.032805
13462,-20.562132,0.032805
13463,-37.619088,0.032805
13464,-18.706250,0.032805
13465,-21.876968,0.032805
13466,-31.737702,0.032805
13467,-22.546532,0.032805
13468,-75.877914,0.032805
13469,-32.429984,0.032805
13470,-22.670369,0.032805
13471,-24.477890,0.032805
13472,-24.530580,0.032805
13473,-73.472694,0.032805
13474,-1.854388,0.032805
13475,-17.303133,0.032805
13476,2.260420,0.032805
13477,-10.849991,0.032805
13478,-28.467416,0.032805
13479,-20.442528,0.032805
13480,-35.538284,0.032805
13481,-34.689068,0.032805
13482,-4.089632,0.032805
13483,-12.362841,0.032805
13484,-53.333799,0.032805
13485,-22.848057,0.032805
13486,-25.450724,0.032805
13487,-66.981519,0.032805
13488,-27.483833,0.032805
13489,-42.661750,0.032805
13490,-7.683951,0.032805
13491,-26.922753,0.032805
13492,-53.570028,0.032805
13493,-25.661533,0.032805
13494,-16.635859,0.032805
13495,-35.028553,0.032805
13496,-28.343771,0.032805
13497,0.113763,0.032805
13498,-60.608196,0.032805
13499,-69.466979,0.032805
13500,-40.661687,0.029525
13501,-32.732354,0.029525
13502,-75.151954,0.029525
13503,-20.791470,0.029525
13504,-40.222207,0.029525
13505,-56.249790,0.029525
13506,-17.330373,0.029525
13507,-59.114123,0.029525
13508,-21.618126,0.029525
13509,-24.608928,0.029525
13510,-17.740333,0.029525
13511,-30.320129,0.029525
13512,-22.977997,0.029525
13513,-6.970666,0.029525
13514,-13.999532,0.029525
13515,-57.181134,0.029525
13516,-6.394096,0.029525
13517,-8.468158,0.029525
13518,-44.687994,0.029525
13519,-31.683668,0.029525
13520,-42.310439,0.029525
13521,-36.415353,0.029525
13522,-27.607861,0.029525
13523,-32.929472,0.029525
13524,-23.094769,0.029525
13525,-40.954885,0.029525
13526,-25.240455,0.029525
13527,-18.353734,0.029525
13528,-12.478723,0.029525
13529,-32.734290,0.029525
13530,-13.207127,0.029525
13531,-59.208862,0.029525
13532,-2.541651,0.029525
13533,-76.773313,0.029525
13534,-19.009470,0.029525
13535,-52.841045,0.029525
13536,-14.845076,0.029525
13537,-38.530778,0.029525
13538,0.154607,0.029525
13539,-30.829689,0.029525
13540,-22.308606,0.029525
13541,-9.720510,0.029525
13542,-16.150099,0.029525
13543,-4.434978,0.029525
13544,-14.845358,0.029525
13545,-26.413592,0.029525
13546,7.863551,0.029525
13547,-21.356007,0.029525
13548,-24.101026,0.029525
13549,-15.307511,0.029525
13550,-33.861522,0.029525
13551,-31.900992,0.029525
13552,-26.690252,0.029525
13553,-16.996886,0.029525
13554,-2.720926,0.029525
13555,-3.392017,0.029525
13556,-17.342386,0.029525
13557,-12.239899,0.029525
13558,-17.943655,0.029525
13559,-41.282316,0.029525
13560,-22.392723,0.029525
13561,-37.339953,0.029525
13562,-57.110499,0.029525
13563,-9.867375,0.029525
13564,-0.063080,0.029525
13565,-11.043058,0.029525
13566,-2.443190,0.029525
13567,-16.198487,0.029525
13568,-19.658732,0.029525
13569,-29.614275,0.029525
13570,-23.673973,0.029525
13571,-41.013961,0.029525
13572,-41.173311,0.029525
13573,-33.172662,0.029525
13574,-1.225209,0.029525
13575,-34.283977,0.029525
13576,-71.884797,0.029525
13577,-28.719452,0.029525
13578,1.886063,0.029525
13579,-14.451376,0.029525
13580,-11.865112,0.029525
13581,-27.724295,0.029525
13582,-26.579867,0.029525
13583,-31.768090,0.029525
13584,-15.275114,0.029525
13585,-29.278616,0.029525
13586,-43.350966,0.029525
13587,0.510726,0.029525
13588,-55.462820,0.029525
13589,-33.387573,0.029525
13590,-23.359003,0.029525
13591,-15.588073,0.029525
13592,-46.498706,0.029525
13593,-15.779212,0.029525
13594,0.811922,0.029525
13595,-43.658131,0.029525
13596,-4.487248,0.029525
13597,-13.347565,0.029525
13598,-11.477505,0.029525
13599,-34.394753,0.029525
13600,-9.752923,0.026572
13601,-16.410498,0.026572
13602,-59.544498,0.026572
13603,-31.769790,0.026572
13604,-33.194326,0.026572
13605,-8.405600,0.026572
13606,-27.929926,0.026572
13607,-29.187453,0.026572
13608,-20.361997,0.026572
13609,-5.498406,0.026572
13610,-23.009566,0.026572
13611,-40.206507,0.026572
13612,-23.924438,0.026572
13613,-22.964543,0.026572
13614,-7.626390,0.026572
13615,-28.736531,0.026572
13616,-4.029675,0.026572
13617,-38.059713,0.026572
13618,-10.066229,0.026572
13619,-32.031785,0.026572
13620,-35.645087,0.026572
13621,8.135707,0.026572
13622,-15.329685,0.026572
13623,-7.654364,0.026572
13624,-6.373890,0.026572
13625,1.338537,0.026572
13626,8.159581,0.026572
13627,-49.172968,0.026572
13628,-6.554513,0.026572
13629,-6.120793,0.026572
13630,-22.526891,0.026572
13631,-27.501155,0.026572
13632,-16.843356,0.026572
13633,-14.660119,0.026572
13634,-16.486397,0.026572
13635,-37.648193,0.026572
13636,-11.529683,0.026572
13637,-57.554031,0.026572
13638,-20.743368,0.026572
13639,-27.031873,0.026572
13640,-20.963521,0.026572
13641,-28.491683,0.026572
13642,-13.373013,0.026572
13643,-4.003866,0.026572
13644,-10.224359,0.026572
13645,-26.321411,0.026572
13646,1.212832,0.026572
13647,-16.991029,0.026572
13648,-2.702366,0.026572
13649,-22.619276,0.026572
13650,-26.132296,0.026572
13651,-4.171861,0.026572
13652,-11.136729,0.026572
13653,-9.798510,0.026572
13654,-18.467571,0.026572
13655,0.150399,0.026572
13656,-16.878297,0.026572
13657,-24.835546,0.026572
13658,-60.121064,0.026572
13659,-14.126773,0.026572
13660,-34.432274,0.026572
13661,-33.755587,0.026572
13662,4.405709,0.026572
13663,-48.674810,0.026572
13664,3.795976,0.026572
13665,-60.107298,0.026572
13666,-18.783356,0.026572
13667,-29.531822,0.026572
13668,1.918548,0.026572
13669,-38.243729,0.026572
13670,-19.148936,0.026572
13671,-35.991834,0.026572
13672,-6.942606,0.026572
13673,-19.078893,0.026572
13674,-43.405404,0.026572
13675,-0.536060,0.026572
13676,-23.671267,0.026572
13677,-8.173712,0.026572
13678,-47.006273,0.026572
13679,-25.366515,0.026572
13680,-20.216671,0.026572
13681,-8.134793,0.026572
13682,-75.305273,0.026572
13683,-15.589331,0.026572
13684,-47.599986,0.026572
13685,-29.021336,0.026572
13686,-19.521940,0.026572
13687,-14.296876,0.026572
13688,-66.620769,0.026572
13689,-55.226648,0.026572
13690,-15.381693,0.026572
13691,-19.319011,0.026572
13692,-55.337373,0.026572
13693,-40.708590,0.026572
13694,-7.287991,0.026572
13695,-27.705020,0.026572
13696,-11.268446,0.026572
13697,-12.258348,0.026572
13698,-14.214581,0.026572
13699,-73.093008,0.026572
13700,-20.782298,0.023915
13701,-5.951423,0.023915
13702,-8.855920,0.023915
13703,-54.962666,0.023915
13704,-20.272385,0.023915
13705,-27.468489,0.023915
13706,-19.028848,0.023915
13707,-5.393923,0.023915
13708,-45.032686,0.023915
13709,-27.900111,0.023915
13710,-16.736905,0.023915
13711,-2.729124,0.023915
13712,-19.414328,0.023915
13713,-11.184548,0.023915
13714,-41.373644,0.023915
13715,-51.981762,0.023915
13716,-40.788075,0.023915
13717,-18.534723,0.023915
13718,-45.874493,0.023915
13719,-45.299845,0.023915
13720,-31.301040,0.023915
13721,-32.741003,0.023915
13722,-52.748863,0.023915
13723,-45.373606,0.023915
13724,-46.299388,0.023915
13725,-81.296259,0.023915
13726,-12.835281,0.023915
13727,-27.081327,0.023915
13728,-41.131007,0.023915
13729,-29.301538,0.023915
13730,-24.797501,0.023915
13731,-33.069532,0.023915
13732,-58.836345,0.023915
13733,-2.887356,0.023915
13734,-28.351507,0.023915
13735,-0.131164,0.023915
13736,-7.835716,0.023915
13737,-86.482109,0.023915
13738,-50.579432,0.023915
13739,-25.335586,0.023915
13740,-26.605941,0.023915
13741,-62.163132,0.023915
13742,-9.117071,0.023915
13743,-24.007369,0.023915
13744,-18.519104,0.023915
13745,-3.188364,0.023915
13746,-25.350712,0.023915
13747,-24.163738,0.023915
13748,-45.005221,0.023915
13749,-23.034960,0.023915
13750,-50.045246,0.023915
13751,-17.874773,0.023915
13752,-43.372355,0.023915
13753,-0.102200,0.023915
13754,-10.498658,0.023915
13755,3.975815,0.023915
13756,-2.304033,0.023915
13757,-24.758826,0.023915
13758,-29.593083,0.023915
13759,-6.173550,0.023915
13760,-52.943918,0.023915
13761,-34.092985,0.023915
13762,-17.596844,0.023915
13763,-36.656594,0.023915
13764,-27.457089,0.023915
13765,-10.100465,0.023915
13766,-37.127298,0.023915
13767,6.976525,0.023915
13768,1.498199,0.023915
13769,-34.535330,0.023915
13770,7.856151,0.023915
13771,-41.951735,0.023915
13772,-18.199859,0.023915
13773,-25.157497,0.023915
13774,-27.092638,0.023915
13775,-75.410152,0.023915
13776,-61.224305,0.023915
13777,-16.735035,0.023915
13778,-17.862303,0.023915
13779,-51.092459,0.023915
13780,-21.723800,0.023915
13781,-38.655498,0.023915
13782,-24.658198,0.023915
13783,-10.976596,0.023915
13784,-50.546196,0.023915
13785,-34.258500,0.023915
13786,-10.510027,0.023915
13787,-0.402168,0.023915
13788,-44.876623,0.023915
13789,-52.928058,0.023915
13790,-74.915230,0.023915
13791,-18.504259,0.023915
13792,-36.162074,0.023915
13793,-17.679904,0.023915
13794,6.846157,0.023915
13795,2.385541,0.023915
13796,-50.857595,0.023915
13797,-19.789223,0.023915
13798,-29.287645,0.023915
13799,-32.703090,0.023915
13800,-52.817584,0.021523
13801,-10.801225,0.021523
13802,-18.024575,0.021523
13803,-9.865638,0.021523
13804,-31.888054,0.021523
13805,-14.473336,0.021523
13806,-26.682441,0.021523
13807,-46.481880,0.021523
13808,-16.637290,0.021523
13809,-30.872345,0.021523
13810,-34.854308,0.021523
13811,-12.782889,0.021523
13812,-2.011663,0.021523
13813,-44.426712,0.021523
13814,-9.200999,0.021523
13815,-20.677025,0.021523
13816,-2.257079,0.021523
13817,-23.691968,0.021523
13818,2.703656,0.021523
13819,-31.317921,0.021523
13820,-19.967566,0.021523
13821,3.825460,0.021523
13822,-1.235670,0.021523
13823,-71.472464,0.021523
13824,-37.786606,0.021523
13825,-28.486629,0.021523
13826,-44.969297,0.021523
13827,-15.442380,0.021523
13828,-31.554553,0.021523
13829,-2.088205,0.021523
13830,-44.131204,0.021523
13831,-41.393737,0.021523
13832,-7.238434,0.021523
13833,-29.682528,0.021523
13834,-9.403113,0.021523
13835,-29.060737,0.021523
13836,-7.857533,0.021523
13837,-53.352941,0.021523
13838,-51.956393,0.021523
13839,-23.240480,0.021523
13840,-10.547496,0.021523
13841,-33.857593,0.021523
13842,-35.296216,0.021523
13843,4.794890,0.021523
13844,-23.664216,0.021523
13845,-15.727261,0.021523
13846,-36.910847,0.021523
13847,-12.769810,0.021523
13848,-49.674591,0.021523
13849,-15.055630,0.021523
13850,-39.595958,0.021523
13851,4.388172,0.021523
13852,-17.519595,0.021523
13853,-24.155771,0.021523
13854,-28.597437,0.021523
13855,5.072698,0.021523
13856,-18.276700,0.021523
13857,-19.710582,0.021523
13858,-35.828651,0.021523
13859,-52.707365,0.021523
13860,-19.940847,0.021523
13861,-8.576088,0.021523
13862,4.010248,0.021523
13863,-15.600051,0.021523
13864,-31.716853,0.021523
13865,-73.936006,0.021523
13866,-15.107275,0.021523
13867,-16.480771,0.021523
13868,-27.424690,0.021523
13869,-12.639573,0.021523
13870,-27.683287,0.021523
13871,-20.423468,0.021523
13872,-24.055239,0.021523
13873,-6.545427,0.021523
13874,-10.293872,0.021523
13875,-8.532263,0.021523
13876,-25.865381,0.021523
13877,-19.896225,0.021523
13878,-14.026915,0.021523
13879,-6.010438,0.021523
13880,-40.462683,0.021523
13881,-2.299205,0.021523
13882,-10.354523,0.021523
13883,-25.414623,0.021523
13884,-0.057539,0.021523
13885,-70.165995,0.021523
13886,-20.908244,0.021523
13887,-19.388389,0.021523
13888,-13.545915,0.021523
13889,-37.552402,0.021523
13890,-27.566482,0.021523
13891,-16.940886,0.021523
13892,-27.285103,0.021523
13893,-9.158024,0.021523
13894,-13.928457,0.021523
13895,-1.075422,0.021523
13896,-4.956081,0.021523
13897,-6.376717,0.021523
13898,-22.582524,0.021523
13899,-21.442194,0.021523
13900,0.651783,0.019371
13901,-27.603054,0.019371
13902,-17.144953,0.019371
13903,-14.156627,0.019371
13904,-11.753872,0.019371
13905,-48.670799,0.019371
13906,5.146893,0.019371
13907,-17.126764,0.019371
13908,-19.956117,0.019371
13909,-31.681058,0.019371
13910,-24.926465,0.019371
13911,-14.693465,0.019371
13912,-21.940024,0.019371
13913,-5.907710,0.019371
13914,-36.549717,0.019371
13915,-2.509939,0.019371
13916,-28.834238,0.019371
13917,-4.698015,0.019371
13918,-34.952011,0.019371
13919,-40.717824,0.019371
13920,-12.867402,0.019371
13921,-28.099572,0.019371
13922,-73.533839,0.019371
13923,4.219234,0.019371
13924,-36.258908,0.019371
13925,-47.170103,0.019371
13926,-61.697942,0.019371
13927,-0.120774,0.019371
13928,-13.105959,0.019371
13929,-48.304800,0.019371
13930,-19.028391,0.019371
13931,-21.125925,0.019371
13932,-33.831837,0.019371
13933,-42.884820,0.019371
13934,-4.057954,0.019371
13935,-5.879165,0.019371
13936,16.386693,0.019371
13937,-58.678809,0.019371
13938,-12.343809,0.019371
13939,-17.817435,0.019371
13940,-32.530907,0.019371
13941,-19.297799,0.019371
13942,-46.148795,0.019371
13943,-13.050284,0.019371
13944,-15.930778,0.019371
13945,2.746389,0.019371
13946,-3.711525,0.019371
13947,-17.031344,0.019371
13948,-10.326318,0.019371
13949,-9.861501,0.019371
13950,-25.002252,0.019371
13951,-24.043555,0.019371
13952,-53.571996,0.019371
13953,-16.357312,0.019371
13954,-19.994167,0.019371
13955,-25.633331,0.019371
13956,-58.329628,0.019371
13957,-30.587370,0.019371
13958,-13.153234,0.019371
13959,-59.893040,0.019371
13960,-7.452601,0.019371
13961,-34.748090,0.019371
13962,-21.135961,0.019371
13963,-10.999741,0.019371
13964,-18.047878,0.019371
13965,-17.196281,0.019371
13966,-22.277401,0.019371
13967,-21.383288,0.019371
13968,-9.331173,0.019371
13969,-55.415950,0.019371
13970,-29.049103,0.019371
13971,-36.309529,0.019371
13972,-25.129722,0.019371
13973,-46.280084,0.019371
13974,-5.526759,0.019371
13975,-6.870848,0.019371
13976,-4.731349,0.019371
13977,-26.875758,0.019371
13978,-5.710199,0.019371
13979,-15.973788,0.019371
13980,-30.616581,0.019371
13981,-39.729031,0.019371
13982,-39.674337,0.019371
13983,-12.779555,0.019371
13984,17.235922,0.019371
13985,-36.292092,0.019371
13986,-6.738089,0.019371
13987,-16.956603,0.019371
13988,2.012579,0.019371
13989,0.185208,0.019371
13990,-21.260166,0.019371
13991,-12.357693,0.019371
13992,-13.805582,0.019371
13993,-47.998297,0.019371
13994,-22.293197,0.019371
13995,-18.412824,0.019371
13996,1.754566,0.019371
13997,-1.635585,0.019371
13998,-23.903554,0.019371
13999,-2.174617,0.019371
14000,-57.806767,0.017434
14001,-52.095556,0.017434
14002,-67.243751,0.017434
14003,-24.716952,0.017434
14004,-27.220915,0.017434
14005,-41.337297,0.017434
14006,-25.573979,0.017434
14007,-7.286478,0.017434
14008,-18.310427,0.017434
14009,-42.965489,0.017434
14010,-24.402147,0.017434
14011,-4.660399,0.017434
14012,-26.415275,0.017434
14013,-5.908376,0.017434
14014,-37.512588,0.017434
14015,3.066604,0.017434
14016,13.959689,0.017434
14017,-25.077533,0.017434
14018,-4.690201,0.017434
14019,-52.346495,0.017434
14020,-23.742772,0.017434
14021,-8.588886,0.017434
14022,-17.916779,0.017434
14023,-39.377427,0.017434
14024,-18.092390,0.017434
14025,-33.161010,0.017434
14026,-20.986342,0.017434
14027,-37.705138,0.017434
14028,-27.705410,0.017434
14029,-13.969904,0.017434
14030,-31.475606,0.017434
14031,-25.190248,0.017434
14032,-12.641138,0.017434
14033,-7.049435,0.017434
14034,-22.965212,0.017434
14035,-4.852210,0.017434
14036,-40.170790,0.017434
14037,-44.980651,0.017434
14038,-68.564389,0.017434
14039,-22.666899,0.017434
14040,-56.565915,0.017434
14041,-22.111694,0.017434
14042,-5.688926,0.017434
14043,-33.829476,0.017434
14044,0.713883,0.017434
14045,-35.261454,0.017434
14046,-38.103836,0.017434
14047,-12.074362,0.017434
14048,-33.739167,0.017434
14049,-10.533584,0.017434
14050,-17.538475,0.017434
14051,-24.963932,0.017434
14052,-22.652007,0.017434
14053,-27.035000,0.017434
14054,-10.200412,0.017434
14055,-11.865101,0.017434
14056,-32.545590,0.017434
14057,-55.933330,0.017434
14058,-41.229045,0.017434
14059,-47.167044,0.017434
14060,-2.000772,0.017434
14061,-3.583457,0.017434
14062,-15.762434,0.017434
14063,-22.980276,0.017434
14064,-36.838524,0.017434
14065,-15.752979,0.017434
14066,-14.722935,0.017434
14067,-16.690470,0.017434
14068,-3.378482,0.017434
14069,-22.902028,0.017434
14070,-26.281416,0.017434
14071,-19.677631,0.017434
14072,-21.049605,0.017434
14073,-56.937352,0.017434
14074,-10.017313,0.017434
14075,7.228042,0.017434
14076,-23.572197,0.017434
14077,-9.913365,0.017434
14078,-14.264990,0.017434
14079,-4.440700,0.017434
14080,-18.457863,0.017434
14081,-18.704660,0.017434
14082,5.976401,0.017434
14083,-16.593511,0.017434
14084,-29.590200,0.017434
14085,-9.390320,0.017434
14086,-3.158667,0.017434
14087,-14.180383,0.017434
14088,-5.201206,0.017434
14089,-9.527554,0.017434
14090,-28.382638,0.017434
14091,1.921876,0.017434
14092,-4.468754,0.017434
14093,-18.756238,0.017434
14094,-65.656222,0.017434
14095,-0.471586,0.017434
14096,-24.309844,0.017434
14097,-13.184059,0.017434
14098,-64.673156,0.017434
14099,-16.212134,0.017434
14100,0.408625,0.015691
14101,-39.178313,0.015691
14102,-3.112296,0.015691
14103,-58.864581,0.015691
14104,-24.012529,0.015691
14105,-43.571128,0.015691
14106,-75.046915,0.015691
14107,-4.189168,0.015691
14108,-31.004970,0.015691
14109,-8.889221,0.015691
14110,-32.608863,0.015691
14111,-0.127313,0.015691
14112,-22.285022,0.015691
14113,-4.912284,0.015691
14114,-18.162545,0.015691
14115,-9.873976,0.015691
14116,-7.602287,0.015691
14117,-16.260927,0.015691
14118,20.268522,0.015691
14119,2.205932,0.015691
14120,-27.334505,0.015691
14121,-51.906462,0.015691
14122,-7.953753,0.015691
14123,-11.272050,0.015691
14124,-30.465884,0.015691
14125,-23.650347,0.015691
14126,-52.205842,0.015691
14127,-24.419152,0.015691
14128,-13.113068,0.015691
14129,-28.578262,0.015691
14130,-39.659174,0.015691
14131,-32.791542,0.015691
14132,-12.177928,0.015691
14133,-42.731792,0.015691
14134,-33.017609,0.015691
14135,4.650760,0.015691
14136,-21.235916,0.015691
14137,-23.710174,0.015691
14138,-31.473582,0.015691
14139,-60.358333,0.015691
14140,-39.829743,0.015691
14141,-22.350722,0.015691
14142,-4.700192,0.015691
14143,-43.110857,0.015691
14144,-19.616762,0.015691
14145,-8.032497,0.015691
14146,-13.804765,0.015691
14147,7.007404,0.015691
14148,-28.310986,0.015691
14149,-53.168417,0.015691
14150,7.795743,0.015691
14151,-32.770506,0.015691
14152,-14.774388,0.015691
14153,-19.580104,0.015691
14154,2.335621,0.015691
14155,4.450601,0.015691
14156,15.052983,0.015691
14157,2.837042,0.015691
14158,-15.922446,0.015691
14159,9.790406,0.015691
14160,0.827465,0.015691
14161,1.133935,0.015691
14162,-16.679394,0.015691
14163,-44.485275,0.015691
14164,-30.486072,0.015691
14165,-23.201476,0.015691
14166,-46.491484,0.015691
14167,-4.986116,0.015691
14168,-32.202668,0.015691
14169,-48.305420,0.015691
14170,-54.981296,0.015691
14171,2.610557,0.015691
14172,7.181101,0.015691
14173,-6.352916,0.015691
14174,-19.748506,0.015691
14175,-20.514491,0.015691
14176,-24.723812,0.015691
14177,3.340339,0.015691
14178,-20.872605,0.015691
14179,-9.514443,0.015691
14180,-9.954421,0.015691
14181,-34.651645,0.015691
14182,-5.301552,0.015691
14183,7.630999,0.015691
14184,-26.435030,0.015691
14185,-28.532839,0.015691
14186,2.140629,0.015691
14187,-8.781679,0.015691
14188,-20.576289,0.015691
14189,-11.342979,0.015691
14190,-45.577505,0.015691
14191,8.817913,0.015691
14192,-22.975272,0.015691
14193,0.889957,0.015691
14194,-35.467513,0.015691
14195,-18.056328,0.015691
14196,-6.671485,0.015691
14197,-7.590325,0.015691
14198,-5.087298,0.015691
14199,-82.165962,0.015691
14200,-11.820988,0.014121
14201,-36.276454,0.014121
14202,-42.209348,0.014121
14203,-53.913312,0.014121
14204,-38.245803,0.014121
14205,-21.253720,0.014121
14206,-19.709160,0.014121
14207,-46.888550,0.014121
14208,-3.655024,0.014121
14209,-61.699113,0.014121
14210,5.256179,0.014121
14211,-50.469412,0.014121
14212,-8.149620,0.014121
14213,-22.995295,0.014121
14214,-19.863405,0.014121
14215,-24.935923,0.014121
14216,-11.320495,0.014121
14217,-31.873985,0.014121
14218,-20.116954,0.014121
14219,-34.776317,0.014121
14220,2.075392,0.014121
14221,-45.423581,0.014121
14222,-18.551038,0.014121
14223,-32.832731,0.014121
14224,-34.251899,0.014121
14225,-17.620543,0.014121
14226,-19.285308,0.014121
14227,-18.138281,0.014121
14228,-16.599167,0.014121
14229,-39.014628,0.014121
14230,-54.069310,0.014121
14231,-15.077743,0.014121
14232,2.804405,0.014121
14233,6.872777,0.014121
14234,-67.198764,0.014121
14235,-9.951700,0.014121
14236,-23.258519,0.014121
14237,-6.783175,0.014121
14238,-28.809266,0.014121
14239,-22.824762,0.014121
14240,-63.590189,0.014121
14241,-18.588341,0.014121
14242,-2.399662,0.014121
14243,-9.190052,0.014121
14244,-34.852363,0.014121
14245,-8.748328,0.014121
14246,-29.359497,0.014121
14247,-50.241624,0.014121
14248,-0.407407,0.014121
14249,-9.566563,0.014121
14250,-7.576966,0.014121
14251,-6.226943,0.014121
14252,-24.887698,0.014121
14253,-2.624974,0.014121
14254,-46.233183,0.014121
14255,-16.280589,0.014121
14256,-1.176030,0.014121
14257,-13.510570,0.014121
14258,-43.565377,0.014121
14259,-30.383503,0.014121
14260,-65.260538,0.014121
14261,-17.968036,0.014121
14262,-22.610979,0.014121
14263,-21.051745,0.014121
14264,-6.658877,0.014121
14265,-23.459476,0.014121
14266,-1.463984,0.014121
14267,-16.485761,0.014121
14268,-34.608722,0.014121
14269,-33.468953,0.014121
14270,-13.105787,0.014121
14271,-11.359808,0.014121
14272,-47.744094,0.014121
14273,-31.867164,0.014121
14274,-10.941156,0.014121
14275,-28.930120,0.014121
14276,-41.447426,0.014121
14277,-7.587692,0.014121
14278,-14.083302,0.014121
14279,-38.463359,0.014121
14280,-13.466899,0.014121
14281,1.493342,0.014121
14282,-5.450325,0.014121
14283,0.030251,0.014121
14284,-11.726515,0.014121
14285,-25.854039,0.014121
14286,-17.688715,0.014121
14287,-9.278531,0.014121
14288,-27.761580,0.014121
14289,-30.654104,0.014121
14290,-23.622569,0.014121
14291,-10.986901,0.014121
14292,-2.226252,0.014121
14293,-15.267596,0.014121
14294,-46.764813,0.014121
14295,-47.691294,0.014121
14296,-55.810454,0.014121
14297,-69.975605,0.014121
14298,-16.671906,0.014121
14299,-53.918834,0.014121
14300,-2.154379,0.012709
14301,-37.349486,0.012709
14302,-1.531499,0.012709
14303,-25.925149,0.012709
14304,-47.316697,0.012709
14305,-17.421472,0.012709
14306,-40.883907,0.012709
14307,-34.069319,0.012709
14308,-18.382526,0.012709
14309,-17.413009,0.012709
14310,-36.052243,0.012709
14311,-52.031520,0.012709
14312,8.065380,0.012709
14313,-37.842591,0.012709
14314,-48.037348,0.012709
14315,-50.098675,0.012709
14316,-24.277064,0.012709
14317,-63.836428,0.012709
14318,0.139506,0.012709
14319,-11.482098,0.012709
14320,-35.872524,0.012709
14321,-20.724514,0.012709
14322,-27.881026,0.012709
14323,-35.894151,0.012709
14324,-39.796697,0.012709
14325,-19.558115,0.012709
14326,-29.440820,0.012709
14327,-48.763592,0.012709
14328,-2.089546,0.012709
14329,2.078981,0.012709
14330,-85.201327,0.012709
14331,-36.108963,0.012709
14332,-38.955821,0.012709
14333,-70.996590,0.012709
14334,4.951609,0.012709
14335,-18.045241,0.012709
14336,2.144221,0.012709
14337,-36.418950,0.012709
14338,-8.452056,0.012709
14339,3.509817,0.012709
14340,-2.763785,0.012709
14341,-3.891539,0.012709
14342,-28.226009,0.012709
14343,-0.110808,0.012709
14344,-14.491895,0.012709
14345,-22.336698,0.012709
14346,5.158244,0.012709
14347,-66.291782,0.012709
14348,-30.584756,0.012709
14349,-13.485158,0.012709
14350,-3.016907,0.012709
14351,-15.886366,0.012709
14352,-34.711812,0.012709
14353,-4.394825,0.012709
14354,-73.395122,0.012709
14355,-5.801689,0.012709
14356,-46.088235,0.012709
14357,-32.152225,0.012709
14358,-35.673138,0.012709
14359,-18.851203,0.012709
14360,-16.596654,0.012709
14361,-40.560765,0.012709
14362,-13.199579,0.012709
14363,-44.023326,0.012709
14364,-29.384205,0.012709
14365,-28.317456,0.012709
14366,-45.961150,0.012709
14367,-59.761759,0.012709
14368,-42.004219,0.012709
14369,-18.283121,0.012709
14370,-38.131119,0.012709
14371,-26.915619,0.012709
14372,-81.136942,0.012709
14373,-32.322892,0.012709
14374,-54.208030,0.012709
14375,-15.366755,0.012709
14376,-16.405385,0.012709
14377,-33.012848,0.012709
14378,-26.699841,0.012709
14379,-42.622783,0.012709
14380,-18.555257,0.012709
14381,-9.257196,0.012709
14382,-8.594051,0.012709
14383,-35.701959,0.012709
14384,-13.226396,0.012709
14385,-19.380626,0.012709
14386,-80.539549,0.012709
14387,-27.262426,0.012709
14388,-22.757049,0.012709
14389,-77.279510,0.012709
14390,-61.798872,0.012709
14391,-29.630200,0.012709
14392,-15.661733,0.012709
14393,-31.127670,0.012709
14394,-17.534873,0.012709
14395,-33.845648,0.012709
14396,-23.676649,0.012709
14397,-53.005039,0.012709
14398,-24.963762,0.012709
14399,-49.266960,0.012709
14400,8.497644,0.011438
14401,-52.561568,0.011438
14402,-21.641713,0.011438
14403,-8.738573,0.011438
14404,-17.843728,0.011438
14405,-55.157829,0.011438
14406,-74.261454,0.011438
14407,-20.230776,0.011438
14408,-14.018702,0.011438
14409,-24.397400,0.011438
14410,-67.126720,0.011438
14411,-27.387486,0.011438
14412,-23.687988,0.011438
14413,-4.003056,0.011438
14414,-31.289066,0.011438
14415,-23.544178,0.011438
14416,-40.091711,0.011438
14417,-33.838200,0.011438
14418,-27.588085,0.011438
14419,-24.298987,0.011438
14420,-42.881868,0.011438
14421,-42.085564,0.011438
14422,-35.674367,0.011438
14423,-10.324704,0.011438
14424,-15.029044,0.011438
14425,-28.518616,0.011438
14426,-21.616779,0.011438
14427,-33.504236,0.011438
14428,-48.672400,0.011438
14429,-36.469825,0.011438
14430,-31.272896,0.011438
14431,-2.258390,0.011438
14432,-14.460002,0.011438
14433,-30.713351,0.011438
14434,-24.301954,0.011438
14435,-11.773056,0.011438
14436,-54.963581,0.011438
14437,-14.227366,0.011438
14438,-27.157567,0.011438
14439,-39.041758,0.011438
14440,-53.933659,0.011438
14441,-23.638762,0.011438
14442,-38.750674,0.011438
14443,-33.014686,0.011438
14444,-15.104088,0.011438
14445,-23.435577,0.011438
14446,-30.903919,0.011438
14447,-36.423946,0.011438
14448,-54.352299,0.011438
14449,-30.058787,0.011438
14450,-27.583135,0.011438
14451,-25.785721,0.011438
14452,-24.724204,0.011438
14453,-49.565915,0.011438
14454,-25.044477,0.011438
14455,-8.692225,0.011438
14456,0.270475,0.011438
14457,-21.424339,0.011438
14458,-32.475483,0.011438
14459,-37.848539,0.011438
14460,-40.161638,0.011438
14461,-12.298635,0.011438
14462,-33.994639,0.011438
14463,-2.253040,0.011438
14464,-22.807794,0.011438
14465,-46.276176,0.011438
14466,-43.020706,0.011438
14467,-40.395946,0.011438
14468,-14.076130,0.011438
14469,-17.140550,0.011438
14470,-43.120148,0.011438
14471,-29.465388,0.011438
14472,-26.910854,0.011438
14473,-4.400972,0.011438
14474,-63.205426,0.011438
14475,-22.456016,0.011438
14476,-28.349511,0.011438
14477,-16.962218,0.011438
14478,4.444094,0.011438
14479,-22.815990,0.011438
14480,-6.682659,0.011438
14481,-5.932053,0.011438
14482,-44.322811,0.011438
14483,-12.892791,0.011438
14484,-15.978766,0.011438
14485,-13.967875,0.011438
14486,-18.423840,0.011438
14487,-58.185353,0.011438
14488,-48.758782,0.011438
14489,-15.972689,0.011438
14490,-13.245047,0.011438
14491,-14.160838,0.011438
14492,-24.172494,0.011438
14493,-25.524461,0.011438
14494,-38.250380,0.011438
14495,-30.390097,0.011438
14496,-36.799264,0.011438
14497,-27.294956,0.011438
14498,-8.314861,0.011438
14499,-8.509986,0.011438
14500,-9.390672,0.010295
14501,-20.411638,0.010295
14502,-46.987270,0.010295
14503,-27.493919,0.010295
14504,10.585774,0.010295
14505,-20.752348,0.010295
14506,-41.525396,0.010295
14507,4.122557,0.010295
14508,15.807501,0.010295
14509,-1.614863,0.010295
14510,-18.097504,0.010295
14511,-30.936000,0.010295
14512,-16.132840,0.010295
14513,-22.581546,0.010295
14514,-21.798959,0.010295
14515,-15.031465,0.010295
14516,-22.588717,0.010295
14517,-11.456371,0.010295
14518,-16.867543,0.010295
14519,-76.723223,0.010295
14520,-29.206706,0.010295
14521,-20.622310,0.010295
14522,-39.035031,0.010295
14523,-32.722721,0.010295
14524,-17.775854,0.010295
14525,-38.229399,0.010295
14526,-52.140037,0.010295
14527,-9.461238,0.010295
14528,5.658378,0.010295
14529,-18.499291,0.010295
14530,-16.880737,0.010295
14531,-36.108699,0.010295
14532,7.566483,0.010295
14533,-27.773987,0.010295
14534,-7.011576,0.010295
14535,-27.672826,0.010295
14536,4.392711,0.010295
14537,-31.462929,0.010295
14538,-20.919369,0.010295
14539,-17.279653,0.010295
14540,-20.092036,0.010295
14541,-37.797339,0.010295
14542,-45.139356,0.010295
14543,-13.067065,0.010295
14544,3.299358,0.010295
14545,2.010780,0.010295
14546,-19.653516,0.010295
14547,-15.539637,0.010295
14548,-18.276886,0.010295
14549,-41.094961,0.010295
14550,-7.545401,0.010295
14551,-15.430498,0.010295
14552,-16.976735,0.010295
14553,-10.436055,0.010295
14554,-6.513700,0.010295
14555,-16.750545,0.010295
14556,-6.954843,0.010295
14557,-49.395412,0.010295
14558,-34.513859,0.010295
14559,-14.245365,0.010295
14560,-29.272546,0.010295
14561,-40.300156,0.010295
14562,-19.380076,0.010295
14563,6.937330,0.010295
14564,-46.782931,0.010295
14565,-16.847734,0.010295
14566,-24.941457,0.010295
14567,-0.580938,0.010295
14568,-30.431041,0.010295
14569,-23.168660,0.010295
14570,-12.911411,0.010295
14571,-34.381995,0.010295
14572,-87.912047,0.010295
14573,-15.073744,0.010295
14574,-13.592549,0.010295
14575,-14.135337,0.010295
14576,-13.412576,0.010295
14577,-71.894465,0.010295
14578,-10.492894,0.010295
14579,-5.830500,0.010295
14580,-38.242917,0.010295
14581,-39.527550,0.010295
14582,-20.075528,0.010295
14583,-27.980150,0.010295
14584,-11.116752,0.010295
14585,-16.684402,0.010295
14586,5.880381,0.010295
14587,-5.762495,0.010295
14588,-20.207575,0.010295
14589,-20.955881,0.010295
14590,-54.850178,0.010295
14591,-26.478119,0.010295
14592,-24.637859,0.010295
14593,13.702795,0.010295
14594,-13.090577,0.010295
14595,-8.571179,0.010295
14596,-23.504675,0.010295
14597,-39.120630,0.010295
14598,-39.832469,0.010295
14599,-11.237968,0.010295
14600,-35.553297,0.009265
14601,2.577321,0.009265
14602,0.303522,0.009265
14603,-13.859024,0.009265
14604,-20.744046,0.009265
14605,-22.509526,0.009265
14606,-20.304404,0.009265
14607,4.672704,0.009265
14608,-37.749039,0.009265
14609,2.058400,0.009265
14610,-20.692166,0.009265
14611,-31.207127,0.009265
14612,5.527374,0.009265
14613,-21.473920,0.009265
14614,-16.290972,0.009265
14615,-43.254107,0.009265
14616,7.718704,0.009265
14617,16.182404,0.009265
14618,-32.772950,0.009265
14619,-35.148225,0.009265
14620,3.816401,0.009265
14621,-5.883185,0.009265
14622,-49.619088,0.009265
14623,-30.030770,0.009265
14624,-38.174366,0.009265
14625,-46.488542,0.009265
14626,-42.138447,0.009265
14627,-38.446112,0.009265
14628,3.509155,0.009265
14629,-35.331918,0.009265
14630,-14.022179,0.009265
14631,-13.773454,0.009265
14632,-18.444127,0.009265
14633,-47.823177,0.009265
14634,-49.489271,0.009265
14635,-29.291194,0.009265
14636,-7.208426,0.009265
14637,-9.898338,0.009265
14638,-13.401510,0.009265
14639,-5.741022,0.009265
14640,-13.213869,0.009265
14641,-43.899718,0.009265
14642,0.443154,0.009265
14643,-0.122434,0.009265
14644,-40.773077,0.009265
14645,-41.292847,0.009265
14646,-6.051025,0.009265
14647,-42.589497,0.009265
14648,-28.664785,0.009265
14649,-13.926701,0.009265
14650,-19.646478,0.009265
14651,-9.355147,0.009265
14652,-52.803075,0.009265
14653,-36.017003,0.009265
14654,-21.808340,0.009265
14655,-19.201126,0.009265
14656,-19.056650,0.009265
14657,4.691839,0.009265
14658,-3.986718,0.009265
14659,-54.969476,0.009265
14660,-18.181955,0.009265
14661,-39.499201,0.009265
14662,-7.999080,0.009265
14663,-29.297798,0.009265
14664,-15.576473,0.009265
14665,-50.189533,0.009265
14666,-8.360801,0.009265
14667,-11.522110,0.009265
14668,-34.430018,0.009265
14669,-2.480686,0.009265
14670,-7.498038,0.009265
14671,-36.436948,0.009265
14672,-23.407779,0.009265
14673,-58.698221,0.009265
14674,-61.485828,0.009265
14675,13.300978,0.009265
14676,-28.145889,0.009265
14677,-16.619061,0.009265
14678,-5.372604,0.009265
14679,-36.660706,0.009265
14680,-46.276294,0.009265
14681,8.799367,0.009265
14682,18.169633,0.009265
14683,-62.903124,0.009265
14684,-22.423834,0.009265
14685,-10.509750,0.009265
14686,-9.591135,0.009265
14687,-32.481495,0.009265
14688,-8.940554,0.009265
14689,-23.843034,0.009265
14690,-25.320163,0.009265
14691,-32.501403,0.009265
14692,3.430882,0.009265
14693,-54.365232,0.009265
14694,-16.819692,0.009265
14695,-1.071484,0.009265
14696,-11.024425,0.009265
14697,-42.732260,0.009265
14698,-36.375494,0.009265
14699,20.737621,0.009265
14700,-9.569131,0.008339
14701,-4.472707,0.008339
14702,-34.711148,0.008339
14703,-15.236175,0.008339
14704,-7.987978,0.008339
14705,-18.697599,0.008339
14706,-25.792916,0.008339
14707,-54.450294,0.008339
14708,-25.240490,0.008339
14709,-1.983445,0.008339
14710,-29.367260,0.008339
14711,-30.195378,0.008339
14712,-20.747615,0.008339
14713,-9.319871,0.008339
14714,-1.917509,0.008339
14715,-66.665613,0.008339
14716,-22.973098,0.008339
14717,-41.705553,0.008339
14718,-33.895773,0.008339
14719,-30.532591,0.008339
14720,-43.566244,0.008339
14721,-36.830884,0.008339
14722,-9.285626,0.008339
14723,-33.942677,0.008339
14724,-61.408698,0.008339
14725,-4.365139,0.008339
14726,-10.635585,0.008339
14727,19.755573,0.008339
14728,-73.603211,0.008339
14729,-43.601298,0.008339
14730,-8.878990,0.008339
14731,-25.474742,0.008339
14732,-40.118497,0.008339
14733,-28.788218,0.008339
14734,-30.016259,0.008339
14735,-12.960629,0.008339
14736,-9.167495,0.008339
14737,-21.378136,0.008339
14738,-3.305935,0.008339
14739,5.624774,0.008339
14740,-16.246848,0.008339
14741,-23.685865,0.008339
14742,-46.988719,0.008339
14743,-1.204665,0.008339
14744,1.835426,0.008339
14745,-3.192612,0.008339
14746,-33.459259,0.008339
14747,-50.838426,0.008339
14748,-29.661533,0.008339
14749,-19.887097,0.008339
14750,-18.149479,0.008339
14751,-8.488916,0.008339
14752,-6.787907,0.008339
14753,-19.886955,0.008339
14754,-27.776107,0.008339
14755,-39.666460,0.008339
14756,-24.367153,0.008339
14757,-41.903109,0.008339
14758,-15.675489,0.008339
14759,4.544455,0.008339
14760,-13.847092,0.008339
14761,-31.880733,0.008339
14762,-38.114184,0.008339
14763,-35.135804,0.008339
14764,23.451642,0.008339
14765,-16.564091,0.008339
14766,-0.297671,0.008339
14767,0.926567,0.008339
14768,-21.888105,0.008339
14769,-8.907417,0.008339
14770,-13.334469,0.008339
14771,-17.638491,0.008339
14772,11.572680,0.008339
14773,-7.380687,0.008339
14774,-26.440939,0.008339
14775,-26.587665,0.008339
14776,-27.518794,0.008339
14777,-14.563645,0.008339
14778,-17.244288,0.008339
14779,-24.770580,0.008339
14780,-8.107255,0.008339
14781,-4.687341,0.008339
14782,-32.649314,0.008339
14783,-52.284697,0.008339
14784,-19.279598,0.008339
14785,-21.312748,0.008339
14786,-29.982628,0.008339
14787,-4.991997,0.008339
14788,-10.305822,0.008339
14789,-12.072128,0.008339
14790,-41.040735,0.008339
14791,-30.084440,0.008339
14792,-10.652390,0.008339
14793,-45.608833,0.008339
14794,-54.785058,0.008339
14795,-21.439497,0.008339
14796,-17.768075,0.008339
14797,-26.860880,0.008339
14798,-11.300701,0.008339
14799,-54.155614,0.008339
14800,-55.652910,0.007505
14801,-22.214376,0.007505
14802,-4.644932,0.007505
14803,7.144359,0.007505
14804,-15.998256,0.007505
14805,-57.282810,0.007505
14806,0.737237,0.007505
14807,3.188004,0.007505
14808,-18.138590,0.007505
14809,-34.638127,0.007505
14810,-12.440687,0.007505
14811,-21.554589,0.007505
14812,-35.697453,0.007505
14813,-6.188502,0.007505
14814,-29.364180,0.007505
14815,-37.178879,0.007505
14816,-33.909291,0.007505
14817,-14.803408,0.007505
14818,-1.174241,0.007505
14819,-19.956418,0.007505
14820,-8.148633,0.007505
14821,-32.579956,0.007505
14822,-7.923256,0.007505
14823,-37.834595,0.007505
14824,-18.778262,0.007505
14825,5.189153,0.007505
14826,-41.788269,0.007505
14827,-37.113093,0.007505
14828,-5.571850,0.007505
14829,-7.237499,0.007505
14830,-12.510620,0.007505
14831,-9.946497,0.007505
14832,-7.250176,0.007505
14833,-15.661432,0.007505
14834,-4.114010,0.007505
14835,-19.549350,0.007505
14836,11.544729,0.007505
14837,-10.071119,0.007505
14838,-9.904084,0.007505
14839,-26.283546,0.007505
14840,-33.839323,0.007505
14841,-10.380571,0.007505
14842,-29.975054,0.007505
14843,0.821144,0.007505
14844,-19.048996,0.007505
14845,-12.414070,0.007505
14846,-13.946140,0.007505
14847,-12.389207,0.007505
14848,-44.690483,0.007505
14849,-49.403316,0.007505
14850,-11.762866,0.007505
14851,-31.682810,0.007505
14852,-25.494537,0.007505
14853,-64.466595,0.007505
14854,-38.022506,0.007505
14855,-30.935521,0.007505
14856,-44.829154,0.007505
14857,-29.746350,0.007505
14858,-19.947766,0.007505
14859,-15.014411,0.007505
14860,-14.657355,0.007505
14861,2.503927,0.007505
14862,-22.863573,0.007505
14863,-10.959244,0.007505
14864,-27.232556,0.007505
14865,-21.542032,0.007505
14866,-19.409222,0.007505
14867,-24.569974,0.007505
14868,8.091598,0.007505
14869,-11.619107,0.007505
14870,-53.910088,0.007505
14871,-16.567261,0.007505
14872,-11.397310,0.007505
14873,-1.288696,0.007505
14874,-18.667417,0.007505
14875,-50.115037,0.007505
14876,-37.113472,0.007505
14877,-22.116992,0.007505
14878,-14.630133,0.007505
14879,-9.932068,0.007505
14880,-17.078279,0.007505
14881,-28.626160,0.007505
14882,-13.330140,0.007505
14883,-40.122151,0.007505
14884,-22.469998,0.007505
14885,-0.748193,0.007505
14886,-1.374801,0.007505
14887,-33.302139,0.007505
14888,-17.161793,0.007505
14889,-13.050941,0.007505
14890,-69.371064,0.007505
14891,-28.988693,0.007505
14892,-11.132379,0.007505
14893,-18.247305,0.007505
14894,-31.190746,0.007505
14895,-32.645137,0.007505
14896,-48.438619,0.007505
14897,-55.791193,0.007505
14898,-8.211845,0.007505
14899,-6.873366,0.007505
14900,-17.069964,0.006754
14901,-1.209477,0.006754
14902,-15.604198,0.006754
14903,-41.949632,0.006754
14904,-12.787811,0.006754
14905,-20.152752,0.006754
14906,-28.305516,0.006754
14907,-10.227140,0.006754
14908,-8.069044,0.006754
14909,-30.013461,0.006754
14910,-15.085754,0.006754
14911,-20.479779,0.006754
14912,0.045839,0.006754
14913,-23.529416,0.006754
14914,-23.119456,0.006754
14915,-42.279110,0.006754
14916,-27.517365,0.006754
14917,-36.999187,0.006754
14918,-9.765381,0.006754
14919,-48.393193,0.006754
14920,-34.556996,0.006754
14921,0.545901,0.006754
14922,-31.704919,0.006754
14923,-41.702149,0.006754
14924,-33.476203,0.006754
14925,-9.935494,0.006754
14926,-9.640678,0.006754
14927,-30.733421,0.006754
14928,-15.651944,0.006754
14929,-38.748639,0.006754
14930,3.155223,0.006754
14931,-40.097104,0.006754
14932,-8.162751,0.006754
14933,-21.284350,0.006754
14934,-11.860564,0.006754
14935,-16.217919,0.006754
14936,-35.999917,0.006754
14937,4.497506,0.006754
14938,-33.795910,0.006754
14939,-36.516198,0.006754
14940,-0.568498,0.006754
14941,-38.574021,0.006754
14942,-12.366023,0.006754
14943,-13.307486,0.006754
14944,-13.651876,0.006754
14945,-18.913419,0.006754
14946,-36.193003,0.006754
14947,-51.961818,0.006754
14948,-0.368888,0.006754
14949,-24.936375,0.006754
14950,-54.084915,0.006754
14951,-11.599614,0.006754
14952,-12.923470,0.006754
14953,7.719439,0.006754
14954,-14.380476,0.006754
14955,-21.773269,0.006754
14956,-5.117224,0.006754
14957,-35.193237,0.006754
14958,-2.289468,0.006754
14959,-44.464135,0.006754
14960,2.160964,0.006754
14961,-67.375064,0.006754
14962,5.825454,0.006754
14963,-23.699466,0.006754
14964,-18.455727,0.006754
14965,-17.890545,0.006754
14966,-13.957731,0.006754
14967,-19.910435,0.006754
14968,-23.561434,0.006754
14969,-44.328544,0.006754
14970,-11.726621,0.006754
14971,-28.936939,0.006754
14972,-36.468928,0.006754
14973,-9.748708,0.006754
14974,-2.744849,0.006754
14975,-42.280727,0.006754
14976,-15.334318,0.006754
14977,-74.702334,0.006754
14978,-67.351235,0.006754
14979,-33.607794,0.006754
14980,-6.042738,0.006754
14981,-9.161249,0.006754
14982,-17.328365,0.006754
14983,-1.018006,0.006754
14984,-33.415505,0.006754
14985,-34.289047,0.006754
14986,-4.634159,0.006754
14987,-42.522790,0.006754
14988,-19.633918,0.006754
14989,-25.554758,0.006754
14990,1.940791,0.006754
14991,-25.979655,0.006754
14992,-16.643153,0.006754
14993,-22.377585,0.006754
14994,-41.707614,0.006754
14995,-16.093542,0.006754
14996,-23.955463,0.006754
14997,-47.546141,0.006754
14998,-31.968464,0.006754
14999,-32.748708,0.006754
15000,-47.374331,0.006079
15001,-5.384040,0.006079
15002,-27.283612,0.006079
15003,-6.889199,0.006079
15004,-5.666749,0.006079
15005,-7.182970,0.006079
15006,-50.103897,0.006079
15007,-2.759887,0.006079
15008,-15.170185,0.006079
15009,-10.243760,0.006079
15010,-35.236039,0.006079
15011,-58.608901,0.006079
15012,-4.267936,0.006079
15013,-50.224588,0.006079
15014,-15.836922,0.006079
15015,-20.957082,0.006079
15016,-25.340820,0.006079
15017,-32.093747,0.006079
15018,-43.797434,0.006079
15019,-19.559424,0.006079
15020,-40.095862,0.006079
15021,-47.147725,0.006079
15022,-28.090168,0.006079
15023,-60.182087,0.006079
15024,-3.586919,0.006079
15025,-8.089672,0.006079
15026,-18.166357,0.006079
15027,-39.954022,0.006079
15028,-11.784147,0.006079
15029,-19.249081,0.006079
15030,-31.519201,0.006079
15031,-23.482439,0.006079
15032,-41.849245,0.006079
15033,-11.701710,0.006079
15034,-21.345558,0.006079
15035,-18.300952,0.006079
15036,2.087232,0.006079
15037,-23.811847,0.006079
15038,-13.427850,0.006079
15039,-0.655639,0.006079
15040,-29.436967,0.006079
15041,-28.782868,0.006079
15042,-22.012214,0.006079
15043,-26.207856,0.006079
15044,-1.660551,0.006079
15045,-41.476937,0.006079
15046,-23.138399,0.006079
15047,-40.612000,0.006079
15048,-18.495718,0.006079
15049,3.368967,0.006079
15050,-23.097470,0.006079
15051,-19.256058,0.006079
15052,-15.235321,0.006079
15053,-23.083374,0.006079
15054,-5.494843,0.006079
15055,-12.064672,0.006079
15056,-24.216127,0.006079
15057,7.318810,0.006079
15058,-14.230420,0.006079
15059,-28.548471,0.006079
15060,-6.155045,0.006079
15061,-6.657412,0.006079
15062,-5.591499,0.006079
15063,4.823669,0.006079
15064,-10.977046,0.006079
15065,-9.977854,0.006079
15066,-10.501744,0.006079
15067,-20.297820,0.006079
15068,-18.356630,0.006079
15069,-2.081161,0.006079
15070,7.790639,0.006079
15071,-14.216121,0.006079
15072,-23.376639,0.006079
15073,-23.867143,0.006079
15074,-6.277285,0.006079
15075,-60.936162,0.006079
15076,-7.590574,0.006079
15077,-21.637296,0.006079
15078,-21.352398,0.006079
15079,-27.250369,0.006079
15080,-4.683185,0.006079
15081,-29.258989,0.006079
15082,-52.293025,0.006079
15083,-32.097243,0.006079
15084,-14.868663,0.006079
15085,-29.330899,0.006079
15086,2.164172,0.006079
15087,-20.707824,0.006079
15088,-18.070469,0.006079
15089,0.841300,0.006079
15090,-5.643106,0.006079
15091,-24.512316,0.006079
15092,-13.253712,0.006079
15093,-51.242999,0.006079
15094,-1.957891,0.006079
15095,0.473593,0.006079
15096,-24.462100,0.006079
15097,-8.651495,0.006079
15098,10.688051,0.006079
15099,-80.117678,0.006079
15100,-30.089306,0.005471
15101,-23.843283,0.005471
15102,-10.843334,0.005471
15103,-72.341980,0.005471
15104,-20.529334,0.005471
15105,2.504943,0.005471
15106,-19.968953,0.005471
15107,-10.818164,0.005471
15108,-13.102409,0.005471
15109,-47.688755,0.005471
15110,-2.562896,0.005471
15111,-4.899005,0.005471
15112,-17.300570,0.005471
15113,-42.566754,0.005471
15114,-27.321156,0.005471
15115,-42.948366,0.005471
15116,-11.293181,0.005471
15117,-18.165695,0.005471
15118,-19.576195,0.005471
15119,-17.973570,0.005471
15120,-20.551624,0.005471
15121,-24.901750,0.005471
15122,-22.247544,0.005471
15123,-44.241269,0.005471
15124,3.832696,0.005471
15125,-17.283427,0.005471
15126,-39.494311,0.005471
15127,-20.196901,0.005471
15128,-31.556263,0.005471
15129,-37.513163,0.005471
15130,-21.304058,0.005471
15131,15.963938,0.005471
15132,-17.239016,0.005471
15133,-12.932234,0.005471
15134,-20.553126,0.005471
15135,-53.912919,0.005471
15136,-1.120605,0.005471
15137,-34.581426,0.005471
15138,-44.384512,0.005471
15139,6.009194,0.005471
15140,-34.951938,0.005471
15141,-27.506211,0.005471
15142,-1.821859,0.005471
15143,-32.732302,0.005471
15144,-46.454515,0.005471
15145,-34.573642,0.005471
15146,-6.538960,0.005471
15147,-14.025810,0.005471
15148,-30.832375,0.005471
15149,-5.003821,0.005471
15150,-10.133880,0.005471
15151,-17.825211,0.005471
15152,-8.726236,0.005471
15153,-44.727665,0.005471
15154,-17.833429,0.005471
15155,-20.406194,0.005471
15156,-46.072061,0.005471
15157,-40.484296,0.005471
15158,-31.405512,0.005471
15159,-49.664595,0.005471
15160,-23.764278,0.005471
15161,-2.536948,0.005471
15162,-17.542710,0.005471
15163,-35.237145,0.005471
15164,9.360756,0.005471
15165,-83.669998,0.005471
15166,-18.992338,0.005471
15167,-7.914913,0.005471
15168,2.870782,0.005471
15169,2.456128,0.005471
15170,-71.624247,0.005471
15171,-4.327660,0.005471
15172,-16.708846,0.005471
15173,-24.732231,0.005471
15174,-21.319888,0.005471
15175,-35.774607,0.005471
15176,-32.806076,0.005471
15177,-52.399307,0.005471
15178,-35.183431,0.005471
15179,0.302407,0.005471
15180,-31.403800,0.005471
15181,-22.169154,0.005471
15182,-4.830631,0.005471
15183,-35.868074,0.005471
15184,-0.903977,0.005471
15185,-16.838459,0.005471
15186,-24.289304,0.005471
15187,0.780428,0.005471
15188,-13.695640,0.005471
15189,-27.345712,0.005471
15190,-2.622692,0.005471
15191,13.244235,0.005471
15192,-3.176075,0.005471
15193,-7.436987,0.005471
15194,-65.610004,0.005471
15195,-17.852798,0.005471
15196,-29.994426,0.005471
15197,-33.322336,0.005471
15198,-53.899394,0.005471
15199,-10.034891,0.005471
15200,-14.293837,0.004924
15201,-4.413103,0.004924
15202,-20.506388,0.004924
15203,-4.377143,0.004924
15204,-25.540653,0.004924
15205,-44.510921,0.004924
15206,-56.868009,0.004924
15207,-14.355325,0.004924
15208,-14.884225,0.004924
15209,-49.947787,0.004924
15210,-11.587336,0.004924
15211,-26.784461,0.004924
15212,-34.034367,0.004924
15213,-18.278776,0.004924
15214,-58.599281,0.004924
15215,-17.591770,0.004924
15216,-34.024225,0.004924
15217,-32.802821,0.004924
15218,-65.365883,0.004924
15219,-13.768036,0.004924
15220,-14.798584,0.004924
15221,-11.510720,0.004924
15222,-16.378273,0.004924
15223,-48.787327,0.004924
15224,3.621576,0.004924
15225,-81.919950,0.004924
15226,-26.433768,0.004924
15227,0.791832,0.004924
15228,-38.822424,0.004924
15229,-28.959392,0.004924
15230,-32.479088,0.004924
15231,-25.085076,0.004924
15232,-21.899614,0.004924
15233,-28.940272,0.004924
15234,-42.514058,0.004924
15235,-40.160570,0.004924
15236,-7.456239,0.004924
15237,-1.863829,0.004924
15238,-12.565205,0.004924
15239,-5.091648,0.004924
15240,-57.606125,0.004924
15241,-12.767670,0.004924
15242,-5.411786,0.004924
15243,-3.130633,0.004924
15244,-3.122616,0.004924
15245,-35.409933,0.004924
15246,-20.787859,0.004924
15247,-2.566679,0.004924
15248,-57.446640,0.004924
15249,-7.021819,0.004924
15250,-32.641823,0.004924
15251,-33.049307,0.004924
15252,-63.145940,0.004924
15253,-31.104061,0.004924
15254,-20.332219,0.004924
15255,7.839992,0.004924
15256,-36.602064,0.004924
15257,-18.711734,0.004924
15258,-1.578556,0.004924
15259,-23.029194,0.004924
15260,0.598154,0.004924
15261,-10.168273,0.004924
15262,-14.396994,0.004924
15263,-14.085908,0.004924
15264,-12.588161,0.004924
15265,-12.553793,0.004924
15266,-27.320614,0.004924
15267,-6.256563,0.004924
15268,-13.860856,0.004924
15269,-15.262529,0.004924
15270,-27.133717,0.004924
15271,-11.754209,0.004924
15272,-33.348836,0.004924
15273,-26.630131,0.004924
15274,16.591704,0.004924
15275,-14.760915,0.004924
15276,-14.911299,0.004924
15277,-19.728931,0.004924
15278,-3.421306,0.004924
15279,-14.120982,0.004924
15280,-19.384509,0.004924
15281,-51.400232,0.004924
15282,-49.611526,0.004924
15283,-40.214968,0.004924
15284,-6.882144,0.004924
15285,-8.255369,0.004924
15286,-12.979905,0.004924
15287,-14.934539,0.004924
15288,-15.585448,0.004924
15289,-17.363419,0.004924
15290,-33.765577,0.004924
15291,-52.553189,0.004924
15292,-15.197642,0.004924
15293,-34.003361,0.004924
15294,-45.076664,0.004924
15295,-9.651643,0.004924
15296,-11.926562,0.004924
15297,-38.001347,0.004924
15298,-21.066857,0.004924
15299,-37.558009,0.004924
15300,-11.236375,0.004431
15301,-30.770114,0.004431
15302,-43.772925,0.004431
15303,4.009483,0.004431
15304,18.464604,0.004431
15305,-9.941922,0.004431
15306,-23.629083,0.004431
15307,-26.541568,0.004431
15308,-43.358202,0.004431
15309,-32.535221,0.004431
15310,-27.415913,0.004431
15311,-33.588377,0.004431
15312,-25.021724,0.004431
15313,-28.211143,0.004431
15314,-24.863702,0.004431
15315,-21.754647,0.004431
15316,-45.490305,0.004431
15317,-14.839898,0.004431
15318,-3.839849,0.004431
15319,-10.856051,0.004431
15320,-39.362449,0.004431
15321,-11.743377,0.004431
15322,-73.871799,0.004431
15323,-13.738060,0.004431
15324,-19.219643,0.004431
15325,-27.514411,0.004431
15326,-16.547197,0.004431
15327,-36.932770,0.004431
15328,2.020465,0.004431
15329,-36.259413,0.004431
15330,-14.303082,0.004431
15331,-24.963678,0.004431
15332,-7.721713,0.004431
15333,-3.637577,0.004431
15334,4.102591,0.004431
15335,-45.592655,0.004431
15336,-8.146937,0.004431
15337,-31.924461,0.004431
15338,-8.404357,0.004431
15339,-14.554688,0.004431
15340,2.273281,0.004431
15341,-2.690191,0.004431
15342,-30.495709,0.004431
15343,-28.452038,0.004431
15344,-22.811389,0.004431
15345,-32.720625,0.004431
15346,-22.938635,0.004431
15347,-19.900131,0.004431
15348,0.509447,0.004431
15349,-58.294432,0.004431
15350,-25.541838,0.004431
15351,-18.060631,0.004431
15352,-23.960536,0.004431
15353,-34.196750,0.004431
15354,-2.476759,0.004431
15355,-25.532367,0.004431
15356,-14.197271,0.004431
15357,-50.281496,0.004431
15358,1.327278,0.004431
15359,-19.138793,0.004431
15360,-34.205559,0.004431
15361,10.475845,0.004431
15362,-32.543168,0.004431
15363,-14.685863,0.004431
15364,-27.830472,0.004431
15365,-13.037773,0.004431
15366,-3.563930,0.004431
15367,-50.418272,0.004431
15368,-17.292572,0.004431
15369,-13.239772,0.004431
15370,-38.231649,0.004431
15371,-7.195994,0.004431
15372,-7.473606,0.004431
15373,-42.918914,0.004431
15374,-21.716725,0.004431
15375,-10.582170,0.004431
15376,-43.324441,0.004431
15377,8.258486,0.004431
15378,-22.522646,0.004431
15379,-4.522212,0.004431
15380,0.801774,0.004431
15381,-12.084648,0.004431
15382,-13.148174,0.004431
15383,-17.809403,0.004431
15384,-46.276498,0.004431
15385,-29.658236,0.004431
15386,-6.497751,0.004431
15387,6.540713,0.004431
15388,-20.402719,0.004431
15389,-5.606254,0.004431
15390,-11.215278,0.004431
15391,-27.120710,0.004431
15392,-9.976310,0.004431
15393,-10.195011,0.004431
15394,-22.334211,0.004431
15395,-58.623067,0.004431
15396,-0.840430,0.004431
15397,-15.589597,0.004431
15398,-49.789891,0.004431
15399,-65.031746,0.004431
15400,-41.061013,0.003988
15401,2.059482,0.003988
15402,-16.609651,0.003988
15403,-21.870646,0.003988
15404,-76.129508,0.003988
15405,-9.191832,0.003988
15406,-14.256325,0.003988
15407,13.133891,0.003988
15408,-3.158797,0.003988
15409,-13.973898,0.003988
15410,-25.632441,0.003988
15411,3.784198,0.003988
15412,-5.189706,0.003988
15413,-23.620179,0.003988
15414,-37.167114,0.003988
15415,-25.045594,0.003988
15416,-3.196533,0.003988
15417,-4.293061,0.003988
15418,-16.496352,0.003988
15419,-34.391593,0.003988
15420,-19.091371,0.003988
15421,-27.019985,0.003988
15422,-17.872191,0.003988
15423,-5.182548,0.003988
15424,-49.386096,0.003988
15425,-53.500070,0.003988
15426,-14.337236,0.003988
15427,-13.154379,0.003988
15428,-13.003609,0.003988
15429,-2.325923,0.003988
15430,-33.134853,0.003988
15431,-2.141082,0.003988
15432,-44.127438,0.003988
15433,-13.588117,0.003988
15434,-43.470375,0.003988
15435,-36.143051,0.003988
15436,-20.757375,0.003988
15437,-51.423147,0.003988
15438,-26.003996,0.003988
15439,-2.874555,0.003988
15440,-10.581667,0.003988
15441,1.410212,0.003988
15442,2.124392,0.003988
15443,-5.320532,0.003988
15444,-78.193122,0.003988
15445,-17.074506,0.003988
15446,-32.182708,0.003988
15447,-36.050130,0.003988
15448,-23.355277,0.003988
15449,7.928531,0.003988
15450,-34.691953,0.003988
15451,4.234965,0.003988
15452,-9.004917,0.003988
15453,0.750146,0.003988
15454,-22.549827,0.003988
15455,-56.097124,0.003988
15456,-3.146930,0.003988
15457,12.008010,0.003988
15458,-13.117874,0.003988
15459,-33.798332,0.003988
15460,4.382176,0.003988
15461,-5.366275,0.003988
15462,9.744433,0.003988
15463,-14.104843,0.003988
15464,-20.188696,0.003988
15465,-12.283325,0.003988
15466,-56.689237,0.003988
15467,-7.843075,0.003988
15468,-3.099157,0.003988
15469,4.085928,0.003988
15470,-25.716894,0.003988
15471,-22.626830,0.003988
15472,5.156746,0.003988
15473,-23.731246,0.003988
15474,7.467229,0.003988
15475,1.330819,0.003988
15476,-25.297894,0.003988
15477,-15.831964,0.003988
15478,16.613037,0.003988
15479,-13.663425,0.003988
15480,-28.601741,0.003988
15481,-13.494660,0.003988
15482,-21.063824,0.003988
15483,-14.097105,0.003988
15484,-16.143613,0.003988
15485,-10.680610,0.003988
15486,0.702028,0.003988
15487,-6.147111,0.003988
15488,-8.094710,0.003988
15489,-7.143602,0.003988
15490,4.282122,0.003988
15491,8.699919,0.003988
15492,-8.940738,0.003988
15493,-37.472496,0.003988
15494,-3.405517,0.003988
15495,-27.053991,0.003988
15496,-2.882801,0.003988
15497,-22.159043,0.003988
15498,-49.006577,0.003988
15499,-26.292377,0.003988
15500,-56.344820,0.003589
15501,-2.053191,0.003589
15502,-15.122052,0.003589
15503,-46.671549,0.003589
15504,9.745359,0.003589
15505,-34.414857,0.003589
15506,-5.740382,0.003589
15507,-70.673352,0.003589
15508,-72.210208,0.003589
15509,28.734566,0.003589
15510,-1.337924,0.003589
15511,-14.529071,0.003589
15512,-9.397035,0.003589
15513,-10.936168,0.003589
15514,1.644539,0.003589
15515,8.145887,0.003589
15516,-21.784389,0.003589
15517,-50.518214,0.003589
15518,-16.217110,0.003589
15519,-13.080031,0.003589
15520,-16.410131,0.003589
15521,-12.892618,0.003589
15522,-73.792582,0.003589
15523,-12.454013,0.003589
15524,3.216804,0.003589
15525,-22.055902,0.003589
15526,-19.798990,0.003589
15527,-31.385732,0.003589
15528,-35.780165,0.003589
15529,-27.181692,0.003589
15530,-12.454118,0.003589
15531,-15.548585,0.003589
15532,-18.469740,0.003589
15533,-12.265269,0.003589
15534,-47.704399,0.003589
15535,-28.651398,0.003589
15536,-36.761643,0.003589
15537,-30.627082,0.003589
15538,0.226324,0.003589
15539,-20.801030,0.003589
15540,-10.048821,0.003589
15541,-27.275486,0.003589
15542,-20.732054,0.003589
15543,-47.309345,0.003589
15544,-21.986382,0.003589
15545,-27.859498,0.003589
15546,-24.366407,0.003589
15547,-16.988523,0.003589
15548,-24.193474,0.003589
15549,-5.137393,0.003589
15550,-30.659110,0.003589
15551,-33.434634,0.003589
15552,12.994969,0.003589
15553,-48.626886,0.003589
15554,-25.743151,0.003589
15555,-16.876262,0.003589
15556,-6.823202,0.003589
15557,-39.795469,0.003589
15558,-29.418710,0.003589
15559,-19.432063,0.003589
15560,-42.692218,0.003589
15561,-52.402139,0.003589
15562,-31.964999,0.003589
15563,-25.766603,0.003589
15564,-16.062989,0.003589
15565,-8.475701,0.003589
15566,2.928104,0.003589
15567,-21.674844,0.003589
15568,-23.982301,0.003589
15569,-5.755527,0.003589
15570,-13.852725,0.003589
15571,6.571456,0.003589
15572,-66.457210,0.003589
15573,-16.742171,0.003589
15574,-35.631984,0.003589
15575,-11.853566,0.003589
15576,-50.899330,0.003589
15577,2.408030,0.003589
15578,-38.770934,0.003589
15579,0.230914,0.003589
15580,3.811125,0.003589
15581,-22.484516,0.003589
15582,-26.629385,0.003589
15583,-31.031626,0.003589
15584,-43.440468,0.003589
15585,-35.525921,0.003589
15586,-32.537649,0.003589
15587,-65.200290,0.003589
15588,-12.139297,0.003589
15589,-20.272876,0.003589
15590,2.452326,0.003589
15591,-25.202942,0.003589
15592,-36.784628,0.003589
15593,-13.471488,0.003589
15594,-31.396018,0.003589
15595,-22.638923,0.003589
15596,-25.208671,0.003589
15597,-22.961779,0.003589
15598,-20.946244,0.003589
15599,-39.303032,0.003589
15600,-30.681276,0.003231
15601,-43.267294,0.003231
15602,-5.850051,0.003231
15603,-1.279981,0.003231
15604,-10.033860,0.003231
15605,-32.612179,0.003231
15606,-12.347722,0.003231
15607,-30.199299,0.003231
15608,-4.408577,0.003231
15609,-38.026112,0.003231
15610,-35.277179,0.003231
15611,-2.471638,0.003231
15612,-7.897955,0.003231
15613,-17.142171,0.003231
15614,-37.742440,0.003231
15615,-29.982986,0.003231
15616,-33.911944,0.003231
15617,-9.955803,0.003231
15618,-20.032202,0.003231
15619,-26.511278,0.003231
15620,-20.438639,0.003231
15621,-31.503722,0.003231
15622,-42.952349,0.003231
15623,-0.111653,0.003231
15624,-28.169547,0.003231
15625,-5.802986,0.003231
15626,-2.573366,0.003231
15627,-24.049302,0.003231
15628,-20.861308,0.003231
15629,-28.750320,0.003231
15630,-7.273571,0.003231
15631,-34.839188,0.003231
15632,-32.757102,0.003231
15633,-35.471133,0.003231
15634,-16.198297,0.003231
15635,-36.604969,0.003231
15636,-34.142055,0.003231
15637,-35.774167,0.003231
15638,-13.801847,0.003231
15639,-29.966561,0.003231
15640,-2.340578,0.003231
15641,-48.756123,0.003231
15642,-50.360719,0.003231
15643,-31.317511,0.003231
15644,-48.624472,0.003231
15645,-34.545311,0.003231
15646,-33.052713,0.003231
15647,-38.860370,0.003231
15648,-66.638245,0.003231
15649,-31.893334,0.003231
15650,-5.769049,0.003231
15651,-16.275436,0.003231
15652,-17.376463,0.003231
15653,2.870041,0.003231
15654,-4.485688,0.003231
15655,-8.115882,0.003231
15656,-22.328453,0.003231
15657,-2.352858,0.003231
15658,-35.770510,0.003231
15659,0.959739,0.003231
15660,-6.234762,0.003231
15661,-17.905615,0.003231
15662,-10.027018,0.003231
15663,-6.769984,0.003231
15664,-23.536880,0.003231
15665,12.994123,0.003231
15666,-13.235031,0.003231
15667,-20.224084,0.003231
15668,-49.422876,0.003231
15669,-9.235090,0.003231
15670,-65.025395,0.003231
15671,-2.228999,0.003231
15672,-27.104836,0.003231
15673,-20.794671,0.003231
15674,-42.702593,0.003231
15675,6.241512,0.003231
15676,-6.640821,0.003231
15677,-17.608693,0.003231
15678,-37.785911,0.003231
15679,4.866568,0.003231
15680,-11.329268,0.003231
15681,-21.624101,0.003231
15682,-23.583040,0.003231
15683,-8.484011,0.003231
15684,-20.292389,0.003231
15685,-11.254348,0.003231
15686,-46.179642,0.003231
15687,-26.548102,0.003231
15688,-23.602665,0.003231
15689,-16.924965,0.003231
15690,-0.256712,0.003231
15691,-20.601395,0.003231
15692,-27.154016,0.003231
15693,-45.124164,0.003231
15694,10.645780,0.003231
15695,11.728763,0.003231
15696,2.487972,0.003231
15697,-16.343737,0.003231
15698,-0.123007,0.003231
15699,-21.763554,0.003231
15700,-16.662545,0.002907
15701,-14.893232,0.002907
15702,-23.977224,0.002907
15703,-56.825223,0.002907
15704,-21.385205,0.002907
15705,9.080062,0.002907
15706,-51.055792,0.002907
15707,-46.296765,0.002907
15708,-68.811125,0.002907
15709,-11.104966,0.002907
15710,-51.985556,0.002907
15711,-11.763734,0.002907
15712,-22.275431,0.002907
15713,-48.827109,0.002907
15714,-36.927513,0.002907
15715,-10.486904,0.002907
15716,-11.688423,0.002907
15717,-30.488856,0.002907
15718,15.683611,0.002907
15719,-12.954390,0.002907
15720,-27.174499,0.002907
15721,-9.888247,0.002907
15722,-1.038831,0.002907
15723,-17.518189,0.002907
15724,-32.801546,0.002907
15725,-37.989610,0.002907
15726,-11.264382,0.002907
15727,-29.679955,0.002907
15728,-27.685505,0.002907
15729,1.246878,0.002907
15730,-41.359672,0.002907
15731,-28.080506,0.002907
15732,-7.382710,0.002907
15733,-5.698479,0.002907
15734,-21.785110,0.002907
15735,-7.856106,0.002907
15736,-11.870190,0.002907
15737,-61.895658,0.002907
15738,-17.007501,0.002907
15739,-20.988208,0.002907
15740,-11.121577,0.002907
15741,-15.841891,0.002907
15742,-37.245596,0.002907
15743,1.034903,0.002907
15744,-53.991674,0.002907
15745,5.545779,0.002907
15746,-34.168908,0.002907
15747,-82.619282,0.002907
15748,-28.390477,0.002907
15749,-27.209100,0.002907
15750,-33.464858,0.002907
15751,-1.408041,0.002907
15752,-59.881065,0.002907
15753,-25.221012,0.002907
15754,-41.158134,0.002907
15755,-10.439713,0.002907
15756,-16.773455,0.002907
15757,-50.145870,0.002907
15758,-6.903170,0.002907
15759,-9.668030,0.002907
15760,-8.096412,0.002907
15761,-38.775609,0.002907
15762,-50.804672,0.002907
15763,-17.404535,0.002907
15764,-10.685836,0.002907
15765,-37.319883,0.002907
15766,3.811491,0.002907
15767,-45.660831,0.002907
15768,-17.853376,0.002907
15769,-11.688926,0.002907
15770,-10.334392,0.002907
15771,-3.113772,0.002907
15772,-11.532140,0.002907
15773,-29.316553,0.002907
15774,1.833165,0.002907
15775,-29.701887,0.002907
15776,-7.834089,0.002907
15777,-46.903423,0.002907
15778,-22.336613,0.002907
15779,23.067679,0.002907
15780,-43.640577,0.002907
15781,-43.769001,0.002907
15782,-10.660946,0.002907
15783,-16.347944,0.002907
15784,-3.124556,0.002907
15785,-24.334821,0.002907
15786,-62.849527,0.002907
15787,-24.126629,0.002907
15788,1.254206,0.002907
15789,-23.499705,0.002907
15790,-14.931787,0.002907
15791,-49.374134,0.002907
15792,-20.209412,0.002907
15793,-14.019926,0.002907
15794,-22.077391,0.002907
15795,-56.596473,0.002907
15796,-24.284004,0.002907
15797,-7.767827,0.002907
15798,-7.961722,0.002907
15799,-12.683882,0.002907
15800,-26.725661,0.002617
15801,-33.274648,0.002617
15802,-46.791677,0.002617
15803,-37.150003,0.002617
15804,-3.290104,0.002617
15805,-0.345543,0.002617
15806,-63.695395,0.002617
15807,0.425534,0.002617
15808,-10.438888,0.002617
15809,-17.198971,0.002617
15810,-31.391149,0.002617
15811,-8.078441,0.002617
15812,-20.865407,0.002617
15813,-76.647265,0.002617
15814,-40.306488,0.002617
15815,-23.458571,0.002617
15816,-7.684663,0.002617
15817,-44.346650,0.002617
15818,-23.936192,0.002617
15819,-9.908943,0.002617
15820,2.821102,0.002617
15821,-23.917937,0.002617
15822,-13.426550,0.002617
15823,-7.553544,0.002617
15824,-8.969410,0.002617
15825,-22.412008,0.002617
15826,-12.227584,0.002617
15827,-35.674737,0.002617
15828,-13.873589,0.002617
15829,-11.542756,0.002617
15830,-28.832430,0.002617
15831,-46.421995,0.002617
15832,-39.085686,0.002617
15833,-32.690899,0.002617
15834,-36.028660,0.002617
15835,-22.059409,0.002617
15836,-41.982261,0.002617
15837,-12.698337,0.002617
15838,-16.523742,0.002617
15839,-23.977445,0.002617
15840,-17.538806,0.002617
15841,-16.159733,0.002617
15842,-12.148363,0.002617
15843,-8.549550,0.002617
15844,-11.546894,0.002617
15845,-32.333542,0.002617
15846,-24.443027,0.002617
15847,-7.565972,0.002617
15848,-41.704920,0.002617
15849,-31.063973,0.002617
15850,-51.556760,0.002617
15851,-19.394550,0.002617
15852,-15.950074,0.002617
15853,4.063680,0.002617
15854,-18.310157,0.002617
15855,-43.401944,0.002617
15856,-14.442296,0.002617
15857,-11.548901,0.002617
15858,-13.839444,0.002617
15859,-37.692039,0.002617
15860,-44.635263,0.002617
15861,-18.361711,0.002617
15862,-50.935170,0.002617
15863,-6.883628,0.002617
15864,-15.629509,0.002617
15865,-19.015038,0.002617
15866,-36.045981,0.002617
15867,-36.281129,0.002617
15868,-24.162406,0.002617
15869,-11.856316,0.002617
15870,-43.783451,0.002617
15871,-13.832120,0.002617
15872,-54.543160,0.002617
15873,-8.875270,0.002617
15874,-13.780009,0.002617
15875,-39.723305,0.002617
15876,1.484418,0.002617
15877,-8.388425,0.002617
15878,-43.993877,0.002617
15879,-52.540874,0.002617
15880,-5.758369,0.002617
15881,-15.366906,0.002617
15882,-18.670142,0.002617
15883,-40.200490,0.002617
15884,-37.399916,0.002617
15885,-21.135460,0.002617
15886,-23.937600,0.002617
15887,-16.973988,0.002617
15888,-15.800680,0.002617
15889,25.724383,0.002617
15890,-37.069140,0.002617
15891,-23.299411,0.002617
15892,-15.961584,0.002617
15893,-19.652384,0.002617
15894,-36.024102,0.002617
15895,-28.937307,0.002617
15896,2.819587,0.002617
15897,-23.976876,0.002617
15898,-6.978633,0.002617
15899,-17.077109,0.002617
15900,-14.744864,0.002355
15901,-0.166546,0.002355
15902,-43.523604,0.002355
15903,-32.353293,0.002355
15904,-11.054720,0.002355
15905,-2.448618,0.002355
15906,-8.863946,0.002355
15907,11.766994,0.002355
15908,-16.926012,0.002355
15909,-38.646940,0.002355
15910,-10.851144,0.002355
15911,-32.944728,0.002355
15912,-23.006973,0.002355
15913,6.864798,0.002355
15914,1.024123,0.002355
15915,7.537517,0.002355
15916,-30.894179,0.002355
15917,-51.184431,0.002355
15918,-47.463997,0.002355
15919,-33.782974,0.002355
15920,-1.077181,0.002355
15921,-23.350526,0.002355
15922,-59.823059,0.002355
15923,-11.218933,0.002355
15924,-44.100474,0.002355
15925,-22.688261,0.002355
15926,-22.832517,0.002355
15927,-30.848246,0.002355
15928,-3.747258,0.002355
15929,-8.362162,0.002355
15930,-19.695377,0.002355
15931,-21.482345,0.002355
15932,-54.464030,0.002355
15933,-4.045468,0.002355
15934,-31.750665,0.002355
15935,-26.120620,0.002355
15936,-46.877233,0.002355
15937,-14.582984,0.002355
15938,-13.032889,0.002355
15939,-5.553036,0.002355
15940,-4.891274,0.002355
15941,-20.977032,0.002355
15942,-11.116561,0.002355
15943,10.901968,0.002355
15944,-46.253361,0.002355
15945,-24.830681,0.002355
15946,-23.665934,0.002355
15947,-21.514471,0.002355
15948,-38.016562,0.002355
15949,-42.609440,0.002355
15950,1.433291,0.002355
15951,-17.800705,0.002355
15952,-21.985181,0.002355
15953,-13.132100,0.002355
15954,-7.268515,0.002355
15955,-49.484767,0.002355
15956,-20.753263,0.002355
15957,-7.265985,0.002355
15958,-3.620839,0.002355
15959,-37.099970,0.002355
15960,0.108308,0.002355
15961,3.097518,0.002355
15962,-18.721334,0.002355
15963,-27.737306,0.002355
15964,-35.352718,0.002355
15965,-8.730933,0.002355
15966,-41.119530,0.002355
15967,6.720461,0.002355
15968,-14.602631,0.002355
15969,-27.584347,0.002355
15970,-0.516887,0.002355
15971,-21.893441,0.002355
15972,-24.178152,0.002355
15973,-16.248586,0.002355
15974,8.807651,0.002355
15975,-5.325256,0.002355
15976,-16.785961,0.002355
15977,-21.962954,0.002355
15978,-30.421515,0.002355
15979,-38.961454,0.002355
15980,4.032305,0.002355
15981,-42.174325,0.002355
15982,-31.468336,0.002355
15983,-49.987310,0.002355
15984,-34.485522,0.002355
15985,-15.348071,0.002355
15986,-11.466244,0.002355
15987,-14.594291,0.002355
15988,-10.289264,0.002355
15989,-26.908201,0.002355
15990,-0.334054,0.002355
15991,-6.186053,0.002355
15992,-19.773478,0.002355
15993,-30.073596,0.002355
15994,-20.346807,0.002355
15995,-23.795975,0.002355
15996,-32.772762,0.002355
15997,-40.304989,0.002355
15998,-14.585319,0.002355
15999,-21.239118,0.002355
16000,9.236118,0.002120
