episode,avg_reward,noise_std
1,1.765785,0.298800
2,7.891115,0.297605
3,16.348168,0.296414
4,16.127212,0.295229
5,10.355148,0.294048
6,18.869890,0.292872
7,1.045500,0.291700
8,-2.755688,0.290533
9,-1.153024,0.289371
10,11.210564,0.288214
11,-1.326904,0.287061
12,0.781683,0.285913
13,0.839667,0.284769
14,2.110426,0.283630
15,0.681429,0.282495
16,0.009912,0.281365
17,2.774777,0.280240
18,2.085224,0.279119
19,3.146534,0.278002
20,0.410126,0.276890
21,0.276239,0.275783
22,2.850783,0.274680
23,2.970346,0.273581
24,3.049998,0.272487
25,1.581453,0.271397
26,2.465807,0.270311
27,-0.504772,0.269230
28,-2.335331,0.268153
29,0.400599,0.267080
30,2.204294,0.266012
31,3.791280,0.264948
32,1.693282,0.263888
33,0.541690,0.262833
34,2.397329,0.261781
35,2.032710,0.260734
36,2.754367,0.259691
37,2.575271,0.258653
38,1.375197,0.257618
39,3.171340,0.256587
40,3.202263,0.255561
41,2.520355,0.254539
42,0.456081,0.253521
43,2.151279,0.252507
44,1.223554,0.251497
45,0.013659,0.250491
46,0.496846,0.249489
47,0.905815,0.248491
48,0.965902,0.247497
49,13.035617,0.246507
50,2.737306,0.245521
51,2.475594,0.244539
52,-0.336395,0.243560
53,2.706527,0.242586
54,1.710181,0.241616
55,0.252259,0.240649
56,1.549878,0.239687
57,1.315246,0.238728
58,2.370296,0.237773
59,-0.450120,0.236822
60,1.232003,0.235875
61,5.963223,0.234931
62,2.254065,0.233992
63,3.151671,0.233056
64,2.553875,0.232123
65,0.463675,0.231195
66,3.226712,0.230270
67,5.380828,0.229349
68,6.114335,0.228432
69,3.864522,0.227518
70,6.579416,0.226608
71,1.707690,0.225701
72,0.079938,0.224799
73,3.004917,0.223899
74,1.948141,0.223004
75,1.708124,0.222112
76,6.324138,0.221223
77,3.675689,0.220338
78,4.877342,0.219457
79,1.317214,0.218579
80,3.176745,0.217705
81,4.072656,0.216834
82,3.922982,0.215967
83,1.424007,0.215103
84,4.844459,0.214243
85,3.020572,0.213386
86,6.515821,0.212532
87,7.444457,0.211682
88,1.919139,0.210835
89,7.099143,0.209992
90,7.082349,0.209152
91,5.657631,0.208315
92,3.283438,0.207482
93,1.110423,0.206652
94,1.987972,0.205825
95,6.144187,0.205002
96,6.899166,0.204182
97,11.375459,0.203365
98,9.836589,0.202552
99,8.195614,0.201742
100,1.833073,0.200935
101,6.524917,0.200131
102,6.332318,0.199331
103,6.854761,0.198533
104,6.340566,0.197739
105,7.367987,0.196948
106,5.157310,0.196160
107,5.383206,0.195376
108,8.235891,0.194594
109,4.009953,0.193816
110,4.269526,0.193041
111,7.477806,0.192268
112,8.820520,0.191499
113,3.439675,0.190733
114,2.408993,0.189970
115,6.912821,0.189210
116,5.626904,0.188454
117,9.029998,0.187700
118,6.701413,0.186949
119,14.786518,0.186201
120,7.086156,0.185456
121,10.118876,0.184715
122,7.237029,0.183976
123,7.161033,0.183240
124,7.417314,0.182507
125,3.404630,0.181777
126,5.677621,0.181050
127,6.237124,0.180326
128,8.779398,0.179604
129,15.445931,0.178886
130,10.020644,0.178170
131,10.617295,0.177458
132,9.519564,0.176748
133,7.883197,0.176041
134,10.657538,0.175337
135,8.759882,0.174635
136,7.540318,0.173937
137,6.699052,0.173241
138,8.661652,0.172548
139,6.154061,0.171858
140,7.562307,0.171170
141,12.863814,0.170486
142,7.729452,0.169804
143,7.899686,0.169125
144,9.793121,0.168448
145,4.613434,0.167774
146,6.855998,0.167103
147,3.959918,0.166435
148,1.805847,0.165769
149,5.814190,0.165106
150,2.000644,0.164446
151,1.637440,0.163788
152,3.210423,0.163133
153,5.341373,0.162480
154,5.267289,0.161830
155,3.754789,0.161183
156,5.690226,0.160538
157,2.617704,0.159896
158,3.935567,0.159256
159,5.015073,0.158619
160,4.771993,0.157985
161,1.013226,0.157353
162,3.026164,0.156723
163,0.517418,0.156097
164,2.507930,0.155472
165,1.960802,0.154850
166,3.428901,0.154231
167,3.196857,0.153614
168,1.696346,0.153000
169,0.262847,0.152388
170,0.452789,0.151778
171,2.683911,0.151171
172,2.475803,0.150566
173,4.304915,0.149964
174,3.228636,0.149364
175,2.425628,0.148767
176,2.696718,0.148172
177,2.700792,0.147579
178,3.490690,0.146989
179,3.500014,0.146401
180,1.574849,0.145815
181,1.580173,0.145232
182,0.965262,0.144651
183,4.304604,0.144072
184,3.283808,0.143496
185,1.858107,0.142922
186,1.577610,0.142350
187,1.030608,0.141781
188,3.170491,0.141214
189,2.452081,0.140649
190,3.310082,0.140086
191,1.811351,0.139526
192,1.863020,0.138968
193,2.659229,0.138412
194,1.889477,0.137858
195,2.324682,0.137307
196,2.157426,0.136758
197,3.141125,0.136211
198,5.878467,0.135666
199,3.376181,0.135123
200,3.252857,0.134583
201,2.754119,0.134044
202,3.205098,0.133508
203,6.088746,0.132974
204,2.224949,0.132442
205,4.831565,0.131912
206,2.703422,0.131385
207,2.725143,0.130859
208,3.875315,0.130336
209,4.302134,0.129814
210,4.386602,0.129295
211,3.325275,0.128778
212,3.513661,0.128263
213,2.914521,0.127750
214,3.578896,0.127239
215,2.222385,0.126730
216,4.509909,0.126223
217,1.824407,0.125718
218,5.373494,0.125215
219,4.755690,0.124714
220,3.906691,0.124215
221,4.712790,0.123719
222,5.709373,0.123224
223,4.604530,0.122731
224,6.281185,0.122240
225,6.300620,0.121751
226,6.540853,0.121264
227,6.684838,0.120779
228,5.934228,0.120296
229,5.989807,0.119815
230,6.232305,0.119335
231,5.054256,0.118858
232,4.133984,0.118383
233,3.236634,0.117909
234,5.637387,0.117437
235,5.501918,0.116968
236,6.609809,0.116500
237,5.327332,0.116034
238,2.846657,0.115570
239,2.193786,0.115107
240,4.929456,0.114647
241,3.440330,0.114188
242,4.669702,0.113732
243,2.202366,0.113277
244,4.307872,0.112824
245,4.284206,0.112372
246,3.840111,0.111923
247,3.254958,0.111475
248,2.315784,0.111029
249,2.379437,0.110585
250,3.146593,0.110143
251,4.697533,0.109702
252,4.460849,0.109263
253,4.039116,0.108826
254,4.370496,0.108391
255,2.659028,0.107957
256,2.431623,0.107526
257,2.836652,0.107096
258,5.221266,0.106667
259,4.021485,0.106240
260,5.125498,0.105815
261,5.424191,0.105392
262,5.581892,0.104971
263,4.358582,0.104551
264,4.311170,0.104133
265,2.045997,0.103716
266,2.910950,0.103301
267,3.896247,0.102888
268,4.598900,0.102476
269,2.007500,0.102067
270,7.173586,0.101658
271,4.526665,0.101252
272,5.982862,0.100847
273,2.674298,0.100443
274,3.365830,0.100041
275,2.949337,0.099641
276,3.843188,0.099243
277,6.408015,0.098846
278,2.127454,0.098450
279,7.915786,0.098057
280,10.195652,0.097664
281,6.233494,0.097274
282,2.763704,0.096885
283,7.114764,0.096497
284,11.769779,0.096111
285,8.662179,0.095727
286,3.253082,0.095344
287,4.132754,0.094962
288,7.402847,0.094582
289,4.129152,0.094204
290,4.569636,0.093827
291,3.042140,0.093452
292,3.473004,0.093078
293,5.363728,0.092706
294,2.456914,0.092335
295,3.436004,0.091966
296,1.517665,0.091598
297,3.633795,0.091231
298,2.653168,0.090867
299,1.426932,0.090503
300,2.238556,0.090141
301,2.897198,0.089781
302,1.428304,0.089421
303,4.111485,0.089064
304,0.888187,0.088707
305,1.365196,0.088353
306,2.858737,0.087999
307,2.883146,0.087647
308,3.587211,0.087297
309,2.437767,0.086947
310,4.005243,0.086600
311,9.300173,0.086253
312,3.741136,0.085908
313,2.296342,0.085565
314,7.132946,0.085222
315,0.782971,0.084881
316,3.524418,0.084542
317,4.229914,0.084204
318,4.010758,0.083867
319,2.882141,0.083531
320,2.151569,0.083197
321,2.718207,0.082865
322,2.870498,0.082533
323,5.473871,0.082203
324,4.116413,0.081874
325,1.780435,0.081547
326,4.729631,0.081220
327,6.125337,0.080896
328,2.361775,0.080572
329,2.460538,0.080250
330,1.431217,0.079929
331,3.383317,0.079609
332,1.013835,0.079291
333,0.893053,0.078973
334,2.730283,0.078658
335,4.186732,0.078343
336,-0.639901,0.078030
337,1.325476,0.077717
338,-0.057180,0.077407
339,-1.775454,0.077097
340,0.680033,0.076789
341,-0.230257,0.076481
342,2.041515,0.076175
343,2.343723,0.075871
344,0.504529,0.075567
345,0.462282,0.075265
346,4.898332,0.074964
347,4.256290,0.074664
348,2.481705,0.074365
349,2.056005,0.074068
350,-1.571377,0.073772
351,4.820886,0.073477
352,1.661051,0.073183
353,4.307124,0.072890
354,6.450729,0.072598
355,3.323222,0.072308
356,5.090277,0.072019
357,2.828808,0.071731
358,3.394519,0.071444
359,1.302374,0.071158
360,3.792967,0.070873
361,5.063924,0.070590
362,0.884628,0.070308
363,-0.743838,0.070026
364,2.835278,0.069746
365,4.881454,0.069467
366,4.430570,0.069189
367,4.391089,0.068913
368,0.767892,0.068637
369,0.667570,0.068362
370,6.550079,0.068089
371,4.191431,0.067817
372,2.991926,0.067545
373,3.469132,0.067275
374,8.019329,0.067006
375,2.033437,0.066738
376,4.738592,0.066471
377,5.135044,0.066205
378,6.143187,0.065940
379,3.988383,0.065677
380,4.554928,0.065414
381,2.086710,0.065152
382,-0.423178,0.064892
383,-1.710804,0.064632
384,0.929156,0.064374
385,-0.271465,0.064116
386,-1.075355,0.063860
387,0.279986,0.063604
388,1.268828,0.063350
389,-0.712577,0.063096
390,1.277648,0.062844
391,1.103832,0.062593
392,-0.681090,0.062342
393,1.205857,0.062093
394,3.576441,0.061844
395,0.775248,0.061597
396,0.817877,0.061351
397,1.427429,0.061105
398,2.206498,0.060861
399,2.364569,0.060617
400,5.111637,0.060375
401,3.455315,0.060133
402,0.438387,0.059893
403,4.987594,0.059653
404,3.540683,0.059415
405,2.230596,0.059177
406,0.473341,0.058940
407,2.219300,0.058705
408,5.935849,0.058470
409,2.224581,0.058236
410,1.689050,0.058003
411,2.460992,0.057771
412,0.032218,0.057540
413,1.612940,0.057310
414,2.827015,0.057080
415,-1.216097,0.056852
416,4.551452,0.056625
417,-0.252211,0.056398
418,3.456685,0.056173
419,10.102235,0.055948
420,1.916054,0.055724
421,13.801152,0.055501
422,4.148464,0.055279
423,1.161864,0.055058
424,6.700027,0.054838
425,6.255134,0.054619
426,11.203052,0.054400
427,8.289972,0.054182
428,2.858974,0.053966
429,4.731207,0.053750
430,10.883662,0.053535
431,11.829806,0.053321
432,8.579306,0.053107
433,12.787602,0.052895
434,5.801010,0.052683
435,7.554932,0.052473
436,6.903213,0.052263
437,4.494968,0.052054
438,9.238057,0.051846
439,10.900830,0.051638
440,8.349560,0.051432
441,7.245876,0.051226
442,16.774821,0.051021
443,7.698595,0.050817
444,12.176236,0.050614
445,14.789287,0.050411
446,15.755070,0.050210
447,11.161693,0.050009
448,12.794879,0.050000
449,15.297886,0.050000
450,12.656962,0.050000
451,11.253238,0.050000
452,9.918990,0.050000
453,9.431577,0.050000
454,8.342204,0.050000
455,6.013812,0.050000
456,6.555526,0.050000
457,3.756706,0.050000
458,2.209049,0.050000
459,10.638348,0.050000
460,3.378521,0.050000
461,15.403003,0.050000
462,6.659994,0.050000
463,6.021719,0.050000
464,6.945324,0.050000
465,9.736095,0.050000
466,7.041255,0.050000
467,6.365581,0.050000
468,9.101818,0.050000
469,11.918057,0.050000
470,16.137828,0.050000
471,7.033851,0.050000
472,9.233994,0.050000
473,15.513344,0.050000
474,8.040665,0.050000
475,15.971350,0.050000
476,11.083925,0.050000
477,14.647246,0.050000
478,4.611364,0.050000
479,5.049702,0.050000
480,5.557280,0.050000
481,4.190014,0.050000
482,6.625934,0.050000
483,8.502524,0.050000
484,5.527718,0.050000
485,5.958521,0.050000
486,5.985448,0.050000
487,6.073660,0.050000
488,6.283121,0.050000
489,4.956865,0.050000
490,7.066315,0.050000
491,5.859167,0.050000
492,8.884969,0.050000
493,8.703225,0.050000
494,7.094232,0.050000
495,5.644159,0.050000
496,7.120954,0.050000
497,4.624492,0.050000
498,4.557829,0.050000
499,5.744657,0.050000
500,3.239099,0.050000
501,5.802985,0.050000
502,5.777655,0.050000
503,3.403667,0.050000
504,3.164765,0.050000
505,2.434941,0.050000
506,2.482543,0.050000
507,3.251866,0.050000
508,2.972665,0.050000
509,5.545185,0.050000
510,5.666687,0.050000
511,4.578478,0.050000
512,5.687949,0.050000
513,5.656890,0.050000
514,5.418992,0.050000
515,4.083419,0.050000
516,4.560604,0.050000
517,4.222311,0.050000
518,4.595007,0.050000
519,3.999784,0.050000
520,6.291727,0.050000
521,21.398767,0.050000
522,11.715002,0.050000
523,4.696386,0.050000
524,5.622568,0.050000
525,5.665438,0.050000
526,14.950844,0.050000
527,9.480629,0.050000
528,13.414115,0.050000
529,13.233111,0.050000
530,12.981192,0.050000
531,13.458600,0.050000
532,15.690627,0.050000
533,13.402466,0.050000
534,6.825133,0.050000
535,15.070807,0.050000
536,13.166397,0.050000
537,13.734706,0.050000
538,9.100539,0.050000
539,6.788206,0.050000
540,6.457686,0.050000
541,7.534461,0.050000
542,10.448260,0.050000
543,7.987278,0.050000
544,7.664359,0.050000
545,6.843349,0.050000
546,6.187954,0.050000
547,4.533443,0.050000
548,6.419679,0.050000
549,7.233367,0.050000
550,9.884459,0.050000
551,8.340415,0.050000
552,7.126747,0.050000
553,4.728022,0.050000
554,8.538081,0.050000
555,7.940549,0.050000
556,9.588541,0.050000
557,7.557247,0.050000
558,9.804644,0.050000
559,8.937130,0.050000
560,6.951097,0.050000
561,2.356749,0.050000
562,5.673964,0.050000
563,7.291515,0.050000
564,4.983413,0.050000
565,5.864619,0.050000
566,7.971855,0.050000
567,10.363474,0.050000
568,9.260247,0.050000
569,7.068657,0.050000
570,6.175893,0.050000
571,4.650639,0.050000
572,3.473590,0.050000
573,5.322099,0.050000
574,2.293809,0.050000
575,3.590227,0.050000
576,6.200254,0.050000
577,4.536375,0.050000
578,4.267991,0.050000
579,4.490033,0.050000
580,6.363473,0.050000
581,9.182976,0.050000
582,5.759673,0.050000
583,4.732548,0.050000
584,7.545530,0.050000
585,6.018567,0.050000
586,7.693038,0.050000
587,4.875491,0.050000
588,7.674988,0.050000
589,8.099126,0.050000
590,3.732572,0.050000
591,6.489732,0.050000
592,2.828204,0.050000
593,5.885591,0.050000
594,5.139001,0.050000
595,5.239260,0.050000
596,5.041345,0.050000
597,4.038864,0.050000
598,4.335316,0.050000
599,4.687843,0.050000
600,4.599246,0.050000
601,3.641575,0.050000
602,3.708541,0.050000
603,5.631718,0.050000
604,2.837121,0.050000
605,2.915526,0.050000
606,4.278255,0.050000
607,4.692316,0.050000
608,3.734450,0.050000
609,3.839402,0.050000
610,6.100622,0.050000
611,2.561552,0.050000
612,2.621864,0.050000
613,3.606138,0.050000
614,4.902651,0.050000
615,2.572824,0.050000
616,4.708083,0.050000
617,4.166269,0.050000
618,2.583958,0.050000
619,5.610141,0.050000
620,3.244754,0.050000
621,5.175830,0.050000
622,4.833737,0.050000
623,4.557825,0.050000
624,2.579578,0.050000
625,7.709629,0.050000
626,3.033578,0.050000
627,3.181530,0.050000
628,10.371210,0.050000
629,10.501189,0.050000
630,7.499179,0.050000
631,3.091892,0.050000
632,8.356606,0.050000
633,6.806024,0.050000
634,6.654083,0.050000
635,5.659074,0.050000
636,5.004070,0.050000
637,5.900314,0.050000
638,4.920642,0.050000
639,5.533518,0.050000
640,6.266019,0.050000
641,5.462282,0.050000
642,10.266499,0.050000
643,14.000059,0.050000
644,3.691165,0.050000
645,7.038524,0.050000
646,3.309138,0.050000
647,2.934517,0.050000
648,6.199652,0.050000
649,6.198827,0.050000
650,10.847312,0.050000
651,6.862038,0.050000
652,10.456624,0.050000
653,5.332687,0.050000
654,4.837101,0.050000
655,4.088252,0.050000
656,3.460221,0.050000
657,6.640126,0.050000
658,6.070616,0.050000
659,5.065863,0.050000
660,6.267551,0.050000
661,6.548925,0.050000
662,2.326787,0.050000
663,7.303041,0.050000
664,5.471423,0.050000
665,4.983842,0.050000
666,5.721376,0.050000
667,2.577564,0.050000
668,8.469916,0.050000
669,3.445832,0.050000
670,4.249475,0.050000
671,7.467252,0.050000
672,4.253449,0.050000
673,4.519139,0.050000
674,3.328752,0.050000
675,1.997281,0.050000
676,3.924152,0.050000
677,2.819497,0.050000
678,5.807704,0.050000
679,4.459614,0.050000
680,3.174602,0.050000
681,4.459696,0.050000
682,7.365003,0.050000
683,4.989176,0.050000
684,5.899707,0.050000
685,4.100746,0.050000
686,2.376878,0.050000
687,2.421350,0.050000
688,2.708321,0.050000
689,5.103044,0.050000
690,2.845451,0.050000
691,3.814409,0.050000
692,2.458600,0.050000
693,3.466594,0.050000
694,1.555376,0.050000
695,4.764979,0.050000
696,4.567852,0.050000
697,2.910514,0.050000
698,3.692648,0.050000
699,2.348888,0.050000
700,2.496849,0.050000
701,3.221606,0.050000
702,5.748440,0.050000
703,2.832261,0.050000
704,2.470618,0.050000
705,3.462424,0.050000
706,4.856496,0.050000
707,2.965355,0.050000
708,3.370208,0.050000
709,3.871500,0.050000
710,2.783297,0.050000
711,4.731877,0.050000
712,2.564026,0.050000
713,8.392317,0.050000
714,2.424559,0.050000
715,3.374904,0.050000
716,2.861479,0.050000
717,4.018701,0.050000
718,3.668457,0.050000
719,2.610622,0.050000
720,4.777005,0.050000
721,2.485546,0.050000
722,4.427224,0.050000
723,4.456261,0.050000
724,6.213850,0.050000
725,4.451172,0.050000
726,12.212562,0.050000
727,6.273567,0.050000
728,10.116251,0.050000
729,8.360556,0.050000
730,2.560544,0.050000
731,6.371066,0.050000
732,2.862364,0.050000
733,3.981041,0.050000
734,3.225107,0.050000
735,1.874669,0.050000
736,2.649264,0.050000
737,2.917513,0.050000
738,3.481870,0.050000
739,3.265656,0.050000
740,1.991624,0.050000
741,3.286311,0.050000
742,2.875585,0.050000
743,5.617545,0.050000
744,4.013534,0.050000
745,2.381080,0.050000
746,4.382305,0.050000
747,3.959977,0.050000
748,4.283470,0.050000
749,5.001468,0.050000
750,2.775421,0.050000
751,3.456241,0.050000
752,3.926624,0.050000
753,2.462737,0.050000
754,2.697636,0.050000
755,6.358909,0.050000
756,3.677324,0.050000
757,4.931544,0.050000
758,2.301042,0.050000
759,8.059840,0.050000
760,3.041027,0.050000
761,2.763341,0.050000
762,1.458514,0.050000
763,3.390389,0.050000
764,2.353512,0.050000
765,2.517344,0.050000
766,3.204920,0.050000
767,3.243701,0.050000
768,1.855294,0.050000
769,3.071109,0.050000
770,2.304494,0.050000
771,5.281468,0.050000
772,2.988492,0.050000
773,3.408603,0.050000
774,3.834694,0.050000
775,2.608279,0.050000
776,4.572041,0.050000
777,2.989228,0.050000
778,4.167896,0.050000
779,6.097967,0.050000
780,3.098091,0.050000
781,6.753642,0.050000
782,4.348080,0.050000
783,2.650984,0.050000
784,6.550536,0.050000
785,4.340681,0.050000
786,4.901949,0.050000
787,5.031642,0.050000
788,6.826093,0.050000
789,5.476394,0.050000
790,5.214284,0.050000
791,6.149644,0.050000
792,13.745712,0.050000
793,8.515527,0.050000
794,3.976742,0.050000
795,3.084179,0.050000
796,5.423782,0.050000
797,3.357210,0.050000
798,4.323321,0.050000
799,3.758877,0.050000
800,5.849839,0.050000
801,3.733074,0.050000
802,8.744968,0.050000
803,4.844853,0.050000
804,3.796975,0.050000
805,3.194293,0.050000
806,4.332300,0.050000
807,4.442962,0.050000
808,6.214030,0.050000
809,3.596633,0.050000
810,3.128965,0.050000
811,7.098662,0.050000
812,5.014390,0.050000
813,5.811264,0.050000
814,6.843572,0.050000
815,5.459688,0.050000
816,4.518282,0.050000
817,5.566170,0.050000
818,5.787159,0.050000
819,6.516361,0.050000
820,5.022376,0.050000
821,4.850434,0.050000
822,6.909434,0.050000
823,4.853977,0.050000
824,10.249300,0.050000
825,4.194524,0.050000
826,5.922932,0.050000
827,5.377129,0.050000
828,6.831603,0.050000
829,4.480540,0.050000
830,5.064086,0.050000
831,4.852292,0.050000
832,5.784329,0.050000
833,6.865122,0.050000
834,6.293906,0.050000
835,5.529667,0.050000
836,4.290243,0.050000
837,6.415660,0.050000
838,4.101544,0.050000
839,7.079521,0.050000
840,8.451851,0.050000
841,7.439722,0.050000
842,8.359673,0.050000
843,6.940779,0.050000
844,5.207529,0.050000
845,4.802123,0.050000
846,10.316410,0.050000
847,5.530055,0.050000
848,5.911891,0.050000
849,6.778817,0.050000
850,6.640131,0.050000
851,6.241462,0.050000
852,6.442185,0.050000
853,7.118687,0.050000
854,7.999699,0.050000
855,13.925074,0.050000
856,6.252783,0.050000
857,8.167919,0.050000
858,14.176347,0.050000
859,4.638427,0.050000
860,4.933857,0.050000
861,9.618843,0.050000
862,11.458580,0.050000
863,9.063828,0.050000
864,7.406086,0.050000
865,6.664880,0.050000
866,8.485978,0.050000
867,8.693125,0.050000
868,11.391938,0.050000
869,17.508982,0.050000
870,6.466520,0.050000
871,9.553339,0.050000
872,16.627404,0.050000
873,15.542615,0.050000
874,9.691860,0.050000
875,13.684366,0.050000
876,6.179684,0.050000
877,13.718506,0.050000
878,6.838412,0.050000
879,7.472052,0.050000
880,16.117488,0.050000
881,18.275249,0.050000
882,9.404236,0.050000
883,18.686375,0.050000
884,14.144232,0.050000
885,11.584028,0.050000
886,11.485696,0.050000
887,10.696423,0.050000
888,9.119236,0.050000
889,9.342362,0.050000
890,12.086415,0.050000
891,10.644253,0.050000
892,10.936527,0.050000
893,9.764981,0.050000
894,11.839982,0.050000
895,14.473319,0.050000
896,11.024670,0.050000
897,6.943721,0.050000
898,8.231209,0.050000
899,9.552001,0.050000
900,11.018996,0.050000
901,8.525042,0.050000
902,10.430851,0.050000
903,7.802735,0.050000
904,7.033886,0.050000
905,5.863577,0.050000
906,4.864001,0.050000
907,6.712261,0.050000
908,13.680944,0.050000
909,4.128972,0.050000
910,9.053017,0.050000
911,4.489577,0.050000
912,2.318395,0.050000
913,4.423353,0.050000
914,7.410176,0.050000
915,4.693305,0.050000
916,9.504327,0.050000
917,3.204982,0.050000
918,11.337385,0.050000
919,6.262689,0.050000
920,3.923275,0.050000
921,3.638320,0.050000
922,3.582585,0.050000
923,3.326724,0.050000
924,3.354310,0.050000
925,7.927242,0.050000
926,8.204673,0.050000
927,4.282709,0.050000
928,7.031392,0.050000
929,5.397262,0.050000
930,11.832976,0.050000
931,10.352163,0.050000
932,12.166489,0.050000
933,9.808628,0.050000
934,7.742812,0.050000
935,4.935987,0.050000
936,2.939689,0.050000
937,2.791648,0.050000
938,10.679515,0.050000
939,9.455799,0.050000
940,6.825923,0.050000
941,3.713073,0.050000
942,6.994419,0.050000
943,6.626633,0.050000
944,4.707444,0.050000
945,2.477404,0.050000
946,3.785096,0.050000
947,8.067467,0.050000
948,8.057945,0.050000
949,7.045542,0.050000
950,3.244551,0.050000
951,6.640154,0.050000
952,3.856000,0.050000
953,5.809618,0.050000
954,3.690324,0.050000
955,3.999307,0.050000
956,5.783199,0.050000
957,5.997830,0.050000
958,2.621338,0.050000
959,4.178880,0.050000
960,2.099007,0.050000
961,2.777107,0.050000
962,4.188130,0.050000
963,4.082796,0.050000
964,3.109412,0.050000
965,1.906593,0.050000
966,4.233969,0.050000
967,0.204916,0.050000
968,4.121039,0.050000
969,1.281519,0.050000
970,2.810425,0.050000
971,1.980719,0.050000
972,2.153338,0.050000
973,1.209727,0.050000
974,1.760646,0.050000
975,1.192516,0.050000
976,2.823628,0.050000
977,2.505936,0.050000
978,1.399357,0.050000
979,2.384473,0.050000
980,1.340149,0.050000
981,1.676322,0.050000
982,1.706343,0.050000
983,7.075860,0.050000
984,2.085715,0.050000
985,2.311487,0.050000
986,5.383154,0.050000
987,2.687513,0.050000
988,1.651098,0.050000
989,3.148062,0.050000
990,5.560763,0.050000
991,5.364565,0.050000
992,6.267897,0.050000
993,1.582768,0.050000
994,4.697395,0.050000
995,6.410823,0.050000
996,5.635283,0.050000
997,8.908949,0.050000
998,2.211628,0.050000
999,7.436463,0.050000
1000,8.032045,0.050000
1001,1.666548,0.050000
1002,3.216751,0.050000
1003,5.381855,0.050000
1004,8.747228,0.050000
1005,7.657343,0.050000
1006,6.715989,0.050000
1007,5.265062,0.050000
1008,2.580874,0.050000
1009,6.811895,0.050000
1010,3.485320,0.050000
1011,3.335663,0.050000
1012,5.985635,0.050000
1013,8.615959,0.050000
1014,1.856670,0.050000
1015,6.266523,0.050000
1016,2.746812,0.050000
1017,3.251092,0.050000
1018,3.076618,0.050000
1019,9.982718,0.050000
1020,4.453245,0.050000
1021,2.572933,0.050000
1022,3.083713,0.050000
1023,2.417409,0.050000
1024,3.641527,0.050000
1025,4.933204,0.050000
1026,2.075605,0.050000
1027,4.574240,0.050000
1028,2.356980,0.050000
1029,6.062232,0.050000
1030,4.709824,0.050000
1031,4.369585,0.050000
1032,8.974340,0.050000
1033,3.663393,0.050000
1034,7.650956,0.050000
1035,5.884393,0.050000
1036,6.863564,0.050000
1037,7.101116,0.050000
1038,8.067457,0.050000
1039,7.885723,0.050000
1040,4.548263,0.050000
1041,9.119346,0.050000
1042,6.722728,0.050000
1043,6.479730,0.050000
1044,2.422865,0.050000
1045,4.131618,0.050000
1046,2.397923,0.050000
1047,6.321930,0.050000
1048,5.475536,0.050000
1049,6.094113,0.050000
1050,4.996474,0.050000
1051,4.974307,0.050000
1052,1.605018,0.050000
1053,6.301021,0.050000
1054,2.906713,0.050000
1055,2.062078,0.050000
1056,2.252976,0.050000
1057,3.042170,0.050000
1058,1.703000,0.050000
1059,3.955889,0.050000
1060,3.785420,0.050000
1061,3.283685,0.050000
1062,4.750969,0.050000
1063,2.520242,0.050000
1064,2.580651,0.050000
1065,1.899211,0.050000
1066,4.161771,0.050000
1067,2.630831,0.050000
1068,2.089645,0.050000
1069,5.773304,0.050000
1070,1.510062,0.050000
1071,5.377661,0.050000
1072,4.581212,0.050000
1073,4.423519,0.050000
1074,3.071478,0.050000
1075,0.897858,0.050000
1076,4.390550,0.050000
1077,0.732181,0.050000
1078,1.634316,0.050000
1079,9.648303,0.050000
1080,4.670346,0.050000
1081,2.167058,0.050000
1082,7.972167,0.050000
1083,2.865501,0.050000
1084,3.141424,0.050000
1085,2.058272,0.050000
1086,5.123481,0.050000
1087,5.823955,0.050000
1088,2.567691,0.050000
1089,2.893748,0.050000
1090,2.059785,0.050000
1091,1.632858,0.050000
1092,1.011925,0.050000
1093,4.008451,0.050000
1094,2.375560,0.050000
1095,2.875614,0.050000
1096,3.915588,0.050000
1097,2.543872,0.050000
1098,2.283465,0.050000
1099,1.144656,0.050000
1100,4.115244,0.050000
1101,1.825957,0.050000
1102,3.227497,0.050000
1103,1.595478,0.050000
1104,0.554848,0.050000
1105,2.037031,0.050000
1106,2.871330,0.050000
1107,3.621754,0.050000
1108,4.865965,0.050000
1109,1.244518,0.050000
1110,2.406379,0.050000
1111,1.192450,0.050000
1112,1.480713,0.050000
1113,1.246683,0.050000
1114,3.485586,0.050000
1115,1.317701,0.050000
1116,2.825249,0.050000
1117,0.946603,0.050000
1118,2.248616,0.050000
1119,4.684324,0.050000
1120,1.793366,0.050000
1121,1.529493,0.050000
1122,1.780094,0.050000
1123,1.519610,0.050000
1124,1.641823,0.050000
1125,1.565931,0.050000
1126,2.051461,0.050000
1127,1.752628,0.050000
1128,1.792188,0.050000
1129,3.544918,0.050000
1130,4.090553,0.050000
1131,2.146912,0.050000
1132,1.333024,0.050000
1133,3.868755,0.050000
1134,2.521204,0.050000
1135,2.888461,0.050000
1136,5.981074,0.050000
1137,3.805116,0.050000
1138,2.281521,0.050000
1139,0.986397,0.050000
1140,3.263638,0.050000
1141,3.631161,0.050000
1142,2.172818,0.050000
1143,1.843273,0.050000
1144,2.101244,0.050000
1145,1.477580,0.050000
1146,1.245915,0.050000
1147,1.333018,0.050000
1148,0.778102,0.050000
1149,2.867585,0.050000
1150,3.458832,0.050000
1151,3.233477,0.050000
1152,2.909773,0.050000
1153,0.457258,0.050000
1154,1.845681,0.050000
1155,3.898555,0.050000
1156,3.120839,0.050000
1157,1.440317,0.050000
1158,3.058339,0.050000
1159,3.324288,0.050000
1160,3.378717,0.050000
1161,1.451093,0.050000
1162,4.020777,0.050000
1163,3.799626,0.050000
1164,5.224425,0.050000
1165,3.108659,0.050000
1166,4.099795,0.050000
1167,4.371665,0.050000
1168,2.273489,0.050000
1169,2.663979,0.050000
1170,3.294555,0.050000
1171,2.774149,0.050000
1172,3.693097,0.050000
1173,1.473651,0.050000
1174,2.495110,0.050000
1175,1.801101,0.050000
1176,2.861661,0.050000
1177,2.179951,0.050000
1178,5.560317,0.050000
1179,1.738538,0.050000
1180,6.360648,0.050000
1181,3.502501,0.050000
1182,4.740769,0.050000
1183,3.292192,0.050000
1184,5.806535,0.050000
1185,3.496335,0.050000
1186,3.847178,0.050000
1187,3.208773,0.050000
1188,2.902538,0.050000
1189,8.737779,0.050000
1190,7.673629,0.050000
1191,6.883781,0.050000
1192,4.562136,0.050000
1193,4.549698,0.050000
1194,6.945225,0.050000
1195,2.857516,0.050000
1196,4.008139,0.050000
1197,5.659608,0.050000
1198,8.867488,0.050000
1199,10.881341,0.050000
1200,4.441611,0.050000
1201,4.162733,0.050000
1202,5.325545,0.050000
1203,6.253543,0.050000
1204,4.100604,0.050000
1205,8.553609,0.050000
1206,6.124180,0.050000
1207,5.368411,0.050000
1208,2.323046,0.050000
1209,3.376341,0.050000
1210,2.289258,0.050000
1211,2.200314,0.050000
1212,10.475745,0.050000
1213,3.911263,0.050000
1214,6.767288,0.050000
1215,8.704398,0.050000
1216,6.793915,0.050000
1217,2.036569,0.050000
1218,4.380477,0.050000
1219,2.573821,0.050000
1220,3.356209,0.050000
1221,4.813216,0.050000
1222,3.506682,0.050000
1223,3.171017,0.050000
1224,8.668904,0.050000
1225,9.511851,0.050000
1226,3.467576,0.050000
1227,5.210435,0.050000
1228,3.842725,0.050000
1229,4.046005,0.050000
1230,1.710394,0.050000
1231,4.620331,0.050000
1232,4.246360,0.050000
1233,2.164973,0.050000
1234,3.057524,0.050000
1235,4.494180,0.050000
1236,10.369729,0.050000
1237,3.567276,0.050000
1238,5.560351,0.050000
1239,4.162407,0.050000
1240,6.487510,0.050000
1241,6.182994,0.050000
1242,3.003813,0.050000
1243,5.347930,0.050000
1244,3.776441,0.050000
1245,6.469346,0.050000
1246,7.428436,0.050000
1247,4.433327,0.050000
1248,9.327293,0.050000
1249,3.772479,0.050000
1250,2.639503,0.050000
1251,7.652314,0.050000
1252,5.186321,0.050000
1253,3.447672,0.050000
1254,5.065928,0.050000
1255,3.460910,0.050000
1256,2.495158,0.050000
1257,10.586267,0.050000
1258,4.188807,0.050000
1259,3.218602,0.050000
1260,5.813160,0.050000
1261,3.478380,0.050000
1262,9.309140,0.050000
1263,5.896605,0.050000
1264,3.947252,0.050000
1265,6.916128,0.050000
1266,6.646754,0.050000
1267,9.883639,0.050000
1268,4.746252,0.050000
1269,2.701568,0.050000
1270,8.775419,0.050000
1271,11.973544,0.050000
1272,12.606464,0.050000
1273,13.584530,0.050000
1274,8.841380,0.050000
1275,11.394407,0.050000
1276,5.283746,0.050000
1277,12.312119,0.050000
1278,1.976576,0.050000
1279,3.426371,0.050000
1280,4.622788,0.050000
1281,2.905664,0.050000
1282,3.311963,0.050000
1283,3.696491,0.050000
1284,2.929981,0.050000
1285,2.192613,0.050000
1286,4.336117,0.050000
1287,2.429308,0.050000
1288,2.464083,0.050000
1289,4.092486,0.050000
1290,3.493104,0.050000
1291,2.697164,0.050000
1292,3.288055,0.050000
1293,3.527130,0.050000
1294,3.092358,0.050000
1295,2.101845,0.050000
1296,2.632470,0.050000
1297,3.614872,0.050000
1298,2.930353,0.050000
1299,5.325729,0.050000
1300,4.220488,0.050000
1301,4.058271,0.050000
1302,5.073243,0.050000
1303,5.803886,0.050000
1304,7.802194,0.050000
1305,4.851645,0.050000
1306,3.973704,0.050000
1307,3.308123,0.050000
1308,5.405855,0.050000
1309,6.069550,0.050000
1310,3.614579,0.050000
1311,8.723106,0.050000
1312,3.793843,0.050000
1313,5.847085,0.050000
1314,2.795289,0.050000
1315,2.708266,0.050000
1316,3.079971,0.050000
1317,3.386458,0.050000
1318,3.288361,0.050000
1319,7.185514,0.050000
1320,6.530433,0.050000
1321,2.849893,0.050000
1322,2.909488,0.050000
1323,3.105890,0.050000
1324,2.129089,0.050000
1325,5.403073,0.050000
1326,3.072567,0.050000
1327,4.468404,0.050000
1328,5.479032,0.050000
1329,4.180944,0.050000
1330,3.674104,0.050000
1331,3.184550,0.050000
1332,3.114316,0.050000
1333,2.887274,0.050000
1334,2.299118,0.050000
1335,2.307127,0.050000
1336,2.296193,0.050000
1337,3.339565,0.050000
1338,2.134050,0.050000
1339,1.701123,0.050000
1340,1.398189,0.050000
1341,1.023202,0.050000
1342,-0.228979,0.050000
1343,3.715229,0.050000
1344,2.735341,0.050000
1345,0.686479,0.050000
1346,0.574000,0.050000
1347,0.615033,0.050000
1348,4.055649,0.050000
1349,1.420631,0.050000
1350,1.307038,0.050000
1351,0.617296,0.050000
1352,1.341608,0.050000
1353,0.370839,0.050000
1354,0.990211,0.050000
1355,1.492846,0.050000
1356,-0.526005,0.050000
1357,2.778993,0.050000
1358,1.955366,0.050000
1359,-0.298730,0.050000
1360,1.970731,0.050000
1361,3.285967,0.050000
1362,0.890777,0.050000
1363,0.561032,0.050000
1364,-0.258385,0.050000
1365,0.585441,0.050000
1366,5.576758,0.050000
1367,0.516842,0.050000
1368,4.393822,0.050000
1369,3.396038,0.050000
1370,-2.016215,0.050000
1371,1.836405,0.050000
1372,1.243797,0.050000
1373,2.359932,0.050000
1374,0.602903,0.050000
1375,1.842138,0.050000
1376,4.582175,0.050000
1377,-1.637721,0.050000
1378,0.915508,0.050000
1379,2.706937,0.050000
1380,0.044693,0.050000
1381,-0.902283,0.050000
1382,-0.272389,0.050000
1383,0.662095,0.050000
1384,0.899572,0.050000
1385,0.069946,0.050000
1386,0.727951,0.050000
1387,1.147284,0.050000
1388,4.798873,0.050000
1389,1.333994,0.050000
1390,1.020727,0.050000
1391,2.556957,0.050000
1392,1.400832,0.050000
1393,-0.060099,0.050000
1394,0.252248,0.050000
1395,-0.360936,0.050000
1396,0.296714,0.050000
1397,0.683278,0.050000
1398,-0.287713,0.050000
1399,0.324150,0.050000
1400,1.110656,0.050000
1401,-0.107015,0.050000
1402,0.964502,0.050000
1403,0.866628,0.050000
1404,-0.367820,0.050000
1405,0.049983,0.050000
1406,0.272969,0.050000
1407,0.868865,0.050000
1408,0.332512,0.050000
1409,0.613469,0.050000
1410,1.730062,0.050000
1411,2.750473,0.050000
1412,0.833811,0.050000
1413,-0.003441,0.050000
1414,0.490844,0.050000
1415,2.082531,0.050000
1416,0.772061,0.050000
1417,1.061962,0.050000
1418,0.178222,0.050000
1419,0.347334,0.050000
1420,0.732532,0.050000
1421,1.326060,0.050000
1422,1.266232,0.050000
1423,-0.083795,0.050000
1424,0.168437,0.050000
1425,2.992896,0.050000
1426,1.059449,0.050000
1427,-0.655317,0.050000
1428,0.301728,0.050000
1429,-0.088955,0.050000
1430,-0.554389,0.050000
1431,0.577747,0.050000
1432,0.339606,0.050000
1433,0.538974,0.050000
1434,4.754768,0.050000
1435,2.821547,0.050000
1436,-0.157983,0.050000
1437,0.618197,0.050000
1438,7.459186,0.050000
1439,8.692203,0.050000
1440,15.219810,0.050000
1441,5.613980,0.050000
1442,14.680943,0.050000
1443,15.549146,0.050000
1444,15.337190,0.050000
1445,14.495738,0.050000
1446,13.761045,0.050000
1447,8.685989,0.050000
1448,16.398091,0.050000
1449,11.558610,0.050000
1450,10.075773,0.050000
1451,11.175800,0.050000
1452,10.030032,0.050000
1453,8.316220,0.050000
1454,9.923816,0.050000
1455,13.877103,0.050000
1456,12.739709,0.050000
1457,11.876653,0.050000
1458,8.344072,0.050000
1459,9.331144,0.050000
1460,15.561331,0.050000
1461,9.488526,0.050000
1462,20.214109,0.050000
1463,13.906276,0.050000
1464,9.969039,0.050000
1465,11.580334,0.050000
1466,10.914894,0.050000
1467,14.046101,0.050000
1468,10.051076,0.050000
1469,14.244801,0.050000
1470,13.785657,0.050000
1471,12.276181,0.050000
1472,17.173380,0.050000
1473,12.291148,0.050000
1474,12.645321,0.050000
1475,10.347062,0.050000
1476,12.210405,0.050000
1477,17.422865,0.050000
1478,13.157256,0.050000
1479,10.023901,0.050000
1480,13.394245,0.050000
1481,4.880316,0.050000
1482,4.044519,0.050000
1483,5.586959,0.050000
1484,3.417782,0.050000
1485,3.757064,0.050000
1486,7.329006,0.050000
1487,3.653146,0.050000
1488,4.104541,0.050000
1489,4.148167,0.050000
1490,4.631793,0.050000
1491,5.358315,0.050000
1492,4.861737,0.050000
1493,10.211127,0.050000
1494,12.387930,0.050000
1495,7.467355,0.050000
1496,6.346808,0.050000
1497,4.638694,0.050000
1498,5.001228,0.050000
1499,4.116322,0.050000
1500,3.004579,0.050000
1501,4.072288,0.050000
1502,5.791032,0.050000
1503,9.114503,0.050000
1504,2.208200,0.050000
1505,5.560145,0.050000
1506,3.779190,0.050000
1507,5.130176,0.050000
1508,4.385456,0.050000
1509,5.777933,0.050000
1510,4.642226,0.050000
1511,3.770002,0.050000
1512,6.314453,0.050000
1513,9.047503,0.050000
1514,8.137514,0.050000
1515,6.553802,0.050000
1516,6.792256,0.050000
1517,9.068629,0.050000
1518,9.691624,0.050000
1519,10.710083,0.050000
1520,7.471428,0.050000
1521,3.840487,0.050000
1522,5.062941,0.050000
1523,5.791218,0.050000
1524,5.867138,0.050000
1525,7.674111,0.050000
1526,11.018060,0.050000
1527,15.623714,0.050000
1528,9.906822,0.050000
1529,3.524977,0.050000
1530,5.612487,0.050000
1531,4.780028,0.050000
1532,6.189844,0.050000
1533,0.107447,0.050000
1534,3.169068,0.050000
1535,1.907785,0.050000
1536,3.981519,0.050000
1537,6.450091,0.050000
1538,4.545092,0.050000
1539,2.879528,0.050000
1540,4.723705,0.050000
1541,5.621882,0.050000
1542,10.760751,0.050000
1543,13.482589,0.050000
1544,7.776219,0.050000
1545,4.993076,0.050000
1546,17.101029,0.050000
1547,14.071453,0.050000
1548,4.755387,0.050000
1549,5.735106,0.050000
1550,21.841796,0.050000
1551,7.678538,0.050000
1552,16.860553,0.050000
1553,17.875030,0.050000
1554,10.910647,0.050000
1555,15.528945,0.050000
1556,13.588767,0.050000
1557,12.863922,0.050000
1558,10.138722,0.050000
1559,10.443417,0.050000
1560,12.994351,0.050000
1561,11.615283,0.050000
1562,9.275463,0.050000
1563,8.430722,0.050000
1564,3.934829,0.050000
1565,4.834170,0.050000
1566,4.640764,0.050000
1567,4.469623,0.050000
1568,4.159337,0.050000
1569,11.339970,0.050000
1570,12.250552,0.050000
1571,15.225003,0.050000
1572,14.021857,0.050000
1573,9.633057,0.050000
1574,13.824717,0.050000
1575,9.666807,0.050000
1576,16.179700,0.050000
1577,4.893551,0.050000
1578,7.587052,0.050000
1579,14.597844,0.050000
1580,11.280687,0.050000
1581,8.766848,0.050000
1582,10.967161,0.050000
1583,7.988066,0.050000
1584,13.850371,0.050000
1585,13.715056,0.050000
1586,9.400794,0.050000
1587,17.062632,0.050000
1588,9.570990,0.050000
1589,10.422016,0.050000
1590,9.171920,0.050000
1591,12.636945,0.050000
1592,9.126432,0.050000
1593,9.612690,0.050000
1594,14.312709,0.050000
1595,7.297362,0.050000
1596,6.562535,0.050000
1597,7.723384,0.050000
1598,10.273736,0.050000
1599,7.649560,0.050000
1600,7.498896,0.050000
1601,12.282959,0.050000
1602,13.017849,0.050000
1603,10.806388,0.050000
1604,7.048268,0.050000
1605,7.886474,0.050000
1606,10.618004,0.050000
1607,9.450300,0.050000
1608,8.457394,0.050000
1609,4.119673,0.050000
1610,6.974245,0.050000
1611,9.430321,0.050000
1612,8.268826,0.050000
1613,10.145461,0.050000
1614,2.129166,0.050000
1615,7.303971,0.050000
1616,1.341125,0.050000
1617,2.176110,0.050000
1618,-0.262441,0.050000
1619,5.994269,0.050000
1620,11.000800,0.050000
1621,5.070655,0.050000
1622,5.810167,0.050000
1623,3.958433,0.050000
1624,8.197444,0.050000
1625,9.144753,0.050000
1626,7.424694,0.050000
1627,9.616669,0.050000
1628,7.804816,0.050000
1629,13.069765,0.050000
1630,8.757853,0.050000
1631,7.437830,0.050000
1632,7.688125,0.050000
1633,11.523205,0.050000
1634,6.742959,0.050000
1635,6.852159,0.050000
1636,9.452176,0.050000
1637,8.099501,0.050000
1638,7.785593,0.050000
1639,5.931301,0.050000
1640,7.859833,0.050000
1641,9.543843,0.050000
1642,10.729222,0.050000
1643,7.028918,0.050000
1644,10.170815,0.050000
1645,9.157745,0.050000
1646,9.189291,0.050000
1647,4.812222,0.050000
1648,7.224430,0.050000
1649,8.854983,0.050000
1650,7.031036,0.050000
1651,6.524410,0.050000
1652,8.888286,0.050000
1653,8.214571,0.050000
1654,8.983299,0.050000
1655,8.549028,0.050000
1656,5.211008,0.050000
1657,5.224491,0.050000
1658,5.042390,0.050000
1659,5.159974,0.050000
1660,8.856172,0.050000
1661,4.848760,0.050000
1662,8.225647,0.050000
1663,7.113792,0.050000
1664,6.431252,0.050000
1665,9.165018,0.050000
1666,7.819460,0.050000
1667,5.318263,0.050000
1668,5.269632,0.050000
1669,6.990101,0.050000
1670,7.058044,0.050000
1671,6.664774,0.050000
1672,9.243226,0.050000
1673,7.342881,0.050000
1674,11.106679,0.050000
1675,5.257814,0.050000
1676,7.585220,0.050000
1677,8.378321,0.050000
1678,7.551360,0.050000
1679,13.501015,0.050000
1680,11.997185,0.050000
1681,7.273746,0.050000
1682,12.318444,0.050000
1683,13.331973,0.050000
1684,9.399038,0.050000
1685,12.118487,0.050000
1686,10.275107,0.050000
1687,12.188230,0.050000
1688,9.843620,0.050000
1689,11.519618,0.050000
1690,13.626635,0.050000
1691,11.527253,0.050000
1692,11.573614,0.050000
1693,10.964089,0.050000
1694,10.871216,0.050000
1695,9.636113,0.050000
1696,12.522405,0.050000
1697,10.992696,0.050000
1698,10.330601,0.050000
1699,11.306604,0.050000
1700,8.204277,0.050000
1701,9.081236,0.050000
1702,10.179742,0.050000
1703,12.405038,0.050000
1704,8.925331,0.050000
1705,12.432916,0.050000
1706,12.570873,0.050000
1707,10.986303,0.050000
1708,10.594668,0.050000
1709,16.524768,0.050000
1710,13.446153,0.050000
1711,8.262316,0.050000
1712,11.284190,0.050000
1713,7.818811,0.050000
1714,7.508706,0.050000
1715,7.545517,0.050000
1716,5.430641,0.050000
1717,6.902506,0.050000
1718,7.341107,0.050000
1719,7.358669,0.050000
1720,6.873035,0.050000
1721,7.047277,0.050000
1722,6.423623,0.050000
1723,4.190495,0.050000
1724,7.431923,0.050000
1725,8.887065,0.050000
1726,10.453407,0.050000
1727,8.474924,0.050000
1728,9.264701,0.050000
1729,9.501739,0.050000
1730,8.055639,0.050000
1731,8.279707,0.050000
1732,9.181723,0.050000
1733,10.779991,0.050000
1734,11.906656,0.050000
1735,9.411978,0.050000
1736,8.145806,0.050000
1737,6.222441,0.050000
1738,8.455443,0.050000
1739,5.838389,0.050000
1740,8.966880,0.050000
1741,4.125424,0.050000
1742,5.670501,0.050000
1743,6.531606,0.050000
1744,6.867445,0.050000
1745,8.231789,0.050000
1746,7.115282,0.050000
1747,8.521079,0.050000
1748,4.580858,0.050000
1749,2.556832,0.050000
1750,8.528235,0.050000
1751,0.589034,0.050000
1752,4.964402,0.050000
1753,1.401390,0.050000
1754,5.206193,0.050000
1755,4.462099,0.050000
1756,6.984687,0.050000
1757,2.796916,0.050000
1758,6.511765,0.050000
1759,2.517353,0.050000
1760,6.965177,0.050000
1761,6.100025,0.050000
1762,5.440617,0.050000
1763,6.902664,0.050000
1764,7.864480,0.050000
1765,6.017429,0.050000
1766,7.176147,0.050000
1767,5.718430,0.050000
1768,6.731009,0.050000
1769,3.996425,0.050000
1770,10.094812,0.050000
1771,7.517191,0.050000
1772,7.304325,0.050000
1773,15.562917,0.050000
1774,12.360737,0.050000
1775,9.669421,0.050000
1776,17.180187,0.050000
1777,15.703091,0.050000
1778,8.011836,0.050000
1779,10.119040,0.050000
1780,11.330300,0.050000
1781,15.044880,0.050000
1782,15.093180,0.050000
1783,7.691311,0.050000
1784,7.085118,0.050000
1785,9.804144,0.050000
1786,13.972737,0.050000
1787,5.789919,0.050000
1788,13.304199,0.050000
1789,15.613781,0.050000
1790,6.132220,0.050000
1791,11.115520,0.050000
1792,17.075304,0.050000
1793,15.244035,0.050000
1794,10.144298,0.050000
1795,10.385081,0.050000
1796,15.509453,0.050000
1797,11.556347,0.050000
1798,9.400955,0.050000
1799,6.222741,0.050000
1800,8.820781,0.050000
1801,0.805968,0.050000
1802,7.193040,0.050000
1803,3.993111,0.050000
1804,5.784580,0.050000
1805,6.793559,0.050000
1806,12.890034,0.050000
1807,14.647940,0.050000
1808,11.682713,0.050000
1809,2.382772,0.050000
1810,10.638486,0.050000
1811,5.607159,0.050000
1812,4.437603,0.050000
1813,16.613080,0.050000
1814,12.492030,0.050000
1815,8.493858,0.050000
1816,8.021837,0.050000
1817,15.600411,0.050000
1818,12.068729,0.050000
1819,10.300981,0.050000
1820,13.323507,0.050000
1821,9.719987,0.050000
1822,14.618518,0.050000
1823,6.043925,0.050000
1824,9.739968,0.050000
1825,17.977095,0.050000
1826,12.769060,0.050000
1827,7.982525,0.050000
1828,7.126733,0.050000
1829,17.855027,0.050000
1830,9.911410,0.050000
1831,14.530380,0.050000
1832,19.071894,0.050000
1833,18.833920,0.050000
1834,14.604336,0.050000
1835,13.150090,0.050000
1836,7.123505,0.050000
1837,12.096592,0.050000
1838,7.295997,0.050000
1839,16.883030,0.050000
1840,16.863455,0.050000
1841,18.636893,0.050000
1842,14.850807,0.050000
1843,13.862215,0.050000
1844,20.895241,0.050000
1845,9.210394,0.050000
1846,9.275689,0.050000
1847,10.045252,0.050000
1848,10.221684,0.050000
1849,19.568443,0.050000
1850,8.036307,0.050000
1851,22.827857,0.050000
1852,14.979987,0.050000
1853,7.062185,0.050000
1854,11.515867,0.050000
1855,8.241483,0.050000
1856,7.042063,0.050000
1857,6.224601,0.050000
1858,6.852454,0.050000
1859,8.070636,0.050000
1860,10.937319,0.050000
1861,7.304657,0.050000
1862,8.019339,0.050000
1863,7.884835,0.050000
1864,8.972870,0.050000
1865,7.600009,0.050000
1866,8.684732,0.050000
1867,8.533239,0.050000
1868,10.174835,0.050000
1869,12.729683,0.050000
1870,12.880799,0.050000
1871,12.691499,0.050000
1872,20.067096,0.050000
1873,9.854659,0.050000
1874,12.430333,0.050000
1875,11.374413,0.050000
1876,9.833355,0.050000
1877,11.772806,0.050000
1878,12.090827,0.050000
1879,9.875716,0.050000
1880,7.124323,0.050000
1881,18.657299,0.050000
1882,8.585906,0.050000
1883,10.256419,0.050000
1884,9.141571,0.050000
1885,10.924551,0.050000
1886,10.554957,0.050000
1887,10.854272,0.050000
1888,7.091488,0.050000
1889,12.108898,0.050000
1890,10.169197,0.050000
1891,10.568349,0.050000
1892,9.963204,0.050000
1893,9.819303,0.050000
1894,9.439070,0.050000
1895,13.418521,0.050000
1896,12.569146,0.050000
1897,10.557812,0.050000
1898,11.833368,0.050000
1899,13.517326,0.050000
1900,8.768170,0.050000
1901,10.971476,0.050000
1902,10.473493,0.050000
1903,10.158080,0.050000
1904,11.976709,0.050000
1905,8.598576,0.050000
1906,11.510765,0.050000
1907,8.040065,0.050000
1908,11.100217,0.050000
1909,13.000260,0.050000
1910,7.801039,0.050000
1911,7.989198,0.050000
1912,13.161509,0.050000
1913,11.895324,0.050000
1914,8.144090,0.050000
1915,12.795579,0.050000
1916,8.645262,0.050000
1917,7.732304,0.050000
1918,8.586489,0.050000
1919,7.823817,0.050000
1920,9.552259,0.050000
1921,11.751723,0.050000
1922,13.040691,0.050000
1923,10.250133,0.050000
1924,10.653891,0.050000
1925,8.673728,0.050000
1926,6.969285,0.050000
1927,11.595026,0.050000
1928,6.346938,0.050000
1929,9.455904,0.050000
1930,10.146643,0.050000
1931,8.881385,0.050000
1932,10.745259,0.050000
1933,5.038080,0.050000
1934,5.053018,0.050000
1935,5.722803,0.050000
1936,3.302529,0.050000
1937,7.587496,0.050000
1938,8.248708,0.050000
1939,2.983828,0.050000
1940,6.806078,0.050000
1941,3.532983,0.050000
1942,6.211559,0.050000
1943,7.433904,0.050000
1944,10.134065,0.050000
1945,9.148275,0.050000
1946,11.973933,0.050000
1947,11.945220,0.050000
1948,7.219339,0.050000
1949,7.776734,0.050000
1950,10.955276,0.050000
1951,6.945919,0.050000
1952,8.978416,0.050000
1953,3.625439,0.050000
1954,9.127618,0.050000
1955,8.716132,0.050000
1956,9.260181,0.050000
1957,5.060682,0.050000
1958,6.964281,0.050000
1959,8.148176,0.050000
1960,7.898935,0.050000
1961,2.842191,0.050000
1962,6.363269,0.050000
1963,1.769056,0.050000
1964,9.130824,0.050000
1965,11.043254,0.050000
1966,6.705067,0.050000
1967,6.556451,0.050000
1968,8.392661,0.050000
1969,8.065411,0.050000
1970,4.267892,0.050000
1971,6.645961,0.050000
1972,4.288367,0.050000
1973,4.850445,0.050000
1974,6.856565,0.050000
1975,3.797936,0.050000
1976,4.450579,0.050000
1977,5.771491,0.050000
1978,5.565004,0.050000
1979,6.783028,0.050000
1980,5.093247,0.050000
1981,4.897977,0.050000
1982,6.054573,0.050000
1983,3.424574,0.050000
1984,3.925556,0.050000
1985,3.256251,0.050000
1986,5.309619,0.050000
1987,5.107439,0.050000
1988,5.077313,0.050000
1989,9.389160,0.050000
1990,5.477155,0.050000
1991,5.539888,0.050000
1992,8.314574,0.050000
1993,7.976477,0.050000
1994,6.370043,0.050000
1995,7.709896,0.050000
1996,9.318632,0.050000
1997,9.188196,0.050000
1998,7.019024,0.050000
1999,8.659094,0.050000
2000,4.550994,0.050000
2001,6.793739,0.050000
2002,6.088195,0.050000
2003,5.777270,0.050000
2004,6.786285,0.050000
2005,5.834794,0.050000
2006,4.071333,0.050000
2007,6.245903,0.050000
2008,5.996378,0.050000
2009,6.487065,0.050000
2010,6.381975,0.050000
2011,2.838092,0.050000
2012,6.845895,0.050000
2013,7.762571,0.050000
2014,3.367838,0.050000
2015,5.281580,0.050000
2016,6.340873,0.050000
2017,5.007713,0.050000
2018,6.169487,0.050000
2019,9.396399,0.050000
2020,4.743124,0.050000
2021,6.334445,0.050000
2022,2.141524,0.050000
2023,3.783145,0.050000
2024,7.427194,0.050000
2025,5.101039,0.050000
2026,6.724111,0.050000
2027,1.835860,0.050000
2028,6.622267,0.050000
2029,3.003683,0.050000
2030,3.297197,0.050000
2031,1.951208,0.050000
2032,3.879896,0.050000
2033,3.659077,0.050000
2034,4.631870,0.050000
2035,3.443912,0.050000
2036,7.065679,0.050000
2037,3.787928,0.050000
2038,6.619458,0.050000
2039,3.169753,0.050000
2040,4.188768,0.050000
2041,2.868331,0.050000
2042,5.146376,0.050000
2043,3.510071,0.050000
2044,4.595476,0.050000
2045,2.082911,0.050000
2046,5.766587,0.050000
2047,4.500947,0.050000
2048,4.137935,0.050000
2049,2.849356,0.050000
2050,4.646429,0.050000
2051,11.593901,0.050000
2052,4.974499,0.050000
2053,8.972332,0.050000
2054,5.392305,0.050000
2055,2.422971,0.050000
2056,4.124370,0.050000
2057,8.479995,0.050000
2058,3.348390,0.050000
2059,4.136155,0.050000
2060,3.720630,0.050000
2061,4.625726,0.050000
2062,3.422293,0.050000
2063,3.639528,0.050000
2064,4.632075,0.050000
2065,5.525835,0.050000
2066,2.830644,0.050000
2067,4.958138,0.050000
2068,1.743411,0.050000
2069,3.642690,0.050000
2070,4.815839,0.050000
2071,5.125425,0.050000
2072,1.372329,0.050000
2073,7.145339,0.050000
2074,7.142846,0.050000
2075,6.745978,0.050000
2076,7.261046,0.050000
2077,6.815521,0.050000
2078,5.306917,0.050000
2079,5.192057,0.050000
2080,8.438130,0.050000
2081,1.581022,0.050000
2082,3.511078,0.050000
2083,4.252890,0.050000
2084,3.273774,0.050000
2085,4.926376,0.050000
2086,3.849381,0.050000
2087,3.805856,0.050000
2088,3.075923,0.050000
2089,3.722592,0.050000
2090,5.664344,0.050000
2091,7.248076,0.050000
2092,7.351914,0.050000
2093,4.544698,0.050000
2094,8.319841,0.050000
2095,7.714571,0.050000
2096,7.124276,0.050000
2097,6.445550,0.050000
2098,11.133690,0.050000
2099,7.040151,0.050000
2100,11.257343,0.050000
2101,8.565565,0.050000
2102,7.594144,0.050000
2103,13.398219,0.050000
2104,7.756612,0.050000
2105,11.321691,0.050000
2106,4.644751,0.050000
2107,6.313830,0.050000
2108,7.553084,0.050000
2109,8.317689,0.050000
2110,7.024676,0.050000
2111,0.491379,0.050000
2112,2.158025,0.050000
2113,0.272876,0.050000
2114,1.228866,0.050000
2115,0.229272,0.050000
2116,1.509900,0.050000
2117,0.780448,0.050000
2118,-0.140178,0.050000
2119,0.233932,0.050000
2120,-0.122945,0.050000
2121,1.324309,0.050000
2122,2.152946,0.050000
2123,0.618361,0.050000
2124,0.562926,0.050000
2125,0.949384,0.050000
2126,0.836047,0.050000
2127,-0.619684,0.050000
2128,2.346295,0.050000
2129,0.711156,0.050000
2130,-0.007298,0.050000
2131,1.332647,0.050000
2132,0.621442,0.050000
2133,2.083023,0.050000
2134,0.595076,0.050000
2135,0.853133,0.050000
2136,1.237254,0.050000
2137,-0.054362,0.050000
2138,-0.669545,0.050000
2139,1.272712,0.050000
2140,2.906646,0.050000
2141,1.768378,0.050000
2142,1.981302,0.050000
2143,2.108051,0.050000
2144,0.962160,0.050000
2145,3.426567,0.050000
2146,2.915964,0.050000
2147,3.898559,0.050000
2148,1.147106,0.050000
2149,3.282946,0.050000
2150,4.653617,0.050000
2151,5.295861,0.050000
2152,1.736656,0.050000
2153,5.387864,0.050000
2154,4.892677,0.050000
2155,1.622152,0.050000
2156,3.216138,0.050000
2157,2.690850,0.050000
2158,1.892341,0.050000
2159,1.680137,0.050000
2160,3.810517,0.050000
2161,1.819540,0.050000
2162,7.700191,0.050000
2163,2.068613,0.050000
2164,2.891685,0.050000
2165,2.984131,0.050000
2166,5.174431,0.050000
2167,2.835667,0.050000
2168,4.765710,0.050000
2169,3.871928,0.050000
2170,2.995781,0.050000
2171,3.978877,0.050000
2172,4.085965,0.050000
2173,3.170806,0.050000
2174,7.337221,0.050000
2175,4.765169,0.050000
2176,13.301234,0.050000
2177,3.608255,0.050000
2178,12.268196,0.050000
2179,9.877914,0.050000
2180,10.637865,0.050000
2181,6.421494,0.050000
2182,5.812373,0.050000
2183,5.584993,0.050000
2184,8.995243,0.050000
2185,10.199597,0.050000
2186,8.021578,0.050000
2187,7.303721,0.050000
2188,9.977325,0.050000
2189,10.017811,0.050000
2190,8.832739,0.050000
2191,9.602898,0.050000
2192,13.338894,0.050000
2193,7.164159,0.050000
2194,10.299363,0.050000
2195,7.539104,0.050000
2196,11.145724,0.050000
2197,9.664578,0.050000
2198,8.638101,0.050000
2199,8.450572,0.050000
2200,4.816659,0.050000
2201,6.210360,0.050000
2202,5.753506,0.050000
2203,6.176258,0.050000
2204,3.933637,0.050000
2205,6.673710,0.050000
2206,1.695598,0.050000
2207,2.055202,0.050000
2208,5.885999,0.050000
2209,4.348038,0.050000
2210,4.851080,0.050000
2211,5.847692,0.050000
2212,15.522797,0.050000
2213,7.097072,0.050000
2214,9.031164,0.050000
2215,3.576417,0.050000
2216,7.252476,0.050000
2217,7.186652,0.050000
2218,6.420530,0.050000
2219,9.881307,0.050000
2220,6.676184,0.050000
2221,6.611234,0.050000
2222,6.198852,0.050000
2223,7.323877,0.050000
2224,10.069225,0.050000
2225,8.374139,0.050000
2226,5.916693,0.050000
2227,5.544811,0.050000
2228,7.415109,0.050000
2229,5.693564,0.050000
2230,6.724536,0.050000
2231,7.977347,0.050000
2232,8.116882,0.050000
2233,11.265564,0.050000
2234,5.919899,0.050000
2235,8.080774,0.050000
2236,9.776077,0.050000
2237,6.997546,0.050000
2238,16.453431,0.050000
2239,7.095434,0.050000
2240,5.933504,0.050000
2241,6.949133,0.050000
2242,4.811104,0.050000
2243,8.550701,0.050000
2244,6.426257,0.050000
2245,7.375759,0.050000
2246,4.654058,0.050000
2247,7.106288,0.050000
2248,13.557049,0.050000
2249,6.786047,0.050000
2250,4.014932,0.050000
2251,11.131127,0.050000
2252,11.483903,0.050000
2253,5.559619,0.050000
2254,13.892721,0.050000
2255,5.803039,0.050000
2256,8.345896,0.050000
2257,7.091190,0.050000
2258,3.952345,0.050000
2259,6.329598,0.050000
2260,8.722022,0.050000
2261,8.904223,0.050000
2262,13.912605,0.050000
2263,7.084474,0.050000
2264,12.007399,0.050000
2265,3.981479,0.050000
2266,9.078023,0.050000
2267,7.111875,0.050000
2268,9.466835,0.050000
2269,6.062871,0.050000
2270,6.130595,0.050000
2271,8.442039,0.050000
2272,10.762071,0.050000
2273,3.970623,0.050000
2274,8.831756,0.050000
2275,6.787589,0.050000
2276,9.021860,0.050000
2277,8.563558,0.050000
2278,8.361170,0.050000
2279,7.382692,0.050000
2280,8.259058,0.050000
2281,11.204288,0.050000
2282,8.829517,0.050000
2283,9.156141,0.050000
2284,6.700362,0.050000
2285,10.730665,0.050000
2286,12.406440,0.050000
2287,7.229722,0.050000
2288,9.811711,0.050000
2289,8.329436,0.050000
2290,7.751347,0.050000
2291,9.886945,0.050000
2292,7.514629,0.050000
2293,6.595191,0.050000
2294,12.048903,0.050000
2295,7.322837,0.050000
2296,8.358710,0.050000
2297,12.457606,0.050000
2298,6.545190,0.050000
2299,10.866239,0.050000
2300,5.446239,0.050000
2301,5.319214,0.050000
2302,10.743447,0.050000
2303,6.274789,0.050000
2304,7.407179,0.050000
2305,6.173869,0.050000
2306,10.498081,0.050000
2307,8.522701,0.050000
2308,5.568632,0.050000
2309,10.422196,0.050000
2310,7.159625,0.050000
2311,3.500345,0.050000
2312,13.394479,0.050000
2313,6.018660,0.050000
2314,10.847143,0.050000
2315,10.691828,0.050000
2316,5.897960,0.050000
2317,5.078196,0.050000
2318,12.257420,0.050000
2319,7.796711,0.050000
2320,8.882008,0.050000
2321,5.756900,0.050000
2322,8.302527,0.050000
2323,10.749784,0.050000
2324,7.041100,0.050000
2325,9.098818,0.050000
2326,21.853158,0.050000
2327,3.854277,0.050000
2328,10.196674,0.050000
2329,17.754628,0.050000
2330,14.680241,0.050000
2331,14.491391,0.050000
2332,10.041047,0.050000
2333,10.745284,0.050000
2334,9.695293,0.050000
2335,13.690204,0.050000
2336,19.725758,0.050000
2337,9.800999,0.050000
2338,18.584567,0.050000
2339,11.567761,0.050000
2340,11.713637,0.050000
2341,12.496699,0.050000
2342,12.239038,0.050000
2343,12.473430,0.050000
2344,15.069086,0.050000
2345,13.617987,0.050000
2346,10.360454,0.050000
2347,11.075081,0.050000
2348,8.243917,0.050000
2349,15.785456,0.050000
2350,13.624285,0.050000
2351,12.828894,0.050000
2352,11.039876,0.050000
2353,8.139170,0.050000
2354,13.881249,0.050000
2355,7.053268,0.050000
2356,6.982162,0.050000
2357,11.318369,0.050000
2358,13.867871,0.050000
2359,11.962157,0.050000
2360,8.180454,0.050000
2361,8.353047,0.050000
2362,8.069028,0.050000
2363,8.530292,0.050000
2364,10.140011,0.050000
2365,11.692746,0.050000
2366,13.302991,0.050000
2367,10.429514,0.050000
2368,9.273340,0.050000
2369,5.741390,0.050000
2370,10.574178,0.050000
2371,4.844627,0.050000
2372,6.184227,0.050000
2373,11.267486,0.050000
2374,12.493652,0.050000
2375,3.924385,0.050000
2376,12.460088,0.050000
2377,5.767832,0.050000
2378,12.994816,0.050000
2379,14.488378,0.050000
2380,21.853244,0.050000
2381,25.307528,0.050000
2382,13.085095,0.050000
2383,12.460371,0.050000
2384,11.934692,0.050000
2385,13.652122,0.050000
2386,8.666059,0.050000
2387,9.682314,0.050000
2388,15.139439,0.050000
2389,12.148295,0.050000
2390,10.954044,0.050000
2391,11.946397,0.050000
2392,12.015045,0.050000
2393,10.694238,0.050000
2394,10.209270,0.050000
2395,16.488306,0.050000
2396,10.563839,0.050000
2397,9.782633,0.050000
2398,17.454449,0.050000
2399,13.810076,0.050000
2400,14.262046,0.050000
2401,14.673112,0.050000
2402,22.361804,0.050000
2403,17.689698,0.050000
2404,17.490787,0.050000
2405,16.873750,0.050000
2406,12.325428,0.050000
2407,10.562004,0.050000
2408,13.361089,0.050000
2409,10.057063,0.050000
2410,7.260338,0.050000
2411,9.575131,0.050000
2412,9.542186,0.050000
2413,11.256722,0.050000
2414,10.952868,0.050000
2415,12.188226,0.050000
2416,6.872330,0.050000
2417,7.776900,0.050000
2418,10.748548,0.050000
2419,13.793604,0.050000
2420,13.040303,0.050000
2421,9.601130,0.050000
2422,13.841764,0.050000
2423,16.783678,0.050000
2424,15.411006,0.050000
2425,12.115478,0.050000
2426,8.978397,0.050000
2427,13.168194,0.050000
2428,10.087782,0.050000
2429,7.901944,0.050000
2430,10.837260,0.050000
2431,13.956140,0.050000
2432,5.312109,0.050000
2433,10.375938,0.050000
2434,14.268475,0.050000
2435,12.293390,0.050000
2436,13.210213,0.050000
2437,14.576026,0.050000
2438,14.019146,0.050000
2439,14.514854,0.050000
2440,13.333503,0.050000
2441,13.595798,0.050000
2442,11.512454,0.050000
2443,8.370741,0.050000
2444,14.826376,0.050000
2445,9.706048,0.050000
2446,14.958988,0.050000
2447,10.762316,0.050000
2448,11.954275,0.050000
2449,7.077256,0.050000
2450,11.208079,0.050000
2451,14.286043,0.050000
2452,12.258876,0.050000
2453,14.977021,0.050000
2454,16.046687,0.050000
2455,11.393168,0.050000
2456,13.401884,0.050000
2457,17.698949,0.050000
2458,13.868595,0.050000
2459,19.446536,0.050000
2460,8.490398,0.050000
2461,10.954625,0.050000
2462,15.276688,0.050000
2463,9.109830,0.050000
2464,11.404748,0.050000
2465,10.195578,0.050000
2466,7.315882,0.050000
2467,9.526134,0.050000
2468,13.445033,0.050000
2469,5.674116,0.050000
2470,12.211543,0.050000
2471,9.854966,0.050000
2472,13.823549,0.050000
2473,6.962677,0.050000
2474,13.127693,0.050000
2475,17.423982,0.050000
2476,6.955250,0.050000
2477,2.460562,0.050000
2478,18.487268,0.050000
2479,14.245353,0.050000
2480,15.629751,0.050000
2481,19.065844,0.050000
2482,19.107282,0.050000
2483,20.991002,0.050000
2484,18.671767,0.050000
2485,18.305262,0.050000
2486,15.660556,0.050000
2487,18.188372,0.050000
2488,15.975699,0.050000
2489,20.079494,0.050000
2490,17.130118,0.050000
2491,11.227977,0.050000
2492,17.113992,0.050000
2493,7.332805,0.050000
2494,11.232154,0.050000
2495,12.257056,0.050000
2496,17.071077,0.050000
2497,7.077043,0.050000
2498,15.004650,0.050000
2499,8.340256,0.050000
2500,8.668344,0.050000
2501,10.084555,0.050000
2502,14.393936,0.050000
2503,7.556720,0.050000
2504,7.159180,0.050000
2505,9.436131,0.050000
2506,13.077949,0.050000
2507,11.691196,0.050000
2508,12.576623,0.050000
2509,12.420018,0.050000
2510,10.070546,0.050000
2511,8.498776,0.050000
2512,10.120345,0.050000
2513,11.427691,0.050000
2514,11.965378,0.050000
2515,10.319864,0.050000
2516,12.548787,0.050000
2517,7.781752,0.050000
2518,13.542055,0.050000
2519,11.033473,0.050000
2520,6.204456,0.050000
2521,11.767937,0.050000
2522,4.439572,0.050000
2523,10.416442,0.050000
2524,11.882110,0.050000
2525,13.176569,0.050000
2526,12.327535,0.050000
2527,12.395599,0.050000
2528,8.522624,0.050000
2529,8.107396,0.050000
2530,16.453999,0.050000
2531,17.463006,0.050000
2532,19.770757,0.050000
2533,15.938868,0.050000
2534,16.879768,0.050000
2535,16.241237,0.050000
2536,20.968391,0.050000
2537,16.856069,0.050000
2538,8.339009,0.050000
2539,19.281299,0.050000
2540,16.416676,0.050000
2541,18.781843,0.050000
2542,16.164275,0.050000
2543,22.261771,0.050000
2544,16.811138,0.050000
2545,18.738524,0.050000
2546,16.665506,0.050000
2547,21.004632,0.050000
2548,19.406305,0.050000
2549,16.100670,0.050000
2550,10.598256,0.050000
2551,14.170578,0.050000
2552,19.453987,0.050000
2553,16.332718,0.050000
2554,17.656405,0.050000
2555,20.639647,0.050000
2556,16.356008,0.050000
2557,17.831550,0.050000
2558,20.394759,0.050000
2559,24.095880,0.050000
2560,9.387632,0.050000
2561,23.240014,0.050000
2562,17.354450,0.050000
2563,11.420470,0.050000
2564,18.278857,0.050000
2565,16.455364,0.050000
2566,13.773226,0.050000
2567,14.535549,0.050000
2568,18.198735,0.050000
2569,11.979339,0.050000
2570,13.288220,0.050000
2571,20.780808,0.050000
2572,13.704033,0.050000
2573,14.272365,0.050000
2574,13.940200,0.050000
2575,12.929694,0.050000
2576,10.715334,0.050000
2577,13.234221,0.050000
2578,10.781523,0.050000
2579,14.515575,0.050000
2580,13.509856,0.050000
2581,10.669976,0.050000
2582,13.540710,0.050000
2583,13.908268,0.050000
2584,24.875433,0.050000
2585,12.072642,0.050000
2586,13.953127,0.050000
2587,12.356146,0.050000
2588,9.351630,0.050000
2589,12.582992,0.050000
2590,19.960416,0.050000
2591,18.894504,0.050000
2592,9.572869,0.050000
2593,14.535023,0.050000
2594,20.190879,0.050000
2595,15.756017,0.050000
2596,13.423490,0.050000
2597,18.877392,0.050000
2598,21.735023,0.050000
2599,12.833978,0.050000
2600,18.785466,0.050000
2601,14.861817,0.050000
2602,10.272314,0.050000
2603,19.327211,0.050000
2604,22.008970,0.050000
2605,15.381469,0.050000
2606,16.703575,0.050000
2607,18.360808,0.050000
2608,16.166226,0.050000
2609,11.861113,0.050000
2610,12.809676,0.050000
2611,19.899173,0.050000
2612,15.165898,0.050000
2613,17.714339,0.050000
2614,14.899614,0.050000
2615,17.530894,0.050000
2616,18.026995,0.050000
2617,20.422245,0.050000
2618,19.214878,0.050000
2619,23.927067,0.050000
2620,16.716232,0.050000
2621,16.553161,0.050000
2622,21.545883,0.050000
2623,18.045955,0.050000
2624,14.806603,0.050000
2625,18.129153,0.050000
2626,24.373153,0.050000
2627,17.439446,0.050000
2628,17.065470,0.050000
2629,18.384175,0.050000
2630,19.374909,0.050000
2631,15.750041,0.050000
2632,15.240178,0.050000
2633,21.866113,0.050000
2634,12.784007,0.050000
2635,19.860127,0.050000
2636,12.042823,0.050000
2637,17.090668,0.050000
2638,17.293979,0.050000
2639,22.991774,0.050000
2640,11.917455,0.050000
2641,15.694598,0.050000
2642,23.832057,0.050000
2643,12.420264,0.050000
2644,19.397228,0.050000
2645,22.259883,0.050000
2646,21.423414,0.050000
2647,13.287522,0.050000
2648,10.490660,0.050000
2649,13.113515,0.050000
2650,13.753395,0.050000
2651,14.163264,0.050000
2652,22.643516,0.050000
2653,18.790012,0.050000
2654,16.678327,0.050000
2655,16.569132,0.050000
2656,13.434984,0.050000
2657,14.372825,0.050000
2658,14.994463,0.050000
2659,15.703417,0.050000
2660,15.489181,0.050000
2661,18.838867,0.050000
2662,24.693414,0.050000
2663,16.013212,0.050000
2664,22.515438,0.050000
2665,11.708304,0.050000
2666,23.373162,0.050000
2667,24.587613,0.050000
2668,26.555531,0.050000
2669,16.733192,0.050000
2670,25.451442,0.050000
2671,7.971601,0.050000
2672,11.165648,0.050000
2673,13.843256,0.050000
2674,24.186640,0.050000
2675,15.002992,0.050000
2676,18.032603,0.050000
2677,18.131261,0.050000
2678,18.267804,0.050000
2679,17.125243,0.050000
2680,13.129826,0.050000
2681,15.150134,0.050000
2682,14.760200,0.050000
2683,15.359024,0.050000
2684,13.952944,0.050000
2685,13.349713,0.050000
2686,14.025934,0.050000
2687,11.908629,0.050000
2688,14.467253,0.050000
2689,13.941425,0.050000
2690,13.533653,0.050000
2691,15.115343,0.050000
2692,11.340891,0.050000
2693,13.279757,0.050000
2694,13.283652,0.050000
2695,19.298449,0.050000
2696,22.184162,0.050000
2697,13.641299,0.050000
2698,14.595894,0.050000
2699,19.172252,0.050000
2700,23.875950,0.050000
2701,14.575872,0.050000
2702,16.738782,0.050000
2703,18.810801,0.050000
2704,14.065947,0.050000
2705,16.168439,0.050000
2706,19.411632,0.050000
2707,19.210837,0.050000
2708,13.634042,0.050000
2709,19.382116,0.050000
2710,24.954411,0.050000
2711,18.421325,0.050000
2712,17.911029,0.050000
2713,11.832980,0.050000
2714,19.435702,0.050000
2715,18.623827,0.050000
2716,20.210749,0.050000
2717,19.459650,0.050000
2718,24.665639,0.050000
2719,18.948284,0.050000
2720,22.020068,0.050000
2721,24.965779,0.050000
2722,19.780688,0.050000
2723,15.501094,0.050000
2724,22.183470,0.050000
2725,19.150885,0.050000
2726,21.268959,0.050000
2727,18.139982,0.050000
2728,22.675075,0.050000
2729,21.074530,0.050000
2730,15.851213,0.050000
2731,18.126805,0.050000
2732,24.920321,0.050000
2733,24.212599,0.050000
2734,16.815841,0.050000
2735,18.039386,0.050000
2736,20.518704,0.050000
2737,24.301284,0.050000
2738,19.272739,0.050000
2739,21.716411,0.050000
2740,25.391576,0.050000
2741,24.020422,0.050000
2742,15.724426,0.050000
2743,26.490580,0.050000
2744,21.620276,0.050000
2745,17.299615,0.050000
2746,20.752752,0.050000
2747,21.932518,0.050000
2748,21.959181,0.050000
2749,17.836794,0.050000
2750,23.531801,0.050000
2751,23.695854,0.050000
2752,15.462121,0.050000
2753,28.456288,0.050000
2754,15.245829,0.050000
2755,14.650545,0.050000
2756,24.939492,0.050000
2757,23.307240,0.050000
2758,21.568749,0.050000
2759,21.991269,0.050000
2760,19.750940,0.050000
2761,20.917220,0.050000
2762,23.408338,0.050000
2763,22.605377,0.050000
2764,13.353509,0.050000
2765,14.114668,0.050000
2766,19.715619,0.050000
2767,20.795599,0.050000
2768,19.287552,0.050000
2769,15.080578,0.050000
2770,20.802194,0.050000
2771,19.611593,0.050000
2772,22.230409,0.050000
2773,25.378214,0.050000
2774,21.037135,0.050000
2775,18.593515,0.050000
2776,20.040127,0.050000
2777,19.286575,0.050000
2778,28.053089,0.050000
2779,16.712568,0.050000
2780,17.981681,0.050000
2781,21.138732,0.050000
2782,16.662615,0.050000
2783,14.431917,0.050000
2784,18.821294,0.050000
2785,17.011294,0.050000
2786,23.344043,0.050000
2787,25.390882,0.050000
2788,23.715921,0.050000
2789,27.095519,0.050000
2790,16.080373,0.050000
2791,8.387930,0.050000
2792,17.603279,0.050000
2793,11.883078,0.050000
2794,18.169538,0.050000
2795,11.320733,0.050000
2796,14.751689,0.050000
2797,10.286851,0.050000
2798,9.061440,0.050000
2799,12.719517,0.050000
2800,13.341325,0.050000
2801,11.449814,0.050000
2802,7.118088,0.050000
2803,10.698015,0.050000
2804,16.652075,0.050000
2805,8.860201,0.050000
2806,10.635191,0.050000
2807,12.804462,0.050000
2808,8.257456,0.050000
2809,13.966911,0.050000
2810,7.247972,0.050000
2811,25.316453,0.050000
2812,12.301056,0.050000
2813,9.268464,0.050000
2814,15.008247,0.050000
2815,8.029009,0.050000
2816,8.128916,0.050000
2817,11.004833,0.050000
2818,5.466110,0.050000
2819,9.634815,0.050000
2820,4.728164,0.050000
2821,11.802360,0.050000
2822,6.822348,0.050000
2823,7.549593,0.050000
2824,11.196876,0.050000
2825,10.070663,0.050000
2826,6.627232,0.050000
2827,9.414907,0.050000
2828,5.720723,0.050000
2829,4.849679,0.050000
2830,6.483079,0.050000
2831,11.559518,0.050000
2832,5.731745,0.050000
2833,8.807516,0.050000
2834,8.187658,0.050000
2835,1.702117,0.050000
2836,16.257386,0.050000
2837,7.916634,0.050000
2838,9.660569,0.050000
2839,5.390196,0.050000
2840,9.895798,0.050000
2841,11.202704,0.050000
2842,11.301940,0.050000
2843,11.425541,0.050000
2844,11.460796,0.050000
2845,9.691363,0.050000
2846,11.192193,0.050000
2847,9.765350,0.050000
2848,8.271192,0.050000
2849,13.624331,0.050000
2850,14.513614,0.050000
2851,10.453656,0.050000
2852,14.472200,0.050000
2853,20.062957,0.050000
2854,11.563565,0.050000
2855,17.366802,0.050000
2856,13.984376,0.050000
2857,18.941350,0.050000
2858,11.861844,0.050000
2859,15.739331,0.050000
2860,13.699167,0.050000
2861,10.854116,0.050000
2862,13.122634,0.050000
2863,17.270064,0.050000
2864,20.106551,0.050000
2865,21.513494,0.050000
2866,21.233755,0.050000
2867,20.977508,0.050000
2868,22.750852,0.050000
2869,20.532679,0.050000
2870,26.023866,0.050000
2871,24.275529,0.050000
2872,21.141224,0.050000
2873,19.440516,0.050000
2874,22.738418,0.050000
2875,17.447181,0.050000
2876,27.205901,0.050000
2877,20.026819,0.050000
2878,21.200005,0.050000
2879,17.495202,0.050000
2880,26.972643,0.050000
2881,17.985903,0.050000
2882,17.940458,0.050000
2883,15.991947,0.050000
2884,25.847043,0.050000
2885,27.774038,0.050000
2886,26.026233,0.050000
2887,21.601129,0.050000
2888,21.240863,0.050000
2889,28.501114,0.050000
2890,23.925962,0.050000
2891,25.606665,0.050000
2892,24.677021,0.050000
2893,22.075307,0.050000
2894,20.602140,0.050000
2895,25.159943,0.050000
2896,27.266962,0.050000
2897,18.983397,0.050000
2898,21.440766,0.050000
2899,27.510072,0.050000
2900,18.107106,0.050000
2901,21.438474,0.050000
2902,23.333156,0.050000
2903,25.085188,0.050000
2904,15.294504,0.050000
2905,29.044797,0.050000
2906,24.369436,0.050000
2907,22.650199,0.050000
2908,23.827925,0.050000
2909,23.459832,0.050000
2910,23.210353,0.050000
2911,19.887518,0.050000
2912,26.137167,0.050000
2913,23.605809,0.050000
2914,23.887357,0.050000
2915,26.032530,0.050000
2916,23.894524,0.050000
2917,25.311898,0.050000
2918,17.597297,0.050000
2919,23.769039,0.050000
2920,27.189410,0.050000
2921,20.325402,0.050000
2922,17.035533,0.050000
2923,22.357906,0.050000
2924,24.106071,0.050000
2925,23.642154,0.050000
2926,11.726083,0.050000
2927,14.629186,0.050000
2928,12.132807,0.050000
2929,22.246976,0.050000
2930,11.798528,0.050000
2931,15.874651,0.050000
2932,13.720820,0.050000
2933,9.544821,0.050000
2934,10.999505,0.050000
2935,8.204479,0.050000
2936,12.812652,0.050000
2937,11.347912,0.050000
2938,11.233999,0.050000
2939,11.671289,0.050000
2940,9.842860,0.050000
2941,8.143191,0.050000
2942,12.632251,0.050000
2943,9.868755,0.050000
2944,7.695490,0.050000
2945,12.060972,0.050000
2946,13.927706,0.050000
2947,6.876218,0.050000
2948,6.564821,0.050000
2949,14.086023,0.050000
2950,18.431079,0.050000
2951,7.655127,0.050000
2952,18.467301,0.050000
2953,16.837116,0.050000
2954,18.186256,0.050000
2955,16.809400,0.050000
2956,19.019218,0.050000
2957,15.566139,0.050000
2958,19.180706,0.050000
2959,16.524827,0.050000
2960,13.663404,0.050000
2961,19.609328,0.050000
2962,17.112644,0.050000
2963,14.032767,0.050000
2964,21.617317,0.050000
2965,17.917599,0.050000
2966,13.918732,0.050000
2967,14.741327,0.050000
2968,20.953646,0.050000
2969,16.912175,0.050000
2970,18.102042,0.050000
2971,6.279093,0.050000
2972,16.681261,0.050000
2973,17.242608,0.050000
2974,7.618312,0.050000
2975,17.082114,0.050000
2976,15.669438,0.050000
2977,18.666694,0.050000
2978,19.733059,0.050000
2979,22.164813,0.050000
2980,17.881578,0.050000
2981,19.282324,0.050000
2982,18.190947,0.050000
2983,6.859392,0.050000
2984,20.833496,0.050000
2985,21.642912,0.050000
2986,12.379616,0.050000
2987,19.984875,0.050000
2988,19.685952,0.050000
2989,22.645327,0.050000
2990,21.358577,0.050000
2991,21.414961,0.050000
2992,20.484206,0.050000
2993,16.548167,0.050000
2994,19.721105,0.050000
2995,16.452429,0.050000
2996,17.627922,0.050000
2997,21.170280,0.050000
2998,23.012057,0.050000
2999,19.561170,0.050000
3000,14.414940,0.050000
3001,11.026725,0.050000
3002,10.347953,0.050000
3003,17.429456,0.050000
3004,12.924226,0.050000
3005,18.141332,0.050000
3006,10.855276,0.050000
3007,21.477491,0.050000
3008,17.170799,0.050000
3009,20.741050,0.050000
3010,12.580141,0.050000
3011,11.435461,0.050000
3012,17.344293,0.050000
3013,14.698219,0.050000
3014,21.999706,0.050000
3015,23.632660,0.050000
3016,2.997877,0.050000
3017,19.969764,0.050000
3018,12.836659,0.050000
3019,17.119436,0.050000
3020,19.995116,0.050000
3021,14.396887,0.050000
3022,15.611654,0.050000
3023,15.209969,0.050000
3024,15.682450,0.050000
3025,13.909101,0.050000
3026,21.178419,0.050000
3027,14.248986,0.050000
3028,17.421748,0.050000
3029,23.679527,0.050000
3030,14.837637,0.050000
3031,20.808468,0.050000
3032,12.672724,0.050000
3033,17.771619,0.050000
3034,14.914845,0.050000
3035,16.291999,0.050000
3036,13.231683,0.050000
3037,23.261053,0.050000
3038,18.156738,0.050000
3039,21.364826,0.050000
3040,14.658054,0.050000
3041,22.875673,0.050000
3042,14.589903,0.050000
3043,10.580936,0.050000
3044,14.762607,0.050000
3045,19.752955,0.050000
3046,22.062794,0.050000
3047,13.367832,0.050000
3048,20.814791,0.050000
3049,20.883086,0.050000
3050,25.098565,0.050000
3051,22.285522,0.050000
3052,19.912776,0.050000
3053,18.032601,0.050000
3054,15.977291,0.050000
3055,17.841579,0.050000
3056,16.678685,0.050000
3057,16.585340,0.050000
3058,15.507641,0.050000
3059,20.059596,0.050000
3060,16.962036,0.050000
3061,15.089550,0.050000
3062,23.695648,0.050000
3063,21.312123,0.050000
3064,17.908448,0.050000
3065,22.732498,0.050000
3066,18.727871,0.050000
3067,19.588447,0.050000
3068,25.165977,0.050000
3069,22.118304,0.050000
3070,23.586751,0.050000
3071,17.620179,0.050000
3072,24.890142,0.050000
3073,20.898535,0.050000
3074,22.117660,0.050000
3075,20.944240,0.050000
3076,23.472237,0.050000
3077,21.208648,0.050000
3078,15.073247,0.050000
3079,19.292309,0.050000
3080,21.747183,0.050000
3081,20.660210,0.050000
3082,21.046465,0.050000
3083,26.247285,0.050000
3084,15.452692,0.050000
3085,15.160190,0.050000
3086,22.407238,0.050000
3087,18.479413,0.050000
3088,21.783380,0.050000
3089,16.032119,0.050000
3090,12.899229,0.050000
3091,22.103543,0.050000
3092,20.408001,0.050000
3093,19.725266,0.050000
3094,22.723706,0.050000
3095,23.626644,0.050000
3096,12.491215,0.050000
3097,16.974746,0.050000
3098,20.043020,0.050000
3099,19.322977,0.050000
3100,7.339696,0.050000
3101,15.267864,0.050000
3102,15.485614,0.050000
3103,9.567175,0.050000
3104,17.368944,0.050000
3105,14.634144,0.050000
3106,16.041095,0.050000
3107,12.810238,0.050000
3108,14.828348,0.050000
3109,14.573323,0.050000
3110,13.243805,0.050000
3111,14.329820,0.050000
3112,23.436935,0.050000
3113,14.630289,0.050000
3114,12.264399,0.050000
3115,9.458937,0.050000
3116,14.180039,0.050000
3117,15.966922,0.050000
3118,14.528227,0.050000
3119,9.147081,0.050000
3120,13.930857,0.050000
3121,11.590881,0.050000
3122,8.499733,0.050000
3123,12.724002,0.050000
3124,10.746990,0.050000
3125,9.637251,0.050000
3126,13.250364,0.050000
3127,16.666716,0.050000
3128,11.507792,0.050000
3129,14.384214,0.050000
3130,11.012773,0.050000
3131,7.196703,0.050000
3132,10.785819,0.050000
3133,8.447922,0.050000
3134,13.205832,0.050000
3135,12.129671,0.050000
3136,16.919050,0.050000
3137,20.108550,0.050000
3138,17.525680,0.050000
3139,12.471904,0.050000
3140,11.513043,0.050000
3141,20.612818,0.050000
3142,16.147304,0.050000
3143,22.260944,0.050000
3144,24.146647,0.050000
3145,21.562172,0.050000
3146,23.676160,0.050000
3147,18.072879,0.050000
3148,18.375010,0.050000
3149,22.646679,0.050000
3150,30.494838,0.050000
3151,20.101433,0.050000
3152,23.294056,0.050000
3153,26.176528,0.050000
3154,18.109331,0.050000
3155,16.580610,0.050000
3156,22.812545,0.050000
3157,24.567023,0.050000
3158,20.075402,0.050000
3159,26.427007,0.050000
3160,22.812134,0.050000
3161,20.679602,0.050000
3162,20.912967,0.050000
3163,24.730109,0.050000
3164,21.757065,0.050000
3165,17.463358,0.050000
3166,18.940095,0.050000
3167,19.118513,0.050000
3168,24.881413,0.050000
3169,23.423985,0.050000
3170,15.616056,0.050000
3171,16.607435,0.050000
3172,20.824918,0.050000
3173,21.301645,0.050000
3174,27.111389,0.050000
3175,22.987857,0.050000
3176,16.868024,0.050000
3177,20.034293,0.050000
3178,19.581138,0.050000
3179,20.219095,0.050000
3180,25.682414,0.050000
3181,20.840107,0.050000
3182,19.978967,0.050000
3183,14.994719,0.050000
3184,19.134760,0.050000
3185,25.875377,0.050000
3186,17.003526,0.050000
3187,23.240095,0.050000
3188,21.818279,0.050000
3189,27.156811,0.050000
3190,27.985681,0.050000
3191,23.465619,0.050000
3192,24.372894,0.050000
3193,18.706559,0.050000
3194,16.868396,0.050000
3195,18.294334,0.050000
3196,21.694130,0.050000
3197,22.970787,0.050000
3198,26.419946,0.050000
3199,19.662112,0.050000
3200,25.440194,0.050000
3201,20.054466,0.050000
3202,23.542626,0.050000
3203,29.442707,0.050000
3204,18.993118,0.050000
3205,22.380285,0.050000
3206,15.504668,0.050000
3207,17.961681,0.050000
3208,28.349673,0.050000
3209,19.449044,0.050000
3210,21.665242,0.050000
3211,20.220081,0.050000
3212,18.202250,0.050000
3213,20.834937,0.050000
3214,24.976622,0.050000
3215,23.289958,0.050000
3216,23.096244,0.050000
3217,23.944744,0.050000
3218,18.946252,0.050000
3219,25.911848,0.050000
3220,21.459671,0.050000
3221,26.423007,0.050000
3222,27.612500,0.050000
3223,28.086123,0.050000
3224,21.088320,0.050000
3225,23.984394,0.050000
3226,23.974965,0.050000
3227,23.027216,0.050000
3228,29.011231,0.050000
3229,30.924548,0.050000
3230,22.058625,0.050000
3231,27.841097,0.050000
3232,27.089161,0.050000
3233,27.708372,0.050000
3234,21.523135,0.050000
3235,24.655823,0.050000
3236,24.580318,0.050000
3237,23.682729,0.050000
3238,24.060590,0.050000
3239,25.469565,0.050000
3240,28.457725,0.050000
3241,26.209356,0.050000
3242,29.388010,0.050000
3243,21.904094,0.050000
3244,25.653709,0.050000
3245,25.775121,0.050000
3246,23.195085,0.050000
3247,23.471619,0.050000
3248,25.538407,0.050000
3249,29.320246,0.050000
3250,30.296181,0.050000
3251,25.438679,0.050000
3252,24.326548,0.050000
3253,23.011885,0.050000
3254,27.965836,0.050000
3255,24.266240,0.050000
3256,21.696319,0.050000
3257,21.412025,0.050000
3258,27.901163,0.050000
3259,24.202364,0.050000
3260,31.223113,0.050000
3261,22.334257,0.050000
3262,29.157839,0.050000
3263,26.529377,0.050000
3264,27.107398,0.050000
3265,21.825862,0.050000
3266,26.514278,0.050000
3267,17.100699,0.050000
3268,20.077470,0.050000
3269,24.829203,0.050000
3270,22.515373,0.050000
3271,17.391654,0.050000
3272,24.132592,0.050000
3273,19.044093,0.050000
3274,21.581162,0.050000
3275,20.127691,0.050000
3276,20.351875,0.050000
3277,27.522190,0.050000
3278,19.154635,0.050000
3279,19.333576,0.050000
3280,17.051333,0.050000
3281,16.011695,0.050000
3282,17.016207,0.050000
3283,19.646422,0.050000
3284,23.707511,0.050000
3285,16.693913,0.050000
3286,22.993244,0.050000
3287,23.584339,0.050000
3288,21.948138,0.050000
3289,22.127067,0.050000
3290,26.091959,0.050000
3291,17.789787,0.050000
3292,23.457079,0.050000
3293,22.022137,0.050000
3294,16.211088,0.050000
3295,20.053184,0.050000
3296,25.405321,0.050000
3297,15.960651,0.050000
3298,20.181383,0.050000
3299,21.024709,0.050000
3300,25.941487,0.050000
3301,23.844865,0.050000
3302,24.695322,0.050000
3303,22.180968,0.050000
3304,18.101321,0.050000
3305,20.520431,0.050000
3306,17.648161,0.050000
3307,19.448764,0.050000
3308,19.437145,0.050000
3309,19.452491,0.050000
3310,15.387735,0.050000
3311,21.905434,0.050000
3312,15.122132,0.050000
3313,12.351138,0.050000
3314,16.691632,0.050000
3315,11.994955,0.050000
3316,14.447987,0.050000
3317,18.019914,0.050000
3318,20.152836,0.050000
3319,13.451001,0.050000
3320,15.390580,0.050000
3321,19.507582,0.050000
3322,16.475618,0.050000
3323,11.271792,0.050000
3324,12.458137,0.050000
3325,17.383254,0.050000
3326,16.980769,0.050000
3327,15.310931,0.050000
3328,16.997152,0.050000
3329,15.821450,0.050000
3330,15.975583,0.050000
3331,25.063335,0.050000
3332,15.472307,0.050000
3333,15.658814,0.050000
3334,18.862641,0.050000
3335,13.981134,0.050000
3336,15.420904,0.050000
3337,17.896352,0.050000
3338,15.614261,0.050000
3339,14.316483,0.050000
3340,16.364034,0.050000
3341,14.663726,0.050000
3342,15.876652,0.050000
3343,19.240811,0.050000
3344,15.552538,0.050000
3345,12.237606,0.050000
3346,17.128065,0.050000
3347,15.421841,0.050000
3348,16.758047,0.050000
3349,27.403957,0.050000
3350,16.615136,0.050000
3351,24.599886,0.050000
3352,24.791301,0.050000
3353,21.176199,0.050000
3354,23.891653,0.050000
3355,20.837247,0.050000
3356,20.866278,0.050000
3357,23.978462,0.050000
3358,20.182062,0.050000
3359,26.628753,0.050000
3360,21.156729,0.050000
3361,21.790735,0.050000
3362,22.737800,0.050000
3363,25.249069,0.050000
3364,24.240575,0.050000
3365,23.715881,0.050000
3366,26.911569,0.050000
3367,22.512407,0.050000
3368,15.302296,0.050000
3369,20.503222,0.050000
3370,21.818620,0.050000
3371,21.369233,0.050000
3372,24.576513,0.050000
3373,21.274916,0.050000
3374,21.252714,0.050000
3375,20.794474,0.050000
3376,20.136719,0.050000
3377,18.246321,0.050000
3378,21.971241,0.050000
3379,20.268653,0.050000
3380,19.826969,0.050000
3381,20.916313,0.050000
3382,26.126880,0.050000
3383,21.784405,0.050000
3384,22.165386,0.050000
3385,22.052192,0.050000
3386,21.749727,0.050000
3387,23.760725,0.050000
3388,22.324748,0.050000
3389,24.712856,0.050000
3390,24.403524,0.050000
3391,21.389848,0.050000
3392,20.512702,0.050000
3393,21.244344,0.050000
3394,22.507923,0.050000
3395,20.735425,0.050000
3396,22.484639,0.050000
3397,18.809607,0.050000
3398,24.549959,0.050000
3399,26.690494,0.050000
3400,20.555287,0.050000
3401,25.426758,0.050000
3402,23.654804,0.050000
3403,21.847954,0.050000
3404,27.389805,0.050000
3405,25.015279,0.050000
3406,21.635044,0.050000
3407,27.506369,0.050000
3408,21.376527,0.050000
3409,24.417830,0.050000
3410,23.654120,0.050000
3411,27.686138,0.050000
3412,21.771453,0.050000
3413,21.697107,0.050000
3414,23.619667,0.050000
3415,19.917882,0.050000
3416,20.954053,0.050000
3417,21.178516,0.050000
3418,19.970702,0.050000
3419,21.216078,0.050000
3420,20.041841,0.050000
3421,19.953671,0.050000
3422,22.234654,0.050000
3423,26.979281,0.050000
3424,19.415511,0.050000
3425,21.869568,0.050000
3426,24.450180,0.050000
3427,22.814801,0.050000
3428,24.753901,0.050000
3429,26.184056,0.050000
3430,21.428231,0.050000
3431,27.069631,0.050000
3432,26.897855,0.050000
3433,28.809775,0.050000
3434,26.387380,0.050000
3435,19.793239,0.050000
3436,22.821443,0.050000
3437,26.034905,0.050000
3438,26.153836,0.050000
3439,21.810954,0.050000
3440,22.272988,0.050000
3441,23.698722,0.050000
3442,20.305171,0.050000
3443,26.426031,0.050000
3444,28.217326,0.050000
3445,18.988241,0.050000
3446,17.745083,0.050000
3447,19.181359,0.050000
3448,22.764062,0.050000
3449,18.048179,0.050000
3450,27.195024,0.050000
3451,24.206588,0.050000
3452,23.587236,0.050000
3453,25.513697,0.050000
3454,25.192520,0.050000
3455,22.458047,0.050000
3456,21.490980,0.050000
3457,21.725438,0.050000
3458,23.335469,0.050000
3459,26.598784,0.050000
3460,19.640838,0.050000
3461,25.096536,0.050000
3462,27.032521,0.050000
3463,18.510962,0.050000
3464,23.859745,0.050000
3465,25.389058,0.050000
3466,23.819264,0.050000
3467,28.356124,0.050000
3468,23.118576,0.050000
3469,20.396075,0.050000
3470,21.686359,0.050000
3471,28.900534,0.050000
3472,25.117963,0.050000
3473,23.924451,0.050000
3474,22.678666,0.050000
3475,25.012466,0.050000
3476,21.775195,0.050000
3477,21.688644,0.050000
3478,26.493336,0.050000
3479,20.170403,0.050000
3480,28.105180,0.050000
3481,27.169190,0.050000
3482,21.640378,0.050000
3483,21.564098,0.050000
3484,19.752018,0.050000
3485,15.333200,0.050000
3486,14.789170,0.050000
3487,18.488710,0.050000
3488,16.033345,0.050000
3489,17.752360,0.050000
3490,19.462869,0.050000
3491,17.270586,0.050000
3492,19.932535,0.050000
3493,19.150160,0.050000
3494,20.990275,0.050000
3495,16.385635,0.050000
3496,24.043429,0.050000
3497,22.515959,0.050000
3498,21.019749,0.050000
3499,13.095717,0.050000
3500,18.880317,0.050000
3501,20.102019,0.050000
3502,21.380178,0.050000
3503,22.978860,0.050000
3504,17.676686,0.050000
3505,24.501874,0.050000
3506,25.161297,0.050000
3507,15.829993,0.050000
3508,13.779987,0.050000
3509,21.266106,0.050000
3510,19.394586,0.050000
3511,23.011172,0.050000
3512,23.366507,0.050000
3513,21.677262,0.050000
3514,19.100786,0.050000
3515,23.643936,0.050000
3516,12.290135,0.050000
3517,17.137309,0.050000
3518,17.999657,0.050000
3519,20.595012,0.050000
3520,21.811143,0.050000
3521,12.600624,0.050000
3522,14.963885,0.050000
3523,19.460823,0.050000
3524,28.572944,0.050000
3525,23.289692,0.050000
3526,26.390271,0.050000
3527,24.448717,0.050000
3528,24.732617,0.050000
3529,25.912013,0.050000
3530,30.907465,0.050000
3531,31.986703,0.050000
3532,23.019414,0.050000
3533,26.354090,0.050000
3534,25.474225,0.050000
3535,28.952248,0.050000
3536,33.977770,0.050000
3537,26.381716,0.050000
3538,24.302841,0.050000
3539,19.967562,0.050000
3540,19.576467,0.050000
3541,25.734903,0.050000
3542,20.792315,0.050000
3543,21.854799,0.050000
3544,20.913562,0.050000
3545,17.681166,0.050000
3546,16.845094,0.050000
3547,25.660964,0.050000
3548,27.653344,0.050000
3549,30.838345,0.050000
3550,27.325471,0.050000
3551,23.972546,0.050000
3552,23.757929,0.050000
3553,23.979334,0.050000
3554,22.555668,0.050000
3555,25.393159,0.050000
3556,32.146258,0.050000
3557,26.061108,0.050000
3558,23.655137,0.050000
3559,23.348501,0.050000
3560,25.809269,0.050000
3561,24.017876,0.050000
3562,24.174380,0.050000
3563,22.591234,0.050000
3564,21.331445,0.050000
3565,22.417069,0.050000
3566,21.053641,0.050000
3567,23.133471,0.050000
3568,21.905737,0.050000
3569,23.237589,0.050000
3570,20.336313,0.050000
3571,20.307835,0.050000
3572,22.085071,0.050000
3573,26.370862,0.050000
3574,19.822605,0.050000
3575,22.323319,0.050000
3576,26.271982,0.050000
3577,21.855311,0.050000
3578,28.991124,0.050000
3579,30.467022,0.050000
3580,25.075676,0.050000
3581,20.313048,0.050000
3582,22.955476,0.050000
3583,27.500351,0.050000
3584,21.276314,0.050000
3585,27.834629,0.050000
3586,21.397184,0.050000
3587,31.935045,0.050000
3588,26.342025,0.050000
3589,24.804523,0.050000
3590,25.167905,0.050000
3591,23.110327,0.050000
3592,25.111114,0.050000
3593,26.824167,0.050000
3594,23.635834,0.050000
3595,27.927931,0.050000
3596,25.952564,0.050000
3597,32.428193,0.050000
3598,26.024948,0.050000
3599,29.274648,0.050000
3600,18.661888,0.050000
3601,24.684252,0.050000
3602,21.376807,0.050000
3603,23.935665,0.050000
3604,27.657753,0.050000
3605,20.502841,0.050000
3606,21.101979,0.050000
3607,28.592032,0.050000
3608,26.210332,0.050000
3609,23.070208,0.050000
3610,25.094438,0.050000
3611,29.691445,0.050000
3612,25.054563,0.050000
3613,28.272680,0.050000
3614,23.868968,0.050000
3615,21.856358,0.050000
3616,26.406840,0.050000
3617,27.054910,0.050000
3618,26.829217,0.050000
3619,23.452573,0.050000
3620,23.992882,0.050000
3621,26.001916,0.050000
3622,25.402225,0.050000
3623,27.417665,0.050000
3624,28.184191,0.050000
3625,32.721596,0.050000
3626,27.068569,0.050000
3627,21.043380,0.050000
3628,27.236838,0.050000
3629,22.389155,0.050000
3630,20.185109,0.050000
3631,24.902817,0.050000
3632,27.957121,0.050000
3633,28.889463,0.050000
3634,26.702078,0.050000
3635,28.095892,0.050000
3636,25.163163,0.050000
3637,27.186472,0.050000
3638,24.070218,0.050000
3639,27.015518,0.050000
3640,20.047099,0.050000
3641,29.507204,0.050000
3642,28.125301,0.050000
3643,23.966581,0.050000
3644,26.920034,0.050000
3645,27.047461,0.050000
3646,29.588571,0.050000
3647,20.646261,0.050000
3648,23.749039,0.050000
3649,26.011387,0.050000
3650,31.285339,0.050000
3651,21.921269,0.050000
3652,21.494950,0.050000
3653,23.103849,0.050000
3654,21.590715,0.050000
3655,19.558908,0.050000
3656,17.805565,0.050000
3657,19.579484,0.050000
3658,20.042831,0.050000
3659,28.407650,0.050000
3660,25.397337,0.050000
3661,17.628416,0.050000
3662,14.198183,0.050000
3663,16.831964,0.050000
3664,18.488953,0.050000
3665,17.146015,0.050000
3666,16.544514,0.050000
3667,13.940116,0.050000
3668,18.161676,0.050000
3669,14.182567,0.050000
3670,19.354094,0.050000
3671,19.890631,0.050000
3672,15.896492,0.050000
3673,19.671643,0.050000
3674,18.164422,0.050000
3675,17.808708,0.050000
3676,14.137809,0.050000
3677,21.898788,0.050000
3678,18.237073,0.050000
3679,20.412041,0.050000
3680,21.725043,0.050000
3681,26.984451,0.050000
3682,28.186586,0.050000
3683,15.830700,0.050000
3684,19.009626,0.050000
3685,22.547635,0.050000
3686,21.156626,0.050000
3687,19.688454,0.050000
3688,23.066242,0.050000
3689,23.276708,0.050000
3690,20.446555,0.050000
3691,27.439029,0.050000
3692,19.974502,0.050000
3693,19.557496,0.050000
3694,19.082702,0.050000
3695,14.734104,0.050000
3696,16.034912,0.050000
3697,13.793797,0.050000
3698,18.060903,0.050000
3699,17.537640,0.050000
3700,19.006086,0.050000
3701,20.784979,0.050000
3702,18.100805,0.050000
3703,15.524951,0.050000
3704,17.620793,0.050000
3705,15.395875,0.050000
3706,16.681945,0.050000
3707,16.527218,0.050000
3708,16.062677,0.050000
3709,18.290809,0.050000
3710,16.043695,0.050000
3711,15.707939,0.050000
3712,21.233819,0.050000
3713,17.591493,0.050000
3714,19.801419,0.050000
3715,22.759880,0.050000
3716,25.260752,0.050000
3717,18.859829,0.050000
3718,21.984179,0.050000
3719,18.594317,0.050000
3720,12.745600,0.050000
3721,23.023650,0.050000
3722,27.824765,0.050000
3723,25.663641,0.050000
3724,17.501602,0.050000
3725,20.583856,0.050000
3726,27.804466,0.050000
3727,24.878624,0.050000
3728,24.180415,0.050000
3729,27.006587,0.050000
3730,29.125145,0.050000
3731,23.250299,0.050000
3732,29.377815,0.050000
3733,27.906897,0.050000
3734,22.765934,0.050000
3735,19.791751,0.050000
3736,23.369583,0.050000
3737,25.696816,0.050000
3738,18.173644,0.050000
3739,20.127007,0.050000
3740,20.192680,0.050000
3741,21.693419,0.050000
3742,27.974142,0.050000
3743,21.259025,0.050000
3744,26.180340,0.050000
3745,19.034235,0.050000
3746,21.890871,0.050000
3747,20.011987,0.050000
3748,26.111225,0.050000
3749,17.902198,0.050000
3750,17.360273,0.050000
3751,22.146909,0.050000
3752,24.192917,0.050000
3753,15.740354,0.050000
3754,23.951685,0.050000
3755,24.280003,0.050000
3756,21.764916,0.050000
3757,24.885666,0.050000
3758,25.852469,0.050000
3759,24.332973,0.050000
3760,21.664759,0.050000
3761,30.383849,0.050000
3762,21.722697,0.050000
3763,21.195728,0.050000
3764,21.127830,0.050000
3765,24.538000,0.050000
3766,24.576373,0.050000
3767,29.873005,0.050000
3768,23.372224,0.050000
3769,24.701876,0.050000
3770,25.814466,0.050000
3771,27.168753,0.050000
3772,22.561715,0.050000
3773,22.808237,0.050000
3774,20.188839,0.050000
3775,20.731410,0.050000
3776,20.886417,0.050000
3777,24.167874,0.050000
3778,29.126270,0.050000
3779,18.695215,0.050000
3780,26.628266,0.050000
3781,24.243200,0.050000
3782,27.034679,0.050000
3783,32.383971,0.050000
3784,27.461602,0.050000
3785,25.923190,0.050000
3786,28.977985,0.050000
3787,24.885365,0.050000
3788,28.970578,0.050000
3789,25.528472,0.050000
3790,26.074825,0.050000
3791,20.252247,0.050000
3792,22.897972,0.050000
3793,26.088418,0.050000
3794,27.332881,0.050000
3795,27.956422,0.050000
3796,29.021599,0.050000
3797,34.284905,0.050000
3798,22.635135,0.050000
3799,24.565680,0.050000
3800,26.256315,0.050000
3801,33.481265,0.050000
3802,28.627793,0.050000
3803,26.359274,0.050000
3804,24.959719,0.050000
3805,28.864498,0.050000
3806,29.825837,0.050000
3807,28.512843,0.050000
3808,25.804366,0.050000
3809,24.669749,0.050000
3810,27.795179,0.050000
3811,25.273424,0.050000
3812,26.977168,0.050000
3813,25.907182,0.050000
3814,27.764708,0.050000
3815,28.860690,0.050000
3816,30.052835,0.050000
3817,25.464527,0.050000
3818,24.785671,0.050000
3819,24.606096,0.050000
3820,32.919294,0.050000
3821,28.037820,0.050000
3822,24.494335,0.050000
3823,27.876266,0.050000
3824,27.062352,0.050000
3825,27.404834,0.050000
3826,20.423437,0.050000
3827,24.369488,0.050000
3828,23.432702,0.050000
3829,25.251637,0.050000
3830,32.343210,0.050000
3831,26.622300,0.050000
3832,23.722919,0.050000
3833,19.198934,0.050000
3834,26.631771,0.050000
3835,24.532321,0.050000
3836,23.872981,0.050000
3837,23.190282,0.050000
3838,26.586117,0.050000
3839,22.630918,0.050000
3840,26.053925,0.050000
3841,24.121099,0.050000
3842,26.054261,0.050000
3843,28.672470,0.050000
3844,25.148450,0.050000
3845,30.786548,0.050000
3846,27.719609,0.050000
3847,22.691457,0.050000
3848,25.028503,0.050000
3849,27.955415,0.050000
3850,25.454952,0.050000
3851,28.763130,0.050000
3852,26.059535,0.050000
3853,29.619696,0.050000
3854,27.562450,0.050000
3855,23.061315,0.050000
3856,23.219709,0.050000
3857,25.297789,0.050000
3858,23.447847,0.050000
3859,25.462809,0.050000
3860,31.647268,0.050000
3861,26.341937,0.050000
3862,29.603243,0.050000
3863,25.866698,0.050000
3864,25.325677,0.050000
3865,26.776753,0.050000
3866,27.265263,0.050000
3867,26.465887,0.050000
3868,27.015681,0.050000
3869,22.521234,0.050000
3870,27.433144,0.050000
3871,25.070254,0.050000
3872,27.826832,0.050000
3873,25.763337,0.050000
3874,24.945125,0.050000
3875,23.001802,0.050000
3876,21.157363,0.050000
3877,25.950794,0.050000
3878,24.321123,0.050000
3879,18.993414,0.050000
3880,23.592893,0.050000
3881,22.503681,0.050000
3882,21.678634,0.050000
3883,23.570167,0.050000
3884,23.241567,0.050000
3885,18.208207,0.050000
3886,23.359293,0.050000
3887,23.153375,0.050000
3888,20.695883,0.050000
3889,22.803004,0.050000
3890,25.149789,0.050000
3891,18.248818,0.050000
3892,20.432299,0.050000
3893,21.401266,0.050000
3894,18.847825,0.050000
3895,24.085665,0.050000
3896,20.874880,0.050000
3897,28.355081,0.050000
3898,18.031374,0.050000
3899,24.340101,0.050000
3900,25.441163,0.050000
3901,20.276928,0.050000
3902,23.120764,0.050000
3903,26.723922,0.050000
3904,21.479682,0.050000
3905,19.710923,0.050000
3906,18.233745,0.050000
3907,19.760685,0.050000
3908,19.171602,0.050000
3909,24.029941,0.050000
3910,24.394394,0.050000
3911,18.401030,0.050000
3912,14.216449,0.050000
3913,14.542670,0.050000
3914,12.698658,0.050000
3915,9.535720,0.050000
3916,9.247959,0.050000
3917,9.770172,0.050000
3918,16.476300,0.050000
3919,11.332339,0.050000
3920,13.964738,0.050000
3921,18.878811,0.050000
3922,23.245344,0.050000
3923,21.914260,0.050000
3924,26.546460,0.050000
3925,23.991675,0.050000
3926,18.511291,0.050000
3927,20.389157,0.050000
3928,26.147882,0.050000
3929,15.632432,0.050000
3930,12.137538,0.050000
3931,10.040986,0.050000
3932,11.931524,0.050000
3933,7.506618,0.050000
3934,7.782462,0.050000
3935,9.442304,0.050000
3936,9.735463,0.050000
3937,11.748010,0.050000
3938,10.721105,0.050000
3939,11.312223,0.050000
3940,8.803666,0.050000
3941,10.622459,0.050000
3942,10.953909,0.050000
3943,8.098183,0.050000
3944,5.994337,0.050000
3945,12.278826,0.050000
3946,11.199849,0.050000
3947,8.917282,0.050000
3948,12.976832,0.050000
3949,10.035298,0.050000
3950,8.310156,0.050000
3951,9.598940,0.050000
3952,11.146797,0.050000
3953,14.849088,0.050000
3954,13.111684,0.050000
3955,11.343472,0.050000
3956,12.846361,0.050000
3957,10.530613,0.050000
3958,10.694362,0.050000
3959,10.370810,0.050000
3960,14.264671,0.050000
3961,12.324122,0.050000
3962,11.914704,0.050000
3963,12.090202,0.050000
3964,7.999736,0.050000
3965,11.778888,0.050000
3966,12.307366,0.050000
3967,9.658387,0.050000
3968,11.274778,0.050000
3969,8.172836,0.050000
3970,13.538318,0.050000
3971,7.259735,0.050000
3972,13.921459,0.050000
3973,13.250106,0.050000
3974,24.755466,0.050000
3975,23.742065,0.050000
3976,21.668770,0.050000
3977,20.498053,0.050000
3978,19.130099,0.050000
3979,20.659340,0.050000
3980,26.842700,0.050000
3981,20.544919,0.050000
3982,21.015698,0.050000
3983,24.295007,0.050000
3984,19.217094,0.050000
3985,24.357402,0.050000
3986,23.958598,0.050000
3987,24.004810,0.050000
3988,17.520406,0.050000
3989,18.746603,0.050000
3990,21.064387,0.050000
3991,17.445302,0.050000
3992,25.047248,0.050000
3993,24.043177,0.050000
3994,21.123074,0.050000
3995,21.873330,0.050000
3996,24.042094,0.050000
3997,24.794360,0.050000
3998,21.002528,0.050000
3999,25.748418,0.050000
4000,22.199594,0.050000
4001,18.493714,0.050000
4002,20.116755,0.050000
4003,27.102974,0.050000
4004,23.557900,0.050000
4005,18.453560,0.050000
4006,28.998358,0.050000
4007,27.343859,0.050000
4008,20.588531,0.050000
4009,22.864807,0.050000
4010,23.820674,0.050000
4011,24.604548,0.050000
4012,23.970224,0.050000
4013,26.210969,0.050000
4014,21.692534,0.050000
4015,30.002287,0.050000
4016,26.694005,0.050000
4017,24.502273,0.050000
4018,28.713755,0.050000
4019,26.235491,0.050000
4020,28.168532,0.050000
4021,30.871273,0.050000
4022,19.458528,0.050000
4023,26.855840,0.050000
4024,28.325192,0.050000
4025,33.739798,0.050000
4026,31.184976,0.050000
4027,24.384549,0.050000
4028,22.020606,0.050000
4029,23.450943,0.050000
4030,26.123428,0.050000
4031,24.373027,0.050000
4032,22.127758,0.050000
4033,25.147102,0.050000
4034,20.854256,0.050000
4035,27.844023,0.050000
4036,27.376100,0.050000
4037,25.395639,0.050000
4038,27.053246,0.050000
4039,23.400746,0.050000
4040,26.026306,0.050000
4041,24.019644,0.050000
4042,26.734336,0.050000
4043,28.450962,0.050000
4044,28.072145,0.050000
4045,26.436668,0.050000
4046,30.765111,0.050000
4047,29.155568,0.050000
4048,24.081443,0.050000
4049,26.565367,0.050000
4050,24.268362,0.050000
4051,28.238774,0.050000
4052,27.199504,0.050000
4053,27.501241,0.050000
4054,26.126091,0.050000
4055,24.485735,0.050000
4056,32.160503,0.050000
4057,28.596226,0.050000
4058,24.679831,0.050000
4059,33.565199,0.050000
4060,25.974978,0.050000
4061,28.924722,0.050000
4062,26.493750,0.050000
4063,26.344853,0.050000
4064,29.279468,0.050000
4065,24.520568,0.050000
4066,22.896632,0.050000
4067,23.407080,0.050000
4068,24.684331,0.050000
4069,25.083458,0.050000
4070,30.603951,0.050000
4071,32.114290,0.050000
4072,26.646739,0.050000
4073,21.423590,0.050000
4074,25.350638,0.050000
4075,24.367789,0.050000
4076,23.897278,0.050000
4077,26.780666,0.050000
4078,28.244461,0.050000
4079,25.835505,0.050000
4080,25.973839,0.050000
4081,34.900147,0.050000
4082,30.705771,0.050000
4083,29.513008,0.050000
4084,27.574556,0.050000
4085,23.271357,0.050000
4086,31.184284,0.050000
4087,27.770861,0.050000
4088,28.098634,0.050000
4089,22.167874,0.050000
4090,26.605922,0.050000
4091,29.792615,0.050000
4092,24.752989,0.050000
4093,28.563929,0.050000
4094,24.704329,0.050000
4095,25.432019,0.050000
4096,23.087982,0.050000
4097,27.857279,0.050000
4098,35.138697,0.050000
4099,23.738656,0.050000
4100,25.219582,0.050000
4101,24.785100,0.050000
4102,27.714238,0.050000
4103,30.017357,0.050000
4104,26.910913,0.050000
4105,27.271963,0.050000
4106,30.280068,0.050000
4107,22.431963,0.050000
4108,31.283365,0.050000
4109,32.662540,0.050000
4110,31.852172,0.050000
4111,22.417879,0.050000
4112,24.027301,0.050000
4113,31.555250,0.050000
4114,29.311647,0.050000
4115,28.740326,0.050000
4116,24.757189,0.050000
4117,25.718166,0.050000
4118,27.125907,0.050000
4119,20.150277,0.050000
4120,26.335042,0.050000
4121,20.648570,0.050000
4122,22.144351,0.050000
4123,25.689944,0.050000
4124,26.591188,0.050000
4125,27.457500,0.050000
4126,31.870175,0.050000
4127,29.213951,0.050000
4128,24.425973,0.050000
4129,26.320405,0.050000
4130,28.889257,0.050000
4131,21.986790,0.050000
4132,35.802415,0.050000
4133,23.449323,0.050000
4134,28.146947,0.050000
4135,22.537048,0.050000
4136,25.405588,0.050000
4137,31.507484,0.050000
4138,30.922011,0.050000
4139,24.570535,0.050000
4140,28.758731,0.050000
4141,24.725334,0.050000
4142,26.857731,0.050000
4143,25.934588,0.050000
4144,29.474403,0.050000
4145,32.922452,0.050000
4146,30.241654,0.050000
4147,32.168757,0.050000
4148,26.767399,0.050000
4149,28.513563,0.050000
4150,24.544567,0.050000
4151,30.166895,0.050000
4152,29.735592,0.050000
4153,23.482453,0.050000
4154,30.406544,0.050000
4155,26.385900,0.050000
4156,23.833642,0.050000
4157,26.001356,0.050000
4158,27.563895,0.050000
4159,27.405885,0.050000
4160,30.694364,0.050000
4161,28.432742,0.050000
4162,24.420134,0.050000
4163,27.327893,0.050000
4164,26.408814,0.050000
4165,31.944073,0.050000
4166,23.904674,0.050000
4167,29.915760,0.050000
4168,32.232500,0.050000
4169,27.064481,0.050000
4170,28.695718,0.050000
4171,26.404036,0.050000
4172,29.203292,0.050000
4173,25.998702,0.050000
4174,25.302497,0.050000
4175,31.637182,0.050000
4176,26.014086,0.050000
4177,24.094283,0.050000
4178,33.893576,0.050000
4179,28.389774,0.050000
4180,23.505014,0.050000
4181,31.922090,0.050000
4182,23.080621,0.050000
4183,26.612359,0.050000
4184,24.223648,0.050000
4185,21.134265,0.050000
4186,26.671379,0.050000
4187,24.128779,0.050000
4188,22.696621,0.050000
4189,24.475781,0.050000
4190,24.438489,0.050000
4191,27.821059,0.050000
4192,23.940317,0.050000
4193,20.860056,0.050000
4194,20.603181,0.050000
4195,20.054579,0.050000
4196,23.360342,0.050000
4197,22.425908,0.050000
4198,24.134519,0.050000
4199,23.032271,0.050000
4200,25.880952,0.050000
4201,24.480253,0.050000
4202,22.522503,0.050000
4203,26.078939,0.050000
4204,26.024594,0.050000
4205,28.138824,0.050000
4206,27.188102,0.050000
4207,24.384970,0.050000
4208,18.723366,0.050000
4209,22.611189,0.050000
4210,22.934806,0.050000
4211,20.188126,0.050000
4212,22.953289,0.050000
4213,24.099179,0.050000
4214,22.029388,0.050000
4215,23.093840,0.050000
4216,25.180232,0.050000
4217,26.519578,0.050000
4218,18.272473,0.050000
4219,29.354814,0.050000
4220,23.405311,0.050000
4221,26.059761,0.050000
4222,27.969890,0.050000
4223,31.182213,0.050000
4224,24.397271,0.050000
4225,23.197618,0.050000
4226,23.906627,0.050000
4227,24.825879,0.050000
4228,27.809140,0.050000
4229,27.676644,0.050000
4230,23.797812,0.050000
4231,26.072034,0.050000
4232,24.300129,0.050000
4233,27.537227,0.050000
4234,27.160132,0.050000
4235,27.034799,0.050000
4236,28.702002,0.050000
4237,26.209356,0.050000
4238,24.957487,0.050000
4239,26.836055,0.050000
4240,27.766919,0.050000
4241,24.910268,0.050000
4242,30.362106,0.050000
4243,30.935666,0.050000
4244,26.805998,0.050000
4245,32.922028,0.050000
4246,25.121697,0.050000
4247,27.098381,0.050000
4248,25.988940,0.050000
4249,21.556982,0.050000
4250,22.790456,0.050000
4251,25.487077,0.050000
4252,30.110674,0.050000
4253,27.747771,0.050000
4254,27.004880,0.050000
4255,23.032076,0.050000
4256,23.566249,0.050000
4257,24.970578,0.050000
4258,27.558812,0.050000
4259,24.435771,0.050000
4260,26.865025,0.050000
4261,27.009921,0.050000
4262,24.671326,0.050000
4263,27.262108,0.050000
4264,24.852840,0.050000
4265,23.900948,0.050000
4266,26.801434,0.050000
4267,25.105427,0.050000
4268,25.822056,0.050000
4269,31.279625,0.050000
4270,19.858091,0.050000
4271,28.672157,0.050000
4272,22.947574,0.050000
4273,27.690083,0.050000
4274,23.511576,0.050000
4275,15.185645,0.050000
4276,22.395236,0.050000
4277,23.880358,0.050000
4278,28.414135,0.050000
4279,29.159440,0.050000
4280,26.346768,0.050000
4281,17.684231,0.050000
4282,21.547803,0.050000
4283,27.160147,0.050000
4284,29.685738,0.050000
4285,26.032051,0.050000
4286,29.283835,0.050000
4287,26.197240,0.050000
4288,24.557291,0.050000
4289,25.551130,0.050000
4290,27.827430,0.050000
4291,21.745921,0.050000
4292,25.007186,0.050000
4293,26.551501,0.050000
4294,24.438621,0.050000
4295,25.243543,0.050000
4296,16.989746,0.050000
4297,23.930928,0.050000
4298,21.448170,0.050000
4299,22.896554,0.050000
4300,23.725889,0.050000
4301,23.285481,0.050000
4302,24.007046,0.050000
4303,27.771540,0.050000
4304,25.551956,0.050000
4305,23.378570,0.050000
4306,23.832830,0.050000
4307,27.644205,0.050000
4308,23.540359,0.050000
4309,26.120680,0.050000
4310,24.931494,0.050000
4311,24.463700,0.050000
4312,23.897791,0.050000
4313,24.820101,0.050000
4314,27.219627,0.050000
4315,19.600156,0.050000
4316,25.337768,0.050000
4317,19.981466,0.050000
4318,25.813435,0.050000
4319,22.596813,0.050000
4320,22.781300,0.050000
4321,25.180673,0.050000
4322,21.912310,0.050000
4323,24.847399,0.050000
4324,24.748620,0.050000
4325,20.668218,0.050000
4326,21.652304,0.050000
4327,26.431491,0.050000
4328,28.062814,0.050000
4329,24.037883,0.050000
4330,23.512109,0.050000
4331,22.343184,0.050000
4332,28.163202,0.050000
4333,23.507652,0.050000
4334,24.358117,0.050000
4335,23.853772,0.050000
4336,24.653292,0.050000
4337,24.687413,0.050000
4338,23.241475,0.050000
4339,13.237942,0.050000
4340,21.665161,0.050000
4341,24.097954,0.050000
4342,19.223953,0.050000
4343,22.011181,0.050000
4344,20.898939,0.050000
4345,21.757918,0.050000
4346,21.997649,0.050000
4347,19.996356,0.050000
4348,21.753633,0.050000
4349,21.815333,0.050000
4350,22.998339,0.050000
4351,21.861222,0.050000
4352,26.290286,0.050000
4353,24.736982,0.050000
4354,21.575574,0.050000
4355,21.699433,0.050000
4356,20.451605,0.050000
4357,24.173302,0.050000
4358,20.965788,0.050000
4359,22.480199,0.050000
4360,24.258285,0.050000
4361,23.173869,0.050000
4362,21.887739,0.050000
4363,23.298060,0.050000
4364,24.095424,0.050000
4365,19.739513,0.050000
4366,25.586284,0.050000
4367,24.224221,0.050000
4368,21.834434,0.050000
4369,23.727089,0.050000
4370,21.994298,0.050000
4371,26.912774,0.050000
4372,21.356911,0.050000
4373,21.368655,0.050000
4374,18.220190,0.050000
4375,26.060336,0.050000
4376,18.203796,0.050000
4377,21.364277,0.050000
4378,13.643698,0.050000
4379,21.712592,0.050000
4380,16.057469,0.050000
4381,18.281588,0.050000
4382,26.748280,0.050000
4383,27.158604,0.050000
4384,17.418534,0.050000
4385,20.238758,0.050000
4386,27.150683,0.050000
4387,24.421844,0.050000
4388,24.627101,0.050000
4389,24.976830,0.050000
4390,25.110877,0.050000
4391,22.641189,0.050000
4392,23.379991,0.050000
4393,22.195414,0.050000
4394,20.777945,0.050000
4395,26.084099,0.050000
4396,24.195104,0.050000
4397,27.340841,0.050000
4398,20.861938,0.050000
4399,27.519759,0.050000
4400,26.521853,0.050000
4401,21.486886,0.050000
4402,21.934837,0.050000
4403,26.664094,0.050000
4404,23.694124,0.050000
4405,22.752799,0.050000
4406,27.368455,0.050000
4407,19.630683,0.050000
4408,17.902736,0.050000
4409,21.736803,0.050000
4410,22.894792,0.050000
4411,24.133551,0.050000
4412,22.248062,0.050000
4413,27.791473,0.050000
4414,21.086506,0.050000
4415,23.636197,0.050000
4416,22.785691,0.050000
4417,26.623304,0.050000
4418,21.814297,0.050000
4419,26.625471,0.050000
4420,24.840929,0.050000
4421,25.641592,0.050000
4422,24.163970,0.050000
4423,23.736268,0.050000
4424,20.559978,0.050000
4425,23.456937,0.050000
4426,21.424259,0.050000
4427,22.068424,0.050000
4428,23.812987,0.050000
4429,28.818923,0.050000
4430,18.630949,0.050000
4431,24.501548,0.050000
4432,28.829337,0.050000
4433,25.833135,0.050000
4434,26.292323,0.050000
4435,29.326940,0.050000
4436,22.439065,0.050000
4437,23.957566,0.050000
4438,27.276772,0.050000
4439,28.252278,0.050000
4440,24.635592,0.050000
4441,25.986452,0.050000
4442,26.015655,0.050000
4443,30.343985,0.050000
4444,25.969100,0.050000
4445,30.845869,0.050000
4446,28.940767,0.050000
4447,27.053465,0.050000
4448,24.736905,0.050000
4449,23.518658,0.050000
4450,24.406481,0.050000
4451,26.790120,0.050000
4452,33.215547,0.050000
4453,30.926338,0.050000
4454,25.822681,0.050000
4455,28.881982,0.050000
4456,18.692538,0.050000
4457,25.631170,0.050000
4458,25.752379,0.050000
4459,29.963591,0.050000
4460,23.817078,0.050000
4461,29.634067,0.050000
4462,30.675327,0.050000
4463,27.502521,0.050000
4464,24.911713,0.050000
4465,28.954326,0.050000
4466,29.549550,0.050000
4467,21.359835,0.050000
4468,21.422345,0.050000
4469,29.644484,0.050000
4470,26.435627,0.050000
4471,26.482808,0.050000
4472,30.485297,0.050000
4473,25.375086,0.050000
4474,30.086282,0.050000
4475,29.144044,0.050000
4476,26.412994,0.050000
4477,29.941103,0.050000
4478,24.214357,0.050000
4479,25.025453,0.050000
4480,24.939598,0.050000
4481,33.308201,0.050000
4482,19.763171,0.050000
4483,27.477479,0.050000
4484,29.162245,0.050000
4485,33.616320,0.050000
4486,30.896661,0.050000
4487,31.403086,0.050000
4488,27.848085,0.050000
4489,26.897008,0.050000
4490,25.574561,0.050000
4491,28.076670,0.050000
4492,26.094058,0.050000
4493,32.088928,0.050000
4494,28.449663,0.050000
4495,24.051856,0.050000
4496,22.610622,0.050000
4497,28.369242,0.050000
4498,26.869409,0.050000
4499,26.453121,0.050000
4500,23.251860,0.050000
4501,28.937192,0.050000
4502,28.462294,0.050000
4503,30.242624,0.050000
4504,25.930290,0.050000
4505,20.984465,0.050000
4506,21.238680,0.050000
4507,26.429185,0.050000
4508,26.895517,0.050000
4509,25.549477,0.050000
4510,26.180514,0.050000
4511,27.879544,0.050000
4512,25.588086,0.050000
4513,24.956635,0.050000
4514,28.164842,0.050000
4515,31.918300,0.050000
4516,28.666201,0.050000
4517,23.913180,0.050000
4518,24.340221,0.050000
4519,26.448616,0.050000
4520,27.347649,0.050000
4521,25.962724,0.050000
4522,19.143896,0.050000
4523,25.149457,0.050000
4524,26.099437,0.050000
4525,25.962791,0.050000
4526,27.726168,0.050000
4527,25.708868,0.050000
4528,23.138927,0.050000
4529,31.402679,0.050000
4530,26.820234,0.050000
4531,24.348984,0.050000
4532,21.667902,0.050000
4533,27.985595,0.050000
4534,26.520517,0.050000
4535,23.921606,0.050000
4536,23.581465,0.050000
4537,28.761034,0.050000
4538,29.310510,0.050000
4539,27.893856,0.050000
4540,23.172558,0.050000
4541,19.469510,0.050000
4542,21.316292,0.050000
4543,16.460241,0.050000
4544,21.572902,0.050000
4545,20.496747,0.050000
4546,19.947465,0.050000
4547,20.386353,0.050000
4548,24.841889,0.050000
4549,25.181345,0.050000
4550,24.125288,0.050000
4551,22.089090,0.050000
4552,22.380890,0.050000
4553,27.259272,0.050000
4554,19.359393,0.050000
4555,21.934728,0.050000
4556,22.982674,0.050000
4557,24.394051,0.050000
4558,21.586744,0.050000
4559,21.758259,0.050000
4560,19.629377,0.050000
4561,22.181928,0.050000
4562,22.376808,0.050000
4563,27.602155,0.050000
4564,22.218283,0.050000
4565,24.907019,0.050000
4566,21.679448,0.050000
4567,21.937883,0.050000
4568,23.901087,0.050000
4569,22.919702,0.050000
4570,27.242587,0.050000
4571,23.402232,0.050000
4572,27.242654,0.050000
4573,24.428098,0.050000
4574,26.659877,0.050000
4575,28.197170,0.050000
4576,26.509631,0.050000
4577,26.820566,0.050000
4578,25.847721,0.050000
4579,23.832069,0.050000
4580,21.734810,0.050000
4581,23.968847,0.050000
4582,24.559445,0.050000
4583,25.459853,0.050000
4584,24.027621,0.050000
4585,27.438346,0.050000
4586,24.726849,0.050000
4587,28.518227,0.050000
4588,23.871673,0.050000
4589,26.445772,0.050000
4590,26.030403,0.050000
4591,19.172993,0.050000
4592,26.605476,0.050000
4593,23.668005,0.050000
4594,25.499419,0.050000
4595,25.832879,0.050000
4596,22.568323,0.050000
4597,23.878372,0.050000
4598,29.130858,0.050000
4599,21.545081,0.050000
4600,19.941463,0.050000
4601,20.017879,0.050000
4602,22.425927,0.050000
4603,22.116124,0.050000
4604,23.309446,0.050000
4605,23.825655,0.050000
4606,29.472842,0.050000
4607,30.240113,0.050000
4608,31.021302,0.050000
4609,29.794400,0.050000
4610,29.036198,0.050000
4611,25.355324,0.050000
4612,27.574392,0.050000
4613,27.973019,0.050000
4614,28.042893,0.050000
4615,31.706741,0.050000
4616,22.636815,0.050000
4617,29.033357,0.050000
4618,25.166197,0.050000
4619,27.159921,0.050000
4620,24.806734,0.050000
4621,28.868619,0.050000
4622,25.061131,0.050000
4623,26.324900,0.050000
4624,26.646903,0.050000
4625,20.788053,0.050000
4626,31.098415,0.050000
4627,24.800657,0.050000
4628,29.132388,0.050000
4629,29.139970,0.050000
4630,29.864714,0.050000
4631,27.998660,0.050000
4632,30.591441,0.050000
4633,29.925571,0.050000
4634,27.280066,0.050000
4635,31.159155,0.050000
4636,29.741476,0.050000
4637,29.558049,0.050000
4638,27.126704,0.050000
4639,25.950220,0.050000
4640,22.765055,0.050000
4641,22.045645,0.050000
4642,25.214390,0.050000
4643,30.139149,0.050000
4644,24.847823,0.050000
4645,24.484967,0.050000
4646,28.165905,0.050000
4647,25.570739,0.050000
4648,25.644335,0.050000
4649,24.428419,0.050000
4650,25.348816,0.050000
4651,26.845339,0.050000
4652,27.318279,0.050000
4653,23.468941,0.050000
4654,22.480592,0.050000
4655,31.284186,0.050000
4656,26.788503,0.050000
4657,20.480277,0.050000
4658,27.910393,0.050000
4659,28.478148,0.050000
4660,22.292480,0.050000
4661,27.262069,0.050000
4662,31.310112,0.050000
4663,28.593506,0.050000
4664,26.665479,0.050000
4665,29.742930,0.050000
4666,27.449422,0.050000
4667,25.824321,0.050000
4668,22.855393,0.050000
4669,23.089553,0.050000
4670,27.214132,0.050000
4671,28.586541,0.050000
4672,28.761499,0.050000
4673,28.171705,0.050000
4674,26.635002,0.050000
4675,29.887837,0.050000
4676,28.715557,0.050000
4677,27.945130,0.050000
4678,19.608357,0.050000
4679,24.076561,0.050000
4680,17.640521,0.050000
4681,21.117697,0.050000
4682,23.518279,0.050000
4683,17.903466,0.050000
4684,24.365475,0.050000
4685,22.633022,0.050000
4686,28.129913,0.050000
4687,21.977741,0.050000
4688,28.376259,0.050000
4689,27.074380,0.050000
4690,28.165841,0.050000
4691,29.553070,0.050000
4692,25.593357,0.050000
4693,27.297026,0.050000
4694,21.165763,0.050000
4695,27.219929,0.050000
4696,23.739385,0.050000
4697,27.723735,0.050000
4698,26.178731,0.050000
4699,26.663184,0.050000
4700,31.326632,0.050000
4701,25.602277,0.050000
4702,25.458215,0.050000
4703,26.427063,0.050000
4704,23.875592,0.050000
4705,27.048603,0.050000
4706,28.047090,0.050000
4707,28.808150,0.050000
4708,28.725181,0.050000
4709,27.709591,0.050000
4710,26.667168,0.050000
4711,30.565463,0.050000
4712,32.280320,0.050000
4713,26.418309,0.050000
4714,32.074503,0.050000
4715,29.516620,0.050000
4716,29.593387,0.050000
4717,30.152575,0.050000
4718,29.447153,0.050000
4719,29.106899,0.050000
4720,27.503950,0.050000
4721,24.513594,0.050000
4722,32.801606,0.050000
4723,30.920749,0.050000
4724,25.994177,0.050000
4725,31.648386,0.050000
4726,29.424640,0.050000
4727,26.969362,0.050000
4728,24.497692,0.050000
4729,30.917666,0.050000
4730,24.048649,0.050000
4731,26.754799,0.050000
4732,33.077018,0.050000
4733,22.950238,0.050000
4734,28.264660,0.050000
4735,25.092170,0.050000
4736,27.845665,0.050000
4737,33.371754,0.050000
4738,28.210698,0.050000
4739,29.550131,0.050000
4740,33.888329,0.050000
4741,26.894173,0.050000
4742,27.701542,0.050000
4743,26.840930,0.050000
4744,25.019970,0.050000
4745,24.862695,0.050000
4746,33.681148,0.050000
4747,31.507090,0.050000
4748,28.918260,0.050000
4749,24.969357,0.050000
4750,24.844568,0.050000
4751,24.434568,0.050000
4752,28.908650,0.050000
4753,28.335499,0.050000
4754,26.160144,0.050000
4755,27.425936,0.050000
4756,25.706254,0.050000
4757,28.167019,0.050000
4758,29.266532,0.050000
4759,22.979356,0.050000
4760,22.740448,0.050000
4761,27.696219,0.050000
4762,21.792327,0.050000
4763,26.496756,0.050000
4764,23.401091,0.050000
4765,30.559021,0.050000
4766,27.534976,0.050000
4767,26.244521,0.050000
4768,28.975559,0.050000
4769,29.541082,0.050000
4770,26.653553,0.050000
4771,26.299430,0.050000
4772,25.390831,0.050000
4773,25.052083,0.050000
4774,27.879366,0.050000
4775,35.525786,0.050000
4776,24.961119,0.050000
4777,30.752492,0.050000
4778,30.831113,0.050000
4779,26.684818,0.050000
4780,29.510339,0.050000
4781,26.629549,0.050000
4782,28.133449,0.050000
4783,29.208709,0.050000
4784,28.802929,0.050000
4785,31.740402,0.050000
4786,33.387644,0.050000
4787,28.078824,0.050000
4788,32.982258,0.050000
4789,27.435559,0.050000
4790,28.004508,0.050000
4791,28.565053,0.050000
4792,31.194161,0.050000
4793,31.293882,0.050000
4794,31.807482,0.050000
4795,26.701475,0.050000
4796,30.764056,0.050000
4797,28.879836,0.050000
4798,29.795612,0.050000
4799,27.623376,0.050000
4800,28.147748,0.050000
4801,30.418769,0.050000
4802,30.545676,0.050000
4803,25.716621,0.050000
4804,26.258858,0.050000
4805,27.953658,0.050000
4806,30.163888,0.050000
4807,33.837419,0.050000
4808,26.639389,0.050000
4809,28.487338,0.050000
4810,25.732706,0.050000
4811,28.786239,0.050000
4812,25.708903,0.050000
4813,27.797700,0.050000
4814,27.406720,0.050000
4815,26.316927,0.050000
4816,26.277276,0.050000
4817,30.724072,0.050000
4818,21.854413,0.050000
4819,29.327328,0.050000
4820,25.805271,0.050000
4821,27.526419,0.050000
4822,30.122571,0.050000
4823,26.686849,0.050000
4824,25.884915,0.050000
4825,21.553938,0.050000
4826,31.929168,0.050000
4827,29.534689,0.050000
4828,25.352400,0.050000
4829,27.180622,0.050000
4830,22.160655,0.050000
4831,26.420452,0.050000
4832,34.079495,0.050000
4833,24.686666,0.050000
4834,23.283672,0.050000
4835,28.604959,0.050000
4836,26.514557,0.050000
4837,24.687702,0.050000
4838,16.083562,0.050000
4839,26.044583,0.050000
4840,24.970298,0.050000
4841,27.452561,0.050000
4842,32.165498,0.050000
4843,30.295952,0.050000
4844,28.884175,0.050000
4845,29.270883,0.050000
4846,29.979694,0.050000
4847,30.591212,0.050000
4848,25.631809,0.050000
4849,25.293809,0.050000
4850,30.803394,0.050000
4851,36.189016,0.050000
4852,29.260143,0.050000
4853,25.963690,0.050000
4854,28.180156,0.050000
4855,28.572742,0.050000
4856,26.693104,0.050000
4857,25.619240,0.050000
4858,25.714127,0.050000
4859,31.107289,0.050000
4860,27.382338,0.050000
4861,28.007954,0.050000
4862,30.829505,0.050000
4863,29.182421,0.050000
4864,30.299578,0.050000
4865,31.209613,0.050000
4866,31.045264,0.050000
4867,29.616364,0.050000
4868,24.996955,0.050000
4869,31.403298,0.050000
4870,37.658302,0.050000
4871,28.641590,0.050000
4872,33.464308,0.050000
4873,24.228391,0.050000
4874,31.176992,0.050000
4875,28.467969,0.050000
4876,31.898144,0.050000
4877,24.934428,0.050000
4878,30.552855,0.050000
4879,30.216539,0.050000
4880,27.016921,0.050000
4881,28.210388,0.050000
4882,29.400304,0.050000
4883,30.789892,0.050000
4884,31.959563,0.050000
4885,32.353863,0.050000
4886,29.550342,0.050000
4887,30.209385,0.050000
4888,32.716988,0.050000
4889,28.711415,0.050000
4890,30.060089,0.050000
4891,28.950410,0.050000
4892,27.113576,0.050000
4893,29.700333,0.050000
4894,29.521334,0.050000
4895,28.738250,0.050000
4896,24.046295,0.050000
4897,26.842354,0.050000
4898,28.561678,0.050000
4899,27.635375,0.050000
4900,31.040943,0.050000
4901,23.344597,0.050000
4902,26.655755,0.050000
4903,32.671107,0.050000
4904,28.158204,0.050000
4905,28.719377,0.050000
4906,26.914472,0.050000
4907,32.262213,0.050000
4908,32.466987,0.050000
4909,31.779861,0.050000
4910,25.517116,0.050000
4911,30.918734,0.050000
4912,27.723849,0.050000
4913,34.618628,0.050000
4914,30.853068,0.050000
4915,32.749573,0.050000
4916,32.374065,0.050000
4917,29.595100,0.050000
4918,30.701596,0.050000
4919,29.418636,0.050000
4920,27.092627,0.050000
4921,30.081259,0.050000
4922,31.163092,0.050000
4923,30.208570,0.050000
4924,30.793921,0.050000
4925,30.999229,0.050000
4926,28.560727,0.050000
4927,36.056563,0.050000
4928,29.981407,0.050000
4929,29.363870,0.050000
4930,32.477012,0.050000
4931,32.190916,0.050000
4932,28.644264,0.050000
4933,31.494513,0.050000
4934,25.256879,0.050000
4935,29.053169,0.050000
4936,29.969654,0.050000
4937,29.866816,0.050000
4938,29.956751,0.050000
4939,28.327614,0.050000
4940,27.673320,0.050000
4941,28.793677,0.050000
4942,28.288409,0.050000
4943,28.648558,0.050000
4944,31.646546,0.050000
4945,28.611162,0.050000
4946,29.663391,0.050000
4947,28.781802,0.050000
4948,35.113883,0.050000
4949,31.345761,0.050000
4950,28.577147,0.050000
4951,30.294121,0.050000
4952,35.673679,0.050000
4953,27.794290,0.050000
4954,31.716823,0.050000
4955,32.956082,0.050000
4956,30.264322,0.050000
4957,30.113197,0.050000
4958,26.198313,0.050000
4959,27.739796,0.050000
4960,25.195943,0.050000
4961,32.643318,0.050000
4962,26.249537,0.050000
4963,25.654575,0.050000
4964,32.126712,0.050000
4965,27.749497,0.050000
4966,33.433970,0.050000
4967,31.868621,0.050000
4968,29.147884,0.050000
4969,30.556925,0.050000
4970,28.548301,0.050000
4971,25.343911,0.050000
4972,28.138175,0.050000
4973,29.794980,0.050000
4974,26.837081,0.050000
4975,25.309845,0.050000
4976,18.785920,0.050000
4977,29.096626,0.050000
4978,29.388197,0.050000
4979,28.901451,0.050000
4980,25.154016,0.050000
4981,28.093293,0.050000
4982,19.688237,0.050000
4983,22.513997,0.050000
4984,29.810594,0.050000
4985,34.889391,0.050000
4986,24.730630,0.050000
4987,25.423385,0.050000
4988,29.971883,0.050000
4989,27.680935,0.050000
4990,26.922544,0.050000
4991,27.127545,0.050000
4992,33.623454,0.050000
4993,31.020509,0.050000
4994,30.725980,0.050000
4995,30.525304,0.050000
4996,31.108748,0.050000
4997,29.675388,0.050000
4998,28.921426,0.050000
4999,26.999809,0.050000
5000,30.285724,0.050000
5001,25.096601,0.050000
5002,29.641771,0.050000
5003,27.653708,0.050000
5004,33.554654,0.050000
5005,28.991599,0.050000
5006,32.220459,0.050000
5007,29.528109,0.050000
5008,31.683282,0.050000
5009,32.461695,0.050000
5010,27.591896,0.050000
5011,28.857511,0.050000
5012,29.636558,0.050000
5013,30.580197,0.050000
5014,29.939833,0.050000
5015,26.937154,0.050000
5016,30.222383,0.050000
5017,29.601817,0.050000
5018,28.034191,0.050000
5019,29.451141,0.050000
5020,28.612459,0.050000
5021,26.520935,0.050000
5022,25.825387,0.050000
5023,27.097312,0.050000
5024,28.148569,0.050000
5025,27.999860,0.050000
5026,25.244599,0.050000
5027,26.109210,0.050000
5028,30.239081,0.050000
5029,31.736040,0.050000
5030,29.454849,0.050000
5031,29.104647,0.050000
5032,28.981224,0.050000
5033,29.015560,0.050000
5034,30.407788,0.050000
5035,27.089741,0.050000
5036,26.223686,0.050000
5037,24.128822,0.050000
5038,29.742841,0.050000
5039,28.283159,0.050000
5040,28.128207,0.050000
5041,27.705512,0.050000
5042,31.470435,0.050000
5043,29.161965,0.050000
5044,25.917118,0.050000
5045,22.526766,0.050000
5046,28.460186,0.050000
5047,29.174718,0.050000
5048,29.960919,0.050000
5049,27.597596,0.050000
5050,28.952643,0.050000
5051,32.458258,0.050000
5052,28.420311,0.050000
5053,29.733063,0.050000
5054,29.997400,0.050000
5055,26.942191,0.050000
5056,27.701760,0.050000
5057,26.534400,0.050000
5058,27.969570,0.050000
5059,27.797154,0.050000
5060,28.551676,0.050000
5061,28.896099,0.050000
5062,29.769468,0.050000
5063,28.926566,0.050000
5064,27.390752,0.050000
5065,33.681225,0.050000
5066,26.173716,0.050000
5067,30.807768,0.050000
5068,27.714547,0.050000
5069,24.484999,0.050000
5070,28.974708,0.050000
5071,31.449786,0.050000
5072,30.148876,0.050000
5073,25.324357,0.050000
5074,30.319440,0.050000
5075,30.316348,0.050000
5076,32.392075,0.050000
5077,37.118313,0.050000
5078,35.107331,0.050000
5079,33.641252,0.050000
5080,28.913958,0.050000
5081,31.953686,0.050000
5082,30.605922,0.050000
5083,26.339112,0.050000
5084,33.837116,0.050000
5085,30.677414,0.050000
5086,29.174456,0.050000
5087,35.619284,0.050000
5088,32.863282,0.050000
5089,36.699055,0.050000
5090,33.450423,0.050000
5091,37.750261,0.050000
5092,33.699761,0.050000
5093,33.419892,0.050000
5094,36.618777,0.050000
5095,23.107312,0.050000
5096,30.334495,0.050000
5097,36.404762,0.050000
5098,35.372073,0.050000
5099,29.796281,0.050000
5100,34.546157,0.050000
5101,32.021120,0.050000
5102,32.652268,0.050000
5103,33.737350,0.050000
5104,34.024956,0.050000
5105,27.151509,0.050000
5106,31.714881,0.050000
5107,29.210634,0.050000
5108,35.497376,0.050000
5109,31.861643,0.050000
5110,34.679506,0.050000
5111,33.298877,0.050000
5112,33.581944,0.050000
5113,33.764129,0.050000
5114,29.483466,0.050000
5115,34.197496,0.050000
5116,31.709159,0.050000
5117,29.175186,0.050000
5118,30.570624,0.050000
5119,33.041875,0.050000
5120,29.155152,0.050000
5121,28.219181,0.050000
5122,27.384891,0.050000
5123,31.459648,0.050000
5124,33.957533,0.050000
5125,28.971244,0.050000
5126,25.314802,0.050000
5127,25.698836,0.050000
5128,27.791647,0.050000
5129,24.667850,0.050000
5130,33.592837,0.050000
5131,27.774568,0.050000
5132,29.719785,0.050000
5133,21.498403,0.050000
5134,27.505660,0.050000
5135,17.735703,0.050000
5136,26.230535,0.050000
5137,22.588370,0.050000
5138,26.392842,0.050000
5139,31.359876,0.050000
5140,28.754446,0.050000
5141,28.002728,0.050000
5142,29.517275,0.050000
5143,22.262334,0.050000
5144,28.753065,0.050000
5145,28.595488,0.050000
5146,23.033241,0.050000
5147,31.532791,0.050000
5148,21.198158,0.050000
5149,24.731560,0.050000
5150,27.997597,0.050000
5151,27.469445,0.050000
5152,34.453305,0.050000
5153,26.748085,0.050000
5154,24.795737,0.050000
5155,26.410485,0.050000
5156,26.538076,0.050000
5157,25.070479,0.050000
5158,22.412346,0.050000
5159,28.982094,0.050000
5160,28.907368,0.050000
5161,28.084311,0.050000
5162,35.600031,0.050000
5163,31.009031,0.050000
5164,26.553208,0.050000
5165,29.982177,0.050000
5166,33.105661,0.050000
5167,31.315570,0.050000
5168,24.243056,0.050000
5169,38.938339,0.050000
5170,27.182063,0.050000
5171,30.554913,0.050000
5172,23.476895,0.050000
5173,25.491660,0.050000
5174,22.098128,0.050000
5175,23.383431,0.050000
5176,21.698602,0.050000
5177,28.035723,0.050000
5178,23.235621,0.050000
5179,28.072485,0.050000
5180,24.885306,0.050000
5181,20.682536,0.050000
5182,28.472550,0.050000
5183,22.481092,0.050000
5184,22.441514,0.050000
5185,30.088034,0.050000
5186,25.166990,0.050000
5187,27.048393,0.050000
5188,21.785986,0.050000
5189,27.142090,0.050000
5190,22.335340,0.050000
5191,25.289870,0.050000
5192,27.027375,0.050000
5193,24.912489,0.050000
5194,33.477446,0.050000
5195,29.177845,0.050000
5196,31.739592,0.050000
5197,26.715823,0.050000
5198,26.363048,0.050000
5199,23.335138,0.050000
5200,28.742874,0.050000
5201,26.287580,0.050000
5202,25.594564,0.050000
5203,29.826632,0.050000
5204,24.363738,0.050000
5205,28.432487,0.050000
5206,22.853337,0.050000
5207,26.022007,0.050000
5208,28.523836,0.050000
5209,26.259825,0.050000
5210,23.642462,0.050000
5211,25.127314,0.050000
5212,23.705482,0.050000
5213,22.143598,0.050000
5214,23.433900,0.050000
5215,26.668287,0.050000
5216,23.410087,0.050000
5217,25.140187,0.050000
5218,30.105579,0.050000
5219,22.756906,0.050000
5220,30.737216,0.050000
5221,29.509316,0.050000
5222,28.357967,0.050000
5223,28.801078,0.050000
5224,24.712617,0.050000
5225,26.946140,0.050000
5226,19.049163,0.050000
5227,19.389375,0.050000
5228,18.624536,0.050000
5229,21.742227,0.050000
5230,22.048693,0.050000
5231,19.255110,0.050000
5232,24.239597,0.050000
5233,21.471551,0.050000
5234,23.699321,0.050000
5235,28.340645,0.050000
5236,25.323944,0.050000
5237,26.847215,0.050000
5238,19.645903,0.050000
5239,25.376952,0.050000
5240,13.847780,0.050000
5241,9.159306,0.050000
5242,15.364225,0.050000
5243,13.326625,0.050000
5244,10.613158,0.050000
5245,14.679685,0.050000
5246,10.721544,0.050000
5247,12.758695,0.050000
5248,13.737454,0.050000
5249,9.834455,0.050000
5250,12.044192,0.050000
5251,15.133520,0.050000
5252,14.813466,0.050000
5253,16.770198,0.050000
5254,14.035205,0.050000
5255,9.580927,0.050000
5256,13.597049,0.050000
5257,13.602542,0.050000
5258,10.568945,0.050000
5259,14.373955,0.050000
5260,13.643740,0.050000
5261,17.927565,0.050000
5262,15.463579,0.050000
5263,13.625298,0.050000
5264,14.115569,0.050000
5265,13.478616,0.050000
5266,14.436151,0.050000
5267,13.137750,0.050000
5268,18.163291,0.050000
5269,24.763694,0.050000
5270,25.749536,0.050000
5271,19.004340,0.050000
5272,22.422020,0.050000
5273,24.286987,0.050000
5274,28.315989,0.050000
5275,26.229952,0.050000
5276,25.987003,0.050000
5277,22.038133,0.050000
5278,22.839216,0.050000
5279,21.257576,0.050000
5280,19.248322,0.050000
5281,17.768708,0.050000
5282,22.484958,0.050000
5283,19.468232,0.050000
5284,19.323382,0.050000
5285,15.851460,0.050000
5286,21.173775,0.050000
5287,24.735318,0.050000
5288,24.472256,0.050000
5289,18.461511,0.050000
5290,15.693758,0.050000
5291,17.624573,0.050000
5292,17.645567,0.050000
5293,24.737953,0.050000
5294,26.054809,0.050000
5295,24.186358,0.050000
5296,28.099195,0.050000
5297,28.471013,0.050000
5298,22.544912,0.050000
5299,21.935618,0.050000
5300,23.029206,0.050000
5301,24.466382,0.050000
5302,21.643442,0.050000
5303,21.377746,0.050000
5304,21.153653,0.050000
5305,27.491882,0.050000
5306,22.993872,0.050000
5307,21.897664,0.050000
5308,23.482289,0.050000
5309,20.188725,0.050000
5310,24.755120,0.050000
5311,20.468833,0.050000
5312,22.992090,0.050000
5313,17.031617,0.050000
5314,23.005121,0.050000
5315,19.606919,0.050000
5316,26.984135,0.050000
5317,20.962254,0.050000
5318,22.600013,0.050000
5319,23.260694,0.050000
5320,23.178979,0.050000
5321,25.444058,0.050000
5322,31.496138,0.050000
5323,30.149105,0.050000
5324,28.282477,0.050000
5325,28.373289,0.050000
5326,26.661748,0.050000
5327,25.795275,0.050000
5328,29.319395,0.050000
5329,24.430196,0.050000
5330,24.315204,0.050000
5331,34.082965,0.050000
5332,28.211481,0.050000
5333,23.761423,0.050000
5334,26.930730,0.050000
5335,30.057553,0.050000
5336,30.123030,0.050000
5337,26.809254,0.050000
5338,29.218711,0.050000
5339,28.350807,0.050000
5340,31.225846,0.050000
5341,26.028454,0.050000
5342,27.946005,0.050000
5343,32.359945,0.050000
5344,30.440012,0.050000
5345,27.484923,0.050000
5346,29.705972,0.050000
5347,31.090799,0.050000
5348,23.560982,0.050000
5349,24.954821,0.050000
5350,26.033729,0.050000
5351,28.721964,0.050000
5352,29.704071,0.050000
5353,32.909959,0.050000
5354,29.890987,0.050000
5355,24.256262,0.050000
5356,22.248016,0.050000
5357,21.854856,0.050000
5358,28.948934,0.050000
5359,27.093950,0.050000
5360,30.543287,0.050000
5361,24.920796,0.050000
5362,27.463019,0.050000
5363,30.433887,0.050000
5364,27.779885,0.050000
5365,25.648144,0.050000
5366,32.627966,0.050000
5367,32.152600,0.050000
5368,29.538751,0.050000
5369,24.753734,0.050000
5370,27.355527,0.050000
5371,31.943662,0.050000
5372,23.014624,0.050000
5373,25.909724,0.050000
5374,27.168158,0.050000
5375,25.501031,0.050000
5376,30.028025,0.050000
5377,26.840017,0.050000
5378,26.921356,0.050000
5379,32.756437,0.050000
5380,24.974013,0.050000
5381,29.647523,0.050000
5382,32.180559,0.050000
5383,29.613124,0.050000
5384,24.461391,0.050000
5385,27.274681,0.050000
5386,29.530350,0.050000
5387,29.787664,0.050000
5388,33.284755,0.050000
5389,25.354243,0.050000
5390,28.865116,0.050000
5391,28.288626,0.050000
5392,30.049337,0.050000
5393,30.812209,0.050000
5394,32.057714,0.050000
5395,29.800224,0.050000
5396,28.815218,0.050000
5397,26.771775,0.050000
5398,25.747993,0.050000
5399,31.780918,0.050000
5400,33.981852,0.050000
5401,35.539531,0.050000
5402,33.978413,0.050000
5403,31.461271,0.050000
5404,33.503694,0.050000
5405,25.491933,0.050000
5406,32.210563,0.050000
5407,20.340904,0.050000
5408,28.408402,0.050000
5409,34.716009,0.050000
5410,29.621348,0.050000
5411,30.352426,0.050000
5412,32.009497,0.050000
5413,29.771269,0.050000
5414,28.203290,0.050000
5415,25.605226,0.050000
5416,35.700564,0.050000
5417,25.671920,0.050000
5418,23.928413,0.050000
5419,26.232296,0.050000
5420,28.909837,0.050000
5421,27.952258,0.050000
5422,24.679959,0.050000
5423,30.833236,0.050000
5424,24.953972,0.050000
5425,27.501583,0.050000
5426,23.215047,0.050000
5427,29.838462,0.050000
5428,27.132529,0.050000
5429,22.333938,0.050000
5430,25.614039,0.050000
5431,26.019726,0.050000
5432,25.320883,0.050000
5433,26.544710,0.050000
5434,26.324659,0.050000
5435,27.141632,0.050000
5436,27.147248,0.050000
5437,24.659834,0.050000
5438,22.431845,0.050000
5439,24.791522,0.050000
5440,21.322044,0.050000
5441,21.513498,0.050000
5442,21.819197,0.050000
5443,26.002856,0.050000
5444,29.953120,0.050000
5445,18.920052,0.050000
5446,28.589707,0.050000
5447,26.597915,0.050000
5448,27.039666,0.050000
5449,37.327440,0.050000
5450,24.346664,0.050000
5451,25.760349,0.050000
5452,27.491266,0.050000
5453,23.953363,0.050000
5454,27.777239,0.050000
5455,30.340861,0.050000
5456,25.798398,0.050000
5457,24.757837,0.050000
5458,27.254325,0.050000
5459,28.995452,0.050000
5460,27.579190,0.050000
5461,31.322257,0.050000
5462,29.049688,0.050000
5463,26.900902,0.050000
5464,26.519325,0.050000
5465,31.222633,0.050000
5466,30.418456,0.050000
5467,28.699736,0.050000
5468,29.348692,0.050000
5469,29.806732,0.050000
5470,27.378229,0.050000
5471,26.387632,0.050000
5472,29.920616,0.050000
5473,27.559473,0.050000
5474,26.287847,0.050000
5475,28.610387,0.050000
5476,31.025012,0.050000
5477,25.462883,0.050000
5478,29.803460,0.050000
5479,27.675679,0.050000
5480,33.127692,0.050000
5481,25.596086,0.050000
5482,28.233032,0.050000
5483,29.544788,0.050000
5484,32.118590,0.050000
5485,27.241167,0.050000
5486,30.546696,0.050000
5487,32.085893,0.050000
5488,31.449892,0.050000
5489,30.718499,0.050000
5490,30.417875,0.050000
5491,28.786868,0.050000
5492,29.315407,0.050000
5493,30.713567,0.050000
5494,33.859901,0.050000
5495,27.819016,0.050000
5496,33.547283,0.050000
5497,27.138437,0.050000
5498,33.365872,0.050000
5499,27.938938,0.050000
5500,28.825866,0.050000
5501,31.582901,0.050000
5502,29.884868,0.050000
5503,26.907010,0.050000
5504,33.208335,0.050000
5505,29.452503,0.050000
5506,29.467474,0.050000
5507,32.151705,0.050000
5508,30.162037,0.050000
5509,23.811943,0.050000
5510,29.891768,0.050000
5511,33.954564,0.050000
5512,34.971984,0.050000
5513,29.950130,0.050000
5514,32.396420,0.050000
5515,33.489023,0.050000
5516,31.900612,0.050000
5517,32.647202,0.050000
5518,35.007445,0.050000
5519,30.802441,0.050000
5520,28.404832,0.050000
5521,19.600238,0.050000
5522,26.373742,0.050000
5523,30.004251,0.050000
5524,33.961113,0.050000
5525,28.687490,0.050000
5526,34.864531,0.050000
5527,30.122636,0.050000
5528,25.419042,0.050000
5529,30.529195,0.050000
5530,29.257636,0.050000
5531,25.010883,0.050000
5532,26.400512,0.050000
5533,25.716450,0.050000
5534,31.541886,0.050000
5535,28.988239,0.050000
5536,28.951889,0.050000
5537,30.454353,0.050000
5538,29.206611,0.050000
5539,33.074506,0.050000
5540,27.806681,0.050000
5541,31.331802,0.050000
5542,29.683743,0.050000
5543,32.020895,0.050000
5544,32.292148,0.050000
5545,31.018935,0.050000
5546,31.247076,0.050000
5547,25.780677,0.050000
5548,33.081655,0.050000
5549,31.234755,0.050000
5550,26.499908,0.050000
5551,22.988071,0.050000
5552,30.285585,0.050000
5553,25.872207,0.050000
5554,31.039123,0.050000
5555,24.898528,0.050000
5556,24.976720,0.050000
5557,24.486972,0.050000
5558,28.830042,0.050000
5559,26.330993,0.050000
5560,23.628628,0.050000
5561,27.729132,0.050000
5562,20.634849,0.050000
5563,27.816345,0.050000
5564,29.988336,0.050000
5565,28.850466,0.050000
5566,32.742339,0.050000
5567,29.240649,0.050000
5568,26.646197,0.050000
5569,28.085827,0.050000
5570,30.537833,0.050000
5571,26.320328,0.050000
5572,25.546503,0.050000
5573,30.340495,0.050000
5574,26.097898,0.050000
5575,24.767299,0.050000
5576,29.396298,0.050000
5577,20.858269,0.050000
5578,30.252559,0.050000
5579,24.816489,0.050000
5580,24.673504,0.050000
5581,28.146221,0.050000
5582,27.364918,0.050000
5583,23.335471,0.050000
5584,26.462949,0.050000
5585,27.348861,0.050000
5586,29.033040,0.050000
5587,27.887756,0.050000
5588,28.513060,0.050000
5589,34.459761,0.050000
5590,29.259127,0.050000
5591,30.857032,0.050000
5592,28.582694,0.050000
5593,26.211308,0.050000
5594,25.542843,0.050000
5595,24.996100,0.050000
5596,32.314078,0.050000
5597,30.410337,0.050000
5598,33.013281,0.050000
5599,30.673316,0.050000
5600,27.834578,0.050000
5601,33.486894,0.050000
5602,29.287942,0.050000
5603,30.225550,0.050000
5604,32.378509,0.050000
5605,34.149025,0.050000
5606,33.043914,0.050000
5607,34.929375,0.050000
5608,31.213523,0.050000
5609,29.449274,0.050000
5610,31.474717,0.050000
5611,33.356721,0.050000
5612,33.553575,0.050000
5613,28.207509,0.050000
5614,27.878737,0.050000
5615,37.859735,0.050000
5616,27.376953,0.050000
5617,29.169540,0.050000
5618,29.242677,0.050000
5619,29.864905,0.050000
5620,29.209159,0.050000
5621,31.480540,0.050000
5622,28.324510,0.050000
5623,32.011378,0.050000
5624,32.748817,0.050000
5625,25.905610,0.050000
5626,31.822135,0.050000
5627,26.489166,0.050000
5628,24.982412,0.050000
5629,31.490348,0.050000
5630,31.676258,0.050000
5631,29.156117,0.050000
5632,30.395457,0.050000
5633,30.411521,0.050000
5634,33.559035,0.050000
5635,33.455068,0.050000
5636,31.109612,0.050000
5637,30.576536,0.050000
5638,40.487125,0.050000
5639,31.650841,0.050000
5640,29.471731,0.050000
5641,31.558400,0.050000
5642,29.629171,0.050000
5643,30.604227,0.050000
5644,33.603374,0.050000
5645,29.885686,0.050000
5646,34.105150,0.050000
5647,32.063309,0.050000
5648,30.845114,0.050000
5649,33.322328,0.050000
5650,31.443411,0.050000
5651,28.411967,0.050000
5652,30.413537,0.050000
5653,28.623075,0.050000
5654,26.293464,0.050000
5655,31.700906,0.050000
5656,26.287252,0.050000
5657,27.876917,0.050000
5658,24.244446,0.050000
5659,28.837321,0.050000
5660,30.434556,0.050000
5661,32.711222,0.050000
5662,32.223073,0.050000
5663,26.110458,0.050000
5664,32.850189,0.050000
5665,31.581174,0.050000
5666,28.579354,0.050000
5667,29.272647,0.050000
5668,28.501546,0.050000
5669,29.753741,0.050000
5670,24.311030,0.050000
5671,31.904635,0.050000
5672,21.937341,0.050000
5673,20.912094,0.050000
5674,26.675058,0.050000
5675,25.007498,0.050000
5676,23.241547,0.050000
5677,26.144732,0.050000
5678,29.527946,0.050000
5679,29.428447,0.050000
5680,31.216072,0.050000
5681,37.111530,0.050000
5682,32.451839,0.050000
5683,28.219393,0.050000
5684,29.089612,0.050000
5685,33.291230,0.050000
5686,26.047614,0.050000
5687,27.792074,0.050000
5688,32.129088,0.050000
5689,26.984609,0.050000
5690,27.994683,0.050000
5691,19.339219,0.050000
5692,25.746846,0.050000
5693,34.166324,0.050000
5694,32.830376,0.050000
5695,29.235831,0.050000
5696,22.991329,0.050000
5697,34.413951,0.050000
5698,30.302758,0.050000
5699,37.108173,0.050000
5700,32.721485,0.050000
5701,31.509103,0.050000
5702,30.976314,0.050000
5703,30.581029,0.050000
5704,30.689558,0.050000
5705,28.916483,0.050000
5706,31.432595,0.050000
5707,31.565579,0.050000
5708,29.744831,0.050000
5709,31.251880,0.050000
5710,27.211372,0.050000
5711,27.654878,0.050000
5712,30.078611,0.050000
5713,28.224950,0.050000
5714,32.472563,0.050000
5715,27.585162,0.050000
5716,30.543539,0.050000
5717,28.452227,0.050000
5718,36.757597,0.050000
5719,25.363529,0.050000
5720,26.923722,0.050000
5721,27.121313,0.050000
5722,30.536346,0.050000
5723,33.100343,0.050000
5724,30.373095,0.050000
5725,35.187589,0.050000
5726,29.480983,0.050000
5727,32.095672,0.050000
5728,28.532757,0.050000
5729,29.834119,0.050000
5730,42.603511,0.050000
5731,35.055595,0.050000
5732,33.564210,0.050000
5733,26.846982,0.050000
5734,31.779446,0.050000
5735,36.749872,0.050000
5736,28.462779,0.050000
5737,34.036601,0.050000
5738,27.105966,0.050000
5739,25.897065,0.050000
5740,31.015813,0.050000
5741,32.674196,0.050000
5742,33.979041,0.050000
5743,24.833592,0.050000
5744,29.835159,0.050000
5745,31.986460,0.050000
5746,29.868677,0.050000
5747,35.503390,0.050000
5748,36.494954,0.050000
5749,30.054515,0.050000
5750,36.575095,0.050000
5751,33.705197,0.050000
5752,30.820183,0.050000
5753,29.326064,0.050000
5754,32.293555,0.050000
5755,36.586741,0.050000
5756,31.180503,0.050000
5757,30.936664,0.050000
5758,26.122322,0.050000
5759,24.148011,0.050000
5760,32.748072,0.050000
5761,29.699029,0.050000
5762,31.791138,0.050000
5763,32.521866,0.050000
5764,28.983885,0.050000
5765,30.190644,0.050000
5766,31.201139,0.050000
5767,27.278756,0.050000
5768,31.904627,0.050000
5769,31.754435,0.050000
5770,33.886348,0.050000
5771,36.990475,0.050000
5772,30.040563,0.050000
5773,29.965622,0.050000
5774,29.795825,0.050000
5775,32.617042,0.050000
5776,32.827202,0.050000
5777,28.965632,0.050000
5778,31.256082,0.050000
5779,33.666981,0.050000
5780,32.459451,0.050000
5781,32.739613,0.050000
5782,28.748942,0.050000
5783,31.766861,0.050000
5784,32.800541,0.050000
5785,33.731863,0.050000
5786,30.075138,0.050000
5787,30.762133,0.050000
5788,31.613804,0.050000
5789,33.253100,0.050000
5790,30.770684,0.050000
5791,32.432371,0.050000
5792,30.102161,0.050000
5793,27.684641,0.050000
5794,32.752420,0.050000
5795,31.868919,0.050000
5796,33.934464,0.050000
5797,34.736942,0.050000
5798,37.278468,0.050000
5799,34.390299,0.050000
5800,25.633970,0.050000
5801,31.936884,0.050000
5802,29.354365,0.050000
5803,29.893212,0.050000
5804,28.443562,0.050000
5805,32.290836,0.050000
5806,32.358846,0.050000
5807,32.471443,0.050000
5808,28.092070,0.050000
5809,30.352029,0.050000
5810,28.695990,0.050000
5811,30.991074,0.050000
5812,36.907526,0.050000
5813,32.353373,0.050000
5814,31.157836,0.050000
5815,32.928027,0.050000
5816,34.374692,0.050000
5817,30.061264,0.050000
5818,27.481739,0.050000
5819,33.895858,0.050000
5820,33.108950,0.050000
5821,34.252251,0.050000
5822,34.024352,0.050000
5823,30.661828,0.050000
5824,27.853043,0.050000
5825,40.544870,0.050000
5826,29.557646,0.050000
5827,32.725900,0.050000
5828,32.102119,0.050000
5829,29.411728,0.050000
5830,34.331161,0.050000
5831,28.863921,0.050000
5832,27.757933,0.050000
5833,33.319486,0.050000
5834,31.591065,0.050000
5835,32.931388,0.050000
5836,31.728569,0.050000
5837,32.652264,0.050000
5838,32.264606,0.050000
5839,32.073373,0.050000
5840,33.228425,0.050000
5841,31.812325,0.050000
5842,28.756263,0.050000
5843,32.211955,0.050000
5844,31.969096,0.050000
5845,24.853450,0.050000
5846,31.167179,0.050000
5847,33.847206,0.050000
5848,31.265423,0.050000
5849,27.256935,0.050000
5850,31.563186,0.050000
5851,30.068003,0.050000
5852,29.766459,0.050000
5853,21.699088,0.050000
5854,24.724098,0.050000
5855,27.165866,0.050000
5856,32.072732,0.050000
5857,33.040922,0.050000
5858,31.337784,0.050000
5859,26.555282,0.050000
5860,27.277046,0.050000
5861,25.255550,0.050000
5862,31.955097,0.050000
5863,26.860648,0.050000
5864,26.924768,0.050000
5865,26.203584,0.050000
5866,25.703416,0.050000
5867,26.417727,0.050000
5868,25.968934,0.050000
5869,27.304515,0.050000
5870,27.767390,0.050000
5871,32.616080,0.050000
5872,30.132584,0.050000
5873,28.716895,0.050000
5874,30.768218,0.050000
5875,29.405240,0.050000
5876,33.377479,0.050000
5877,28.700197,0.050000
5878,33.815681,0.050000
5879,28.331012,0.050000
5880,27.343477,0.050000
5881,29.486211,0.050000
5882,25.928899,0.050000
5883,31.029266,0.050000
5884,33.701040,0.050000
5885,29.122412,0.050000
5886,28.836754,0.050000
5887,30.297467,0.050000
5888,26.736836,0.050000
5889,30.786543,0.050000
5890,29.071483,0.050000
5891,27.663945,0.050000
5892,31.668160,0.050000
5893,33.177038,0.050000
5894,29.572991,0.050000
5895,32.481228,0.050000
5896,29.132036,0.050000
5897,27.873383,0.050000
5898,30.905587,0.050000
5899,32.883226,0.050000
5900,29.088552,0.050000
5901,29.416040,0.050000
5902,37.408636,0.050000
5903,31.302729,0.050000
5904,27.956194,0.050000
5905,26.754095,0.050000
5906,26.622629,0.050000
5907,26.877064,0.050000
5908,30.255666,0.050000
5909,34.642200,0.050000
5910,33.122581,0.050000
5911,31.031719,0.050000
5912,28.991910,0.050000
5913,31.800700,0.050000
5914,30.280279,0.050000
5915,28.459918,0.050000
5916,28.815091,0.050000
5917,30.666720,0.050000
5918,28.849049,0.050000
5919,35.000538,0.050000
5920,32.564014,0.050000
5921,26.546405,0.050000
5922,32.920124,0.050000
5923,38.552934,0.050000
5924,37.180508,0.050000
5925,30.619801,0.050000
5926,32.679516,0.050000
5927,32.881227,0.050000
5928,32.381783,0.050000
5929,30.337478,0.050000
5930,28.056482,0.050000
5931,35.573313,0.050000
5932,29.432743,0.050000
5933,35.118544,0.050000
5934,32.914600,0.050000
5935,30.242696,0.050000
5936,30.035115,0.050000
5937,33.120574,0.050000
5938,34.328948,0.050000
5939,35.850753,0.050000
5940,32.571189,0.050000
5941,24.951463,0.050000
5942,31.801131,0.050000
5943,32.986371,0.050000
5944,33.418739,0.050000
5945,20.763961,0.050000
5946,30.577484,0.050000
5947,28.205362,0.050000
5948,32.187916,0.050000
5949,30.560348,0.050000
5950,35.993983,0.050000
5951,32.244695,0.050000
5952,33.112491,0.050000
5953,28.680853,0.050000
5954,34.563103,0.050000
5955,35.379872,0.050000
5956,34.820131,0.050000
5957,29.518355,0.050000
5958,34.690521,0.050000
5959,37.511202,0.050000
5960,37.270576,0.050000
5961,36.145027,0.050000
5962,22.794251,0.050000
5963,22.786648,0.050000
5964,28.928226,0.050000
5965,33.704902,0.050000
5966,36.002033,0.050000
5967,31.835988,0.050000
5968,31.180848,0.050000
5969,29.562098,0.050000
5970,41.465994,0.050000
5971,37.191484,0.050000
5972,30.868908,0.050000
5973,40.600084,0.050000
5974,34.728601,0.050000
5975,34.034525,0.050000
5976,37.644509,0.050000
5977,34.157186,0.050000
5978,36.684192,0.050000
5979,30.042512,0.050000
5980,38.097357,0.050000
5981,36.518223,0.050000
5982,32.290270,0.050000
5983,38.208264,0.050000
5984,37.308167,0.050000
5985,35.052639,0.050000
5986,37.550731,0.050000
5987,27.840751,0.050000
5988,32.476960,0.050000
5989,33.482132,0.050000
5990,29.505568,0.050000
5991,26.641302,0.050000
5992,35.298020,0.050000
5993,28.616855,0.050000
5994,30.520873,0.050000
5995,34.506422,0.050000
5996,33.482153,0.050000
5997,41.326123,0.050000
5998,31.342037,0.050000
5999,40.051817,0.050000
6000,39.426121,0.050000
6001,34.563596,0.050000
6002,40.862423,0.050000
6003,38.060780,0.050000
6004,36.751316,0.050000
6005,39.301466,0.050000
6006,34.766448,0.050000
6007,37.903579,0.050000
6008,35.384498,0.050000
6009,32.592179,0.050000
6010,35.990102,0.050000
6011,33.225674,0.050000
6012,38.536899,0.050000
6013,28.593268,0.050000
6014,33.099970,0.050000
6015,33.902750,0.050000
6016,40.620700,0.050000
6017,36.074626,0.050000
6018,39.108716,0.050000
6019,42.427506,0.050000
6020,38.115724,0.050000
6021,41.918637,0.050000
6022,37.228930,0.050000
6023,38.469379,0.050000
6024,37.601035,0.050000
6025,40.720001,0.050000
6026,37.990468,0.050000
6027,37.550414,0.050000
6028,33.397146,0.050000
6029,34.558546,0.050000
6030,39.885772,0.050000
6031,34.235008,0.050000
6032,33.481843,0.050000
6033,42.623355,0.050000
6034,43.270163,0.050000
6035,36.054951,0.050000
6036,31.469995,0.050000
6037,29.059202,0.050000
6038,40.189018,0.050000
6039,37.541064,0.050000
6040,38.311920,0.050000
6041,35.844252,0.050000
6042,46.386299,0.050000
6043,29.571937,0.050000
6044,36.508827,0.050000
6045,42.514052,0.050000
6046,34.110283,0.050000
6047,34.642898,0.050000
6048,35.770589,0.050000
6049,31.540447,0.050000
6050,45.512496,0.050000
6051,39.777378,0.050000
6052,27.672119,0.050000
6053,32.815004,0.050000
6054,39.924649,0.050000
6055,35.109352,0.050000
6056,42.387453,0.050000
6057,40.881767,0.050000
6058,36.025595,0.050000
6059,37.890523,0.050000
6060,31.104613,0.050000
6061,38.736595,0.050000
6062,39.573641,0.050000
6063,33.568042,0.050000
6064,40.145732,0.050000
6065,34.277852,0.050000
6066,37.341037,0.050000
6067,41.703357,0.050000
6068,33.504442,0.050000
6069,35.685183,0.050000
6070,36.175219,0.050000
6071,39.398995,0.050000
6072,40.139556,0.050000
6073,40.973329,0.050000
6074,31.146582,0.050000
6075,40.812707,0.050000
6076,29.888348,0.050000
6077,26.242844,0.050000
6078,33.304855,0.050000
6079,31.238773,0.050000
6080,32.289559,0.050000
6081,37.192200,0.050000
6082,36.180450,0.050000
6083,36.626783,0.050000
6084,35.013402,0.050000
6085,36.196866,0.050000
6086,40.550790,0.050000
6087,38.132294,0.050000
6088,38.867331,0.050000
6089,38.100722,0.050000
6090,37.615044,0.050000
6091,39.785356,0.050000
6092,35.001951,0.050000
6093,30.094134,0.050000
6094,40.487317,0.050000
6095,33.296080,0.050000
6096,33.936598,0.050000
6097,36.951303,0.050000
6098,40.294632,0.050000
6099,34.128668,0.050000
6100,35.177620,0.050000
6101,35.416679,0.050000
6102,31.121361,0.050000
6103,35.286313,0.050000
6104,33.991745,0.050000
6105,35.510840,0.050000
6106,31.600642,0.050000
6107,31.894569,0.050000
6108,36.086032,0.050000
6109,29.067024,0.050000
6110,24.552631,0.050000
6111,30.685346,0.050000
6112,32.752509,0.050000
6113,33.896198,0.050000
6114,33.230499,0.050000
6115,29.835510,0.050000
6116,38.122986,0.050000
6117,28.619672,0.050000
6118,34.842132,0.050000
6119,27.546025,0.050000
6120,31.629573,0.050000
6121,35.838438,0.050000
6122,34.317169,0.050000
6123,30.648196,0.050000
6124,31.441135,0.050000
6125,40.142231,0.050000
6126,33.626271,0.050000
6127,37.937374,0.050000
6128,32.109702,0.050000
6129,34.426481,0.050000
6130,29.560369,0.050000
6131,34.219045,0.050000
6132,26.643637,0.050000
6133,32.652424,0.050000
6134,34.410950,0.050000
6135,35.512093,0.050000
6136,36.738534,0.050000
6137,33.452553,0.050000
6138,39.078265,0.050000
6139,34.675930,0.050000
6140,33.190877,0.050000
6141,33.676366,0.050000
6142,29.292777,0.050000
6143,36.290651,0.050000
6144,31.982268,0.050000
6145,35.532469,0.050000
6146,34.590391,0.050000
6147,35.012353,0.050000
6148,30.273861,0.050000
6149,31.346014,0.050000
6150,33.916621,0.050000
6151,34.539185,0.050000
6152,30.232567,0.050000
6153,27.433069,0.050000
6154,34.461857,0.050000
6155,32.320762,0.050000
6156,34.203695,0.050000
6157,39.642425,0.050000
6158,34.758680,0.050000
6159,33.823105,0.050000
6160,31.842485,0.050000
6161,33.579394,0.050000
6162,35.048605,0.050000
6163,35.820217,0.050000
6164,30.227767,0.050000
6165,34.052480,0.050000
6166,36.313184,0.050000
6167,36.388870,0.050000
6168,36.676614,0.050000
6169,33.920788,0.050000
6170,28.457238,0.050000
6171,30.865294,0.050000
6172,36.094816,0.050000
6173,33.848898,0.050000
6174,30.124779,0.050000
6175,32.464339,0.050000
6176,29.970109,0.050000
6177,29.405578,0.050000
6178,30.041313,0.050000
6179,37.761545,0.050000
6180,29.151891,0.050000
6181,34.493837,0.050000
6182,26.937929,0.050000
6183,31.613045,0.050000
6184,29.831665,0.050000
6185,36.190306,0.050000
6186,29.524141,0.050000
6187,29.017925,0.050000
6188,31.658148,0.050000
6189,33.038467,0.050000
6190,30.255166,0.050000
6191,34.616334,0.050000
6192,28.373551,0.050000
6193,26.263632,0.050000
6194,33.183550,0.050000
6195,27.859215,0.050000
6196,33.482395,0.050000
6197,32.562534,0.050000
6198,32.055222,0.050000
6199,30.533927,0.050000
6200,32.352854,0.050000
6201,29.491144,0.050000
6202,31.710733,0.050000
6203,32.467395,0.050000
6204,31.666246,0.050000
6205,32.341001,0.050000
6206,29.550924,0.050000
6207,30.141480,0.050000
6208,33.638262,0.050000
6209,34.372067,0.050000
6210,34.148086,0.050000
6211,31.625589,0.050000
6212,29.597501,0.050000
6213,32.836045,0.050000
6214,31.772613,0.050000
6215,33.357372,0.050000
6216,31.568677,0.050000
6217,35.272859,0.050000
6218,26.591998,0.050000
6219,30.977019,0.050000
6220,36.623226,0.050000
6221,31.246952,0.050000
6222,31.216370,0.050000
6223,31.229956,0.050000
6224,36.833264,0.050000
6225,30.109355,0.050000
6226,28.534834,0.050000
6227,34.879884,0.050000
6228,35.460636,0.050000
6229,33.762515,0.050000
6230,30.977200,0.050000
6231,32.411498,0.050000
6232,31.132529,0.050000
6233,34.285390,0.050000
6234,31.897769,0.050000
6235,32.836240,0.050000
6236,33.131171,0.050000
6237,29.043974,0.050000
6238,30.067783,0.050000
6239,34.965526,0.050000
6240,29.214398,0.050000
6241,30.830610,0.050000
6242,31.591136,0.050000
6243,33.843941,0.050000
6244,35.607874,0.050000
6245,33.292615,0.050000
6246,34.456367,0.050000
6247,40.931777,0.050000
6248,34.733772,0.050000
6249,39.123458,0.050000
6250,36.708883,0.050000
6251,31.473682,0.050000
6252,42.109901,0.050000
6253,31.806245,0.050000
6254,31.657152,0.050000
6255,33.508755,0.050000
6256,37.094694,0.050000
6257,36.482588,0.050000
6258,40.005021,0.050000
6259,39.482979,0.050000
6260,39.617178,0.050000
6261,38.051932,0.050000
6262,37.030554,0.050000
6263,42.040074,0.050000
6264,41.126660,0.050000
6265,33.484685,0.050000
6266,31.115066,0.050000
6267,33.272245,0.050000
6268,43.762082,0.050000
6269,41.074078,0.050000
6270,32.114782,0.050000
6271,31.918195,0.050000
6272,34.071346,0.050000
6273,30.134893,0.050000
6274,34.744866,0.050000
6275,40.604288,0.050000
6276,33.309912,0.050000
6277,39.045955,0.050000
6278,38.954212,0.050000
6279,40.629262,0.050000
6280,34.064893,0.050000
6281,35.008745,0.050000
6282,32.692900,0.050000
6283,31.746081,0.050000
6284,37.641779,0.050000
6285,34.955227,0.050000
6286,37.875202,0.050000
6287,35.450932,0.050000
6288,33.739793,0.050000
6289,30.587384,0.050000
6290,40.417871,0.050000
6291,36.048182,0.050000
6292,30.979436,0.050000
6293,41.268598,0.050000
6294,36.105766,0.050000
6295,31.790482,0.050000
6296,41.427967,0.050000
6297,33.811139,0.050000
6298,40.043601,0.050000
6299,32.593491,0.050000
6300,38.591719,0.050000
6301,25.584959,0.050000
6302,23.761646,0.050000
6303,37.566006,0.050000
6304,39.892175,0.050000
6305,37.888029,0.050000
6306,34.080684,0.050000
6307,31.017876,0.050000
6308,35.775512,0.050000
6309,34.363237,0.050000
6310,36.849445,0.050000
6311,37.116205,0.050000
6312,36.101584,0.050000
6313,38.468065,0.050000
6314,32.580270,0.050000
6315,31.624966,0.050000
6316,33.594872,0.050000
6317,34.339150,0.050000
6318,31.612419,0.050000
6319,40.659620,0.050000
6320,37.362664,0.050000
6321,40.160283,0.050000
6322,34.037982,0.050000
6323,38.477370,0.050000
6324,36.664288,0.050000
6325,43.077595,0.050000
6326,37.500202,0.050000
6327,39.382149,0.050000
6328,37.435012,0.050000
6329,37.948554,0.050000
6330,35.145780,0.050000
6331,36.775326,0.050000
6332,40.092873,0.050000
6333,34.488023,0.050000
6334,40.679486,0.050000
6335,38.780158,0.050000
6336,35.561144,0.050000
6337,32.953954,0.050000
6338,36.098808,0.050000
6339,32.731759,0.050000
6340,34.433292,0.050000
6341,37.190581,0.050000
6342,29.694317,0.050000
6343,26.860296,0.050000
6344,29.156141,0.050000
6345,32.653176,0.050000
6346,39.840289,0.050000
6347,29.034817,0.050000
6348,28.789916,0.050000
6349,31.914981,0.050000
6350,30.324163,0.050000
6351,38.226841,0.050000
6352,34.844327,0.050000
6353,25.661802,0.050000
6354,37.052699,0.050000
6355,36.035066,0.050000
6356,28.570056,0.050000
6357,37.986579,0.050000
6358,36.622549,0.050000
6359,34.394282,0.050000
6360,35.023753,0.050000
6361,36.613234,0.050000
6362,32.142977,0.050000
6363,36.461441,0.050000
6364,29.745167,0.050000
6365,34.469094,0.050000
6366,33.631608,0.050000
6367,38.538879,0.050000
6368,35.414369,0.050000
6369,37.234272,0.050000
6370,35.973081,0.050000
6371,42.259532,0.050000
6372,32.249213,0.050000
6373,36.551176,0.050000
6374,34.992389,0.050000
6375,34.484874,0.050000
6376,36.594453,0.050000
6377,36.094340,0.050000
6378,37.552860,0.050000
6379,32.710444,0.050000
6380,36.502557,0.050000
6381,33.578364,0.050000
6382,32.059522,0.050000
6383,34.216693,0.050000
6384,31.732544,0.050000
6385,31.490902,0.050000
6386,32.844268,0.050000
6387,28.219565,0.050000
6388,33.564720,0.050000
6389,27.895530,0.050000
6390,31.623008,0.050000
6391,35.177486,0.050000
6392,35.714100,0.050000
6393,31.870987,0.050000
6394,32.164037,0.050000
6395,30.585409,0.050000
6396,23.655427,0.050000
6397,37.945799,0.050000
6398,32.462196,0.050000
6399,30.196952,0.050000
6400,35.476791,0.050000
6401,35.744032,0.050000
6402,33.145753,0.050000
6403,33.428489,0.050000
6404,33.565034,0.050000
6405,36.995121,0.050000
6406,35.162453,0.050000
6407,31.385622,0.050000
6408,37.496537,0.050000
6409,33.576800,0.050000
6410,30.342462,0.050000
6411,32.048080,0.050000
6412,31.865519,0.050000
6413,34.025323,0.050000
6414,34.644510,0.050000
6415,31.801614,0.050000
6416,36.739636,0.050000
6417,40.591329,0.050000
6418,38.018150,0.050000
6419,39.649903,0.050000
6420,36.432859,0.050000
6421,34.590849,0.050000
6422,32.784737,0.050000
6423,37.298207,0.050000
6424,37.406970,0.050000
6425,33.507293,0.050000
6426,31.979795,0.050000
6427,33.099804,0.050000
6428,36.794025,0.050000
6429,35.760117,0.050000
6430,38.550390,0.050000
6431,38.508031,0.050000
6432,35.602654,0.050000
6433,37.998660,0.050000
6434,31.376329,0.050000
6435,33.547214,0.050000
6436,35.340726,0.050000
6437,36.180616,0.050000
6438,35.320265,0.050000
6439,35.862841,0.050000
6440,38.864118,0.050000
6441,34.150434,0.050000
6442,37.723975,0.050000
6443,32.427876,0.050000
6444,36.541894,0.050000
6445,34.962123,0.050000
6446,35.517766,0.050000
6447,36.677581,0.050000
6448,30.985403,0.050000
6449,32.703042,0.050000
6450,31.811585,0.050000
6451,28.318901,0.050000
6452,35.544759,0.050000
6453,27.849728,0.050000
6454,38.223551,0.050000
6455,35.198095,0.050000
6456,34.336459,0.050000
6457,35.049522,0.050000
6458,38.532641,0.050000
6459,34.370066,0.050000
6460,34.830463,0.050000
6461,35.447223,0.050000
6462,36.461732,0.050000
6463,37.797725,0.050000
6464,35.141854,0.050000
6465,33.911585,0.050000
6466,31.940953,0.050000
6467,31.788597,0.050000
6468,34.229401,0.050000
6469,34.985660,0.050000
6470,35.765167,0.050000
6471,34.626465,0.050000
6472,31.078617,0.050000
6473,32.036608,0.050000
6474,34.579667,0.050000
6475,31.481416,0.050000
6476,29.704280,0.050000
6477,36.848958,0.050000
6478,29.821086,0.050000
6479,37.176237,0.050000
6480,32.897791,0.050000
6481,36.515726,0.050000
6482,36.462870,0.050000
6483,36.091245,0.050000
6484,33.498562,0.050000
6485,34.753798,0.050000
6486,36.366404,0.050000
6487,35.670908,0.050000
6488,35.120866,0.050000
6489,32.042589,0.050000
6490,39.248104,0.050000
6491,38.491284,0.050000
6492,31.314210,0.050000
6493,35.828622,0.050000
6494,36.953389,0.050000
6495,30.522405,0.050000
6496,35.414965,0.050000
6497,35.905929,0.050000
6498,37.403166,0.050000
6499,34.769708,0.050000
6500,30.374795,0.050000
6501,33.959182,0.050000
6502,34.762184,0.050000
6503,38.382785,0.050000
6504,27.276318,0.050000
6505,37.047057,0.050000
6506,38.309981,0.050000
6507,36.436301,0.050000
6508,36.100754,0.050000
6509,34.613544,0.050000
6510,34.946407,0.050000
6511,33.066180,0.050000
6512,39.383082,0.050000
6513,34.950211,0.050000
6514,38.827280,0.050000
6515,35.550149,0.050000
6516,39.043880,0.050000
6517,36.130829,0.050000
6518,37.501976,0.050000
6519,38.316809,0.050000
6520,38.030765,0.050000
6521,37.299113,0.050000
6522,36.784583,0.050000
6523,34.802851,0.050000
6524,35.525837,0.050000
6525,35.892206,0.050000
6526,32.574344,0.050000
6527,30.566193,0.050000
6528,37.411250,0.050000
6529,36.455161,0.050000
6530,34.723755,0.050000
6531,37.782466,0.050000
6532,33.193117,0.050000
6533,35.564283,0.050000
6534,38.069869,0.050000
6535,39.632965,0.050000
6536,36.547574,0.050000
6537,36.800866,0.050000
6538,39.199770,0.050000
6539,37.655752,0.050000
6540,31.722525,0.050000
6541,33.141692,0.050000
6542,33.644104,0.050000
6543,35.721478,0.050000
6544,35.395247,0.050000
6545,29.871166,0.050000
6546,39.217422,0.050000
6547,32.745409,0.050000
6548,35.096182,0.050000
6549,39.368743,0.050000
6550,34.980781,0.050000
6551,39.054914,0.050000
6552,37.438790,0.050000
6553,37.198681,0.050000
6554,28.236153,0.050000
6555,24.277656,0.050000
6556,25.707007,0.050000
6557,26.011441,0.050000
6558,12.272554,0.050000
6559,10.906703,0.050000
6560,14.016957,0.050000
6561,14.780247,0.050000
6562,18.111911,0.050000
6563,14.904677,0.050000
6564,14.163642,0.050000
6565,12.338576,0.050000
6566,17.381994,0.050000
6567,18.979308,0.050000
6568,12.364425,0.050000
6569,22.498329,0.050000
6570,25.483855,0.050000
6571,24.423072,0.050000
6572,27.392422,0.050000
6573,24.030470,0.050000
6574,22.487126,0.050000
6575,22.695949,0.050000
6576,23.694415,0.050000
6577,20.638677,0.050000
6578,23.873154,0.050000
6579,23.269081,0.050000
6580,27.599723,0.050000
6581,22.026267,0.050000
6582,20.101107,0.050000
6583,23.361978,0.050000
6584,22.491905,0.050000
6585,21.501405,0.050000
6586,23.422145,0.050000
6587,23.198167,0.050000
6588,25.792652,0.050000
6589,26.234574,0.050000
6590,23.744008,0.050000
6591,27.530906,0.050000
6592,24.868143,0.050000
6593,26.166080,0.050000
6594,21.944795,0.050000
6595,27.875834,0.050000
6596,25.397122,0.050000
6597,26.053051,0.050000
6598,25.862648,0.050000
6599,22.767409,0.050000
6600,25.592194,0.050000
6601,28.518989,0.050000
6602,26.945612,0.050000
6603,27.621626,0.050000
6604,27.784907,0.050000
6605,25.905529,0.050000
6606,28.887786,0.050000
6607,30.672930,0.050000
6608,40.232384,0.050000
6609,35.006291,0.050000
6610,31.250964,0.050000
6611,27.992403,0.050000
6612,33.587864,0.050000
6613,32.469968,0.050000
6614,28.387099,0.050000
6615,35.215601,0.050000
6616,34.863468,0.050000
6617,29.802111,0.050000
6618,36.784136,0.050000
6619,35.620684,0.050000
6620,40.409878,0.050000
6621,36.286686,0.050000
6622,34.624458,0.050000
6623,30.728202,0.050000
6624,31.581265,0.050000
6625,29.155395,0.050000
6626,30.561486,0.050000
6627,31.075224,0.050000
6628,34.093866,0.050000
6629,30.784379,0.050000
6630,31.312690,0.050000
6631,32.687945,0.050000
6632,22.599311,0.050000
6633,26.177246,0.050000
6634,25.498960,0.050000
6635,26.006297,0.050000
6636,28.470348,0.050000
6637,26.423228,0.050000
6638,28.258081,0.050000
6639,16.689748,0.050000
6640,21.599522,0.050000
6641,21.403992,0.050000
6642,22.213664,0.050000
6643,18.477568,0.050000
6644,15.146195,0.050000
6645,18.683637,0.050000
6646,18.674526,0.050000
6647,17.035352,0.050000
6648,16.800613,0.050000
6649,22.664535,0.050000
6650,21.914835,0.050000
6651,20.975982,0.050000
6652,20.732882,0.050000
6653,24.869909,0.050000
6654,31.412779,0.050000
6655,28.695284,0.050000
6656,33.046136,0.050000
6657,27.704271,0.050000
6658,33.889065,0.050000
6659,21.332505,0.050000
6660,24.777303,0.050000
6661,32.814537,0.050000
6662,32.130345,0.050000
6663,30.978166,0.050000
6664,34.391737,0.050000
6665,31.792724,0.050000
6666,36.434695,0.050000
6667,36.887329,0.050000
6668,33.946941,0.050000
6669,31.889771,0.050000
6670,37.777582,0.050000
6671,41.453540,0.050000
6672,32.878001,0.050000
6673,40.057451,0.050000
6674,35.281322,0.050000
6675,37.261110,0.050000
6676,30.687111,0.050000
6677,37.247426,0.050000
6678,31.920022,0.050000
6679,36.374215,0.050000
6680,37.066780,0.050000
6681,32.965021,0.050000
6682,39.489779,0.050000
6683,38.952796,0.050000
6684,31.953348,0.050000
6685,31.522933,0.050000
6686,34.320015,0.050000
6687,34.127134,0.050000
6688,39.907144,0.050000
6689,38.409902,0.050000
6690,32.882860,0.050000
6691,40.002764,0.050000
6692,34.217668,0.050000
6693,40.321107,0.050000
6694,37.442236,0.050000
6695,36.779239,0.050000
6696,38.006043,0.050000
6697,34.942595,0.050000
6698,30.599768,0.050000
6699,39.168131,0.050000
6700,37.843705,0.050000
6701,38.881714,0.050000
6702,36.579979,0.050000
6703,32.699571,0.050000
6704,38.952780,0.050000
6705,35.445906,0.050000
6706,34.578557,0.050000
6707,36.678214,0.050000
6708,37.447491,0.050000
6709,37.824014,0.050000
6710,35.801862,0.050000
6711,40.849276,0.050000
6712,34.789598,0.050000
6713,35.657991,0.050000
6714,33.667096,0.050000
6715,34.733055,0.050000
6716,35.155842,0.050000
6717,35.960003,0.050000
6718,33.621498,0.050000
6719,33.790015,0.050000
6720,38.347966,0.050000
6721,38.645979,0.050000
6722,39.635201,0.050000
6723,38.441536,0.050000
6724,38.724032,0.050000
6725,32.633721,0.050000
6726,27.959733,0.050000
6727,37.286749,0.050000
6728,34.556138,0.050000
6729,32.336899,0.050000
6730,34.597318,0.050000
6731,32.746019,0.050000
6732,28.114068,0.050000
6733,25.546635,0.050000
6734,34.440455,0.050000
6735,26.144574,0.050000
6736,23.063042,0.050000
6737,31.457324,0.050000
6738,39.493476,0.050000
6739,41.056357,0.050000
6740,26.398137,0.050000
6741,33.837416,0.050000
6742,26.583547,0.050000
6743,38.548500,0.050000
6744,31.547334,0.050000
6745,33.078072,0.050000
6746,33.256473,0.050000
6747,33.291439,0.050000
6748,29.835548,0.050000
6749,36.434118,0.050000
6750,31.533725,0.050000
6751,32.875339,0.050000
6752,32.100259,0.050000
6753,32.397577,0.050000
6754,37.167803,0.050000
6755,32.292185,0.050000
6756,34.022431,0.050000
6757,40.569539,0.050000
6758,37.059556,0.050000
6759,33.213366,0.050000
6760,35.962620,0.050000
6761,35.846154,0.050000
6762,39.688740,0.050000
6763,34.835319,0.050000
6764,39.824720,0.050000
6765,31.824541,0.050000
6766,36.200874,0.050000
6767,34.523282,0.050000
6768,37.235875,0.050000
6769,34.380836,0.050000
6770,32.438812,0.050000
6771,32.997657,0.050000
6772,31.015801,0.050000
6773,36.994375,0.050000
6774,36.438007,0.050000
6775,34.824246,0.050000
6776,36.414239,0.050000
6777,35.762299,0.050000
6778,35.888273,0.050000
6779,38.193531,0.050000
6780,34.684476,0.050000
6781,37.757692,0.050000
6782,34.215246,0.050000
6783,32.032355,0.050000
6784,37.168862,0.050000
6785,38.426723,0.050000
6786,31.498752,0.050000
6787,37.061455,0.050000
6788,37.022497,0.050000
6789,35.085673,0.050000
6790,33.553146,0.050000
6791,40.932756,0.050000
6792,37.218271,0.050000
6793,39.329092,0.050000
6794,42.300043,0.050000
6795,37.107388,0.050000
6796,38.188699,0.050000
6797,36.714778,0.050000
6798,33.977101,0.050000
6799,39.359031,0.050000
6800,39.897950,0.050000
6801,33.153355,0.050000
6802,35.576767,0.050000
6803,38.875625,0.050000
6804,39.476806,0.050000
6805,38.990806,0.050000
6806,35.349750,0.050000
6807,35.076626,0.050000
6808,37.314397,0.050000
6809,37.577480,0.050000
6810,38.825778,0.050000
6811,38.471755,0.050000
6812,40.817756,0.050000
6813,35.973237,0.050000
6814,38.377652,0.050000
6815,36.490850,0.050000
6816,34.394675,0.050000
6817,40.229353,0.050000
6818,34.103367,0.050000
6819,40.755073,0.050000
6820,37.600397,0.050000
6821,27.830962,0.050000
6822,40.175418,0.050000
6823,32.253912,0.050000
6824,30.881341,0.050000
6825,31.420026,0.050000
6826,34.824350,0.050000
6827,35.451191,0.050000
6828,38.076234,0.050000
6829,32.758871,0.050000
6830,29.820488,0.050000
6831,38.079107,0.050000
6832,32.980557,0.050000
6833,31.981360,0.050000
6834,38.097961,0.050000
6835,32.115762,0.050000
6836,39.183580,0.050000
6837,41.718050,0.050000
6838,31.653114,0.050000
6839,36.528013,0.050000
6840,36.718791,0.050000
6841,41.036411,0.050000
6842,33.502017,0.050000
6843,36.973011,0.050000
6844,30.574649,0.050000
6845,30.255269,0.050000
6846,34.465219,0.050000
6847,34.090067,0.050000
6848,35.015214,0.050000
6849,38.169555,0.050000
6850,33.452090,0.050000
6851,27.281012,0.050000
6852,32.452478,0.050000
6853,33.290527,0.050000
6854,34.623949,0.050000
6855,35.505690,0.050000
6856,32.046354,0.050000
6857,35.131038,0.050000
6858,39.632818,0.050000
6859,35.807065,0.050000
6860,37.559982,0.050000
6861,32.743980,0.050000
6862,35.174034,0.050000
6863,37.133559,0.050000
6864,33.946278,0.050000
6865,32.892292,0.050000
6866,35.826599,0.050000
6867,37.785002,0.050000
6868,38.951982,0.050000
6869,34.868854,0.050000
6870,41.180440,0.050000
6871,37.532658,0.050000
6872,32.152734,0.050000
6873,34.250333,0.050000
6874,36.395078,0.050000
6875,40.681685,0.050000
6876,37.471736,0.050000
6877,41.861905,0.050000
6878,34.637849,0.050000
6879,37.587399,0.050000
6880,35.674677,0.050000
6881,39.128554,0.050000
6882,41.162219,0.050000
6883,40.540668,0.050000
6884,40.512671,0.050000
6885,38.460083,0.050000
6886,36.555146,0.050000
6887,33.633593,0.050000
6888,31.535784,0.050000
6889,30.568582,0.050000
6890,32.229894,0.050000
6891,30.834324,0.050000
6892,36.751842,0.050000
6893,37.842858,0.050000
6894,36.630643,0.050000
6895,31.646505,0.050000
6896,36.783854,0.050000
6897,33.198838,0.050000
6898,32.792971,0.050000
6899,36.880229,0.050000
6900,37.448177,0.050000
6901,37.329879,0.050000
6902,35.686560,0.050000
6903,38.966461,0.050000
6904,41.931206,0.050000
6905,29.454726,0.050000
6906,33.214375,0.050000
6907,40.474009,0.050000
6908,32.489802,0.050000
6909,39.369541,0.050000
6910,35.805390,0.050000
6911,35.984837,0.050000
6912,41.448016,0.050000
6913,37.760841,0.050000
6914,36.210526,0.050000
6915,41.440649,0.050000
6916,32.241958,0.050000
6917,33.250775,0.050000
6918,32.103954,0.050000
6919,35.360677,0.050000
6920,37.948788,0.050000
6921,35.864962,0.050000
6922,30.912822,0.050000
6923,36.789841,0.050000
6924,38.988162,0.050000
6925,39.040160,0.050000
6926,37.851678,0.050000
6927,36.762847,0.050000
6928,32.097095,0.050000
6929,31.450319,0.050000
6930,33.949052,0.050000
6931,31.983078,0.050000
6932,37.201232,0.050000
6933,36.010107,0.050000
6934,37.145625,0.050000
6935,36.071107,0.050000
6936,35.815915,0.050000
6937,36.868615,0.050000
6938,30.328858,0.050000
6939,31.877747,0.050000
6940,36.575320,0.050000
6941,34.920951,0.050000
6942,34.592044,0.050000
6943,37.459660,0.050000
6944,37.311118,0.050000
6945,39.518077,0.050000
6946,35.928941,0.050000
6947,35.277161,0.050000
6948,42.047141,0.050000
6949,30.624494,0.050000
6950,37.590273,0.050000
6951,39.430643,0.050000
6952,38.923533,0.050000
6953,22.984061,0.050000
6954,33.639692,0.050000
6955,35.006169,0.050000
6956,37.122237,0.050000
6957,34.874628,0.050000
6958,34.435781,0.050000
6959,32.483704,0.050000
6960,36.495314,0.050000
6961,34.027925,0.050000
6962,34.467874,0.050000
6963,34.657820,0.050000
6964,35.256374,0.050000
6965,32.993920,0.050000
6966,32.965660,0.050000
6967,34.288133,0.050000
6968,33.197299,0.050000
6969,33.436554,0.050000
6970,33.745195,0.050000
6971,35.916361,0.050000
6972,35.659359,0.050000
6973,36.637039,0.050000
6974,33.446423,0.050000
6975,33.553581,0.050000
6976,31.665662,0.050000
6977,37.400253,0.050000
6978,40.556251,0.050000
6979,35.515153,0.050000
6980,32.150394,0.050000
6981,36.999047,0.050000
6982,35.158220,0.050000
6983,36.505594,0.050000
6984,37.452140,0.050000
6985,34.438851,0.050000
6986,36.480146,0.050000
6987,34.371110,0.050000
6988,33.084349,0.050000
6989,31.599084,0.050000
6990,33.976987,0.050000
6991,34.752675,0.050000
6992,38.362559,0.050000
6993,37.944360,0.050000
6994,38.487150,0.050000
6995,38.898575,0.050000
6996,29.704300,0.050000
6997,35.427431,0.050000
6998,37.452894,0.050000
6999,36.020378,0.050000
7000,35.116996,0.050000
7001,39.294587,0.050000
7002,40.039219,0.050000
7003,36.516089,0.050000
7004,36.225938,0.050000
7005,33.605366,0.050000
7006,35.030533,0.050000
7007,31.446246,0.050000
7008,37.897753,0.050000
7009,39.732931,0.050000
7010,36.295016,0.050000
7011,28.581564,0.050000
7012,39.119953,0.050000
7013,29.333581,0.050000
7014,38.488249,0.050000
7015,38.366020,0.050000
7016,39.334428,0.050000
7017,38.841052,0.050000
7018,35.984435,0.050000
7019,38.288732,0.050000
7020,34.537434,0.050000
7021,33.939400,0.050000
7022,37.138012,0.050000
7023,37.983970,0.050000
7024,36.706198,0.050000
7025,30.101016,0.050000
7026,32.253897,0.050000
7027,37.941169,0.050000
7028,32.401318,0.050000
7029,32.191394,0.050000
7030,32.456614,0.050000
7031,34.483734,0.050000
7032,29.444338,0.050000
7033,34.194485,0.050000
7034,36.151761,0.050000
7035,36.499925,0.050000
7036,36.738249,0.050000
7037,33.645956,0.050000
7038,33.838096,0.050000
7039,36.240699,0.050000
7040,35.137242,0.050000
7041,30.683830,0.050000
7042,36.642589,0.050000
7043,36.062324,0.050000
7044,35.170916,0.050000
7045,31.943556,0.050000
7046,35.104071,0.050000
7047,35.044218,0.050000
7048,33.140310,0.050000
7049,35.061578,0.050000
7050,42.055664,0.050000
7051,37.069041,0.050000
7052,33.885669,0.050000
7053,35.035945,0.050000
7054,35.419475,0.050000
7055,37.433627,0.050000
7056,37.146046,0.050000
7057,36.449660,0.050000
7058,38.408671,0.050000
7059,32.796446,0.050000
7060,33.950633,0.050000
7061,35.058230,0.050000
7062,35.930061,0.050000
7063,35.400844,0.050000
7064,37.590837,0.050000
7065,34.112441,0.050000
7066,37.278539,0.050000
7067,34.018112,0.050000
7068,36.024661,0.050000
7069,33.193943,0.050000
7070,40.567568,0.050000
7071,34.184440,0.050000
7072,37.065104,0.050000
7073,32.698792,0.050000
7074,35.748299,0.050000
7075,36.873892,0.050000
7076,35.217055,0.050000
7077,30.845610,0.050000
7078,35.467314,0.050000
7079,31.445941,0.050000
7080,37.795414,0.050000
7081,37.622742,0.050000
7082,33.345331,0.050000
7083,38.697604,0.050000
7084,32.421567,0.050000
7085,36.676773,0.050000
7086,32.193330,0.050000
7087,38.208156,0.050000
7088,31.992556,0.050000
7089,35.939591,0.050000
7090,35.923500,0.050000
7091,35.810400,0.050000
7092,31.658857,0.050000
7093,34.876010,0.050000
7094,33.330164,0.050000
7095,36.391788,0.050000
7096,29.723787,0.050000
7097,33.944342,0.050000
7098,32.196513,0.050000
7099,33.760132,0.050000
7100,35.460572,0.050000
7101,31.843084,0.050000
7102,36.700222,0.050000
7103,35.591405,0.050000
7104,36.842232,0.050000
7105,33.758707,0.050000
7106,34.069826,0.050000
7107,32.442444,0.050000
7108,36.892605,0.050000
7109,37.940598,0.050000
7110,34.308457,0.050000
7111,34.983357,0.050000
7112,37.014069,0.050000
7113,36.271052,0.050000
7114,30.480975,0.050000
7115,33.144834,0.050000
7116,35.304069,0.050000
7117,35.052674,0.050000
7118,34.900966,0.050000
7119,35.687661,0.050000
7120,34.865749,0.050000
7121,36.049234,0.050000
7122,33.776093,0.050000
7123,37.013246,0.050000
7124,35.572044,0.050000
7125,39.296521,0.050000
7126,29.560345,0.050000
7127,39.380621,0.050000
7128,38.116586,0.050000
7129,35.870738,0.050000
7130,33.185272,0.050000
7131,31.971998,0.050000
7132,31.969070,0.050000
7133,31.087722,0.050000
7134,36.371194,0.050000
7135,34.009211,0.050000
7136,38.298208,0.050000
7137,37.610865,0.050000
7138,34.853120,0.050000
7139,34.325881,0.050000
7140,35.284101,0.050000
7141,39.768818,0.050000
7142,34.792897,0.050000
7143,38.187509,0.050000
7144,33.826542,0.050000
7145,38.113256,0.050000
7146,40.167472,0.050000
7147,36.387990,0.050000
7148,34.848795,0.050000
7149,37.885025,0.050000
7150,38.358854,0.050000
7151,31.353169,0.050000
7152,37.098838,0.050000
7153,32.718938,0.050000
7154,35.608818,0.050000
7155,38.075230,0.050000
7156,37.258718,0.050000
7157,39.191533,0.050000
7158,35.048062,0.050000
7159,36.375769,0.050000
7160,36.613655,0.050000
7161,39.678691,0.050000
7162,35.941642,0.050000
7163,39.479031,0.050000
7164,35.915332,0.050000
7165,34.208075,0.050000
7166,40.011645,0.050000
7167,37.170068,0.050000
7168,39.889987,0.050000
7169,37.676685,0.050000
7170,37.404424,0.050000
7171,35.246041,0.050000
7172,37.736217,0.050000
7173,34.316959,0.050000
7174,37.065375,0.050000
7175,35.215396,0.050000
7176,38.049569,0.050000
7177,32.940402,0.050000
7178,35.744754,0.050000
7179,39.627093,0.050000
7180,37.150726,0.050000
7181,33.936568,0.050000
7182,40.474646,0.050000
7183,34.304107,0.050000
7184,34.928687,0.050000
7185,38.867920,0.050000
7186,36.147416,0.050000
7187,32.470548,0.050000
7188,36.508679,0.050000
7189,34.611171,0.050000
7190,35.718563,0.050000
7191,35.510041,0.050000
7192,35.354159,0.050000
7193,36.105580,0.050000
7194,35.463538,0.050000
7195,36.752180,0.050000
7196,31.643124,0.050000
7197,31.668087,0.050000
7198,36.067583,0.050000
7199,37.080788,0.050000
7200,31.785497,0.050000
7201,33.140117,0.050000
7202,28.896601,0.050000
7203,28.022737,0.050000
7204,28.309891,0.050000
7205,35.365888,0.050000
7206,33.689484,0.050000
7207,31.148563,0.050000
7208,30.836690,0.050000
7209,25.467957,0.050000
7210,31.121404,0.050000
7211,32.088236,0.050000
7212,27.805702,0.050000
7213,27.917446,0.050000
7214,31.633769,0.050000
7215,30.565532,0.050000
7216,25.839124,0.050000
7217,26.818678,0.050000
7218,31.413591,0.050000
7219,31.321719,0.050000
7220,24.508500,0.050000
7221,27.685739,0.050000
7222,25.163788,0.050000
7223,27.763402,0.050000
7224,31.888396,0.050000
7225,33.314897,0.050000
7226,31.867031,0.050000
7227,34.191850,0.050000
7228,31.295868,0.050000
7229,29.440284,0.050000
7230,33.847395,0.050000
7231,26.291926,0.050000
7232,28.871799,0.050000
7233,34.885870,0.050000
7234,28.152889,0.050000
7235,29.273242,0.050000
7236,29.478526,0.050000
7237,31.085805,0.050000
7238,36.568603,0.050000
7239,29.284283,0.050000
7240,32.265572,0.050000
7241,24.974704,0.050000
7242,31.785773,0.050000
7243,29.151510,0.050000
7244,27.588600,0.050000
7245,33.695346,0.050000
7246,33.274106,0.050000
7247,29.572677,0.050000
7248,35.655156,0.050000
7249,27.606140,0.050000
7250,37.177203,0.050000
7251,36.581622,0.050000
7252,34.999109,0.050000
7253,42.185652,0.050000
7254,38.082666,0.050000
7255,34.624200,0.050000
7256,32.800036,0.050000
7257,35.516719,0.050000
7258,35.699067,0.050000
7259,35.270182,0.050000
7260,34.509450,0.050000
7261,33.375445,0.050000
7262,31.929927,0.050000
7263,40.581469,0.050000
7264,42.034810,0.050000
7265,26.301551,0.050000
7266,37.051844,0.050000
7267,29.642658,0.050000
7268,36.392918,0.050000
7269,41.228577,0.050000
7270,35.499751,0.050000
7271,32.538689,0.050000
7272,36.188018,0.050000
7273,30.744735,0.050000
7274,33.923853,0.050000
7275,35.389398,0.050000
7276,32.828186,0.050000
7277,33.958050,0.050000
7278,37.698628,0.050000
7279,37.945631,0.050000
7280,34.366799,0.050000
7281,34.936342,0.050000
7282,33.725264,0.050000
7283,38.839679,0.050000
7284,29.174810,0.050000
7285,35.513353,0.050000
7286,37.453264,0.050000
7287,32.239550,0.050000
7288,30.971469,0.050000
7289,33.555511,0.050000
7290,38.758970,0.050000
7291,38.145204,0.050000
7292,33.966648,0.050000
7293,29.050031,0.050000
7294,36.728035,0.050000
7295,30.534364,0.050000
7296,36.579218,0.050000
7297,30.363468,0.050000
7298,30.531433,0.050000
7299,35.634881,0.050000
7300,33.712906,0.050000
7301,38.215794,0.050000
7302,36.456036,0.050000
7303,34.575033,0.050000
7304,32.248420,0.050000
7305,29.998005,0.050000
7306,33.981624,0.050000
7307,29.200473,0.050000
7308,34.551135,0.050000
7309,36.576054,0.050000
7310,39.211040,0.050000
7311,31.704487,0.050000
7312,31.753664,0.050000
7313,32.062371,0.050000
7314,37.159612,0.050000
7315,31.871374,0.050000
7316,34.739746,0.050000
7317,32.391359,0.050000
7318,39.929463,0.050000
7319,36.479259,0.050000
7320,38.095542,0.050000
7321,32.176472,0.050000
7322,36.300308,0.050000
7323,33.428447,0.050000
7324,29.515044,0.050000
7325,34.916061,0.050000
7326,31.445705,0.050000
7327,34.338471,0.050000
7328,34.739940,0.050000
7329,36.908860,0.050000
7330,32.724791,0.050000
7331,36.359152,0.050000
7332,32.509971,0.050000
7333,36.205407,0.050000
7334,32.980011,0.050000
7335,32.404595,0.050000
7336,26.987998,0.050000
7337,32.004320,0.050000
7338,29.321423,0.050000
7339,31.075030,0.050000
7340,35.266864,0.050000
7341,31.396304,0.050000
7342,35.541937,0.050000
7343,31.552480,0.050000
7344,34.224291,0.050000
7345,31.958184,0.050000
7346,33.096495,0.050000
7347,34.054713,0.050000
7348,35.620361,0.050000
7349,32.749816,0.050000
7350,40.112816,0.050000
7351,29.510267,0.050000
7352,31.697003,0.050000
7353,31.259398,0.050000
7354,36.794983,0.050000
7355,31.961090,0.050000
7356,29.160384,0.050000
7357,31.717092,0.050000
7358,34.753080,0.050000
7359,39.232701,0.050000
7360,32.841489,0.050000
7361,34.148529,0.050000
7362,37.315569,0.050000
7363,34.500447,0.050000
7364,40.771534,0.050000
7365,31.810159,0.050000
7366,37.531135,0.050000
7367,35.059237,0.050000
7368,35.139230,0.050000
7369,37.103288,0.050000
7370,35.475466,0.050000
7371,30.459955,0.050000
7372,32.313189,0.050000
7373,31.899511,0.050000
7374,35.495470,0.050000
7375,37.750551,0.050000
7376,32.747794,0.050000
7377,36.861793,0.050000
7378,35.650513,0.050000
7379,37.824393,0.050000
7380,38.947263,0.050000
7381,37.588126,0.050000
7382,39.043069,0.050000
7383,35.482854,0.050000
7384,35.020070,0.050000
7385,32.651768,0.050000
7386,21.801265,0.050000
7387,34.335228,0.050000
7388,32.433859,0.050000
7389,36.134632,0.050000
7390,33.009266,0.050000
7391,32.761669,0.050000
7392,32.451049,0.050000
7393,30.567415,0.050000
7394,33.709355,0.050000
7395,29.434388,0.050000
7396,32.127064,0.050000
7397,31.996567,0.050000
7398,37.391507,0.050000
7399,37.924357,0.050000
7400,36.676530,0.050000
7401,29.688347,0.050000
7402,27.732652,0.050000
7403,31.889967,0.050000
7404,31.308249,0.050000
7405,36.129369,0.050000
7406,33.677198,0.050000
7407,30.402730,0.050000
7408,29.342568,0.050000
7409,31.160994,0.050000
7410,31.353605,0.050000
7411,30.527534,0.050000
7412,33.019671,0.050000
7413,30.379504,0.050000
7414,37.072968,0.050000
7415,36.014713,0.050000
7416,33.434569,0.050000
7417,28.494573,0.050000
7418,31.285226,0.050000
7419,30.237032,0.050000
7420,28.878294,0.050000
7421,33.213005,0.050000
7422,33.578863,0.050000
7423,30.778279,0.050000
7424,31.380555,0.050000
7425,35.252479,0.050000
7426,30.492617,0.050000
7427,32.280902,0.050000
7428,29.704947,0.050000
7429,29.401429,0.050000
7430,30.708686,0.050000
7431,32.572867,0.050000
7432,25.664991,0.050000
7433,28.527871,0.050000
7434,29.209580,0.050000
7435,27.535476,0.050000
7436,34.182123,0.050000
7437,28.932380,0.050000
7438,29.659444,0.050000
7439,34.144416,0.050000
7440,30.132532,0.050000
7441,23.633524,0.050000
7442,32.275661,0.050000
7443,30.976020,0.050000
7444,35.430104,0.050000
7445,28.508052,0.050000
7446,27.172114,0.050000
7447,29.963653,0.050000
7448,26.166646,0.050000
7449,31.127998,0.050000
7450,31.076954,0.050000
7451,27.916126,0.050000
7452,29.628159,0.050000
7453,29.166084,0.050000
7454,32.809889,0.050000
7455,25.626685,0.050000
7456,31.769122,0.050000
7457,28.906551,0.050000
7458,28.653438,0.050000
7459,26.698072,0.050000
7460,30.231171,0.050000
7461,20.974006,0.050000
7462,29.673787,0.050000
7463,28.139846,0.050000
7464,31.487913,0.050000
7465,27.806449,0.050000
7466,31.166676,0.050000
7467,29.323048,0.050000
7468,33.134431,0.050000
7469,25.224381,0.050000
7470,30.361370,0.050000
7471,28.352252,0.050000
7472,30.390843,0.050000
7473,25.690572,0.050000
7474,26.823323,0.050000
7475,28.264811,0.050000
7476,32.125309,0.050000
7477,27.214103,0.050000
7478,28.799691,0.050000
7479,31.166147,0.050000
7480,27.075372,0.050000
7481,27.434824,0.050000
7482,30.726359,0.050000
7483,30.892773,0.050000
7484,26.965265,0.050000
7485,27.842758,0.050000
7486,24.504235,0.050000
7487,26.630577,0.050000
7488,25.792906,0.050000
7489,25.405785,0.050000
7490,27.541519,0.050000
7491,28.067137,0.050000
7492,30.431733,0.050000
7493,31.857975,0.050000
7494,31.370426,0.050000
7495,29.186565,0.050000
7496,25.453540,0.050000
7497,28.022224,0.050000
7498,33.818918,0.050000
7499,31.814698,0.050000
7500,28.006851,0.050000
7501,30.201543,0.050000
7502,26.992684,0.050000
7503,34.545148,0.050000
7504,28.559404,0.050000
7505,27.576848,0.050000
7506,29.093952,0.050000
7507,33.688300,0.050000
7508,27.201322,0.050000
7509,31.741884,0.050000
7510,25.257667,0.050000
7511,31.006619,0.050000
7512,25.830755,0.050000
7513,31.461860,0.050000
7514,27.427585,0.050000
7515,36.194970,0.050000
7516,30.455768,0.050000
7517,29.611597,0.050000
7518,37.937542,0.050000
7519,28.647891,0.050000
7520,35.655980,0.050000
7521,28.401946,0.050000
7522,30.228057,0.050000
7523,21.601902,0.050000
7524,30.459624,0.050000
7525,23.881272,0.050000
7526,33.776053,0.050000
7527,34.352512,0.050000
7528,40.161023,0.050000
7529,35.837942,0.050000
7530,36.952414,0.050000
7531,37.758906,0.050000
7532,37.125508,0.050000
7533,33.593306,0.050000
7534,31.463839,0.050000
7535,31.959455,0.050000
7536,32.087084,0.050000
7537,32.959673,0.050000
7538,37.701456,0.050000
7539,34.056328,0.050000
7540,30.608282,0.050000
7541,32.761196,0.050000
7542,27.857134,0.050000
7543,27.104072,0.050000
7544,29.702673,0.050000
7545,33.118844,0.050000
7546,28.734907,0.050000
7547,36.999657,0.050000
7548,36.444956,0.050000
7549,38.918022,0.050000
7550,28.341922,0.050000
7551,32.596351,0.050000
7552,33.045406,0.050000
7553,31.789804,0.050000
7554,29.507551,0.050000
7555,34.177295,0.050000
7556,34.952875,0.050000
7557,27.121426,0.050000
7558,32.959199,0.050000
7559,30.116846,0.050000
7560,38.695339,0.050000
7561,31.810451,0.050000
7562,38.986518,0.050000
7563,33.169165,0.050000
7564,35.999941,0.050000
7565,34.736309,0.050000
7566,32.367766,0.050000
7567,30.445814,0.050000
7568,35.522084,0.050000
7569,34.053565,0.050000
7570,36.881539,0.050000
7571,29.077776,0.050000
7572,26.876905,0.050000
7573,34.768126,0.050000
7574,31.952863,0.050000
7575,31.825280,0.050000
7576,30.264853,0.050000
7577,33.532723,0.050000
7578,30.733936,0.050000
7579,34.836335,0.050000
7580,34.224824,0.050000
7581,36.246911,0.050000
7582,28.139458,0.050000
7583,30.648871,0.050000
7584,35.001184,0.050000
7585,28.220589,0.050000
7586,33.731010,0.050000
7587,34.771130,0.050000
7588,38.898104,0.050000
7589,29.799017,0.050000
7590,28.157038,0.050000
7591,34.296206,0.050000
7592,28.917186,0.050000
7593,30.370872,0.050000
7594,30.119460,0.050000
7595,31.813890,0.050000
7596,19.540453,0.050000
7597,32.616011,0.050000
7598,24.335467,0.050000
7599,30.581701,0.050000
7600,38.369785,0.050000
7601,36.055024,0.050000
7602,31.138605,0.050000
7603,35.065202,0.050000
7604,30.048625,0.050000
7605,32.551168,0.050000
7606,33.245083,0.050000
7607,34.985088,0.050000
7608,28.103925,0.050000
7609,34.144946,0.050000
7610,31.575043,0.050000
7611,33.456490,0.050000
7612,31.803426,0.050000
7613,36.929540,0.050000
7614,33.395140,0.050000
7615,31.199969,0.050000
7616,33.599603,0.050000
7617,30.936852,0.050000
7618,32.887645,0.050000
7619,36.229574,0.050000
7620,35.462440,0.050000
7621,29.515814,0.050000
7622,31.544153,0.050000
7623,31.147840,0.050000
7624,31.694280,0.050000
7625,33.323319,0.050000
7626,30.579385,0.050000
7627,33.280549,0.050000
7628,34.594580,0.050000
7629,28.866844,0.050000
7630,37.571108,0.050000
7631,25.520635,0.050000
7632,29.540106,0.050000
7633,34.079404,0.050000
7634,31.432068,0.050000
7635,35.840946,0.050000
7636,31.168542,0.050000
7637,35.449498,0.050000
7638,29.739434,0.050000
7639,34.859638,0.050000
7640,35.159856,0.050000
7641,31.857096,0.050000
7642,32.548011,0.050000
7643,36.213965,0.050000
7644,35.308090,0.050000
7645,33.446900,0.050000
7646,35.859650,0.050000
7647,37.183551,0.050000
7648,35.589647,0.050000
7649,35.342745,0.050000
7650,29.978040,0.050000
7651,33.844494,0.050000
7652,28.385708,0.050000
7653,32.747037,0.050000
7654,33.912861,0.050000
7655,36.295618,0.050000
7656,35.090813,0.050000
7657,31.292373,0.050000
7658,29.156964,0.050000
7659,28.624201,0.050000
7660,36.349165,0.050000
7661,30.861950,0.050000
7662,32.330821,0.050000
7663,35.984760,0.050000
7664,29.781685,0.050000
7665,33.481475,0.050000
7666,32.490379,0.050000
7667,32.254825,0.050000
7668,34.886594,0.050000
7669,37.196133,0.050000
7670,32.874693,0.050000
7671,31.824163,0.050000
7672,32.232056,0.050000
7673,33.377731,0.050000
7674,30.698491,0.050000
7675,28.144178,0.050000
7676,37.589619,0.050000
7677,35.099009,0.050000
7678,36.482826,0.050000
7679,33.183776,0.050000
7680,37.769296,0.050000
7681,30.063269,0.050000
7682,33.752898,0.050000
7683,29.161433,0.050000
7684,32.685074,0.050000
7685,30.769975,0.050000
7686,31.984616,0.050000
7687,26.247842,0.050000
7688,22.641541,0.050000
7689,32.716670,0.050000
7690,27.446431,0.050000
7691,23.074040,0.050000
7692,23.463780,0.050000
7693,21.639907,0.050000
7694,24.635582,0.050000
7695,17.532486,0.050000
7696,17.305168,0.050000
7697,22.995952,0.050000
7698,18.269052,0.050000
7699,19.182386,0.050000
7700,16.215383,0.050000
7701,21.607542,0.050000
7702,19.320952,0.050000
7703,19.666820,0.050000
7704,21.716021,0.050000
7705,20.068202,0.050000
7706,20.992498,0.050000
7707,20.889660,0.050000
7708,19.023657,0.050000
7709,20.870421,0.050000
7710,19.322471,0.050000
7711,20.202702,0.050000
7712,17.079137,0.050000
7713,16.987032,0.050000
7714,20.224151,0.050000
7715,18.003595,0.050000
7716,18.496803,0.050000
7717,18.918978,0.050000
7718,19.770909,0.050000
7719,19.532639,0.050000
7720,14.668396,0.050000
7721,17.084254,0.050000
7722,17.617602,0.050000
7723,18.110508,0.050000
7724,22.773785,0.050000
7725,20.408243,0.050000
7726,19.994598,0.050000
7727,20.368670,0.050000
7728,18.994771,0.050000
7729,17.852226,0.050000
7730,17.520454,0.050000
7731,19.357915,0.050000
7732,20.020182,0.050000
7733,17.351075,0.050000
7734,19.590143,0.050000
7735,18.087752,0.050000
7736,21.245573,0.050000
7737,15.657485,0.050000
7738,20.576665,0.050000
7739,16.954616,0.050000
7740,20.308587,0.050000
7741,18.507992,0.050000
7742,20.232590,0.050000
7743,19.232466,0.050000
7744,17.588034,0.050000
7745,15.913799,0.050000
7746,17.141342,0.050000
7747,14.049952,0.050000
7748,17.304445,0.050000
7749,18.700956,0.050000
7750,18.168989,0.050000
7751,20.106093,0.050000
7752,17.238114,0.050000
7753,14.648007,0.050000
7754,20.075230,0.050000
7755,17.532636,0.050000
7756,17.525829,0.050000
7757,16.574849,0.050000
7758,18.181725,0.050000
7759,17.294598,0.050000
7760,15.917326,0.050000
7761,17.932965,0.050000
7762,18.637315,0.050000
7763,16.520204,0.050000
7764,12.693868,0.050000
7765,15.782628,0.050000
7766,15.290523,0.050000
7767,16.885629,0.050000
7768,16.377861,0.050000
7769,13.609727,0.050000
7770,18.206130,0.050000
7771,16.761911,0.050000
7772,13.534348,0.050000
7773,10.871119,0.050000
7774,14.180573,0.050000
7775,13.939791,0.050000
7776,14.373952,0.050000
7777,13.793219,0.050000
7778,13.440281,0.050000
7779,11.963395,0.050000
7780,13.440052,0.050000
7781,11.288243,0.050000
7782,13.650315,0.050000
7783,11.118469,0.050000
7784,12.195320,0.050000
7785,13.004097,0.050000
7786,14.822425,0.050000
7787,11.048991,0.050000
7788,11.353585,0.050000
7789,12.268179,0.050000
7790,13.566923,0.050000
7791,13.785350,0.050000
7792,15.280102,0.050000
7793,15.209557,0.050000
7794,17.072778,0.050000
7795,14.364877,0.050000
7796,18.346053,0.050000
7797,16.408044,0.050000
7798,14.548963,0.050000
7799,17.904238,0.050000
7800,16.026977,0.050000
7801,18.454029,0.050000
7802,16.999624,0.050000
7803,17.870414,0.050000
7804,19.119155,0.050000
7805,17.220619,0.050000
7806,16.234908,0.050000
7807,19.681990,0.050000
7808,15.018437,0.050000
7809,17.814820,0.050000
7810,17.152790,0.050000
7811,13.695292,0.050000
7812,17.197989,0.050000
7813,18.374736,0.050000
7814,21.281995,0.050000
7815,16.371597,0.050000
7816,14.981856,0.050000
7817,14.925633,0.050000
7818,17.959691,0.050000
7819,16.872423,0.050000
7820,17.873709,0.050000
7821,17.595695,0.050000
7822,16.457174,0.050000
7823,16.602215,0.050000
7824,17.390953,0.050000
7825,16.749280,0.050000
7826,13.932148,0.050000
7827,14.460131,0.050000
7828,19.941179,0.050000
7829,18.275222,0.050000
7830,17.815812,0.050000
7831,18.265908,0.050000
7832,15.550613,0.050000
7833,17.818050,0.050000
7834,18.032781,0.050000
7835,20.030371,0.050000
7836,20.116107,0.050000
7837,15.990550,0.050000
7838,14.955295,0.050000
7839,17.046352,0.050000
7840,16.497733,0.050000
7841,13.953220,0.050000
7842,16.916632,0.050000
7843,17.804303,0.050000
7844,19.573984,0.050000
7845,17.930660,0.050000
7846,17.669427,0.050000
7847,22.637508,0.050000
7848,19.873448,0.050000
7849,21.042337,0.050000
7850,20.487151,0.050000
7851,21.120011,0.050000
7852,21.458568,0.050000
7853,20.663498,0.050000
7854,18.510479,0.050000
7855,21.098339,0.050000
7856,18.661850,0.050000
7857,17.760096,0.050000
7858,19.650160,0.050000
7859,17.030336,0.050000
7860,17.991031,0.050000
7861,20.526335,0.050000
7862,18.760529,0.050000
7863,20.921720,0.050000
7864,22.988929,0.050000
7865,17.822533,0.050000
7866,20.638612,0.050000
7867,24.057256,0.050000
7868,21.610432,0.050000
7869,19.131335,0.050000
7870,21.138679,0.050000
7871,19.325747,0.050000
7872,24.048783,0.050000
7873,17.330948,0.050000
7874,16.952603,0.050000
7875,20.817533,0.050000
7876,21.080952,0.050000
7877,23.211712,0.050000
7878,24.437749,0.050000
7879,18.812160,0.050000
7880,21.333154,0.050000
7881,20.465187,0.050000
7882,20.629509,0.050000
7883,15.199417,0.050000
7884,23.157178,0.050000
7885,21.413122,0.050000
7886,19.788740,0.050000
7887,19.915535,0.050000
7888,19.769828,0.050000
7889,19.618656,0.050000
7890,24.531154,0.050000
7891,22.173839,0.050000
7892,21.526713,0.050000
7893,26.635886,0.050000
7894,31.624573,0.050000
7895,30.106022,0.050000
7896,30.270630,0.050000
7897,25.419351,0.050000
7898,27.890742,0.050000
7899,27.098841,0.050000
7900,21.439090,0.050000
7901,23.453940,0.050000
7902,26.158720,0.050000
7903,27.423449,0.050000
7904,23.790257,0.050000
7905,26.826803,0.050000
7906,25.971373,0.050000
7907,27.967478,0.050000
7908,27.540443,0.050000
7909,23.779781,0.050000
7910,27.656465,0.050000
7911,23.004358,0.050000
7912,26.868062,0.050000
7913,19.297779,0.050000
7914,19.200802,0.050000
7915,33.887909,0.050000
7916,26.243242,0.050000
7917,21.105834,0.050000
7918,20.445798,0.050000
7919,16.309454,0.050000
7920,19.093072,0.050000
7921,21.420774,0.050000
7922,20.308647,0.050000
7923,21.561338,0.050000
7924,21.800929,0.050000
7925,19.264865,0.050000
7926,21.096382,0.050000
7927,15.694759,0.050000
7928,15.693995,0.050000
7929,22.770065,0.050000
7930,20.708020,0.050000
7931,21.101003,0.050000
7932,21.531002,0.050000
7933,20.407891,0.050000
7934,16.112567,0.050000
7935,20.988434,0.050000
7936,22.401096,0.050000
7937,20.372872,0.050000
7938,18.673655,0.050000
7939,21.759815,0.050000
7940,19.949639,0.050000
7941,23.894807,0.050000
7942,18.277884,0.050000
7943,23.468673,0.050000
7944,18.299369,0.050000
7945,19.172878,0.050000
7946,19.526843,0.050000
7947,21.014322,0.050000
7948,21.751612,0.050000
7949,24.824473,0.050000
7950,24.467544,0.050000
7951,23.891761,0.050000
7952,20.003135,0.050000
7953,21.645948,0.050000
7954,25.506103,0.050000
7955,22.954677,0.050000
7956,18.322891,0.050000
7957,22.736514,0.050000
7958,21.391721,0.050000
7959,19.592989,0.050000
7960,24.206469,0.050000
7961,22.501520,0.050000
7962,16.318078,0.050000
7963,20.751114,0.050000
7964,24.223326,0.050000
7965,25.363566,0.050000
7966,20.132935,0.050000
7967,24.915151,0.050000
7968,31.408878,0.050000
7969,29.272575,0.050000
7970,30.544998,0.050000
7971,29.817484,0.050000
7972,30.773170,0.050000
7973,26.016684,0.050000
7974,26.579552,0.050000
7975,29.504298,0.050000
7976,29.889626,0.050000
7977,28.579802,0.050000
7978,29.539905,0.050000
7979,27.180685,0.050000
7980,25.810234,0.050000
7981,34.859072,0.050000
7982,28.833458,0.050000
7983,23.871842,0.050000
7984,29.579350,0.050000
7985,28.903848,0.050000
7986,31.004998,0.050000
7987,29.071573,0.050000
7988,35.722394,0.050000
7989,31.731996,0.050000
7990,34.757854,0.050000
7991,32.630278,0.050000
7992,28.021761,0.050000
7993,34.533609,0.050000
7994,32.227491,0.050000
7995,28.840883,0.050000
7996,28.367247,0.050000
7997,32.584806,0.050000
7998,26.044957,0.050000
7999,28.534702,0.050000
8000,25.824725,0.050000
8001,25.990691,0.050000
8002,27.136930,0.050000
8003,36.554586,0.050000
8004,21.424557,0.050000
8005,24.707700,0.050000
8006,30.524313,0.050000
8007,30.215201,0.050000
8008,26.481451,0.050000
8009,34.008011,0.050000
8010,22.205115,0.050000
8011,29.362312,0.050000
8012,26.685172,0.050000
8013,30.559694,0.050000
8014,29.191698,0.050000
8015,30.477413,0.050000
8016,30.618972,0.050000
8017,27.267321,0.050000
8018,27.015493,0.050000
8019,31.297069,0.050000
8020,28.543215,0.050000
8021,25.666189,0.050000
8022,26.705728,0.050000
8023,23.109189,0.050000
8024,36.351695,0.050000
8025,24.637583,0.050000
8026,30.980485,0.050000
8027,20.888605,0.050000
8028,27.177968,0.050000
8029,29.146579,0.050000
8030,26.496920,0.050000
8031,35.128029,0.050000
8032,27.386356,0.050000
8033,25.334958,0.050000
8034,27.315370,0.050000
8035,26.589306,0.050000
8036,24.501503,0.050000
8037,26.664814,0.050000
8038,25.664562,0.050000
8039,26.249969,0.050000
8040,32.451644,0.050000
8041,26.129809,0.050000
8042,29.904383,0.050000
8043,26.760401,0.050000
8044,24.071799,0.050000
8045,28.273403,0.050000
8046,27.816787,0.050000
8047,26.861124,0.050000
8048,28.688292,0.050000
8049,28.782534,0.050000
8050,26.969544,0.050000
8051,26.945805,0.050000
8052,31.434462,0.050000
8053,31.042292,0.050000
8054,22.769350,0.050000
8055,28.552455,0.050000
8056,29.245520,0.050000
8057,23.965822,0.050000
8058,28.020130,0.050000
8059,24.493270,0.050000
8060,29.103767,0.050000
8061,29.522192,0.050000
8062,23.798362,0.050000
8063,25.389398,0.050000
8064,30.483633,0.050000
8065,32.060984,0.050000
8066,17.601610,0.050000
8067,33.087931,0.050000
8068,24.502411,0.050000
8069,30.577548,0.050000
8070,27.347711,0.050000
8071,31.301407,0.050000
8072,34.946382,0.050000
8073,29.172395,0.050000
8074,30.495051,0.050000
8075,28.829687,0.050000
8076,30.398782,0.050000
8077,29.970896,0.050000
8078,30.492982,0.050000
8079,28.535140,0.050000
8080,28.812686,0.050000
8081,32.521760,0.050000
8082,29.724043,0.050000
8083,26.071659,0.050000
8084,31.900919,0.050000
8085,28.956128,0.050000
8086,28.806343,0.050000
8087,25.388850,0.050000
8088,23.513903,0.050000
8089,28.300366,0.050000
8090,29.359293,0.050000
8091,29.348111,0.050000
8092,27.449967,0.050000
8093,28.415726,0.050000
8094,29.112476,0.050000
8095,26.883624,0.050000
8096,26.588422,0.050000
8097,29.023193,0.050000
8098,27.878222,0.050000
8099,30.097046,0.050000
8100,27.211405,0.050000
8101,25.088191,0.050000
8102,24.555976,0.050000
8103,27.261658,0.050000
8104,31.561076,0.050000
8105,31.284358,0.050000
8106,19.712294,0.050000
8107,19.463380,0.050000
8108,26.843841,0.050000
8109,30.608762,0.050000
8110,25.910332,0.050000
8111,27.663263,0.050000
8112,27.734283,0.050000
8113,32.842437,0.050000
8114,28.118024,0.050000
8115,26.350582,0.050000
8116,31.771460,0.050000
8117,30.643297,0.050000
8118,23.063209,0.050000
8119,28.082532,0.050000
8120,32.919461,0.050000
8121,27.079364,0.050000
8122,26.210999,0.050000
8123,21.730238,0.050000
8124,28.486844,0.050000
8125,28.676901,0.050000
8126,24.180870,0.050000
8127,23.955643,0.050000
8128,26.802087,0.050000
8129,27.106524,0.050000
8130,31.637762,0.050000
8131,26.878366,0.050000
8132,24.676042,0.050000
8133,29.009473,0.050000
8134,27.806866,0.050000
8135,25.586897,0.050000
8136,24.020624,0.050000
8137,26.827050,0.050000
8138,23.630408,0.050000
8139,27.923437,0.050000
8140,30.911585,0.050000
8141,29.042050,0.050000
8142,28.164223,0.050000
8143,24.570514,0.050000
8144,27.320505,0.050000
8145,32.602310,0.050000
8146,26.226449,0.050000
8147,28.521322,0.050000
8148,32.870355,0.050000
8149,30.268891,0.050000
8150,35.628094,0.050000
8151,24.468195,0.050000
8152,28.259398,0.050000
8153,24.940992,0.050000
8154,32.168143,0.050000
8155,30.766737,0.050000
8156,21.095461,0.050000
8157,32.104917,0.050000
8158,22.932379,0.050000
8159,31.960411,0.050000
8160,23.057341,0.050000
8161,28.738245,0.050000
8162,29.685784,0.050000
8163,27.953826,0.050000
8164,35.420227,0.050000
8165,26.211631,0.050000
8166,24.796162,0.050000
8167,22.913976,0.050000
8168,26.517356,0.050000
8169,19.686346,0.050000
8170,21.859174,0.050000
8171,21.669887,0.050000
8172,19.309221,0.050000
8173,17.613429,0.050000
8174,16.899873,0.050000
8175,22.403305,0.050000
8176,19.479870,0.050000
8177,26.250554,0.050000
8178,20.485081,0.050000
8179,17.418394,0.050000
8180,27.898261,0.050000
8181,16.297134,0.050000
8182,26.322458,0.050000
8183,28.553245,0.050000
8184,27.168743,0.050000
8185,26.048624,0.050000
8186,23.584554,0.050000
8187,25.213655,0.050000
8188,21.157844,0.050000
8189,29.510200,0.050000
8190,18.968717,0.050000
8191,29.996067,0.050000
8192,19.680799,0.050000
8193,28.205453,0.050000
8194,26.423549,0.050000
8195,25.378456,0.050000
8196,26.808747,0.050000
8197,23.951732,0.050000
8198,27.101356,0.050000
8199,25.640758,0.050000
8200,25.462613,0.050000
8201,24.213636,0.050000
8202,30.782878,0.050000
8203,32.276214,0.050000
8204,31.421564,0.050000
8205,29.980519,0.050000
8206,26.653720,0.050000
8207,30.743359,0.050000
8208,31.739012,0.050000
8209,29.703521,0.050000
8210,26.403286,0.050000
8211,19.477194,0.050000
8212,21.080395,0.050000
8213,26.703750,0.050000
8214,23.375722,0.050000
8215,22.194437,0.050000
8216,29.239598,0.050000
8217,26.172451,0.050000
8218,26.224047,0.050000
8219,26.598386,0.050000
8220,26.852018,0.050000
8221,31.150814,0.050000
8222,33.613777,0.050000
8223,27.355564,0.050000
8224,27.071385,0.050000
8225,28.514399,0.050000
8226,33.296996,0.050000
8227,28.874523,0.050000
8228,26.807617,0.050000
8229,20.326834,0.050000
8230,30.731249,0.050000
8231,29.452498,0.050000
8232,28.697122,0.050000
8233,25.999086,0.050000
8234,23.550476,0.050000
8235,28.646727,0.050000
8236,30.001954,0.050000
8237,31.116103,0.050000
8238,33.696749,0.050000
8239,32.379465,0.050000
8240,31.334484,0.050000
8241,25.632882,0.050000
8242,31.127954,0.050000
8243,29.067294,0.050000
8244,30.290653,0.050000
8245,31.392027,0.050000
8246,31.351524,0.050000
8247,30.989084,0.050000
8248,31.127002,0.050000
8249,31.780513,0.050000
8250,32.271096,0.050000
8251,38.499458,0.050000
8252,31.113317,0.050000
8253,34.351298,0.050000
8254,31.575372,0.050000
8255,31.629520,0.050000
8256,26.420459,0.050000
8257,30.158572,0.050000
8258,35.018327,0.050000
8259,32.519858,0.050000
8260,22.642378,0.050000
8261,29.614975,0.050000
8262,33.889342,0.050000
8263,34.688744,0.050000
8264,24.916199,0.050000
8265,34.454285,0.050000
8266,31.767439,0.050000
8267,31.173228,0.050000
8268,28.407280,0.050000
8269,22.943522,0.050000
8270,35.484311,0.050000
8271,34.282367,0.050000
8272,32.728051,0.050000
8273,29.882308,0.050000
8274,26.853005,0.050000
8275,33.742836,0.050000
8276,27.416254,0.050000
8277,30.868532,0.050000
8278,30.878791,0.050000
8279,29.164457,0.050000
8280,28.893283,0.050000
8281,27.219475,0.050000
8282,30.014259,0.050000
8283,28.281119,0.050000
8284,28.884590,0.050000
8285,28.455744,0.050000
8286,32.078809,0.050000
8287,29.914069,0.050000
8288,34.726791,0.050000
8289,30.767956,0.050000
8290,33.689662,0.050000
8291,29.559111,0.050000
8292,30.527207,0.050000
8293,33.642103,0.050000
8294,30.178090,0.050000
8295,25.657853,0.050000
8296,38.100318,0.050000
8297,26.223003,0.050000
8298,24.024850,0.050000
8299,33.235482,0.050000
8300,29.804075,0.050000
8301,34.642426,0.050000
8302,28.785617,0.050000
8303,25.260800,0.050000
8304,22.314784,0.050000
8305,23.798387,0.050000
8306,28.594803,0.050000
8307,24.705260,0.050000
8308,22.781270,0.050000
8309,30.310902,0.050000
8310,26.328554,0.050000
8311,25.476667,0.050000
8312,29.753789,0.050000
8313,29.222977,0.050000
8314,30.150962,0.050000
8315,22.022602,0.050000
8316,25.398588,0.050000
8317,20.555942,0.050000
8318,22.139199,0.050000
8319,20.404425,0.050000
8320,20.009985,0.050000
8321,17.937887,0.050000
8322,19.578663,0.050000
8323,20.443667,0.050000
8324,22.998245,0.050000
8325,21.855282,0.050000
8326,27.980787,0.050000
8327,22.909453,0.050000
8328,26.479892,0.050000
8329,24.157020,0.050000
8330,18.913109,0.050000
8331,23.769830,0.050000
8332,18.475823,0.050000
8333,16.624606,0.050000
8334,20.777663,0.050000
8335,16.889597,0.050000
8336,20.637259,0.050000
8337,26.668569,0.050000
8338,21.309291,0.050000
8339,26.074965,0.050000
8340,20.931888,0.050000
8341,20.133897,0.050000
8342,21.761570,0.050000
8343,23.349447,0.050000
8344,25.718583,0.050000
8345,18.960545,0.050000
8346,26.784825,0.050000
8347,21.807933,0.050000
8348,26.013781,0.050000
8349,26.405344,0.050000
8350,29.205938,0.050000
8351,28.226663,0.050000
8352,32.036589,0.050000
8353,32.782420,0.050000
8354,30.788853,0.050000
8355,32.840610,0.050000
8356,26.382189,0.050000
8357,25.938333,0.050000
8358,28.324512,0.050000
8359,31.039159,0.050000
8360,30.505742,0.050000
8361,28.033721,0.050000
8362,34.349173,0.050000
8363,34.526232,0.050000
8364,29.400955,0.050000
8365,32.247722,0.050000
8366,29.424128,0.050000
8367,29.958049,0.050000
8368,26.489037,0.050000
8369,28.910240,0.050000
8370,30.468145,0.050000
8371,27.843728,0.050000
8372,31.801247,0.050000
8373,24.093212,0.050000
8374,30.379739,0.050000
8375,24.741456,0.050000
8376,26.999542,0.050000
8377,24.088836,0.050000
8378,29.597265,0.050000
8379,22.900247,0.050000
8380,22.043331,0.050000
8381,26.850478,0.050000
8382,22.969558,0.050000
8383,26.280573,0.050000
8384,24.226473,0.050000
8385,26.020008,0.050000
8386,21.775197,0.050000
8387,27.617505,0.050000
8388,28.232048,0.050000
8389,28.867875,0.050000
8390,26.937812,0.050000
8391,24.023420,0.050000
8392,23.389301,0.050000
8393,26.541049,0.050000
8394,25.259988,0.050000
8395,24.068086,0.050000
8396,23.994109,0.050000
8397,24.328526,0.050000
8398,29.302066,0.050000
8399,23.494464,0.050000
8400,25.360485,0.050000
8401,28.843031,0.050000
8402,28.626942,0.050000
8403,22.228522,0.050000
8404,24.429837,0.050000
8405,26.118390,0.050000
8406,24.162449,0.050000
8407,20.699563,0.050000
8408,27.584134,0.050000
8409,30.429723,0.050000
8410,30.619734,0.050000
8411,28.163234,0.050000
8412,30.957715,0.050000
8413,25.422137,0.050000
8414,30.676262,0.050000
8415,31.260037,0.050000
8416,28.286302,0.050000
8417,26.422233,0.050000
8418,29.081407,0.050000
8419,30.571510,0.050000
8420,30.333295,0.050000
8421,25.157221,0.050000
8422,29.848188,0.050000
8423,25.562280,0.050000
8424,28.326752,0.050000
8425,32.375959,0.050000
8426,26.145037,0.050000
8427,30.230843,0.050000
8428,30.773061,0.050000
8429,27.461906,0.050000
8430,25.657282,0.050000
8431,27.975841,0.050000
8432,31.190544,0.050000
8433,26.835202,0.050000
8434,31.484782,0.050000
8435,25.627251,0.050000
8436,29.927764,0.050000
8437,27.164501,0.050000
8438,27.247529,0.050000
8439,25.621165,0.050000
8440,29.738353,0.050000
8441,26.774797,0.050000
8442,28.011727,0.050000
8443,24.390417,0.050000
8444,24.014866,0.050000
8445,23.991540,0.050000
8446,28.946636,0.050000
8447,28.469183,0.050000
8448,23.827552,0.050000
8449,25.759715,0.050000
8450,26.306761,0.050000
8451,23.948418,0.050000
8452,22.303196,0.050000
8453,22.972299,0.050000
8454,24.801322,0.050000
8455,24.954493,0.050000
8456,27.758015,0.050000
8457,22.909170,0.050000
8458,24.797196,0.050000
8459,25.396939,0.050000
8460,26.149019,0.050000
8461,24.499197,0.050000
8462,33.317061,0.050000
8463,24.378999,0.050000
8464,24.694484,0.050000
8465,35.220992,0.050000
8466,33.308930,0.050000
8467,24.519357,0.050000
8468,29.139217,0.050000
8469,36.219570,0.050000
8470,25.207333,0.050000
8471,30.577540,0.050000
8472,29.599782,0.050000
8473,24.593430,0.050000
8474,32.817136,0.050000
8475,35.905875,0.050000
8476,21.713082,0.050000
8477,28.102265,0.050000
8478,33.001248,0.050000
8479,31.132175,0.050000
8480,32.599660,0.050000
8481,25.319227,0.050000
8482,32.539325,0.050000
8483,33.555631,0.050000
8484,30.941621,0.050000
8485,27.940093,0.050000
8486,23.021000,0.050000
8487,28.943865,0.050000
8488,25.200104,0.050000
8489,32.251893,0.050000
8490,27.026435,0.050000
8491,29.551660,0.050000
8492,34.238723,0.050000
8493,27.904839,0.050000
8494,24.198387,0.050000
8495,31.982268,0.050000
8496,34.346816,0.050000
8497,31.433203,0.050000
8498,32.087684,0.050000
8499,30.597321,0.050000
8500,30.089898,0.050000
8501,33.432467,0.050000
8502,29.642109,0.050000
8503,31.716837,0.050000
8504,25.402348,0.050000
8505,25.571218,0.050000
8506,29.205770,0.050000
8507,25.998297,0.050000
8508,21.737861,0.050000
8509,27.776066,0.050000
8510,29.553032,0.050000
8511,29.741310,0.050000
8512,25.294313,0.050000
8513,27.379471,0.050000
8514,32.478360,0.050000
8515,24.903242,0.050000
8516,26.989652,0.050000
8517,24.995304,0.050000
8518,26.883667,0.050000
8519,22.245651,0.050000
8520,25.464415,0.050000
8521,24.857016,0.050000
8522,24.501939,0.050000
8523,21.112308,0.050000
8524,20.791016,0.050000
8525,19.275085,0.050000
8526,22.888867,0.050000
8527,27.278600,0.050000
8528,22.446402,0.050000
8529,21.284122,0.050000
8530,18.895451,0.050000
8531,19.886007,0.050000
8532,19.220694,0.050000
8533,23.038629,0.050000
8534,19.688037,0.050000
8535,23.546199,0.050000
8536,17.254190,0.050000
8537,19.187992,0.050000
8538,20.411027,0.050000
8539,15.237634,0.050000
8540,17.005509,0.050000
8541,19.822791,0.050000
8542,16.292190,0.050000
8543,17.332445,0.050000
8544,17.102062,0.050000
8545,19.941735,0.050000
8546,14.490786,0.050000
8547,23.120708,0.050000
8548,19.536497,0.050000
8549,20.327754,0.050000
8550,18.184207,0.050000
8551,20.179859,0.050000
8552,20.202441,0.050000
8553,24.880494,0.050000
8554,23.787123,0.050000
8555,27.375571,0.050000
8556,26.623158,0.050000
8557,25.380338,0.050000
8558,26.159440,0.050000
8559,22.139377,0.050000
8560,27.963488,0.050000
8561,23.717998,0.050000
8562,22.087880,0.050000
8563,26.621860,0.050000
8564,21.389415,0.050000
8565,25.814664,0.050000
8566,28.017319,0.050000
8567,28.430105,0.050000
8568,25.923918,0.050000
8569,30.385432,0.050000
8570,28.064010,0.050000
8571,32.600315,0.050000
8572,32.177346,0.050000
8573,27.517527,0.050000
8574,31.559225,0.050000
8575,30.127148,0.050000
8576,26.841963,0.050000
8577,27.501268,0.050000
8578,24.551293,0.050000
8579,27.507885,0.050000
8580,27.750202,0.050000
8581,32.851808,0.050000
8582,27.768953,0.050000
8583,30.480665,0.050000
8584,32.598322,0.050000
8585,32.242923,0.050000
8586,27.893210,0.050000
8587,26.869883,0.050000
8588,30.820919,0.050000
8589,27.019729,0.050000
8590,30.213284,0.050000
8591,31.827476,0.050000
8592,26.309235,0.050000
8593,29.214122,0.050000
8594,28.189450,0.050000
8595,27.469194,0.050000
8596,24.926730,0.050000
8597,25.250557,0.050000
8598,28.513521,0.050000
8599,24.440827,0.050000
8600,29.610897,0.050000
8601,25.145907,0.050000
8602,28.097080,0.050000
8603,27.532945,0.050000
8604,29.695113,0.050000
8605,28.675540,0.050000
8606,24.329232,0.050000
8607,26.726279,0.050000
8608,26.277292,0.050000
8609,30.269339,0.050000
8610,29.101578,0.050000
8611,26.640614,0.050000
8612,28.999148,0.050000
8613,24.338613,0.050000
8614,29.470102,0.050000
8615,24.873031,0.050000
8616,30.810033,0.050000
8617,24.840816,0.050000
8618,24.803025,0.050000
8619,27.498538,0.050000
8620,27.175380,0.050000
8621,29.057723,0.050000
8622,25.587352,0.050000
8623,30.371927,0.050000
8624,24.494543,0.050000
8625,30.490961,0.050000
8626,32.103956,0.050000
8627,28.293526,0.050000
8628,27.550880,0.050000
8629,31.675532,0.050000
8630,28.394651,0.050000
8631,25.622982,0.050000
8632,32.698675,0.050000
8633,27.404955,0.050000
8634,27.494691,0.050000
8635,28.407253,0.050000
8636,23.674318,0.050000
8637,28.937573,0.050000
8638,31.024390,0.050000
8639,22.499699,0.050000
8640,31.920885,0.050000
8641,24.973255,0.050000
8642,26.826080,0.050000
8643,31.321776,0.050000
8644,27.555380,0.050000
8645,28.495078,0.050000
8646,24.549402,0.050000
8647,35.790670,0.050000
8648,21.975555,0.050000
8649,27.011090,0.050000
8650,25.249543,0.050000
8651,26.230153,0.050000
8652,27.495865,0.050000
8653,27.461106,0.050000
8654,28.712776,0.050000
8655,28.088520,0.050000
8656,24.152312,0.050000
8657,28.853989,0.050000
8658,24.096130,0.050000
8659,25.899042,0.050000
8660,26.299275,0.050000
8661,25.706761,0.050000
8662,33.274635,0.050000
8663,24.649131,0.050000
8664,31.971212,0.050000
8665,25.016251,0.050000
8666,24.080208,0.050000
8667,27.607666,0.050000
8668,28.980329,0.050000
8669,30.064952,0.050000
8670,30.342960,0.050000
8671,29.467400,0.050000
8672,29.961094,0.050000
8673,28.405554,0.050000
8674,29.972360,0.050000
8675,31.921714,0.050000
8676,28.206105,0.050000
8677,21.633233,0.050000
8678,28.752270,0.050000
8679,27.269861,0.050000
8680,30.290160,0.050000
8681,23.344320,0.050000
8682,30.831540,0.050000
8683,23.949412,0.050000
8684,31.333824,0.050000
8685,28.403124,0.050000
8686,27.319204,0.050000
8687,31.326154,0.050000
8688,31.021280,0.050000
8689,29.606063,0.050000
8690,28.848244,0.050000
8691,25.259446,0.050000
8692,27.900963,0.050000
8693,32.420726,0.050000
8694,24.856057,0.050000
8695,30.445113,0.050000
8696,25.771904,0.050000
8697,32.798278,0.050000
8698,25.255658,0.050000
8699,28.862253,0.050000
8700,31.602893,0.050000
8701,26.313507,0.050000
8702,28.837547,0.050000
8703,27.909865,0.050000
8704,35.614526,0.050000
8705,25.249571,0.050000
8706,29.573450,0.050000
8707,39.909814,0.050000
8708,33.605409,0.050000
8709,30.688868,0.050000
8710,21.386754,0.050000
8711,24.614172,0.050000
8712,29.279680,0.050000
8713,30.158745,0.050000
8714,36.867482,0.050000
8715,25.454074,0.050000
8716,35.407575,0.050000
8717,35.385580,0.050000
8718,35.612180,0.050000
8719,28.316130,0.050000
8720,35.440211,0.050000
8721,34.324763,0.050000
8722,37.294979,0.050000
8723,36.240510,0.050000
8724,34.241704,0.050000
8725,31.354332,0.050000
8726,32.827760,0.050000
8727,34.337746,0.050000
8728,34.517291,0.050000
8729,33.231025,0.050000
8730,32.658883,0.050000
8731,35.916306,0.050000
8732,33.327633,0.050000
8733,29.092944,0.050000
8734,33.046496,0.050000
8735,29.300010,0.050000
8736,29.249833,0.050000
8737,36.596874,0.050000
8738,31.570690,0.050000
8739,31.062332,0.050000
8740,26.329260,0.050000
8741,35.855369,0.050000
8742,36.294561,0.050000
8743,30.232085,0.050000
8744,36.195227,0.050000
8745,30.472580,0.050000
8746,30.296105,0.050000
8747,36.036661,0.050000
8748,38.244262,0.050000
8749,33.078596,0.050000
8750,33.547998,0.050000
8751,37.397383,0.050000
8752,27.768865,0.050000
8753,36.278261,0.050000
8754,34.778633,0.050000
8755,34.900244,0.050000
8756,34.744413,0.050000
8757,27.763000,0.050000
8758,37.311902,0.050000
8759,29.827613,0.050000
8760,37.516924,0.050000
8761,38.078035,0.050000
8762,27.286579,0.050000
8763,35.888304,0.050000
8764,25.391946,0.050000
8765,34.198486,0.050000
8766,23.950673,0.050000
8767,37.069262,0.050000
8768,32.992386,0.050000
8769,30.156274,0.050000
8770,33.679016,0.050000
8771,34.966398,0.050000
8772,39.559551,0.050000
8773,29.514282,0.050000
8774,24.813344,0.050000
8775,35.944893,0.050000
8776,35.969436,0.050000
8777,27.821799,0.050000
8778,24.953039,0.050000
8779,32.745421,0.050000
8780,38.527038,0.050000
8781,39.633864,0.050000
8782,37.452575,0.050000
8783,32.624426,0.050000
8784,36.435383,0.050000
8785,34.428921,0.050000
8786,33.627820,0.050000
8787,31.511002,0.050000
8788,31.106792,0.050000
8789,29.102466,0.050000
8790,26.352253,0.050000
8791,25.426305,0.050000
8792,27.913589,0.050000
8793,26.265158,0.050000
8794,24.471164,0.050000
8795,24.446239,0.050000
8796,24.550898,0.050000
8797,24.768521,0.050000
8798,22.638762,0.050000
8799,24.514772,0.050000
8800,24.321562,0.050000
8801,27.534000,0.050000
8802,25.787306,0.050000
8803,27.093155,0.050000
8804,26.569635,0.050000
8805,21.934339,0.050000
8806,25.641726,0.050000
8807,24.538554,0.050000
8808,21.081172,0.050000
8809,27.590040,0.050000
8810,26.534217,0.050000
8811,24.007603,0.050000
8812,16.896951,0.050000
8813,24.942345,0.050000
8814,30.600664,0.050000
8815,20.890155,0.050000
8816,21.193114,0.050000
8817,22.986706,0.050000
8818,24.383675,0.050000
8819,26.300629,0.050000
8820,23.422525,0.050000
8821,25.307894,0.050000
8822,24.636854,0.050000
8823,27.286741,0.050000
8824,21.974516,0.050000
8825,23.713798,0.050000
8826,24.806447,0.050000
8827,21.193339,0.050000
8828,24.681237,0.050000
8829,26.023949,0.050000
8830,35.347825,0.050000
8831,29.769344,0.050000
8832,25.238886,0.050000
8833,32.610135,0.050000
8834,33.536265,0.050000
8835,20.953202,0.050000
8836,34.012706,0.050000
8837,31.114842,0.050000
8838,25.190632,0.050000
8839,34.208035,0.050000
8840,29.880377,0.050000
8841,35.525654,0.050000
8842,37.897509,0.050000
8843,29.941935,0.050000
8844,34.756044,0.050000
8845,34.985624,0.050000
8846,35.777145,0.050000
8847,32.839057,0.050000
8848,37.727754,0.050000
8849,32.461817,0.050000
8850,33.996308,0.050000
8851,33.922097,0.050000
8852,40.207113,0.050000
8853,37.860196,0.050000
8854,31.269371,0.050000
8855,28.871125,0.050000
8856,38.396999,0.050000
8857,36.337021,0.050000
8858,24.917733,0.050000
8859,28.245134,0.050000
8860,35.151173,0.050000
8861,34.143761,0.050000
8862,36.371405,0.050000
8863,32.572560,0.050000
8864,38.359464,0.050000
8865,36.794179,0.050000
8866,37.423125,0.050000
8867,30.017702,0.050000
8868,29.196713,0.050000
8869,33.285858,0.050000
8870,26.300402,0.050000
8871,29.222444,0.050000
8872,32.469121,0.050000
8873,32.851469,0.050000
8874,31.039494,0.050000
8875,24.257733,0.050000
8876,26.285340,0.050000
8877,34.099601,0.050000
8878,36.636736,0.050000
8879,27.874209,0.050000
8880,25.183996,0.050000
8881,38.613750,0.050000
8882,32.452685,0.050000
8883,37.402241,0.050000
8884,34.857979,0.050000
8885,36.681635,0.050000
8886,40.476137,0.050000
8887,37.486415,0.050000
8888,30.428675,0.050000
8889,35.869625,0.050000
8890,38.400442,0.050000
8891,36.937136,0.050000
8892,41.847197,0.050000
8893,38.333553,0.050000
8894,36.360643,0.050000
8895,39.315218,0.050000
8896,36.601132,0.050000
8897,28.379879,0.050000
8898,33.926828,0.050000
8899,35.586802,0.050000
8900,36.491356,0.050000
8901,39.492463,0.050000
8902,31.597056,0.050000
8903,38.777830,0.050000
8904,31.695802,0.050000
8905,39.362196,0.050000
8906,34.899539,0.050000
8907,37.656830,0.050000
8908,34.064510,0.050000
8909,29.596143,0.050000
8910,36.067038,0.050000
8911,28.938180,0.050000
8912,37.324227,0.050000
8913,33.815319,0.050000
8914,31.799043,0.050000
8915,34.733494,0.050000
8916,27.317249,0.050000
8917,36.536082,0.050000
8918,25.053592,0.050000
8919,30.651807,0.050000
8920,29.536490,0.050000
8921,28.209987,0.050000
8922,35.378638,0.050000
8923,22.274374,0.050000
8924,31.204063,0.050000
8925,22.633251,0.050000
8926,29.734240,0.050000
8927,35.142780,0.050000
8928,33.485063,0.050000
8929,29.465030,0.050000
8930,30.917407,0.050000
8931,33.622784,0.050000
8932,27.310352,0.050000
8933,26.756457,0.050000
8934,33.738819,0.050000
8935,24.878757,0.050000
8936,27.719902,0.050000
8937,29.878284,0.050000
8938,29.310904,0.050000
8939,38.038188,0.050000
8940,30.455451,0.050000
8941,34.614028,0.050000
8942,34.600362,0.050000
8943,30.490152,0.050000
8944,24.175558,0.050000
8945,34.633768,0.050000
8946,30.897207,0.050000
8947,33.840220,0.050000
8948,33.174438,0.050000
8949,26.584649,0.050000
8950,31.613813,0.050000
8951,36.173014,0.050000
8952,33.472111,0.050000
8953,36.277180,0.050000
8954,32.325776,0.050000
8955,29.985625,0.050000
8956,33.302068,0.050000
8957,32.169894,0.050000
8958,35.595167,0.050000
8959,30.891682,0.050000
8960,33.828261,0.050000
8961,32.851836,0.050000
8962,34.338071,0.050000
8963,32.752673,0.050000
8964,35.301841,0.050000
8965,33.222623,0.050000
8966,33.952068,0.050000
8967,29.567569,0.050000
8968,32.190732,0.050000
8969,32.923563,0.050000
8970,34.704627,0.050000
8971,32.943117,0.050000
8972,32.268731,0.050000
8973,33.524176,0.050000
8974,33.952460,0.050000
8975,30.081819,0.050000
8976,29.381455,0.050000
8977,30.370849,0.050000
8978,32.475500,0.050000
8979,32.992098,0.050000
8980,31.174086,0.050000
8981,31.622973,0.050000
8982,33.759917,0.050000
8983,29.696968,0.050000
8984,35.619197,0.050000
8985,32.813350,0.050000
8986,33.359510,0.050000
8987,32.600051,0.050000
8988,31.624698,0.050000
8989,32.695812,0.050000
8990,32.114546,0.050000
8991,31.769465,0.050000
8992,28.502025,0.050000
8993,33.805020,0.050000
8994,33.487924,0.050000
8995,31.877090,0.050000
8996,33.974188,0.050000
8997,27.949561,0.050000
8998,33.908240,0.050000
8999,34.334348,0.050000
9000,28.575999,0.050000
9001,32.966495,0.050000
9002,34.314218,0.050000
9003,33.615600,0.050000
9004,36.252439,0.050000
9005,36.625294,0.050000
9006,32.114215,0.050000
9007,26.678585,0.050000
9008,30.574237,0.050000
9009,32.239494,0.050000
9010,25.646476,0.050000
9011,35.781806,0.050000
9012,31.157221,0.050000
9013,33.128927,0.050000
9014,28.629838,0.050000
9015,28.746862,0.050000
9016,32.207314,0.050000
9017,32.344567,0.050000
9018,30.636718,0.050000
9019,27.635542,0.050000
9020,35.070349,0.050000
9021,35.770122,0.050000
9022,33.468568,0.050000
9023,31.463153,0.050000
9024,25.665506,0.050000
9025,30.273373,0.050000
9026,31.950204,0.050000
9027,32.138147,0.050000
9028,28.590519,0.050000
9029,25.098344,0.050000
9030,31.046912,0.050000
9031,29.376200,0.050000
9032,27.614749,0.050000
9033,37.059471,0.050000
9034,29.947769,0.050000
9035,24.440514,0.050000
9036,28.414665,0.050000
9037,30.121726,0.050000
9038,28.029115,0.050000
9039,25.960440,0.050000
9040,28.016568,0.050000
9041,30.874759,0.050000
9042,24.341325,0.050000
9043,31.165097,0.050000
9044,37.874966,0.050000
9045,25.785240,0.050000
9046,28.141987,0.050000
9047,30.209089,0.050000
9048,20.402068,0.050000
9049,26.107763,0.050000
9050,23.539969,0.050000
9051,24.451117,0.050000
9052,27.973702,0.050000
9053,27.518543,0.050000
9054,27.045334,0.050000
9055,27.080489,0.050000
9056,26.255268,0.050000
9057,27.632979,0.050000
9058,27.391173,0.050000
9059,26.934278,0.050000
9060,29.517088,0.050000
9061,24.655072,0.050000
9062,27.821372,0.050000
9063,27.111934,0.050000
9064,23.901836,0.050000
9065,23.732126,0.050000
9066,25.380777,0.050000
9067,24.728314,0.050000
9068,26.376844,0.050000
9069,22.819175,0.050000
9070,22.244732,0.050000
9071,25.273172,0.050000
9072,25.424211,0.050000
9073,26.240304,0.050000
9074,22.277554,0.050000
9075,21.254102,0.050000
9076,21.448840,0.050000
9077,20.341550,0.050000
9078,19.855033,0.050000
9079,23.144773,0.050000
9080,22.352971,0.050000
9081,26.607886,0.050000
9082,24.509185,0.050000
9083,24.002160,0.050000
9084,31.731759,0.050000
9085,38.250514,0.050000
9086,20.010693,0.050000
9087,18.159017,0.050000
9088,22.178601,0.050000
9089,22.987261,0.050000
9090,24.547803,0.050000
9091,22.521101,0.050000
9092,22.864710,0.050000
9093,17.452892,0.050000
9094,22.424020,0.050000
9095,12.848023,0.050000
9096,21.894554,0.050000
9097,21.988431,0.050000
9098,22.879312,0.050000
9099,23.995416,0.050000
9100,22.384750,0.050000
9101,23.766554,0.050000
9102,19.765754,0.050000
9103,20.921079,0.050000
9104,26.925621,0.050000
9105,22.572795,0.050000
9106,24.698625,0.050000
9107,25.763250,0.050000
9108,18.622889,0.050000
9109,22.315107,0.050000
9110,23.910447,0.050000
9111,23.134032,0.050000
9112,26.151082,0.050000
9113,22.628902,0.050000
9114,21.091068,0.050000
9115,26.177563,0.050000
9116,27.149200,0.050000
9117,29.564739,0.050000
9118,26.390708,0.050000
9119,22.383000,0.050000
9120,25.300651,0.050000
9121,25.496720,0.050000
9122,19.502536,0.050000
9123,22.398078,0.050000
9124,20.866765,0.050000
9125,21.014204,0.050000
9126,22.316907,0.050000
9127,26.243020,0.050000
9128,24.423471,0.050000
9129,23.626372,0.050000
9130,21.679497,0.050000
9131,24.303971,0.050000
9132,20.679271,0.050000
9133,25.423557,0.050000
9134,25.413118,0.050000
9135,24.457953,0.050000
9136,24.469297,0.050000
9137,23.508924,0.050000
9138,22.784024,0.050000
9139,27.388589,0.050000
9140,24.367951,0.050000
9141,26.303587,0.050000
9142,27.736748,0.050000
9143,29.325834,0.050000
9144,25.503307,0.050000
9145,23.630643,0.050000
9146,25.346997,0.050000
9147,22.984661,0.050000
9148,28.702528,0.050000
9149,28.155142,0.050000
9150,32.438832,0.050000
9151,30.456247,0.050000
9152,33.965169,0.050000
9153,35.952829,0.050000
9154,30.774255,0.050000
9155,33.138671,0.050000
9156,39.616545,0.050000
9157,29.800391,0.050000
9158,33.704295,0.050000
9159,30.069091,0.050000
9160,33.082642,0.050000
9161,33.958443,0.050000
9162,25.117113,0.050000
9163,35.135854,0.050000
9164,26.526173,0.050000
9165,33.625451,0.050000
9166,33.282361,0.050000
9167,33.385744,0.050000
9168,28.560624,0.050000
9169,29.774838,0.050000
9170,35.862133,0.050000
9171,35.867394,0.050000
9172,31.754051,0.050000
9173,32.527278,0.050000
9174,28.593723,0.050000
9175,31.949168,0.050000
9176,28.136431,0.050000
9177,27.372871,0.050000
9178,30.684744,0.050000
9179,30.978612,0.050000
9180,28.579003,0.050000
9181,30.075092,0.050000
9182,26.405884,0.050000
9183,28.281259,0.050000
9184,28.296295,0.050000
9185,29.275158,0.050000
9186,23.208369,0.050000
9187,26.571250,0.050000
9188,29.514368,0.050000
9189,28.244746,0.050000
9190,26.473777,0.050000
9191,30.172719,0.050000
9192,29.801050,0.050000
9193,26.876590,0.050000
9194,26.916958,0.050000
9195,33.394750,0.050000
9196,31.327116,0.050000
9197,27.878870,0.050000
9198,36.170971,0.050000
9199,31.863129,0.050000
9200,30.813795,0.050000
9201,28.151204,0.050000
9202,29.246292,0.050000
9203,27.076833,0.050000
9204,28.972455,0.050000
9205,24.946465,0.050000
9206,30.189083,0.050000
9207,29.704872,0.050000
9208,30.331313,0.050000
9209,33.080472,0.050000
9210,25.835025,0.050000
9211,28.541789,0.050000
9212,31.163823,0.050000
9213,31.139609,0.050000
9214,31.591017,0.050000
9215,30.642211,0.050000
9216,26.665876,0.050000
9217,29.932972,0.050000
9218,26.070274,0.050000
9219,31.563175,0.050000
9220,23.612804,0.050000
9221,29.408466,0.050000
9222,30.057703,0.050000
9223,33.080111,0.050000
9224,36.896464,0.050000
9225,34.248748,0.050000
9226,36.353398,0.050000
9227,30.248829,0.050000
9228,27.465573,0.050000
9229,32.733481,0.050000
9230,33.198905,0.050000
9231,34.219011,0.050000
9232,31.818168,0.050000
9233,34.151653,0.050000
9234,31.946483,0.050000
9235,32.090265,0.050000
9236,26.562898,0.050000
9237,26.463459,0.050000
9238,27.611768,0.050000
9239,29.651515,0.050000
9240,27.077492,0.050000
9241,26.101075,0.050000
9242,26.475852,0.050000
9243,29.820943,0.050000
9244,31.452988,0.050000
9245,26.817584,0.050000
9246,31.663668,0.050000
9247,29.930186,0.050000
9248,35.596409,0.050000
9249,35.370417,0.050000
9250,28.539953,0.050000
9251,29.945279,0.050000
9252,34.628529,0.050000
9253,31.481605,0.050000
9254,29.978260,0.050000
9255,33.875696,0.050000
9256,27.910241,0.050000
9257,27.712231,0.050000
9258,32.102253,0.050000
9259,31.948159,0.050000
9260,25.952119,0.050000
9261,36.096245,0.050000
9262,27.312112,0.050000
9263,30.737690,0.050000
9264,29.441252,0.050000
9265,33.839005,0.050000
9266,32.749595,0.050000
9267,31.016400,0.050000
9268,31.939603,0.050000
9269,35.402362,0.050000
9270,36.850040,0.050000
9271,34.622791,0.050000
9272,30.814421,0.050000
9273,34.850616,0.050000
9274,34.517206,0.050000
9275,38.110103,0.050000
9276,32.934880,0.050000
9277,33.372927,0.050000
9278,31.297650,0.050000
9279,37.220470,0.050000
9280,36.430825,0.050000
9281,35.135756,0.050000
9282,32.656569,0.050000
9283,33.796379,0.050000
9284,32.951400,0.050000
9285,34.653330,0.050000
9286,37.980421,0.050000
9287,35.195363,0.050000
9288,30.426310,0.050000
9289,37.853743,0.050000
9290,35.389752,0.050000
9291,37.327506,0.050000
9292,30.178184,0.050000
9293,35.704938,0.050000
9294,35.217815,0.050000
9295,32.359945,0.050000
9296,28.345515,0.050000
9297,32.332329,0.050000
9298,28.958631,0.050000
9299,32.564598,0.050000
9300,30.668688,0.050000
9301,31.948687,0.050000
9302,33.472170,0.050000
9303,29.342017,0.050000
9304,28.045669,0.050000
9305,34.488371,0.050000
9306,31.173207,0.050000
9307,30.480785,0.050000
9308,31.767461,0.050000
9309,27.912094,0.050000
9310,36.687978,0.050000
9311,32.546977,0.050000
9312,29.670444,0.050000
9313,29.063839,0.050000
9314,35.005215,0.050000
9315,32.929595,0.050000
9316,28.956636,0.050000
9317,29.961493,0.050000
9318,29.251022,0.050000
9319,32.540735,0.050000
9320,33.214365,0.050000
9321,30.823053,0.050000
9322,29.717608,0.050000
9323,31.311950,0.050000
9324,29.487607,0.050000
9325,29.506151,0.050000
9326,32.726026,0.050000
9327,28.542067,0.050000
9328,29.264142,0.050000
9329,28.130631,0.050000
9330,32.271614,0.050000
9331,25.558320,0.050000
9332,28.678090,0.050000
9333,27.995605,0.050000
9334,27.726757,0.050000
9335,27.575780,0.050000
9336,29.758444,0.050000
9337,32.010598,0.050000
9338,24.160041,0.050000
9339,31.905886,0.050000
9340,31.135482,0.050000
9341,29.862976,0.050000
9342,29.098934,0.050000
9343,31.892265,0.050000
9344,29.401574,0.050000
9345,26.079825,0.050000
9346,25.806803,0.050000
9347,29.224955,0.050000
9348,26.905450,0.050000
9349,27.583400,0.050000
9350,32.080762,0.050000
9351,31.106732,0.050000
9352,29.637649,0.050000
9353,32.780369,0.050000
9354,34.782307,0.050000
9355,33.734101,0.050000
9356,29.506330,0.050000
9357,31.917661,0.050000
9358,27.993296,0.050000
9359,30.295559,0.050000
9360,33.451503,0.050000
9361,29.495685,0.050000
9362,35.539613,0.050000
9363,31.579867,0.050000
9364,32.952367,0.050000
9365,33.525691,0.050000
9366,29.994252,0.050000
9367,27.924241,0.050000
9368,30.864659,0.050000
9369,32.219724,0.050000
9370,35.611192,0.050000
9371,30.609359,0.050000
9372,30.931461,0.050000
9373,28.841571,0.050000
9374,29.767509,0.050000
9375,30.644519,0.050000
9376,35.013408,0.050000
9377,32.233990,0.050000
9378,32.586894,0.050000
9379,28.969045,0.050000
9380,35.570345,0.050000
9381,37.261019,0.050000
9382,35.676877,0.050000
9383,31.813400,0.050000
9384,32.323572,0.050000
9385,35.703665,0.050000
9386,34.046616,0.050000
9387,29.124471,0.050000
9388,31.366330,0.050000
9389,30.892473,0.050000
9390,30.158838,0.050000
9391,30.047530,0.050000
9392,27.421583,0.050000
9393,30.242770,0.050000
9394,31.955825,0.050000
9395,32.080589,0.050000
9396,28.654544,0.050000
9397,32.018023,0.050000
9398,36.269086,0.050000
9399,35.769300,0.050000
9400,32.770144,0.050000
9401,35.887687,0.050000
9402,34.000004,0.050000
9403,30.481641,0.050000
9404,36.971358,0.050000
9405,33.831773,0.050000
9406,32.652157,0.050000
9407,28.864175,0.050000
9408,28.062878,0.050000
9409,31.971423,0.050000
9410,31.588604,0.050000
9411,32.153970,0.050000
9412,32.690101,0.050000
9413,36.285995,0.050000
9414,36.968798,0.050000
9415,33.419095,0.050000
9416,35.575003,0.050000
9417,34.989553,0.050000
9418,36.708230,0.050000
9419,35.612536,0.050000
9420,36.668214,0.050000
9421,36.377209,0.050000
9422,36.699039,0.050000
9423,30.853314,0.050000
9424,32.062898,0.050000
9425,39.540760,0.050000
9426,37.406125,0.050000
9427,31.746409,0.050000
9428,39.310897,0.050000
9429,36.758683,0.050000
9430,30.775562,0.050000
9431,33.641699,0.050000
9432,35.457268,0.050000
9433,34.966767,0.050000
9434,34.386106,0.050000
9435,36.471046,0.050000
9436,35.439647,0.050000
9437,32.685887,0.050000
9438,34.899213,0.050000
9439,34.083036,0.050000
9440,33.733556,0.050000
9441,33.481616,0.050000
9442,25.746242,0.050000
9443,30.968126,0.050000
9444,33.731364,0.050000
9445,30.823337,0.050000
9446,30.245687,0.050000
9447,33.118585,0.050000
9448,34.298609,0.050000
9449,33.026259,0.050000
9450,34.814013,0.050000
9451,31.888453,0.050000
9452,30.685546,0.050000
9453,38.118038,0.050000
9454,33.514288,0.050000
9455,34.523837,0.050000
9456,33.171305,0.050000
9457,36.511679,0.050000
9458,37.171736,0.050000
9459,35.267842,0.050000
9460,37.784596,0.050000
9461,32.141550,0.050000
9462,26.369104,0.050000
9463,36.026783,0.050000
9464,35.507057,0.050000
9465,34.394698,0.050000
9466,30.539995,0.050000
9467,36.832941,0.050000
9468,32.741668,0.050000
9469,34.910300,0.050000
9470,32.818468,0.050000
9471,32.320837,0.050000
9472,32.994688,0.050000
9473,37.789516,0.050000
9474,33.397434,0.050000
9475,35.025785,0.050000
9476,31.296410,0.050000
9477,35.235240,0.050000
9478,34.566093,0.050000
9479,35.591932,0.050000
9480,34.763569,0.050000
9481,32.146208,0.050000
9482,36.675580,0.050000
9483,32.774665,0.050000
9484,37.260173,0.050000
9485,37.245420,0.050000
9486,32.669885,0.050000
9487,33.934838,0.050000
9488,30.954169,0.050000
9489,36.521072,0.050000
9490,35.566755,0.050000
9491,40.642818,0.050000
9492,32.253677,0.050000
9493,36.769867,0.050000
9494,33.234464,0.050000
9495,31.675521,0.050000
9496,34.106528,0.050000
9497,34.688556,0.050000
9498,38.260396,0.050000
9499,35.222017,0.050000
9500,32.684121,0.050000
9501,33.205749,0.050000
9502,34.993750,0.050000
9503,29.221275,0.050000
9504,35.179772,0.050000
9505,37.128209,0.050000
9506,34.399443,0.050000
9507,37.288912,0.050000
9508,34.070875,0.050000
9509,38.403678,0.050000
9510,33.490951,0.050000
9511,29.927138,0.050000
9512,30.481236,0.050000
9513,40.313404,0.050000
9514,35.203549,0.050000
9515,32.782823,0.050000
9516,39.726330,0.050000
9517,41.884874,0.050000
9518,36.455341,0.050000
9519,34.794932,0.050000
9520,39.199453,0.050000
9521,34.947244,0.050000
9522,36.674683,0.050000
9523,37.598531,0.050000
9524,32.189693,0.050000
9525,36.795280,0.050000
9526,41.751134,0.050000
9527,32.051635,0.050000
9528,42.099939,0.050000
9529,37.250927,0.050000
9530,36.653857,0.050000
9531,37.723026,0.050000
9532,35.014445,0.050000
9533,39.891906,0.050000
9534,36.233153,0.050000
9535,36.287983,0.050000
9536,38.863735,0.050000
9537,35.321736,0.050000
9538,35.487051,0.050000
9539,39.065918,0.050000
9540,36.910967,0.050000
9541,34.821519,0.050000
9542,33.161614,0.050000
9543,35.749833,0.050000
9544,34.239404,0.050000
9545,37.905957,0.050000
9546,37.347515,0.050000
9547,34.820932,0.050000
9548,37.792118,0.050000
9549,34.497133,0.050000
9550,35.349870,0.050000
9551,39.626941,0.050000
9552,39.502577,0.050000
9553,41.965827,0.050000
9554,43.156854,0.050000
9555,36.164948,0.050000
9556,38.502237,0.050000
9557,35.072957,0.050000
9558,36.051902,0.050000
9559,39.310340,0.050000
9560,33.872436,0.050000
9561,40.356688,0.050000
9562,39.454630,0.050000
9563,39.016442,0.050000
9564,37.304400,0.050000
9565,36.440654,0.050000
9566,33.799484,0.050000
9567,37.537724,0.050000
9568,36.643656,0.050000
9569,39.593205,0.050000
9570,37.009055,0.050000
9571,36.329329,0.050000
9572,42.716914,0.050000
9573,37.089174,0.050000
9574,35.692314,0.050000
9575,35.981149,0.050000
9576,39.137989,0.050000
9577,38.106285,0.050000
9578,37.012235,0.050000
9579,36.250674,0.050000
9580,37.467151,0.050000
9581,34.052985,0.050000
9582,37.572217,0.050000
9583,34.269357,0.050000
9584,33.489842,0.050000
9585,33.982611,0.050000
9586,37.116823,0.050000
9587,44.722116,0.050000
9588,34.819243,0.050000
9589,35.272067,0.050000
9590,37.225084,0.050000
9591,36.077068,0.050000
9592,37.356533,0.050000
9593,30.118296,0.050000
9594,31.991903,0.050000
9595,38.939669,0.050000
9596,31.428441,0.050000
9597,27.664090,0.050000
9598,35.431550,0.050000
9599,32.824727,0.050000
9600,30.849388,0.050000
9601,33.462341,0.050000
9602,36.328013,0.050000
9603,36.144551,0.050000
9604,37.353965,0.050000
9605,37.142231,0.050000
9606,35.634008,0.050000
9607,37.983314,0.050000
9608,32.279271,0.050000
9609,32.803340,0.050000
9610,38.650327,0.050000
9611,37.124620,0.050000
9612,30.175598,0.050000
9613,36.466633,0.050000
9614,34.345341,0.050000
9615,31.002760,0.050000
9616,36.996896,0.050000
9617,39.787722,0.050000
9618,37.999139,0.050000
9619,32.921804,0.050000
9620,40.349604,0.050000
9621,36.442542,0.050000
9622,36.107632,0.050000
9623,32.733057,0.050000
9624,32.499483,0.050000
9625,31.178450,0.050000
9626,35.017404,0.050000
9627,34.446691,0.050000
9628,30.747978,0.050000
9629,34.401942,0.050000
9630,33.963883,0.050000
9631,37.181608,0.050000
9632,29.577897,0.050000
9633,32.829087,0.050000
9634,35.459894,0.050000
9635,38.057478,0.050000
9636,35.357354,0.050000
9637,38.090305,0.050000
9638,39.221390,0.050000
9639,30.473273,0.050000
9640,35.438605,0.050000
9641,36.805218,0.050000
9642,34.885698,0.050000
9643,28.766675,0.050000
9644,31.271522,0.050000
9645,32.954168,0.050000
9646,37.456780,0.050000
9647,31.883744,0.050000
9648,33.281440,0.050000
9649,33.440414,0.050000
9650,33.849916,0.050000
9651,35.332161,0.050000
9652,31.144529,0.050000
9653,33.709450,0.050000
9654,33.019794,0.050000
9655,39.603521,0.050000
9656,35.650493,0.050000
9657,36.117827,0.050000
9658,36.268535,0.050000
9659,35.862004,0.050000
9660,27.803906,0.050000
9661,34.315321,0.050000
9662,36.705281,0.050000
9663,39.069016,0.050000
9664,31.733594,0.050000
9665,30.798172,0.050000
9666,34.239640,0.050000
9667,32.460593,0.050000
9668,35.952365,0.050000
9669,38.268654,0.050000
9670,32.576610,0.050000
9671,35.613675,0.050000
9672,34.507155,0.050000
9673,33.366648,0.050000
9674,33.210579,0.050000
9675,33.753730,0.050000
9676,37.399124,0.050000
9677,36.386018,0.050000
9678,34.146106,0.050000
9679,30.192852,0.050000
9680,33.388860,0.050000
9681,31.310568,0.050000
9682,31.864999,0.050000
9683,31.771094,0.050000
9684,34.704112,0.050000
9685,32.997886,0.050000
9686,30.314732,0.050000
9687,35.442287,0.050000
9688,32.889760,0.050000
9689,34.326809,0.050000
9690,31.565169,0.050000
9691,33.885088,0.050000
9692,38.381080,0.050000
9693,34.909250,0.050000
9694,35.263753,0.050000
9695,33.752034,0.050000
9696,35.937253,0.050000
9697,32.228274,0.050000
9698,31.839355,0.050000
9699,33.901236,0.050000
9700,33.378252,0.050000
9701,33.028915,0.050000
9702,38.202166,0.050000
9703,32.989141,0.050000
9704,31.366252,0.050000
9705,33.751252,0.050000
9706,33.686808,0.050000
9707,35.467579,0.050000
9708,38.416241,0.050000
9709,37.314809,0.050000
9710,33.283827,0.050000
9711,30.268577,0.050000
9712,29.762506,0.050000
9713,30.536955,0.050000
9714,34.979708,0.050000
9715,33.072644,0.050000
9716,33.553730,0.050000
9717,35.344782,0.050000
9718,30.213864,0.050000
9719,31.284504,0.050000
9720,34.943642,0.050000
9721,31.256528,0.050000
9722,32.675212,0.050000
9723,33.935865,0.050000
9724,39.256677,0.050000
9725,32.130009,0.050000
9726,32.994938,0.050000
9727,34.946753,0.050000
9728,37.628995,0.050000
9729,35.319522,0.050000
9730,33.341305,0.050000
9731,33.686684,0.050000
9732,34.532446,0.050000
9733,28.907968,0.050000
9734,38.042887,0.050000
9735,40.014784,0.050000
9736,33.665164,0.050000
9737,37.353373,0.050000
9738,27.606349,0.050000
9739,31.363379,0.050000
9740,37.950437,0.050000
9741,35.791487,0.050000
9742,38.493117,0.050000
9743,29.221067,0.050000
9744,36.348868,0.050000
9745,36.999170,0.050000
9746,38.173295,0.050000
9747,32.616856,0.050000
9748,35.053590,0.050000
9749,38.642828,0.050000
9750,38.258988,0.050000
9751,30.367201,0.050000
9752,33.771131,0.050000
9753,32.035560,0.050000
9754,36.503629,0.050000
9755,37.077694,0.050000
9756,32.981903,0.050000
9757,38.430791,0.050000
9758,38.223930,0.050000
9759,35.474145,0.050000
9760,32.298210,0.050000
9761,34.810554,0.050000
9762,39.227478,0.050000
9763,35.166669,0.050000
9764,32.239815,0.050000
9765,32.853361,0.050000
9766,33.233319,0.050000
9767,33.698225,0.050000
9768,27.398933,0.050000
9769,26.540440,0.050000
9770,30.815279,0.050000
9771,31.422209,0.050000
9772,27.755396,0.050000
9773,32.930984,0.050000
9774,32.162337,0.050000
9775,29.124461,0.050000
9776,31.681286,0.050000
9777,31.524336,0.050000
9778,29.479792,0.050000
9779,30.924387,0.050000
9780,27.938024,0.050000
9781,32.458777,0.050000
9782,31.271322,0.050000
9783,27.763436,0.050000
9784,37.848912,0.050000
9785,28.520020,0.050000
9786,36.059881,0.050000
9787,34.669253,0.050000
9788,33.672317,0.050000
9789,34.290462,0.050000
9790,36.187793,0.050000
9791,32.597182,0.050000
9792,33.637881,0.050000
9793,32.236562,0.050000
9794,31.710473,0.050000
9795,36.200977,0.050000
9796,34.517377,0.050000
9797,34.120212,0.050000
9798,30.338966,0.050000
9799,33.495687,0.050000
9800,31.712683,0.050000
9801,35.975365,0.050000
9802,29.853856,0.050000
9803,27.913070,0.050000
9804,35.236471,0.050000
9805,29.203365,0.050000
9806,29.405377,0.050000
9807,34.876963,0.050000
9808,34.219879,0.050000
9809,27.494936,0.050000
9810,30.028029,0.050000
9811,28.929837,0.050000
9812,31.254945,0.050000
9813,29.541215,0.050000
9814,33.059158,0.050000
9815,34.290631,0.050000
9816,30.118071,0.050000
9817,33.026147,0.050000
9818,31.715714,0.050000
9819,30.735745,0.050000
9820,32.705271,0.050000
9821,31.435644,0.050000
9822,32.498800,0.050000
9823,34.505551,0.050000
9824,31.847960,0.050000
9825,32.422510,0.050000
9826,31.315771,0.050000
9827,34.364716,0.050000
9828,32.161839,0.050000
9829,33.038852,0.050000
9830,34.332325,0.050000
9831,22.386853,0.050000
9832,22.076629,0.050000
9833,25.756344,0.050000
9834,29.394438,0.050000
9835,34.113614,0.050000
9836,30.697767,0.050000
9837,30.288388,0.050000
9838,30.258444,0.050000
9839,28.829391,0.050000
9840,20.031302,0.050000
9841,32.092483,0.050000
9842,34.454254,0.050000
9843,27.105566,0.050000
9844,30.208169,0.050000
9845,28.752826,0.050000
9846,27.117698,0.050000
9847,24.844114,0.050000
9848,29.482269,0.050000
9849,30.347246,0.050000
9850,23.514336,0.050000
9851,31.568106,0.050000
9852,28.494844,0.050000
9853,31.102595,0.050000
9854,35.353263,0.050000
9855,30.893038,0.050000
9856,26.295101,0.050000
9857,30.830818,0.050000
9858,32.302492,0.050000
9859,31.680965,0.050000
9860,28.795136,0.050000
9861,34.119592,0.050000
9862,33.276250,0.050000
9863,32.124640,0.050000
9864,28.955568,0.050000
9865,34.287747,0.050000
9866,29.487339,0.050000
9867,34.926338,0.050000
9868,33.433390,0.050000
9869,33.644053,0.050000
9870,28.793084,0.050000
9871,35.211642,0.050000
9872,34.916099,0.050000
9873,33.545017,0.050000
9874,34.439151,0.050000
9875,27.865622,0.050000
9876,30.110957,0.050000
9877,31.687191,0.050000
9878,28.418317,0.050000
9879,27.353328,0.050000
9880,30.413308,0.050000
9881,32.283615,0.050000
9882,34.776885,0.050000
9883,30.540387,0.050000
9884,34.708461,0.050000
9885,31.419851,0.050000
9886,34.299377,0.050000
9887,31.328203,0.050000
9888,32.959349,0.050000
9889,28.992936,0.050000
9890,33.826983,0.050000
9891,31.385209,0.050000
9892,33.294614,0.050000
9893,30.278226,0.050000
9894,33.424349,0.050000
9895,28.540773,0.050000
9896,33.544472,0.050000
9897,31.221284,0.050000
9898,34.335229,0.050000
9899,27.604869,0.050000
9900,36.396816,0.050000
9901,32.637952,0.050000
9902,34.465432,0.050000
9903,33.869918,0.050000
9904,31.317960,0.050000
9905,28.379646,0.050000
9906,34.057120,0.050000
9907,31.414802,0.050000
9908,34.943275,0.050000
9909,27.225866,0.050000
9910,34.037325,0.050000
9911,35.823214,0.050000
9912,31.501223,0.050000
9913,34.132576,0.050000
9914,35.894135,0.050000
9915,35.631103,0.050000
9916,31.089949,0.050000
9917,37.460483,0.050000
9918,38.371811,0.050000
9919,34.455286,0.050000
9920,36.184871,0.050000
9921,28.277562,0.050000
9922,38.636143,0.050000
9923,37.813968,0.050000
9924,37.292452,0.050000
9925,36.389269,0.050000
9926,36.121085,0.050000
9927,40.002705,0.050000
9928,30.555357,0.050000
9929,32.909134,0.050000
9930,34.091741,0.050000
9931,29.741059,0.050000
9932,32.978095,0.050000
9933,34.628590,0.050000
9934,38.067284,0.050000
9935,39.004849,0.050000
9936,33.047580,0.050000
9937,35.856590,0.050000
9938,37.587004,0.050000
9939,36.700850,0.050000
9940,40.637274,0.050000
9941,36.665601,0.050000
9942,38.132091,0.050000
9943,39.520692,0.050000
9944,36.982477,0.050000
9945,37.981421,0.050000
9946,35.002878,0.050000
9947,36.547583,0.050000
9948,31.664331,0.050000
9949,29.320219,0.050000
9950,35.090963,0.050000
9951,36.441300,0.050000
9952,34.733371,0.050000
9953,40.235106,0.050000
9954,35.877840,0.050000
9955,35.326929,0.050000
9956,35.032949,0.050000
9957,38.124855,0.050000
9958,36.723729,0.050000
9959,34.345455,0.050000
9960,37.986381,0.050000
9961,38.563459,0.050000
9962,30.178949,0.050000
9963,38.049656,0.050000
9964,37.529837,0.050000
9965,37.345971,0.050000
9966,33.045346,0.050000
9967,36.808426,0.050000
9968,31.241388,0.050000
9969,33.962778,0.050000
9970,34.769582,0.050000
9971,37.195334,0.050000
9972,38.458158,0.050000
9973,41.948036,0.050000
9974,36.289726,0.050000
9975,38.846770,0.050000
9976,36.025801,0.050000
9977,42.524957,0.050000
9978,41.020380,0.050000
9979,36.893067,0.050000
9980,35.524158,0.050000
9981,37.686774,0.050000
9982,35.338321,0.050000
9983,39.179189,0.050000
9984,38.326014,0.050000
9985,34.050780,0.050000
9986,33.791576,0.050000
9987,32.600532,0.050000
9988,29.461291,0.050000
9989,33.740008,0.050000
9990,34.919287,0.050000
9991,35.247131,0.050000
9992,37.612067,0.050000
9993,33.350871,0.050000
9994,36.806730,0.050000
9995,32.490989,0.050000
9996,36.297598,0.050000
9997,36.819763,0.050000
9998,35.851054,0.050000
9999,37.321357,0.050000
10000,33.628266,0.050000
10001,38.488212,0.050000
10002,34.296373,0.050000
10003,32.509413,0.050000
10004,31.290112,0.050000
10005,37.199389,0.050000
10006,36.433294,0.050000
10007,31.873181,0.050000
10008,38.040032,0.050000
10009,36.976140,0.050000
10010,36.543327,0.050000
10011,36.580582,0.050000
10012,29.826903,0.050000
10013,36.443492,0.050000
10014,40.167265,0.050000
10015,34.779498,0.050000
10016,28.478395,0.050000
10017,31.218190,0.050000
10018,33.532888,0.050000
10019,23.573880,0.050000
10020,40.100940,0.050000
10021,37.048024,0.050000
10022,29.923084,0.050000
10023,36.117943,0.050000
10024,26.025036,0.050000
10025,32.423516,0.050000
10026,33.537089,0.050000
10027,30.059532,0.050000
10028,35.979298,0.050000
10029,39.346057,0.050000
10030,33.715457,0.050000
10031,37.631435,0.050000
10032,32.054717,0.050000
10033,35.799882,0.050000
10034,34.062549,0.050000
10035,36.398222,0.050000
10036,36.420908,0.050000
10037,33.033619,0.050000
10038,37.557705,0.050000
10039,29.021921,0.050000
10040,39.571257,0.050000
10041,31.971631,0.050000
10042,38.210746,0.050000
10043,35.281207,0.050000
10044,32.489996,0.050000
10045,32.332898,0.050000
10046,35.311417,0.050000
10047,35.206492,0.050000
10048,31.699567,0.050000
10049,37.725562,0.050000
10050,33.929904,0.050000
10051,31.588851,0.050000
10052,34.532470,0.050000
10053,34.715955,0.050000
10054,39.010752,0.050000
10055,35.941699,0.050000
10056,34.441249,0.050000
10057,37.231293,0.050000
10058,32.389181,0.050000
10059,35.684122,0.050000
10060,35.804309,0.050000
10061,34.915040,0.050000
10062,34.202025,0.050000
10063,37.332466,0.050000
10064,38.500493,0.050000
10065,31.850584,0.050000
10066,40.158561,0.050000
10067,37.997261,0.050000
10068,39.058482,0.050000
10069,34.561645,0.050000
10070,38.483723,0.050000
10071,38.160490,0.050000
10072,35.304169,0.050000
10073,36.091065,0.050000
10074,35.698385,0.050000
10075,38.709488,0.050000
10076,36.301819,0.050000
10077,32.993906,0.050000
10078,30.420648,0.050000
10079,35.791330,0.050000
10080,29.981666,0.050000
10081,34.747851,0.050000
10082,40.152851,0.050000
10083,30.793628,0.050000
10084,38.256511,0.050000
10085,27.853869,0.050000
10086,31.606581,0.050000
10087,36.772618,0.050000
10088,31.116100,0.050000
10089,33.924721,0.050000
10090,31.354313,0.050000
10091,28.088380,0.050000
10092,32.096785,0.050000
10093,28.454646,0.050000
10094,31.342548,0.050000
10095,32.988301,0.050000
10096,25.175436,0.050000
10097,26.027552,0.050000
10098,33.179613,0.050000
10099,33.615991,0.050000
10100,28.781769,0.050000
10101,33.830810,0.050000
10102,32.232303,0.050000
10103,36.961007,0.050000
10104,33.449369,0.050000
10105,33.590456,0.050000
10106,32.560130,0.050000
10107,26.811135,0.050000
10108,29.408492,0.050000
10109,32.643017,0.050000
10110,35.415490,0.050000
10111,28.243525,0.050000
10112,30.936616,0.050000
10113,25.034423,0.050000
10114,32.709459,0.050000
10115,28.955771,0.050000
10116,29.383917,0.050000
10117,29.648994,0.050000
10118,25.364146,0.050000
10119,29.226372,0.050000
10120,31.580107,0.050000
10121,29.858002,0.050000
10122,33.084366,0.050000
10123,36.158846,0.050000
10124,32.028733,0.050000
10125,30.478701,0.050000
10126,32.521170,0.050000
10127,37.764336,0.050000
10128,33.310500,0.050000
10129,25.961784,0.050000
10130,32.575161,0.050000
10131,32.184965,0.050000
10132,27.247044,0.050000
10133,27.332048,0.050000
10134,23.276153,0.050000
10135,28.694135,0.050000
10136,27.136180,0.050000
10137,27.879159,0.050000
10138,28.140172,0.050000
10139,34.574708,0.050000
10140,28.106728,0.050000
10141,24.421979,0.050000
10142,21.856010,0.050000
10143,26.466188,0.050000
10144,24.628531,0.050000
10145,23.900454,0.050000
10146,25.452894,0.050000
10147,21.609208,0.050000
10148,26.608263,0.050000
10149,28.204690,0.050000
10150,26.376277,0.050000
10151,22.692764,0.050000
10152,25.143520,0.050000
10153,22.099251,0.050000
10154,22.015936,0.050000
10155,20.885348,0.050000
10156,20.646027,0.050000
10157,22.907701,0.050000
10158,24.313670,0.050000
10159,23.777513,0.050000
10160,22.106777,0.050000
10161,21.504816,0.050000
10162,22.772456,0.050000
10163,21.681070,0.050000
10164,27.780586,0.050000
10165,26.043767,0.050000
10166,25.048321,0.050000
10167,24.427028,0.050000
10168,21.114572,0.050000
10169,25.323848,0.050000
10170,21.114247,0.050000
10171,18.424584,0.050000
10172,24.107930,0.050000
10173,27.819309,0.050000
10174,27.527862,0.050000
10175,32.829624,0.050000
10176,33.384185,0.050000
10177,36.646328,0.050000
10178,28.083404,0.050000
10179,31.127505,0.050000
10180,31.509244,0.050000
10181,31.682938,0.050000
10182,25.855771,0.050000
10183,29.580843,0.050000
10184,32.974788,0.050000
10185,28.584207,0.050000
10186,28.701912,0.050000
10187,26.370410,0.050000
10188,28.747159,0.050000
10189,29.510380,0.050000
10190,19.702330,0.050000
10191,27.576596,0.050000
10192,29.489699,0.050000
10193,28.497865,0.050000
10194,29.081535,0.050000
10195,32.639051,0.050000
10196,31.292480,0.050000
10197,29.101120,0.050000
10198,26.418202,0.050000
10199,27.528635,0.050000
10200,34.586973,0.050000
10201,26.399204,0.050000
10202,24.708817,0.050000
10203,25.678607,0.050000
10204,31.365194,0.050000
10205,22.831144,0.050000
10206,31.483643,0.050000
10207,29.986926,0.050000
10208,32.549704,0.050000
10209,33.301566,0.050000
10210,32.773741,0.050000
10211,36.427144,0.050000
10212,37.540881,0.050000
10213,34.607171,0.050000
10214,36.430833,0.050000
10215,34.616602,0.050000
10216,31.719306,0.050000
10217,35.380213,0.050000
10218,30.646504,0.050000
10219,32.459398,0.050000
10220,33.305005,0.050000
10221,34.076285,0.050000
10222,33.441041,0.050000
10223,34.915901,0.050000
10224,30.636192,0.050000
10225,32.901483,0.050000
10226,35.931055,0.050000
10227,19.089364,0.050000
10228,27.697399,0.050000
10229,36.140823,0.050000
10230,28.183351,0.050000
10231,24.922202,0.050000
10232,29.292313,0.050000
10233,35.818770,0.050000
10234,32.551902,0.050000
10235,34.577758,0.050000
10236,29.065876,0.050000
10237,31.437615,0.050000
10238,36.361077,0.050000
10239,36.417082,0.050000
10240,26.724706,0.050000
10241,32.820767,0.050000
10242,30.244705,0.050000
10243,35.469096,0.050000
10244,33.672685,0.050000
10245,34.002486,0.050000
10246,30.418114,0.050000
10247,35.040177,0.050000
10248,32.741765,0.050000
10249,35.890315,0.050000
10250,34.237439,0.050000
10251,34.270938,0.050000
10252,32.533818,0.050000
10253,32.738156,0.050000
10254,33.884494,0.050000
10255,33.080464,0.050000
10256,34.176469,0.050000
10257,35.823952,0.050000
10258,35.160046,0.050000
10259,30.989324,0.050000
10260,34.388729,0.050000
10261,34.705289,0.050000
10262,35.742289,0.050000
10263,34.077388,0.050000
10264,31.874221,0.050000
10265,32.742564,0.050000
10266,33.842805,0.050000
10267,41.849664,0.050000
10268,30.940647,0.050000
10269,36.659749,0.050000
10270,31.086239,0.050000
10271,35.846695,0.050000
10272,33.526524,0.050000
10273,35.690443,0.050000
10274,29.884533,0.050000
10275,40.587790,0.050000
10276,33.463699,0.050000
10277,33.770274,0.050000
10278,35.462529,0.050000
10279,38.968068,0.050000
10280,28.406337,0.050000
10281,31.589927,0.050000
10282,33.702539,0.050000
10283,36.821638,0.050000
10284,39.112100,0.050000
10285,37.290826,0.050000
10286,34.952185,0.050000
10287,31.691617,0.050000
10288,37.325738,0.050000
10289,35.222273,0.050000
10290,36.255848,0.050000
10291,35.017350,0.050000
10292,34.319140,0.050000
10293,39.326488,0.050000
10294,36.956388,0.050000
10295,39.825562,0.050000
10296,35.131750,0.050000
10297,34.023058,0.050000
10298,34.950426,0.050000
10299,37.848308,0.050000
10300,39.589654,0.050000
10301,40.940090,0.050000
10302,31.568745,0.050000
10303,36.339972,0.050000
10304,35.223780,0.050000
10305,34.687861,0.050000
10306,28.475081,0.050000
10307,36.944694,0.050000
10308,37.273592,0.050000
10309,34.743239,0.050000
10310,32.190043,0.050000
10311,34.181931,0.050000
10312,33.777221,0.050000
10313,38.744262,0.050000
10314,28.370351,0.050000
10315,29.742149,0.050000
10316,31.308487,0.050000
10317,31.840291,0.050000
10318,28.899903,0.050000
10319,35.011779,0.050000
10320,33.351328,0.050000
10321,31.821981,0.050000
10322,25.826907,0.050000
10323,27.683225,0.050000
10324,27.910136,0.050000
10325,29.220317,0.050000
10326,29.134938,0.050000
10327,26.369553,0.050000
10328,28.796767,0.050000
10329,28.323949,0.050000
10330,27.866788,0.050000
10331,26.177091,0.050000
10332,27.643087,0.050000
10333,25.845775,0.050000
10334,26.241703,0.050000
10335,24.676437,0.050000
10336,29.669563,0.050000
10337,26.436945,0.050000
10338,27.738525,0.050000
10339,31.069759,0.050000
10340,22.562979,0.050000
10341,25.375497,0.050000
10342,24.990440,0.050000
10343,31.540947,0.050000
10344,28.124236,0.050000
10345,25.942464,0.050000
10346,26.019854,0.050000
10347,25.849264,0.050000
10348,29.488159,0.050000
10349,23.094923,0.050000
10350,25.875539,0.050000
10351,24.850812,0.050000
10352,23.774218,0.050000
10353,23.229619,0.050000
10354,33.892095,0.050000
10355,23.329209,0.050000
10356,28.602422,0.050000
10357,23.043840,0.050000
10358,29.356349,0.050000
10359,26.496494,0.050000
10360,27.339291,0.050000
10361,23.490510,0.050000
10362,22.007116,0.050000
10363,22.322239,0.050000
10364,24.277240,0.050000
10365,23.743250,0.050000
10366,25.661019,0.050000
10367,15.964506,0.050000
10368,20.606262,0.050000
10369,21.294492,0.050000
10370,23.528283,0.050000
10371,15.383589,0.050000
10372,14.187824,0.050000
10373,21.153742,0.050000
10374,19.299085,0.050000
10375,22.166295,0.050000
10376,22.018788,0.050000
10377,19.443373,0.050000
10378,22.456393,0.050000
10379,24.056953,0.050000
10380,23.297489,0.050000
10381,19.499022,0.050000
10382,22.105632,0.050000
10383,18.147697,0.050000
10384,17.064010,0.050000
10385,21.218591,0.050000
10386,23.278664,0.050000
10387,16.008103,0.050000
10388,22.623745,0.050000
10389,23.743044,0.050000
10390,14.939557,0.050000
10391,19.668661,0.050000
10392,24.995435,0.050000
10393,22.977235,0.050000
10394,20.952299,0.050000
10395,26.530691,0.050000
10396,15.844105,0.050000
10397,14.057771,0.050000
10398,23.872118,0.050000
10399,14.153884,0.050000
10400,17.646271,0.050000
10401,18.519696,0.050000
10402,19.782263,0.050000
10403,18.022411,0.050000
10404,19.290017,0.050000
10405,21.191998,0.050000
10406,22.482161,0.050000
10407,24.663124,0.050000
10408,23.544380,0.050000
10409,21.094131,0.050000
10410,22.907856,0.050000
10411,22.863638,0.050000
10412,23.444793,0.050000
10413,21.499241,0.050000
10414,23.668879,0.050000
10415,24.606060,0.050000
10416,22.580159,0.050000
10417,21.139856,0.050000
10418,21.510170,0.050000
10419,22.374053,0.050000
10420,18.992626,0.050000
10421,22.422065,0.050000
10422,25.358538,0.050000
10423,21.282647,0.050000
10424,24.867618,0.050000
10425,22.541600,0.050000
10426,24.646581,0.050000
10427,22.411865,0.050000
10428,25.842317,0.050000
10429,24.987468,0.050000
10430,20.594071,0.050000
10431,19.564450,0.050000
10432,24.632014,0.050000
10433,29.105619,0.050000
10434,23.407851,0.050000
10435,26.811862,0.050000
10436,23.894059,0.050000
10437,24.212420,0.050000
10438,21.723859,0.050000
10439,24.887199,0.050000
10440,22.006645,0.050000
10441,20.303558,0.050000
10442,25.002762,0.050000
10443,23.721946,0.050000
10444,22.190532,0.050000
10445,23.410380,0.050000
10446,24.184129,0.050000
10447,23.009352,0.050000
10448,22.372205,0.050000
10449,25.266404,0.050000
10450,24.700754,0.050000
10451,24.029042,0.050000
10452,23.695426,0.050000
10453,20.698039,0.050000
10454,25.118396,0.050000
10455,23.366190,0.050000
10456,23.851520,0.050000
10457,23.259624,0.050000
10458,17.844267,0.050000
10459,13.082636,0.050000
10460,13.108654,0.050000
10461,23.132741,0.050000
10462,17.860519,0.050000
10463,24.602810,0.050000
10464,24.464645,0.050000
10465,17.840185,0.050000
10466,21.354507,0.050000
10467,23.972725,0.050000
10468,19.783126,0.050000
10469,22.695687,0.050000
10470,22.132766,0.050000
10471,23.137641,0.050000
10472,19.685053,0.050000
10473,21.905362,0.050000
10474,18.831919,0.050000
10475,20.482116,0.050000
10476,26.177021,0.050000
10477,20.069779,0.050000
10478,23.959991,0.050000
10479,24.908389,0.050000
10480,23.438667,0.050000
10481,23.080654,0.050000
10482,21.630898,0.050000
10483,18.484865,0.050000
10484,20.253057,0.050000
10485,19.530756,0.050000
10486,19.025181,0.050000
10487,16.856454,0.050000
10488,18.834487,0.050000
10489,20.790031,0.050000
10490,20.015782,0.050000
10491,20.640932,0.050000
10492,20.527006,0.050000
10493,19.064002,0.050000
10494,20.872818,0.050000
10495,18.164824,0.050000
10496,18.198019,0.050000
10497,22.882180,0.050000
10498,26.332373,0.050000
10499,27.331290,0.050000
10500,25.313669,0.050000
10501,23.698205,0.050000
10502,22.214809,0.050000
10503,24.542969,0.050000
10504,20.603438,0.050000
10505,20.588845,0.050000
10506,17.842156,0.050000
10507,20.884562,0.050000
10508,19.972385,0.050000
10509,21.858659,0.050000
10510,26.210071,0.050000
10511,23.834455,0.050000
10512,23.765536,0.050000
10513,21.275972,0.050000
10514,23.765051,0.050000
10515,18.497259,0.050000
10516,21.970107,0.050000
10517,22.129719,0.050000
10518,22.333239,0.050000
10519,21.210744,0.050000
10520,22.368509,0.050000
10521,18.834220,0.050000
10522,20.557989,0.050000
10523,25.855328,0.050000
10524,20.648062,0.050000
10525,20.403002,0.050000
10526,21.646644,0.050000
10527,16.431408,0.050000
10528,18.533191,0.050000
10529,18.319237,0.050000
10530,19.573143,0.050000
10531,19.431508,0.050000
10532,18.177188,0.050000
10533,17.485671,0.050000
10534,15.251385,0.050000
10535,17.070913,0.050000
10536,13.281695,0.050000
10537,21.182835,0.050000
10538,18.109502,0.050000
10539,19.768993,0.050000
10540,19.566787,0.050000
10541,22.717055,0.050000
10542,19.500203,0.050000
10543,15.404599,0.050000
10544,24.100222,0.050000
10545,18.815428,0.050000
10546,25.328599,0.050000
10547,24.448611,0.050000
10548,22.630089,0.050000
10549,27.928657,0.050000
10550,25.337664,0.050000
10551,23.166906,0.050000
10552,25.725505,0.050000
10553,28.550572,0.050000
10554,23.820250,0.050000
10555,25.519865,0.050000
10556,25.766994,0.050000
10557,26.604195,0.050000
10558,29.686187,0.050000
10559,28.684045,0.050000
10560,28.569479,0.050000
10561,32.191541,0.050000
10562,22.285136,0.050000
10563,28.167058,0.050000
10564,28.921367,0.050000
10565,26.126437,0.050000
10566,26.759196,0.050000
10567,29.901015,0.050000
10568,24.394426,0.050000
10569,29.721826,0.050000
10570,27.287785,0.050000
10571,26.484663,0.050000
10572,27.653644,0.050000
10573,29.160347,0.050000
10574,24.570015,0.050000
10575,25.337965,0.050000
10576,23.903439,0.050000
10577,23.495823,0.050000
10578,25.235887,0.050000
10579,24.265849,0.050000
10580,26.116880,0.050000
10581,28.076450,0.050000
10582,22.994970,0.050000
10583,25.453719,0.050000
10584,29.263683,0.050000
10585,24.742056,0.050000
10586,22.121372,0.050000
10587,27.462974,0.050000
10588,28.735443,0.050000
10589,28.265533,0.050000
10590,32.046264,0.050000
10591,20.316212,0.050000
10592,26.878306,0.050000
10593,29.358023,0.050000
10594,28.171531,0.050000
10595,23.049130,0.050000
10596,28.478270,0.050000
10597,30.852772,0.050000
10598,28.456793,0.050000
10599,29.929102,0.050000
10600,27.513394,0.050000
10601,29.752475,0.050000
10602,25.942647,0.050000
10603,30.895183,0.050000
10604,24.008335,0.050000
10605,28.170139,0.050000
10606,25.547721,0.050000
10607,28.144361,0.050000
10608,26.550921,0.050000
10609,31.918126,0.050000
10610,29.591291,0.050000
10611,26.546196,0.050000
10612,24.996678,0.050000
10613,26.670038,0.050000
10614,27.448092,0.050000
10615,23.585031,0.050000
10616,32.688451,0.050000
10617,27.269688,0.050000
10618,30.899340,0.050000
10619,27.888250,0.050000
10620,25.233309,0.050000
10621,31.625467,0.050000
10622,24.890166,0.050000
10623,22.803705,0.050000
10624,24.615794,0.050000
10625,28.634667,0.050000
10626,28.600389,0.050000
10627,28.851931,0.050000
10628,30.766106,0.050000
10629,28.499221,0.050000
10630,25.985215,0.050000
10631,22.173696,0.050000
10632,26.370144,0.050000
10633,27.200180,0.050000
10634,27.276135,0.050000
10635,25.342944,0.050000
10636,28.902735,0.050000
10637,23.927738,0.050000
10638,26.058896,0.050000
10639,25.627789,0.050000
10640,23.448436,0.050000
10641,27.332241,0.050000
10642,24.047927,0.050000
10643,23.435786,0.050000
10644,23.787146,0.050000
10645,25.313018,0.050000
10646,24.538942,0.050000
10647,27.070722,0.050000
10648,29.103542,0.050000
10649,25.408907,0.050000
10650,28.931803,0.050000
10651,23.303731,0.050000
10652,24.111888,0.050000
10653,27.349413,0.050000
10654,25.376592,0.050000
10655,23.747170,0.050000
10656,25.938490,0.050000
10657,30.272321,0.050000
10658,28.181245,0.050000
10659,27.491309,0.050000
10660,24.995148,0.050000
10661,31.951686,0.050000
10662,24.088709,0.050000
10663,27.613618,0.050000
10664,30.702781,0.050000
10665,32.376114,0.050000
10666,24.839707,0.050000
10667,32.770388,0.050000
10668,31.194087,0.050000
10669,28.172610,0.050000
10670,24.793460,0.050000
10671,27.094153,0.050000
10672,30.616162,0.050000
10673,26.156234,0.050000
10674,29.890644,0.050000
10675,27.580593,0.050000
10676,25.151250,0.050000
10677,27.258607,0.050000
10678,29.254671,0.050000
10679,26.481111,0.050000
10680,24.795762,0.050000
10681,31.561040,0.050000
10682,34.352404,0.050000
10683,31.137502,0.050000
10684,31.416888,0.050000
10685,27.697583,0.050000
10686,27.254714,0.050000
10687,25.495484,0.050000
10688,26.111453,0.050000
10689,32.110776,0.050000
10690,33.149682,0.050000
10691,30.208078,0.050000
10692,31.816058,0.050000
10693,28.553076,0.050000
10694,30.867922,0.050000
10695,30.895635,0.050000
10696,31.673726,0.050000
10697,24.984540,0.050000
10698,31.259131,0.050000
10699,28.527171,0.050000
10700,32.663018,0.050000
10701,24.600210,0.050000
10702,28.028835,0.050000
10703,28.178915,0.050000
10704,27.163674,0.050000
10705,23.325899,0.050000
10706,28.935673,0.050000
10707,29.921439,0.050000
10708,25.347934,0.050000
10709,29.132676,0.050000
10710,30.093278,0.050000
10711,24.071133,0.050000
10712,29.030565,0.050000
10713,29.248027,0.050000
10714,28.404925,0.050000
10715,24.934705,0.050000
10716,33.608898,0.050000
10717,34.841791,0.050000
10718,26.482254,0.050000
10719,30.321254,0.050000
10720,29.323808,0.050000
10721,28.413152,0.050000
10722,33.099091,0.050000
10723,26.624892,0.050000
10724,34.668118,0.050000
10725,31.106660,0.050000
10726,25.666766,0.050000
10727,26.755704,0.050000
10728,34.780775,0.050000
10729,33.068352,0.050000
10730,28.126336,0.050000
10731,31.932089,0.050000
10732,33.991596,0.050000
10733,29.630559,0.050000
10734,29.800366,0.050000
10735,31.874865,0.050000
10736,26.247887,0.050000
10737,32.962695,0.050000
10738,31.071045,0.050000
10739,35.371291,0.050000
10740,34.055278,0.050000
10741,30.543175,0.050000
10742,35.175526,0.050000
10743,34.048268,0.050000
10744,31.694764,0.050000
10745,33.203689,0.050000
10746,36.557061,0.050000
10747,31.884581,0.050000
10748,33.190493,0.050000
10749,36.610787,0.050000
10750,28.328416,0.050000
10751,27.390932,0.050000
10752,31.032948,0.050000
10753,31.358438,0.050000
10754,32.775929,0.050000
10755,35.613551,0.050000
10756,33.588149,0.050000
10757,34.560809,0.050000
10758,37.628788,0.050000
10759,34.291746,0.050000
10760,34.254708,0.050000
10761,31.694690,0.050000
10762,36.667522,0.050000
10763,30.685217,0.050000
10764,32.909456,0.050000
10765,30.905304,0.050000
10766,34.346609,0.050000
10767,30.898252,0.050000
10768,38.045604,0.050000
10769,33.152143,0.050000
10770,31.717941,0.050000
10771,35.056281,0.050000
10772,34.594665,0.050000
10773,36.899577,0.050000
10774,32.511185,0.050000
10775,35.691450,0.050000
10776,31.544314,0.050000
10777,32.864520,0.050000
10778,35.044460,0.050000
10779,39.141057,0.050000
10780,33.331919,0.050000
10781,32.072979,0.050000
10782,36.819048,0.050000
10783,36.049326,0.050000
10784,38.587290,0.050000
10785,30.171473,0.050000
10786,33.687783,0.050000
10787,33.546708,0.050000
10788,36.651580,0.050000
10789,31.127962,0.050000
10790,34.416219,0.050000
10791,28.500523,0.050000
10792,36.882009,0.050000
10793,34.352022,0.050000
10794,32.064365,0.050000
10795,36.753023,0.050000
10796,35.339570,0.050000
10797,38.378591,0.050000
10798,34.480362,0.050000
10799,36.164410,0.050000
10800,34.067898,0.050000
10801,34.102211,0.050000
10802,34.494011,0.050000
10803,35.348315,0.050000
10804,34.710166,0.050000
10805,29.213923,0.050000
10806,31.852894,0.050000
10807,34.120181,0.050000
10808,34.285958,0.050000
10809,34.789088,0.050000
10810,34.488429,0.050000
10811,35.258332,0.050000
10812,36.854581,0.050000
10813,31.735063,0.050000
10814,37.824121,0.050000
10815,33.450990,0.050000
10816,36.359628,0.050000
10817,35.556906,0.050000
10818,30.611539,0.050000
10819,33.811230,0.050000
10820,31.581118,0.050000
10821,30.556448,0.050000
10822,35.267893,0.050000
10823,32.610726,0.050000
10824,29.456304,0.050000
10825,34.227846,0.050000
10826,35.436885,0.050000
10827,30.832549,0.050000
10828,27.824525,0.050000
10829,34.809306,0.050000
10830,30.809384,0.050000
10831,24.521667,0.050000
10832,20.216983,0.050000
10833,23.763659,0.050000
10834,28.238685,0.050000
10835,21.729827,0.050000
10836,26.454694,0.050000
10837,28.039064,0.050000
10838,27.984791,0.050000
10839,29.051172,0.050000
10840,23.551777,0.050000
10841,29.179438,0.050000
10842,21.226894,0.050000
10843,29.725070,0.050000
10844,30.482749,0.050000
10845,26.314108,0.050000
10846,27.900893,0.050000
10847,32.322238,0.050000
10848,25.409930,0.050000
10849,31.532951,0.050000
10850,29.037537,0.050000
10851,31.509439,0.050000
10852,30.041262,0.050000
10853,29.349354,0.050000
10854,27.422649,0.050000
10855,33.315750,0.050000
10856,22.298551,0.050000
10857,27.628918,0.050000
10858,28.694204,0.050000
10859,26.498232,0.050000
10860,27.632885,0.050000
10861,29.225880,0.050000
10862,37.934350,0.050000
10863,32.646130,0.050000
10864,36.718569,0.050000
10865,35.694708,0.050000
10866,39.108891,0.050000
10867,33.050827,0.050000
10868,37.175521,0.050000
10869,36.789812,0.050000
10870,40.160953,0.050000
10871,33.190559,0.050000
10872,27.650092,0.050000
10873,35.679808,0.050000
10874,29.938807,0.050000
10875,28.637192,0.050000
10876,29.315775,0.050000
10877,35.300157,0.050000
10878,34.604644,0.050000
10879,35.057091,0.050000
10880,35.757619,0.050000
10881,36.867395,0.050000
10882,31.602365,0.050000
10883,26.677068,0.050000
10884,31.463009,0.050000
10885,28.258341,0.050000
10886,34.802962,0.050000
10887,32.014989,0.050000
10888,33.663077,0.050000
10889,34.205254,0.050000
10890,28.156254,0.050000
10891,32.350743,0.050000
10892,29.704802,0.050000
10893,34.734867,0.050000
10894,33.683384,0.050000
10895,38.857851,0.050000
10896,28.446567,0.050000
10897,36.016893,0.050000
10898,31.004032,0.050000
10899,34.372075,0.050000
10900,33.497815,0.050000
10901,25.545390,0.050000
10902,27.319960,0.050000
10903,27.166962,0.050000
10904,35.156443,0.050000
10905,26.672966,0.050000
10906,29.188131,0.050000
10907,29.756979,0.050000
10908,28.896372,0.050000
10909,35.434488,0.050000
10910,28.883677,0.050000
10911,32.918313,0.050000
10912,27.271370,0.050000
10913,32.277736,0.050000
10914,29.892922,0.050000
10915,22.344205,0.050000
10916,30.224805,0.050000
10917,28.411640,0.050000
10918,27.503746,0.050000
10919,30.427702,0.050000
10920,28.909215,0.050000
10921,30.762000,0.050000
10922,24.762249,0.050000
10923,33.981210,0.050000
10924,31.057404,0.050000
10925,25.429180,0.050000
10926,31.832248,0.050000
10927,29.341993,0.050000
10928,27.444712,0.050000
10929,31.941908,0.050000
10930,27.665357,0.050000
10931,29.675813,0.050000
10932,29.528545,0.050000
10933,28.576987,0.050000
10934,28.660850,0.050000
10935,25.348358,0.050000
10936,31.174780,0.050000
10937,30.450082,0.050000
10938,32.003876,0.050000
10939,31.035529,0.050000
10940,33.481404,0.050000
10941,28.164261,0.050000
10942,28.131161,0.050000
10943,26.200412,0.050000
10944,31.785864,0.050000
10945,32.357245,0.050000
10946,30.167943,0.050000
10947,28.260188,0.050000
10948,26.353938,0.050000
10949,28.375320,0.050000
10950,28.184383,0.050000
10951,28.994568,0.050000
10952,28.756364,0.050000
10953,29.600005,0.050000
10954,28.850519,0.050000
10955,30.319732,0.050000
10956,31.013379,0.050000
10957,28.484220,0.050000
10958,26.132596,0.050000
10959,27.944210,0.050000
10960,27.674121,0.050000
10961,26.669320,0.050000
10962,25.127157,0.050000
10963,19.447837,0.050000
10964,25.637240,0.050000
10965,31.396374,0.050000
10966,26.260176,0.050000
10967,23.159385,0.050000
10968,33.412324,0.050000
10969,35.584142,0.050000
10970,26.472909,0.050000
10971,26.850299,0.050000
10972,21.224648,0.050000
10973,22.686301,0.050000
10974,23.208780,0.050000
10975,25.394507,0.050000
10976,24.187223,0.050000
10977,27.848140,0.050000
10978,27.527908,0.050000
10979,21.479578,0.050000
10980,28.841633,0.050000
10981,27.651892,0.050000
10982,27.113516,0.050000
10983,28.886120,0.050000
10984,30.221998,0.050000
10985,31.266807,0.050000
10986,26.892370,0.050000
10987,30.594279,0.050000
10988,28.128049,0.050000
10989,24.534631,0.050000
10990,26.313192,0.050000
10991,32.246576,0.050000
10992,25.220832,0.050000
10993,28.352452,0.050000
10994,27.456965,0.050000
10995,24.904448,0.050000
10996,29.190690,0.050000
10997,30.931217,0.050000
10998,29.747958,0.050000
10999,32.715808,0.050000
11000,28.458916,0.050000
11001,27.820905,0.050000
11002,28.482534,0.050000
11003,27.084624,0.050000
11004,29.466715,0.050000
11005,26.456675,0.050000
11006,28.242261,0.050000
11007,25.291928,0.050000
11008,25.095641,0.050000
11009,26.400622,0.050000
11010,24.076221,0.050000
11011,28.200941,0.050000
11012,27.187438,0.050000
11013,26.529578,0.050000
11014,23.528827,0.050000
11015,27.776308,0.050000
11016,28.028764,0.050000
11017,25.176476,0.050000
11018,23.799854,0.050000
11019,32.516537,0.050000
11020,28.250883,0.050000
11021,33.110248,0.050000
11022,29.530735,0.050000
11023,34.251005,0.050000
11024,28.779053,0.050000
11025,24.725810,0.050000
11026,31.170059,0.050000
11027,29.752872,0.050000
11028,31.924743,0.050000
11029,29.399007,0.050000
11030,35.458450,0.050000
11031,36.281618,0.050000
11032,31.104179,0.050000
11033,33.709218,0.050000
11034,29.821371,0.050000
11035,29.295205,0.050000
11036,28.528164,0.050000
11037,26.813967,0.050000
11038,29.668155,0.050000
11039,28.394040,0.050000
11040,30.824666,0.050000
11041,30.967967,0.050000
11042,33.750687,0.050000
11043,34.252356,0.050000
11044,32.945305,0.050000
11045,34.436444,0.050000
11046,30.089896,0.050000
11047,36.349117,0.050000
11048,33.455090,0.050000
11049,27.784929,0.050000
11050,29.834407,0.050000
11051,29.232088,0.050000
11052,35.764726,0.050000
11053,31.442752,0.050000
11054,34.423951,0.050000
11055,30.974248,0.050000
11056,27.752905,0.050000
11057,35.764763,0.050000
11058,29.446440,0.050000
11059,25.851432,0.050000
11060,32.103610,0.050000
11061,30.200443,0.050000
11062,34.366022,0.050000
11063,28.302325,0.050000
11064,28.270836,0.050000
11065,26.381776,0.050000
11066,34.660928,0.050000
11067,32.823583,0.050000
11068,30.251482,0.050000
11069,31.673403,0.050000
11070,26.146937,0.050000
11071,27.696544,0.050000
11072,36.934778,0.050000
11073,32.813111,0.050000
11074,32.195327,0.050000
11075,29.559781,0.050000
11076,33.590563,0.050000
11077,31.000533,0.050000
11078,32.662749,0.050000
11079,28.918135,0.050000
11080,36.365748,0.050000
11081,26.433609,0.050000
11082,26.833405,0.050000
11083,31.881116,0.050000
11084,29.557342,0.050000
11085,31.317680,0.050000
11086,36.582256,0.050000
11087,37.813272,0.050000
11088,30.410615,0.050000
11089,33.612331,0.050000
11090,27.918533,0.050000
11091,31.540156,0.050000
11092,31.839638,0.050000
11093,26.638168,0.050000
11094,29.336515,0.050000
11095,25.399300,0.050000
11096,29.295978,0.050000
11097,29.946879,0.050000
11098,32.865399,0.050000
11099,35.758295,0.050000
11100,29.900871,0.050000
11101,36.305220,0.050000
11102,30.616544,0.050000
11103,30.678573,0.050000
11104,26.913591,0.050000
11105,27.379457,0.050000
11106,31.070290,0.050000
11107,31.197123,0.050000
11108,32.146478,0.050000
11109,28.916993,0.050000
11110,29.870479,0.050000
11111,25.949716,0.050000
11112,31.348568,0.050000
11113,29.016607,0.050000
11114,27.749865,0.050000
11115,28.564525,0.050000
11116,29.135703,0.050000
11117,30.542513,0.050000
11118,27.772128,0.050000
11119,29.564812,0.050000
11120,31.902452,0.050000
11121,23.605335,0.050000
11122,28.272712,0.050000
11123,30.341294,0.050000
11124,31.203184,0.050000
11125,29.202150,0.050000
11126,26.246026,0.050000
11127,31.477821,0.050000
11128,27.462448,0.050000
11129,30.514997,0.050000
11130,32.586136,0.050000
11131,25.837809,0.050000
11132,24.731822,0.050000
11133,27.983279,0.050000
11134,27.129586,0.050000
11135,24.314721,0.050000
11136,28.479221,0.050000
11137,26.041252,0.050000
11138,30.585490,0.050000
11139,33.289343,0.050000
11140,30.260665,0.050000
11141,34.267724,0.050000
11142,28.311190,0.050000
11143,29.643302,0.050000
11144,30.327345,0.050000
11145,33.274905,0.050000
11146,32.987957,0.050000
11147,30.431905,0.050000
11148,30.802339,0.050000
11149,28.775573,0.050000
11150,36.292089,0.050000
11151,25.430046,0.050000
11152,31.656425,0.050000
11153,33.093116,0.050000
11154,28.235303,0.050000
11155,27.134574,0.050000
11156,29.742808,0.050000
11157,24.990008,0.050000
11158,27.812878,0.050000
11159,26.400566,0.050000
11160,28.529161,0.050000
11161,26.033594,0.050000
11162,26.335668,0.050000
11163,25.694433,0.050000
11164,29.771823,0.050000
11165,32.999978,0.050000
11166,28.793252,0.050000
11167,29.794005,0.050000
11168,29.020554,0.050000
11169,31.638361,0.050000
11170,35.339892,0.050000
11171,25.853595,0.050000
11172,27.361787,0.050000
11173,31.674983,0.050000
11174,33.882595,0.050000
11175,32.066916,0.050000
11176,31.019951,0.050000
11177,32.156520,0.050000
11178,28.476475,0.050000
11179,34.663237,0.050000
11180,31.384355,0.050000
11181,33.674115,0.050000
11182,34.488920,0.050000
11183,28.877484,0.050000
11184,29.441527,0.050000
11185,30.706363,0.050000
11186,34.157453,0.050000
11187,31.783625,0.050000
11188,36.934875,0.050000
11189,26.288300,0.050000
11190,35.420606,0.050000
11191,36.487809,0.050000
11192,30.306441,0.050000
11193,32.152488,0.050000
11194,31.060173,0.050000
11195,30.919771,0.050000
11196,32.172927,0.050000
11197,33.301810,0.050000
11198,34.589204,0.050000
11199,34.551967,0.050000
11200,34.417682,0.050000
11201,35.681179,0.050000
11202,33.799116,0.050000
11203,32.299614,0.050000
11204,23.179777,0.050000
11205,20.448313,0.050000
11206,22.800689,0.050000
11207,19.192020,0.050000
11208,21.402473,0.050000
11209,24.644470,0.050000
11210,21.803337,0.050000
11211,22.863024,0.050000
11212,19.200742,0.050000
11213,24.321249,0.050000
11214,24.389712,0.050000
11215,20.058092,0.050000
11216,19.737173,0.050000
11217,24.089920,0.050000
11218,24.296457,0.050000
11219,22.713033,0.050000
11220,21.413041,0.050000
11221,19.024065,0.050000
11222,20.243755,0.050000
11223,23.189340,0.050000
11224,20.161254,0.050000
11225,21.421489,0.050000
11226,20.282679,0.050000
11227,19.316572,0.050000
11228,9.630966,0.050000
11229,11.521717,0.050000
11230,11.906245,0.050000
11231,11.198220,0.050000
11232,15.135077,0.050000
11233,16.698369,0.050000
11234,19.231471,0.050000
11235,21.608856,0.050000
11236,22.621579,0.050000
11237,21.550073,0.050000
11238,20.266231,0.050000
11239,21.962226,0.050000
11240,25.767079,0.050000
11241,26.246336,0.050000
11242,25.290604,0.050000
11243,23.793145,0.050000
11244,26.953225,0.050000
11245,19.196358,0.050000
11246,23.624092,0.050000
11247,20.757837,0.050000
11248,21.580121,0.050000
11249,21.569264,0.050000
11250,23.096648,0.050000
11251,20.840638,0.050000
11252,23.675154,0.050000
11253,20.998748,0.050000
11254,24.990930,0.050000
11255,21.308327,0.050000
11256,24.191276,0.050000
11257,25.051789,0.050000
11258,24.767088,0.050000
11259,21.861745,0.050000
11260,21.273183,0.050000
11261,25.397591,0.050000
11262,26.488936,0.050000
11263,22.846941,0.050000
11264,21.312801,0.050000
11265,20.845355,0.050000
11266,25.509375,0.050000
11267,27.689599,0.050000
11268,26.320511,0.050000
11269,25.493650,0.050000
11270,27.535155,0.050000
11271,25.901792,0.050000
11272,26.013871,0.050000
11273,26.960650,0.050000
11274,22.834360,0.050000
11275,26.772532,0.050000
11276,31.027365,0.050000
11277,28.619518,0.050000
11278,28.060871,0.050000
11279,30.204828,0.050000
11280,30.360293,0.050000
11281,28.553309,0.050000
11282,29.744214,0.050000
11283,30.056341,0.050000
11284,22.042219,0.050000
11285,22.739219,0.050000
11286,32.776682,0.050000
11287,26.657796,0.050000
11288,29.209613,0.050000
11289,27.860438,0.050000
11290,29.867016,0.050000
11291,29.220152,0.050000
11292,29.537679,0.050000
11293,28.740734,0.050000
11294,28.768888,0.050000
11295,29.129775,0.050000
11296,29.458878,0.050000
11297,31.316482,0.050000
11298,27.336672,0.050000
11299,29.589898,0.050000
11300,28.761412,0.050000
11301,29.984161,0.050000
11302,30.975173,0.050000
11303,27.497475,0.050000
11304,26.806307,0.050000
11305,31.306782,0.050000
11306,27.961651,0.050000
11307,32.123057,0.050000
11308,28.446578,0.050000
11309,30.507513,0.050000
11310,28.286356,0.050000
11311,31.964346,0.050000
11312,28.024388,0.050000
11313,31.922419,0.050000
11314,28.588065,0.050000
11315,32.973053,0.050000
11316,31.630044,0.050000
11317,25.801328,0.050000
11318,28.794681,0.050000
11319,31.273324,0.050000
11320,26.159152,0.050000
11321,27.342715,0.050000
11322,26.948932,0.050000
11323,30.828746,0.050000
11324,25.598490,0.050000
11325,29.119111,0.050000
11326,30.653046,0.050000
11327,27.356072,0.050000
11328,27.348227,0.050000
11329,25.212865,0.050000
11330,23.976555,0.050000
11331,23.780775,0.050000
11332,26.758593,0.050000
11333,25.638479,0.050000
11334,25.715572,0.050000
11335,28.381635,0.050000
11336,25.591667,0.050000
11337,26.956464,0.050000
11338,33.444864,0.050000
11339,25.102362,0.050000
11340,28.229359,0.050000
11341,24.549659,0.050000
11342,29.486685,0.050000
11343,26.563393,0.050000
11344,25.872105,0.050000
11345,25.418322,0.050000
11346,28.628192,0.050000
11347,26.585109,0.050000
11348,26.320997,0.050000
11349,32.855997,0.050000
11350,31.779783,0.050000
11351,30.445622,0.050000
11352,34.276410,0.050000
11353,30.899084,0.050000
11354,31.433765,0.050000
11355,29.926379,0.050000
11356,31.649837,0.050000
11357,25.478992,0.050000
11358,27.025081,0.050000
11359,29.362403,0.050000
11360,27.297184,0.050000
11361,30.916683,0.050000
11362,37.723046,0.050000
11363,30.416953,0.050000
11364,31.014393,0.050000
11365,27.275829,0.050000
11366,26.724829,0.050000
11367,29.772624,0.050000
11368,34.137636,0.050000
11369,29.933380,0.050000
11370,27.732412,0.050000
11371,32.687987,0.050000
11372,30.678609,0.050000
11373,31.765007,0.050000
11374,32.603592,0.050000
11375,29.854157,0.050000
11376,30.798963,0.050000
11377,28.052228,0.050000
11378,31.903114,0.050000
11379,30.990993,0.050000
11380,36.853929,0.050000
11381,27.489640,0.050000
11382,36.252367,0.050000
11383,34.917473,0.050000
11384,31.772194,0.050000
11385,28.934905,0.050000
11386,32.138941,0.050000
11387,30.623693,0.050000
11388,26.829406,0.050000
11389,27.450631,0.050000
11390,31.194284,0.050000
11391,30.959867,0.050000
11392,31.913666,0.050000
11393,26.935660,0.050000
11394,32.431448,0.050000
11395,33.078495,0.050000
11396,26.654631,0.050000
11397,36.138171,0.050000
11398,33.313897,0.050000
11399,33.803844,0.050000
11400,35.065946,0.050000
11401,35.215163,0.050000
11402,30.940574,0.050000
11403,34.494275,0.050000
11404,31.283136,0.050000
11405,36.294217,0.050000
11406,28.781977,0.050000
11407,35.166422,0.050000
11408,34.890559,0.050000
11409,28.755564,0.050000
11410,29.695214,0.050000
11411,38.305859,0.050000
11412,33.680704,0.050000
11413,29.476447,0.050000
11414,35.301950,0.050000
11415,32.222315,0.050000
11416,29.149599,0.050000
11417,35.121649,0.050000
11418,31.978741,0.050000
11419,33.316785,0.050000
11420,36.761788,0.050000
11421,36.541084,0.050000
11422,26.420378,0.050000
11423,30.794014,0.050000
11424,30.592721,0.050000
11425,30.048938,0.050000
11426,35.605188,0.050000
11427,29.650227,0.050000
11428,29.745299,0.050000
11429,29.825590,0.050000
11430,42.207487,0.050000
11431,38.956700,0.050000
11432,29.201821,0.050000
11433,35.458307,0.050000
11434,36.159516,0.050000
11435,37.143294,0.050000
11436,33.895532,0.050000
11437,39.609819,0.050000
11438,35.104605,0.050000
11439,22.456521,0.050000
11440,31.365261,0.050000
11441,33.676207,0.050000
11442,31.774026,0.050000
11443,34.639738,0.050000
11444,37.300003,0.050000
11445,25.545740,0.050000
11446,29.719838,0.050000
11447,39.036658,0.050000
11448,31.870826,0.050000
11449,29.023152,0.050000
11450,33.227975,0.050000
11451,36.361894,0.050000
11452,36.965648,0.050000
11453,36.311166,0.050000
11454,32.363871,0.050000
11455,34.469423,0.050000
11456,34.181422,0.050000
11457,32.632213,0.050000
11458,31.307804,0.050000
11459,32.496163,0.050000
11460,35.019342,0.050000
11461,31.588634,0.050000
11462,35.464900,0.050000
11463,33.791766,0.050000
11464,34.671821,0.050000
11465,30.386016,0.050000
11466,38.011953,0.050000
11467,29.444085,0.050000
11468,30.953947,0.050000
11469,36.078959,0.050000
11470,29.785577,0.050000
11471,34.109485,0.050000
11472,37.887267,0.050000
11473,33.941821,0.050000
11474,30.021878,0.050000
11475,31.566255,0.050000
11476,33.997193,0.050000
11477,32.716502,0.050000
11478,32.453528,0.050000
11479,32.778608,0.050000
11480,38.228179,0.050000
11481,35.801878,0.050000
11482,37.959692,0.050000
11483,34.611675,0.050000
11484,36.294192,0.050000
11485,37.685302,0.050000
11486,37.316970,0.050000
11487,34.548179,0.050000
11488,29.746656,0.050000
11489,36.136407,0.050000
11490,35.358482,0.050000
11491,34.060918,0.050000
11492,35.254635,0.050000
11493,35.436678,0.050000
11494,34.030450,0.050000
11495,33.592177,0.050000
11496,33.100312,0.050000
11497,33.998299,0.050000
11498,37.656507,0.050000
11499,36.529761,0.050000
11500,35.978850,0.050000
11501,38.110876,0.050000
11502,35.713411,0.050000
11503,31.250920,0.050000
11504,39.017648,0.050000
11505,28.626071,0.050000
11506,38.697911,0.050000
11507,34.396626,0.050000
11508,34.128076,0.050000
11509,38.580503,0.050000
11510,41.393392,0.050000
11511,37.882965,0.050000
11512,37.643155,0.050000
11513,40.271977,0.050000
11514,36.563561,0.050000
11515,36.097140,0.050000
11516,32.194033,0.050000
11517,35.226814,0.050000
11518,38.277505,0.050000
11519,38.524519,0.050000
11520,35.832102,0.050000
11521,34.917263,0.050000
11522,34.173981,0.050000
11523,36.144955,0.050000
11524,35.659636,0.050000
11525,36.858877,0.050000
11526,36.436287,0.050000
11527,35.441209,0.050000
11528,37.466427,0.050000
11529,32.771917,0.050000
11530,31.559312,0.050000
11531,35.357607,0.050000
11532,36.398577,0.050000
11533,35.400836,0.050000
11534,35.633895,0.050000
11535,31.640512,0.050000
11536,30.807976,0.050000
11537,31.864207,0.050000
11538,37.056372,0.050000
11539,38.758934,0.050000
11540,37.895051,0.050000
11541,39.491780,0.050000
11542,38.490348,0.050000
11543,35.854466,0.050000
11544,29.071926,0.050000
11545,35.422470,0.050000
11546,33.620872,0.050000
11547,33.780015,0.050000
11548,36.384038,0.050000
11549,37.444570,0.050000
11550,37.089236,0.050000
11551,35.262635,0.050000
11552,34.720422,0.050000
11553,34.709922,0.050000
11554,34.846678,0.050000
11555,32.379373,0.050000
11556,37.368344,0.050000
11557,38.233385,0.050000
11558,35.929409,0.050000
11559,36.148858,0.050000
11560,32.680287,0.050000
11561,32.673460,0.050000
11562,34.653943,0.050000
11563,37.645946,0.050000
11564,31.720079,0.050000
11565,34.658964,0.050000
11566,36.055316,0.050000
11567,33.343768,0.050000
11568,36.286267,0.050000
11569,39.527192,0.050000
11570,29.911681,0.050000
11571,39.703808,0.050000
11572,36.119863,0.050000
11573,36.532407,0.050000
11574,36.859832,0.050000
11575,36.332379,0.050000
11576,37.982618,0.050000
11577,39.427536,0.050000
11578,38.057030,0.050000
11579,32.356250,0.050000
11580,39.461904,0.050000
11581,36.969288,0.050000
11582,39.729817,0.050000
11583,37.868916,0.050000
11584,38.496478,0.050000
11585,35.487352,0.050000
11586,37.744783,0.050000
11587,41.009114,0.050000
11588,33.183567,0.050000
11589,33.982163,0.050000
11590,36.324933,0.050000
11591,31.190809,0.050000
11592,37.237097,0.050000
11593,35.924034,0.050000
11594,33.153600,0.050000
11595,36.747701,0.050000
11596,36.171060,0.050000
11597,32.664114,0.050000
11598,36.024277,0.050000
11599,34.257929,0.050000
11600,39.992991,0.050000
11601,36.522533,0.050000
11602,35.187590,0.050000
11603,39.134969,0.050000
11604,29.013862,0.050000
11605,32.665023,0.050000
11606,40.932930,0.050000
11607,37.045939,0.050000
11608,35.023700,0.050000
11609,40.669359,0.050000
11610,32.241658,0.050000
11611,33.853804,0.050000
11612,37.205197,0.050000
11613,39.543694,0.050000
11614,32.168963,0.050000
11615,35.805764,0.050000
11616,35.826807,0.050000
11617,38.429480,0.050000
11618,35.692688,0.050000
11619,34.726696,0.050000
11620,34.843399,0.050000
11621,32.263542,0.050000
11622,37.247912,0.050000
11623,37.064471,0.050000
11624,36.588170,0.050000
11625,37.939138,0.050000
11626,34.840541,0.050000
11627,38.123276,0.050000
11628,34.543041,0.050000
11629,37.943300,0.050000
11630,30.761507,0.050000
11631,38.232572,0.050000
11632,38.088483,0.050000
11633,36.263912,0.050000
11634,39.542552,0.050000
11635,39.730132,0.050000
11636,37.537469,0.050000
11637,37.851937,0.050000
11638,36.732931,0.050000
11639,40.482101,0.050000
11640,34.023387,0.050000
11641,40.130806,0.050000
11642,33.658754,0.050000
11643,34.117261,0.050000
11644,36.027241,0.050000
11645,38.180026,0.050000
11646,36.852559,0.050000
11647,40.132470,0.050000
11648,32.626639,0.050000
11649,36.801986,0.050000
11650,40.478445,0.050000
11651,36.789926,0.050000
11652,37.594485,0.050000
11653,34.305043,0.050000
11654,33.525669,0.050000
11655,35.381034,0.050000
11656,40.036560,0.050000
11657,43.080382,0.050000
11658,39.438238,0.050000
11659,36.144137,0.050000
11660,38.229497,0.050000
11661,34.589104,0.050000
11662,39.531829,0.050000
11663,34.836068,0.050000
11664,37.936530,0.050000
11665,37.977483,0.050000
11666,32.818676,0.050000
11667,37.906155,0.050000
11668,36.426397,0.050000
11669,37.095740,0.050000
11670,37.341659,0.050000
11671,39.078906,0.050000
11672,35.231163,0.050000
11673,39.744182,0.050000
11674,38.032558,0.050000
11675,37.501825,0.050000
11676,36.566684,0.050000
11677,36.867201,0.050000
11678,41.369585,0.050000
11679,39.208143,0.050000
11680,33.902656,0.050000
11681,39.352841,0.050000
11682,35.415673,0.050000
11683,36.199492,0.050000
11684,33.586826,0.050000
11685,37.520645,0.050000
11686,38.217116,0.050000
11687,37.953636,0.050000
11688,38.533518,0.050000
11689,34.466398,0.050000
11690,37.118673,0.050000
11691,37.669591,0.050000
11692,38.962945,0.050000
11693,40.853239,0.050000
11694,38.023315,0.050000
11695,40.768530,0.050000
11696,37.909429,0.050000
11697,40.516556,0.050000
11698,40.324540,0.050000
11699,39.501183,0.050000
11700,34.387929,0.050000
11701,35.898919,0.050000
11702,36.571393,0.050000
11703,38.910735,0.050000
11704,36.682415,0.050000
11705,35.948706,0.050000
11706,37.433776,0.050000
11707,38.004576,0.050000
11708,40.333250,0.050000
11709,37.287087,0.050000
11710,31.116582,0.050000
11711,39.075368,0.050000
11712,37.952749,0.050000
11713,37.538949,0.050000
11714,36.685167,0.050000
11715,40.414159,0.050000
11716,36.250345,0.050000
11717,36.520264,0.050000
11718,38.789468,0.050000
11719,34.365821,0.050000
11720,40.331608,0.050000
11721,34.577060,0.050000
11722,36.459010,0.050000
11723,35.430001,0.050000
11724,38.367882,0.050000
11725,32.591606,0.050000
11726,34.441559,0.050000
11727,36.015129,0.050000
11728,36.477880,0.050000
11729,35.721104,0.050000
11730,36.602100,0.050000
11731,33.571119,0.050000
11732,37.070289,0.050000
11733,39.656260,0.050000
11734,36.142581,0.050000
11735,38.711347,0.050000
11736,32.507242,0.050000
11737,37.901407,0.050000
11738,38.312216,0.050000
11739,37.087148,0.050000
11740,37.428074,0.050000
11741,33.897288,0.050000
11742,33.898157,0.050000
11743,34.214337,0.050000
11744,39.858278,0.050000
11745,39.659693,0.050000
11746,39.441058,0.050000
11747,37.671538,0.050000
11748,38.038110,0.050000
11749,38.202139,0.050000
11750,36.375128,0.050000
11751,43.717068,0.050000
11752,38.533879,0.050000
11753,40.461976,0.050000
11754,38.288017,0.050000
11755,38.925762,0.050000
11756,33.730559,0.050000
11757,38.535654,0.050000
11758,38.592976,0.050000
11759,36.680204,0.050000
11760,37.614506,0.050000
11761,40.303435,0.050000
11762,35.683736,0.050000
11763,38.621380,0.050000
11764,39.532907,0.050000
11765,38.737902,0.050000
11766,40.526476,0.050000
11767,36.739811,0.050000
11768,37.571415,0.050000
11769,37.386397,0.050000
11770,34.338865,0.050000
11771,39.818365,0.050000
11772,38.563564,0.050000
11773,38.840404,0.050000
11774,39.080204,0.050000
11775,35.030083,0.050000
11776,36.595177,0.050000
11777,35.581608,0.050000
11778,39.400117,0.050000
11779,40.197169,0.050000
11780,34.395593,0.050000
11781,33.994111,0.050000
11782,34.533652,0.050000
11783,38.959975,0.050000
11784,38.611588,0.050000
11785,34.131887,0.050000
11786,40.699444,0.050000
11787,34.488597,0.050000
11788,35.971901,0.050000
11789,39.409990,0.050000
11790,41.697052,0.050000
11791,35.076194,0.050000
11792,40.512475,0.050000
11793,32.565169,0.050000
11794,36.519900,0.050000
11795,38.216146,0.050000
11796,38.263212,0.050000
11797,38.987506,0.050000
11798,42.808857,0.050000
11799,33.295954,0.050000
11800,39.939562,0.050000
11801,32.813574,0.050000
11802,32.432384,0.050000
11803,36.190855,0.050000
11804,35.230934,0.050000
11805,38.795389,0.050000
11806,37.200347,0.050000
11807,34.719115,0.050000
11808,36.646195,0.050000
11809,33.107923,0.050000
11810,37.008622,0.050000
11811,40.534069,0.050000
11812,35.549356,0.050000
11813,30.842967,0.050000
11814,35.420039,0.050000
11815,35.896070,0.050000
11816,35.558663,0.050000
11817,39.752093,0.050000
11818,39.181262,0.050000
11819,36.927442,0.050000
11820,36.560512,0.050000
11821,38.766579,0.050000
11822,35.056143,0.050000
11823,40.074966,0.050000
11824,40.813463,0.050000
11825,31.549747,0.050000
11826,37.497621,0.050000
11827,34.661365,0.050000
11828,35.692042,0.050000
11829,35.047765,0.050000
11830,36.115673,0.050000
11831,44.139065,0.050000
11832,38.952202,0.050000
11833,34.227570,0.050000
11834,35.989376,0.050000
11835,37.445100,0.050000
11836,36.400429,0.050000
11837,36.788027,0.050000
11838,35.929345,0.050000
11839,37.900029,0.050000
11840,35.613795,0.050000
11841,35.860175,0.050000
11842,34.114663,0.050000
11843,37.931230,0.050000
11844,34.526387,0.050000
11845,35.551731,0.050000
11846,38.715757,0.050000
11847,37.255104,0.050000
11848,40.348578,0.050000
11849,36.163976,0.050000
11850,36.700937,0.050000
11851,39.179119,0.050000
11852,39.306565,0.050000
11853,38.225397,0.050000
11854,37.537720,0.050000
11855,37.242309,0.050000
11856,37.681778,0.050000
11857,37.076150,0.050000
11858,32.984496,0.050000
11859,35.805343,0.050000
11860,33.718411,0.050000
11861,34.621739,0.050000
11862,37.108041,0.050000
11863,31.307536,0.050000
11864,34.887615,0.050000
11865,35.068723,0.050000
11866,36.807071,0.050000
11867,34.797206,0.050000
11868,35.008872,0.050000
11869,33.027564,0.050000
11870,28.572919,0.050000
11871,32.591226,0.050000
11872,38.307180,0.050000
11873,33.854229,0.050000
11874,37.470519,0.050000
11875,33.145718,0.050000
11876,36.214890,0.050000
11877,37.344930,0.050000
11878,33.783908,0.050000
11879,35.992591,0.050000
11880,37.705100,0.050000
11881,32.726000,0.050000
11882,37.715877,0.050000
11883,34.339337,0.050000
11884,37.981671,0.050000
11885,32.795460,0.050000
11886,34.181146,0.050000
11887,31.804149,0.050000
11888,39.722388,0.050000
11889,39.327672,0.050000
11890,35.694002,0.050000
11891,34.683355,0.050000
11892,37.228431,0.050000
11893,36.666720,0.050000
11894,26.579351,0.050000
11895,35.296854,0.050000
11896,33.747638,0.050000
11897,39.071489,0.050000
11898,39.456256,0.050000
11899,36.728120,0.050000
11900,36.756026,0.050000
11901,34.260127,0.050000
11902,37.224705,0.050000
11903,40.288178,0.050000
11904,38.937264,0.050000
11905,35.769276,0.050000
11906,35.087463,0.050000
11907,38.135188,0.050000
11908,34.184733,0.050000
11909,33.554965,0.050000
11910,37.006675,0.050000
11911,39.054324,0.050000
11912,32.801822,0.050000
11913,35.646772,0.050000
11914,35.077725,0.050000
11915,35.070196,0.050000
11916,31.766885,0.050000
11917,37.503343,0.050000
11918,35.714042,0.050000
11919,34.768834,0.050000
11920,34.874971,0.050000
11921,34.839559,0.050000
11922,35.503558,0.050000
11923,35.295717,0.050000
11924,39.649495,0.050000
11925,39.565296,0.050000
11926,34.481107,0.050000
11927,35.632722,0.050000
11928,37.859857,0.050000
11929,37.273419,0.050000
11930,38.745436,0.050000
11931,34.604015,0.050000
11932,39.775033,0.050000
11933,34.867653,0.050000
11934,38.305693,0.050000
11935,39.275289,0.050000
11936,33.940910,0.050000
11937,34.967808,0.050000
11938,39.080243,0.050000
11939,39.541897,0.050000
11940,37.851947,0.050000
11941,38.406695,0.050000
11942,36.781473,0.050000
11943,37.532628,0.050000
11944,34.868558,0.050000
11945,34.959454,0.050000
11946,37.346272,0.050000
11947,35.583204,0.050000
11948,37.351869,0.050000
11949,35.231973,0.050000
11950,35.812961,0.050000
11951,36.975268,0.050000
11952,34.464807,0.050000
11953,36.829620,0.050000
11954,36.705210,0.050000
11955,33.965765,0.050000
11956,36.327297,0.050000
11957,38.479408,0.050000
11958,34.726651,0.050000
11959,35.885324,0.050000
11960,37.563722,0.050000
11961,35.259693,0.050000
11962,38.167781,0.050000
11963,35.900656,0.050000
11964,34.148573,0.050000
11965,33.648145,0.050000
11966,39.230207,0.050000
11967,40.832455,0.050000
11968,37.676902,0.050000
11969,37.589329,0.050000
11970,36.774593,0.050000
11971,36.639153,0.050000
11972,39.178363,0.050000
11973,38.507466,0.050000
11974,37.147855,0.050000
11975,37.492455,0.050000
11976,34.297941,0.050000
11977,38.977805,0.050000
11978,38.331744,0.050000
11979,37.617149,0.050000
11980,36.349003,0.050000
11981,36.324847,0.050000
11982,36.765546,0.050000
11983,34.714310,0.050000
11984,31.856245,0.050000
11985,35.408388,0.050000
11986,35.415060,0.050000
11987,33.191860,0.050000
11988,37.250251,0.050000
11989,34.152962,0.050000
11990,35.956682,0.050000
11991,30.220573,0.050000
11992,31.930133,0.050000
11993,32.381169,0.050000
11994,32.241730,0.050000
11995,29.435102,0.050000
11996,29.745672,0.050000
11997,33.266415,0.050000
11998,33.508716,0.050000
11999,30.820218,0.050000
12000,28.521821,0.050000
12001,24.644239,0.050000
12002,28.018020,0.050000
12003,26.087096,0.050000
12004,23.776713,0.050000
12005,29.252898,0.050000
12006,25.482861,0.050000
12007,25.826899,0.050000
12008,21.089649,0.050000
12009,27.230242,0.050000
12010,28.023231,0.050000
12011,24.633690,0.050000
12012,29.618883,0.050000
12013,30.400532,0.050000
12014,29.650401,0.050000
12015,28.573567,0.050000
12016,30.170843,0.050000
12017,25.981805,0.050000
12018,30.100423,0.050000
12019,29.984337,0.050000
12020,28.854493,0.050000
12021,29.743947,0.050000
12022,27.590180,0.050000
12023,29.906581,0.050000
12024,29.526943,0.050000
12025,30.951803,0.050000
12026,31.291376,0.050000
12027,29.543045,0.050000
12028,28.799390,0.050000
12029,31.531359,0.050000
12030,26.591485,0.050000
12031,26.693743,0.050000
12032,30.737356,0.050000
12033,26.331751,0.050000
12034,26.923242,0.050000
12035,25.847997,0.050000
12036,28.128609,0.050000
12037,29.703716,0.050000
12038,25.995773,0.050000
12039,27.051587,0.050000
12040,28.181438,0.050000
12041,33.816635,0.050000
12042,28.372224,0.050000
12043,28.047454,0.050000
12044,28.607815,0.050000
12045,32.359868,0.050000
12046,31.001358,0.050000
12047,25.517233,0.050000
12048,26.898486,0.050000
12049,24.651511,0.050000
12050,28.200384,0.050000
12051,31.786226,0.050000
12052,29.770243,0.050000
12053,30.255878,0.050000
12054,27.189389,0.050000
12055,25.126859,0.050000
12056,33.529654,0.050000
12057,32.800091,0.050000
12058,33.720347,0.050000
12059,37.810589,0.050000
12060,36.923351,0.050000
12061,37.120589,0.050000
12062,37.124158,0.050000
12063,33.475430,0.050000
12064,33.217999,0.050000
12065,37.963319,0.050000
12066,38.460094,0.050000
12067,36.276144,0.050000
12068,34.528748,0.050000
12069,37.224698,0.050000
12070,37.842425,0.050000
12071,34.605655,0.050000
12072,35.752607,0.050000
12073,34.389535,0.050000
12074,35.816091,0.050000
12075,35.147378,0.050000
12076,36.355902,0.050000
12077,35.271364,0.050000
12078,37.961774,0.050000
12079,33.651523,0.050000
12080,40.331141,0.050000
12081,34.673343,0.050000
12082,33.372302,0.050000
12083,38.459188,0.050000
12084,37.829592,0.050000
12085,36.231451,0.050000
12086,37.694630,0.050000
12087,29.896063,0.050000
12088,36.309423,0.050000
12089,38.522950,0.050000
12090,37.477306,0.050000
12091,35.813197,0.050000
12092,29.258320,0.050000
12093,38.425565,0.050000
12094,41.151520,0.050000
12095,33.385104,0.050000
12096,40.589822,0.050000
12097,42.015386,0.050000
12098,38.847133,0.050000
12099,37.580004,0.050000
12100,37.116763,0.050000
12101,38.575336,0.050000
12102,35.266545,0.050000
12103,39.747410,0.050000
12104,39.395150,0.050000
12105,40.248381,0.050000
12106,41.810811,0.050000
12107,36.734767,0.050000
12108,39.794234,0.050000
12109,39.209071,0.050000
12110,36.529205,0.050000
12111,39.534243,0.050000
12112,38.197831,0.050000
12113,31.850708,0.050000
12114,35.009049,0.050000
12115,37.885728,0.050000
12116,33.534503,0.050000
12117,40.227783,0.050000
12118,37.023700,0.050000
12119,37.998561,0.050000
12120,34.640295,0.050000
12121,40.342000,0.050000
12122,37.770728,0.050000
12123,36.938712,0.050000
12124,38.190924,0.050000
12125,38.148285,0.050000
12126,33.348048,0.050000
12127,35.387674,0.050000
12128,38.108126,0.050000
12129,40.321937,0.050000
12130,37.420621,0.050000
12131,37.894276,0.050000
12132,36.094596,0.050000
12133,35.445145,0.050000
12134,39.466686,0.050000
12135,37.328758,0.050000
12136,36.984190,0.050000
12137,38.833311,0.050000
12138,36.968724,0.050000
12139,39.620174,0.050000
12140,36.976924,0.050000
12141,39.680611,0.050000
12142,39.699345,0.050000
12143,39.643917,0.050000
12144,34.448687,0.050000
12145,36.237761,0.050000
12146,38.853184,0.050000
12147,39.182953,0.050000
12148,38.097353,0.050000
12149,40.138379,0.050000
12150,32.834182,0.050000
12151,36.517539,0.050000
12152,38.752705,0.050000
12153,36.746213,0.050000
12154,36.267580,0.050000
12155,40.497521,0.050000
12156,35.559439,0.050000
12157,37.151936,0.050000
12158,38.137677,0.050000
12159,35.511434,0.050000
12160,35.190739,0.050000
12161,35.339485,0.050000
12162,25.000929,0.050000
12163,38.238374,0.050000
12164,37.234772,0.050000
12165,35.628546,0.050000
12166,34.230838,0.050000
12167,37.411767,0.050000
12168,37.080614,0.050000
12169,33.994528,0.050000
12170,39.231137,0.050000
12171,32.964571,0.050000
12172,41.307914,0.050000
12173,42.709896,0.050000
12174,32.952853,0.050000
12175,37.399695,0.050000
12176,37.465150,0.050000
12177,39.162062,0.050000
12178,36.154250,0.050000
12179,32.902538,0.050000
12180,33.984117,0.050000
12181,32.593817,0.050000
12182,38.445714,0.050000
12183,37.926364,0.050000
12184,39.899917,0.050000
12185,34.449503,0.050000
12186,35.457918,0.050000
12187,39.558371,0.050000
12188,38.548378,0.050000
12189,31.525638,0.050000
12190,40.572501,0.050000
12191,33.363551,0.050000
12192,41.719502,0.050000
12193,39.366180,0.050000
12194,38.331249,0.050000
12195,35.528047,0.050000
12196,34.303367,0.050000
12197,37.316782,0.050000
12198,35.516751,0.050000
12199,38.502844,0.050000
12200,35.307939,0.050000
12201,40.421252,0.050000
12202,37.367184,0.050000
12203,40.021318,0.050000
12204,38.230553,0.050000
12205,36.903617,0.050000
12206,39.413350,0.050000
12207,38.775581,0.050000
12208,34.383456,0.050000
12209,36.050590,0.050000
12210,38.045081,0.050000
12211,40.956735,0.050000
12212,40.468204,0.050000
12213,37.304304,0.050000
12214,39.125646,0.050000
12215,40.605135,0.050000
12216,31.563418,0.050000
12217,41.776643,0.050000
12218,36.524674,0.050000
12219,39.599674,0.050000
12220,35.409638,0.050000
12221,40.569888,0.050000
12222,36.740005,0.050000
12223,40.636660,0.050000
12224,33.389810,0.050000
12225,35.485389,0.050000
12226,41.444251,0.050000
12227,39.899681,0.050000
12228,39.243943,0.050000
12229,33.818408,0.050000
12230,35.122256,0.050000
12231,36.798886,0.050000
12232,37.595287,0.050000
12233,38.465015,0.050000
12234,39.927451,0.050000
12235,37.166985,0.050000
12236,36.922439,0.050000
12237,35.948557,0.050000
12238,35.475924,0.050000
12239,36.687005,0.050000
12240,33.431916,0.050000
12241,38.387977,0.050000
12242,39.481392,0.050000
12243,36.792069,0.050000
12244,37.475659,0.050000
12245,42.024437,0.050000
12246,37.316433,0.050000
12247,42.736227,0.050000
12248,40.779211,0.050000
12249,39.904260,0.050000
12250,34.646910,0.050000
12251,37.518376,0.050000
12252,39.659066,0.050000
12253,34.618254,0.050000
12254,38.125485,0.050000
12255,38.880043,0.050000
12256,36.603497,0.050000
12257,34.383014,0.050000
12258,36.325802,0.050000
12259,37.443272,0.050000
12260,33.993340,0.050000
12261,41.511648,0.050000
12262,36.899342,0.050000
12263,36.616671,0.050000
12264,35.226616,0.050000
12265,36.616051,0.050000
12266,38.649290,0.050000
12267,38.593505,0.050000
12268,40.161819,0.050000
12269,37.666596,0.050000
12270,37.135251,0.050000
12271,37.435645,0.050000
12272,38.670863,0.050000
12273,37.384994,0.050000
12274,41.022720,0.050000
12275,34.880207,0.050000
12276,36.996598,0.050000
12277,37.044324,0.050000
12278,37.558363,0.050000
12279,36.349724,0.050000
12280,38.757144,0.050000
12281,37.117345,0.050000
12282,39.809232,0.050000
12283,36.009548,0.050000
12284,36.693986,0.050000
12285,36.919116,0.050000
12286,35.780395,0.050000
12287,37.858474,0.050000
12288,35.744633,0.050000
12289,37.850904,0.050000
12290,36.255751,0.050000
12291,35.662641,0.050000
12292,37.296854,0.050000
12293,33.204477,0.050000
12294,36.600587,0.050000
12295,37.219186,0.050000
12296,42.388089,0.050000
12297,34.958328,0.050000
12298,37.227636,0.050000
12299,36.680592,0.050000
12300,37.773523,0.050000
12301,33.302738,0.050000
12302,35.933717,0.050000
12303,38.474261,0.050000
12304,37.177387,0.050000
12305,36.427668,0.050000
12306,37.041690,0.050000
12307,36.068453,0.050000
12308,35.909323,0.050000
12309,39.301399,0.050000
12310,38.680823,0.050000
12311,36.141696,0.050000
12312,39.111354,0.050000
12313,35.714410,0.050000
12314,30.722402,0.050000
12315,38.525673,0.050000
12316,38.096455,0.050000
12317,35.892879,0.050000
12318,39.253503,0.050000
12319,35.271119,0.050000
12320,38.485613,0.050000
12321,30.485505,0.050000
12322,37.038300,0.050000
12323,34.943155,0.050000
12324,33.393545,0.050000
12325,36.171461,0.050000
12326,40.243111,0.050000
12327,36.831061,0.050000
12328,34.216833,0.050000
12329,27.553657,0.050000
12330,34.761857,0.050000
12331,42.292780,0.050000
12332,33.628462,0.050000
12333,39.889102,0.050000
12334,37.168369,0.050000
12335,36.970879,0.050000
12336,37.569816,0.050000
12337,36.082336,0.050000
12338,36.883464,0.050000
12339,38.919501,0.050000
12340,37.354182,0.050000
12341,36.970869,0.050000
12342,36.687280,0.050000
12343,35.956331,0.050000
12344,39.374285,0.050000
12345,37.790343,0.050000
12346,35.827922,0.050000
12347,35.215101,0.050000
12348,35.875716,0.050000
12349,37.137812,0.050000
12350,37.900595,0.050000
12351,35.424160,0.050000
12352,36.164132,0.050000
12353,38.891972,0.050000
12354,40.039100,0.050000
12355,34.993637,0.050000
12356,39.004969,0.050000
12357,36.960315,0.050000
12358,35.893441,0.050000
12359,38.190306,0.050000
12360,36.645389,0.050000
12361,36.293708,0.050000
12362,40.619843,0.050000
12363,36.690536,0.050000
12364,38.705406,0.050000
12365,32.796600,0.050000
12366,31.649365,0.050000
12367,41.083689,0.050000
12368,37.704396,0.050000
12369,39.503015,0.050000
12370,37.467634,0.050000
12371,36.000942,0.050000
12372,34.480573,0.050000
12373,38.926942,0.050000
12374,39.044809,0.050000
12375,36.941056,0.050000
12376,38.137026,0.050000
12377,42.862005,0.050000
12378,38.943270,0.050000
12379,38.080455,0.050000
12380,38.056161,0.050000
12381,36.456848,0.050000
12382,32.574910,0.050000
12383,39.100599,0.050000
12384,37.422571,0.050000
12385,35.316613,0.050000
12386,36.817804,0.050000
12387,34.557246,0.050000
12388,37.805820,0.050000
12389,36.448707,0.050000
12390,37.962728,0.050000
12391,39.631422,0.050000
12392,41.927156,0.050000
12393,36.924123,0.050000
12394,40.801384,0.050000
12395,39.225685,0.050000
12396,40.412388,0.050000
12397,37.009176,0.050000
12398,37.996006,0.050000
12399,37.598697,0.050000
12400,34.316354,0.050000
12401,40.334172,0.050000
12402,34.213477,0.050000
12403,42.519318,0.050000
12404,38.546512,0.050000
12405,38.773803,0.050000
12406,40.059484,0.050000
12407,38.734921,0.050000
12408,36.504943,0.050000
12409,39.377546,0.050000
12410,38.225691,0.050000
12411,35.536851,0.050000
12412,36.571514,0.050000
12413,37.910946,0.050000
12414,34.106869,0.050000
12415,36.331585,0.050000
12416,41.100819,0.050000
12417,37.456644,0.050000
12418,39.340992,0.050000
12419,38.483483,0.050000
12420,44.066397,0.050000
12421,38.319793,0.050000
12422,40.126189,0.050000
12423,35.045433,0.050000
12424,38.717240,0.050000
12425,36.177112,0.050000
12426,37.552893,0.050000
12427,41.789229,0.050000
12428,41.279202,0.050000
12429,38.006895,0.050000
12430,42.751914,0.050000
12431,36.785491,0.050000
12432,30.886275,0.050000
12433,39.923537,0.050000
12434,40.239834,0.050000
12435,31.212275,0.050000
12436,34.019385,0.050000
12437,36.994586,0.050000
12438,34.321646,0.050000
12439,42.706480,0.050000
12440,36.403065,0.050000
12441,40.796874,0.050000
12442,35.881065,0.050000
12443,35.210483,0.050000
12444,38.457722,0.050000
12445,34.497496,0.050000
12446,37.028071,0.050000
12447,38.123034,0.050000
12448,36.083705,0.050000
12449,39.389998,0.050000
12450,39.939224,0.050000
12451,38.051589,0.050000
12452,39.623241,0.050000
12453,39.352261,0.050000
12454,38.602445,0.050000
12455,37.832828,0.050000
12456,39.491882,0.050000
12457,40.362717,0.050000
12458,38.265660,0.050000
12459,33.964717,0.050000
12460,35.159155,0.050000
12461,38.807836,0.050000
12462,39.002009,0.050000
12463,38.039011,0.050000
12464,34.496734,0.050000
12465,39.989301,0.050000
12466,37.756874,0.050000
12467,39.836489,0.050000
12468,33.518754,0.050000
12469,35.487792,0.050000
12470,38.542327,0.050000
12471,38.792172,0.050000
12472,37.122866,0.050000
12473,38.467009,0.050000
12474,39.431882,0.050000
12475,38.755758,0.050000
12476,37.701119,0.050000
12477,35.267061,0.050000
12478,38.743402,0.050000
12479,36.850733,0.050000
12480,36.344312,0.050000
12481,40.239845,0.050000
12482,40.356559,0.050000
12483,41.156249,0.050000
12484,37.173444,0.050000
12485,37.830748,0.050000
12486,38.096276,0.050000
12487,40.671472,0.050000
12488,37.631256,0.050000
12489,30.661257,0.050000
12490,31.523702,0.050000
12491,26.841060,0.050000
12492,26.475777,0.050000
12493,28.178726,0.050000
12494,19.210262,0.050000
12495,27.785540,0.050000
12496,28.246538,0.050000
12497,29.945354,0.050000
12498,31.579640,0.050000
12499,38.888982,0.050000
12500,36.792940,0.050000
12501,36.626423,0.050000
12502,35.407294,0.050000
12503,38.149166,0.050000
12504,38.680908,0.050000
12505,37.983079,0.050000
12506,34.864712,0.050000
12507,36.279134,0.050000
12508,40.792100,0.050000
12509,35.813314,0.050000
12510,37.838228,0.050000
12511,34.833061,0.050000
12512,39.244037,0.050000
12513,39.482997,0.050000
12514,35.145594,0.050000
12515,40.687940,0.050000
12516,40.445896,0.050000
12517,35.140808,0.050000
12518,35.293157,0.050000
12519,34.962180,0.050000
12520,33.265251,0.050000
12521,41.781047,0.050000
12522,35.344112,0.050000
12523,39.547951,0.050000
12524,34.833703,0.050000
12525,32.301257,0.050000
12526,36.832501,0.050000
12527,39.286904,0.050000
12528,37.997930,0.050000
12529,38.773339,0.050000
12530,35.569689,0.050000
12531,38.690719,0.050000
12532,40.497507,0.050000
12533,34.099649,0.050000
12534,36.264139,0.050000
12535,39.175528,0.050000
12536,35.994771,0.050000
12537,36.539247,0.050000
12538,38.012837,0.050000
12539,39.216361,0.050000
12540,36.419209,0.050000
12541,40.171187,0.050000
12542,38.869976,0.050000
12543,38.852021,0.050000
12544,38.958722,0.050000
12545,37.556733,0.050000
12546,39.864410,0.050000
12547,36.958891,0.050000
12548,38.024631,0.050000
12549,34.357716,0.050000
12550,37.377771,0.050000
12551,39.989455,0.050000
12552,33.197561,0.050000
12553,37.262239,0.050000
12554,37.351136,0.050000
12555,34.599810,0.050000
12556,40.270489,0.050000
12557,25.394984,0.050000
12558,41.062929,0.050000
12559,35.805769,0.050000
12560,36.877958,0.050000
12561,40.338574,0.050000
12562,37.694675,0.050000
12563,38.078054,0.050000
12564,35.604209,0.050000
12565,38.523497,0.050000
12566,40.842908,0.050000
12567,39.190184,0.050000
12568,38.354519,0.050000
12569,33.189076,0.050000
12570,36.379402,0.050000
12571,35.196619,0.050000
12572,33.406594,0.050000
12573,38.361818,0.050000
12574,41.635369,0.050000
12575,38.583935,0.050000
12576,35.557951,0.050000
12577,38.032584,0.050000
12578,37.281006,0.050000
12579,37.738516,0.050000
12580,36.603489,0.050000
12581,31.865068,0.050000
12582,34.920884,0.050000
12583,29.216591,0.050000
12584,36.198888,0.050000
12585,32.901588,0.050000
12586,35.119222,0.050000
12587,37.068929,0.050000
12588,37.510667,0.050000
12589,31.938584,0.050000
12590,37.447816,0.050000
12591,33.122359,0.050000
12592,34.981590,0.050000
12593,39.481993,0.050000
12594,40.048443,0.050000
12595,39.928719,0.050000
12596,35.116280,0.050000
12597,35.652851,0.050000
12598,35.369405,0.050000
12599,33.317438,0.050000
12600,36.977521,0.050000
12601,39.102225,0.050000
12602,34.343101,0.050000
12603,32.926323,0.050000
12604,38.122256,0.050000
12605,34.571609,0.050000
12606,39.404116,0.050000
12607,39.451525,0.050000
12608,35.654963,0.050000
12609,37.871661,0.050000
12610,38.904937,0.050000
12611,38.214837,0.050000
12612,34.767656,0.050000
12613,34.393484,0.050000
12614,42.080680,0.050000
12615,36.877476,0.050000
12616,42.648325,0.050000
12617,35.719571,0.050000
12618,36.865569,0.050000
12619,34.721132,0.050000
12620,38.442429,0.050000
12621,40.654263,0.050000
12622,41.577949,0.050000
12623,35.730157,0.050000
12624,36.060523,0.050000
12625,35.931830,0.050000
12626,38.580618,0.050000
12627,40.397463,0.050000
12628,38.816450,0.050000
12629,39.519491,0.050000
12630,37.518912,0.050000
12631,39.594578,0.050000
12632,39.953043,0.050000
12633,40.332676,0.050000
12634,42.938228,0.050000
12635,41.359402,0.050000
12636,39.849051,0.050000
12637,38.425380,0.050000
12638,35.882822,0.050000
12639,37.519209,0.050000
12640,38.648401,0.050000
12641,38.927660,0.050000
12642,35.582773,0.050000
12643,38.841515,0.050000
12644,40.005368,0.050000
12645,37.188555,0.050000
12646,37.522107,0.050000
12647,40.358482,0.050000
12648,36.820753,0.050000
12649,34.535230,0.050000
12650,38.071887,0.050000
12651,34.274343,0.050000
12652,38.115774,0.050000
12653,32.724030,0.050000
12654,39.366982,0.050000
12655,36.632119,0.050000
12656,33.969621,0.050000
12657,34.571187,0.050000
12658,38.033369,0.050000
12659,41.235793,0.050000
12660,36.569801,0.050000
12661,42.739250,0.050000
12662,36.783864,0.050000
12663,39.343252,0.050000
12664,32.075573,0.050000
12665,37.471585,0.050000
12666,41.945418,0.050000
12667,37.090849,0.050000
12668,36.503307,0.050000
12669,38.329099,0.050000
12670,33.808444,0.050000
12671,35.726734,0.050000
12672,34.730734,0.050000
12673,38.948346,0.050000
12674,36.066985,0.050000
12675,37.686998,0.050000
12676,43.418791,0.050000
12677,38.856893,0.050000
12678,39.224823,0.050000
12679,37.084185,0.050000
12680,38.044087,0.050000
12681,32.781202,0.050000
12682,39.671554,0.050000
12683,32.966607,0.050000
12684,37.554823,0.050000
12685,37.761726,0.050000
12686,37.391902,0.050000
12687,39.966280,0.050000
12688,35.102752,0.050000
12689,39.275605,0.050000
12690,38.269017,0.050000
12691,36.257626,0.050000
12692,34.971843,0.050000
12693,36.449286,0.050000
12694,36.375222,0.050000
12695,38.022600,0.050000
12696,34.762268,0.050000
12697,36.329917,0.050000
12698,37.826604,0.050000
12699,36.479065,0.050000
12700,37.770401,0.050000
12701,34.845368,0.050000
12702,37.882303,0.050000
12703,37.182475,0.050000
12704,38.064831,0.050000
12705,38.939510,0.050000
12706,37.883941,0.050000
12707,31.544065,0.050000
12708,34.933935,0.050000
12709,39.565512,0.050000
12710,36.694324,0.050000
12711,35.838742,0.050000
12712,39.183788,0.050000
12713,34.586496,0.050000
12714,34.209435,0.050000
12715,35.118590,0.050000
12716,40.159985,0.050000
12717,36.821660,0.050000
12718,35.402074,0.050000
12719,30.126219,0.050000
12720,41.705002,0.050000
12721,36.190661,0.050000
12722,34.769862,0.050000
12723,39.383904,0.050000
12724,33.489549,0.050000
12725,35.358786,0.050000
12726,35.337580,0.050000
12727,29.773686,0.050000
12728,36.753738,0.050000
12729,37.024841,0.050000
12730,37.992270,0.050000
12731,35.353089,0.050000
12732,37.213567,0.050000
12733,35.557420,0.050000
12734,32.573148,0.050000
12735,32.582779,0.050000
12736,27.792920,0.050000
12737,34.773502,0.050000
12738,32.797757,0.050000
12739,35.513958,0.050000
12740,37.382434,0.050000
12741,29.920065,0.050000
12742,38.238243,0.050000
12743,35.090501,0.050000
12744,38.109635,0.050000
12745,35.663078,0.050000
12746,39.401186,0.050000
12747,33.692110,0.050000
12748,29.405713,0.050000
12749,25.678622,0.050000
12750,33.991461,0.050000
12751,34.437522,0.050000
12752,36.399952,0.050000
12753,32.324834,0.050000
12754,30.029278,0.050000
12755,33.224994,0.050000
12756,32.989788,0.050000
12757,34.798273,0.050000
12758,39.350992,0.050000
12759,34.736698,0.050000
12760,35.405929,0.050000
12761,37.534482,0.050000
12762,33.618901,0.050000
12763,34.189922,0.050000
12764,33.243721,0.050000
12765,34.780783,0.050000
12766,35.539019,0.050000
12767,35.382441,0.050000
12768,36.139849,0.050000
12769,35.807791,0.050000
12770,33.968393,0.050000
12771,35.848371,0.050000
12772,35.594512,0.050000
12773,31.173321,0.050000
12774,37.212168,0.050000
12775,35.440142,0.050000
12776,37.029143,0.050000
12777,34.026131,0.050000
12778,37.938370,0.050000
12779,36.078220,0.050000
12780,34.640865,0.050000
12781,33.764117,0.050000
12782,39.304035,0.050000
12783,36.942704,0.050000
12784,36.007073,0.050000
12785,37.508109,0.050000
12786,34.022492,0.050000
12787,35.587080,0.050000
12788,37.014033,0.050000
12789,40.371450,0.050000
12790,34.129864,0.050000
12791,39.150999,0.050000
12792,39.848137,0.050000
12793,38.234663,0.050000
12794,36.572953,0.050000
12795,39.300723,0.050000
12796,40.975508,0.050000
12797,35.557149,0.050000
12798,39.373765,0.050000
12799,36.564143,0.050000
12800,36.435306,0.050000
12801,38.433603,0.050000
12802,37.863187,0.050000
12803,36.494210,0.050000
12804,39.035292,0.050000
12805,37.789350,0.050000
12806,40.555697,0.050000
12807,35.482583,0.050000
12808,38.045281,0.050000
12809,39.478378,0.050000
12810,38.930730,0.050000
12811,31.757623,0.050000
12812,38.727824,0.050000
12813,34.653564,0.050000
12814,37.078556,0.050000
12815,36.277383,0.050000
12816,40.534748,0.050000
12817,34.667400,0.050000
12818,39.856109,0.050000
12819,40.441080,0.050000
12820,38.766529,0.050000
12821,36.585789,0.050000
12822,37.181124,0.050000
12823,44.460023,0.050000
12824,36.366512,0.050000
12825,37.548706,0.050000
12826,38.722948,0.050000
12827,40.357685,0.050000
12828,37.643648,0.050000
12829,35.571676,0.050000
12830,39.414212,0.050000
12831,38.153891,0.050000
12832,33.889509,0.050000
12833,34.418198,0.050000
12834,33.302912,0.050000
12835,29.899512,0.050000
12836,39.020448,0.050000
12837,38.873466,0.050000
12838,37.561134,0.050000
12839,38.630139,0.050000
12840,40.304224,0.050000
12841,37.942193,0.050000
12842,38.693127,0.050000
12843,36.619585,0.050000
12844,42.005868,0.050000
12845,39.590563,0.050000
12846,36.116698,0.050000
12847,44.621420,0.050000
12848,41.574579,0.050000
12849,36.681454,0.050000
12850,40.305921,0.050000
12851,40.384077,0.050000
12852,38.879818,0.050000
12853,35.431268,0.050000
12854,38.157591,0.050000
12855,38.972263,0.050000
12856,37.895809,0.050000
12857,37.297818,0.050000
12858,34.991812,0.050000
12859,39.916796,0.050000
12860,36.933674,0.050000
12861,37.146368,0.050000
12862,37.891435,0.050000
12863,38.443625,0.050000
12864,37.109666,0.050000
12865,39.866753,0.050000
12866,37.477494,0.050000
12867,36.578507,0.050000
12868,37.834186,0.050000
12869,35.467987,0.050000
12870,39.554667,0.050000
12871,35.315716,0.050000
12872,39.673609,0.050000
12873,35.578767,0.050000
12874,40.484446,0.050000
12875,39.613476,0.050000
12876,41.439140,0.050000
12877,37.256730,0.050000
12878,40.017089,0.050000
12879,42.572245,0.050000
12880,38.328660,0.050000
12881,40.023350,0.050000
12882,38.360082,0.050000
12883,35.845641,0.050000
12884,41.387436,0.050000
12885,39.797241,0.050000
12886,40.158865,0.050000
12887,37.777292,0.050000
12888,41.388275,0.050000
12889,39.089798,0.050000
12890,41.974071,0.050000
12891,44.329931,0.050000
12892,40.467808,0.050000
12893,40.203032,0.050000
12894,28.819250,0.050000
12895,35.606186,0.050000
12896,38.600838,0.050000
12897,34.475470,0.050000
12898,39.255660,0.050000
12899,34.602521,0.050000
12900,38.230334,0.050000
12901,38.563369,0.050000
12902,37.350198,0.050000
12903,40.433396,0.050000
12904,38.388049,0.050000
12905,38.170682,0.050000
12906,38.129737,0.050000
12907,40.312381,0.050000
12908,33.309347,0.050000
12909,40.419479,0.050000
12910,38.972417,0.050000
12911,41.952833,0.050000
12912,38.434746,0.050000
12913,32.825494,0.050000
12914,38.697839,0.050000
12915,41.440234,0.050000
12916,43.122867,0.050000
12917,40.699548,0.050000
12918,40.694083,0.050000
12919,40.000804,0.050000
12920,38.164002,0.050000
12921,45.483090,0.050000
12922,39.490673,0.050000
12923,40.158104,0.050000
12924,33.750218,0.050000
12925,36.616049,0.050000
12926,32.848538,0.050000
12927,36.394531,0.050000
12928,33.885594,0.050000
12929,36.156052,0.050000
12930,41.360831,0.050000
12931,40.207053,0.050000
12932,40.662776,0.050000
12933,34.834953,0.050000
12934,38.747124,0.050000
12935,39.604435,0.050000
12936,34.710289,0.050000
12937,39.176197,0.050000
12938,37.905347,0.050000
12939,39.504602,0.050000
12940,38.246756,0.050000
12941,38.201867,0.050000
12942,35.121101,0.050000
12943,35.688471,0.050000
12944,38.400107,0.050000
12945,31.662161,0.050000
12946,35.953239,0.050000
12947,35.875573,0.050000
12948,39.058521,0.050000
12949,41.890155,0.050000
12950,40.415054,0.050000
12951,32.600987,0.050000
12952,31.933853,0.050000
12953,38.438160,0.050000
12954,34.843846,0.050000
12955,33.019178,0.050000
12956,35.799470,0.050000
12957,30.663996,0.050000
12958,33.271232,0.050000
12959,36.682670,0.050000
12960,30.812430,0.050000
12961,38.399521,0.050000
12962,38.243135,0.050000
12963,40.195249,0.050000
12964,24.604041,0.050000
12965,36.082251,0.050000
12966,33.562573,0.050000
12967,35.969802,0.050000
12968,37.235951,0.050000
12969,36.329368,0.050000
12970,35.665530,0.050000
12971,37.573749,0.050000
12972,33.167969,0.050000
12973,33.335542,0.050000
12974,35.786166,0.050000
12975,37.448092,0.050000
12976,33.370237,0.050000
12977,35.645170,0.050000
12978,34.059585,0.050000
12979,39.456286,0.050000
12980,36.626590,0.050000
12981,29.639770,0.050000
12982,34.179987,0.050000
12983,33.279668,0.050000
12984,36.076385,0.050000
12985,33.302956,0.050000
12986,31.721621,0.050000
12987,31.514707,0.050000
12988,32.497384,0.050000
12989,30.430952,0.050000
12990,31.333967,0.050000
12991,34.353687,0.050000
12992,30.014590,0.050000
12993,29.579813,0.050000
12994,28.725422,0.050000
12995,33.383216,0.050000
12996,32.626364,0.050000
12997,36.432673,0.050000
12998,29.074772,0.050000
12999,31.844491,0.050000
13000,33.567943,0.050000
13001,34.047306,0.050000
13002,36.187652,0.050000
13003,36.314240,0.050000
13004,34.830249,0.050000
13005,30.992028,0.050000
13006,32.194625,0.050000
13007,30.998261,0.050000
13008,37.619508,0.050000
13009,39.122224,0.050000
13010,37.059813,0.050000
13011,33.151629,0.050000
13012,37.091721,0.050000
13013,33.880883,0.050000
13014,35.582627,0.050000
13015,36.397284,0.050000
13016,34.849159,0.050000
13017,37.419371,0.050000
13018,33.362873,0.050000
13019,28.044479,0.050000
13020,32.941420,0.050000
13021,33.041190,0.050000
13022,32.513641,0.050000
13023,41.642240,0.050000
13024,30.600047,0.050000
13025,33.562981,0.050000
13026,33.253857,0.050000
13027,35.013039,0.050000
13028,35.892455,0.050000
13029,36.234879,0.050000
13030,35.768553,0.050000
13031,33.425214,0.050000
13032,37.152340,0.050000
13033,38.383648,0.050000
13034,37.856000,0.050000
13035,39.715894,0.050000
13036,34.057023,0.050000
13037,35.939513,0.050000
13038,29.467071,0.050000
13039,35.296348,0.050000
13040,35.093969,0.050000
13041,31.929715,0.050000
13042,33.168215,0.050000
13043,34.976483,0.050000
13044,37.995320,0.050000
13045,31.889972,0.050000
13046,36.949382,0.050000
13047,38.060139,0.050000
13048,40.021094,0.050000
13049,39.789296,0.050000
13050,39.916795,0.050000
13051,39.303418,0.050000
13052,39.577432,0.050000
13053,40.745904,0.050000
13054,39.593390,0.050000
13055,40.588803,0.050000
13056,33.171795,0.050000
13057,38.668543,0.050000
13058,35.004919,0.050000
13059,41.815677,0.050000
13060,34.849062,0.050000
13061,36.040961,0.050000
13062,37.906917,0.050000
13063,36.850570,0.050000
13064,36.576452,0.050000
13065,39.632511,0.050000
13066,37.981928,0.050000
13067,34.737070,0.050000
13068,34.723355,0.050000
13069,34.447391,0.050000
13070,38.339069,0.050000
13071,40.591882,0.050000
13072,38.408274,0.050000
13073,39.740395,0.050000
13074,36.527364,0.050000
13075,35.095492,0.050000
13076,37.695618,0.050000
13077,44.327173,0.050000
13078,30.640919,0.050000
13079,35.192872,0.050000
13080,35.757858,0.050000
13081,38.872272,0.050000
13082,36.677702,0.050000
13083,31.482931,0.050000
13084,36.769240,0.050000
13085,39.986483,0.050000
13086,32.219465,0.050000
13087,36.094771,0.050000
13088,33.849729,0.050000
13089,36.595068,0.050000
13090,34.237825,0.050000
13091,35.520442,0.050000
13092,40.396853,0.050000
13093,37.588791,0.050000
13094,36.897250,0.050000
13095,33.610057,0.050000
13096,39.866588,0.050000
13097,34.185270,0.050000
13098,40.047639,0.050000
13099,37.093226,0.050000
13100,38.372997,0.050000
13101,37.560684,0.050000
13102,33.772923,0.050000
13103,23.188996,0.050000
13104,29.889804,0.050000
13105,30.000143,0.050000
13106,31.372826,0.050000
13107,29.017085,0.050000
13108,36.196301,0.050000
13109,26.090402,0.050000
13110,28.688358,0.050000
13111,31.078099,0.050000
13112,28.728310,0.050000
13113,28.680333,0.050000
13114,30.378195,0.050000
13115,18.011235,0.050000
13116,18.701393,0.050000
13117,18.787629,0.050000
13118,19.478928,0.050000
13119,18.957430,0.050000
13120,18.904206,0.050000
13121,20.028694,0.050000
13122,18.657076,0.050000
13123,16.077419,0.050000
13124,17.386354,0.050000
13125,18.408815,0.050000
13126,17.949233,0.050000
13127,19.714929,0.050000
13128,18.132982,0.050000
13129,18.242595,0.050000
13130,16.290701,0.050000
13131,20.643820,0.050000
13132,17.492838,0.050000
13133,16.064765,0.050000
13134,17.787385,0.050000
13135,17.508674,0.050000
13136,18.603274,0.050000
13137,20.292314,0.050000
13138,18.450219,0.050000
13139,18.147761,0.050000
13140,19.151218,0.050000
13141,22.411038,0.050000
13142,23.497613,0.050000
13143,25.400261,0.050000
13144,20.085401,0.050000
13145,20.927689,0.050000
13146,18.310388,0.050000
13147,19.713882,0.050000
13148,21.392915,0.050000
13149,23.031199,0.050000
13150,18.630133,0.050000
13151,25.415410,0.050000
13152,21.674558,0.050000
13153,28.862963,0.050000
13154,24.148549,0.050000
13155,29.261588,0.050000
13156,28.443346,0.050000
13157,22.290328,0.050000
13158,24.785159,0.050000
13159,29.002521,0.050000
13160,28.127208,0.050000
13161,27.565590,0.050000
13162,29.712298,0.050000
13163,25.409630,0.050000
13164,27.867445,0.050000
13165,30.400290,0.050000
13166,30.514414,0.050000
13167,27.289849,0.050000
13168,28.733940,0.050000
13169,38.111991,0.050000
13170,37.352756,0.050000
13171,33.743741,0.050000
13172,29.008331,0.050000
13173,29.512186,0.050000
13174,35.412845,0.050000
13175,28.902009,0.050000
13176,28.106451,0.050000
13177,28.388220,0.050000
13178,28.065591,0.050000
13179,33.136855,0.050000
13180,31.903832,0.050000
13181,29.424275,0.050000
13182,29.874967,0.050000
13183,31.343785,0.050000
13184,30.547967,0.050000
13185,31.759037,0.050000
13186,26.011244,0.050000
13187,33.226694,0.050000
13188,29.979151,0.050000
13189,32.136094,0.050000
13190,27.854522,0.050000
13191,29.002960,0.050000
13192,32.200107,0.050000
13193,31.954557,0.050000
13194,30.284094,0.050000
13195,35.425219,0.050000
13196,36.624700,0.050000
13197,31.566920,0.050000
13198,33.683542,0.050000
13199,37.908956,0.050000
13200,39.796028,0.050000
13201,34.618703,0.050000
13202,36.733690,0.050000
13203,42.779429,0.050000
13204,35.352062,0.050000
13205,41.493228,0.050000
13206,35.261126,0.050000
13207,37.531890,0.050000
13208,41.204122,0.050000
13209,38.254053,0.050000
13210,39.459685,0.050000
13211,39.605703,0.050000
13212,35.831357,0.050000
13213,37.844469,0.050000
13214,39.542727,0.050000
13215,38.046309,0.050000
13216,41.598080,0.050000
13217,39.991102,0.050000
13218,36.980410,0.050000
13219,39.180620,0.050000
13220,42.903140,0.050000
13221,35.727677,0.050000
13222,37.775820,0.050000
13223,38.667672,0.050000
13224,41.790653,0.050000
13225,40.368783,0.050000
13226,40.208699,0.050000
13227,39.232303,0.050000
13228,40.703996,0.050000
13229,40.971909,0.050000
13230,42.629405,0.050000
13231,37.302405,0.050000
13232,42.143542,0.050000
13233,40.484308,0.050000
13234,37.086363,0.050000
13235,40.981955,0.050000
13236,37.082841,0.050000
13237,42.317377,0.050000
13238,37.245247,0.050000
13239,41.641095,0.050000
13240,38.566359,0.050000
13241,41.638192,0.050000
13242,36.793154,0.050000
13243,34.187672,0.050000
13244,42.506647,0.050000
13245,36.418880,0.050000
13246,36.635800,0.050000
13247,38.192750,0.050000
13248,33.240403,0.050000
13249,37.147121,0.050000
13250,37.641624,0.050000
13251,36.383712,0.050000
13252,37.487276,0.050000
13253,35.681138,0.050000
13254,40.141960,0.050000
13255,41.316486,0.050000
13256,39.267515,0.050000
13257,37.923703,0.050000
13258,37.378979,0.050000
13259,34.582295,0.050000
13260,39.437607,0.050000
13261,29.184395,0.050000
13262,25.049141,0.050000
13263,27.167679,0.050000
13264,28.964231,0.050000
13265,36.822751,0.050000
13266,36.402170,0.050000
13267,38.850249,0.050000
13268,29.421172,0.050000
13269,35.961327,0.050000
13270,40.115068,0.050000
13271,36.827111,0.050000
13272,39.759827,0.050000
13273,39.142142,0.050000
13274,39.732575,0.050000
13275,40.513332,0.050000
13276,35.232832,0.050000
13277,32.789123,0.050000
13278,34.932181,0.050000
13279,35.472407,0.050000
13280,26.899610,0.050000
13281,43.822342,0.050000
13282,30.991565,0.050000
13283,35.963327,0.050000
13284,37.151061,0.050000
13285,33.240481,0.050000
13286,38.736954,0.050000
13287,38.555822,0.050000
13288,37.411332,0.050000
13289,37.899523,0.050000
13290,39.880665,0.050000
13291,34.756578,0.050000
13292,36.542673,0.050000
13293,36.275663,0.050000
13294,41.334952,0.050000
13295,38.417882,0.050000
13296,33.235205,0.050000
13297,41.201462,0.050000
13298,33.528347,0.050000
13299,40.448398,0.050000
13300,35.623945,0.050000
13301,37.421914,0.050000
13302,36.944711,0.050000
13303,35.126740,0.050000
13304,31.194847,0.050000
13305,37.625914,0.050000
13306,29.227866,0.050000
13307,28.216596,0.050000
13308,23.020402,0.050000
13309,30.272723,0.050000
13310,30.327120,0.050000
13311,37.485040,0.050000
13312,35.003332,0.050000
13313,34.988165,0.050000
13314,39.560040,0.050000
13315,40.708833,0.050000
13316,32.597652,0.050000
13317,41.292479,0.050000
13318,37.947377,0.050000
13319,34.327449,0.050000
13320,41.013809,0.050000
13321,39.818370,0.050000
13322,43.088279,0.050000
13323,42.705420,0.050000
13324,38.342233,0.050000
13325,39.750979,0.050000
13326,39.272566,0.050000
13327,39.843808,0.050000
13328,41.063475,0.050000
13329,39.877130,0.050000
13330,41.758493,0.050000
13331,33.860297,0.050000
13332,35.688863,0.050000
13333,38.271796,0.050000
13334,40.059881,0.050000
13335,42.010760,0.050000
13336,43.603071,0.050000
13337,40.033200,0.050000
13338,40.664774,0.050000
13339,31.589703,0.050000
13340,38.008138,0.050000
13341,39.890122,0.050000
13342,36.184969,0.050000
13343,38.622169,0.050000
13344,37.432747,0.050000
13345,42.488502,0.050000
13346,34.776985,0.050000
13347,36.773260,0.050000
13348,38.519648,0.050000
13349,42.023162,0.050000
13350,35.499643,0.050000
13351,42.508200,0.050000
13352,38.777822,0.050000
13353,34.595153,0.050000
13354,41.970020,0.050000
13355,35.657312,0.050000
13356,40.426572,0.050000
13357,43.037130,0.050000
13358,35.029358,0.050000
13359,37.259853,0.050000
13360,35.470510,0.050000
13361,34.170178,0.050000
13362,42.419076,0.050000
13363,37.428987,0.050000
13364,40.262964,0.050000
13365,37.609551,0.050000
13366,37.516268,0.050000
13367,42.022785,0.050000
13368,32.946582,0.050000
13369,36.168709,0.050000
13370,41.326562,0.050000
13371,35.108255,0.050000
13372,35.161724,0.050000
13373,38.077448,0.050000
13374,36.953218,0.050000
13375,40.135628,0.050000
13376,37.012274,0.050000
13377,32.193932,0.050000
13378,36.941336,0.050000
13379,42.319812,0.050000
13380,34.110921,0.050000
13381,37.388120,0.050000
13382,31.384166,0.050000
13383,36.710952,0.050000
13384,39.313805,0.050000
13385,34.487732,0.050000
13386,39.707189,0.050000
13387,30.381586,0.050000
13388,34.991880,0.050000
13389,35.749763,0.050000
13390,34.590491,0.050000
13391,42.452192,0.050000
13392,36.264778,0.050000
13393,34.620919,0.050000
13394,40.038842,0.050000
13395,37.758403,0.050000
13396,40.273098,0.050000
13397,38.219703,0.050000
13398,39.842061,0.050000
13399,35.178325,0.050000
13400,38.012341,0.050000
13401,39.601772,0.050000
13402,30.602096,0.050000
13403,37.246805,0.050000
13404,39.410728,0.050000
13405,38.627575,0.050000
13406,41.111188,0.050000
13407,38.987894,0.050000
13408,38.472946,0.050000
13409,37.133836,0.050000
13410,37.834730,0.050000
13411,34.610300,0.050000
13412,34.025187,0.050000
13413,44.267713,0.050000
13414,37.970103,0.050000
13415,32.847254,0.050000
13416,34.194281,0.050000
13417,36.453164,0.050000
13418,39.099925,0.050000
13419,43.284106,0.050000
13420,33.192439,0.050000
13421,34.772723,0.050000
13422,36.487231,0.050000
13423,40.013121,0.050000
13424,40.705429,0.050000
13425,38.801225,0.050000
13426,39.697638,0.050000
13427,38.797573,0.050000
13428,40.359321,0.050000
13429,41.642675,0.050000
13430,38.866160,0.050000
13431,39.696632,0.050000
13432,38.586240,0.050000
13433,32.130200,0.050000
13434,30.433461,0.050000
13435,35.601496,0.050000
13436,29.317184,0.050000
13437,31.591907,0.050000
13438,33.308363,0.050000
13439,30.251878,0.050000
13440,33.641225,0.050000
13441,34.545607,0.050000
13442,34.362669,0.050000
13443,33.738823,0.050000
13444,31.950742,0.050000
13445,33.538225,0.050000
13446,37.150951,0.050000
13447,41.193976,0.050000
13448,42.181389,0.050000
13449,37.412817,0.050000
13450,41.010431,0.050000
13451,33.478830,0.050000
13452,39.060994,0.050000
13453,38.609057,0.050000
13454,39.625941,0.050000
13455,40.024622,0.050000
13456,39.097893,0.050000
13457,36.755118,0.050000
13458,35.613723,0.050000
13459,37.606193,0.050000
13460,34.471494,0.050000
13461,32.839601,0.050000
13462,37.331080,0.050000
13463,42.509074,0.050000
13464,37.377455,0.050000
13465,39.547306,0.050000
13466,40.096050,0.050000
13467,39.012512,0.050000
13468,38.547215,0.050000
13469,34.438328,0.050000
13470,36.025653,0.050000
13471,35.681187,0.050000
13472,39.481429,0.050000
13473,37.545370,0.050000
13474,37.177249,0.050000
13475,36.395093,0.050000
13476,31.001355,0.050000
13477,37.817305,0.050000
13478,31.596430,0.050000
13479,33.600633,0.050000
13480,38.601143,0.050000
13481,40.152018,0.050000
13482,34.160283,0.050000
13483,35.234749,0.050000
13484,34.368787,0.050000
13485,32.683129,0.050000
13486,29.143128,0.050000
13487,41.716857,0.050000
13488,35.898839,0.050000
13489,31.338795,0.050000
13490,38.492657,0.050000
13491,34.315370,0.050000
13492,42.106544,0.050000
13493,36.546139,0.050000
13494,36.286747,0.050000
13495,32.164547,0.050000
13496,29.955369,0.050000
13497,33.452532,0.050000
13498,32.806568,0.050000
13499,39.242044,0.050000
13500,36.116586,0.050000
13501,34.333762,0.050000
13502,34.866500,0.050000
13503,42.704039,0.050000
13504,37.203580,0.050000
13505,41.907304,0.050000
13506,34.474774,0.050000
13507,38.423076,0.050000
13508,35.549578,0.050000
13509,30.863808,0.050000
13510,41.228178,0.050000
13511,41.665225,0.050000
13512,35.182382,0.050000
13513,35.425069,0.050000
13514,37.877166,0.050000
13515,40.429086,0.050000
13516,36.001809,0.050000
13517,32.403654,0.050000
13518,33.193457,0.050000
13519,38.456826,0.050000
13520,37.234872,0.050000
13521,34.714093,0.050000
13522,35.298639,0.050000
13523,34.166192,0.050000
13524,39.429469,0.050000
13525,39.123259,0.050000
13526,35.574990,0.050000
13527,39.612478,0.050000
13528,37.703058,0.050000
13529,36.787463,0.050000
13530,43.541844,0.050000
13531,37.162639,0.050000
13532,34.548837,0.050000
13533,41.195503,0.050000
13534,40.551266,0.050000
13535,39.429251,0.050000
13536,36.518672,0.050000
13537,37.272998,0.050000
13538,37.589004,0.050000
13539,37.760829,0.050000
13540,36.776904,0.050000
13541,37.910455,0.050000
13542,33.953484,0.050000
13543,40.477371,0.050000
13544,42.004344,0.050000
13545,39.730658,0.050000
13546,37.276453,0.050000
13547,34.483001,0.050000
13548,38.231720,0.050000
13549,35.603432,0.050000
13550,40.161963,0.050000
13551,39.421686,0.050000
13552,43.008958,0.050000
13553,36.945096,0.050000
13554,44.556879,0.050000
13555,43.814640,0.050000
13556,39.379353,0.050000
13557,32.727047,0.050000
13558,40.518293,0.050000
13559,33.921297,0.050000
13560,34.549445,0.050000
13561,38.000444,0.050000
13562,35.078799,0.050000
13563,40.537408,0.050000
13564,36.284642,0.050000
13565,43.993924,0.050000
13566,36.530995,0.050000
13567,41.269569,0.050000
13568,41.687927,0.050000
13569,41.094686,0.050000
13570,42.596098,0.050000
13571,40.947373,0.050000
13572,38.888694,0.050000
13573,38.945712,0.050000
13574,32.870683,0.050000
13575,36.707168,0.050000
13576,38.092323,0.050000
13577,38.463981,0.050000
13578,39.900506,0.050000
13579,40.990136,0.050000
13580,38.490440,0.050000
13581,32.399825,0.050000
13582,38.925523,0.050000
13583,34.482863,0.050000
13584,39.386827,0.050000
13585,39.888442,0.050000
13586,40.183710,0.050000
13587,45.198999,0.050000
13588,35.277782,0.050000
13589,41.268681,0.050000
13590,38.141965,0.050000
13591,37.483780,0.050000
13592,37.937750,0.050000
13593,40.119110,0.050000
13594,43.158168,0.050000
13595,35.472124,0.050000
13596,40.148337,0.050000
13597,29.863570,0.050000
13598,35.195322,0.050000
13599,43.496783,0.050000
13600,41.951127,0.050000
13601,36.628604,0.050000
13602,36.156407,0.050000
13603,37.996121,0.050000
13604,35.067427,0.050000
13605,39.471814,0.050000
13606,36.327689,0.050000
13607,40.744073,0.050000
13608,40.878835,0.050000
13609,36.127084,0.050000
13610,39.507529,0.050000
13611,37.070801,0.050000
13612,43.646737,0.050000
13613,38.877042,0.050000
13614,39.661227,0.050000
13615,34.136144,0.050000
13616,36.494911,0.050000
13617,35.246022,0.050000
13618,37.111439,0.050000
13619,38.116332,0.050000
13620,34.778076,0.050000
13621,36.713268,0.050000
13622,39.926126,0.050000
13623,39.614994,0.050000
13624,39.854731,0.050000
13625,38.393884,0.050000
13626,40.704066,0.050000
13627,31.306544,0.050000
13628,37.002162,0.050000
13629,35.384101,0.050000
13630,34.614681,0.050000
13631,35.925608,0.050000
13632,35.884247,0.050000
13633,36.802381,0.050000
13634,36.217487,0.050000
13635,32.278025,0.050000
13636,34.153824,0.050000
13637,37.992821,0.050000
13638,37.034318,0.050000
13639,40.045290,0.050000
13640,31.225178,0.050000
13641,32.683604,0.050000
13642,38.514844,0.050000
13643,35.850768,0.050000
13644,35.088899,0.050000
13645,35.502697,0.050000
13646,39.840333,0.050000
13647,40.427241,0.050000
13648,35.630819,0.050000
13649,35.822967,0.050000
13650,38.488112,0.050000
13651,36.302282,0.050000
13652,32.519003,0.050000
13653,34.828693,0.050000
13654,36.169178,0.050000
13655,34.727844,0.050000
13656,36.552755,0.050000
13657,37.450089,0.050000
13658,34.244001,0.050000
13659,36.144766,0.050000
13660,37.746172,0.050000
13661,37.808404,0.050000
13662,39.027810,0.050000
13663,35.798116,0.050000
13664,36.223278,0.050000
13665,37.632916,0.050000
13666,36.799124,0.050000
13667,38.460742,0.050000
13668,39.330746,0.050000
13669,38.980374,0.050000
13670,33.181314,0.050000
13671,33.027403,0.050000
13672,36.618133,0.050000
13673,35.125312,0.050000
13674,32.086890,0.050000
13675,32.797231,0.050000
13676,39.885979,0.050000
13677,36.006991,0.050000
13678,36.906014,0.050000
13679,36.753314,0.050000
13680,38.716570,0.050000
13681,35.463506,0.050000
13682,37.135735,0.050000
13683,37.857094,0.050000
13684,35.742858,0.050000
13685,36.683337,0.050000
13686,39.611417,0.050000
13687,35.942488,0.050000
13688,37.233864,0.050000
13689,40.514040,0.050000
13690,41.574746,0.050000
13691,35.512057,0.050000
13692,39.115348,0.050000
13693,34.032029,0.050000
13694,38.589830,0.050000
13695,38.796510,0.050000
13696,35.888937,0.050000
13697,36.315007,0.050000
13698,36.550801,0.050000
13699,27.638619,0.050000
13700,36.479591,0.050000
13701,42.035645,0.050000
13702,35.133293,0.050000
13703,36.703890,0.050000
13704,43.633685,0.050000
13705,36.713639,0.050000
13706,37.578471,0.050000
13707,40.733087,0.050000
13708,41.874536,0.050000
13709,38.969631,0.050000
13710,37.483711,0.050000
13711,40.574410,0.050000
13712,41.857067,0.050000
13713,38.406880,0.050000
13714,33.251637,0.050000
13715,38.791577,0.050000
13716,29.688475,0.050000
13717,38.730981,0.050000
13718,38.209553,0.050000
13719,40.661086,0.050000
13720,41.214705,0.050000
13721,39.485374,0.050000
13722,38.347435,0.050000
13723,38.685058,0.050000
13724,38.774505,0.050000
13725,38.531078,0.050000
13726,27.354616,0.050000
13727,37.846988,0.050000
13728,34.325069,0.050000
13729,33.473076,0.050000
13730,40.462948,0.050000
13731,39.396988,0.050000
13732,39.734483,0.050000
13733,36.440554,0.050000
13734,38.898841,0.050000
13735,40.441566,0.050000
13736,39.200708,0.050000
13737,43.047656,0.050000
13738,41.576698,0.050000
13739,34.472863,0.050000
13740,42.516013,0.050000
13741,40.808911,0.050000
13742,38.715227,0.050000
13743,38.403433,0.050000
13744,39.483806,0.050000
13745,38.803195,0.050000
13746,41.347951,0.050000
13747,38.202853,0.050000
13748,40.013299,0.050000
13749,34.004125,0.050000
13750,39.366718,0.050000
13751,36.594749,0.050000
13752,39.515645,0.050000
13753,36.406980,0.050000
13754,30.659654,0.050000
13755,41.485931,0.050000
13756,40.471623,0.050000
13757,42.146159,0.050000
13758,37.578026,0.050000
13759,36.805222,0.050000
13760,41.593612,0.050000
13761,39.006556,0.050000
13762,37.439489,0.050000
13763,38.605794,0.050000
13764,40.235821,0.050000
13765,40.649544,0.050000
13766,35.864772,0.050000
13767,30.309463,0.050000
13768,31.490387,0.050000
13769,38.342298,0.050000
13770,41.443091,0.050000
13771,37.585592,0.050000
13772,35.662962,0.050000
13773,38.121639,0.050000
13774,40.704271,0.050000
13775,40.424474,0.050000
13776,36.663924,0.050000
13777,36.262478,0.050000
13778,40.337472,0.050000
13779,38.391751,0.050000
13780,39.018370,0.050000
13781,36.921962,0.050000
13782,41.532538,0.050000
13783,47.400858,0.050000
13784,42.141246,0.050000
13785,39.420355,0.050000
13786,34.236430,0.050000
13787,38.684269,0.050000
13788,33.482591,0.050000
13789,39.965984,0.050000
13790,32.568278,0.050000
13791,36.843452,0.050000
13792,40.917652,0.050000
13793,41.147680,0.050000
13794,40.383585,0.050000
13795,31.203699,0.050000
13796,40.147541,0.050000
13797,40.115071,0.050000
13798,35.843628,0.050000
13799,40.586882,0.050000
13800,39.684916,0.050000
13801,37.601038,0.050000
13802,31.603386,0.050000
13803,33.353004,0.050000
13804,38.926575,0.050000
13805,32.743326,0.050000
13806,39.222602,0.050000
13807,36.655759,0.050000
13808,37.431364,0.050000
13809,35.965586,0.050000
13810,40.213062,0.050000
13811,37.530189,0.050000
13812,35.867722,0.050000
13813,34.941658,0.050000
13814,40.478461,0.050000
13815,37.576845,0.050000
13816,35.324163,0.050000
13817,39.194505,0.050000
13818,37.232803,0.050000
13819,44.661578,0.050000
13820,39.931293,0.050000
13821,39.753057,0.050000
13822,41.209451,0.050000
13823,32.368982,0.050000
13824,40.204015,0.050000
13825,42.549806,0.050000
13826,37.808809,0.050000
13827,38.381730,0.050000
13828,41.399508,0.050000
13829,40.784337,0.050000
13830,39.545144,0.050000
13831,37.132885,0.050000
13832,38.024177,0.050000
13833,41.496446,0.050000
13834,37.942244,0.050000
13835,36.338537,0.050000
13836,36.784261,0.050000
13837,31.531449,0.050000
13838,41.530117,0.050000
13839,29.354921,0.050000
13840,36.051101,0.050000
13841,37.844211,0.050000
13842,42.180377,0.050000
13843,38.899935,0.050000
13844,39.229909,0.050000
13845,37.100153,0.050000
13846,42.034534,0.050000
13847,39.583699,0.050000
13848,38.884221,0.050000
13849,38.207797,0.050000
13850,40.628117,0.050000
13851,36.936868,0.050000
13852,38.890402,0.050000
13853,43.275943,0.050000
13854,34.811308,0.050000
13855,40.391409,0.050000
13856,35.746041,0.050000
13857,37.538127,0.050000
13858,42.023208,0.050000
13859,36.829957,0.050000
13860,36.699356,0.050000
13861,42.470198,0.050000
13862,36.772018,0.050000
13863,39.351425,0.050000
13864,34.947231,0.050000
13865,35.034366,0.050000
13866,42.392513,0.050000
13867,39.486906,0.050000
13868,37.124521,0.050000
13869,42.517376,0.050000
13870,42.305749,0.050000
13871,39.198779,0.050000
13872,34.487331,0.050000
13873,40.172293,0.050000
13874,40.691029,0.050000
13875,38.428999,0.050000
13876,39.780307,0.050000
13877,37.675109,0.050000
13878,40.709471,0.050000
13879,34.600077,0.050000
13880,42.468014,0.050000
13881,38.702553,0.050000
13882,38.784066,0.050000
13883,40.030879,0.050000
13884,41.849125,0.050000
13885,43.002683,0.050000
13886,32.628999,0.050000
13887,34.238957,0.050000
13888,39.140999,0.050000
13889,40.017782,0.050000
13890,42.669305,0.050000
13891,38.696780,0.050000
13892,38.574326,0.050000
13893,45.580252,0.050000
13894,37.951866,0.050000
13895,33.631259,0.050000
13896,40.635915,0.050000
13897,38.451223,0.050000
13898,34.006825,0.050000
13899,38.496279,0.050000
13900,39.605986,0.050000
13901,36.616895,0.050000
13902,39.067879,0.050000
13903,41.021484,0.050000
13904,40.044709,0.050000
13905,35.984103,0.050000
13906,42.917852,0.050000
13907,37.273399,0.050000
13908,37.225667,0.050000
13909,42.217510,0.050000
13910,42.404630,0.050000
13911,38.645681,0.050000
13912,35.599915,0.050000
13913,36.281606,0.050000
13914,36.002005,0.050000
13915,44.919669,0.050000
13916,37.875175,0.050000
13917,36.127008,0.050000
13918,38.571613,0.050000
13919,38.870029,0.050000
13920,39.906900,0.050000
13921,37.373137,0.050000
13922,39.042211,0.050000
13923,41.889246,0.050000
13924,36.379285,0.050000
13925,42.432537,0.050000
13926,40.303873,0.050000
13927,36.453723,0.050000
13928,39.421432,0.050000
13929,43.218600,0.050000
13930,37.662202,0.050000
13931,37.794807,0.050000
13932,41.283215,0.050000
13933,42.207340,0.050000
13934,44.271299,0.050000
13935,40.339872,0.050000
13936,37.601035,0.050000
13937,38.621850,0.050000
13938,37.276887,0.050000
13939,42.175189,0.050000
13940,40.160962,0.050000
13941,44.020321,0.050000
13942,37.781735,0.050000
13943,42.233570,0.050000
13944,40.235645,0.050000
13945,40.572195,0.050000
13946,38.024622,0.050000
13947,34.862404,0.050000
13948,43.860291,0.050000
13949,39.734215,0.050000
13950,43.003500,0.050000
13951,39.720204,0.050000
13952,40.979510,0.050000
13953,37.604292,0.050000
13954,44.269737,0.050000
13955,44.761188,0.050000
13956,39.888841,0.050000
13957,39.789687,0.050000
13958,41.736231,0.050000
13959,38.362727,0.050000
13960,36.294738,0.050000
13961,43.271159,0.050000
13962,42.825693,0.050000
13963,39.027858,0.050000
13964,41.541617,0.050000
13965,45.262177,0.050000
13966,39.116389,0.050000
13967,37.965907,0.050000
13968,43.318858,0.050000
13969,42.131081,0.050000
13970,41.175588,0.050000
13971,40.547937,0.050000
13972,37.402819,0.050000
13973,40.901436,0.050000
13974,39.410938,0.050000
13975,44.772294,0.050000
13976,41.591741,0.050000
13977,45.592016,0.050000
13978,41.206530,0.050000
13979,39.332113,0.050000
13980,39.907941,0.050000
13981,43.123505,0.050000
13982,41.916036,0.050000
13983,43.774704,0.050000
13984,38.839136,0.050000
13985,38.153826,0.050000
13986,42.814007,0.050000
13987,35.151766,0.050000
13988,38.243058,0.050000
13989,38.260503,0.050000
13990,35.424321,0.050000
13991,39.427928,0.050000
13992,37.987646,0.050000
13993,41.969506,0.050000
13994,38.777817,0.050000
13995,43.778794,0.050000
13996,44.742402,0.050000
13997,41.269825,0.050000
13998,43.742476,0.050000
13999,39.448210,0.050000
14000,43.630622,0.050000
14001,41.257554,0.050000
14002,40.774667,0.050000
14003,31.651470,0.050000
14004,43.327806,0.050000
14005,44.573487,0.050000
14006,42.475993,0.050000
14007,41.506030,0.050000
14008,40.965142,0.050000
14009,39.468283,0.050000
14010,39.107262,0.050000
14011,37.679764,0.050000
14012,43.302830,0.050000
14013,42.150062,0.050000
14014,38.913895,0.050000
14015,41.369994,0.050000
14016,38.046293,0.050000
14017,43.915379,0.050000
14018,38.453240,0.050000
14019,41.172460,0.050000
14020,39.754880,0.050000
14021,39.329306,0.050000
14022,46.497857,0.050000
14023,43.940376,0.050000
14024,40.761757,0.050000
14025,41.651054,0.050000
14026,35.264450,0.050000
14027,41.786249,0.050000
14028,41.474344,0.050000
14029,39.057299,0.050000
14030,44.147114,0.050000
14031,42.078595,0.050000
14032,47.561164,0.050000
14033,36.046090,0.050000
14034,40.790440,0.050000
14035,40.111280,0.050000
14036,40.772205,0.050000
14037,40.683200,0.050000
14038,40.971253,0.050000
14039,41.304156,0.050000
14040,43.906310,0.050000
14041,40.417213,0.050000
14042,41.821663,0.050000
14043,44.508264,0.050000
14044,36.354557,0.050000
14045,42.846426,0.050000
14046,42.757944,0.050000
14047,47.698745,0.050000
14048,37.880699,0.050000
14049,39.778383,0.050000
14050,38.803411,0.050000
14051,38.178479,0.050000
14052,40.606444,0.050000
14053,44.396733,0.050000
14054,42.313830,0.050000
14055,41.100675,0.050000
14056,35.899539,0.050000
14057,40.132265,0.050000
14058,42.459841,0.050000
14059,43.995403,0.050000
14060,42.164471,0.050000
14061,40.537054,0.050000
14062,37.883956,0.050000
14063,40.223929,0.050000
14064,41.244112,0.050000
14065,39.887839,0.050000
14066,41.186243,0.050000
14067,37.634211,0.050000
14068,40.511476,0.050000
14069,43.553855,0.050000
14070,39.368196,0.050000
14071,37.192068,0.050000
14072,45.151411,0.050000
14073,37.552264,0.050000
14074,42.116338,0.050000
14075,41.832622,0.050000
14076,41.220802,0.050000
14077,40.945813,0.050000
14078,40.636711,0.050000
14079,45.067820,0.050000
14080,44.391861,0.050000
14081,39.079304,0.050000
14082,39.111784,0.050000
14083,40.848598,0.050000
14084,41.912984,0.050000
14085,40.693155,0.050000
14086,36.637718,0.050000
14087,47.021420,0.050000
14088,38.791717,0.050000
14089,34.718471,0.050000
14090,38.462019,0.050000
14091,43.149387,0.050000
14092,42.028858,0.050000
14093,35.406653,0.050000
14094,35.380842,0.050000
14095,40.337661,0.050000
14096,42.697864,0.050000
14097,42.326979,0.050000
14098,39.146481,0.050000
14099,39.260016,0.050000
14100,41.562740,0.050000
14101,40.234119,0.050000
14102,40.263734,0.050000
14103,39.866601,0.050000
14104,44.842322,0.050000
14105,38.123681,0.050000
14106,41.235371,0.050000
14107,39.257401,0.050000
14108,42.723124,0.050000
14109,36.414746,0.050000
14110,39.047978,0.050000
14111,42.090064,0.050000
14112,42.812019,0.050000
14113,43.083101,0.050000
14114,38.798653,0.050000
14115,41.205500,0.050000
14116,39.748947,0.050000
14117,41.510914,0.050000
14118,42.087131,0.050000
14119,39.758017,0.050000
14120,38.959662,0.050000
14121,41.962032,0.050000
14122,40.603417,0.050000
14123,38.864626,0.050000
14124,40.878412,0.050000
14125,40.321972,0.050000
14126,41.021061,0.050000
14127,43.937943,0.050000
14128,40.178313,0.050000
14129,42.717707,0.050000
14130,41.610361,0.050000
14131,39.805117,0.050000
14132,38.624057,0.050000
14133,37.595035,0.050000
14134,39.892264,0.050000
14135,37.565874,0.050000
14136,36.508892,0.050000
14137,37.250658,0.050000
14138,42.226563,0.050000
14139,39.584666,0.050000
14140,37.855517,0.050000
14141,31.717558,0.050000
14142,34.737791,0.050000
14143,39.424951,0.050000
14144,35.751996,0.050000
14145,36.151595,0.050000
14146,41.581616,0.050000
14147,35.441998,0.050000
14148,37.455424,0.050000
14149,42.450402,0.050000
14150,39.822333,0.050000
14151,42.358826,0.050000
14152,38.894530,0.050000
14153,37.200727,0.050000
14154,37.875769,0.050000
14155,39.557665,0.050000
14156,39.323969,0.050000
14157,37.872043,0.050000
14158,39.499532,0.050000
14159,35.444279,0.050000
14160,42.117790,0.050000
14161,42.607023,0.050000
14162,41.009502,0.050000
14163,39.100110,0.050000
14164,40.398925,0.050000
14165,40.207133,0.050000
14166,34.930671,0.050000
14167,37.754848,0.050000
14168,33.299795,0.050000
14169,43.961393,0.050000
14170,36.469712,0.050000
14171,36.815192,0.050000
14172,43.435508,0.050000
14173,40.177629,0.050000
14174,37.565959,0.050000
14175,39.817877,0.050000
14176,40.376790,0.050000
14177,35.526444,0.050000
14178,44.556842,0.050000
14179,39.095664,0.050000
14180,36.676175,0.050000
14181,33.380636,0.050000
14182,35.766795,0.050000
14183,36.992963,0.050000
14184,41.860197,0.050000
14185,39.655168,0.050000
14186,37.801378,0.050000
14187,39.952095,0.050000
14188,36.229847,0.050000
14189,40.476225,0.050000
14190,34.227284,0.050000
14191,44.332703,0.050000
14192,33.580800,0.050000
14193,39.871230,0.050000
14194,37.552013,0.050000
14195,41.911668,0.050000
14196,42.294212,0.050000
14197,38.760071,0.050000
14198,36.229129,0.050000
14199,40.196137,0.050000
14200,38.805468,0.050000
14201,41.750794,0.050000
14202,39.209990,0.050000
14203,40.309870,0.050000
14204,43.207716,0.050000
14205,42.263679,0.050000
14206,40.902166,0.050000
14207,39.193666,0.050000
14208,38.644903,0.050000
14209,43.296093,0.050000
14210,41.518107,0.050000
14211,38.950335,0.050000
14212,41.952786,0.050000
14213,38.798067,0.050000
14214,38.626160,0.050000
14215,39.416011,0.050000
14216,37.822513,0.050000
14217,35.781642,0.050000
14218,40.903545,0.050000
14219,39.295609,0.050000
14220,40.089557,0.050000
14221,41.390951,0.050000
14222,34.574051,0.050000
14223,40.478690,0.050000
14224,40.957888,0.050000
14225,38.562967,0.050000
14226,42.070482,0.050000
14227,40.382691,0.050000
14228,41.118786,0.050000
14229,37.276593,0.050000
14230,42.166283,0.050000
14231,41.447312,0.050000
14232,36.814436,0.050000
14233,41.805613,0.050000
14234,42.375886,0.050000
14235,38.047990,0.050000
14236,39.964961,0.050000
14237,43.246879,0.050000
14238,41.993755,0.050000
14239,40.784354,0.050000
14240,39.372219,0.050000
14241,43.177712,0.050000
14242,39.022497,0.050000
14243,37.257844,0.050000
14244,39.075551,0.050000
14245,38.235740,0.050000
14246,35.726805,0.050000
14247,41.617223,0.050000
14248,39.163017,0.050000
14249,42.633504,0.050000
14250,40.399214,0.050000
14251,38.931741,0.050000
14252,40.719735,0.050000
14253,38.669946,0.050000
14254,40.339742,0.050000
14255,36.412485,0.050000
14256,41.875854,0.050000
14257,40.957979,0.050000
14258,43.062476,0.050000
14259,39.510386,0.050000
14260,36.522662,0.050000
14261,44.931924,0.050000
14262,39.159259,0.050000
14263,40.692959,0.050000
14264,40.863232,0.050000
14265,35.851113,0.050000
14266,40.691114,0.050000
14267,37.088859,0.050000
14268,41.368974,0.050000
14269,41.466433,0.050000
14270,39.953352,0.050000
14271,42.076786,0.050000
14272,42.283935,0.050000
14273,40.107118,0.050000
14274,40.565793,0.050000
14275,41.895012,0.050000
14276,38.187749,0.050000
14277,37.903929,0.050000
14278,35.868898,0.050000
14279,42.044438,0.050000
14280,40.383627,0.050000
14281,40.810376,0.050000
14282,40.386324,0.050000
14283,39.430212,0.050000
14284,40.658406,0.050000
14285,44.749112,0.050000
14286,38.729058,0.050000
14287,41.235526,0.050000
14288,43.577032,0.050000
14289,39.505519,0.050000
14290,43.712970,0.050000
14291,44.314112,0.050000
14292,42.754628,0.050000
14293,37.490825,0.050000
14294,38.267433,0.050000
14295,43.582464,0.050000
14296,43.973721,0.050000
14297,43.604666,0.050000
14298,38.559665,0.050000
14299,42.558404,0.050000
14300,40.948514,0.050000
14301,44.357831,0.050000
14302,35.986478,0.050000
14303,36.947657,0.050000
14304,42.232073,0.050000
14305,39.985531,0.050000
14306,41.934027,0.050000
14307,38.780216,0.050000
14308,34.423048,0.050000
14309,45.172868,0.050000
14310,35.676174,0.050000
14311,40.878544,0.050000
14312,40.452319,0.050000
14313,39.037280,0.050000
14314,39.718798,0.050000
14315,45.271057,0.050000
14316,40.172013,0.050000
14317,42.048021,0.050000
14318,35.372229,0.050000
14319,41.132997,0.050000
14320,44.216640,0.050000
14321,40.251274,0.050000
14322,39.385449,0.050000
14323,38.998865,0.050000
14324,42.462818,0.050000
14325,37.547067,0.050000
14326,43.518049,0.050000
14327,40.260970,0.050000
14328,40.600504,0.050000
14329,43.326306,0.050000
14330,41.280964,0.050000
14331,42.318472,0.050000
14332,41.657533,0.050000
14333,42.140316,0.050000
14334,38.321425,0.050000
14335,41.839387,0.050000
14336,43.866435,0.050000
14337,44.799142,0.050000
14338,27.676166,0.050000
14339,42.050061,0.050000
14340,40.585298,0.050000
14341,35.504407,0.050000
14342,37.350315,0.050000
14343,37.998089,0.050000
14344,39.409110,0.050000
14345,35.448549,0.050000
14346,44.277473,0.050000
14347,40.007367,0.050000
14348,39.964955,0.050000
14349,42.133762,0.050000
14350,44.479244,0.050000
14351,42.458152,0.050000
14352,42.182866,0.050000
14353,41.137057,0.050000
14354,40.879732,0.050000
14355,40.119292,0.050000
14356,38.120261,0.050000
14357,35.340909,0.050000
14358,35.396958,0.050000
14359,42.507700,0.050000
14360,37.839245,0.050000
14361,42.419071,0.050000
14362,43.098827,0.050000
14363,42.308040,0.050000
14364,41.370732,0.050000
14365,33.865568,0.050000
14366,40.270052,0.050000
14367,40.179223,0.050000
14368,43.736079,0.050000
14369,39.587377,0.050000
14370,39.134725,0.050000
14371,36.948020,0.050000
14372,42.383706,0.050000
14373,42.486538,0.050000
14374,42.098591,0.050000
14375,38.901563,0.050000
14376,39.956441,0.050000
14377,41.117311,0.050000
14378,37.511662,0.050000
14379,42.326871,0.050000
14380,39.996351,0.050000
14381,37.714078,0.050000
14382,37.473699,0.050000
14383,35.867037,0.050000
14384,39.511979,0.050000
14385,40.894088,0.050000
14386,44.091399,0.050000
14387,39.746148,0.050000
14388,41.620678,0.050000
14389,44.798219,0.050000
14390,42.946946,0.050000
14391,40.816427,0.050000
14392,34.210983,0.050000
14393,37.789287,0.050000
14394,40.280509,0.050000
14395,40.204812,0.050000
14396,37.292314,0.050000
14397,40.990015,0.050000
14398,40.090464,0.050000
14399,36.695326,0.050000
14400,38.762990,0.050000
14401,39.485379,0.050000
14402,42.500035,0.050000
14403,37.861746,0.050000
14404,39.786532,0.050000
14405,37.920213,0.050000
14406,38.720008,0.050000
14407,42.095846,0.050000
14408,37.893062,0.050000
14409,40.491762,0.050000
14410,38.826817,0.050000
14411,39.999097,0.050000
14412,41.450964,0.050000
14413,41.516106,0.050000
14414,41.316894,0.050000
14415,38.826727,0.050000
14416,43.845131,0.050000
14417,40.130516,0.050000
14418,43.693030,0.050000
14419,38.645744,0.050000
14420,40.867934,0.050000
14421,40.649886,0.050000
14422,39.879568,0.050000
14423,40.847788,0.050000
14424,43.073746,0.050000
14425,41.058606,0.050000
14426,43.717704,0.050000
14427,39.508545,0.050000
14428,37.962794,0.050000
14429,38.837260,0.050000
14430,38.006279,0.050000
14431,37.936875,0.050000
14432,38.095074,0.050000
14433,36.859095,0.050000
14434,39.629445,0.050000
14435,42.619264,0.050000
14436,40.023134,0.050000
14437,37.364549,0.050000
14438,38.146320,0.050000
14439,40.227569,0.050000
14440,38.844201,0.050000
14441,37.054744,0.050000
14442,40.829967,0.050000
14443,42.398910,0.050000
14444,38.539403,0.050000
14445,40.380902,0.050000
14446,39.690902,0.050000
14447,40.845692,0.050000
14448,41.824734,0.050000
14449,36.467529,0.050000
14450,40.948599,0.050000
14451,39.108425,0.050000
14452,36.002228,0.050000
14453,37.735678,0.050000
14454,45.168861,0.050000
14455,39.160128,0.050000
14456,40.626085,0.050000
14457,40.271736,0.050000
14458,39.885394,0.050000
14459,40.487048,0.050000
14460,37.339442,0.050000
14461,41.894746,0.050000
14462,39.796527,0.050000
14463,38.050773,0.050000
14464,37.482746,0.050000
14465,38.725394,0.050000
14466,40.277430,0.050000
14467,44.144010,0.050000
14468,40.334755,0.050000
14469,41.980710,0.050000
14470,42.767623,0.050000
14471,41.504972,0.050000
14472,42.232310,0.050000
14473,40.437147,0.050000
14474,37.938852,0.050000
14475,42.595436,0.050000
14476,43.039909,0.050000
14477,39.085747,0.050000
14478,37.638425,0.050000
14479,31.819543,0.050000
14480,37.633822,0.050000
14481,37.677916,0.050000
14482,38.142117,0.050000
14483,40.103533,0.050000
14484,34.547113,0.050000
14485,42.073429,0.050000
14486,39.734212,0.050000
14487,40.974889,0.050000
14488,39.849521,0.050000
14489,41.991527,0.050000
14490,35.425525,0.050000
14491,43.567334,0.050000
14492,36.492378,0.050000
14493,40.706583,0.050000
14494,39.896501,0.050000
14495,35.947917,0.050000
14496,41.715099,0.050000
14497,39.325643,0.050000
14498,41.235733,0.050000
14499,39.511663,0.050000
14500,37.855297,0.050000
14501,42.995828,0.050000
14502,42.294620,0.050000
14503,40.945880,0.050000
14504,41.607052,0.050000
14505,40.385525,0.050000
14506,43.946254,0.050000
14507,44.645105,0.050000
14508,39.479689,0.050000
14509,41.376961,0.050000
14510,41.027910,0.050000
14511,34.471249,0.050000
14512,37.111004,0.050000
14513,37.567569,0.050000
14514,40.844889,0.050000
14515,37.783909,0.050000
14516,42.536867,0.050000
14517,39.261496,0.050000
14518,44.188562,0.050000
14519,42.734463,0.050000
14520,42.796357,0.050000
14521,38.430060,0.050000
14522,39.599929,0.050000
14523,39.953505,0.050000
14524,38.380588,0.050000
14525,41.137378,0.050000
14526,39.205962,0.050000
14527,42.099927,0.050000
14528,39.059032,0.050000
14529,40.410402,0.050000
14530,42.914790,0.050000
14531,43.102223,0.050000
14532,42.360863,0.050000
14533,37.872286,0.050000
14534,39.230955,0.050000
14535,41.406075,0.050000
14536,40.932495,0.050000
14537,37.441898,0.050000
14538,34.630850,0.050000
14539,39.036705,0.050000
14540,44.679147,0.050000
14541,45.743329,0.050000
14542,37.646299,0.050000
14543,43.430811,0.050000
14544,37.416974,0.050000
14545,46.140761,0.050000
14546,41.936623,0.050000
14547,39.370032,0.050000
14548,37.987482,0.050000
14549,39.545679,0.050000
14550,42.817709,0.050000
14551,39.802117,0.050000
14552,44.387047,0.050000
14553,38.338056,0.050000
14554,41.289708,0.050000
14555,44.332204,0.050000
14556,39.738269,0.050000
14557,40.549722,0.050000
14558,43.474739,0.050000
14559,37.869992,0.050000
14560,42.095970,0.050000
14561,40.717789,0.050000
14562,43.125789,0.050000
14563,40.370801,0.050000
14564,38.026935,0.050000
14565,35.641430,0.050000
14566,38.580897,0.050000
14567,40.145213,0.050000
14568,37.328542,0.050000
14569,42.217809,0.050000
14570,40.017759,0.050000
14571,40.493101,0.050000
14572,36.127487,0.050000
14573,39.716902,0.050000
14574,40.212710,0.050000
14575,41.748237,0.050000
14576,40.650472,0.050000
14577,39.233046,0.050000
14578,41.672580,0.050000
14579,43.901891,0.050000
14580,42.841103,0.050000
14581,36.944717,0.050000
14582,34.608196,0.050000
14583,40.678988,0.050000
14584,40.190004,0.050000
14585,42.912948,0.050000
14586,38.896202,0.050000
14587,40.140659,0.050000
14588,39.473164,0.050000
14589,39.294640,0.050000
14590,41.988244,0.050000
14591,39.571880,0.050000
14592,37.937965,0.050000
14593,41.401036,0.050000
14594,40.775359,0.050000
14595,41.318844,0.050000
14596,40.443471,0.050000
14597,38.243957,0.050000
14598,44.329775,0.050000
14599,40.192699,0.050000
14600,38.374988,0.050000
14601,41.201944,0.050000
14602,42.292110,0.050000
14603,39.915802,0.050000
14604,44.333372,0.050000
14605,38.978023,0.050000
14606,39.986636,0.050000
14607,40.928540,0.050000
14608,43.797094,0.050000
14609,43.018794,0.050000
14610,41.313364,0.050000
14611,39.089547,0.050000
14612,34.666554,0.050000
14613,39.631188,0.050000
14614,38.387605,0.050000
14615,42.153901,0.050000
14616,39.965112,0.050000
14617,41.238916,0.050000
14618,41.854184,0.050000
14619,41.472017,0.050000
14620,46.457484,0.050000
14621,40.312370,0.050000
14622,42.906980,0.050000
14623,42.495336,0.050000
14624,40.298593,0.050000
14625,40.883411,0.050000
14626,39.318303,0.050000
14627,42.098452,0.050000
14628,39.357837,0.050000
14629,38.239950,0.050000
14630,40.218290,0.050000
14631,42.498924,0.050000
14632,41.537729,0.050000
14633,38.847494,0.050000
14634,40.849346,0.050000
14635,45.076787,0.050000
14636,41.629639,0.050000
14637,36.178974,0.050000
14638,39.361819,0.050000
14639,41.501203,0.050000
14640,40.807973,0.050000
14641,40.296416,0.050000
14642,42.586242,0.050000
14643,42.313523,0.050000
14644,39.154097,0.050000
14645,38.412836,0.050000
14646,44.658161,0.050000
14647,40.057727,0.050000
14648,41.338045,0.050000
14649,42.239486,0.050000
14650,42.311458,0.050000
14651,38.913828,0.050000
14652,41.273571,0.050000
14653,40.617592,0.050000
14654,41.126902,0.050000
14655,40.039212,0.050000
14656,34.874437,0.050000
14657,42.174444,0.050000
14658,41.721366,0.050000
14659,37.071052,0.050000
14660,36.717798,0.050000
14661,42.681618,0.050000
14662,42.679554,0.050000
14663,42.570406,0.050000
14664,42.295743,0.050000
14665,42.637316,0.050000
14666,43.211189,0.050000
14667,44.540595,0.050000
14668,42.551056,0.050000
14669,43.090666,0.050000
14670,44.205014,0.050000
14671,41.845273,0.050000
14672,41.006081,0.050000
14673,42.837904,0.050000
14674,39.822492,0.050000
14675,38.307684,0.050000
14676,41.142288,0.050000
14677,44.436315,0.050000
14678,41.974427,0.050000
14679,42.347843,0.050000
14680,38.619494,0.050000
14681,42.003427,0.050000
14682,43.563871,0.050000
14683,40.008512,0.050000
14684,38.823461,0.050000
14685,37.449431,0.050000
14686,41.426584,0.050000
14687,41.895287,0.050000
14688,36.773462,0.050000
14689,38.571105,0.050000
14690,38.998151,0.050000
14691,40.115106,0.050000
14692,43.386817,0.050000
14693,40.079120,0.050000
14694,45.195954,0.050000
14695,37.080803,0.050000
14696,40.719047,0.050000
14697,40.638324,0.050000
14698,41.585231,0.050000
14699,42.773919,0.050000
14700,40.082995,0.050000
14701,42.906776,0.050000
14702,41.811152,0.050000
14703,42.552750,0.050000
14704,42.408007,0.050000
14705,43.688311,0.050000
14706,38.347069,0.050000
14707,42.367061,0.050000
14708,43.017702,0.050000
14709,40.254101,0.050000
14710,39.957106,0.050000
14711,43.263748,0.050000
14712,41.102087,0.050000
14713,39.447134,0.050000
14714,40.766745,0.050000
14715,41.214645,0.050000
14716,44.384029,0.050000
14717,43.041408,0.050000
14718,41.965114,0.050000
14719,42.706019,0.050000
14720,43.825480,0.050000
14721,38.314157,0.050000
14722,41.680057,0.050000
14723,41.808399,0.050000
14724,39.383536,0.050000
14725,40.094064,0.050000
14726,38.009577,0.050000
14727,41.549509,0.050000
14728,39.220884,0.050000
14729,41.524752,0.050000
14730,39.818695,0.050000
14731,45.172396,0.050000
14732,38.977850,0.050000
14733,37.628470,0.050000
14734,38.779322,0.050000
14735,39.057733,0.050000
14736,40.756153,0.050000
14737,40.476379,0.050000
14738,43.393677,0.050000
14739,42.670047,0.050000
14740,41.612639,0.050000
14741,42.062695,0.050000
14742,41.774122,0.050000
14743,41.632235,0.050000
14744,41.954675,0.050000
14745,44.088806,0.050000
14746,43.358429,0.050000
14747,42.313686,0.050000
14748,43.348444,0.050000
14749,43.260162,0.050000
14750,37.379923,0.050000
14751,43.932676,0.050000
14752,39.284655,0.050000
14753,40.786285,0.050000
14754,41.822286,0.050000
14755,42.365498,0.050000
14756,41.863930,0.050000
14757,41.127649,0.050000
14758,38.354949,0.050000
14759,41.244998,0.050000
14760,39.394526,0.050000
14761,44.581822,0.050000
14762,40.907947,0.050000
14763,40.999629,0.050000
14764,40.995325,0.050000
14765,36.449854,0.050000
14766,34.615197,0.050000
14767,40.717018,0.050000
14768,39.718471,0.050000
14769,36.966016,0.050000
14770,43.739579,0.050000
14771,43.705618,0.050000
14772,43.101445,0.050000
14773,41.934758,0.050000
14774,38.968496,0.050000
14775,39.286209,0.050000
14776,42.718208,0.050000
14777,39.795396,0.050000
14778,36.539962,0.050000
14779,43.024679,0.050000
14780,39.849350,0.050000
14781,44.683236,0.050000
14782,43.599549,0.050000
14783,38.046863,0.050000
14784,37.659243,0.050000
14785,47.204381,0.050000
14786,43.882177,0.050000
14787,42.394436,0.050000
14788,39.000395,0.050000
14789,42.192159,0.050000
14790,42.737203,0.050000
14791,41.285146,0.050000
14792,40.023356,0.050000
14793,41.581525,0.050000
14794,37.706868,0.050000
14795,39.706946,0.050000
14796,41.172141,0.050000
14797,35.686064,0.050000
14798,38.528879,0.050000
14799,37.781191,0.050000
14800,37.382307,0.050000
14801,43.699228,0.050000
14802,42.866353,0.050000
14803,39.362063,0.050000
14804,41.927122,0.050000
14805,38.574049,0.050000
14806,41.803342,0.050000
14807,39.250226,0.050000
14808,41.008290,0.050000
14809,39.958286,0.050000
14810,40.028511,0.050000
14811,43.425100,0.050000
14812,41.346438,0.050000
14813,41.841273,0.050000
14814,39.977834,0.050000
14815,41.041333,0.050000
14816,38.532133,0.050000
14817,40.214157,0.050000
14818,42.551540,0.050000
14819,43.267194,0.050000
14820,40.826074,0.050000
14821,45.224737,0.050000
14822,39.271815,0.050000
14823,42.375360,0.050000
14824,36.360499,0.050000
14825,42.119168,0.050000
14826,44.229255,0.050000
14827,42.376515,0.050000
14828,43.117994,0.050000
14829,36.622256,0.050000
14830,36.917640,0.050000
14831,42.138156,0.050000
14832,33.958625,0.050000
14833,40.557672,0.050000
14834,43.481973,0.050000
14835,41.952680,0.050000
14836,41.514474,0.050000
14837,39.998729,0.050000
14838,47.433675,0.050000
14839,38.434376,0.050000
14840,41.177528,0.050000
14841,45.912410,0.050000
14842,36.513946,0.050000
14843,38.435918,0.050000
14844,43.352280,0.050000
14845,43.064057,0.050000
14846,38.541626,0.050000
14847,38.838902,0.050000
14848,42.719626,0.050000
14849,39.254835,0.050000
14850,41.829237,0.050000
14851,39.913879,0.050000
14852,39.492151,0.050000
14853,43.355490,0.050000
14854,36.998013,0.050000
14855,35.784728,0.050000
14856,36.333966,0.050000
14857,36.697998,0.050000
14858,37.189868,0.050000
14859,39.427081,0.050000
14860,42.514709,0.050000
14861,38.943495,0.050000
14862,40.414490,0.050000
14863,43.328834,0.050000
14864,33.438859,0.050000
14865,39.174376,0.050000
14866,38.358958,0.050000
14867,43.523875,0.050000
14868,43.222597,0.050000
14869,42.715118,0.050000
14870,40.248000,0.050000
14871,40.653318,0.050000
14872,43.149780,0.050000
14873,41.874425,0.050000
14874,40.512780,0.050000
14875,40.810840,0.050000
14876,42.695075,0.050000
14877,41.109436,0.050000
14878,39.680796,0.050000
14879,37.817781,0.050000
14880,41.617139,0.050000
14881,40.315507,0.050000
14882,35.325714,0.050000
14883,44.756313,0.050000
14884,40.404228,0.050000
14885,41.454629,0.050000
14886,40.878056,0.050000
14887,39.155619,0.050000
14888,35.692108,0.050000
14889,39.060848,0.050000
14890,42.752755,0.050000
14891,42.753165,0.050000
14892,42.028430,0.050000
14893,38.276278,0.050000
14894,38.044598,0.050000
14895,36.957100,0.050000
14896,39.981291,0.050000
14897,39.328968,0.050000
14898,38.494608,0.050000
14899,41.130518,0.050000
14900,41.696363,0.050000
14901,42.765706,0.050000
14902,40.854766,0.050000
14903,40.218951,0.050000
14904,37.575041,0.050000
14905,38.181067,0.050000
14906,39.557374,0.050000
14907,41.711008,0.050000
14908,42.739828,0.050000
14909,41.440612,0.050000
14910,40.294195,0.050000
14911,43.242112,0.050000
14912,34.190779,0.050000
14913,38.648916,0.050000
14914,41.053445,0.050000
14915,43.015097,0.050000
14916,41.122366,0.050000
14917,41.519027,0.050000
14918,40.538935,0.050000
14919,39.973849,0.050000
14920,40.702277,0.050000
14921,41.303592,0.050000
14922,40.869474,0.050000
14923,40.185496,0.050000
14924,39.002188,0.050000
14925,36.498092,0.050000
14926,38.796838,0.050000
14927,41.954475,0.050000
14928,42.742647,0.050000
14929,33.617588,0.050000
14930,43.667908,0.050000
14931,38.109568,0.050000
14932,39.632985,0.050000
14933,43.491008,0.050000
14934,38.535686,0.050000
14935,38.896584,0.050000
14936,36.287942,0.050000
14937,41.124669,0.050000
14938,35.969020,0.050000
14939,43.375806,0.050000
14940,38.062143,0.050000
14941,35.660401,0.050000
14942,41.702185,0.050000
14943,40.583898,0.050000
14944,39.771823,0.050000
14945,41.022281,0.050000
14946,37.622324,0.050000
14947,42.714204,0.050000
14948,39.296213,0.050000
14949,40.383918,0.050000
14950,40.464749,0.050000
14951,41.464706,0.050000
14952,42.706997,0.050000
14953,41.276521,0.050000
14954,42.878972,0.050000
14955,37.503320,0.050000
14956,39.974376,0.050000
14957,42.714655,0.050000
14958,36.376573,0.050000
14959,40.371809,0.050000
14960,40.154249,0.050000
14961,41.285738,0.050000
14962,42.496209,0.050000
14963,43.588116,0.050000
14964,43.208846,0.050000
14965,42.175256,0.050000
14966,41.906247,0.050000
14967,40.673509,0.050000
14968,40.792440,0.050000
14969,32.896542,0.050000
14970,36.639623,0.050000
14971,38.036412,0.050000
14972,35.206913,0.050000
14973,38.476216,0.050000
14974,43.384786,0.050000
14975,41.416047,0.050000
14976,42.281375,0.050000
14977,38.553870,0.050000
14978,40.184024,0.050000
14979,35.971338,0.050000
14980,35.032028,0.050000
14981,40.561304,0.050000
14982,42.518838,0.050000
14983,36.807834,0.050000
14984,37.830120,0.050000
14985,38.221344,0.050000
14986,40.744512,0.050000
14987,42.036902,0.050000
14988,34.606582,0.050000
14989,34.875852,0.050000
14990,33.633370,0.050000
14991,36.011588,0.050000
14992,36.663040,0.050000
14993,38.307325,0.050000
14994,36.733158,0.050000
14995,40.841994,0.050000
14996,39.717304,0.050000
14997,34.716285,0.050000
14998,38.983251,0.050000
14999,33.554593,0.050000
15000,35.681741,0.050000
