episode,avg_reward,noise_std
1,-5.367119,0.298800
2,10.588522,0.297605
3,6.112607,0.296414
4,7.153166,0.295229
5,4.670577,0.294048
6,17.372188,0.292872
7,8.111539,0.291700
8,6.909186,0.290533
9,-2.123795,0.289371
10,1.876435,0.288214
11,2.872429,0.287061
12,2.335398,0.285913
13,11.960251,0.284769
14,9.649630,0.283630
15,6.043733,0.282495
16,1.643400,0.281365
17,6.003461,0.280240
18,1.608570,0.279119
19,-0.931309,0.278002
20,4.214635,0.276890
21,7.918083,0.275783
22,6.557473,0.274680
23,4.307851,0.273581
24,1.240617,0.272487
25,8.557781,0.271397
26,4.816680,0.270311
27,-0.708848,0.269230
28,2.635639,0.268153
29,6.789353,0.267080
30,3.331018,0.266012
31,9.437544,0.264948
32,2.455692,0.263888
33,8.049091,0.262833
34,0.855650,0.261781
35,3.756598,0.260734
36,8.146969,0.259691
37,4.539953,0.258653
38,0.826365,0.257618
39,12.922637,0.256587
40,-1.092192,0.255561
41,-1.228950,0.254539
42,4.177716,0.253521
43,-0.169788,0.252507
44,-0.103952,0.251497
45,8.443686,0.250491
46,3.006130,0.249489
47,10.997369,0.248491
48,15.380675,0.247497
49,6.666704,0.246507
50,1.678131,0.245521
51,14.480600,0.244539
52,3.654659,0.243560
53,4.282076,0.242586
54,9.709698,0.241616
55,6.318100,0.240649
56,8.097322,0.239687
57,4.104533,0.238728
58,5.439421,0.237773
59,11.129292,0.236822
60,6.475129,0.235875
61,10.806832,0.234931
62,4.501618,0.233992
63,6.182471,0.233056
64,11.589289,0.232123
65,3.577456,0.231195
66,6.538258,0.230270
67,0.809924,0.229349
68,14.515570,0.228432
69,11.140668,0.227518
70,1.894068,0.226608
71,11.005338,0.225701
72,13.549786,0.224799
73,5.950947,0.223899
74,6.863049,0.223004
75,10.077692,0.222112
76,4.096710,0.221223
77,2.866887,0.220338
78,29.409267,0.219457
79,3.488685,0.218579
80,8.662700,0.217705
81,7.063721,0.216834
82,15.372788,0.215967
83,8.002578,0.215103
84,5.880469,0.214243
85,5.409716,0.213386
86,7.662370,0.212532
87,6.899403,0.211682
88,4.900826,0.210835
89,11.646635,0.209992
90,-0.690054,0.209152
91,1.721089,0.208315
92,3.883684,0.207482
93,10.469222,0.206652
94,9.209550,0.205825
95,1.845250,0.205002
96,4.365205,0.204182
97,19.545199,0.203365
98,1.324702,0.202552
99,9.389984,0.201742
100,6.218731,0.200935
101,5.505876,0.200131
102,10.509947,0.199331
103,4.721059,0.198533
104,9.244158,0.197739
105,12.495141,0.196948
106,10.367938,0.196160
107,14.643110,0.195376
108,3.093249,0.194594
109,-0.344392,0.193816
110,12.355409,0.193041
111,12.273261,0.192268
112,5.686801,0.191499
113,8.724925,0.190733
114,-0.170065,0.189970
115,7.832860,0.189210
116,1.410545,0.188454
117,4.178825,0.187700
118,5.193540,0.186949
119,18.705379,0.186201
120,10.435170,0.185456
121,10.177584,0.184715
122,4.093985,0.183976
123,1.859100,0.183240
124,9.516500,0.182507
125,5.824770,0.181777
126,6.330567,0.181050
127,4.101011,0.180326
128,16.148982,0.179604
129,5.793891,0.178886
130,1.654096,0.178170
131,11.136347,0.177458
132,10.872146,0.176748
133,10.570881,0.176041
134,7.063491,0.175337
135,12.238203,0.174635
136,7.540119,0.173937
137,10.209140,0.173241
138,0.805131,0.172548
139,9.603639,0.171858
140,7.966833,0.171170
141,16.679166,0.170486
142,0.341455,0.169804
143,8.237022,0.169125
144,11.439307,0.168448
145,11.290446,0.167774
146,7.691869,0.167103
147,11.774358,0.166435
148,2.129084,0.165769
149,3.014120,0.165106
150,0.335288,0.164446
151,3.382253,0.163788
152,9.511789,0.163133
153,15.294169,0.162480
154,14.669326,0.161830
155,15.435657,0.161183
156,7.061184,0.160538
157,8.534779,0.159896
158,12.520881,0.159256
159,11.990925,0.158619
160,13.873666,0.157985
161,6.264904,0.157353
162,2.267216,0.156723
163,8.548346,0.156097
164,13.713193,0.155472
165,1.605378,0.154850
166,15.195439,0.154231
167,8.388163,0.153614
168,5.173761,0.153000
169,5.272828,0.152388
170,12.605269,0.151778
171,8.391666,0.151171
172,2.165748,0.150566
173,7.818334,0.149964
174,10.509239,0.149364
175,8.585639,0.148767
176,8.815391,0.148172
177,14.703800,0.147579
178,10.082303,0.146989
179,5.847689,0.146401
180,2.519613,0.145815
181,5.739537,0.145232
182,10.232503,0.144651
183,7.111323,0.144072
184,14.175854,0.143496
185,6.393968,0.142922
186,8.990784,0.142350
187,3.067328,0.141781
188,2.836687,0.141214
189,9.056886,0.140649
190,2.816295,0.140086
191,4.053129,0.139526
192,3.106821,0.138968
193,9.282781,0.138412
194,3.264114,0.137858
195,7.741860,0.137307
196,2.123734,0.136758
197,7.325968,0.136211
198,2.699297,0.135666
199,2.110845,0.135123
200,-0.012214,0.134583
201,2.190814,0.134044
202,0.336125,0.133508
203,13.269071,0.132974
204,4.288248,0.132442
205,2.990001,0.131912
206,1.804189,0.131385
207,-0.491328,0.130859
208,0.602153,0.130336
209,1.461624,0.129814
210,0.960564,0.129295
211,0.052274,0.128778
212,11.663791,0.128263
213,8.334574,0.127750
214,7.903250,0.127239
215,2.354148,0.126730
216,13.762847,0.126223
217,9.831896,0.125718
218,14.254859,0.125215
219,11.192094,0.124714
220,5.112519,0.124215
221,4.688639,0.123719
222,13.644374,0.123224
223,10.240961,0.122731
224,5.599069,0.122240
225,4.840027,0.121751
226,1.977889,0.121264
227,9.360124,0.120779
228,5.246419,0.120296
229,13.591547,0.119815
230,7.016025,0.119335
231,8.984753,0.118858
232,7.998328,0.118383
233,3.132898,0.117909
234,3.641271,0.117437
235,7.227678,0.116968
236,18.335741,0.116500
237,2.554750,0.116034
238,11.818192,0.115570
239,2.266678,0.115107
240,6.696880,0.114647
241,15.694003,0.114188
242,12.761718,0.113732
243,11.176042,0.113277
244,5.397342,0.112824
245,3.707320,0.112372
246,10.308103,0.111923
247,1.614734,0.111475
248,1.211605,0.111029
249,11.555821,0.110585
250,1.251472,0.110143
251,3.555672,0.109702
252,7.027827,0.109263
253,9.788631,0.108826
254,3.973298,0.108391
255,4.497267,0.107957
256,6.459486,0.107526
257,8.947664,0.107096
258,6.936537,0.106667
259,9.684374,0.106240
260,12.641821,0.105815
261,8.019361,0.105392
262,3.166359,0.104971
263,3.530450,0.104551
264,8.545854,0.104133
265,0.816701,0.103716
266,13.926141,0.103301
267,4.582766,0.102888
268,4.658168,0.102476
269,13.300259,0.102067
270,9.929083,0.101658
271,9.718784,0.101252
272,7.468361,0.100847
273,4.334475,0.100443
274,13.835090,0.100041
275,14.268577,0.099641
276,-2.001101,0.099243
277,8.515360,0.098846
278,10.998711,0.098450
279,13.553466,0.098057
280,3.141740,0.097664
281,5.606711,0.097274
282,15.809747,0.096885
283,10.362050,0.096497
284,8.850069,0.096111
285,2.523122,0.095727
286,8.859679,0.095344
287,10.268015,0.094962
288,5.014928,0.094582
289,0.866029,0.094204
290,3.460687,0.093827
291,21.037021,0.093452
292,3.408620,0.093078
293,5.814592,0.092706
294,4.368871,0.092335
295,7.812767,0.091966
296,2.561830,0.091598
297,3.987553,0.091231
298,8.605313,0.090867
299,11.438324,0.090503
300,5.060529,0.090141
301,8.350994,0.089781
302,4.198783,0.089421
303,15.258670,0.089064
304,11.151678,0.088707
305,5.034805,0.088353
306,9.880050,0.087999
307,10.287504,0.087647
308,12.017807,0.087297
309,5.407252,0.086947
310,11.188372,0.086600
311,4.118436,0.086253
312,10.022604,0.085908
313,5.036215,0.085565
314,16.969443,0.085222
315,7.796559,0.084881
316,11.183503,0.084542
317,3.552566,0.084204
318,11.087454,0.083867
319,22.880505,0.083531
320,3.159364,0.083197
321,1.457891,0.082865
322,4.621809,0.082533
323,6.530459,0.082203
324,8.097051,0.081874
325,5.845841,0.081547
326,3.196293,0.081220
327,11.562676,0.080896
328,9.882488,0.080572
329,5.338923,0.080250
330,1.912474,0.079929
331,6.067690,0.079609
332,15.586661,0.079291
333,15.808712,0.078973
334,3.806090,0.078658
335,17.161965,0.078343
336,8.191596,0.078030
337,1.438253,0.077717
338,2.936113,0.077407
339,12.115540,0.077097
340,2.665962,0.076789
341,6.832981,0.076481
342,-1.398968,0.076175
343,10.321732,0.075871
344,12.138981,0.075567
345,9.124943,0.075265
346,4.991152,0.074964
347,4.614730,0.074664
348,14.685945,0.074365
349,2.248642,0.074068
350,5.292057,0.073772
351,7.370842,0.073477
352,7.732721,0.073183
353,10.143647,0.072890
354,13.225226,0.072598
355,4.000066,0.072308
356,8.269953,0.072019
357,6.285527,0.071731
358,21.402456,0.071444
359,13.470440,0.071158
360,-2.683586,0.070873
361,6.812685,0.070590
362,11.295527,0.070308
363,7.734221,0.070026
364,10.930222,0.069746
365,17.046930,0.069467
366,5.259271,0.069189
367,2.144070,0.068913
368,14.254770,0.068637
369,9.973539,0.068362
370,13.487434,0.068089
371,11.312083,0.067817
372,4.384582,0.067545
373,23.252396,0.067275
374,20.569981,0.067006
375,4.440746,0.066738
376,8.217056,0.066471
377,8.210668,0.066205
378,20.563590,0.065940
379,2.547240,0.065677
380,6.105565,0.065414
381,-0.535774,0.065152
382,15.963324,0.064892
383,0.423395,0.064632
384,9.325516,0.064374
385,2.211806,0.064116
386,12.257333,0.063860
387,14.479501,0.063604
388,9.953489,0.063350
389,5.904845,0.063096
390,1.632369,0.062844
391,0.523895,0.062593
392,6.888052,0.062342
393,6.517955,0.062093
394,5.513992,0.061844
395,7.322436,0.061597
396,6.009987,0.061351
397,4.992886,0.061105
398,7.036361,0.060861
399,7.455801,0.060617
400,0.943808,0.060375
401,5.721010,0.060133
402,0.065601,0.059893
403,8.541479,0.059653
404,9.983268,0.059415
405,7.669731,0.059177
406,8.069757,0.058940
407,6.574732,0.058705
408,15.701680,0.058470
409,4.276977,0.058236
410,11.381426,0.058003
411,14.582472,0.057771
412,4.616653,0.057540
413,17.114200,0.057310
414,9.946071,0.057080
415,5.330184,0.056852
416,3.018429,0.056625
417,14.223974,0.056398
418,2.724153,0.056173
419,3.711584,0.055948
420,1.942949,0.055724
421,5.085197,0.055501
422,15.130616,0.055279
423,10.528851,0.055058
424,5.679021,0.054838
425,14.713516,0.054619
426,21.512541,0.054400
427,10.967955,0.054182
428,6.701113,0.053966
429,1.136995,0.053750
430,13.179560,0.053535
431,1.967239,0.053321
432,5.008922,0.053107
433,7.030250,0.052895
434,9.902940,0.052683
435,2.401153,0.052473
436,10.206315,0.052263
437,4.609584,0.052054
438,24.653513,0.051846
439,18.234341,0.051638
440,7.935552,0.051432
441,5.024603,0.051226
442,11.443527,0.051021
443,6.004462,0.050817
444,4.155243,0.050614
445,9.022268,0.050411
446,6.295453,0.050210
447,7.908331,0.050009
448,9.962693,0.050000
449,3.472408,0.050000
450,7.503718,0.050000
451,15.261344,0.050000
452,1.843160,0.050000
453,2.773574,0.050000
454,9.686144,0.050000
455,5.742294,0.050000
456,7.899473,0.050000
457,6.895131,0.050000
458,-1.656941,0.050000
459,3.843049,0.050000
460,5.390209,0.050000
461,5.053337,0.050000
462,12.859073,0.050000
463,6.848126,0.050000
464,4.836105,0.050000
465,8.240857,0.050000
466,1.782251,0.050000
467,7.206607,0.050000
468,9.741947,0.050000
469,1.199187,0.050000
470,8.400813,0.050000
471,0.083518,0.050000
472,6.087641,0.050000
473,9.498548,0.050000
474,3.689765,0.050000
475,8.283598,0.050000
476,4.735118,0.050000
477,5.729156,0.050000
478,8.330569,0.050000
479,-0.527033,0.050000
480,7.641935,0.050000
481,8.382960,0.050000
482,3.054937,0.050000
483,4.764758,0.050000
484,12.381889,0.050000
485,18.781758,0.050000
486,10.438821,0.050000
487,5.852745,0.050000
488,9.244632,0.050000
489,8.072062,0.050000
490,7.333043,0.050000
491,9.408595,0.050000
492,-1.091555,0.050000
493,4.472888,0.050000
494,9.233612,0.050000
495,3.330134,0.050000
496,10.117889,0.050000
497,14.093145,0.050000
498,7.181872,0.050000
499,4.848628,0.050000
500,1.748473,0.050000
501,3.801039,0.050000
502,9.244134,0.050000
503,4.041268,0.050000
504,10.922385,0.050000
505,11.577644,0.050000
506,11.684270,0.050000
507,7.533798,0.050000
508,4.258766,0.050000
509,3.677244,0.050000
510,3.231564,0.050000
511,17.395502,0.050000
512,13.938769,0.050000
513,4.524405,0.050000
514,11.525294,0.050000
515,14.242668,0.050000
516,5.585048,0.050000
517,6.996227,0.050000
518,9.218359,0.050000
519,26.627110,0.050000
520,2.889955,0.050000
521,17.091869,0.050000
522,-0.849360,0.050000
523,5.067961,0.050000
524,14.798227,0.050000
525,4.893322,0.050000
526,3.292275,0.050000
527,16.092794,0.050000
528,9.692563,0.050000
529,12.046765,0.050000
530,7.055431,0.050000
531,6.847768,0.050000
532,3.265857,0.050000
533,5.762435,0.050000
534,3.555688,0.050000
535,9.145498,0.050000
536,17.014242,0.050000
537,7.246644,0.050000
538,3.399669,0.050000
539,11.181987,0.050000
540,11.635864,0.050000
541,8.060981,0.050000
542,11.776578,0.050000
543,8.732159,0.050000
544,4.896614,0.050000
545,10.796985,0.050000
546,7.180976,0.050000
547,3.055388,0.050000
548,6.991949,0.050000
549,5.295480,0.050000
550,2.126650,0.050000
551,11.560503,0.050000
552,7.320246,0.050000
553,7.174826,0.050000
554,6.618301,0.050000
555,2.558605,0.050000
556,0.929104,0.050000
557,7.949932,0.050000
558,9.826614,0.050000
559,11.093820,0.050000
560,12.089863,0.050000
561,10.340728,0.050000
562,5.798741,0.050000
563,7.323949,0.050000
564,7.294250,0.050000
565,6.726745,0.050000
566,7.725532,0.050000
567,8.338443,0.050000
568,14.296455,0.050000
569,2.827044,0.050000
570,8.357077,0.050000
571,12.493240,0.050000
572,2.506898,0.050000
573,7.328545,0.050000
574,9.309970,0.050000
575,12.589885,0.050000
576,7.581594,0.050000
577,11.558137,0.050000
578,6.391210,0.050000
579,-0.080181,0.050000
580,4.080051,0.050000
581,1.000858,0.050000
582,24.711238,0.050000
583,1.297414,0.050000
584,-0.767541,0.050000
585,-1.208226,0.050000
586,13.645535,0.050000
587,15.527743,0.050000
588,3.466554,0.050000
589,2.774748,0.050000
590,6.549168,0.050000
591,3.117888,0.050000
592,9.752021,0.050000
593,5.120028,0.050000
594,2.748424,0.050000
595,2.843059,0.050000
596,5.301690,0.050000
597,7.576156,0.050000
598,14.276066,0.050000
599,5.608403,0.050000
600,15.656816,0.050000
601,3.506514,0.050000
602,3.053883,0.050000
603,7.789740,0.050000
604,12.358154,0.050000
605,9.316174,0.050000
606,1.169017,0.050000
607,11.246465,0.050000
608,13.552303,0.050000
609,9.605012,0.050000
610,-0.653570,0.050000
611,3.799005,0.050000
612,-2.390405,0.050000
613,4.162414,0.050000
614,9.847915,0.050000
615,4.510884,0.050000
616,12.159119,0.050000
617,4.775201,0.050000
618,7.886723,0.050000
619,7.526926,0.050000
620,1.083092,0.050000
621,3.990840,0.050000
622,6.495271,0.050000
623,5.408080,0.050000
624,4.178009,0.050000
625,6.973411,0.050000
626,8.291013,0.050000
627,4.375825,0.050000
628,1.444359,0.050000
629,5.613050,0.050000
630,1.368789,0.050000
631,2.187036,0.050000
632,13.421840,0.050000
633,5.033058,0.050000
634,14.092628,0.050000
635,5.959158,0.050000
636,9.700366,0.050000
637,7.604419,0.050000
638,7.998625,0.050000
639,1.240412,0.050000
640,2.450435,0.050000
641,-0.126283,0.050000
642,12.869681,0.050000
643,13.728711,0.050000
644,10.463909,0.050000
645,1.593038,0.050000
646,15.772122,0.050000
647,7.590457,0.050000
648,6.342456,0.050000
649,11.603860,0.050000
650,12.829947,0.050000
651,16.178312,0.050000
652,9.789971,0.050000
653,6.533389,0.050000
654,10.779628,0.050000
655,16.291653,0.050000
656,2.847754,0.050000
657,11.815714,0.050000
658,7.651615,0.050000
659,12.245699,0.050000
660,12.721717,0.050000
661,16.630223,0.050000
662,0.227700,0.050000
663,9.486867,0.050000
664,6.634025,0.050000
665,7.789026,0.050000
666,6.969179,0.050000
667,8.948809,0.050000
668,6.414440,0.050000
669,5.161796,0.050000
670,2.576598,0.050000
671,11.731046,0.050000
672,9.828251,0.050000
673,5.149925,0.050000
674,4.651453,0.050000
675,4.696996,0.050000
676,8.001963,0.050000
677,-0.711850,0.050000
678,1.208492,0.050000
679,4.693895,0.050000
680,23.741397,0.050000
681,10.958354,0.050000
682,3.623673,0.050000
683,4.422701,0.050000
684,8.917232,0.050000
685,8.394588,0.050000
686,15.234951,0.050000
687,14.406504,0.050000
688,8.980547,0.050000
689,12.689621,0.050000
690,2.789754,0.050000
691,1.916805,0.050000
692,11.146582,0.050000
693,11.363470,0.050000
694,5.397061,0.050000
695,1.401995,0.050000
696,14.473027,0.050000
697,6.626567,0.050000
698,15.642071,0.050000
699,8.528483,0.050000
700,11.587160,0.050000
701,12.118966,0.050000
702,27.269402,0.050000
703,6.712492,0.050000
704,4.285326,0.050000
705,12.660247,0.050000
706,13.304083,0.050000
707,3.946889,0.050000
708,0.846606,0.050000
709,11.737061,0.050000
710,7.882207,0.050000
711,4.909082,0.050000
712,18.980419,0.050000
713,5.937230,0.050000
714,8.644207,0.050000
715,18.370095,0.050000
716,13.584785,0.050000
717,10.717822,0.050000
718,12.303208,0.050000
719,11.307710,0.050000
720,2.477720,0.050000
721,4.046335,0.050000
722,7.343355,0.050000
723,18.205077,0.050000
724,5.416613,0.050000
725,15.976476,0.050000
726,5.364246,0.050000
727,16.075441,0.050000
728,1.541676,0.050000
729,8.585303,0.050000
730,3.411132,0.050000
731,10.419425,0.050000
732,5.187954,0.050000
733,12.722665,0.050000
734,10.766477,0.050000
735,5.437701,0.050000
736,2.878042,0.050000
737,10.480106,0.050000
738,13.905261,0.050000
739,11.499873,0.050000
740,1.430683,0.050000
741,15.623879,0.050000
742,6.415311,0.050000
743,-0.095170,0.050000
744,0.119211,0.050000
745,20.993607,0.050000
746,10.621681,0.050000
747,25.831626,0.050000
748,7.307501,0.050000
749,12.591481,0.050000
750,2.535754,0.050000
751,20.052348,0.050000
752,9.483722,0.050000
753,3.516795,0.050000
754,4.202512,0.050000
755,5.964348,0.050000
756,8.836225,0.050000
757,8.416616,0.050000
758,5.311926,0.050000
759,12.315313,0.050000
760,9.556340,0.050000
761,9.125478,0.050000
762,9.787503,0.050000
763,16.866012,0.050000
764,16.224015,0.050000
765,10.285233,0.050000
766,16.287399,0.050000
767,2.342032,0.050000
768,7.542469,0.050000
769,6.028304,0.050000
770,5.858177,0.050000
771,10.617263,0.050000
772,-1.968150,0.050000
773,4.451610,0.050000
774,1.357374,0.050000
775,3.056818,0.050000
776,3.175718,0.050000
777,13.527544,0.050000
778,8.335208,0.050000
779,0.865637,0.050000
780,2.820688,0.050000
781,14.027195,0.050000
782,14.056762,0.050000
783,8.276326,0.050000
784,6.568852,0.050000
785,4.598802,0.050000
786,11.215510,0.050000
787,3.134411,0.050000
788,15.545154,0.050000
789,4.547615,0.050000
790,9.462159,0.050000
791,9.226666,0.050000
792,15.485228,0.050000
793,8.582377,0.050000
794,11.284765,0.050000
795,4.167451,0.050000
796,0.637382,0.050000
797,11.245801,0.050000
798,9.348543,0.050000
799,4.847172,0.050000
800,-1.696746,0.050000
801,6.408984,0.050000
802,2.877577,0.050000
803,13.117477,0.050000
804,7.572510,0.050000
805,4.433194,0.050000
806,7.122255,0.050000
807,3.252684,0.050000
808,-0.875867,0.050000
809,6.473157,0.050000
810,15.001494,0.050000
811,9.989554,0.050000
812,8.021961,0.050000
813,2.798075,0.050000
814,13.599671,0.050000
815,6.775672,0.050000
816,10.060522,0.050000
817,7.900054,0.050000
818,4.645968,0.050000
819,6.112813,0.050000
820,8.360481,0.050000
821,1.279913,0.050000
822,2.314931,0.050000
823,8.036826,0.050000
824,7.255941,0.050000
825,1.697434,0.050000
826,9.116576,0.050000
827,16.900358,0.050000
828,8.860502,0.050000
829,0.378449,0.050000
830,15.791941,0.050000
831,10.567898,0.050000
832,7.445440,0.050000
833,17.593911,0.050000
834,14.359029,0.050000
835,3.896049,0.050000
836,8.622584,0.050000
837,19.672205,0.050000
838,11.568653,0.050000
839,19.951722,0.050000
840,15.482583,0.050000
841,5.936104,0.050000
842,7.467976,0.050000
843,10.240902,0.050000
844,11.438099,0.050000
845,8.621212,0.050000
846,9.493351,0.050000
847,13.633471,0.050000
848,6.929986,0.050000
849,13.203745,0.050000
850,13.466305,0.050000
851,7.615119,0.050000
852,8.706683,0.050000
853,5.541796,0.050000
854,7.506031,0.050000
855,16.270093,0.050000
856,14.136093,0.050000
857,4.988170,0.050000
858,12.488393,0.050000
859,8.294905,0.050000
860,9.130383,0.050000
861,18.751283,0.050000
862,15.222560,0.050000
863,5.808484,0.050000
864,3.559840,0.050000
865,10.135356,0.050000
866,6.990596,0.050000
867,4.522892,0.050000
868,19.260936,0.050000
869,8.755371,0.050000
870,11.319254,0.050000
871,8.529518,0.050000
872,6.058207,0.050000
873,6.969970,0.050000
874,3.510116,0.050000
875,18.237787,0.050000
876,2.440797,0.050000
877,4.244373,0.050000
878,2.030557,0.050000
879,1.439562,0.050000
880,8.520313,0.050000
881,6.713057,0.050000
882,10.292630,0.050000
883,14.656018,0.050000
884,8.771997,0.050000
885,3.131083,0.050000
886,7.707596,0.050000
887,12.251578,0.050000
888,6.087718,0.050000
889,10.955699,0.050000
890,9.232456,0.050000
891,1.505595,0.050000
892,9.644832,0.050000
893,1.144614,0.050000
894,14.010246,0.050000
895,-0.236927,0.050000
896,4.356958,0.050000
897,10.847067,0.050000
898,13.276073,0.050000
899,9.546689,0.050000
900,5.230350,0.050000
901,13.269539,0.050000
902,21.725376,0.050000
903,8.929466,0.050000
904,13.202150,0.050000
905,8.789725,0.050000
906,8.960971,0.050000
907,17.777437,0.050000
908,10.505630,0.050000
909,5.722628,0.050000
910,5.070549,0.050000
911,15.579648,0.050000
912,6.870146,0.050000
913,5.319789,0.050000
914,11.947933,0.050000
915,3.108739,0.050000
916,9.132573,0.050000
917,7.119025,0.050000
918,9.378922,0.050000
919,9.996604,0.050000
920,5.710313,0.050000
921,5.937752,0.050000
922,6.566816,0.050000
923,13.400458,0.050000
924,12.083762,0.050000
925,5.098185,0.050000
926,11.121626,0.050000
927,4.970440,0.050000
928,0.796746,0.050000
929,11.061180,0.050000
930,3.734008,0.050000
931,1.262804,0.050000
932,3.618173,0.050000
933,0.892404,0.050000
934,4.770296,0.050000
935,11.958068,0.050000
936,11.937760,0.050000
937,0.039386,0.050000
938,7.457264,0.050000
939,6.269996,0.050000
940,16.367113,0.050000
941,2.487732,0.050000
942,12.471381,0.050000
943,4.800952,0.050000
944,6.920067,0.050000
945,5.329714,0.050000
946,3.712630,0.050000
947,5.893974,0.050000
948,3.793244,0.050000
949,1.002941,0.050000
950,1.771646,0.050000
951,4.637728,0.050000
952,16.302747,0.050000
953,16.684573,0.050000
954,3.913446,0.050000
955,4.284748,0.050000
956,12.867750,0.050000
957,16.521257,0.050000
958,3.221188,0.050000
959,12.495106,0.050000
960,11.319386,0.050000
961,10.752713,0.050000
962,11.745381,0.050000
963,10.930605,0.050000
964,3.824464,0.050000
965,4.437034,0.050000
966,9.131530,0.050000
967,5.594489,0.050000
968,20.742636,0.050000
969,2.613178,0.050000
970,7.110746,0.050000
971,4.647250,0.050000
972,5.823994,0.050000
973,14.433108,0.050000
974,2.778121,0.050000
975,5.630338,0.050000
976,2.473048,0.050000
977,23.723147,0.050000
978,7.143186,0.050000
979,9.511652,0.050000
980,3.981033,0.050000
981,4.614804,0.050000
982,0.181865,0.050000
983,12.299581,0.050000
984,4.094419,0.050000
985,9.113327,0.050000
986,7.161129,0.050000
987,15.456646,0.050000
988,13.826676,0.050000
989,18.609621,0.050000
990,2.300236,0.050000
991,6.492762,0.050000
992,12.314519,0.050000
993,6.147404,0.050000
994,5.842584,0.050000
995,4.100105,0.050000
996,8.967130,0.050000
997,4.115683,0.050000
998,5.573852,0.050000
999,13.092008,0.050000
1000,7.891411,0.050000
1001,6.015557,0.050000
1002,11.213629,0.050000
1003,5.630340,0.050000
1004,8.284747,0.050000
1005,12.124125,0.050000
1006,19.678676,0.050000
1007,19.199940,0.050000
1008,14.897837,0.050000
1009,17.877746,0.050000
1010,0.717525,0.050000
1011,3.566540,0.050000
1012,7.683156,0.050000
1013,4.596373,0.050000
1014,7.459561,0.050000
1015,3.721858,0.050000
1016,2.371566,0.050000
1017,3.196184,0.050000
1018,26.123495,0.050000
1019,10.784143,0.050000
1020,5.651670,0.050000
1021,5.801480,0.050000
1022,3.296549,0.050000
1023,11.427355,0.050000
1024,4.937743,0.050000
1025,11.513853,0.050000
1026,10.731437,0.050000
1027,1.420654,0.050000
1028,1.563819,0.050000
1029,6.455495,0.050000
1030,11.570246,0.050000
1031,8.576111,0.050000
1032,4.298281,0.050000
1033,4.970933,0.050000
1034,17.925282,0.050000
1035,15.372432,0.050000
1036,6.130526,0.050000
1037,14.157525,0.050000
1038,10.912571,0.050000
1039,22.421090,0.050000
1040,17.149429,0.050000
1041,14.788718,0.050000
1042,6.186969,0.050000
1043,10.670442,0.050000
1044,28.855612,0.050000
1045,-0.440490,0.050000
1046,20.685068,0.050000
1047,27.442439,0.050000
1048,3.495560,0.050000
1049,-0.396252,0.050000
1050,24.798095,0.050000
1051,1.204188,0.050000
1052,12.514261,0.050000
1053,8.483826,0.050000
1054,5.438826,0.050000
1055,2.332478,0.050000
1056,9.943635,0.050000
1057,15.846963,0.050000
1058,22.776416,0.050000
1059,3.389303,0.050000
1060,9.655878,0.050000
1061,15.456435,0.050000
1062,10.115314,0.050000
1063,4.455401,0.050000
1064,10.330647,0.050000
1065,22.922014,0.050000
1066,8.761603,0.050000
1067,5.237586,0.050000
1068,6.044935,0.050000
1069,0.286349,0.050000
1070,8.097910,0.050000
1071,4.399781,0.050000
1072,9.173750,0.050000
1073,9.279786,0.050000
1074,23.105950,0.050000
1075,1.569562,0.050000
1076,15.826682,0.050000
1077,3.974458,0.050000
1078,4.454709,0.050000
1079,8.843020,0.050000
1080,12.121172,0.050000
1081,4.586944,0.050000
1082,1.957021,0.050000
1083,14.939484,0.050000
1084,10.997798,0.050000
1085,2.447194,0.050000
1086,7.264640,0.050000
1087,8.020038,0.050000
1088,17.567044,0.050000
1089,20.982157,0.050000
1090,5.940090,0.050000
1091,1.683009,0.050000
1092,20.585756,0.050000
1093,7.775985,0.050000
1094,3.724870,0.050000
1095,2.878051,0.050000
1096,6.812467,0.050000
1097,17.926291,0.050000
1098,6.304455,0.050000
1099,2.154125,0.050000
1100,6.671379,0.050000
1101,10.958347,0.050000
1102,3.285628,0.050000
1103,12.713319,0.050000
1104,5.737295,0.050000
1105,14.551417,0.050000
1106,8.092574,0.050000
1107,6.914686,0.050000
1108,1.429848,0.050000
1109,18.190623,0.050000
1110,12.373817,0.050000
1111,18.757354,0.050000
1112,4.467823,0.050000
1113,13.993394,0.050000
1114,1.357169,0.050000
1115,4.184953,0.050000
1116,21.920610,0.050000
1117,13.858708,0.050000
1118,22.786879,0.050000
1119,2.786068,0.050000
1120,1.031267,0.050000
1121,2.712731,0.050000
1122,6.669902,0.050000
1123,2.101691,0.050000
1124,11.350825,0.050000
1125,9.880808,0.050000
1126,12.732066,0.050000
1127,8.881534,0.050000
1128,22.461021,0.050000
1129,13.257832,0.050000
1130,28.100245,0.050000
1131,2.565043,0.050000
1132,11.635075,0.050000
1133,9.676246,0.050000
1134,3.714602,0.050000
1135,9.176300,0.050000
1136,5.774547,0.050000
1137,14.053908,0.050000
1138,7.444081,0.050000
1139,14.808050,0.050000
1140,6.443264,0.050000
1141,3.270154,0.050000
1142,13.175380,0.050000
1143,10.095624,0.050000
1144,5.001856,0.050000
1145,7.986929,0.050000
1146,5.531202,0.050000
1147,3.863964,0.050000
1148,9.957021,0.050000
1149,1.763508,0.050000
1150,18.219370,0.050000
1151,9.891059,0.050000
1152,9.873440,0.050000
1153,14.357456,0.050000
1154,2.651489,0.050000
1155,2.141227,0.050000
1156,1.041303,0.050000
1157,4.416960,0.050000
1158,4.807164,0.050000
1159,7.072273,0.050000
1160,10.819849,0.050000
1161,12.709109,0.050000
1162,1.020031,0.050000
1163,17.758939,0.050000
1164,14.785161,0.050000
1165,5.232686,0.050000
1166,23.148344,0.050000
1167,15.904945,0.050000
1168,23.840996,0.050000
1169,6.239925,0.050000
1170,10.983664,0.050000
1171,8.361470,0.050000
1172,33.372302,0.050000
1173,19.863794,0.050000
1174,13.282670,0.050000
1175,17.873465,0.050000
1176,14.994306,0.050000
1177,19.411636,0.050000
1178,7.037270,0.050000
1179,6.588092,0.050000
1180,11.036724,0.050000
1181,13.321008,0.050000
1182,14.803586,0.050000
1183,3.720562,0.050000
1184,5.344386,0.050000
1185,10.522204,0.050000
1186,17.446650,0.050000
1187,6.957443,0.050000
1188,10.441519,0.050000
1189,8.845761,0.050000
1190,21.738298,0.050000
1191,5.278765,0.050000
1192,12.227694,0.050000
1193,0.119061,0.050000
1194,-0.604987,0.050000
1195,7.386184,0.050000
1196,13.551376,0.050000
1197,5.513257,0.050000
1198,23.973920,0.050000
1199,18.544576,0.050000
1200,14.417627,0.050000
1201,5.446136,0.050000
1202,15.432360,0.050000
1203,7.604534,0.050000
1204,21.245749,0.050000
1205,2.205203,0.050000
1206,10.605542,0.050000
1207,7.153762,0.050000
1208,13.355948,0.050000
1209,4.044195,0.050000
1210,7.288393,0.050000
1211,6.376578,0.050000
1212,23.107666,0.050000
1213,0.207613,0.050000
1214,8.227961,0.050000
1215,18.410504,0.050000
1216,9.854863,0.050000
1217,11.026972,0.050000
1218,4.134910,0.050000
1219,18.572326,0.050000
1220,18.411296,0.050000
1221,3.316398,0.050000
1222,21.549840,0.050000
1223,9.976690,0.050000
1224,9.749748,0.050000
1225,3.909647,0.050000
1226,18.688595,0.050000
1227,-0.796084,0.050000
1228,10.659920,0.050000
1229,9.626869,0.050000
1230,11.148449,0.050000
1231,15.145021,0.050000
1232,7.301068,0.050000
1233,8.514634,0.050000
1234,-0.177808,0.050000
1235,2.099670,0.050000
1236,5.491702,0.050000
1237,3.618749,0.050000
1238,8.713127,0.050000
1239,1.514406,0.050000
1240,12.653946,0.050000
1241,14.108731,0.050000
1242,11.637170,0.050000
1243,0.626574,0.050000
1244,7.151978,0.050000
1245,12.232949,0.050000
1246,4.842379,0.050000
1247,17.601103,0.050000
1248,11.165673,0.050000
1249,8.874578,0.050000
1250,5.260063,0.050000
1251,23.000103,0.050000
1252,11.773149,0.050000
1253,4.873060,0.050000
1254,7.651888,0.050000
1255,11.839822,0.050000
1256,15.549381,0.050000
1257,5.046191,0.050000
1258,2.198882,0.050000
1259,14.617685,0.050000
1260,23.861318,0.050000
1261,6.869560,0.050000
1262,13.287112,0.050000
1263,3.418915,0.050000
1264,18.531229,0.050000
1265,8.937391,0.050000
1266,10.380848,0.050000
1267,24.338866,0.050000
1268,9.347202,0.050000
1269,13.911007,0.050000
1270,9.276900,0.050000
1271,10.333858,0.050000
1272,9.108591,0.050000
1273,3.113837,0.050000
1274,10.182186,0.050000
1275,2.237544,0.050000
1276,11.594158,0.050000
1277,5.021532,0.050000
1278,3.441083,0.050000
1279,6.816734,0.050000
1280,17.528689,0.050000
1281,8.071607,0.050000
1282,13.011713,0.050000
1283,4.174708,0.050000
1284,12.887452,0.050000
1285,1.540847,0.050000
1286,14.609537,0.050000
1287,9.195728,0.050000
1288,13.848956,0.050000
1289,15.394105,0.050000
1290,9.282921,0.050000
1291,11.131853,0.050000
1292,6.934083,0.050000
1293,8.675880,0.050000
1294,4.609789,0.050000
1295,17.111994,0.050000
1296,2.910843,0.050000
1297,6.539493,0.050000
1298,2.240750,0.050000
1299,8.892312,0.050000
1300,7.915341,0.050000
1301,11.873198,0.050000
1302,7.012939,0.050000
1303,2.068932,0.050000
1304,2.244235,0.050000
1305,4.320773,0.050000
1306,12.798655,0.050000
1307,9.932056,0.050000
1308,13.926161,0.050000
1309,7.599786,0.050000
1310,14.644292,0.050000
1311,-0.052281,0.050000
1312,7.280724,0.050000
1313,14.152193,0.050000
1314,4.420312,0.050000
1315,7.794831,0.050000
1316,6.781183,0.050000
1317,-0.328309,0.050000
1318,28.242814,0.050000
1319,2.266141,0.050000
1320,7.130717,0.050000
1321,8.404687,0.050000
1322,8.758373,0.050000
1323,0.818401,0.050000
1324,5.896345,0.050000
1325,3.640657,0.050000
1326,5.363380,0.050000
1327,8.955484,0.050000
1328,18.455697,0.050000
1329,11.835401,0.050000
1330,14.725665,0.050000
1331,17.522109,0.050000
1332,14.459976,0.050000
1333,13.763439,0.050000
1334,13.360867,0.050000
1335,16.076805,0.050000
1336,11.819554,0.050000
1337,7.398174,0.050000
1338,20.833854,0.050000
1339,9.839433,0.050000
1340,2.051537,0.050000
1341,7.247866,0.050000
1342,9.980846,0.050000
1343,14.688540,0.050000
1344,4.240032,0.050000
1345,4.576762,0.050000
1346,21.936849,0.050000
1347,7.262353,0.050000
1348,5.651479,0.050000
1349,22.241555,0.050000
1350,1.366660,0.050000
1351,4.980153,0.050000
1352,1.144483,0.050000
1353,10.138163,0.050000
1354,13.814833,0.050000
1355,10.771548,0.050000
1356,0.287439,0.050000
1357,4.001216,0.050000
1358,10.892799,0.050000
1359,8.929130,0.050000
1360,17.294745,0.050000
1361,12.165362,0.050000
1362,9.708011,0.050000
1363,9.366758,0.050000
1364,4.693794,0.050000
1365,3.296199,0.050000
1366,9.351264,0.050000
1367,5.518556,0.050000
1368,20.550427,0.050000
1369,29.570487,0.050000
1370,2.575011,0.050000
1371,4.908999,0.050000
1372,9.359651,0.050000
1373,15.984567,0.050000
1374,11.796942,0.050000
1375,4.977063,0.050000
1376,10.355853,0.050000
1377,4.078468,0.050000
1378,26.736348,0.050000
1379,4.552631,0.050000
1380,21.909920,0.050000
1381,1.864581,0.050000
1382,4.919406,0.050000
1383,4.483225,0.050000
1384,9.181290,0.050000
1385,5.798160,0.050000
1386,5.011925,0.050000
1387,16.286701,0.050000
1388,4.055808,0.050000
1389,10.881796,0.050000
1390,15.608261,0.050000
1391,18.479141,0.050000
1392,14.253569,0.050000
1393,2.969087,0.050000
1394,5.853961,0.050000
1395,4.109555,0.050000
1396,10.715547,0.050000
1397,-0.407171,0.050000
1398,13.567339,0.050000
1399,4.972880,0.050000
1400,4.609682,0.050000
1401,14.301656,0.050000
1402,7.378612,0.050000
1403,3.015352,0.050000
1404,15.970367,0.050000
1405,2.767926,0.050000
1406,14.235293,0.050000
1407,7.101096,0.050000
1408,0.796660,0.050000
1409,9.643069,0.050000
1410,7.378869,0.050000
1411,10.551858,0.050000
1412,4.652881,0.050000
1413,7.636317,0.050000
1414,16.287636,0.050000
1415,4.169188,0.050000
1416,8.610482,0.050000
1417,19.506708,0.050000
1418,13.654487,0.050000
1419,8.027965,0.050000
1420,6.475676,0.050000
1421,15.572545,0.050000
1422,4.116111,0.050000
1423,26.331115,0.050000
1424,2.354200,0.050000
1425,11.066439,0.050000
1426,7.662468,0.050000
1427,25.613071,0.050000
1428,11.129468,0.050000
1429,6.200140,0.050000
1430,6.195744,0.050000
1431,4.720554,0.050000
1432,4.808360,0.050000
1433,8.854802,0.050000
1434,15.043808,0.050000
1435,2.811218,0.050000
1436,7.582277,0.050000
1437,9.325424,0.050000
1438,6.796297,0.050000
1439,1.552757,0.050000
1440,11.542882,0.050000
1441,5.758463,0.050000
1442,14.721432,0.050000
1443,9.868599,0.050000
1444,-0.937249,0.050000
1445,3.700782,0.050000
1446,8.346812,0.050000
1447,4.547632,0.050000
1448,9.059901,0.050000
1449,19.621627,0.050000
1450,5.975546,0.050000
1451,2.278046,0.050000
1452,21.734286,0.050000
1453,1.728374,0.050000
1454,3.439536,0.050000
1455,2.885819,0.050000
1456,8.860391,0.050000
1457,17.478838,0.050000
1458,11.751776,0.050000
1459,4.264443,0.050000
1460,1.079230,0.050000
1461,0.089719,0.050000
1462,4.863773,0.050000
1463,28.454553,0.050000
1464,10.078852,0.050000
1465,7.275187,0.050000
1466,9.638730,0.050000
1467,5.506331,0.050000
1468,12.083094,0.050000
1469,23.207079,0.050000
1470,15.226744,0.050000
1471,11.594015,0.050000
1472,16.439717,0.050000
1473,10.356280,0.050000
1474,18.225107,0.050000
1475,10.468544,0.050000
1476,11.015375,0.050000
1477,11.333448,0.050000
1478,9.533274,0.050000
1479,12.099418,0.050000
1480,25.833219,0.050000
1481,7.605132,0.050000
1482,2.857968,0.050000
1483,16.704469,0.050000
1484,10.590567,0.050000
1485,9.552235,0.050000
1486,26.426847,0.050000
1487,5.464363,0.050000
1488,8.978951,0.050000
1489,11.718093,0.050000
1490,9.657279,0.050000
1491,3.689891,0.050000
1492,9.973880,0.050000
1493,12.230328,0.050000
1494,2.574035,0.050000
1495,18.411988,0.050000
1496,4.664766,0.050000
1497,18.283617,0.050000
1498,3.392620,0.050000
1499,18.643041,0.050000
1500,10.557960,0.050000
1501,5.794648,0.050000
1502,20.444215,0.050000
1503,10.025496,0.050000
1504,1.540245,0.050000
1505,26.650864,0.050000
1506,7.913591,0.050000
1507,3.662614,0.050000
1508,10.830094,0.050000
1509,8.952856,0.050000
1510,10.487854,0.050000
1511,16.250676,0.050000
1512,13.228601,0.050000
1513,8.702323,0.050000
1514,4.613503,0.050000
1515,15.736820,0.050000
1516,23.286940,0.050000
1517,9.112512,0.050000
1518,5.583901,0.050000
1519,6.695408,0.050000
1520,5.960269,0.050000
1521,12.685898,0.050000
1522,19.759224,0.050000
1523,7.875537,0.050000
1524,3.830944,0.050000
1525,10.096366,0.050000
1526,4.074551,0.050000
1527,14.022313,0.050000
1528,11.277466,0.050000
1529,6.820387,0.050000
1530,12.682173,0.050000
1531,2.657795,0.050000
1532,7.236444,0.050000
1533,12.237069,0.050000
1534,13.031395,0.050000
1535,15.001853,0.050000
1536,19.548946,0.050000
1537,6.047345,0.050000
1538,3.228241,0.050000
1539,8.728279,0.050000
1540,1.909866,0.050000
1541,13.560932,0.050000
1542,15.113118,0.050000
1543,6.453611,0.050000
1544,6.406486,0.050000
1545,7.552281,0.050000
1546,9.387424,0.050000
1547,6.085865,0.050000
1548,9.100366,0.050000
1549,2.791110,0.050000
1550,11.358227,0.050000
1551,2.561458,0.050000
1552,5.511563,0.050000
1553,3.528213,0.050000
1554,6.328161,0.050000
1555,11.487316,0.050000
1556,18.981720,0.050000
1557,8.725420,0.050000
1558,26.876178,0.050000
1559,12.958071,0.050000
1560,15.191858,0.050000
1561,24.086267,0.050000
1562,3.987229,0.050000
1563,17.665483,0.050000
1564,7.761485,0.050000
1565,18.967896,0.050000
1566,10.663131,0.050000
1567,7.795418,0.050000
1568,15.764290,0.050000
1569,4.416890,0.050000
1570,7.286501,0.050000
1571,14.370466,0.050000
1572,23.672494,0.050000
1573,8.999051,0.050000
1574,9.232828,0.050000
1575,21.224887,0.050000
1576,15.167813,0.050000
1577,11.657106,0.050000
1578,11.304181,0.050000
1579,7.937814,0.050000
1580,10.295283,0.050000
1581,7.195775,0.050000
1582,8.390491,0.050000
1583,3.415848,0.050000
1584,4.788366,0.050000
1585,1.428380,0.050000
1586,8.614702,0.050000
1587,9.831823,0.050000
1588,4.993215,0.050000
1589,9.004997,0.050000
1590,39.208812,0.050000
1591,10.983604,0.050000
1592,8.612220,0.050000
1593,2.607996,0.050000
1594,7.213852,0.050000
1595,8.310399,0.050000
1596,12.703847,0.050000
1597,6.467191,0.050000
1598,1.624428,0.050000
1599,10.831183,0.050000
1600,8.456332,0.050000
1601,12.012239,0.050000
1602,12.027679,0.050000
1603,25.739489,0.050000
1604,14.706811,0.050000
1605,13.363463,0.050000
1606,8.142785,0.050000
1607,8.366259,0.050000
1608,7.445044,0.050000
1609,3.755998,0.050000
1610,9.127439,0.050000
1611,8.730944,0.050000
1612,24.350145,0.050000
1613,8.091208,0.050000
1614,4.595569,0.050000
1615,4.222713,0.050000
1616,18.265959,0.050000
1617,9.237221,0.050000
1618,3.326953,0.050000
1619,9.932570,0.050000
1620,11.615268,0.050000
1621,7.646664,0.050000
1622,6.567467,0.050000
1623,11.894443,0.050000
1624,17.798543,0.050000
1625,17.101475,0.050000
1626,3.692425,0.050000
1627,2.653647,0.050000
1628,4.365695,0.050000
1629,18.428402,0.050000
1630,8.676122,0.050000
1631,4.112021,0.050000
1632,8.291581,0.050000
1633,3.010529,0.050000
1634,10.841278,0.050000
1635,13.128914,0.050000
1636,21.461187,0.050000
1637,3.188103,0.050000
1638,3.658269,0.050000
1639,2.685878,0.050000
1640,4.384021,0.050000
1641,9.121426,0.050000
1642,13.741904,0.050000
1643,10.389197,0.050000
1644,10.826766,0.050000
1645,3.701901,0.050000
1646,2.732483,0.050000
1647,18.411099,0.050000
1648,18.383558,0.050000
1649,8.478650,0.050000
1650,-1.019355,0.050000
1651,19.964825,0.050000
1652,6.185429,0.050000
1653,5.151626,0.050000
1654,9.122441,0.050000
1655,8.924635,0.050000
1656,5.413636,0.050000
1657,9.018898,0.050000
1658,12.434176,0.050000
1659,6.987982,0.050000
1660,29.168906,0.050000
1661,27.461993,0.050000
1662,1.543317,0.050000
1663,23.989934,0.050000
1664,15.988970,0.050000
1665,19.007135,0.050000
1666,8.434353,0.050000
1667,9.236886,0.050000
1668,7.423055,0.050000
1669,9.311479,0.050000
1670,8.143170,0.050000
1671,13.156456,0.050000
1672,13.367166,0.050000
1673,3.351063,0.050000
1674,2.637286,0.050000
1675,9.132305,0.050000
1676,15.996720,0.050000
1677,5.345116,0.050000
1678,7.028432,0.050000
1679,5.643539,0.050000
1680,7.487150,0.050000
1681,1.039191,0.050000
1682,8.317174,0.050000
1683,6.386157,0.050000
1684,8.587090,0.050000
1685,8.715205,0.050000
1686,3.507106,0.050000
1687,6.009112,0.050000
1688,28.460823,0.050000
1689,10.503455,0.050000
1690,3.580964,0.050000
1691,9.290463,0.050000
1692,17.359152,0.050000
1693,5.354958,0.050000
1694,16.381214,0.050000
1695,10.102442,0.050000
1696,22.233415,0.050000
1697,25.520537,0.050000
1698,2.018393,0.050000
1699,5.297794,0.050000
1700,13.785611,0.050000
1701,8.223767,0.050000
1702,6.807119,0.050000
1703,6.360047,0.050000
1704,8.469107,0.050000
1705,7.188662,0.050000
1706,10.078802,0.050000
1707,13.379741,0.050000
1708,6.154041,0.050000
1709,7.549853,0.050000
1710,11.211613,0.050000
1711,19.322875,0.050000
1712,16.213449,0.050000
1713,1.437024,0.050000
1714,1.744350,0.050000
1715,6.752023,0.050000
1716,8.365997,0.050000
1717,20.503973,0.050000
1718,0.167910,0.050000
1719,13.535605,0.050000
1720,25.006842,0.050000
1721,2.108588,0.050000
1722,10.178533,0.050000
1723,20.991281,0.050000
1724,14.297907,0.050000
1725,9.008508,0.050000
1726,22.630902,0.050000
1727,16.991672,0.050000
1728,9.494526,0.050000
1729,6.975261,0.050000
1730,2.771084,0.050000
1731,10.084375,0.050000
1732,4.108871,0.050000
1733,16.260404,0.050000
1734,3.422788,0.050000
1735,9.431409,0.050000
1736,3.988462,0.050000
1737,18.798977,0.050000
1738,16.759047,0.050000
1739,3.672236,0.050000
1740,12.928321,0.050000
1741,9.725852,0.050000
1742,8.889316,0.050000
1743,22.154913,0.050000
1744,9.797593,0.050000
1745,-1.372680,0.050000
1746,9.335326,0.050000
1747,16.759379,0.050000
1748,2.542722,0.050000
1749,7.243955,0.050000
1750,16.820544,0.050000
1751,17.269255,0.050000
1752,9.297332,0.050000
1753,7.835276,0.050000
1754,0.970872,0.050000
1755,11.975861,0.050000
1756,2.926520,0.050000
1757,10.939096,0.050000
1758,6.360893,0.050000
1759,10.841969,0.050000
1760,9.759179,0.050000
1761,6.097813,0.050000
1762,7.054555,0.050000
1763,2.927688,0.050000
1764,4.266083,0.050000
1765,0.477277,0.050000
1766,21.276021,0.050000
1767,14.142023,0.050000
1768,6.129703,0.050000
1769,5.931780,0.050000
1770,3.201563,0.050000
1771,8.507133,0.050000
1772,8.661011,0.050000
1773,13.771082,0.050000
1774,8.081698,0.050000
1775,11.230133,0.050000
1776,4.253707,0.050000
1777,0.167067,0.050000
1778,4.332219,0.050000
1779,16.540804,0.050000
1780,8.972776,0.050000
1781,5.230029,0.050000
1782,13.058007,0.050000
1783,13.214581,0.050000
1784,1.975297,0.050000
1785,20.118304,0.050000
1786,4.101658,0.050000
1787,14.623750,0.050000
1788,4.941482,0.050000
1789,18.761358,0.050000
1790,2.064897,0.050000
1791,6.723862,0.050000
1792,6.074527,0.050000
1793,3.873177,0.050000
1794,19.804110,0.050000
1795,8.117100,0.050000
1796,-0.152160,0.050000
1797,-0.534508,0.050000
1798,10.974140,0.050000
1799,7.567956,0.050000
1800,3.019510,0.050000
1801,9.153459,0.050000
1802,2.621526,0.050000
1803,13.001780,0.050000
1804,15.787245,0.050000
1805,17.120767,0.050000
1806,8.854390,0.050000
1807,5.837453,0.050000
1808,12.926861,0.050000
1809,15.405210,0.050000
1810,5.398259,0.050000
1811,19.764420,0.050000
1812,12.479555,0.050000
1813,26.239003,0.050000
1814,10.657370,0.050000
1815,3.582310,0.050000
1816,1.645148,0.050000
1817,10.812297,0.050000
1818,17.705394,0.050000
1819,6.581581,0.050000
1820,13.521409,0.050000
1821,12.505593,0.050000
1822,2.565342,0.050000
1823,10.699373,0.050000
1824,7.297815,0.050000
1825,10.718736,0.050000
1826,11.758593,0.050000
1827,11.869289,0.050000
1828,6.952614,0.050000
1829,14.407130,0.050000
1830,5.136618,0.050000
1831,8.856212,0.050000
1832,29.272092,0.050000
1833,14.412490,0.050000
1834,12.422493,0.050000
1835,0.075557,0.050000
1836,10.610000,0.050000
1837,9.512038,0.050000
1838,6.660506,0.050000
1839,8.041281,0.050000
1840,18.259594,0.050000
1841,6.578416,0.050000
1842,0.854391,0.050000
1843,2.534403,0.050000
1844,5.040699,0.050000
1845,8.995935,0.050000
1846,6.253558,0.050000
1847,22.478220,0.050000
1848,6.549736,0.050000
1849,7.513200,0.050000
1850,4.509398,0.050000
1851,1.662934,0.050000
1852,7.207900,0.050000
1853,17.487335,0.050000
1854,15.082082,0.050000
1855,12.853529,0.050000
1856,6.968129,0.050000
1857,17.028566,0.050000
1858,13.010980,0.050000
1859,10.324463,0.050000
1860,9.900115,0.050000
1861,0.877188,0.050000
1862,22.288444,0.050000
1863,1.745074,0.050000
1864,12.673486,0.050000
1865,19.354359,0.050000
1866,21.967468,0.050000
1867,6.882202,0.050000
1868,25.119097,0.050000
1869,-1.281381,0.050000
1870,6.435172,0.050000
1871,17.406204,0.050000
1872,3.564654,0.050000
1873,14.655535,0.050000
1874,8.184192,0.050000
1875,22.950107,0.050000
1876,9.357077,0.050000
1877,9.002622,0.050000
1878,18.573774,0.050000
1879,9.504734,0.050000
1880,15.934559,0.050000
1881,25.806749,0.050000
1882,14.539392,0.050000
1883,8.413049,0.050000
1884,15.267986,0.050000
1885,18.362424,0.050000
1886,4.383081,0.050000
1887,3.048724,0.050000
1888,6.457748,0.050000
1889,8.934333,0.050000
1890,0.944248,0.050000
1891,2.324453,0.050000
1892,2.568798,0.050000
1893,3.111049,0.050000
1894,4.838348,0.050000
1895,5.288246,0.050000
1896,6.794937,0.050000
1897,8.248894,0.050000
1898,16.212686,0.050000
1899,9.770490,0.050000
1900,6.719896,0.050000
1901,12.948598,0.050000
1902,11.665289,0.050000
1903,8.566521,0.050000
1904,12.494244,0.050000
1905,16.169831,0.050000
1906,7.037410,0.050000
1907,2.620364,0.050000
1908,10.679229,0.050000
1909,3.073246,0.050000
1910,7.704625,0.050000
1911,12.360903,0.050000
1912,21.486837,0.050000
1913,10.856620,0.050000
1914,16.626331,0.050000
1915,4.440729,0.050000
1916,3.356559,0.050000
1917,5.429343,0.050000
1918,3.804974,0.050000
1919,10.511802,0.050000
1920,15.123798,0.050000
1921,18.017622,0.050000
1922,18.353098,0.050000
1923,1.919755,0.050000
1924,12.850157,0.050000
1925,9.022318,0.050000
1926,14.630325,0.050000
1927,14.624298,0.050000
1928,18.919875,0.050000
1929,12.826653,0.050000
1930,13.584039,0.050000
1931,7.468156,0.050000
1932,10.718909,0.050000
1933,9.637669,0.050000
1934,7.497403,0.050000
1935,5.910576,0.050000
1936,33.680757,0.050000
1937,1.991089,0.050000
1938,11.112515,0.050000
1939,6.635217,0.050000
1940,9.625739,0.050000
1941,15.765794,0.050000
1942,15.907546,0.050000
1943,13.918828,0.050000
1944,14.665935,0.050000
1945,6.479223,0.050000
1946,5.307020,0.050000
1947,11.921948,0.050000
1948,13.868141,0.050000
1949,9.527041,0.050000
1950,18.926348,0.050000
1951,7.465266,0.050000
1952,12.766873,0.050000
1953,5.143264,0.050000
1954,2.547069,0.050000
1955,16.716238,0.050000
1956,10.531195,0.050000
1957,10.386430,0.050000
1958,0.093745,0.050000
1959,14.750352,0.050000
1960,10.309948,0.050000
1961,36.630123,0.050000
1962,14.544157,0.050000
1963,0.157030,0.050000
1964,11.474540,0.050000
1965,18.472693,0.050000
1966,17.180608,0.050000
1967,9.318105,0.050000
1968,6.466325,0.050000
1969,12.445361,0.050000
1970,8.478877,0.050000
1971,33.174538,0.050000
1972,-0.817132,0.050000
1973,14.547238,0.050000
1974,4.807733,0.050000
1975,1.077784,0.050000
1976,9.170903,0.050000
1977,-0.286698,0.050000
1978,11.404946,0.050000
1979,4.440730,0.050000
1980,8.284424,0.050000
1981,8.816359,0.050000
1982,9.855223,0.050000
1983,13.901875,0.050000
1984,6.865703,0.050000
1985,8.431363,0.050000
1986,8.968352,0.050000
1987,3.519833,0.050000
1988,6.370720,0.050000
1989,6.490312,0.050000
1990,11.690182,0.050000
1991,4.111147,0.050000
1992,18.335728,0.050000
1993,11.101137,0.050000
1994,14.695798,0.050000
1995,8.289602,0.050000
1996,11.854232,0.050000
1997,15.854708,0.050000
1998,12.164350,0.050000
1999,10.077290,0.050000
2000,10.826162,0.050000
2001,4.669656,0.050000
2002,17.972550,0.050000
2003,21.618507,0.050000
2004,8.634204,0.050000
2005,8.458807,0.050000
2006,7.448729,0.050000
2007,5.722261,0.050000
2008,0.970308,0.050000
2009,5.051080,0.050000
2010,19.351057,0.050000
2011,8.178621,0.050000
2012,5.681413,0.050000
2013,7.360041,0.050000
2014,8.783190,0.050000
2015,10.081254,0.050000
2016,6.292446,0.050000
2017,10.646009,0.050000
2018,7.841614,0.050000
2019,10.299530,0.050000
2020,5.565634,0.050000
2021,12.482050,0.050000
2022,8.095172,0.050000
2023,9.121393,0.050000
2024,15.101126,0.050000
2025,7.444385,0.050000
2026,8.732577,0.050000
2027,10.742684,0.050000
2028,9.286851,0.050000
2029,10.442963,0.050000
2030,16.420097,0.050000
2031,4.303568,0.050000
2032,8.414786,0.050000
2033,14.516646,0.050000
2034,9.465855,0.050000
2035,4.446449,0.050000
2036,10.697931,0.050000
2037,16.885365,0.050000
2038,12.749545,0.050000
2039,22.558448,0.050000
2040,4.250149,0.050000
2041,8.649300,0.050000
2042,8.131651,0.050000
2043,6.449025,0.050000
2044,18.508751,0.050000
2045,15.793903,0.050000
2046,4.723161,0.050000
2047,11.120203,0.050000
2048,3.307955,0.050000
2049,14.627072,0.050000
2050,6.527062,0.050000
2051,8.628414,0.050000
2052,27.311352,0.050000
2053,19.160349,0.050000
2054,15.042702,0.050000
2055,0.609747,0.050000
2056,18.145533,0.050000
2057,4.563237,0.050000
2058,12.996582,0.050000
2059,8.652568,0.050000
2060,33.986419,0.050000
2061,15.869719,0.050000
2062,6.066016,0.050000
2063,10.169979,0.050000
2064,7.267773,0.050000
2065,16.478013,0.050000
2066,1.505329,0.050000
2067,10.115628,0.050000
2068,0.979357,0.050000
2069,17.979420,0.050000
2070,6.834976,0.050000
2071,11.248870,0.050000
2072,19.829946,0.050000
2073,11.048144,0.050000
2074,7.686578,0.050000
2075,9.669763,0.050000
2076,6.125831,0.050000
2077,7.156917,0.050000
2078,21.176073,0.050000
2079,14.155663,0.050000
2080,5.845612,0.050000
2081,22.638621,0.050000
2082,26.046718,0.050000
2083,8.175628,0.050000
2084,7.684798,0.050000
2085,5.273394,0.050000
2086,9.580938,0.050000
2087,23.096945,0.050000
2088,5.254103,0.050000
2089,5.682419,0.050000
2090,6.441940,0.050000
2091,10.768244,0.050000
2092,15.289722,0.050000
2093,5.126062,0.050000
2094,5.463787,0.050000
2095,2.840180,0.050000
2096,14.509185,0.050000
2097,13.620708,0.050000
2098,27.262923,0.050000
2099,21.846884,0.050000
2100,1.275309,0.050000
2101,4.186345,0.050000
2102,7.894165,0.050000
2103,5.290929,0.050000
2104,6.495126,0.050000
2105,4.531536,0.050000
2106,11.694694,0.050000
2107,5.534337,0.050000
2108,8.154943,0.050000
2109,16.504999,0.050000
2110,6.260164,0.050000
2111,4.009204,0.050000
2112,27.913413,0.050000
2113,3.430210,0.050000
2114,15.087155,0.050000
2115,13.153104,0.050000
2116,14.710439,0.050000
2117,6.086819,0.050000
2118,11.992881,0.050000
2119,11.233814,0.050000
2120,3.968212,0.050000
2121,4.594198,0.050000
2122,10.258168,0.050000
2123,6.412808,0.050000
2124,33.790235,0.050000
2125,12.421044,0.050000
2126,6.391127,0.050000
2127,9.945447,0.050000
2128,4.531710,0.050000
2129,3.888752,0.050000
2130,13.184381,0.050000
2131,15.900568,0.050000
2132,4.886375,0.050000
2133,13.250556,0.050000
2134,5.626767,0.050000
2135,-0.353102,0.050000
2136,19.788998,0.050000
2137,10.863453,0.050000
2138,5.201406,0.050000
2139,13.762281,0.050000
2140,16.959141,0.050000
2141,10.179071,0.050000
2142,18.064763,0.050000
2143,11.850197,0.050000
2144,15.341059,0.050000
2145,6.506160,0.050000
2146,11.872687,0.050000
2147,12.968211,0.050000
2148,11.697478,0.050000
2149,16.017330,0.050000
2150,5.827396,0.050000
2151,9.859822,0.050000
2152,3.671465,0.050000
2153,7.170324,0.050000
2154,26.075816,0.050000
2155,6.898135,0.050000
2156,3.745500,0.050000
2157,4.701465,0.050000
2158,17.834532,0.050000
2159,4.294369,0.050000
2160,21.959061,0.050000
2161,5.131923,0.050000
2162,6.509910,0.050000
2163,5.958412,0.050000
2164,15.927882,0.050000
2165,8.323977,0.050000
2166,4.098475,0.050000
2167,7.750507,0.050000
2168,12.178092,0.050000
2169,14.984473,0.050000
2170,15.882655,0.050000
2171,13.705083,0.050000
2172,7.525798,0.050000
2173,5.408067,0.050000
2174,2.555726,0.050000
2175,30.480970,0.050000
2176,4.684558,0.050000
2177,4.567129,0.050000
2178,11.161887,0.050000
2179,3.018754,0.050000
2180,-0.639574,0.050000
2181,10.686236,0.050000
2182,4.956354,0.050000
2183,16.181397,0.050000
2184,20.588535,0.050000
2185,2.433135,0.050000
2186,-0.060008,0.050000
2187,15.860955,0.050000
2188,8.438930,0.050000
2189,14.166943,0.050000
2190,5.614657,0.050000
2191,9.160855,0.050000
2192,19.426935,0.050000
2193,3.742861,0.050000
2194,15.368476,0.050000
2195,4.281875,0.050000
2196,0.119904,0.050000
2197,9.351577,0.050000
2198,14.452737,0.050000
2199,7.989316,0.050000
2200,11.175020,0.050000
2201,6.478075,0.050000
2202,32.180073,0.050000
2203,20.841289,0.050000
2204,2.029682,0.050000
2205,17.756334,0.050000
2206,6.525637,0.050000
2207,12.643089,0.050000
2208,8.290782,0.050000
2209,15.065853,0.050000
2210,16.811942,0.050000
2211,4.880298,0.050000
2212,12.704746,0.050000
2213,1.875713,0.050000
2214,29.028876,0.050000
2215,5.771093,0.050000
2216,7.517294,0.050000
2217,18.257808,0.050000
2218,13.378767,0.050000
2219,16.106371,0.050000
2220,16.636713,0.050000
2221,23.413036,0.050000
2222,9.823259,0.050000
2223,28.641444,0.050000
2224,7.751957,0.050000
2225,6.799173,0.050000
2226,10.646319,0.050000
2227,6.639512,0.050000
2228,25.893423,0.050000
2229,9.148726,0.050000
2230,9.582645,0.050000
2231,11.200844,0.050000
2232,18.864746,0.050000
2233,9.309652,0.050000
2234,24.264897,0.050000
2235,11.840824,0.050000
2236,15.117498,0.050000
2237,15.032166,0.050000
2238,14.201330,0.050000
2239,28.681227,0.050000
2240,16.984287,0.050000
2241,11.185704,0.050000
2242,7.781130,0.050000
2243,6.342282,0.050000
2244,8.141243,0.050000
2245,6.686567,0.050000
2246,2.647793,0.050000
2247,8.476598,0.050000
2248,13.560493,0.050000
2249,8.389615,0.050000
2250,6.672125,0.050000
2251,9.535517,0.050000
2252,8.107482,0.050000
2253,10.104062,0.050000
2254,14.661859,0.050000
2255,6.524158,0.050000
2256,13.068343,0.050000
2257,12.196256,0.050000
2258,17.303532,0.050000
2259,18.850955,0.050000
2260,12.657025,0.050000
2261,22.703845,0.050000
2262,4.133629,0.050000
2263,25.173683,0.050000
2264,7.641498,0.050000
2265,9.184691,0.050000
2266,3.325471,0.050000
2267,11.208920,0.050000
2268,1.018222,0.050000
2269,16.312018,0.050000
2270,12.011759,0.050000
2271,4.955330,0.050000
2272,10.922365,0.050000
2273,18.804223,0.050000
2274,22.717851,0.050000
2275,1.766892,0.050000
2276,16.337471,0.050000
2277,24.262798,0.050000
2278,9.082441,0.050000
2279,1.391016,0.050000
2280,7.456542,0.050000
2281,24.318930,0.050000
2282,16.650027,0.050000
2283,4.466882,0.050000
2284,14.478435,0.050000
2285,9.098184,0.050000
2286,7.043462,0.050000
2287,20.571272,0.050000
2288,6.443805,0.050000
2289,2.541487,0.050000
2290,7.165042,0.050000
2291,10.493318,0.050000
2292,22.605775,0.050000
2293,15.002667,0.050000
2294,6.732118,0.050000
2295,16.540038,0.050000
2296,11.175959,0.050000
2297,20.367733,0.050000
2298,28.533015,0.050000
2299,7.052598,0.050000
2300,5.144382,0.050000
2301,28.525345,0.050000
2302,18.546545,0.050000
2303,12.275126,0.050000
2304,7.575884,0.050000
2305,15.071651,0.050000
2306,1.437183,0.050000
2307,5.886784,0.050000
2308,8.184723,0.050000
2309,9.387502,0.050000
2310,18.779770,0.050000
2311,12.929578,0.050000
2312,11.578342,0.050000
2313,3.149166,0.050000
2314,17.499369,0.050000
2315,6.176560,0.050000
2316,9.693811,0.050000
2317,19.593837,0.050000
2318,6.022775,0.050000
2319,9.749563,0.050000
2320,17.648252,0.050000
2321,6.587157,0.050000
2322,2.715974,0.050000
2323,23.802027,0.050000
2324,7.903496,0.050000
2325,4.750545,0.050000
2326,19.522801,0.050000
2327,15.903637,0.050000
2328,13.296902,0.050000
2329,4.304097,0.050000
2330,3.210509,0.050000
2331,22.421618,0.050000
2332,27.006622,0.050000
2333,9.203980,0.050000
2334,10.370383,0.050000
2335,18.757966,0.050000
2336,2.970942,0.050000
2337,4.214654,0.050000
2338,4.823569,0.050000
2339,7.875708,0.050000
2340,20.074558,0.050000
2341,26.984075,0.050000
2342,19.898952,0.050000
2343,3.834721,0.050000
2344,15.263759,0.050000
2345,7.296515,0.050000
2346,19.449007,0.050000
2347,24.300381,0.050000
2348,25.806249,0.050000
2349,5.725212,0.050000
2350,22.338791,0.050000
2351,14.858119,0.050000
2352,9.582956,0.050000
2353,17.278984,0.050000
2354,14.318608,0.050000
2355,7.874932,0.050000
2356,6.460059,0.050000
2357,7.706849,0.050000
2358,17.451228,0.050000
2359,21.077172,0.050000
2360,2.149235,0.050000
2361,7.224976,0.050000
2362,31.210715,0.050000
2363,7.051131,0.050000
2364,6.409574,0.050000
2365,3.648172,0.050000
2366,6.926340,0.050000
2367,12.775258,0.050000
2368,5.486599,0.050000
2369,5.071895,0.050000
2370,11.981349,0.050000
2371,8.429624,0.050000
2372,0.971210,0.050000
2373,17.851271,0.050000
2374,14.322723,0.050000
2375,2.013512,0.050000
2376,29.828263,0.050000
2377,7.748130,0.050000
2378,25.575321,0.050000
2379,9.413064,0.050000
2380,28.929412,0.050000
2381,11.968572,0.050000
2382,11.388575,0.050000
2383,11.858259,0.050000
2384,27.467203,0.050000
2385,5.036616,0.050000
2386,9.367406,0.050000
2387,9.164698,0.050000
2388,26.094732,0.050000
2389,4.552634,0.050000
2390,2.044007,0.050000
2391,0.753965,0.050000
2392,22.178441,0.050000
2393,19.084053,0.050000
2394,3.617177,0.050000
2395,13.092866,0.050000
2396,9.934004,0.050000
2397,11.009603,0.050000
2398,9.714096,0.050000
2399,7.454674,0.050000
2400,6.999080,0.050000
2401,21.052543,0.050000
2402,6.006798,0.050000
2403,13.690781,0.050000
2404,2.531229,0.050000
2405,16.523097,0.050000
2406,33.197999,0.050000
2407,28.235341,0.050000
2408,18.617273,0.050000
2409,10.924154,0.050000
2410,10.221813,0.050000
2411,12.657929,0.050000
2412,9.466790,0.050000
2413,1.095339,0.050000
2414,6.379896,0.050000
2415,5.095235,0.050000
2416,34.673189,0.050000
2417,5.857796,0.050000
2418,8.881870,0.050000
2419,11.348500,0.050000
2420,6.407487,0.050000
2421,12.290889,0.050000
2422,13.421966,0.050000
2423,3.293402,0.050000
2424,15.416220,0.050000
2425,10.258154,0.050000
2426,9.092753,0.050000
2427,12.571240,0.050000
2428,10.354496,0.050000
2429,14.605222,0.050000
2430,6.468666,0.050000
2431,8.918963,0.050000
2432,10.050594,0.050000
2433,10.270615,0.050000
2434,15.166321,0.050000
2435,7.361863,0.050000
2436,15.664632,0.050000
2437,0.089993,0.050000
2438,5.211845,0.050000
2439,7.920547,0.050000
2440,9.940545,0.050000
2441,15.443158,0.050000
2442,10.458693,0.050000
2443,11.808203,0.050000
2444,9.544551,0.050000
2445,9.760534,0.050000
2446,4.477897,0.050000
2447,1.958857,0.050000
2448,11.920219,0.050000
2449,15.919695,0.050000
2450,8.985275,0.050000
2451,1.295923,0.050000
2452,3.515952,0.050000
2453,9.814159,0.050000
2454,9.364846,0.050000
2455,9.038845,0.050000
2456,6.441022,0.050000
2457,2.777400,0.050000
2458,0.767910,0.050000
2459,7.090878,0.050000
2460,9.086237,0.050000
2461,1.790829,0.050000
2462,17.680432,0.050000
2463,-2.249676,0.050000
2464,0.883078,0.050000
2465,1.958388,0.050000
2466,15.129844,0.050000
2467,6.551955,0.050000
2468,9.994363,0.050000
2469,9.838382,0.050000
2470,9.875115,0.050000
2471,15.987593,0.050000
2472,0.009764,0.050000
2473,9.758326,0.050000
2474,3.345847,0.050000
2475,30.885005,0.050000
2476,6.218398,0.050000
2477,7.343195,0.050000
2478,8.718464,0.050000
2479,3.997271,0.050000
2480,7.892006,0.050000
2481,5.782263,0.050000
2482,-0.012519,0.050000
2483,17.877228,0.050000
2484,12.315944,0.050000
2485,14.072417,0.050000
2486,10.909950,0.050000
2487,14.303655,0.050000
2488,7.566718,0.050000
2489,7.947223,0.050000
2490,10.928050,0.050000
2491,6.770956,0.050000
2492,18.304231,0.050000
2493,17.694407,0.050000
2494,24.844680,0.050000
2495,-0.400446,0.050000
2496,28.822808,0.050000
2497,0.972918,0.050000
2498,22.154573,0.050000
2499,7.120209,0.050000
2500,15.982217,0.050000
2501,6.121758,0.050000
2502,18.252435,0.050000
2503,15.005828,0.050000
2504,2.968967,0.050000
2505,9.413151,0.050000
2506,14.687574,0.050000
2507,1.242668,0.050000
2508,0.857854,0.050000
2509,0.036079,0.050000
2510,8.521599,0.050000
2511,4.184778,0.050000
2512,11.722122,0.050000
2513,5.203181,0.050000
2514,11.178918,0.050000
2515,16.250976,0.050000
2516,7.693679,0.050000
2517,2.571708,0.050000
2518,5.033913,0.050000
2519,19.280459,0.050000
2520,0.238738,0.050000
2521,0.863768,0.050000
2522,13.316348,0.050000
2523,2.522914,0.050000
2524,16.224449,0.050000
2525,10.227781,0.050000
2526,9.889219,0.050000
2527,15.823064,0.050000
2528,17.549767,0.050000
2529,1.907522,0.050000
2530,25.442294,0.050000
2531,18.096201,0.050000
2532,9.810306,0.050000
2533,39.826648,0.050000
2534,6.422509,0.050000
2535,2.252003,0.050000
2536,5.148486,0.050000
2537,8.273248,0.050000
2538,11.498253,0.050000
2539,2.988873,0.050000
2540,11.762141,0.050000
2541,2.890319,0.050000
2542,7.641480,0.050000
2543,8.235332,0.050000
2544,12.045413,0.050000
2545,7.860410,0.050000
2546,16.851694,0.050000
2547,18.249770,0.050000
2548,6.970465,0.050000
2549,9.332716,0.050000
2550,8.676928,0.050000
2551,8.184199,0.050000
2552,15.433653,0.050000
2553,14.823779,0.050000
2554,21.848633,0.050000
2555,10.448305,0.050000
2556,4.201289,0.050000
2557,1.408306,0.050000
2558,14.900119,0.050000
2559,7.462191,0.050000
2560,11.450567,0.050000
2561,4.676179,0.050000
2562,10.399629,0.050000
2563,11.210332,0.050000
2564,11.411214,0.050000
2565,3.831713,0.050000
2566,3.403561,0.050000
2567,9.198081,0.050000
2568,6.798551,0.050000
2569,8.028747,0.050000
2570,8.234630,0.050000
2571,9.853590,0.050000
2572,8.776303,0.050000
2573,4.522572,0.050000
2574,7.312490,0.050000
2575,16.189614,0.050000
2576,11.567131,0.050000
2577,18.176694,0.050000
2578,4.556718,0.050000
2579,1.191187,0.050000
2580,7.170660,0.050000
2581,6.332984,0.050000
2582,9.476096,0.050000
2583,10.146319,0.050000
2584,11.366499,0.050000
2585,2.106662,0.050000
2586,7.548492,0.050000
2587,5.319918,0.050000
2588,18.597263,0.050000
2589,8.151895,0.050000
2590,3.807505,0.050000
2591,9.075714,0.050000
2592,7.866680,0.050000
2593,3.613049,0.050000
2594,6.436513,0.050000
2595,1.679159,0.050000
2596,9.836836,0.050000
2597,7.000652,0.050000
2598,8.398406,0.050000
2599,10.253609,0.050000
2600,7.096170,0.050000
2601,11.236830,0.050000
2602,23.829336,0.050000
2603,3.221654,0.050000
2604,15.196046,0.050000
2605,3.992891,0.050000
2606,16.797199,0.050000
2607,3.020291,0.050000
2608,2.631557,0.050000
2609,9.042443,0.050000
2610,3.658573,0.050000
2611,1.872948,0.050000
2612,4.396308,0.050000
2613,16.186940,0.050000
2614,7.098971,0.050000
2615,9.244255,0.050000
2616,13.238546,0.050000
2617,18.766224,0.050000
2618,5.539830,0.050000
2619,18.820319,0.050000
2620,10.990364,0.050000
2621,6.922521,0.050000
2622,10.812580,0.050000
2623,2.475001,0.050000
2624,7.740887,0.050000
2625,24.230602,0.050000
2626,5.488237,0.050000
2627,6.043442,0.050000
2628,7.577632,0.050000
2629,6.575581,0.050000
2630,18.695437,0.050000
2631,9.303970,0.050000
2632,7.098164,0.050000
2633,12.230714,0.050000
2634,28.041048,0.050000
2635,-1.200949,0.050000
2636,16.879577,0.050000
2637,11.121418,0.050000
2638,9.755200,0.050000
2639,8.692630,0.050000
2640,17.800367,0.050000
2641,9.481687,0.050000
2642,7.091248,0.050000
2643,4.641050,0.050000
2644,1.506921,0.050000
2645,-0.609451,0.050000
2646,8.380405,0.050000
2647,10.527426,0.050000
2648,8.259215,0.050000
2649,20.821498,0.050000
2650,1.478183,0.050000
2651,15.395279,0.050000
2652,16.100943,0.050000
2653,15.942485,0.050000
2654,7.110336,0.050000
2655,17.820531,0.050000
2656,15.430596,0.050000
2657,13.067560,0.050000
2658,16.189840,0.050000
2659,11.630598,0.050000
2660,9.745465,0.050000
2661,1.968536,0.050000
2662,7.057202,0.050000
2663,2.264713,0.050000
2664,5.899221,0.050000
2665,11.489627,0.050000
2666,9.361297,0.050000
2667,5.593209,0.050000
2668,10.576470,0.050000
2669,12.530219,0.050000
2670,13.183059,0.050000
2671,0.401759,0.050000
2672,9.925344,0.050000
2673,14.543326,0.050000
2674,7.344651,0.050000
2675,22.504445,0.050000
2676,2.380664,0.050000
2677,6.307692,0.050000
2678,11.231164,0.050000
2679,13.892445,0.050000
2680,13.745773,0.050000
2681,17.266893,0.050000
2682,12.551052,0.050000
2683,22.594522,0.050000
2684,7.887114,0.050000
2685,13.630793,0.050000
2686,11.438464,0.050000
2687,12.118553,0.050000
2688,11.919421,0.050000
2689,13.381638,0.050000
2690,12.568427,0.050000
2691,2.627861,0.050000
2692,8.292253,0.050000
2693,9.497214,0.050000
2694,9.690526,0.050000
2695,3.841957,0.050000
2696,6.344363,0.050000
2697,10.157974,0.050000
2698,15.842960,0.050000
2699,-1.018668,0.050000
2700,21.830802,0.050000
2701,21.233960,0.050000
2702,17.955090,0.050000
2703,9.354638,0.050000
2704,8.589371,0.050000
2705,7.160732,0.050000
2706,2.722002,0.050000
2707,8.533695,0.050000
2708,12.738084,0.050000
2709,6.725530,0.050000
2710,8.093439,0.050000
2711,14.152720,0.050000
2712,1.127399,0.050000
2713,5.127347,0.050000
2714,5.615557,0.050000
2715,19.419284,0.050000
2716,15.558197,0.050000
2717,7.440746,0.050000
2718,9.557255,0.050000
2719,17.072054,0.050000
2720,13.209656,0.050000
2721,11.912893,0.050000
2722,9.984433,0.050000
2723,20.572563,0.050000
2724,1.461748,0.050000
2725,21.244842,0.050000
2726,7.016278,0.050000
2727,6.557027,0.050000
2728,4.773185,0.050000
2729,10.601696,0.050000
2730,16.929076,0.050000
2731,13.943722,0.050000
2732,10.478442,0.050000
2733,15.052955,0.050000
2734,3.362412,0.050000
2735,10.581877,0.050000
2736,14.060073,0.050000
2737,12.949109,0.050000
2738,29.638345,0.050000
2739,9.198161,0.050000
2740,10.960697,0.050000
2741,6.203848,0.050000
2742,1.536448,0.050000
2743,9.182647,0.050000
2744,4.692530,0.050000
2745,1.430458,0.050000
2746,3.602198,0.050000
2747,8.752107,0.050000
2748,7.781691,0.050000
2749,7.028318,0.050000
2750,4.071000,0.050000
2751,14.837619,0.050000
2752,27.415884,0.050000
2753,5.914295,0.050000
2754,12.808036,0.050000
2755,16.134406,0.050000
2756,7.484093,0.050000
2757,7.764055,0.050000
2758,19.916193,0.050000
2759,6.674820,0.050000
2760,2.878633,0.050000
2761,23.879247,0.050000
2762,19.657241,0.050000
2763,19.491286,0.050000
2764,9.955611,0.050000
2765,11.456757,0.050000
2766,12.278488,0.050000
2767,11.659030,0.050000
2768,13.659234,0.050000
2769,2.144816,0.050000
2770,13.275707,0.050000
2771,22.533123,0.050000
2772,0.130281,0.050000
2773,9.462884,0.050000
2774,4.055960,0.050000
2775,11.546935,0.050000
2776,1.510523,0.050000
2777,5.669748,0.050000
2778,9.492299,0.050000
2779,23.290044,0.050000
2780,1.075840,0.050000
2781,14.512001,0.050000
2782,10.655063,0.050000
2783,13.184483,0.050000
2784,18.515117,0.050000
2785,19.617415,0.050000
2786,25.520917,0.050000
2787,21.283909,0.050000
2788,18.834079,0.050000
2789,10.536712,0.050000
2790,11.673036,0.050000
2791,3.734494,0.050000
2792,2.142762,0.050000
2793,16.964271,0.050000
2794,15.559024,0.050000
2795,19.892768,0.050000
2796,11.849024,0.050000
2797,19.288291,0.050000
2798,11.656369,0.050000
2799,1.780095,0.050000
2800,13.174259,0.050000
2801,24.901610,0.050000
2802,6.355554,0.050000
2803,2.142290,0.050000
2804,16.704613,0.050000
2805,18.510524,0.050000
2806,4.755178,0.050000
2807,3.267189,0.050000
2808,-0.148131,0.050000
2809,16.901772,0.050000
2810,10.469991,0.050000
2811,24.304864,0.050000
2812,15.239912,0.050000
2813,23.477589,0.050000
2814,2.841366,0.050000
2815,21.687183,0.050000
2816,9.376824,0.050000
2817,12.992940,0.050000
2818,11.605548,0.050000
2819,15.308400,0.050000
2820,12.440690,0.050000
2821,17.146445,0.050000
2822,14.785069,0.050000
2823,14.195304,0.050000
2824,-0.262147,0.050000
2825,11.149107,0.050000
2826,5.479722,0.050000
2827,4.275928,0.050000
2828,8.595439,0.050000
2829,15.201938,0.050000
2830,14.706227,0.050000
2831,12.034474,0.050000
2832,0.430358,0.050000
2833,20.302998,0.050000
2834,6.901195,0.050000
2835,1.906746,0.050000
2836,8.214511,0.050000
2837,14.157180,0.050000
2838,10.704444,0.050000
2839,9.668354,0.050000
2840,7.310729,0.050000
2841,7.842910,0.050000
2842,3.531983,0.050000
2843,4.685371,0.050000
2844,10.107636,0.050000
2845,15.414994,0.050000
2846,1.679501,0.050000
2847,9.703886,0.050000
2848,10.245815,0.050000
2849,12.943947,0.050000
2850,-1.360376,0.050000
2851,3.353982,0.050000
2852,14.824502,0.050000
2853,5.239667,0.050000
2854,6.943245,0.050000
2855,2.966496,0.050000
2856,1.026411,0.050000
2857,8.811222,0.050000
2858,5.029246,0.050000
2859,14.093587,0.050000
2860,7.571218,0.050000
2861,10.742837,0.050000
2862,2.472493,0.050000
2863,0.486612,0.050000
2864,13.302776,0.050000
2865,3.063910,0.050000
2866,7.528947,0.050000
2867,0.378039,0.050000
2868,18.734613,0.050000
2869,10.022748,0.050000
2870,11.729121,0.050000
2871,1.460983,0.050000
2872,4.230066,0.050000
2873,14.945745,0.050000
2874,9.989019,0.050000
2875,9.635142,0.050000
2876,4.371425,0.050000
2877,5.989478,0.050000
2878,24.512847,0.050000
2879,15.235812,0.050000
2880,13.060738,0.050000
2881,3.140698,0.050000
2882,30.348958,0.050000
2883,14.690918,0.050000
2884,15.539457,0.050000
2885,4.722552,0.050000
2886,23.232781,0.050000
2887,5.003194,0.050000
2888,17.895160,0.050000
2889,11.045642,0.050000
2890,23.025644,0.050000
2891,-1.393061,0.050000
2892,12.413436,0.050000
2893,8.597080,0.050000
2894,1.143906,0.050000
2895,7.231814,0.050000
2896,10.071841,0.050000
2897,16.598946,0.050000
2898,8.637239,0.050000
2899,1.438679,0.050000
2900,0.450548,0.050000
2901,6.465875,0.050000
2902,7.393252,0.050000
2903,20.771700,0.050000
2904,10.781299,0.050000
2905,11.352305,0.050000
2906,17.617184,0.050000
2907,24.607250,0.050000
2908,13.481942,0.050000
2909,3.510438,0.050000
2910,13.482943,0.050000
2911,8.306350,0.050000
2912,11.141442,0.050000
2913,13.241181,0.050000
2914,10.514313,0.050000
2915,6.182637,0.050000
2916,17.545090,0.050000
2917,15.261717,0.050000
2918,16.441919,0.050000
2919,13.620026,0.050000
2920,21.601679,0.050000
2921,6.802750,0.050000
2922,5.919315,0.050000
2923,6.484594,0.050000
2924,10.988643,0.050000
2925,15.388401,0.050000
2926,8.840000,0.050000
2927,2.612343,0.050000
2928,20.648127,0.050000
2929,29.254957,0.050000
2930,5.659814,0.050000
2931,3.457208,0.050000
2932,19.896773,0.050000
2933,3.593498,0.050000
2934,4.815903,0.050000
2935,20.519904,0.050000
2936,3.149643,0.050000
2937,5.350997,0.050000
2938,4.289753,0.050000
2939,13.935556,0.050000
2940,2.673131,0.050000
2941,2.748320,0.050000
2942,17.812959,0.050000
2943,16.734589,0.050000
2944,2.692632,0.050000
2945,4.880295,0.050000
2946,8.545341,0.050000
2947,12.648071,0.050000
2948,14.254867,0.050000
2949,5.957979,0.050000
2950,25.336284,0.050000
2951,8.027901,0.050000
2952,6.772178,0.050000
2953,19.192213,0.050000
2954,9.096289,0.050000
2955,2.425349,0.050000
2956,2.358960,0.050000
2957,9.683724,0.050000
2958,11.883763,0.050000
2959,19.068635,0.050000
2960,7.773344,0.050000
2961,11.691871,0.050000
2962,9.226866,0.050000
2963,12.510557,0.050000
2964,5.036180,0.050000
2965,13.248670,0.050000
2966,12.516683,0.050000
2967,8.667468,0.050000
2968,11.132788,0.050000
2969,15.991478,0.050000
2970,4.776249,0.050000
2971,12.898374,0.050000
2972,3.636000,0.050000
2973,5.637590,0.050000
2974,9.507751,0.050000
2975,7.140945,0.050000
2976,7.422508,0.050000
2977,16.215858,0.050000
2978,7.907982,0.050000
2979,5.694134,0.050000
2980,18.368857,0.050000
2981,11.591336,0.050000
2982,9.770016,0.050000
2983,22.535567,0.050000
2984,14.605281,0.050000
2985,8.995858,0.050000
2986,12.817144,0.050000
2987,10.368244,0.050000
2988,9.693930,0.050000
2989,7.871269,0.050000
2990,6.125492,0.050000
2991,14.807409,0.050000
2992,4.906773,0.050000
2993,8.791372,0.050000
2994,9.104334,0.050000
2995,7.225087,0.050000
2996,16.848015,0.050000
2997,8.018639,0.050000
2998,10.937843,0.050000
2999,6.652686,0.050000
3000,1.064568,0.050000
3001,10.896884,0.050000
3002,7.341164,0.050000
3003,12.957874,0.050000
3004,5.346210,0.050000
3005,11.825378,0.050000
3006,2.762244,0.050000
3007,5.599769,0.050000
3008,4.518709,0.050000
3009,17.524919,0.050000
3010,2.169686,0.050000
3011,12.543044,0.050000
3012,18.413577,0.050000
3013,9.348123,0.050000
3014,11.950108,0.050000
3015,7.297158,0.050000
3016,13.845895,0.050000
3017,16.190902,0.050000
3018,7.388677,0.050000
3019,32.950209,0.050000
3020,11.292701,0.050000
3021,19.188905,0.050000
3022,13.002740,0.050000
3023,12.918029,0.050000
3024,23.046726,0.050000
3025,8.891390,0.050000
3026,11.993058,0.050000
3027,7.877821,0.050000
3028,6.803615,0.050000
3029,3.817880,0.050000
3030,8.342471,0.050000
3031,0.629662,0.050000
3032,13.268225,0.050000
3033,9.373051,0.050000
3034,4.670117,0.050000
3035,9.856845,0.050000
3036,10.165506,0.050000
3037,6.082076,0.050000
3038,3.905661,0.050000
3039,2.889973,0.050000
3040,8.210811,0.050000
3041,2.039207,0.050000
3042,15.002952,0.050000
3043,3.746416,0.050000
3044,5.282218,0.050000
3045,5.661294,0.050000
3046,7.114486,0.050000
3047,4.540065,0.050000
3048,2.667868,0.050000
3049,6.037735,0.050000
3050,7.337853,0.050000
3051,15.022993,0.050000
3052,10.496956,0.050000
3053,-0.600690,0.050000
3054,8.717081,0.050000
3055,8.556746,0.050000
3056,7.011834,0.050000
3057,9.537265,0.050000
3058,15.681381,0.050000
3059,17.711320,0.050000
3060,14.057505,0.050000
3061,6.821780,0.050000
3062,7.307334,0.050000
3063,9.729073,0.050000
3064,6.835037,0.050000
3065,12.721453,0.050000
3066,8.218569,0.050000
3067,13.812254,0.050000
3068,11.186796,0.050000
3069,5.309789,0.050000
3070,6.862141,0.050000
3071,18.458347,0.050000
3072,13.645785,0.050000
3073,3.889615,0.050000
3074,30.102425,0.050000
3075,12.048427,0.050000
3076,11.266679,0.050000
3077,2.046685,0.050000
3078,7.960589,0.050000
3079,4.596627,0.050000
3080,5.548363,0.050000
3081,8.494148,0.050000
3082,6.263583,0.050000
3083,9.967015,0.050000
3084,5.720633,0.050000
3085,5.814007,0.050000
3086,18.178593,0.050000
3087,33.438915,0.050000
3088,7.009861,0.050000
3089,11.228905,0.050000
3090,6.539367,0.050000
3091,16.308738,0.050000
3092,11.362236,0.050000
3093,18.801775,0.050000
3094,17.753518,0.050000
3095,11.306200,0.050000
3096,14.938179,0.050000
3097,12.369229,0.050000
3098,6.153500,0.050000
3099,14.465268,0.050000
3100,19.583463,0.050000
3101,16.494816,0.050000
3102,16.013165,0.050000
3103,19.033427,0.050000
3104,9.123748,0.050000
3105,6.510061,0.050000
3106,13.133857,0.050000
3107,1.960626,0.050000
3108,11.306390,0.050000
3109,5.104400,0.050000
3110,12.893951,0.050000
3111,13.907692,0.050000
3112,3.400634,0.050000
3113,4.262295,0.050000
3114,8.724878,0.050000
3115,12.401294,0.050000
3116,14.952060,0.050000
3117,11.380565,0.050000
3118,13.093159,0.050000
3119,14.854387,0.050000
3120,5.207602,0.050000
3121,9.044334,0.050000
3122,11.521456,0.050000
3123,15.355116,0.050000
3124,8.652454,0.050000
3125,9.985862,0.050000
3126,4.609833,0.050000
3127,15.007590,0.050000
3128,11.135529,0.050000
3129,7.895606,0.050000
3130,5.053054,0.050000
3131,12.054742,0.050000
3132,12.146763,0.050000
3133,15.679791,0.050000
3134,7.345131,0.050000
3135,15.316522,0.050000
3136,6.969161,0.050000
3137,6.067270,0.050000
3138,15.711085,0.050000
3139,7.088869,0.050000
3140,14.641702,0.050000
3141,7.059016,0.050000
3142,16.606768,0.050000
3143,17.168275,0.050000
3144,9.229440,0.050000
3145,10.244082,0.050000
3146,10.445319,0.050000
3147,8.920331,0.050000
3148,1.387704,0.050000
3149,14.853473,0.050000
3150,5.356766,0.050000
3151,7.225899,0.050000
3152,18.568140,0.050000
3153,5.072080,0.050000
3154,12.250115,0.050000
3155,9.068336,0.050000
3156,4.562051,0.050000
3157,0.229041,0.050000
3158,6.094652,0.050000
3159,19.017075,0.050000
3160,20.967921,0.050000
3161,7.901539,0.050000
3162,15.112701,0.050000
3163,6.161684,0.050000
3164,21.090902,0.050000
3165,12.911309,0.050000
3166,9.324885,0.050000
3167,4.486260,0.050000
3168,31.765933,0.050000
3169,19.903676,0.050000
3170,14.043623,0.050000
3171,7.357213,0.050000
3172,0.545279,0.050000
3173,7.417774,0.050000
3174,5.320854,0.050000
3175,17.679986,0.050000
3176,9.705330,0.050000
3177,12.123525,0.050000
3178,8.309211,0.050000
3179,4.048743,0.050000
3180,11.049710,0.050000
3181,1.075824,0.050000
3182,5.932876,0.050000
3183,12.755653,0.050000
3184,7.537342,0.050000
3185,11.506814,0.050000
3186,7.504916,0.050000
3187,21.612776,0.050000
3188,5.508605,0.050000
3189,29.884848,0.050000
3190,2.522477,0.050000
3191,8.676150,0.050000
3192,14.932212,0.050000
3193,16.813469,0.050000
3194,0.060141,0.050000
3195,6.050629,0.050000
3196,12.289360,0.050000
3197,2.844198,0.050000
3198,6.228667,0.050000
3199,11.969648,0.050000
3200,13.014733,0.050000
3201,6.804054,0.050000
3202,6.240399,0.050000
3203,5.487613,0.050000
3204,9.580782,0.050000
3205,12.647077,0.050000
3206,9.348597,0.050000
3207,5.502206,0.050000
3208,8.306216,0.050000
3209,7.166147,0.050000
3210,7.625364,0.050000
3211,9.534505,0.050000
3212,7.328774,0.050000
3213,8.447898,0.050000
3214,10.309692,0.050000
3215,10.140617,0.050000
3216,4.311752,0.050000
3217,9.975668,0.050000
3218,16.710036,0.050000
3219,6.583533,0.050000
3220,5.047549,0.050000
3221,11.014350,0.050000
3222,0.912946,0.050000
3223,11.330040,0.050000
3224,8.043958,0.050000
3225,11.841819,0.050000
3226,13.460584,0.050000
3227,2.432423,0.050000
3228,7.664512,0.050000
3229,2.864267,0.050000
3230,11.529686,0.050000
3231,10.948142,0.050000
3232,5.706106,0.050000
3233,8.562536,0.050000
3234,3.584435,0.050000
3235,13.984071,0.050000
3236,22.432273,0.050000
3237,7.944749,0.050000
3238,6.673168,0.050000
3239,7.624291,0.050000
3240,20.082042,0.050000
3241,1.865653,0.050000
3242,13.689200,0.050000
3243,14.366040,0.050000
3244,8.189367,0.050000
3245,11.756793,0.050000
3246,10.595984,0.050000
3247,3.613350,0.050000
3248,15.819303,0.050000
3249,10.538558,0.050000
3250,8.415462,0.050000
3251,4.372228,0.050000
3252,6.386203,0.050000
3253,4.965970,0.050000
3254,7.633874,0.050000
3255,4.118220,0.050000
3256,5.971268,0.050000
3257,22.146828,0.050000
3258,17.474893,0.050000
3259,4.601895,0.050000
3260,8.063267,0.050000
3261,21.044743,0.050000
3262,10.451758,0.050000
3263,21.498198,0.050000
3264,17.190000,0.050000
3265,17.611681,0.050000
3266,4.204283,0.050000
3267,25.258612,0.050000
3268,10.186527,0.050000
3269,14.203048,0.050000
3270,2.936717,0.050000
3271,15.812721,0.050000
3272,16.869562,0.050000
3273,7.888855,0.050000
3274,4.599036,0.050000
3275,20.988680,0.050000
3276,9.480815,0.050000
3277,16.820232,0.050000
3278,16.240531,0.050000
3279,4.784816,0.050000
3280,0.505057,0.050000
3281,7.846631,0.050000
3282,7.796753,0.050000
3283,7.665341,0.050000
3284,14.157529,0.050000
3285,12.838217,0.050000
3286,3.628171,0.050000
3287,7.850438,0.050000
3288,11.756007,0.050000
3289,8.686969,0.050000
3290,7.021852,0.050000
3291,7.027717,0.050000
3292,9.401723,0.050000
3293,13.624269,0.050000
3294,20.096584,0.050000
3295,14.753796,0.050000
3296,5.730251,0.050000
3297,8.669062,0.050000
3298,10.150453,0.050000
3299,6.983050,0.050000
3300,12.522778,0.050000
3301,7.622802,0.050000
3302,7.110302,0.050000
3303,15.127175,0.050000
3304,7.802650,0.050000
3305,12.142553,0.050000
3306,1.388362,0.050000
3307,15.632076,0.050000
3308,9.875450,0.050000
3309,24.373563,0.050000
3310,4.467043,0.050000
3311,2.474269,0.050000
3312,10.378187,0.050000
3313,0.971450,0.050000
3314,11.831829,0.050000
3315,8.213541,0.050000
3316,10.590647,0.050000
3317,14.954841,0.050000
3318,15.988338,0.050000
3319,11.892300,0.050000
3320,9.659939,0.050000
3321,6.605828,0.050000
3322,2.179943,0.050000
3323,6.186792,0.050000
3324,15.874453,0.050000
3325,6.317799,0.050000
3326,-0.177774,0.050000
3327,5.697438,0.050000
3328,11.195882,0.050000
3329,12.036919,0.050000
3330,11.145599,0.050000
3331,18.480088,0.050000
3332,7.752058,0.050000
3333,6.741601,0.050000
3334,5.041198,0.050000
3335,12.671405,0.050000
3336,5.468740,0.050000
3337,5.831933,0.050000
3338,15.765129,0.050000
3339,9.323637,0.050000
3340,2.365041,0.050000
3341,19.233005,0.050000
3342,5.104780,0.050000
3343,3.726849,0.050000
3344,10.914511,0.050000
3345,7.005656,0.050000
3346,8.229166,0.050000
3347,11.797769,0.050000
3348,15.020868,0.050000
3349,8.679600,0.050000
3350,5.489430,0.050000
3351,2.492942,0.050000
3352,6.408991,0.050000
3353,6.522991,0.050000
3354,6.667235,0.050000
3355,13.809510,0.050000
3356,8.128070,0.050000
3357,5.105822,0.050000
3358,12.131833,0.050000
3359,5.189488,0.050000
3360,12.603335,0.050000
3361,1.910085,0.050000
3362,11.290216,0.050000
3363,9.312687,0.050000
3364,1.653769,0.050000
3365,0.822761,0.050000
3366,10.343251,0.050000
3367,3.158856,0.050000
3368,12.850211,0.050000
3369,5.426690,0.050000
3370,10.518586,0.050000
3371,9.043186,0.050000
3372,22.184420,0.050000
3373,7.197110,0.050000
3374,5.378164,0.050000
3375,1.748217,0.050000
3376,25.692551,0.050000
3377,10.757512,0.050000
3378,10.873458,0.050000
3379,12.503207,0.050000
3380,3.383789,0.050000
3381,1.596946,0.050000
3382,15.052240,0.050000
3383,5.948441,0.050000
3384,10.235486,0.050000
3385,13.019294,0.050000
3386,8.137934,0.050000
3387,1.450876,0.050000
3388,5.684283,0.050000
3389,4.349450,0.050000
3390,14.813198,0.050000
3391,15.177852,0.050000
3392,25.631373,0.050000
3393,5.408458,0.050000
3394,5.446662,0.050000
3395,4.492687,0.050000
3396,11.154190,0.050000
3397,10.505708,0.050000
3398,17.865074,0.050000
3399,2.948904,0.050000
3400,2.146220,0.050000
3401,6.231212,0.050000
3402,6.901542,0.050000
3403,10.959828,0.050000
3404,12.237311,0.050000
3405,16.667830,0.050000
3406,16.765008,0.050000
3407,-1.138288,0.050000
3408,14.645379,0.050000
3409,13.395749,0.050000
3410,6.814248,0.050000
3411,11.794474,0.050000
3412,2.538501,0.050000
3413,1.228968,0.050000
3414,7.768233,0.050000
3415,9.688682,0.050000
3416,15.438351,0.050000
3417,11.266251,0.050000
3418,14.109384,0.050000
3419,20.571251,0.050000
3420,12.823991,0.050000
3421,7.763103,0.050000
3422,17.260478,0.050000
3423,13.080648,0.050000
3424,7.053910,0.050000
3425,11.605303,0.050000
3426,13.860390,0.050000
3427,6.590747,0.050000
3428,4.764375,0.050000
3429,6.742141,0.050000
3430,14.988889,0.050000
3431,2.179564,0.050000
3432,10.930377,0.050000
3433,7.758196,0.050000
3434,6.685613,0.050000
3435,12.416903,0.050000
3436,15.138757,0.050000
3437,0.928303,0.050000
3438,8.639532,0.050000
3439,1.363149,0.050000
3440,12.408148,0.050000
3441,15.438757,0.050000
3442,27.584426,0.050000
3443,12.503815,0.050000
3444,6.483375,0.050000
3445,7.067024,0.050000
3446,5.960275,0.050000
3447,21.283993,0.050000
3448,4.281386,0.050000
3449,11.935419,0.050000
3450,4.966123,0.050000
3451,6.040962,0.050000
3452,13.564055,0.050000
3453,5.291351,0.050000
3454,10.170614,0.050000
3455,8.384079,0.050000
3456,10.673157,0.050000
3457,20.157993,0.050000
3458,5.818256,0.050000
3459,10.367971,0.050000
3460,10.866876,0.050000
3461,7.616057,0.050000
3462,9.933430,0.050000
3463,5.223595,0.050000
3464,12.636468,0.050000
3465,5.273883,0.050000
3466,-0.709305,0.050000
3467,10.106035,0.050000
3468,8.022012,0.050000
3469,9.209088,0.050000
3470,1.142579,0.050000
3471,7.454666,0.050000
3472,2.867784,0.050000
3473,-0.149406,0.050000
3474,11.373627,0.050000
3475,4.683226,0.050000
3476,11.039479,0.050000
3477,7.472862,0.050000
3478,6.178471,0.050000
3479,15.582843,0.050000
3480,8.707958,0.050000
3481,16.934151,0.050000
3482,29.761048,0.050000
3483,11.929831,0.050000
3484,18.255029,0.050000
3485,15.776366,0.050000
3486,7.617430,0.050000
3487,12.232331,0.050000
3488,1.928173,0.050000
3489,9.302698,0.050000
3490,10.937318,0.050000
3491,6.630620,0.050000
3492,4.733237,0.050000
3493,4.271628,0.050000
3494,7.092571,0.050000
3495,13.928770,0.050000
3496,7.070149,0.050000
3497,12.259605,0.050000
3498,6.038408,0.050000
3499,15.067522,0.050000
3500,6.168178,0.050000
3501,10.294823,0.050000
3502,6.819480,0.050000
3503,3.471844,0.050000
3504,1.086446,0.050000
3505,10.478079,0.050000
3506,5.701088,0.050000
3507,6.474424,0.050000
3508,12.673321,0.050000
3509,11.564784,0.050000
3510,14.908904,0.050000
3511,7.619725,0.050000
3512,10.899408,0.050000
3513,7.643112,0.050000
3514,7.674110,0.050000
3515,8.266255,0.050000
3516,9.223370,0.050000
3517,8.970127,0.050000
3518,10.483948,0.050000
3519,6.506359,0.050000
3520,20.783750,0.050000
3521,4.368207,0.050000
3522,15.166345,0.050000
3523,0.301315,0.050000
3524,21.807779,0.050000
3525,4.426930,0.050000
3526,14.537720,0.050000
3527,16.835226,0.050000
3528,7.733631,0.050000
3529,12.716896,0.050000
3530,13.329426,0.050000
3531,9.715023,0.050000
3532,21.009790,0.050000
3533,6.481041,0.050000
3534,7.866543,0.050000
3535,10.449767,0.050000
3536,7.684604,0.050000
3537,13.812490,0.050000
3538,11.958165,0.050000
3539,12.553835,0.050000
3540,22.374901,0.050000
3541,0.503585,0.050000
3542,14.015456,0.050000
3543,8.137568,0.050000
3544,2.084363,0.050000
3545,6.167777,0.050000
3546,9.667959,0.050000
3547,14.628940,0.050000
3548,3.495864,0.050000
3549,6.521975,0.050000
3550,8.715827,0.050000
3551,15.546595,0.050000
3552,3.066435,0.050000
3553,2.320038,0.050000
3554,2.689412,0.050000
3555,2.422979,0.050000
3556,9.034799,0.050000
3557,8.733462,0.050000
3558,5.743690,0.050000
3559,7.894316,0.050000
3560,8.585021,0.050000
3561,0.614173,0.050000
3562,11.807117,0.050000
3563,2.833777,0.050000
3564,13.505364,0.050000
3565,3.290443,0.050000
3566,22.089598,0.050000
3567,7.595578,0.050000
3568,5.481183,0.050000
3569,3.143594,0.050000
3570,6.048962,0.050000
3571,19.506454,0.050000
3572,4.457317,0.050000
3573,-0.033721,0.050000
3574,1.120151,0.050000
3575,6.689967,0.050000
3576,9.156821,0.050000
3577,2.024330,0.050000
3578,5.260753,0.050000
3579,21.614203,0.050000
3580,5.010025,0.050000
3581,10.268248,0.050000
3582,15.896917,0.050000
3583,6.080445,0.050000
3584,11.526988,0.050000
3585,14.094377,0.050000
3586,4.713850,0.050000
3587,9.948822,0.050000
3588,13.116170,0.050000
3589,25.969586,0.050000
3590,9.929644,0.050000
3591,1.407223,0.050000
3592,4.818495,0.050000
3593,11.032141,0.050000
3594,5.344378,0.050000
3595,17.641302,0.050000
3596,7.521317,0.050000
3597,5.437263,0.050000
3598,7.687310,0.050000
3599,15.920357,0.050000
3600,15.819943,0.050000
3601,4.665283,0.050000
3602,6.067834,0.050000
3603,1.912370,0.050000
3604,17.373276,0.050000
3605,2.254962,0.050000
3606,3.825129,0.050000
3607,8.162158,0.050000
3608,21.766084,0.050000
3609,0.729219,0.050000
3610,15.519864,0.050000
3611,7.457129,0.050000
3612,23.645291,0.050000
3613,11.303324,0.050000
3614,5.640931,0.050000
3615,6.298531,0.050000
3616,6.789248,0.050000
3617,6.519298,0.050000
3618,13.121972,0.050000
3619,18.277927,0.050000
3620,13.379428,0.050000
3621,5.145721,0.050000
3622,24.618775,0.050000
3623,17.817363,0.050000
3624,8.247011,0.050000
3625,2.410719,0.050000
3626,13.083275,0.050000
3627,5.173314,0.050000
3628,5.285481,0.050000
3629,2.721149,0.050000
3630,7.072253,0.050000
3631,2.436727,0.050000
3632,16.025335,0.050000
3633,14.092014,0.050000
3634,11.116423,0.050000
3635,3.211082,0.050000
3636,17.883948,0.050000
3637,13.948292,0.050000
3638,17.096172,0.050000
3639,4.687073,0.050000
3640,8.124100,0.050000
3641,9.069191,0.050000
3642,18.530048,0.050000
3643,10.094816,0.050000
3644,7.060680,0.050000
3645,1.903034,0.050000
3646,7.745303,0.050000
3647,3.447431,0.050000
3648,15.785145,0.050000
3649,12.059572,0.050000
3650,5.115289,0.050000
3651,11.095665,0.050000
3652,9.984235,0.050000
3653,11.599857,0.050000
3654,19.609171,0.050000
3655,7.587790,0.050000
3656,5.625191,0.050000
3657,15.380346,0.050000
3658,15.356275,0.050000
3659,12.832598,0.050000
3660,12.093733,0.050000
3661,3.397142,0.050000
3662,5.659420,0.050000
3663,0.960502,0.050000
3664,8.292709,0.050000
3665,5.899299,0.050000
3666,3.048946,0.050000
3667,15.237625,0.050000
3668,12.189673,0.050000
3669,10.827918,0.050000
3670,6.962991,0.050000
3671,9.402314,0.050000
3672,5.418088,0.050000
3673,9.752508,0.050000
3674,7.673482,0.050000
3675,6.566517,0.050000
3676,17.549823,0.050000
3677,17.189723,0.050000
3678,21.038300,0.050000
3679,12.386892,0.050000
3680,8.421579,0.050000
3681,15.810997,0.050000
3682,10.540823,0.050000
3683,6.741902,0.050000
3684,5.118976,0.050000
3685,10.197500,0.050000
3686,8.074334,0.050000
3687,17.604515,0.050000
3688,20.372221,0.050000
3689,7.865262,0.050000
3690,11.009394,0.050000
3691,7.780216,0.050000
3692,8.198510,0.050000
3693,8.523059,0.050000
3694,8.200503,0.050000
3695,5.775612,0.050000
3696,17.212265,0.050000
3697,9.002438,0.050000
3698,13.790906,0.050000
3699,4.358394,0.050000
3700,16.168331,0.050000
3701,6.335659,0.050000
3702,7.803850,0.050000
3703,15.421688,0.050000
3704,4.211139,0.050000
3705,22.996299,0.050000
3706,10.055066,0.050000
3707,6.213206,0.050000
3708,19.203158,0.050000
3709,12.497006,0.050000
3710,14.456456,0.050000
3711,16.717926,0.050000
3712,15.750909,0.050000
3713,15.440491,0.050000
3714,12.276394,0.050000
3715,3.506959,0.050000
3716,14.163659,0.050000
3717,2.069076,0.050000
3718,3.794263,0.050000
3719,16.942403,0.050000
3720,18.586564,0.050000
3721,21.017260,0.050000
3722,7.069639,0.050000
3723,9.195034,0.050000
3724,11.599082,0.050000
3725,4.676273,0.050000
3726,17.297869,0.050000
3727,14.370115,0.050000
3728,10.072017,0.050000
3729,9.739070,0.050000
3730,16.010804,0.050000
3731,7.166735,0.050000
3732,2.229307,0.050000
3733,4.411871,0.050000
3734,12.269778,0.050000
3735,16.832286,0.050000
3736,4.523877,0.050000
3737,3.941898,0.050000
3738,4.630392,0.050000
3739,14.957029,0.050000
3740,16.790962,0.050000
3741,14.519372,0.050000
3742,13.121217,0.050000
3743,7.239675,0.050000
3744,3.190878,0.050000
3745,6.647981,0.050000
3746,14.427452,0.050000
3747,5.031450,0.050000
3748,8.396055,0.050000
3749,11.712769,0.050000
3750,18.082405,0.050000
3751,11.280897,0.050000
3752,6.335853,0.050000
3753,28.411512,0.050000
3754,3.610950,0.050000
3755,8.436290,0.050000
3756,3.724753,0.050000
3757,5.399302,0.050000
3758,6.120016,0.050000
3759,11.264103,0.050000
3760,5.449808,0.050000
3761,5.303628,0.050000
3762,9.754659,0.050000
3763,21.059034,0.050000
3764,16.609765,0.050000
3765,13.329055,0.050000
3766,3.461447,0.050000
3767,13.468354,0.050000
3768,9.383595,0.050000
3769,6.094608,0.050000
3770,2.747013,0.050000
3771,3.454685,0.050000
3772,24.750531,0.050000
3773,2.620490,0.050000
3774,3.410877,0.050000
3775,16.976745,0.050000
3776,5.941589,0.050000
3777,9.650429,0.050000
3778,6.244325,0.050000
3779,6.641143,0.050000
3780,6.819722,0.050000
3781,24.652189,0.050000
3782,9.959999,0.050000
3783,6.159846,0.050000
3784,14.119966,0.050000
3785,12.436037,0.050000
3786,8.622699,0.050000
3787,16.732357,0.050000
3788,9.290541,0.050000
3789,3.602173,0.050000
3790,3.476277,0.050000
3791,17.329851,0.050000
3792,15.678892,0.050000
3793,3.672892,0.050000
3794,11.189686,0.050000
3795,19.632740,0.050000
3796,8.117370,0.050000
3797,3.149777,0.050000
3798,11.513536,0.050000
3799,5.532553,0.050000
3800,15.429164,0.050000
3801,6.212620,0.050000
3802,11.799111,0.050000
3803,11.039587,0.050000
3804,9.452548,0.050000
3805,5.000301,0.050000
3806,15.752392,0.050000
3807,18.878191,0.050000
3808,7.537095,0.050000
3809,1.770927,0.050000
3810,3.415824,0.050000
3811,9.910600,0.050000
3812,5.442001,0.050000
3813,6.735710,0.050000
3814,11.694832,0.050000
3815,0.046858,0.050000
3816,7.220640,0.050000
3817,7.348427,0.050000
3818,6.212058,0.050000
3819,26.262733,0.050000
3820,10.077517,0.050000
3821,4.301558,0.050000
3822,16.713454,0.050000
3823,3.992894,0.050000
3824,16.467400,0.050000
3825,2.556606,0.050000
3826,14.968398,0.050000
3827,13.108736,0.050000
3828,3.072568,0.050000
3829,5.312186,0.050000
3830,10.200326,0.050000
3831,6.501065,0.050000
3832,3.735503,0.050000
3833,7.444460,0.050000
3834,-2.975535,0.050000
3835,-0.130658,0.050000
3836,14.743905,0.050000
3837,5.589994,0.050000
3838,11.872931,0.050000
3839,9.171846,0.050000
3840,10.707069,0.050000
3841,9.782844,0.050000
3842,10.193987,0.050000
3843,2.352339,0.050000
3844,7.946390,0.050000
3845,8.363791,0.050000
3846,7.890722,0.050000
3847,15.051253,0.050000
3848,14.735930,0.050000
3849,24.137658,0.050000
3850,18.921445,0.050000
3851,3.708019,0.050000
3852,24.126590,0.050000
3853,14.398256,0.050000
3854,9.126513,0.050000
3855,1.013778,0.050000
3856,16.651583,0.050000
3857,8.978730,0.050000
3858,11.679241,0.050000
3859,13.082463,0.050000
3860,13.595588,0.050000
3861,6.927333,0.050000
3862,13.564422,0.050000
3863,14.356258,0.050000
3864,4.029153,0.050000
3865,2.740990,0.050000
3866,11.585256,0.050000
3867,11.157827,0.050000
3868,16.285176,0.050000
3869,14.395571,0.050000
3870,10.144865,0.050000
3871,13.928413,0.050000
3872,15.849360,0.050000
3873,7.244453,0.050000
3874,10.242254,0.050000
3875,12.595613,0.050000
3876,14.028093,0.050000
3877,8.445736,0.050000
3878,3.663269,0.050000
3879,16.169862,0.050000
3880,3.551881,0.050000
3881,3.644974,0.050000
3882,0.501976,0.050000
3883,10.612224,0.050000
3884,11.065112,0.050000
3885,26.490764,0.050000
3886,-0.384671,0.050000
3887,8.084666,0.050000
3888,5.413153,0.050000
3889,14.036017,0.050000
3890,13.303479,0.050000
3891,15.036120,0.050000
3892,15.284192,0.050000
3893,11.483633,0.050000
3894,13.648992,0.050000
3895,14.546058,0.050000
3896,5.566134,0.050000
3897,15.992677,0.050000
3898,1.439604,0.050000
3899,14.446752,0.050000
3900,24.625022,0.050000
3901,11.381605,0.050000
3902,8.073490,0.050000
3903,8.121783,0.050000
3904,8.395939,0.050000
3905,10.460199,0.050000
3906,1.203299,0.050000
3907,8.689970,0.050000
3908,7.106282,0.050000
3909,14.930929,0.050000
3910,6.303086,0.050000
3911,10.537140,0.050000
3912,3.036590,0.050000
3913,11.015941,0.050000
3914,22.510614,0.050000
3915,10.477982,0.050000
3916,2.635347,0.050000
3917,1.732191,0.050000
3918,6.686211,0.050000
3919,22.209644,0.050000
3920,18.477100,0.050000
3921,4.591337,0.050000
3922,5.474144,0.050000
3923,4.069933,0.050000
3924,8.468582,0.050000
3925,4.718012,0.050000
3926,10.195860,0.050000
3927,13.411192,0.050000
3928,6.994130,0.050000
3929,13.699266,0.050000
3930,12.684419,0.050000
3931,2.057298,0.050000
3932,11.726452,0.050000
3933,14.963835,0.050000
3934,9.681246,0.050000
3935,10.769033,0.050000
3936,6.311468,0.050000
3937,12.450635,0.050000
3938,8.830436,0.050000
3939,8.435214,0.050000
3940,1.974067,0.050000
3941,9.505352,0.050000
3942,6.329962,0.050000
3943,11.828052,0.050000
3944,6.767888,0.050000
3945,7.306510,0.050000
3946,5.676595,0.050000
3947,6.018714,0.050000
3948,7.964380,0.050000
3949,13.992237,0.050000
3950,5.215664,0.050000
3951,10.974056,0.050000
3952,17.236754,0.050000
3953,17.076335,0.050000
3954,23.379926,0.050000
3955,5.253068,0.050000
3956,3.865912,0.050000
3957,14.716768,0.050000
3958,5.262501,0.050000
3959,11.957245,0.050000
3960,5.234177,0.050000
3961,7.955660,0.050000
3962,6.665107,0.050000
3963,11.651062,0.050000
3964,8.692374,0.050000
3965,9.077901,0.050000
3966,10.578448,0.050000
3967,-1.061524,0.050000
3968,7.736462,0.050000
3969,6.467017,0.050000
3970,15.981612,0.050000
3971,20.142119,0.050000
3972,9.772022,0.050000
3973,12.186584,0.050000
3974,9.943527,0.050000
3975,13.650335,0.050000
3976,7.497521,0.050000
3977,13.027140,0.050000
3978,25.908993,0.050000
3979,10.787627,0.050000
3980,8.219897,0.050000
3981,1.753394,0.050000
3982,6.625803,0.050000
3983,5.918277,0.050000
3984,8.449440,0.050000
3985,8.373827,0.050000
3986,2.333850,0.050000
3987,3.106703,0.050000
3988,7.155676,0.050000
3989,16.953978,0.050000
3990,7.291286,0.050000
3991,4.694227,0.050000
3992,5.831982,0.050000
3993,14.576592,0.050000
3994,5.311660,0.050000
3995,5.377116,0.050000
3996,1.324715,0.050000
3997,12.361920,0.050000
3998,10.389134,0.050000
3999,12.267981,0.050000
4000,24.004425,0.050000
4001,8.395940,0.050000
4002,1.093666,0.050000
4003,15.713691,0.050000
4004,9.510026,0.050000
4005,14.521559,0.050000
4006,15.257282,0.050000
4007,3.354730,0.050000
4008,14.271159,0.050000
4009,11.797937,0.050000
4010,3.388743,0.050000
4011,12.494550,0.050000
4012,7.706743,0.050000
4013,10.072974,0.050000
4014,9.554601,0.050000
4015,12.135266,0.050000
4016,5.495880,0.050000
4017,4.679982,0.050000
4018,7.114849,0.050000
4019,7.765360,0.050000
4020,2.350372,0.050000
4021,12.731616,0.050000
4022,3.274174,0.050000
4023,10.641965,0.050000
4024,9.997792,0.050000
4025,8.183682,0.050000
4026,10.312961,0.050000
4027,3.251855,0.050000
4028,8.452543,0.050000
4029,15.507628,0.050000
4030,6.582750,0.050000
4031,12.756040,0.050000
4032,9.168669,0.050000
4033,16.582386,0.050000
4034,7.608049,0.050000
4035,2.451299,0.050000
4036,9.665445,0.050000
4037,10.250264,0.050000
4038,8.006523,0.050000
4039,9.046053,0.050000
4040,11.095612,0.050000
4041,4.196352,0.050000
4042,12.967058,0.050000
4043,7.229860,0.050000
4044,3.000812,0.050000
4045,7.555906,0.050000
4046,10.207576,0.050000
4047,11.396499,0.050000
4048,1.337809,0.050000
4049,7.042497,0.050000
4050,14.165913,0.050000
4051,16.573143,0.050000
4052,16.606600,0.050000
4053,8.114880,0.050000
4054,18.888753,0.050000
4055,10.407015,0.050000
4056,5.788243,0.050000
4057,4.374851,0.050000
4058,1.574954,0.050000
4059,4.490801,0.050000
4060,4.601674,0.050000
4061,14.854145,0.050000
4062,13.271417,0.050000
4063,9.587126,0.050000
4064,15.020022,0.050000
4065,12.394653,0.050000
4066,10.229397,0.050000
4067,13.247808,0.050000
4068,11.896713,0.050000
4069,9.171923,0.050000
4070,19.276984,0.050000
4071,14.284316,0.050000
4072,2.134683,0.050000
4073,15.611949,0.050000
4074,12.264175,0.050000
4075,13.220121,0.050000
4076,14.677791,0.050000
4077,6.572694,0.050000
4078,2.426277,0.050000
4079,3.891954,0.050000
4080,9.581326,0.050000
4081,20.261530,0.050000
4082,35.038287,0.050000
4083,12.917629,0.050000
4084,14.427168,0.050000
4085,10.039960,0.050000
4086,3.808104,0.050000
4087,8.017725,0.050000
4088,9.998069,0.050000
4089,7.323475,0.050000
4090,21.456123,0.050000
4091,5.433923,0.050000
4092,11.306042,0.050000
4093,12.753884,0.050000
4094,8.482305,0.050000
4095,12.569631,0.050000
4096,1.673154,0.050000
4097,11.723615,0.050000
4098,10.460864,0.050000
4099,16.781100,0.050000
4100,10.169134,0.050000
4101,3.265961,0.050000
4102,10.278264,0.050000
4103,11.053249,0.050000
4104,2.954145,0.050000
4105,6.098848,0.050000
4106,6.867130,0.050000
4107,18.915002,0.050000
4108,2.323302,0.050000
4109,5.713955,0.050000
4110,-0.285722,0.050000
4111,15.077591,0.050000
4112,4.263823,0.050000
4113,6.154226,0.050000
4114,2.624551,0.050000
4115,15.311485,0.050000
4116,7.557959,0.050000
4117,11.532155,0.050000
4118,2.714848,0.050000
4119,12.842353,0.050000
4120,6.940212,0.050000
4121,14.413089,0.050000
4122,0.851659,0.050000
4123,12.702683,0.050000
4124,4.064177,0.050000
4125,4.604619,0.050000
4126,16.483687,0.050000
4127,8.222484,0.050000
4128,2.450753,0.050000
4129,3.676393,0.050000
4130,8.031208,0.050000
4131,12.698197,0.050000
4132,5.625999,0.050000
4133,12.049393,0.050000
4134,18.364123,0.050000
4135,22.785264,0.050000
4136,13.037540,0.050000
4137,6.006501,0.050000
4138,3.713438,0.050000
4139,10.939145,0.050000
4140,6.629072,0.050000
4141,3.647009,0.050000
4142,7.148195,0.050000
4143,11.294874,0.050000
4144,8.465979,0.050000
4145,19.823169,0.050000
4146,3.364118,0.050000
4147,9.146586,0.050000
4148,6.196723,0.050000
4149,4.735155,0.050000
4150,10.068057,0.050000
4151,3.798822,0.050000
4152,10.653726,0.050000
4153,14.466565,0.050000
4154,15.795147,0.050000
4155,9.738247,0.050000
4156,16.816141,0.050000
4157,13.394364,0.050000
4158,8.405326,0.050000
4159,15.823132,0.050000
4160,7.958605,0.050000
4161,8.477206,0.050000
4162,15.796993,0.050000
4163,14.648338,0.050000
4164,11.932733,0.050000
4165,4.336732,0.050000
4166,7.069530,0.050000
4167,2.877551,0.050000
4168,12.688559,0.050000
4169,5.075054,0.050000
4170,5.231215,0.050000
4171,8.210151,0.050000
4172,6.910555,0.050000
4173,9.071286,0.050000
4174,2.608940,0.050000
4175,13.087666,0.050000
4176,10.133048,0.050000
4177,2.961020,0.050000
4178,11.969700,0.050000
4179,5.426432,0.050000
4180,14.046539,0.050000
4181,17.548881,0.050000
4182,10.144151,0.050000
4183,6.779724,0.050000
4184,5.871532,0.050000
4185,5.984808,0.050000
4186,5.460146,0.050000
4187,10.916014,0.050000
4188,4.276342,0.050000
4189,8.179498,0.050000
4190,1.759758,0.050000
4191,7.454462,0.050000
4192,12.567193,0.050000
4193,7.245848,0.050000
4194,8.540888,0.050000
4195,8.157300,0.050000
4196,11.092782,0.050000
4197,0.973102,0.050000
4198,10.846731,0.050000
4199,7.620312,0.050000
4200,7.404318,0.050000
4201,5.860847,0.050000
4202,14.239505,0.050000
4203,14.022337,0.050000
4204,10.382764,0.050000
4205,9.775864,0.050000
4206,19.520640,0.050000
4207,19.198512,0.050000
4208,8.261584,0.050000
4209,5.296240,0.050000
4210,5.216219,0.050000
4211,11.660927,0.050000
4212,9.302836,0.050000
4213,3.927982,0.050000
4214,11.243976,0.050000
4215,8.131572,0.050000
4216,12.277329,0.050000
4217,18.454411,0.050000
4218,5.994830,0.050000
4219,8.161731,0.050000
4220,11.089827,0.050000
4221,9.536757,0.050000
4222,4.073045,0.050000
4223,10.265562,0.050000
4224,14.050342,0.050000
4225,0.738813,0.050000
4226,23.168897,0.050000
4227,4.299107,0.050000
4228,10.514706,0.050000
4229,9.557660,0.050000
4230,10.664944,0.050000
4231,7.810400,0.050000
4232,5.554580,0.050000
4233,14.170889,0.050000
4234,12.670029,0.050000
4235,7.074881,0.050000
4236,14.903976,0.050000
4237,6.502768,0.050000
4238,10.511481,0.050000
4239,13.329700,0.050000
4240,14.967600,0.050000
4241,12.431886,0.050000
4242,2.025242,0.050000
4243,13.457821,0.050000
4244,12.293397,0.050000
4245,2.206886,0.050000
4246,3.328199,0.050000
4247,15.904030,0.050000
4248,9.432753,0.050000
4249,14.591478,0.050000
4250,11.977355,0.050000
4251,5.852621,0.050000
4252,12.034342,0.050000
4253,16.532863,0.050000
4254,3.265609,0.050000
4255,6.726811,0.050000
4256,19.997674,0.050000
4257,14.245311,0.050000
4258,10.336867,0.050000
4259,8.894945,0.050000
4260,9.504258,0.050000
4261,9.340838,0.050000
4262,5.841945,0.050000
4263,5.781953,0.050000
4264,7.129307,0.050000
4265,13.773861,0.050000
4266,7.993637,0.050000
4267,8.887919,0.050000
4268,10.315631,0.050000
4269,4.464052,0.050000
4270,11.210294,0.050000
4271,5.356928,0.050000
4272,-0.522494,0.050000
4273,9.106069,0.050000
4274,10.314671,0.050000
4275,4.380883,0.050000
4276,8.814061,0.050000
4277,17.968182,0.050000
4278,13.249710,0.050000
4279,8.828332,0.050000
4280,5.422606,0.050000
4281,10.508617,0.050000
4282,9.670851,0.050000
4283,9.255621,0.050000
4284,13.820825,0.050000
4285,8.052994,0.050000
4286,4.524814,0.050000
4287,7.358274,0.050000
4288,9.739188,0.050000
4289,18.657390,0.050000
4290,8.793775,0.050000
4291,8.198231,0.050000
4292,14.234613,0.050000
4293,20.708192,0.050000
4294,10.413260,0.050000
4295,17.027414,0.050000
4296,7.457653,0.050000
4297,9.181726,0.050000
4298,-0.020683,0.050000
4299,0.690343,0.050000
4300,-0.150869,0.050000
4301,12.395611,0.050000
4302,2.827775,0.050000
4303,15.351781,0.050000
4304,13.182635,0.050000
4305,9.643810,0.050000
4306,11.408508,0.050000
4307,13.296672,0.050000
4308,17.113241,0.050000
4309,3.135645,0.050000
4310,9.160237,0.050000
4311,14.496358,0.050000
4312,7.333527,0.050000
4313,5.020193,0.050000
4314,7.730578,0.050000
4315,9.284688,0.050000
4316,12.885938,0.050000
4317,9.536231,0.050000
4318,5.947502,0.050000
4319,12.216140,0.050000
4320,12.892021,0.050000
4321,14.118943,0.050000
4322,17.778165,0.050000
4323,11.012781,0.050000
4324,14.674692,0.050000
4325,23.189811,0.050000
4326,14.021265,0.050000
4327,17.053564,0.050000
4328,15.117131,0.050000
4329,11.794234,0.050000
4330,16.269025,0.050000
4331,2.706253,0.050000
4332,6.194430,0.050000
4333,5.483698,0.050000
4334,4.179037,0.050000
4335,12.823714,0.050000
4336,12.249564,0.050000
4337,18.853624,0.050000
4338,6.548673,0.050000
4339,2.505486,0.050000
4340,-0.747079,0.050000
4341,25.092365,0.050000
4342,-0.313634,0.050000
4343,5.096503,0.050000
4344,14.426317,0.050000
4345,3.967576,0.050000
4346,13.678497,0.050000
4347,25.233063,0.050000
4348,26.436284,0.050000
4349,18.580262,0.050000
4350,20.663184,0.050000
4351,18.877456,0.050000
4352,6.879607,0.050000
4353,12.927352,0.050000
4354,3.598511,0.050000
4355,21.038121,0.050000
4356,15.474262,0.050000
4357,9.301683,0.050000
4358,12.832289,0.050000
4359,17.862823,0.050000
4360,20.081143,0.050000
4361,2.489395,0.050000
4362,9.010495,0.050000
4363,7.019500,0.050000
4364,12.351833,0.050000
4365,21.478454,0.050000
4366,12.074561,0.050000
4367,13.009623,0.050000
4368,11.712171,0.050000
4369,12.975324,0.050000
4370,15.897641,0.050000
4371,4.885527,0.050000
4372,5.409894,0.050000
4373,19.968011,0.050000
4374,13.666264,0.050000
4375,10.510211,0.050000
4376,4.527279,0.050000
4377,9.810015,0.050000
4378,8.055881,0.050000
4379,5.280173,0.050000
4380,14.562368,0.050000
4381,8.305594,0.050000
4382,3.353712,0.050000
4383,21.785233,0.050000
4384,15.531068,0.050000
4385,17.117014,0.050000
4386,3.993092,0.050000
4387,7.086936,0.050000
4388,6.237481,0.050000
4389,12.513277,0.050000
4390,5.805187,0.050000
4391,6.957824,0.050000
4392,7.975865,0.050000
4393,6.799093,0.050000
4394,10.913534,0.050000
4395,5.192323,0.050000
4396,11.966021,0.050000
4397,14.082875,0.050000
4398,2.591695,0.050000
4399,17.619046,0.050000
4400,10.361631,0.050000
4401,6.044009,0.050000
4402,15.763428,0.050000
4403,10.861835,0.050000
4404,12.113189,0.050000
4405,10.587014,0.050000
4406,12.401095,0.050000
4407,12.494444,0.050000
4408,10.499952,0.050000
4409,14.906050,0.050000
4410,10.193499,0.050000
4411,14.196045,0.050000
4412,4.134834,0.050000
4413,6.294833,0.050000
4414,1.751667,0.050000
4415,23.017470,0.050000
4416,6.600653,0.050000
4417,18.248876,0.050000
4418,11.206616,0.050000
4419,8.007981,0.050000
4420,9.374677,0.050000
4421,5.187196,0.050000
4422,4.144419,0.050000
4423,6.348934,0.050000
4424,6.303890,0.050000
4425,6.526075,0.050000
4426,21.912120,0.050000
4427,10.991720,0.050000
4428,11.138665,0.050000
4429,15.132280,0.050000
4430,17.608427,0.050000
4431,7.196899,0.050000
4432,11.605468,0.050000
4433,13.578799,0.050000
4434,15.113625,0.050000
4435,17.515897,0.050000
4436,10.987064,0.050000
4437,10.704620,0.050000
4438,3.179576,0.050000
4439,8.737992,0.050000
4440,2.994534,0.050000
4441,15.288195,0.050000
4442,12.065955,0.050000
4443,7.498056,0.050000
4444,15.731218,0.050000
4445,4.071166,0.050000
4446,10.335614,0.050000
4447,12.203165,0.050000
4448,11.070839,0.050000
4449,4.985698,0.050000
4450,1.541194,0.050000
4451,8.338348,0.050000
4452,7.324311,0.050000
4453,7.368943,0.050000
4454,17.317092,0.050000
4455,18.430251,0.050000
4456,-2.571677,0.050000
4457,19.322469,0.050000
4458,6.923864,0.050000
4459,14.080375,0.050000
4460,16.149790,0.050000
4461,3.197881,0.050000
4462,11.972613,0.050000
4463,6.380911,0.050000
4464,21.534952,0.050000
4465,10.365922,0.050000
4466,15.009582,0.050000
4467,18.287286,0.050000
4468,7.255901,0.050000
4469,10.804348,0.050000
4470,8.702129,0.050000
4471,10.420446,0.050000
4472,8.095408,0.050000
4473,29.467089,0.050000
4474,9.416543,0.050000
4475,12.185509,0.050000
4476,14.064900,0.050000
4477,14.067739,0.050000
4478,32.025386,0.050000
4479,13.234429,0.050000
4480,3.616309,0.050000
4481,6.126523,0.050000
4482,23.088778,0.050000
4483,19.196659,0.050000
4484,19.911248,0.050000
4485,10.439343,0.050000
4486,17.833817,0.050000
4487,7.413511,0.050000
4488,20.019233,0.050000
4489,0.787619,0.050000
4490,8.109912,0.050000
4491,14.233770,0.050000
4492,7.216160,0.050000
4493,9.627258,0.050000
4494,6.920003,0.050000
4495,24.400821,0.050000
4496,19.144146,0.050000
4497,6.650933,0.050000
4498,12.536241,0.050000
4499,16.078254,0.050000
4500,19.853291,0.050000
4501,18.114789,0.050000
4502,10.521309,0.050000
4503,3.446397,0.050000
4504,4.871909,0.050000
4505,16.233101,0.050000
4506,2.289627,0.050000
4507,8.816760,0.050000
4508,10.797782,0.050000
4509,5.238247,0.050000
4510,7.354434,0.050000
4511,3.204069,0.050000
4512,7.961490,0.050000
4513,6.248575,0.050000
4514,10.774045,0.050000
4515,2.881952,0.050000
4516,6.073190,0.050000
4517,9.356305,0.050000
4518,13.945280,0.050000
4519,7.073359,0.050000
4520,15.391708,0.050000
4521,5.982608,0.050000
4522,15.333148,0.050000
4523,10.953022,0.050000
4524,8.774270,0.050000
4525,17.110591,0.050000
4526,16.663030,0.050000
4527,2.712965,0.050000
4528,12.929852,0.050000
4529,3.037410,0.050000
4530,2.281772,0.050000
4531,12.114095,0.050000
4532,4.998169,0.050000
4533,7.084928,0.050000
4534,10.769296,0.050000
4535,12.541469,0.050000
4536,4.372737,0.050000
4537,8.928564,0.050000
4538,13.059488,0.050000
4539,3.339725,0.050000
4540,3.532592,0.050000
4541,16.080413,0.050000
4542,13.712486,0.050000
4543,8.083074,0.050000
4544,5.738779,0.050000
4545,10.348594,0.050000
4546,16.603300,0.050000
4547,8.046653,0.050000
4548,11.024549,0.050000
4549,2.597177,0.050000
4550,6.905083,0.050000
4551,9.167636,0.050000
4552,11.708724,0.050000
4553,7.241858,0.050000
4554,20.913358,0.050000
4555,4.130531,0.050000
4556,0.816116,0.050000
4557,13.113629,0.050000
4558,3.780848,0.050000
4559,3.246295,0.050000
4560,12.934781,0.050000
4561,14.395493,0.050000
4562,13.105935,0.050000
4563,9.971466,0.050000
4564,10.927130,0.050000
4565,6.840883,0.050000
4566,5.794237,0.050000
4567,23.208408,0.050000
4568,4.549241,0.050000
4569,8.845121,0.050000
4570,8.305022,0.050000
4571,9.738647,0.050000
4572,5.083236,0.050000
4573,16.434109,0.050000
4574,10.755798,0.050000
4575,9.907114,0.050000
4576,10.903737,0.050000
4577,11.627794,0.050000
4578,8.670343,0.050000
4579,4.312294,0.050000
4580,15.012175,0.050000
4581,4.581016,0.050000
4582,16.019913,0.050000
4583,10.216730,0.050000
4584,0.160338,0.050000
4585,11.159150,0.050000
4586,6.216487,0.050000
4587,14.525120,0.050000
4588,7.360807,0.050000
4589,7.903206,0.050000
4590,-0.505766,0.050000
4591,12.233666,0.050000
4592,5.984392,0.050000
4593,8.353557,0.050000
4594,3.283815,0.050000
4595,14.372454,0.050000
4596,16.019173,0.050000
4597,8.447137,0.050000
4598,12.570767,0.050000
4599,0.623970,0.050000
4600,12.240091,0.050000
4601,16.148224,0.050000
4602,4.857877,0.050000
4603,6.502501,0.050000
4604,20.229741,0.050000
4605,16.238564,0.050000
4606,8.035137,0.050000
4607,8.670416,0.050000
4608,2.549455,0.050000
4609,21.698349,0.050000
4610,1.014174,0.050000
4611,5.862175,0.050000
4612,5.531787,0.050000
4613,12.611687,0.050000
4614,5.446514,0.050000
4615,2.439230,0.050000
4616,16.237892,0.050000
4617,8.791027,0.050000
4618,13.445115,0.050000
4619,17.374171,0.050000
4620,10.628528,0.050000
4621,8.167388,0.050000
4622,17.267189,0.050000
4623,5.157311,0.050000
4624,6.347620,0.050000
4625,3.170764,0.050000
4626,7.419992,0.050000
4627,8.267723,0.050000
4628,2.713346,0.050000
4629,7.349149,0.050000
4630,8.684456,0.050000
4631,11.979594,0.050000
4632,11.987743,0.050000
4633,12.420322,0.050000
4634,3.747520,0.050000
4635,4.905613,0.050000
4636,4.443692,0.050000
4637,9.187864,0.050000
4638,16.853098,0.050000
4639,6.646046,0.050000
4640,9.671209,0.050000
4641,10.965425,0.050000
4642,0.409489,0.050000
4643,13.512177,0.050000
4644,16.964848,0.050000
4645,13.503050,0.050000
4646,6.925724,0.050000
4647,12.239609,0.050000
4648,14.935356,0.050000
4649,1.616836,0.050000
4650,7.087440,0.050000
4651,7.864914,0.050000
4652,13.788744,0.050000
4653,8.640292,0.050000
4654,17.917547,0.050000
4655,13.191634,0.050000
4656,13.935316,0.050000
4657,8.635339,0.050000
4658,11.665446,0.050000
4659,9.651337,0.050000
4660,0.549748,0.050000
4661,12.413384,0.050000
4662,16.557530,0.050000
4663,5.898590,0.050000
4664,16.181850,0.050000
4665,12.433433,0.050000
4666,15.776558,0.050000
4667,15.684749,0.050000
4668,13.545438,0.050000
4669,8.733834,0.050000
4670,0.528107,0.050000
4671,7.839841,0.050000
4672,4.663582,0.050000
4673,6.118865,0.050000
4674,21.178430,0.050000
4675,4.862882,0.050000
4676,7.777500,0.050000
4677,9.366860,0.050000
4678,12.615266,0.050000
4679,4.650155,0.050000
4680,8.769851,0.050000
4681,5.797121,0.050000
4682,7.277353,0.050000
4683,3.727254,0.050000
4684,10.758119,0.050000
4685,6.552577,0.050000
4686,10.739871,0.050000
4687,14.552622,0.050000
4688,3.153806,0.050000
4689,10.925951,0.050000
4690,12.946713,0.050000
4691,15.316093,0.050000
4692,3.654145,0.050000
4693,12.426475,0.050000
4694,3.182853,0.050000
4695,4.006691,0.050000
4696,12.271467,0.050000
4697,13.219981,0.050000
4698,6.716853,0.050000
4699,2.905009,0.050000
4700,3.553799,0.050000
4701,3.619545,0.050000
4702,7.126873,0.050000
4703,12.370402,0.050000
4704,10.499162,0.050000
4705,2.691135,0.050000
4706,11.831669,0.050000
4707,7.320510,0.050000
4708,-0.215262,0.050000
4709,18.305536,0.050000
4710,8.002972,0.050000
4711,4.134025,0.050000
4712,16.079505,0.050000
4713,9.122265,0.050000
4714,5.424114,0.050000
4715,14.680362,0.050000
4716,9.464575,0.050000
4717,23.885158,0.050000
4718,14.795598,0.050000
4719,-2.244083,0.050000
4720,20.324333,0.050000
4721,9.489217,0.050000
4722,12.315359,0.050000
4723,3.441084,0.050000
4724,12.213372,0.050000
4725,14.441758,0.050000
4726,17.097419,0.050000
4727,10.616963,0.050000
4728,19.841954,0.050000
4729,5.937871,0.050000
4730,11.002784,0.050000
4731,3.713138,0.050000
4732,18.253906,0.050000
4733,6.316465,0.050000
4734,7.720257,0.050000
4735,14.091348,0.050000
4736,9.979039,0.050000
4737,11.816415,0.050000
4738,7.367472,0.050000
4739,3.635336,0.050000
4740,5.249535,0.050000
4741,6.944353,0.050000
4742,7.428161,0.050000
4743,17.766645,0.050000
4744,5.185158,0.050000
4745,14.461034,0.050000
4746,10.952298,0.050000
4747,5.038385,0.050000
4748,12.372609,0.050000
4749,5.914963,0.050000
4750,11.975473,0.050000
4751,15.453928,0.050000
4752,3.134518,0.050000
4753,14.530550,0.050000
4754,7.684675,0.050000
4755,12.408051,0.050000
4756,16.954492,0.050000
4757,5.950429,0.050000
4758,6.292811,0.050000
4759,17.846215,0.050000
4760,11.802346,0.050000
4761,17.670247,0.050000
4762,4.995733,0.050000
4763,13.760329,0.050000
4764,12.936725,0.050000
4765,10.154604,0.050000
4766,4.718523,0.050000
4767,8.342185,0.050000
4768,8.009065,0.050000
4769,19.381124,0.050000
4770,0.232120,0.050000
4771,7.897374,0.050000
4772,14.267120,0.050000
4773,9.218296,0.050000
4774,15.855377,0.050000
4775,-1.391539,0.050000
4776,7.143317,0.050000
4777,9.619751,0.050000
4778,10.386311,0.050000
4779,2.191330,0.050000
4780,10.752252,0.050000
4781,4.294762,0.050000
4782,6.219059,0.050000
4783,1.997671,0.050000
4784,3.352718,0.050000
4785,19.039163,0.050000
4786,7.727108,0.050000
4787,17.048401,0.050000
4788,5.325476,0.050000
4789,5.200344,0.050000
4790,6.228261,0.050000
4791,13.231898,0.050000
4792,7.463652,0.050000
4793,12.523701,0.050000
4794,3.736266,0.050000
4795,6.320390,0.050000
4796,12.797102,0.050000
4797,6.885742,0.050000
4798,16.280328,0.050000
4799,0.877762,0.050000
4800,1.631752,0.050000
4801,20.914763,0.050000
4802,9.892568,0.050000
4803,8.632635,0.050000
4804,3.947949,0.050000
4805,3.400681,0.050000
4806,13.389845,0.050000
4807,12.078446,0.050000
4808,12.904300,0.050000
4809,13.194690,0.050000
4810,3.925509,0.050000
4811,5.407410,0.050000
4812,8.556304,0.050000
4813,16.720832,0.050000
4814,16.806828,0.050000
4815,20.008926,0.050000
4816,18.705399,0.050000
4817,24.252950,0.050000
4818,3.479112,0.050000
4819,9.853340,0.050000
4820,3.568325,0.050000
4821,10.592756,0.050000
4822,14.114268,0.050000
4823,7.360321,0.050000
4824,14.022956,0.050000
4825,9.061080,0.050000
4826,4.614818,0.050000
4827,8.684564,0.050000
4828,5.385812,0.050000
4829,11.897796,0.050000
4830,10.777515,0.050000
4831,6.409068,0.050000
4832,12.966496,0.050000
4833,4.745915,0.050000
4834,8.441970,0.050000
4835,5.287747,0.050000
4836,0.125010,0.050000
4837,10.326404,0.050000
4838,6.135009,0.050000
4839,8.874020,0.050000
4840,4.717210,0.050000
4841,2.775057,0.050000
4842,8.923789,0.050000
4843,17.491789,0.050000
4844,6.654706,0.050000
4845,0.892957,0.050000
4846,12.129437,0.050000
4847,9.853395,0.050000
4848,5.275063,0.050000
4849,8.227439,0.050000
4850,8.608649,0.050000
4851,4.447526,0.050000
4852,11.297961,0.050000
4853,14.724216,0.050000
4854,3.241181,0.050000
4855,17.388756,0.050000
4856,14.573051,0.050000
4857,12.197855,0.050000
4858,13.236590,0.050000
4859,14.712209,0.050000
4860,7.253492,0.050000
4861,12.462994,0.050000
4862,6.126648,0.050000
4863,9.611449,0.050000
4864,7.655345,0.050000
4865,17.469106,0.050000
4866,7.336456,0.050000
4867,12.267426,0.050000
4868,10.116468,0.050000
4869,6.279828,0.050000
4870,3.745278,0.050000
4871,6.222285,0.050000
4872,9.999165,0.050000
4873,13.597785,0.050000
4874,2.157902,0.050000
4875,4.357405,0.050000
4876,10.894205,0.050000
4877,13.721693,0.050000
4878,9.603130,0.050000
4879,5.262524,0.050000
4880,5.095731,0.050000
4881,18.063696,0.050000
4882,11.049613,0.050000
4883,11.562034,0.050000
4884,7.796423,0.050000
4885,6.380200,0.050000
4886,10.842009,0.050000
4887,14.871223,0.050000
4888,9.822399,0.050000
4889,10.765511,0.050000
4890,9.891676,0.050000
4891,5.751495,0.050000
4892,5.736112,0.050000
4893,11.746636,0.050000
4894,7.624370,0.050000
4895,11.240045,0.050000
4896,7.915518,0.050000
4897,9.115013,0.050000
4898,4.521604,0.050000
4899,9.438073,0.050000
4900,6.454432,0.050000
4901,13.038766,0.050000
4902,-1.345348,0.050000
4903,-1.318969,0.050000
4904,5.004252,0.050000
4905,1.504169,0.050000
4906,4.773184,0.050000
4907,8.922164,0.050000
4908,9.930611,0.050000
4909,5.946581,0.050000
4910,11.671662,0.050000
4911,8.809753,0.050000
4912,9.001347,0.050000
4913,7.777522,0.050000
4914,8.022087,0.050000
4915,14.825554,0.050000
4916,12.463006,0.050000
4917,7.774197,0.050000
4918,11.342002,0.050000
4919,4.360888,0.050000
4920,12.041919,0.050000
4921,4.862779,0.050000
4922,12.462747,0.050000
4923,13.766896,0.050000
4924,1.733839,0.050000
4925,12.933685,0.050000
4926,11.266113,0.050000
4927,10.704268,0.050000
4928,26.535743,0.050000
4929,-0.660685,0.050000
4930,10.464109,0.050000
4931,12.308360,0.050000
4932,11.242370,0.050000
4933,8.532713,0.050000
4934,18.899977,0.050000
4935,3.816684,0.050000
4936,-0.726317,0.050000
4937,9.126665,0.050000
4938,4.559323,0.050000
4939,4.708106,0.050000
4940,5.478689,0.050000
4941,7.524476,0.050000
4942,7.583790,0.050000
4943,11.366274,0.050000
4944,15.815848,0.050000
4945,10.566748,0.050000
4946,13.568929,0.050000
4947,14.899663,0.050000
4948,10.474780,0.050000
4949,12.114116,0.050000
4950,12.886995,0.050000
4951,15.883167,0.050000
4952,1.447052,0.050000
4953,10.570312,0.050000
4954,17.860780,0.050000
4955,4.716940,0.050000
4956,13.851498,0.050000
4957,4.629000,0.050000
4958,11.641902,0.050000
4959,11.527379,0.050000
4960,4.231878,0.050000
4961,13.922884,0.050000
4962,10.649343,0.050000
4963,5.640285,0.050000
4964,16.132114,0.050000
4965,0.211045,0.050000
4966,11.755281,0.050000
4967,0.463201,0.050000
4968,4.994668,0.050000
4969,8.711178,0.050000
4970,2.081252,0.050000
4971,5.828919,0.050000
4972,9.936068,0.050000
4973,5.975770,0.050000
4974,8.513025,0.050000
4975,10.371463,0.050000
4976,11.667416,0.050000
4977,9.333463,0.050000
4978,18.674297,0.050000
4979,5.340172,0.050000
4980,15.138656,0.050000
4981,1.825332,0.050000
4982,5.833546,0.050000
4983,13.865008,0.050000
4984,5.940119,0.050000
4985,10.352092,0.050000
4986,4.255960,0.050000
4987,5.803322,0.050000
4988,4.531466,0.050000
4989,9.042152,0.050000
4990,9.574826,0.050000
4991,15.712794,0.050000
4992,14.840553,0.050000
4993,9.728831,0.050000
4994,6.677653,0.050000
4995,4.890131,0.050000
4996,17.461500,0.050000
4997,15.189033,0.050000
4998,4.440920,0.050000
4999,10.643684,0.050000
5000,4.469469,0.050000
5001,13.400907,0.050000
5002,19.979109,0.050000
5003,10.986704,0.050000
5004,8.134703,0.050000
5005,10.628739,0.050000
5006,11.623335,0.050000
5007,7.554091,0.050000
5008,2.714995,0.050000
5009,12.324555,0.050000
5010,14.388811,0.050000
5011,8.768110,0.050000
5012,8.850926,0.050000
5013,2.472442,0.050000
5014,17.241469,0.050000
5015,8.175956,0.050000
5016,7.694972,0.050000
5017,16.900991,0.050000
5018,13.193597,0.050000
5019,2.800480,0.050000
5020,4.421757,0.050000
5021,17.099250,0.050000
5022,5.066430,0.050000
5023,2.173490,0.050000
5024,23.473954,0.050000
5025,7.632596,0.050000
5026,6.599022,0.050000
5027,6.914629,0.050000
5028,9.336882,0.050000
5029,10.882547,0.050000
5030,15.191194,0.050000
5031,7.193953,0.050000
5032,11.099518,0.050000
5033,6.950257,0.050000
5034,6.083446,0.050000
5035,7.900126,0.050000
5036,3.726859,0.050000
5037,10.838791,0.050000
5038,6.284029,0.050000
5039,15.120740,0.050000
5040,13.651258,0.050000
5041,6.288332,0.050000
5042,25.684871,0.050000
5043,1.053396,0.050000
5044,10.835172,0.050000
5045,-0.041368,0.050000
5046,2.561741,0.050000
5047,11.406988,0.050000
5048,6.015649,0.050000
5049,5.442252,0.050000
5050,16.279585,0.050000
5051,17.072233,0.050000
5052,11.695274,0.050000
5053,11.078691,0.050000
5054,8.695430,0.050000
5055,11.857929,0.050000
5056,2.184312,0.050000
5057,7.959621,0.050000
5058,5.795297,0.050000
5059,7.574243,0.050000
5060,13.507689,0.050000
5061,7.197644,0.050000
5062,3.945816,0.050000
5063,3.470128,0.050000
5064,17.062479,0.050000
5065,3.629764,0.050000
5066,6.566411,0.050000
5067,13.413049,0.050000
5068,14.008194,0.050000
5069,14.974329,0.050000
5070,8.251597,0.050000
5071,13.665922,0.050000
5072,4.331841,0.050000
5073,7.760028,0.050000
5074,12.443044,0.050000
5075,12.744603,0.050000
5076,11.686380,0.050000
5077,9.805955,0.050000
5078,8.152275,0.050000
5079,2.017139,0.050000
5080,11.843336,0.050000
5081,-0.144792,0.050000
5082,4.070047,0.050000
5083,6.999590,0.050000
5084,13.849086,0.050000
5085,4.071389,0.050000
5086,2.769139,0.050000
5087,2.930461,0.050000
5088,4.388945,0.050000
5089,12.137389,0.050000
5090,10.468361,0.050000
5091,8.097063,0.050000
5092,13.416580,0.050000
5093,6.536644,0.050000
5094,11.829740,0.050000
5095,4.932566,0.050000
5096,16.676353,0.050000
5097,3.746841,0.050000
5098,6.819631,0.050000
5099,16.148969,0.050000
5100,3.643431,0.050000
5101,6.554856,0.050000
5102,1.259667,0.050000
5103,15.426494,0.050000
5104,9.640792,0.050000
5105,4.136804,0.050000
5106,10.310488,0.050000
5107,5.594486,0.050000
5108,7.814167,0.050000
5109,5.114457,0.050000
5110,1.362002,0.050000
5111,10.001934,0.050000
5112,9.766153,0.050000
5113,11.742134,0.050000
5114,2.793804,0.050000
5115,9.991752,0.050000
5116,8.451974,0.050000
5117,19.145563,0.050000
5118,1.284594,0.050000
5119,9.795092,0.050000
5120,6.556691,0.050000
5121,-2.158044,0.050000
5122,13.076301,0.050000
5123,7.038047,0.050000
5124,9.335501,0.050000
5125,9.016648,0.050000
5126,3.540054,0.050000
5127,6.951246,0.050000
5128,14.430070,0.050000
5129,10.180703,0.050000
5130,9.833479,0.050000
5131,12.484352,0.050000
5132,1.039845,0.050000
5133,9.891557,0.050000
5134,1.412318,0.050000
5135,5.957512,0.050000
5136,14.825482,0.050000
5137,8.176428,0.050000
5138,10.980614,0.050000
5139,6.306066,0.050000
5140,12.909662,0.050000
5141,11.434409,0.050000
5142,12.350841,0.050000
5143,1.905792,0.050000
5144,4.321260,0.050000
5145,27.961954,0.050000
5146,6.326967,0.050000
5147,7.776736,0.050000
5148,8.946892,0.050000
5149,11.869293,0.050000
5150,17.106047,0.050000
5151,0.526721,0.050000
5152,3.246156,0.050000
5153,3.746662,0.050000
5154,12.833938,0.050000
5155,3.995064,0.050000
5156,12.077614,0.050000
5157,5.834975,0.050000
5158,20.523417,0.050000
5159,10.352829,0.050000
5160,12.794474,0.050000
5161,18.158157,0.050000
5162,18.018017,0.050000
5163,15.164765,0.050000
5164,15.627009,0.050000
5165,9.974533,0.050000
5166,12.330127,0.050000
5167,7.035364,0.050000
5168,3.651284,0.050000
5169,14.722095,0.050000
5170,14.302315,0.050000
5171,10.035241,0.050000
5172,6.120268,0.050000
5173,8.267833,0.050000
5174,7.141927,0.050000
5175,7.170099,0.050000
5176,11.653204,0.050000
5177,12.757078,0.050000
5178,23.107652,0.050000
5179,6.054488,0.050000
5180,19.573954,0.050000
5181,8.656041,0.050000
5182,9.155667,0.050000
5183,15.488780,0.050000
5184,11.017276,0.050000
5185,14.013144,0.050000
5186,14.996389,0.050000
5187,7.540182,0.050000
5188,8.239999,0.050000
5189,11.805717,0.050000
5190,6.594587,0.050000
5191,9.424675,0.050000
5192,11.978524,0.050000
5193,14.289657,0.050000
5194,13.969640,0.050000
5195,5.770562,0.050000
5196,-0.207823,0.050000
5197,7.516173,0.050000
5198,6.499403,0.050000
5199,12.744104,0.050000
5200,10.360871,0.050000
5201,6.904378,0.050000
5202,3.802540,0.050000
5203,15.244353,0.050000
5204,14.011255,0.050000
5205,10.744838,0.050000
5206,8.543735,0.050000
5207,7.215400,0.050000
5208,14.973685,0.050000
5209,2.361482,0.050000
5210,4.405882,0.050000
5211,10.025109,0.050000
5212,10.642046,0.050000
5213,13.096891,0.050000
5214,10.556797,0.050000
5215,7.195500,0.050000
5216,4.638021,0.050000
5217,8.924926,0.050000
5218,0.711864,0.050000
5219,7.240928,0.050000
5220,6.527853,0.050000
5221,1.176937,0.050000
5222,1.862592,0.050000
5223,12.290818,0.050000
5224,4.308126,0.050000
5225,11.143215,0.050000
5226,7.580354,0.050000
5227,3.924219,0.050000
5228,3.221807,0.050000
5229,5.707618,0.050000
5230,5.778545,0.050000
5231,4.521533,0.050000
5232,3.579259,0.050000
5233,8.424314,0.050000
5234,11.314740,0.050000
5235,4.274883,0.050000
5236,4.906514,0.050000
5237,17.374270,0.050000
5238,14.866400,0.050000
5239,17.810598,0.050000
5240,2.513579,0.050000
5241,14.496202,0.050000
5242,12.260941,0.050000
5243,9.143063,0.050000
5244,6.311885,0.050000
5245,7.674116,0.050000
5246,6.305076,0.050000
5247,3.445140,0.050000
5248,13.770775,0.050000
5249,19.665692,0.050000
5250,10.772635,0.050000
5251,5.237131,0.050000
5252,10.110522,0.050000
5253,1.633801,0.050000
5254,11.968569,0.050000
5255,17.991036,0.050000
5256,21.300900,0.050000
5257,11.432533,0.050000
5258,7.362641,0.050000
5259,11.596793,0.050000
5260,12.175611,0.050000
5261,-2.547891,0.050000
5262,8.168840,0.050000
5263,10.946346,0.050000
5264,6.006574,0.050000
5265,26.544711,0.050000
5266,9.983710,0.050000
5267,7.580692,0.050000
5268,6.641561,0.050000
5269,15.045834,0.050000
5270,10.196200,0.050000
5271,13.113718,0.050000
5272,8.459384,0.050000
5273,10.941272,0.050000
5274,4.207747,0.050000
5275,10.528971,0.050000
5276,11.754825,0.050000
5277,12.811527,0.050000
5278,2.920665,0.050000
5279,10.253021,0.050000
5280,15.060376,0.050000
5281,10.273675,0.050000
5282,8.330735,0.050000
5283,14.811017,0.050000
5284,6.856602,0.050000
5285,14.463414,0.050000
5286,15.631077,0.050000
5287,7.051753,0.050000
5288,27.119189,0.050000
5289,5.140154,0.050000
5290,4.987351,0.050000
5291,10.859001,0.050000
5292,9.357682,0.050000
5293,11.978320,0.050000
5294,5.604907,0.050000
5295,2.603686,0.050000
5296,15.109114,0.050000
5297,8.105731,0.050000
5298,10.288274,0.050000
5299,2.185080,0.050000
5300,14.411371,0.050000
5301,8.029621,0.050000
5302,18.275044,0.050000
5303,5.161635,0.050000
5304,3.546157,0.050000
5305,8.681540,0.050000
5306,15.465152,0.050000
5307,18.286232,0.050000
5308,7.855849,0.050000
5309,8.104097,0.050000
5310,14.971113,0.050000
5311,16.016081,0.050000
5312,5.619704,0.050000
5313,12.859079,0.050000
5314,12.618596,0.050000
5315,16.963587,0.050000
5316,10.522855,0.050000
5317,7.876448,0.050000
5318,11.045201,0.050000
5319,18.924292,0.050000
5320,10.348967,0.050000
5321,6.700015,0.050000
5322,16.412114,0.050000
5323,12.170374,0.050000
5324,11.540432,0.050000
5325,4.052857,0.050000
5326,8.619512,0.050000
5327,12.015021,0.050000
5328,7.326176,0.050000
5329,6.769241,0.050000
5330,10.528336,0.050000
5331,11.248696,0.050000
5332,19.253121,0.050000
5333,11.251720,0.050000
5334,16.996074,0.050000
5335,11.067833,0.050000
5336,4.383147,0.050000
5337,16.536658,0.050000
5338,11.640459,0.050000
5339,1.830288,0.050000
5340,23.381413,0.050000
5341,17.683872,0.050000
5342,16.668508,0.050000
5343,20.202701,0.050000
5344,6.548113,0.050000
5345,8.048043,0.050000
5346,8.892547,0.050000
5347,13.642406,0.050000
5348,3.150566,0.050000
5349,6.101338,0.050000
5350,14.973314,0.050000
5351,4.786658,0.050000
5352,7.047885,0.050000
5353,14.717445,0.050000
5354,7.668466,0.050000
5355,7.810917,0.050000
5356,14.041046,0.050000
5357,15.899024,0.050000
5358,3.723490,0.050000
5359,5.589096,0.050000
5360,14.700588,0.050000
5361,9.743627,0.050000
5362,0.000941,0.050000
5363,1.430138,0.050000
5364,20.375592,0.050000
5365,9.496439,0.050000
5366,9.714988,0.050000
5367,18.077129,0.050000
5368,24.527340,0.050000
5369,7.515943,0.050000
5370,5.501235,0.050000
5371,2.082330,0.050000
5372,10.648152,0.050000
5373,15.653636,0.050000
5374,15.607162,0.050000
5375,15.702432,0.050000
5376,4.996968,0.050000
5377,7.306025,0.050000
5378,4.108545,0.050000
5379,4.219934,0.050000
5380,4.760668,0.050000
5381,2.209575,0.050000
5382,15.122391,0.050000
5383,8.346822,0.050000
5384,3.340839,0.050000
5385,11.330304,0.050000
5386,13.272611,0.050000
5387,10.876839,0.050000
5388,8.860740,0.050000
5389,13.777483,0.050000
5390,1.792589,0.050000
5391,15.559559,0.050000
5392,13.839330,0.050000
5393,5.639222,0.050000
5394,11.166211,0.050000
5395,0.623205,0.050000
5396,22.727632,0.050000
5397,11.055517,0.050000
5398,4.913068,0.050000
5399,12.019499,0.050000
5400,6.859547,0.050000
5401,17.894201,0.050000
5402,5.746083,0.050000
5403,7.522946,0.050000
5404,8.243140,0.050000
5405,8.112431,0.050000
5406,7.206091,0.050000
5407,7.841767,0.050000
5408,4.362956,0.050000
5409,11.341613,0.050000
5410,11.061415,0.050000
5411,7.648339,0.050000
5412,12.514984,0.050000
5413,21.674913,0.050000
5414,15.832551,0.050000
5415,11.114862,0.050000
5416,5.094362,0.050000
5417,10.713197,0.050000
5418,5.273780,0.050000
5419,8.031069,0.050000
5420,10.442313,0.050000
5421,6.547459,0.050000
5422,11.145892,0.050000
5423,1.315797,0.050000
5424,13.507126,0.050000
5425,16.095624,0.050000
5426,6.521690,0.050000
5427,1.570569,0.050000
5428,8.120586,0.050000
5429,12.228169,0.050000
5430,14.775909,0.050000
5431,6.188424,0.050000
5432,12.460033,0.050000
5433,14.226712,0.050000
5434,14.710915,0.050000
5435,5.694451,0.050000
5436,7.324582,0.050000
5437,12.972222,0.050000
5438,2.940935,0.050000
5439,10.182611,0.050000
5440,5.828295,0.050000
5441,13.693882,0.050000
5442,-0.881628,0.050000
5443,6.396331,0.050000
5444,2.511513,0.050000
5445,16.441719,0.050000
5446,5.874620,0.050000
5447,7.839380,0.050000
5448,4.074452,0.050000
5449,3.732644,0.050000
5450,18.256123,0.050000
5451,5.294618,0.050000
5452,15.779679,0.050000
5453,3.349782,0.050000
5454,8.730356,0.050000
5455,3.904360,0.050000
5456,13.852779,0.050000
5457,12.998093,0.050000
5458,9.628689,0.050000
5459,5.749323,0.050000
5460,5.643489,0.050000
5461,4.552704,0.050000
5462,12.336702,0.050000
5463,9.612876,0.050000
5464,2.270426,0.050000
5465,0.560469,0.050000
5466,11.479131,0.050000
5467,10.526321,0.050000
5468,5.084587,0.050000
5469,16.439050,0.050000
5470,14.337981,0.050000
5471,2.324163,0.050000
5472,18.361332,0.050000
5473,19.326294,0.050000
5474,7.270064,0.050000
5475,15.514424,0.050000
5476,19.732312,0.050000
5477,1.751618,0.050000
5478,2.998089,0.050000
5479,6.033455,0.050000
5480,13.352356,0.050000
5481,16.971475,0.050000
5482,20.026584,0.050000
5483,11.168132,0.050000
5484,4.899249,0.050000
5485,16.027949,0.050000
5486,5.583326,0.050000
5487,11.198503,0.050000
5488,13.121596,0.050000
5489,8.748306,0.050000
5490,13.010642,0.050000
5491,2.046219,0.050000
5492,7.269543,0.050000
5493,15.247992,0.050000
5494,7.098956,0.050000
5495,-0.588114,0.050000
5496,7.660248,0.050000
5497,-0.072613,0.050000
5498,5.000391,0.050000
5499,11.715330,0.050000
5500,4.408839,0.050000
5501,1.993932,0.050000
5502,19.651553,0.050000
5503,13.507267,0.050000
5504,6.043924,0.050000
5505,17.174979,0.050000
5506,12.287628,0.050000
5507,10.016267,0.050000
5508,5.982785,0.050000
5509,-1.905402,0.050000
5510,12.919791,0.050000
5511,5.518794,0.050000
5512,20.449274,0.050000
5513,11.297102,0.050000
5514,4.506141,0.050000
5515,8.301992,0.050000
5516,18.985714,0.050000
5517,7.194075,0.050000
5518,7.612645,0.050000
5519,12.765854,0.050000
5520,7.836358,0.050000
5521,8.173376,0.050000
5522,7.647202,0.050000
5523,6.800457,0.050000
5524,13.292364,0.050000
5525,8.334273,0.050000
5526,14.809582,0.050000
5527,6.393829,0.050000
5528,8.966552,0.050000
5529,9.165870,0.050000
5530,2.501588,0.050000
5531,10.771965,0.050000
5532,4.636214,0.050000
5533,10.780459,0.050000
5534,24.865335,0.050000
5535,-0.597842,0.050000
5536,15.148455,0.050000
5537,0.548074,0.050000
5538,-0.968674,0.050000
5539,1.543787,0.050000
5540,-0.373738,0.050000
5541,7.424718,0.050000
5542,11.198721,0.050000
5543,22.031962,0.050000
5544,6.550662,0.050000
5545,1.504321,0.050000
5546,17.384699,0.050000
5547,12.571120,0.050000
5548,9.290877,0.050000
5549,1.528693,0.050000
5550,5.323892,0.050000
5551,3.797569,0.050000
5552,-1.195376,0.050000
5553,1.445991,0.050000
5554,12.626269,0.050000
5555,7.620177,0.050000
5556,19.884104,0.050000
5557,7.562684,0.050000
5558,18.451049,0.050000
5559,3.865958,0.050000
5560,1.844897,0.050000
5561,3.455456,0.050000
5562,2.114660,0.050000
5563,2.862745,0.050000
5564,12.115534,0.050000
5565,5.972129,0.050000
5566,1.482638,0.050000
5567,3.188105,0.050000
5568,16.482888,0.050000
5569,4.733843,0.050000
5570,11.424704,0.050000
5571,6.704221,0.050000
5572,2.540735,0.050000
5573,27.065379,0.050000
5574,6.770941,0.050000
5575,4.552584,0.050000
5576,17.513697,0.050000
5577,4.777733,0.050000
5578,16.510797,0.050000
5579,-0.246588,0.050000
5580,5.712313,0.050000
5581,7.293292,0.050000
5582,7.043205,0.050000
5583,4.246742,0.050000
5584,8.236381,0.050000
5585,3.746767,0.050000
5586,6.197781,0.050000
5587,7.418215,0.050000
5588,5.437235,0.050000
5589,24.387484,0.050000
5590,13.781167,0.050000
5591,2.088041,0.050000
5592,11.311603,0.050000
5593,8.483582,0.050000
5594,20.412541,0.050000
5595,5.016143,0.050000
5596,9.830808,0.050000
5597,7.770523,0.050000
5598,10.264978,0.050000
5599,5.459240,0.050000
5600,9.901761,0.050000
5601,6.695559,0.050000
5602,6.168517,0.050000
5603,1.324888,0.050000
5604,22.086896,0.050000
5605,2.651522,0.050000
5606,1.493146,0.050000
5607,20.016238,0.050000
5608,9.202144,0.050000
5609,8.899462,0.050000
5610,5.620142,0.050000
5611,7.543025,0.050000
5612,10.035387,0.050000
5613,6.326240,0.050000
5614,0.555863,0.050000
5615,6.772437,0.050000
5616,10.433266,0.050000
5617,0.691814,0.050000
5618,6.368157,0.050000
5619,2.576132,0.050000
5620,8.289424,0.050000
5621,8.592984,0.050000
5622,1.204933,0.050000
5623,6.080506,0.050000
5624,16.254241,0.050000
5625,0.191750,0.050000
5626,15.122248,0.050000
5627,-2.538664,0.050000
5628,9.679736,0.050000
5629,16.149715,0.050000
5630,3.699758,0.050000
5631,13.155915,0.050000
5632,5.012355,0.050000
5633,13.022501,0.050000
5634,4.894402,0.050000
5635,9.821077,0.050000
5636,5.929394,0.050000
5637,9.341059,0.050000
5638,9.587970,0.050000
5639,4.386323,0.050000
5640,2.817201,0.050000
5641,4.551716,0.050000
5642,1.499923,0.050000
5643,19.476151,0.050000
5644,6.325592,0.050000
5645,5.271225,0.050000
5646,7.739234,0.050000
5647,17.891648,0.050000
5648,8.248239,0.050000
5649,8.461627,0.050000
5650,12.911150,0.050000
5651,2.679711,0.050000
5652,13.524318,0.050000
5653,9.074063,0.050000
5654,20.779593,0.050000
5655,1.578491,0.050000
5656,15.998220,0.050000
5657,7.787118,0.050000
5658,11.620055,0.050000
5659,2.841504,0.050000
5660,21.298120,0.050000
5661,10.233004,0.050000
5662,5.808818,0.050000
5663,4.878537,0.050000
5664,9.811248,0.050000
5665,3.711137,0.050000
5666,5.833702,0.050000
5667,17.242816,0.050000
5668,-1.483122,0.050000
5669,4.692338,0.050000
5670,3.236588,0.050000
5671,2.802638,0.050000
5672,14.600317,0.050000
5673,10.736745,0.050000
5674,8.409087,0.050000
5675,12.118035,0.050000
5676,3.953977,0.050000
5677,8.493725,0.050000
5678,2.977763,0.050000
5679,10.035270,0.050000
5680,5.909207,0.050000
5681,1.880280,0.050000
5682,9.483693,0.050000
5683,12.067183,0.050000
5684,1.960425,0.050000
5685,3.338510,0.050000
5686,8.234438,0.050000
5687,2.831626,0.050000
5688,-0.475046,0.050000
5689,9.995882,0.050000
5690,5.767326,0.050000
5691,3.401374,0.050000
5692,15.112163,0.050000
5693,13.695812,0.050000
5694,14.519824,0.050000
5695,21.725619,0.050000
5696,5.794923,0.050000
5697,17.229391,0.050000
5698,3.776411,0.050000
5699,17.779905,0.050000
5700,6.953748,0.050000
5701,16.261952,0.050000
5702,4.832855,0.050000
5703,10.182701,0.050000
5704,7.263994,0.050000
5705,0.867574,0.050000
5706,7.108357,0.050000
5707,2.843566,0.050000
5708,5.791109,0.050000
5709,11.811793,0.050000
5710,19.356125,0.050000
5711,17.190727,0.050000
5712,7.208287,0.050000
5713,7.683035,0.050000
5714,12.102854,0.050000
5715,11.362070,0.050000
5716,8.767949,0.050000
5717,7.172129,0.050000
5718,7.500264,0.050000
5719,19.923154,0.050000
5720,10.121531,0.050000
5721,7.521413,0.050000
5722,5.123527,0.050000
5723,-0.456706,0.050000
5724,5.619037,0.050000
5725,9.759818,0.050000
5726,4.718624,0.050000
5727,11.480377,0.050000
5728,5.176193,0.050000
5729,7.992684,0.050000
5730,13.949615,0.050000
5731,7.365632,0.050000
5732,3.085286,0.050000
5733,13.346251,0.050000
5734,4.115175,0.050000
5735,14.070261,0.050000
5736,13.279101,0.050000
5737,18.000712,0.050000
5738,9.814157,0.050000
5739,9.921267,0.050000
5740,1.140699,0.050000
5741,9.495171,0.050000
5742,16.510893,0.050000
5743,0.580174,0.050000
5744,6.350095,0.050000
5745,16.036786,0.050000
5746,3.444419,0.050000
5747,5.739016,0.050000
5748,8.971403,0.050000
5749,9.326972,0.050000
5750,7.521635,0.050000
5751,22.226662,0.050000
5752,-0.198780,0.050000
5753,8.762336,0.050000
5754,10.355675,0.050000
5755,9.216038,0.050000
5756,7.234658,0.050000
5757,17.670888,0.050000
5758,7.760917,0.050000
5759,4.048987,0.050000
5760,5.214874,0.050000
5761,15.678287,0.050000
5762,-0.156545,0.050000
5763,6.508311,0.050000
5764,0.728320,0.050000
5765,7.270750,0.050000
5766,4.771928,0.050000
5767,6.080104,0.050000
5768,20.020005,0.050000
5769,11.717414,0.050000
5770,14.198953,0.050000
5771,4.086874,0.050000
5772,4.762867,0.050000
5773,9.152114,0.050000
5774,3.626137,0.050000
5775,3.190078,0.050000
5776,5.069700,0.050000
5777,-0.047631,0.050000
5778,3.717382,0.050000
5779,20.288134,0.050000
5780,4.921138,0.050000
5781,12.804421,0.050000
5782,-0.747530,0.050000
5783,25.124664,0.050000
5784,9.256942,0.050000
5785,1.672925,0.050000
5786,4.055294,0.050000
5787,11.590575,0.050000
5788,6.916989,0.050000
5789,9.013940,0.050000
5790,2.429042,0.050000
5791,6.226025,0.050000
5792,4.771204,0.050000
5793,13.429340,0.050000
5794,6.537313,0.050000
5795,3.664060,0.050000
5796,10.600949,0.050000
5797,5.012449,0.050000
5798,19.420344,0.050000
5799,3.444428,0.050000
5800,10.029532,0.050000
5801,12.727264,0.050000
5802,6.150084,0.050000
5803,10.288363,0.050000
5804,3.265295,0.050000
5805,0.377971,0.050000
5806,9.994151,0.050000
5807,8.829417,0.050000
5808,14.432967,0.050000
5809,4.162736,0.050000
5810,12.086050,0.050000
5811,4.466931,0.050000
5812,8.977845,0.050000
5813,9.007144,0.050000
5814,1.369353,0.050000
5815,8.196920,0.050000
5816,19.746769,0.050000
5817,7.350582,0.050000
5818,8.135137,0.050000
5819,3.258566,0.050000
5820,8.662956,0.050000
5821,0.819062,0.050000
5822,5.243155,0.050000
5823,8.130848,0.050000
5824,9.310704,0.050000
5825,11.727704,0.050000
5826,8.439170,0.050000
5827,4.573322,0.050000
5828,8.878596,0.050000
5829,2.897323,0.050000
5830,16.114652,0.050000
5831,17.313075,0.050000
5832,2.196283,0.050000
5833,16.800844,0.050000
5834,2.727994,0.050000
5835,3.062701,0.050000
5836,15.878813,0.050000
5837,5.733610,0.050000
5838,3.572115,0.050000
5839,5.528997,0.050000
5840,4.415165,0.050000
5841,6.154630,0.050000
5842,23.694736,0.050000
5843,7.855838,0.050000
5844,3.164579,0.050000
5845,9.193030,0.050000
5846,11.300241,0.050000
5847,9.290032,0.050000
5848,2.594604,0.050000
5849,4.196562,0.050000
5850,10.233256,0.050000
5851,9.429584,0.050000
5852,24.629386,0.050000
5853,15.644869,0.050000
5854,6.801831,0.050000
5855,4.861425,0.050000
5856,5.030253,0.050000
5857,10.644312,0.050000
5858,7.361847,0.050000
5859,21.604105,0.050000
5860,5.999310,0.050000
5861,11.115549,0.050000
5862,7.702242,0.050000
5863,11.308370,0.050000
5864,3.645302,0.050000
5865,12.486150,0.050000
5866,7.743092,0.050000
5867,4.369005,0.050000
5868,15.438578,0.050000
5869,12.165751,0.050000
5870,6.300130,0.050000
5871,5.601761,0.050000
5872,6.358118,0.050000
5873,19.995589,0.050000
5874,9.947114,0.050000
5875,2.809502,0.050000
5876,5.254229,0.050000
5877,3.707242,0.050000
5878,6.037935,0.050000
5879,12.098040,0.050000
5880,8.030152,0.050000
5881,12.717796,0.050000
5882,15.160163,0.050000
5883,11.281546,0.050000
5884,7.447936,0.050000
5885,5.351500,0.050000
5886,5.003498,0.050000
5887,7.742817,0.050000
5888,15.901786,0.050000
5889,8.394914,0.050000
5890,11.622186,0.050000
5891,17.653628,0.050000
5892,13.167201,0.050000
5893,4.641183,0.050000
5894,13.875256,0.050000
5895,7.421624,0.050000
5896,6.994710,0.050000
5897,5.722271,0.050000
5898,14.716769,0.050000
5899,2.464129,0.050000
5900,8.599752,0.050000
5901,8.125825,0.050000
5902,5.273005,0.050000
5903,12.852618,0.050000
5904,6.004793,0.050000
5905,2.771640,0.050000
5906,8.153456,0.050000
5907,25.688027,0.050000
5908,15.383098,0.050000
5909,-0.778373,0.050000
5910,-1.598625,0.050000
5911,2.894939,0.050000
5912,1.203335,0.050000
5913,6.364860,0.050000
5914,2.110522,0.050000
5915,8.051573,0.050000
5916,5.107315,0.050000
5917,9.441126,0.050000
5918,16.977384,0.050000
5919,3.039527,0.050000
5920,13.708293,0.050000
5921,2.412582,0.050000
5922,13.162775,0.050000
5923,7.579444,0.050000
5924,8.973146,0.050000
5925,4.695327,0.050000
5926,5.868642,0.050000
5927,7.784932,0.050000
5928,0.963978,0.050000
5929,13.133623,0.050000
5930,10.365217,0.050000
5931,5.918907,0.050000
5932,15.529702,0.050000
5933,5.985294,0.050000
5934,14.336413,0.050000
5935,9.948201,0.050000
5936,2.137110,0.050000
5937,8.069600,0.050000
5938,11.949215,0.050000
5939,7.934593,0.050000
5940,9.496367,0.050000
5941,3.196776,0.050000
5942,6.724522,0.050000
5943,5.177731,0.050000
5944,0.165567,0.050000
5945,8.369725,0.050000
5946,8.218998,0.050000
5947,4.735419,0.050000
5948,11.995865,0.050000
5949,7.060176,0.050000
5950,1.530099,0.050000
5951,6.297842,0.050000
5952,10.355908,0.050000
5953,7.013850,0.050000
5954,4.473196,0.050000
5955,4.122534,0.050000
5956,8.638757,0.050000
5957,1.347662,0.050000
5958,5.980200,0.050000
5959,9.868774,0.050000
5960,5.467896,0.050000
5961,4.116652,0.050000
5962,13.787656,0.050000
5963,5.772060,0.050000
5964,-0.316890,0.050000
5965,2.066950,0.050000
5966,13.121807,0.050000
5967,7.931683,0.050000
5968,14.511600,0.050000
5969,2.998444,0.050000
5970,15.146979,0.050000
5971,5.708064,0.050000
5972,8.948054,0.050000
5973,11.126426,0.050000
5974,5.363064,0.050000
5975,16.793195,0.050000
5976,15.031332,0.050000
5977,9.960851,0.050000
5978,9.143955,0.050000
5979,12.202913,0.050000
5980,3.246448,0.050000
5981,17.767045,0.050000
5982,10.731502,0.050000
5983,6.812889,0.050000
5984,4.871686,0.050000
5985,2.767195,0.050000
5986,7.298509,0.050000
5987,14.937694,0.050000
5988,3.692739,0.050000
5989,8.609995,0.050000
5990,7.559513,0.050000
5991,7.129876,0.050000
5992,10.174425,0.050000
5993,24.315704,0.050000
5994,10.785554,0.050000
5995,15.041016,0.050000
5996,6.839679,0.050000
5997,11.470150,0.050000
5998,13.770792,0.050000
5999,15.728752,0.050000
6000,7.357681,0.050000
6001,19.675949,0.050000
6002,11.278826,0.050000
6003,7.629678,0.050000
6004,10.366079,0.050000
6005,8.737196,0.050000
6006,7.145762,0.050000
6007,11.157515,0.050000
6008,21.162804,0.050000
6009,2.194140,0.050000
6010,6.847578,0.050000
6011,10.910618,0.050000
6012,7.254456,0.050000
6013,16.354048,0.050000
6014,6.164822,0.050000
6015,14.580831,0.050000
6016,22.727338,0.050000
6017,1.995683,0.050000
6018,11.448068,0.050000
6019,17.034478,0.050000
6020,19.302171,0.050000
6021,22.565749,0.050000
6022,5.208169,0.050000
6023,6.277240,0.050000
6024,10.048147,0.050000
6025,5.186178,0.050000
6026,21.721870,0.050000
6027,8.381309,0.050000
6028,6.049155,0.050000
6029,2.424330,0.050000
6030,9.254006,0.050000
6031,10.649151,0.050000
6032,11.516454,0.050000
6033,4.927960,0.050000
6034,4.761940,0.050000
6035,7.365469,0.050000
6036,4.137471,0.050000
6037,-0.943085,0.050000
6038,7.501586,0.050000
6039,4.654308,0.050000
6040,5.173134,0.050000
6041,8.632002,0.050000
6042,2.417908,0.050000
6043,6.252920,0.050000
6044,8.022292,0.050000
6045,4.058030,0.050000
6046,11.261864,0.050000
6047,7.444701,0.050000
6048,8.716237,0.050000
6049,8.794170,0.050000
6050,9.135988,0.050000
6051,13.416025,0.050000
6052,16.495129,0.050000
6053,9.893841,0.050000
6054,6.863783,0.050000
6055,17.963569,0.050000
6056,4.091220,0.050000
6057,28.706939,0.050000
6058,16.256202,0.050000
6059,2.316192,0.050000
6060,23.041849,0.050000
6061,10.707791,0.050000
6062,3.081824,0.050000
6063,8.011825,0.050000
6064,11.198018,0.050000
6065,6.595358,0.050000
6066,6.854880,0.050000
6067,4.768051,0.050000
6068,9.190405,0.050000
6069,4.465191,0.050000
6070,2.038756,0.050000
6071,5.230508,0.050000
6072,7.532934,0.050000
6073,3.178834,0.050000
6074,3.896182,0.050000
6075,6.827789,0.050000
6076,3.167277,0.050000
6077,9.333217,0.050000
6078,2.744392,0.050000
6079,9.149435,0.050000
6080,9.594659,0.050000
6081,15.987345,0.050000
6082,1.667400,0.050000
6083,7.385595,0.050000
6084,17.179986,0.050000
6085,6.531938,0.050000
6086,16.783107,0.050000
6087,8.102234,0.050000
6088,11.811393,0.050000
6089,8.157889,0.050000
6090,6.342878,0.050000
6091,6.003511,0.050000
6092,9.933789,0.050000
6093,13.823780,0.050000
6094,11.359470,0.050000
6095,14.600284,0.050000
6096,5.803333,0.050000
6097,28.783238,0.050000
6098,27.072444,0.050000
6099,10.612669,0.050000
6100,16.593498,0.050000
6101,8.315075,0.050000
6102,10.469946,0.050000
6103,18.579990,0.050000
6104,5.587232,0.050000
6105,13.958293,0.050000
6106,16.519778,0.050000
6107,19.343224,0.050000
6108,8.866752,0.050000
6109,3.849690,0.050000
6110,3.222054,0.050000
6111,3.551092,0.050000
6112,4.432667,0.050000
6113,12.573156,0.050000
6114,8.718461,0.050000
6115,9.541913,0.050000
6116,4.247965,0.050000
6117,4.033040,0.050000
6118,7.815235,0.050000
6119,6.883150,0.050000
6120,4.302471,0.050000
6121,9.114078,0.050000
6122,2.942612,0.050000
6123,15.337444,0.050000
6124,20.705648,0.050000
6125,8.401668,0.050000
6126,10.455272,0.050000
6127,13.251836,0.050000
6128,11.571336,0.050000
6129,33.006746,0.050000
6130,7.029604,0.050000
6131,0.978470,0.050000
6132,6.550597,0.050000
6133,1.969194,0.050000
6134,10.638500,0.050000
6135,12.979777,0.050000
6136,1.323128,0.050000
6137,12.387511,0.050000
6138,13.936766,0.050000
6139,12.064790,0.050000
6140,20.952107,0.050000
6141,6.993138,0.050000
6142,5.359683,0.050000
6143,20.017880,0.050000
6144,8.558428,0.050000
6145,14.721662,0.050000
6146,8.298108,0.050000
6147,3.129678,0.050000
6148,4.413629,0.050000
6149,0.640185,0.050000
6150,20.363584,0.050000
6151,11.164686,0.050000
6152,5.789885,0.050000
6153,10.520712,0.050000
6154,18.761483,0.050000
6155,10.288866,0.050000
6156,2.869252,0.050000
6157,15.773532,0.050000
6158,1.253446,0.050000
6159,12.279601,0.050000
6160,0.641519,0.050000
6161,5.403785,0.050000
6162,9.960794,0.050000
6163,0.260318,0.050000
6164,14.182505,0.050000
6165,9.066143,0.050000
6166,1.663470,0.050000
6167,11.197475,0.050000
6168,11.130866,0.050000
6169,3.556646,0.050000
6170,13.639836,0.050000
6171,5.900649,0.050000
6172,4.507011,0.050000
6173,10.701041,0.050000
6174,6.290495,0.050000
6175,12.056762,0.050000
6176,10.008883,0.050000
6177,0.290020,0.050000
6178,10.595639,0.050000
6179,10.945368,0.050000
6180,6.074991,0.050000
6181,8.972208,0.050000
6182,6.664062,0.050000
6183,18.014363,0.050000
6184,12.254641,0.050000
6185,1.743824,0.050000
6186,3.118136,0.050000
6187,15.865879,0.050000
6188,1.548655,0.050000
6189,5.249298,0.050000
6190,26.964516,0.050000
6191,17.444472,0.050000
6192,2.820153,0.050000
6193,13.212069,0.050000
6194,1.275707,0.050000
6195,27.941856,0.050000
6196,7.869052,0.050000
6197,9.722252,0.050000
6198,5.862405,0.050000
6199,13.301945,0.050000
6200,-1.008586,0.050000
6201,1.965516,0.050000
6202,6.029444,0.050000
6203,11.472063,0.050000
6204,21.467394,0.050000
6205,13.479329,0.050000
6206,21.527713,0.050000
6207,12.594355,0.050000
6208,1.655122,0.050000
6209,1.516621,0.050000
6210,21.417866,0.050000
6211,17.550803,0.050000
6212,4.655367,0.050000
6213,7.671387,0.050000
6214,5.492765,0.050000
6215,8.152291,0.050000
6216,4.981295,0.050000
6217,7.502975,0.050000
6218,17.944856,0.050000
6219,9.021306,0.050000
6220,12.449087,0.050000
6221,-0.333283,0.050000
6222,11.162433,0.050000
6223,19.464168,0.050000
6224,3.200415,0.050000
6225,0.274540,0.050000
6226,14.559461,0.050000
6227,4.196233,0.050000
6228,9.182149,0.050000
6229,7.180704,0.050000
6230,7.972992,0.050000
6231,9.771072,0.050000
6232,4.283141,0.050000
6233,9.239196,0.050000
6234,3.176957,0.050000
6235,6.674231,0.050000
6236,20.631153,0.050000
6237,11.411825,0.050000
6238,5.187582,0.050000
6239,6.713455,0.050000
6240,6.700501,0.050000
6241,13.089381,0.050000
6242,4.374502,0.050000
6243,8.590818,0.050000
6244,10.280888,0.050000
6245,22.347684,0.050000
6246,11.543158,0.050000
6247,15.873688,0.050000
6248,10.237748,0.050000
6249,5.671478,0.050000
6250,10.704592,0.050000
6251,9.030701,0.050000
6252,17.513850,0.050000
6253,7.326592,0.050000
6254,6.807850,0.050000
6255,5.354767,0.050000
6256,5.668140,0.050000
6257,4.260182,0.050000
6258,5.148665,0.050000
6259,9.912131,0.050000
6260,7.508912,0.050000
6261,9.683579,0.050000
6262,0.285542,0.050000
6263,8.547332,0.050000
6264,21.079617,0.050000
6265,1.714637,0.050000
6266,11.885887,0.050000
6267,8.743845,0.050000
6268,6.771279,0.050000
6269,2.706616,0.050000
6270,-0.240819,0.050000
6271,1.291417,0.050000
6272,1.308950,0.050000
6273,1.762949,0.050000
6274,13.622865,0.050000
6275,8.801081,0.050000
6276,6.368308,0.050000
6277,15.701658,0.050000
6278,4.899610,0.050000
6279,19.063847,0.050000
6280,6.883593,0.050000
6281,4.079947,0.050000
6282,11.061809,0.050000
6283,6.955618,0.050000
6284,3.306707,0.050000
6285,5.078651,0.050000
6286,11.847952,0.050000
6287,16.164172,0.050000
6288,5.162690,0.050000
6289,10.435810,0.050000
6290,4.038113,0.050000
6291,7.884286,0.050000
6292,-0.614563,0.050000
6293,10.252200,0.050000
6294,10.768061,0.050000
6295,7.742471,0.050000
6296,10.301024,0.050000
6297,3.457974,0.050000
6298,3.320315,0.050000
6299,11.764965,0.050000
6300,4.222275,0.050000
6301,-0.317592,0.050000
6302,8.405589,0.050000
6303,5.098360,0.050000
6304,11.944258,0.050000
6305,3.213401,0.050000
6306,16.607366,0.050000
6307,7.967328,0.050000
6308,6.016128,0.050000
6309,7.515949,0.050000
6310,3.976105,0.050000
6311,14.221059,0.050000
6312,4.699305,0.050000
6313,1.578503,0.050000
6314,5.980072,0.050000
6315,5.405276,0.050000
6316,12.725698,0.050000
6317,9.284605,0.050000
6318,4.598104,0.050000
6319,6.463328,0.050000
6320,21.614703,0.050000
6321,3.735347,0.050000
6322,5.429866,0.050000
6323,5.376382,0.050000
6324,1.963293,0.050000
6325,6.806885,0.050000
6326,20.895889,0.050000
6327,6.523652,0.050000
6328,6.911775,0.050000
6329,16.747425,0.050000
6330,9.915186,0.050000
6331,10.538918,0.050000
6332,18.252276,0.050000
6333,7.086928,0.050000
6334,9.905307,0.050000
6335,8.677621,0.050000
6336,3.932234,0.050000
6337,3.904769,0.050000
6338,5.108550,0.050000
6339,0.912642,0.050000
6340,13.130858,0.050000
6341,8.262782,0.050000
6342,14.908992,0.050000
6343,5.710591,0.050000
6344,11.947434,0.050000
6345,5.537597,0.050000
6346,-0.180585,0.050000
6347,11.879067,0.050000
6348,14.747661,0.050000
6349,14.305648,0.050000
6350,9.925065,0.050000
6351,8.591459,0.050000
6352,10.837514,0.050000
6353,5.256209,0.050000
6354,6.793389,0.050000
6355,19.428362,0.050000
6356,10.292139,0.050000
6357,2.478850,0.050000
6358,16.961481,0.050000
6359,1.049831,0.050000
6360,7.991697,0.050000
6361,6.094750,0.050000
6362,2.533352,0.050000
6363,12.276478,0.050000
6364,-0.372804,0.050000
6365,5.335628,0.050000
6366,9.954527,0.050000
6367,7.355978,0.050000
6368,4.127459,0.050000
6369,0.871918,0.050000
6370,8.240227,0.050000
6371,16.331144,0.050000
6372,6.263903,0.050000
6373,12.809151,0.050000
6374,6.613450,0.050000
6375,7.120684,0.050000
6376,12.087124,0.050000
6377,3.295854,0.050000
6378,16.192478,0.050000
6379,10.877184,0.050000
6380,5.351167,0.050000
6381,17.882919,0.050000
6382,12.634275,0.050000
6383,7.616709,0.050000
6384,4.709167,0.050000
6385,11.040073,0.050000
6386,4.050202,0.050000
6387,1.595202,0.050000
6388,18.748080,0.050000
6389,9.586046,0.050000
6390,2.465633,0.050000
6391,7.262399,0.050000
6392,6.135356,0.050000
6393,3.212300,0.050000
6394,6.511246,0.050000
6395,8.826399,0.050000
6396,4.725354,0.050000
6397,4.988486,0.050000
6398,9.406948,0.050000
6399,11.587015,0.050000
6400,2.743476,0.050000
6401,-0.790089,0.050000
6402,4.682468,0.050000
6403,20.413076,0.050000
6404,1.794314,0.050000
6405,0.448959,0.050000
6406,14.428593,0.050000
6407,13.068705,0.050000
6408,0.166418,0.050000
6409,0.990494,0.050000
6410,8.129885,0.050000
6411,10.552738,0.050000
6412,7.721134,0.050000
6413,8.370505,0.050000
6414,5.607453,0.050000
6415,7.424709,0.050000
6416,12.358852,0.050000
6417,17.376610,0.050000
6418,1.681398,0.050000
6419,16.201466,0.050000
6420,6.444643,0.050000
6421,8.569130,0.050000
6422,3.287183,0.050000
6423,-0.733449,0.050000
6424,1.403504,0.050000
6425,3.326080,0.050000
6426,23.116452,0.050000
6427,-1.210638,0.050000
6428,13.357675,0.050000
6429,5.540056,0.050000
6430,19.843219,0.050000
6431,16.358340,0.050000
6432,25.594229,0.050000
6433,3.702402,0.050000
6434,13.623263,0.050000
6435,6.663336,0.050000
6436,11.142970,0.050000
6437,4.050087,0.050000
6438,18.605367,0.050000
6439,10.006435,0.050000
6440,8.858457,0.050000
6441,13.705311,0.050000
6442,8.605958,0.050000
6443,7.393464,0.050000
6444,7.990529,0.050000
6445,2.607752,0.050000
6446,10.688340,0.050000
6447,3.126274,0.050000
6448,-0.242501,0.050000
6449,28.373773,0.050000
6450,13.059858,0.050000
6451,6.830082,0.050000
6452,5.254292,0.050000
6453,15.853717,0.050000
6454,2.326526,0.050000
6455,3.637334,0.050000
6456,7.986656,0.050000
6457,5.194032,0.050000
6458,3.141052,0.050000
6459,1.736596,0.050000
6460,16.335266,0.050000
6461,-0.132709,0.050000
6462,1.539466,0.050000
6463,2.207311,0.050000
6464,10.484174,0.050000
6465,11.815253,0.050000
6466,13.923506,0.050000
6467,4.190436,0.050000
6468,19.145361,0.050000
6469,1.234093,0.050000
6470,19.439223,0.050000
6471,25.772070,0.050000
6472,10.355432,0.050000
6473,8.364968,0.050000
6474,14.661298,0.050000
6475,6.420880,0.050000
6476,15.738942,0.050000
6477,9.307502,0.050000
6478,12.656037,0.050000
6479,9.577523,0.050000
6480,11.999931,0.050000
6481,8.339534,0.050000
6482,18.027167,0.050000
6483,18.755092,0.050000
6484,6.582850,0.050000
6485,1.141012,0.050000
6486,2.096751,0.050000
6487,5.720154,0.050000
6488,9.512464,0.050000
6489,4.970934,0.050000
6490,18.187543,0.050000
6491,7.215193,0.050000
6492,10.003600,0.050000
6493,9.678375,0.050000
6494,16.705000,0.050000
6495,12.201372,0.050000
6496,2.896000,0.050000
6497,8.211494,0.050000
6498,7.227234,0.050000
6499,11.183231,0.050000
6500,8.803224,0.050000
6501,0.946219,0.050000
6502,8.040939,0.050000
6503,18.626078,0.050000
6504,4.265371,0.050000
6505,8.558058,0.050000
6506,8.496099,0.050000
6507,8.791469,0.050000
6508,12.485070,0.050000
6509,15.314419,0.050000
6510,6.965672,0.050000
6511,20.567480,0.050000
6512,4.721914,0.050000
6513,13.985626,0.050000
6514,9.561109,0.050000
6515,19.075928,0.050000
6516,8.933982,0.050000
6517,17.122713,0.050000
6518,11.157556,0.050000
6519,17.784777,0.050000
6520,8.526477,0.050000
6521,2.297309,0.050000
6522,18.704165,0.050000
6523,7.344820,0.050000
6524,8.653039,0.050000
6525,14.829460,0.050000
6526,9.077565,0.050000
6527,2.724050,0.050000
6528,16.096364,0.050000
6529,10.725369,0.050000
6530,24.606453,0.050000
6531,18.492597,0.050000
6532,6.286594,0.050000
6533,10.514779,0.050000
6534,10.011862,0.050000
6535,18.492881,0.050000
6536,3.059801,0.050000
6537,10.212005,0.050000
6538,3.803210,0.050000
6539,24.322216,0.050000
6540,14.049219,0.050000
6541,5.418188,0.050000
6542,4.646444,0.050000
6543,10.523109,0.050000
6544,12.963408,0.050000
6545,4.730442,0.050000
6546,2.795056,0.050000
6547,4.018675,0.050000
6548,11.926965,0.050000
6549,31.755891,0.050000
6550,5.406623,0.050000
6551,5.206678,0.050000
6552,7.192395,0.050000
6553,0.514104,0.050000
6554,10.122771,0.050000
6555,6.904559,0.050000
6556,12.509695,0.050000
6557,15.975058,0.050000
6558,13.678406,0.050000
6559,5.897611,0.050000
6560,10.964745,0.050000
6561,14.334456,0.050000
6562,9.766471,0.050000
6563,10.340094,0.050000
6564,13.393838,0.050000
6565,8.213255,0.050000
6566,1.373923,0.050000
6567,3.147630,0.050000
6568,7.944040,0.050000
6569,4.155625,0.050000
6570,15.310264,0.050000
6571,-0.775978,0.050000
6572,12.672790,0.050000
6573,5.799707,0.050000
6574,2.913481,0.050000
6575,9.287926,0.050000
6576,5.629005,0.050000
6577,14.949319,0.050000
6578,13.919372,0.050000
6579,13.109600,0.050000
6580,0.993281,0.050000
6581,8.294033,0.050000
6582,20.727336,0.050000
6583,26.090831,0.050000
6584,21.451309,0.050000
6585,7.207485,0.050000
6586,15.608662,0.050000
6587,6.469135,0.050000
6588,9.160256,0.050000
6589,12.558141,0.050000
6590,17.098163,0.050000
6591,8.527251,0.050000
6592,19.578336,0.050000
6593,4.548963,0.050000
6594,8.816964,0.050000
6595,9.023180,0.050000
6596,5.588583,0.050000
6597,16.863798,0.050000
6598,21.394490,0.050000
6599,3.539350,0.050000
6600,7.635103,0.050000
6601,23.221330,0.050000
6602,11.673343,0.050000
6603,9.924446,0.050000
6604,17.768650,0.050000
6605,13.119509,0.050000
6606,24.691090,0.050000
6607,3.106569,0.050000
6608,7.727253,0.050000
6609,10.936676,0.050000
6610,12.419334,0.050000
6611,6.955733,0.050000
6612,3.572785,0.050000
6613,12.163455,0.050000
6614,7.034135,0.050000
6615,4.726637,0.050000
6616,12.275438,0.050000
6617,17.159889,0.050000
6618,9.367364,0.050000
6619,11.815881,0.050000
6620,5.120429,0.050000
6621,15.253324,0.050000
6622,7.633709,0.050000
6623,8.205368,0.050000
6624,7.701388,0.050000
6625,17.511048,0.050000
6626,17.344332,0.050000
6627,15.303575,0.050000
6628,7.738297,0.050000
6629,5.833022,0.050000
6630,1.829434,0.050000
6631,16.652744,0.050000
6632,12.560493,0.050000
6633,8.344550,0.050000
6634,20.683326,0.050000
6635,23.669795,0.050000
6636,7.801864,0.050000
6637,3.559715,0.050000
6638,14.776543,0.050000
6639,7.345193,0.050000
6640,3.967429,0.050000
6641,10.081193,0.050000
6642,13.342307,0.050000
6643,0.255370,0.050000
6644,6.637381,0.050000
6645,15.421518,0.050000
6646,4.761143,0.050000
6647,1.868234,0.050000
6648,9.041244,0.050000
6649,12.171997,0.050000
6650,1.524998,0.050000
6651,6.186191,0.050000
6652,5.560527,0.050000
6653,11.972092,0.050000
6654,5.068463,0.050000
6655,8.193893,0.050000
6656,6.107646,0.050000
6657,24.962247,0.050000
6658,12.658545,0.050000
6659,10.701792,0.050000
6660,7.915389,0.050000
6661,15.148908,0.050000
6662,7.157474,0.050000
6663,4.256646,0.050000
6664,8.872527,0.050000
6665,18.413927,0.050000
6666,2.056925,0.050000
6667,16.432480,0.050000
6668,3.962083,0.050000
6669,6.474778,0.050000
6670,12.119102,0.050000
6671,20.399776,0.050000
6672,7.311919,0.050000
6673,8.112347,0.050000
6674,15.598506,0.050000
6675,9.529868,0.050000
6676,5.825531,0.050000
6677,8.826127,0.050000
6678,11.254573,0.050000
6679,7.325102,0.050000
6680,9.870290,0.050000
6681,13.492494,0.050000
6682,14.155565,0.050000
6683,17.847091,0.050000
6684,8.507949,0.050000
6685,9.401877,0.050000
6686,2.845035,0.050000
6687,11.188108,0.050000
6688,10.382178,0.050000
6689,10.595047,0.050000
6690,4.287618,0.050000
6691,4.823018,0.050000
6692,24.048245,0.050000
6693,7.227787,0.050000
6694,9.488631,0.050000
6695,9.418856,0.050000
6696,9.240893,0.050000
6697,-0.101745,0.050000
6698,17.738758,0.050000
6699,6.378343,0.050000
6700,10.816866,0.050000
6701,8.409624,0.050000
6702,7.128053,0.050000
6703,7.521991,0.050000
6704,11.605384,0.050000
6705,15.341276,0.050000
6706,11.055005,0.050000
6707,16.663719,0.050000
6708,6.621609,0.050000
6709,2.416224,0.050000
6710,8.493012,0.050000
6711,14.152042,0.050000
6712,7.315748,0.050000
6713,7.830116,0.050000
6714,27.681156,0.050000
6715,9.769424,0.050000
6716,5.035885,0.050000
6717,-1.134444,0.050000
6718,4.423666,0.050000
6719,19.000452,0.050000
6720,9.464376,0.050000
6721,18.226351,0.050000
6722,10.373354,0.050000
6723,11.794429,0.050000
6724,11.455794,0.050000
6725,9.180815,0.050000
6726,4.778669,0.050000
6727,14.926083,0.050000
6728,23.137361,0.050000
6729,4.179227,0.050000
6730,23.221808,0.050000
6731,1.894514,0.050000
6732,6.993604,0.050000
6733,14.477422,0.050000
6734,6.549570,0.050000
6735,11.442033,0.050000
6736,15.383792,0.050000
6737,16.649679,0.050000
6738,14.975686,0.050000
6739,17.645518,0.050000
6740,2.200945,0.050000
6741,18.436968,0.050000
6742,3.905959,0.050000
6743,4.098835,0.050000
6744,12.890334,0.050000
6745,20.255397,0.050000
6746,5.888378,0.050000
6747,8.894546,0.050000
6748,0.401021,0.050000
6749,-2.067161,0.050000
6750,16.769863,0.050000
6751,11.588627,0.050000
6752,8.122254,0.050000
6753,-1.640205,0.050000
6754,9.124324,0.050000
6755,1.634080,0.050000
6756,13.083593,0.050000
6757,1.830132,0.050000
6758,9.238692,0.050000
6759,2.962519,0.050000
6760,15.621167,0.050000
6761,2.896749,0.050000
6762,10.386645,0.050000
6763,9.168216,0.050000
6764,4.220087,0.050000
6765,4.211781,0.050000
6766,-0.448960,0.050000
6767,7.315127,0.050000
6768,1.809450,0.050000
6769,4.103643,0.050000
6770,5.263409,0.050000
6771,12.904094,0.050000
6772,13.074464,0.050000
6773,-2.913114,0.050000
6774,2.051573,0.050000
6775,8.238041,0.050000
6776,16.522587,0.050000
6777,6.412479,0.050000
6778,9.877970,0.050000
6779,9.637655,0.050000
6780,4.019556,0.050000
6781,15.171510,0.050000
6782,11.385863,0.050000
6783,1.090402,0.050000
6784,17.935747,0.050000
6785,11.383549,0.050000
6786,14.399707,0.050000
6787,16.327697,0.050000
6788,15.919748,0.050000
6789,21.004660,0.050000
6790,4.457179,0.050000
6791,15.207731,0.050000
6792,7.588005,0.050000
6793,20.437522,0.050000
6794,1.305263,0.050000
6795,13.066856,0.050000
6796,16.067022,0.050000
6797,5.924763,0.050000
6798,7.693120,0.050000
6799,0.600983,0.050000
6800,9.173544,0.050000
6801,6.672954,0.050000
6802,8.015277,0.050000
6803,7.567237,0.050000
6804,16.504882,0.050000
6805,7.819906,0.050000
6806,14.037861,0.050000
6807,8.166256,0.050000
6808,1.638471,0.050000
6809,10.085189,0.050000
6810,14.786685,0.050000
6811,8.430730,0.050000
6812,4.690642,0.050000
6813,19.008292,0.050000
6814,11.822209,0.050000
6815,4.614031,0.050000
6816,10.108654,0.050000
6817,14.990700,0.050000
6818,9.588535,0.050000
6819,15.607812,0.050000
6820,6.864610,0.050000
6821,6.409281,0.050000
6822,6.919730,0.050000
6823,14.678836,0.050000
6824,16.853832,0.050000
6825,3.828621,0.050000
6826,22.069137,0.050000
6827,0.583868,0.050000
6828,1.966493,0.050000
6829,18.178665,0.050000
6830,5.713179,0.050000
6831,9.737361,0.050000
6832,3.166173,0.050000
6833,6.867120,0.050000
6834,5.026856,0.050000
6835,19.970054,0.050000
6836,6.955062,0.050000
6837,20.220845,0.050000
6838,8.697060,0.050000
6839,6.428064,0.050000
6840,2.486545,0.050000
6841,9.131156,0.050000
6842,2.815252,0.050000
6843,16.049546,0.050000
6844,14.827212,0.050000
6845,11.353392,0.050000
6846,25.305580,0.050000
6847,10.237861,0.050000
6848,5.867299,0.050000
6849,6.356864,0.050000
6850,9.856982,0.050000
6851,2.735819,0.050000
6852,3.987971,0.050000
6853,10.784239,0.050000
6854,3.338380,0.050000
6855,5.038198,0.050000
6856,12.716891,0.050000
6857,19.296082,0.050000
6858,3.750487,0.050000
6859,7.514769,0.050000
6860,7.803272,0.050000
6861,23.300882,0.050000
6862,9.699168,0.050000
6863,4.130088,0.050000
6864,9.694748,0.050000
6865,9.035095,0.050000
6866,3.763790,0.050000
6867,7.017008,0.050000
6868,9.825907,0.050000
6869,9.322109,0.050000
6870,5.134458,0.050000
6871,11.373349,0.050000
6872,7.800995,0.050000
6873,25.770482,0.050000
6874,5.657994,0.050000
6875,6.231283,0.050000
6876,4.260956,0.050000
6877,15.834266,0.050000
6878,8.970993,0.050000
6879,11.844277,0.050000
6880,10.213749,0.050000
6881,9.635901,0.050000
6882,4.466417,0.050000
6883,6.739789,0.050000
6884,16.380400,0.050000
6885,27.581359,0.050000
6886,8.757751,0.050000
6887,9.158064,0.050000
6888,1.536137,0.050000
6889,11.679927,0.050000
6890,15.382274,0.050000
6891,9.194244,0.050000
6892,6.408449,0.050000
6893,13.203588,0.050000
6894,18.477537,0.050000
6895,23.378916,0.050000
6896,11.516700,0.050000
6897,6.761019,0.050000
6898,34.775175,0.050000
6899,16.631559,0.050000
6900,8.157245,0.050000
6901,9.818283,0.050000
6902,10.047242,0.050000
6903,11.996195,0.050000
6904,9.040020,0.050000
6905,6.035699,0.050000
6906,11.928183,0.050000
6907,5.064663,0.050000
6908,9.426187,0.050000
6909,9.723250,0.050000
6910,19.005147,0.050000
6911,10.162221,0.050000
6912,9.672309,0.050000
6913,4.342946,0.050000
6914,8.257921,0.050000
6915,6.370011,0.050000
6916,7.967643,0.050000
6917,6.105024,0.050000
6918,15.068101,0.050000
6919,28.733386,0.050000
6920,4.257048,0.050000
6921,9.742417,0.050000
6922,12.526512,0.050000
6923,11.517884,0.050000
6924,11.937348,0.050000
6925,12.521677,0.050000
6926,5.387992,0.050000
6927,3.970755,0.050000
6928,12.084411,0.050000
6929,2.093521,0.050000
6930,0.376482,0.050000
6931,12.742883,0.050000
6932,10.987153,0.050000
6933,4.971087,0.050000
6934,3.611534,0.050000
6935,19.180729,0.050000
6936,21.776261,0.050000
6937,12.590750,0.050000
6938,12.863352,0.050000
6939,13.681066,0.050000
6940,5.729544,0.050000
6941,1.157660,0.050000
6942,1.563417,0.050000
6943,6.611256,0.050000
6944,5.295768,0.050000
6945,5.630266,0.050000
6946,13.823984,0.050000
6947,16.313537,0.050000
6948,13.130283,0.050000
6949,8.195588,0.050000
6950,11.030850,0.050000
6951,13.038560,0.050000
6952,23.963857,0.050000
6953,14.747278,0.050000
6954,8.207347,0.050000
6955,1.205245,0.050000
6956,4.082652,0.050000
6957,5.256169,0.050000
6958,26.196946,0.050000
6959,21.572079,0.050000
6960,16.304526,0.050000
6961,5.697673,0.050000
6962,4.194456,0.050000
6963,18.243910,0.050000
6964,18.096034,0.050000
6965,12.231794,0.050000
6966,7.170944,0.050000
6967,8.110211,0.050000
6968,12.804550,0.050000
6969,4.339935,0.050000
6970,13.397590,0.050000
6971,7.796894,0.050000
6972,21.764956,0.050000
6973,20.342934,0.050000
6974,8.343603,0.050000
6975,8.813077,0.050000
6976,21.694730,0.050000
6977,10.345226,0.050000
6978,1.612699,0.050000
6979,8.270286,0.050000
6980,8.855852,0.050000
6981,6.836646,0.050000
6982,13.145717,0.050000
6983,9.043588,0.050000
6984,9.067880,0.050000
6985,4.416066,0.050000
6986,5.381771,0.050000
6987,11.308175,0.050000
6988,29.819104,0.050000
6989,4.166396,0.050000
6990,10.129730,0.050000
6991,28.809433,0.050000
6992,13.283422,0.050000
6993,2.386042,0.050000
6994,11.441458,0.050000
6995,8.894430,0.050000
6996,9.195471,0.050000
6997,6.793833,0.050000
6998,13.558404,0.050000
6999,5.113626,0.050000
7000,7.118534,0.050000
7001,18.706135,0.050000
7002,8.752499,0.050000
7003,15.828238,0.050000
7004,18.535259,0.050000
7005,4.536082,0.050000
7006,21.335618,0.050000
7007,19.646861,0.050000
7008,2.679327,0.050000
7009,10.709615,0.050000
7010,17.416232,0.050000
7011,5.762680,0.050000
7012,11.820639,0.050000
7013,28.041192,0.050000
7014,8.702916,0.050000
7015,17.071627,0.050000
7016,14.690410,0.050000
7017,5.898442,0.050000
7018,9.893975,0.050000
7019,5.712538,0.050000
7020,11.669325,0.050000
7021,11.766505,0.050000
7022,10.137567,0.050000
7023,7.332343,0.050000
7024,9.278374,0.050000
7025,13.397585,0.050000
7026,11.025038,0.050000
7027,17.619199,0.050000
7028,14.061061,0.050000
7029,20.808911,0.050000
7030,9.890805,0.050000
7031,5.767417,0.050000
7032,12.022993,0.050000
7033,15.116503,0.050000
7034,8.993193,0.050000
7035,28.290954,0.050000
7036,10.308977,0.050000
7037,9.545060,0.050000
7038,6.948084,0.050000
7039,10.070250,0.050000
7040,8.573499,0.050000
7041,8.266563,0.050000
7042,14.036551,0.050000
7043,10.748043,0.050000
7044,14.350972,0.050000
7045,5.572688,0.050000
7046,21.100718,0.050000
7047,7.678485,0.050000
7048,12.149716,0.050000
7049,16.577971,0.050000
7050,5.975774,0.050000
7051,10.205005,0.050000
7052,13.548868,0.050000
7053,12.581907,0.050000
7054,4.474133,0.050000
7055,7.953560,0.050000
7056,5.695857,0.050000
7057,11.042427,0.050000
7058,28.843951,0.050000
7059,5.195556,0.050000
7060,8.012887,0.050000
7061,7.342711,0.050000
7062,10.277961,0.050000
7063,8.608603,0.050000
7064,14.470495,0.050000
7065,3.342985,0.050000
7066,7.639802,0.050000
7067,9.696946,0.050000
7068,15.483319,0.050000
7069,-0.719501,0.050000
7070,7.743141,0.050000
7071,7.766624,0.050000
7072,12.309539,0.050000
7073,33.401871,0.050000
7074,2.241277,0.050000
7075,11.958453,0.050000
7076,13.587394,0.050000
7077,3.975965,0.050000
7078,14.277633,0.050000
7079,13.486250,0.050000
7080,7.331079,0.050000
7081,3.532926,0.050000
7082,2.319223,0.050000
7083,-0.651240,0.050000
7084,19.284155,0.050000
7085,11.722089,0.050000
7086,1.154164,0.050000
7087,6.318781,0.050000
7088,10.378944,0.050000
7089,6.086434,0.050000
7090,8.145604,0.050000
7091,23.596542,0.050000
7092,11.487204,0.050000
7093,3.536263,0.050000
7094,13.348020,0.050000
7095,8.017031,0.050000
7096,14.104338,0.050000
7097,25.772648,0.050000
7098,16.880419,0.050000
7099,8.887025,0.050000
7100,16.697292,0.050000
7101,1.748674,0.050000
7102,2.235343,0.050000
7103,9.855091,0.050000
7104,13.445493,0.050000
7105,10.886946,0.050000
7106,10.663382,0.050000
7107,8.791913,0.050000
7108,7.307668,0.050000
7109,9.237599,0.050000
7110,4.134904,0.050000
7111,2.363513,0.050000
7112,9.957607,0.050000
7113,6.073842,0.050000
7114,9.099427,0.050000
7115,8.140206,0.050000
7116,6.483793,0.050000
7117,6.860427,0.050000
7118,12.460240,0.050000
7119,5.218768,0.050000
7120,6.648652,0.050000
7121,13.149406,0.050000
7122,7.164159,0.050000
7123,3.114389,0.050000
7124,6.455216,0.050000
7125,10.759869,0.050000
7126,16.051378,0.050000
7127,18.087833,0.050000
7128,1.279602,0.050000
7129,13.544639,0.050000
7130,8.269251,0.050000
7131,11.622290,0.050000
7132,12.058714,0.050000
7133,5.103460,0.050000
7134,0.219010,0.050000
7135,27.589299,0.050000
7136,2.416582,0.050000
7137,3.369867,0.050000
7138,4.328793,0.050000
7139,4.241362,0.050000
7140,13.347481,0.050000
7141,15.535391,0.050000
7142,23.103757,0.050000
7143,10.605623,0.050000
7144,7.960780,0.050000
7145,8.561724,0.050000
7146,0.391726,0.050000
7147,13.366922,0.050000
7148,6.450470,0.050000
7149,6.831841,0.050000
7150,11.453101,0.050000
7151,4.228437,0.050000
7152,9.012312,0.050000
7153,3.943129,0.050000
7154,3.623582,0.050000
7155,15.704469,0.050000
7156,2.310220,0.050000
7157,7.552146,0.050000
7158,9.079608,0.050000
7159,4.853025,0.050000
7160,-0.452030,0.050000
7161,2.843243,0.050000
7162,4.246023,0.050000
7163,9.548245,0.050000
7164,3.323441,0.050000
7165,14.014130,0.050000
7166,19.860896,0.050000
7167,8.046378,0.050000
7168,10.630161,0.050000
7169,5.035808,0.050000
7170,8.818098,0.050000
7171,5.951357,0.050000
7172,16.117161,0.050000
7173,0.993767,0.050000
7174,1.942700,0.050000
7175,18.224845,0.050000
7176,17.863359,0.050000
7177,5.292140,0.050000
7178,11.528961,0.050000
7179,14.807538,0.050000
7180,6.550488,0.050000
7181,12.611402,0.050000
7182,10.499645,0.050000
7183,23.892117,0.050000
7184,14.904428,0.050000
7185,4.835491,0.050000
7186,0.165447,0.050000
7187,15.599949,0.050000
7188,9.042728,0.050000
7189,15.150291,0.050000
7190,10.438069,0.050000
7191,5.244335,0.050000
7192,4.987119,0.050000
7193,9.701155,0.050000
7194,3.840844,0.050000
7195,10.900213,0.050000
7196,13.616693,0.050000
7197,12.431274,0.050000
7198,7.350519,0.050000
7199,8.150063,0.050000
7200,-0.603684,0.050000
7201,5.008512,0.050000
7202,2.825282,0.050000
7203,3.561523,0.050000
7204,7.110154,0.050000
7205,14.435606,0.050000
7206,3.203639,0.050000
7207,16.318823,0.050000
7208,9.152818,0.050000
7209,13.161290,0.050000
7210,13.702412,0.050000
7211,10.077406,0.050000
7212,14.969942,0.050000
7213,13.539388,0.050000
7214,18.775726,0.050000
7215,5.765259,0.050000
7216,10.861627,0.050000
7217,11.788245,0.050000
7218,26.739189,0.050000
7219,5.239201,0.050000
7220,2.049172,0.050000
7221,21.077532,0.050000
7222,16.301739,0.050000
7223,5.059866,0.050000
7224,11.167878,0.050000
7225,3.185838,0.050000
7226,0.827862,0.050000
7227,18.816000,0.050000
7228,2.061480,0.050000
7229,25.788381,0.050000
7230,19.558307,0.050000
7231,8.395801,0.050000
7232,-1.660722,0.050000
7233,0.081877,0.050000
7234,0.715302,0.050000
7235,17.469192,0.050000
7236,13.805040,0.050000
7237,5.679935,0.050000
7238,12.455289,0.050000
7239,13.947334,0.050000
7240,12.159036,0.050000
7241,16.555294,0.050000
7242,8.029028,0.050000
7243,10.300716,0.050000
7244,10.134222,0.050000
7245,16.164123,0.050000
7246,3.450090,0.050000
7247,21.534130,0.050000
7248,13.637658,0.050000
7249,4.276146,0.050000
7250,16.581201,0.050000
7251,7.385538,0.050000
7252,7.752236,0.050000
7253,8.568744,0.050000
7254,7.319006,0.050000
7255,7.524244,0.050000
7256,12.643262,0.050000
7257,5.877256,0.050000
7258,29.616057,0.050000
7259,12.767818,0.050000
7260,7.425331,0.050000
7261,23.290635,0.050000
7262,1.634600,0.050000
7263,15.189083,0.050000
7264,9.776716,0.050000
7265,13.818764,0.050000
7266,12.203176,0.050000
7267,13.755038,0.050000
7268,8.647604,0.050000
7269,4.612134,0.050000
7270,8.933771,0.050000
7271,17.051561,0.050000
7272,5.265513,0.050000
7273,9.194608,0.050000
7274,9.003468,0.050000
7275,8.964323,0.050000
7276,9.729114,0.050000
7277,6.102226,0.050000
7278,11.941719,0.050000
7279,-1.406974,0.050000
7280,6.934177,0.050000
7281,6.781943,0.050000
7282,16.654067,0.050000
7283,7.020092,0.050000
7284,0.566110,0.050000
7285,11.564652,0.050000
7286,11.078681,0.050000
7287,11.352727,0.050000
7288,7.688167,0.050000
7289,5.739235,0.050000
7290,-0.223477,0.050000
7291,14.835549,0.050000
7292,7.021814,0.050000
7293,0.574306,0.050000
7294,2.418191,0.050000
7295,17.395934,0.050000
7296,8.808308,0.050000
7297,1.468033,0.050000
7298,3.153947,0.050000
7299,11.813814,0.050000
7300,16.037244,0.050000
7301,10.832327,0.050000
7302,8.928928,0.050000
7303,19.145856,0.050000
7304,12.868241,0.050000
7305,4.052582,0.050000
7306,0.317161,0.050000
7307,11.407141,0.050000
7308,0.691366,0.050000
7309,7.961596,0.050000
7310,8.434815,0.050000
7311,3.903080,0.050000
7312,18.696582,0.050000
7313,10.148825,0.050000
7314,9.883820,0.050000
7315,17.393478,0.050000
7316,14.079655,0.050000
7317,2.713642,0.050000
7318,4.785230,0.050000
7319,12.753315,0.050000
7320,7.964862,0.050000
7321,13.997260,0.050000
7322,8.994831,0.050000
7323,8.195762,0.050000
7324,8.211627,0.050000
7325,2.713270,0.050000
7326,3.579370,0.050000
7327,8.336754,0.050000
7328,21.198506,0.050000
7329,18.213820,0.050000
7330,12.745684,0.050000
7331,17.833956,0.050000
7332,8.817601,0.050000
7333,8.313842,0.050000
7334,6.162917,0.050000
7335,8.647408,0.050000
7336,10.273747,0.050000
7337,4.260360,0.050000
7338,6.627361,0.050000
7339,5.630636,0.050000
7340,11.446481,0.050000
7341,7.816626,0.050000
7342,9.417824,0.050000
7343,10.477550,0.050000
7344,10.403997,0.050000
7345,11.172326,0.050000
7346,12.726202,0.050000
7347,7.778896,0.050000
7348,3.760065,0.050000
7349,8.665779,0.050000
7350,6.471680,0.050000
7351,6.315888,0.050000
7352,13.100842,0.050000
7353,9.080005,0.050000
7354,5.916185,0.050000
7355,5.286531,0.050000
7356,3.389149,0.050000
7357,18.969885,0.050000
7358,13.434885,0.050000
7359,18.827427,0.050000
7360,8.025669,0.050000
7361,7.507060,0.050000
7362,1.826622,0.050000
7363,-0.081725,0.050000
7364,16.238583,0.050000
7365,8.162934,0.050000
7366,9.499389,0.050000
7367,1.810667,0.050000
7368,11.747339,0.050000
7369,10.073756,0.050000
7370,14.622842,0.050000
7371,16.777931,0.050000
7372,15.179591,0.050000
7373,14.031656,0.050000
7374,6.687651,0.050000
7375,8.068013,0.050000
7376,16.083555,0.050000
7377,3.932493,0.050000
7378,2.959800,0.050000
7379,10.973617,0.050000
7380,4.941632,0.050000
7381,21.770490,0.050000
7382,9.601315,0.050000
7383,14.300013,0.050000
7384,13.834658,0.050000
7385,12.152346,0.050000
7386,7.707727,0.050000
7387,17.009272,0.050000
7388,6.828828,0.050000
7389,11.263633,0.050000
7390,6.125884,0.050000
7391,3.620417,0.050000
7392,6.584008,0.050000
7393,13.456917,0.050000
7394,11.830080,0.050000
7395,6.753913,0.050000
7396,4.725108,0.050000
7397,11.382722,0.050000
7398,9.070490,0.050000
7399,2.597546,0.050000
7400,11.781707,0.050000
7401,4.034492,0.050000
7402,10.289888,0.050000
7403,14.131394,0.050000
7404,13.733124,0.050000
7405,19.025148,0.050000
7406,8.412147,0.050000
7407,11.654871,0.050000
7408,19.322458,0.050000
7409,13.590866,0.050000
7410,8.529836,0.050000
7411,11.343227,0.050000
7412,7.779288,0.050000
7413,13.536328,0.050000
7414,17.742450,0.050000
7415,21.322697,0.050000
7416,13.856795,0.050000
7417,3.916376,0.050000
7418,10.816490,0.050000
7419,7.844701,0.050000
7420,5.939027,0.050000
7421,14.318105,0.050000
7422,6.463123,0.050000
7423,7.218121,0.050000
7424,4.061656,0.050000
7425,6.812701,0.050000
7426,1.166468,0.050000
7427,12.303594,0.050000
7428,6.150671,0.050000
7429,15.545095,0.050000
7430,18.421514,0.050000
7431,13.276814,0.050000
7432,4.050968,0.050000
7433,10.982090,0.050000
7434,5.589028,0.050000
7435,10.174081,0.050000
7436,9.716335,0.050000
7437,9.932865,0.050000
7438,10.372702,0.050000
7439,2.473137,0.050000
7440,14.099022,0.050000
7441,4.584419,0.050000
7442,5.588701,0.050000
7443,5.173511,0.050000
7444,6.829782,0.050000
7445,5.290959,0.050000
7446,8.706958,0.050000
7447,7.325544,0.050000
7448,6.561646,0.050000
7449,15.383845,0.050000
7450,5.692596,0.050000
7451,25.432496,0.050000
7452,5.394878,0.050000
7453,1.775930,0.050000
7454,4.737650,0.050000
7455,6.426562,0.050000
7456,7.938583,0.050000
7457,2.264065,0.050000
7458,11.862080,0.050000
7459,14.807243,0.050000
7460,2.359561,0.050000
7461,7.161417,0.050000
7462,5.767811,0.050000
7463,4.645043,0.050000
7464,1.397521,0.050000
7465,3.388237,0.050000
7466,3.651563,0.050000
7467,11.438166,0.050000
7468,4.785564,0.050000
7469,20.934603,0.050000
7470,4.845936,0.050000
7471,19.071215,0.050000
7472,16.251303,0.050000
7473,2.566953,0.050000
7474,-0.854943,0.050000
7475,8.763155,0.050000
7476,4.311345,0.050000
7477,18.800816,0.050000
7478,15.440419,0.050000
7479,10.499994,0.050000
7480,14.054135,0.050000
7481,3.236119,0.050000
7482,6.589303,0.050000
7483,3.773775,0.050000
7484,12.858892,0.050000
7485,2.876188,0.050000
7486,2.263955,0.050000
7487,7.013926,0.050000
7488,3.575112,0.050000
7489,24.342262,0.050000
7490,9.505868,0.050000
7491,2.054225,0.050000
7492,14.102148,0.050000
7493,3.413300,0.050000
7494,5.531684,0.050000
7495,2.515002,0.050000
7496,6.369102,0.050000
7497,12.956069,0.050000
7498,10.140520,0.050000
7499,3.554669,0.050000
7500,13.516889,0.050000
7501,2.959751,0.050000
7502,7.694846,0.050000
7503,11.641937,0.050000
7504,4.661731,0.050000
7505,3.959760,0.050000
7506,10.997671,0.050000
7507,14.284771,0.050000
7508,11.143987,0.050000
7509,17.586232,0.050000
7510,14.631353,0.050000
7511,13.992712,0.050000
7512,11.367915,0.050000
7513,2.897341,0.050000
7514,14.238241,0.050000
7515,6.890461,0.050000
7516,3.870017,0.050000
7517,5.470018,0.050000
7518,15.080120,0.050000
7519,4.966949,0.050000
7520,2.989333,0.050000
7521,7.961930,0.050000
7522,6.750465,0.050000
7523,14.526657,0.050000
7524,11.423353,0.050000
7525,2.854930,0.050000
7526,10.889140,0.050000
7527,13.139476,0.050000
7528,8.451953,0.050000
7529,0.150077,0.050000
7530,5.907755,0.050000
7531,22.045990,0.050000
7532,12.780623,0.050000
7533,13.361959,0.050000
7534,6.290915,0.050000
7535,12.457801,0.050000
7536,2.254591,0.050000
7537,11.649234,0.050000
7538,20.410263,0.050000
7539,6.954741,0.050000
7540,5.710359,0.050000
7541,12.252248,0.050000
7542,0.777931,0.050000
7543,9.432207,0.050000
7544,11.747416,0.050000
7545,3.087843,0.050000
7546,8.737411,0.050000
7547,14.318042,0.050000
7548,10.047470,0.050000
7549,8.409272,0.050000
7550,15.174919,0.050000
7551,11.550484,0.050000
7552,12.657181,0.050000
7553,14.179467,0.050000
7554,6.074162,0.050000
7555,4.800189,0.050000
7556,7.831123,0.050000
7557,5.716990,0.050000
7558,22.036915,0.050000
7559,12.708265,0.050000
7560,11.333228,0.050000
7561,18.428312,0.050000
7562,9.668795,0.050000
7563,4.722617,0.050000
7564,13.857074,0.050000
7565,10.251030,0.050000
7566,13.708005,0.050000
7567,3.781078,0.050000
7568,14.446224,0.050000
7569,7.300188,0.050000
7570,15.270019,0.050000
7571,15.132178,0.050000
7572,9.807500,0.050000
7573,10.726404,0.050000
7574,19.586062,0.050000
7575,5.593462,0.050000
7576,3.252726,0.050000
7577,0.605365,0.050000
7578,7.337613,0.050000
7579,21.729262,0.050000
7580,4.248799,0.050000
7581,8.223578,0.050000
7582,10.740456,0.050000
7583,16.864251,0.050000
7584,4.965348,0.050000
7585,20.537009,0.050000
7586,6.888629,0.050000
7587,7.029728,0.050000
7588,2.845799,0.050000
7589,21.780086,0.050000
7590,20.610843,0.050000
7591,10.692115,0.050000
7592,15.295391,0.050000
7593,7.682341,0.050000
7594,7.906256,0.050000
7595,9.424292,0.050000
7596,7.982552,0.050000
7597,19.358889,0.050000
7598,7.396309,0.050000
7599,23.031591,0.050000
7600,3.603280,0.050000
7601,6.229701,0.050000
7602,8.144912,0.050000
7603,4.068092,0.050000
7604,4.018228,0.050000
7605,6.379864,0.050000
7606,5.601519,0.050000
7607,7.904871,0.050000
7608,10.136789,0.050000
7609,10.245169,0.050000
7610,1.139094,0.050000
7611,11.672958,0.050000
7612,8.564920,0.050000
7613,3.415821,0.050000
7614,12.029215,0.050000
7615,3.020913,0.050000
7616,1.647292,0.050000
7617,6.473222,0.050000
7618,9.704933,0.050000
7619,1.927164,0.050000
7620,18.394097,0.050000
7621,4.758698,0.050000
7622,12.523513,0.050000
7623,20.045148,0.050000
7624,3.516110,0.050000
7625,7.812546,0.050000
7626,7.221616,0.050000
7627,11.594128,0.050000
7628,8.177362,0.050000
7629,9.353873,0.050000
7630,0.882129,0.050000
7631,9.089611,0.050000
7632,7.024481,0.050000
7633,17.172404,0.050000
7634,5.535871,0.050000
7635,-0.278891,0.050000
7636,7.550818,0.050000
7637,20.411779,0.050000
7638,5.916097,0.050000
7639,6.256847,0.050000
7640,5.945121,0.050000
7641,11.814254,0.050000
7642,14.509698,0.050000
7643,10.948328,0.050000
7644,2.948613,0.050000
7645,4.674568,0.050000
7646,7.925786,0.050000
7647,11.321790,0.050000
7648,15.010776,0.050000
7649,11.924060,0.050000
7650,4.725400,0.050000
7651,-0.202565,0.050000
7652,2.238966,0.050000
7653,5.066391,0.050000
7654,2.641462,0.050000
7655,2.488534,0.050000
7656,7.528763,0.050000
7657,2.016165,0.050000
7658,11.126192,0.050000
7659,9.857604,0.050000
7660,9.984594,0.050000
7661,7.827591,0.050000
7662,3.450699,0.050000
7663,1.456825,0.050000
7664,21.014723,0.050000
7665,12.886692,0.050000
7666,5.057843,0.050000
7667,19.862342,0.050000
7668,6.614389,0.050000
7669,8.634922,0.050000
7670,17.672914,0.050000
7671,16.873505,0.050000
7672,12.254005,0.050000
7673,1.263884,0.050000
7674,5.064232,0.050000
7675,1.754162,0.050000
7676,8.198979,0.050000
7677,5.519968,0.050000
7678,2.391992,0.050000
7679,10.030661,0.050000
7680,7.446279,0.050000
7681,14.444087,0.050000
7682,15.569614,0.050000
7683,6.325865,0.050000
7684,7.252914,0.050000
7685,12.162779,0.050000
7686,6.785233,0.050000
7687,10.124090,0.050000
7688,7.861384,0.050000
7689,5.084025,0.050000
7690,8.835891,0.050000
7691,18.231944,0.050000
7692,9.491079,0.050000
7693,11.330230,0.050000
7694,8.504425,0.050000
7695,2.711917,0.050000
7696,4.156356,0.050000
7697,15.850593,0.050000
7698,5.135165,0.050000
7699,9.517483,0.050000
7700,8.024461,0.050000
7701,3.597598,0.050000
7702,7.787747,0.050000
7703,8.627322,0.050000
7704,12.183501,0.050000
7705,12.945240,0.050000
7706,5.931951,0.050000
7707,2.571221,0.050000
7708,13.849184,0.050000
7709,11.817748,0.050000
7710,2.561459,0.050000
7711,20.963731,0.050000
7712,16.376041,0.050000
7713,4.046418,0.050000
7714,0.686634,0.050000
7715,11.662602,0.050000
7716,19.174875,0.050000
7717,7.169911,0.050000
7718,9.509957,0.050000
7719,15.331483,0.050000
7720,5.915973,0.050000
7721,9.930557,0.050000
7722,24.749647,0.050000
7723,21.198960,0.050000
7724,3.219115,0.050000
7725,8.198097,0.050000
7726,10.442215,0.050000
7727,12.908575,0.050000
7728,27.155171,0.050000
7729,20.556431,0.050000
7730,9.504015,0.050000
7731,7.742532,0.050000
7732,4.000822,0.050000
7733,3.769140,0.050000
7734,6.390474,0.050000
7735,4.631009,0.050000
7736,10.810482,0.050000
7737,3.833265,0.050000
7738,1.292948,0.050000
7739,4.684172,0.050000
7740,4.284938,0.050000
7741,8.760147,0.050000
7742,5.197573,0.050000
7743,3.668171,0.050000
7744,0.240825,0.050000
7745,8.452398,0.050000
7746,14.635319,0.050000
7747,5.105518,0.050000
7748,16.208279,0.050000
7749,12.177610,0.050000
7750,14.427336,0.050000
7751,5.111919,0.050000
7752,7.666222,0.050000
7753,3.259059,0.050000
7754,9.270073,0.050000
7755,10.344065,0.050000
7756,5.837579,0.050000
7757,9.490488,0.050000
7758,4.786817,0.050000
7759,-0.926712,0.050000
7760,14.013214,0.050000
7761,22.335123,0.050000
7762,4.865019,0.050000
7763,1.710197,0.050000
7764,7.827084,0.050000
7765,19.497764,0.050000
7766,6.161799,0.050000
7767,7.293864,0.050000
7768,5.159433,0.050000
7769,6.021464,0.050000
7770,9.069765,0.050000
7771,7.769128,0.050000
7772,11.485201,0.050000
7773,11.417359,0.050000
7774,12.566685,0.050000
7775,5.498995,0.050000
7776,25.603436,0.050000
7777,2.230619,0.050000
7778,5.785415,0.050000
7779,8.510647,0.050000
7780,5.209632,0.050000
7781,4.681779,0.050000
7782,9.752680,0.050000
7783,3.206347,0.050000
7784,5.532331,0.050000
7785,1.268931,0.050000
7786,7.646906,0.050000
7787,7.547571,0.050000
7788,9.280024,0.050000
7789,4.657442,0.050000
7790,3.197898,0.050000
7791,0.685033,0.050000
7792,8.871012,0.050000
7793,2.740667,0.050000
7794,1.501728,0.050000
7795,24.006503,0.050000
7796,9.319915,0.050000
7797,0.769001,0.050000
7798,15.709602,0.050000
7799,5.916853,0.050000
7800,1.659220,0.050000
7801,4.040515,0.050000
7802,12.163203,0.050000
7803,10.832383,0.050000
7804,14.034650,0.050000
7805,14.440799,0.050000
7806,14.471007,0.050000
7807,13.175968,0.050000
7808,12.457930,0.050000
7809,8.314064,0.050000
7810,8.061194,0.050000
7811,22.274014,0.050000
7812,11.612741,0.050000
7813,10.232438,0.050000
7814,7.765863,0.050000
7815,13.256954,0.050000
7816,13.508404,0.050000
7817,1.166944,0.050000
7818,20.375054,0.050000
7819,3.885477,0.050000
7820,14.069468,0.050000
7821,5.742748,0.050000
7822,9.546816,0.050000
7823,11.839530,0.050000
7824,10.636570,0.050000
7825,-0.378588,0.050000
7826,12.098626,0.050000
7827,2.713093,0.050000
7828,1.839740,0.050000
7829,6.014882,0.050000
7830,10.325096,0.050000
7831,9.999632,0.050000
7832,1.693327,0.050000
7833,10.274501,0.050000
7834,11.072203,0.050000
7835,11.882206,0.050000
7836,11.284170,0.050000
7837,3.167037,0.050000
7838,10.996954,0.050000
7839,9.776392,0.050000
7840,7.196635,0.050000
7841,7.925534,0.050000
7842,2.401270,0.050000
7843,2.945563,0.050000
7844,4.411400,0.050000
7845,7.219585,0.050000
7846,16.494068,0.050000
7847,0.654038,0.050000
7848,4.014638,0.050000
7849,5.953408,0.050000
7850,1.473015,0.050000
7851,6.822698,0.050000
7852,11.082073,0.050000
7853,13.056049,0.050000
7854,13.222930,0.050000
7855,17.199885,0.050000
7856,7.224705,0.050000
7857,5.154692,0.050000
7858,23.268537,0.050000
7859,11.319463,0.050000
7860,4.772123,0.050000
7861,7.180314,0.050000
7862,10.459489,0.050000
7863,13.689489,0.050000
7864,20.138752,0.050000
7865,5.316791,0.050000
7866,11.014780,0.050000
7867,15.495925,0.050000
7868,3.558559,0.050000
7869,10.840009,0.050000
7870,8.952731,0.050000
7871,5.390768,0.050000
7872,10.951806,0.050000
7873,18.509299,0.050000
7874,8.735240,0.050000
7875,4.871692,0.050000
7876,11.172138,0.050000
7877,12.263499,0.050000
7878,13.830410,0.050000
7879,13.563215,0.050000
7880,-0.782693,0.050000
7881,5.950119,0.050000
7882,5.881875,0.050000
7883,7.340205,0.050000
7884,17.703584,0.050000
7885,10.726472,0.050000
7886,5.459575,0.050000
7887,12.498186,0.050000
7888,-0.647220,0.050000
7889,8.898235,0.050000
7890,0.903108,0.050000
7891,6.473985,0.050000
7892,8.531517,0.050000
7893,2.975905,0.050000
7894,22.779490,0.050000
7895,5.916517,0.050000
7896,3.868874,0.050000
7897,5.539531,0.050000
7898,7.340280,0.050000
7899,12.717460,0.050000
7900,9.012816,0.050000
7901,8.813756,0.050000
7902,16.979309,0.050000
7903,11.637282,0.050000
7904,-0.520141,0.050000
7905,14.036331,0.050000
7906,8.001481,0.050000
7907,18.070544,0.050000
7908,4.498485,0.050000
7909,4.306691,0.050000
7910,10.430357,0.050000
7911,9.826297,0.050000
7912,8.637019,0.050000
7913,8.703264,0.050000
7914,3.123097,0.050000
7915,2.673687,0.050000
7916,8.677923,0.050000
7917,8.977853,0.050000
7918,2.198042,0.050000
7919,11.048882,0.050000
7920,13.806636,0.050000
7921,4.339474,0.050000
7922,3.663061,0.050000
7923,1.204690,0.050000
7924,14.639145,0.050000
7925,14.909433,0.050000
7926,8.688721,0.050000
7927,1.873252,0.050000
7928,-0.441446,0.050000
7929,12.672806,0.050000
7930,12.736710,0.050000
7931,19.903432,0.050000
7932,8.166957,0.050000
7933,13.515360,0.050000
7934,8.764368,0.050000
7935,13.498147,0.050000
7936,4.728472,0.050000
7937,3.402533,0.050000
7938,10.565061,0.050000
7939,38.170227,0.050000
7940,6.614320,0.050000
7941,7.900774,0.050000
7942,11.583842,0.050000
7943,24.310473,0.050000
7944,4.614869,0.050000
7945,5.380123,0.050000
7946,-1.952350,0.050000
7947,5.156290,0.050000
7948,8.122547,0.050000
7949,6.180105,0.050000
7950,-0.409503,0.050000
7951,4.107149,0.050000
7952,3.663276,0.050000
7953,4.239813,0.050000
7954,13.097174,0.050000
7955,10.540323,0.050000
7956,2.630260,0.050000
7957,1.565859,0.050000
7958,5.126399,0.050000
7959,3.599007,0.050000
7960,7.769408,0.050000
7961,4.932187,0.050000
7962,2.477366,0.050000
7963,9.723004,0.050000
7964,5.909860,0.050000
7965,9.138550,0.050000
7966,8.221294,0.050000
7967,5.799706,0.050000
7968,1.872559,0.050000
7969,16.135064,0.050000
7970,6.161210,0.050000
7971,8.887867,0.050000
7972,-2.531838,0.050000
7973,17.360703,0.050000
7974,4.141153,0.050000
7975,19.861920,0.050000
7976,2.108573,0.050000
7977,6.725065,0.050000
7978,4.764435,0.050000
7979,8.442922,0.050000
7980,20.506981,0.050000
7981,3.187269,0.050000
7982,17.289371,0.050000
7983,9.736216,0.050000
7984,5.688513,0.050000
7985,14.937166,0.050000
7986,4.874317,0.050000
7987,2.396882,0.050000
7988,1.773533,0.050000
7989,3.885407,0.050000
7990,5.745348,0.050000
7991,2.819822,0.050000
7992,13.528406,0.050000
7993,5.085114,0.050000
7994,3.015258,0.050000
7995,6.323419,0.050000
7996,9.373923,0.050000
7997,8.287134,0.050000
7998,1.928270,0.050000
7999,7.684921,0.050000
8000,12.222964,0.050000
8001,15.851677,0.050000
8002,6.765192,0.050000
8003,7.678865,0.050000
8004,9.330134,0.050000
8005,1.065091,0.050000
8006,12.199892,0.050000
8007,12.886312,0.050000
8008,8.159118,0.050000
8009,5.053955,0.050000
8010,1.201906,0.050000
8011,5.553083,0.050000
8012,10.302958,0.050000
8013,5.498749,0.050000
8014,7.067659,0.050000
8015,6.754816,0.050000
8016,11.604291,0.050000
8017,3.394092,0.050000
8018,6.013012,0.050000
8019,8.897373,0.050000
8020,11.109676,0.050000
8021,9.544267,0.050000
8022,-1.816786,0.050000
8023,11.154260,0.050000
8024,0.671009,0.050000
8025,2.985630,0.050000
8026,8.777238,0.050000
8027,9.628862,0.050000
8028,8.763944,0.050000
8029,19.107936,0.050000
8030,13.674769,0.050000
8031,8.023439,0.050000
8032,8.847114,0.050000
8033,14.817486,0.050000
8034,-0.733942,0.050000
8035,12.740968,0.050000
8036,1.743587,0.050000
8037,4.503749,0.050000
8038,8.094565,0.050000
8039,16.002576,0.050000
8040,9.885323,0.050000
8041,2.817306,0.050000
8042,5.767649,0.050000
8043,6.437013,0.050000
8044,10.302968,0.050000
8045,7.681598,0.050000
8046,11.526143,0.050000
8047,2.323963,0.050000
8048,10.502723,0.050000
8049,5.531146,0.050000
8050,19.597810,0.050000
8051,14.150219,0.050000
8052,6.003684,0.050000
8053,10.189906,0.050000
8054,8.539675,0.050000
8055,11.087415,0.050000
8056,9.113562,0.050000
8057,2.270055,0.050000
8058,4.618711,0.050000
8059,10.048854,0.050000
8060,15.842277,0.050000
8061,3.939879,0.050000
8062,8.956449,0.050000
8063,4.291595,0.050000
8064,3.090385,0.050000
8065,9.384904,0.050000
8066,15.105870,0.050000
8067,5.210125,0.050000
8068,4.471007,0.050000
8069,6.162434,0.050000
8070,11.787236,0.050000
8071,0.139039,0.050000
8072,6.735133,0.050000
8073,9.920249,0.050000
8074,11.605384,0.050000
8075,10.862230,0.050000
8076,3.178305,0.050000
8077,4.581866,0.050000
8078,11.665386,0.050000
8079,1.776369,0.050000
8080,4.121574,0.050000
8081,7.797692,0.050000
8082,8.827309,0.050000
8083,7.576780,0.050000
8084,8.182237,0.050000
8085,2.094385,0.050000
8086,6.261990,0.050000
8087,20.322710,0.050000
8088,7.378044,0.050000
8089,9.045070,0.050000
8090,3.846042,0.050000
8091,0.515357,0.050000
8092,11.298466,0.050000
8093,11.530838,0.050000
8094,0.385014,0.050000
8095,5.345237,0.050000
8096,2.267780,0.050000
8097,15.103189,0.050000
8098,1.403485,0.050000
8099,3.285138,0.050000
8100,4.814378,0.050000
8101,14.771714,0.050000
8102,2.794945,0.050000
8103,3.837707,0.050000
8104,7.395859,0.050000
8105,8.705913,0.050000
8106,10.070735,0.050000
8107,3.433325,0.050000
8108,7.361686,0.050000
8109,15.012274,0.050000
8110,6.954299,0.050000
8111,17.065894,0.050000
8112,28.536416,0.050000
8113,-1.131784,0.050000
8114,8.339161,0.050000
8115,19.741103,0.050000
8116,17.940219,0.050000
8117,-0.352909,0.050000
8118,7.464353,0.050000
8119,9.804690,0.050000
8120,7.270476,0.050000
8121,14.399781,0.050000
8122,7.776132,0.050000
8123,13.708238,0.050000
8124,16.604855,0.050000
8125,8.159016,0.050000
8126,19.703478,0.050000
8127,15.966246,0.050000
8128,2.297696,0.050000
8129,11.413489,0.050000
8130,16.741983,0.050000
8131,9.984404,0.050000
8132,18.713426,0.050000
8133,9.662571,0.050000
8134,4.361605,0.050000
8135,2.274865,0.050000
8136,13.689677,0.050000
8137,5.677740,0.050000
8138,0.031079,0.050000
8139,7.393972,0.050000
8140,2.720587,0.050000
8141,13.796395,0.050000
8142,11.572424,0.050000
8143,17.130307,0.050000
8144,15.373246,0.050000
8145,12.539018,0.050000
8146,7.719264,0.050000
8147,13.931301,0.050000
8148,8.903459,0.050000
8149,7.463392,0.050000
8150,21.503218,0.050000
8151,28.456634,0.050000
8152,15.324609,0.050000
8153,10.130975,0.050000
8154,10.810288,0.050000
8155,6.616100,0.050000
8156,17.783997,0.050000
8157,3.340936,0.050000
8158,6.365249,0.050000
8159,9.951844,0.050000
8160,4.656395,0.050000
8161,11.539931,0.050000
8162,16.977999,0.050000
8163,7.212386,0.050000
8164,8.924274,0.050000
8165,15.987482,0.050000
8166,9.160865,0.050000
8167,8.070601,0.050000
8168,17.619013,0.050000
8169,0.667774,0.050000
8170,4.424231,0.050000
8171,15.537338,0.050000
8172,10.750998,0.050000
8173,0.243319,0.050000
8174,13.850862,0.050000
8175,16.166919,0.050000
8176,8.128900,0.050000
8177,10.667272,0.050000
8178,5.294903,0.050000
8179,18.371001,0.050000
8180,7.624364,0.050000
8181,10.613014,0.050000
8182,3.486498,0.050000
8183,8.464333,0.050000
8184,21.559750,0.050000
8185,16.264482,0.050000
8186,7.897892,0.050000
8187,5.088139,0.050000
8188,17.315872,0.050000
8189,8.417750,0.050000
8190,13.945667,0.050000
8191,4.131189,0.050000
8192,14.622743,0.050000
8193,6.871641,0.050000
8194,5.105517,0.050000
8195,10.350526,0.050000
8196,7.342343,0.050000
8197,7.080555,0.050000
8198,11.566612,0.050000
8199,8.408598,0.050000
8200,7.453259,0.050000
8201,4.383954,0.050000
8202,22.606159,0.050000
8203,8.495965,0.050000
8204,15.207983,0.050000
8205,10.400372,0.050000
8206,15.402575,0.050000
8207,4.820833,0.050000
8208,5.336394,0.050000
8209,13.000593,0.050000
8210,15.892565,0.050000
8211,4.835919,0.050000
8212,-2.057369,0.050000
8213,4.511902,0.050000
8214,8.421384,0.050000
8215,4.570230,0.050000
8216,11.764111,0.050000
8217,-1.331078,0.050000
8218,8.117362,0.050000
8219,2.493751,0.050000
8220,11.007732,0.050000
8221,13.739061,0.050000
8222,6.704151,0.050000
8223,8.611969,0.050000
8224,4.147467,0.050000
8225,4.930841,0.050000
8226,10.151840,0.050000
8227,9.448965,0.050000
8228,7.947845,0.050000
8229,9.886474,0.050000
8230,-1.536570,0.050000
8231,9.567628,0.050000
8232,4.884387,0.050000
8233,14.035107,0.050000
8234,2.790506,0.050000
8235,0.441088,0.050000
8236,10.120830,0.050000
8237,7.747933,0.050000
8238,0.297749,0.050000
8239,6.638919,0.050000
8240,4.186514,0.050000
8241,12.046316,0.050000
8242,13.051796,0.050000
8243,13.146908,0.050000
8244,16.533161,0.050000
8245,13.925418,0.050000
8246,4.493243,0.050000
8247,6.135869,0.050000
8248,5.012020,0.050000
8249,9.541398,0.050000
8250,15.280604,0.050000
8251,6.391447,0.050000
8252,16.762717,0.050000
8253,6.762209,0.050000
8254,5.272730,0.050000
8255,14.324167,0.050000
8256,12.887374,0.050000
8257,16.775187,0.050000
8258,20.378316,0.050000
8259,8.186754,0.050000
8260,2.163733,0.050000
8261,6.534827,0.050000
8262,12.581282,0.050000
8263,17.629937,0.050000
8264,9.652893,0.050000
8265,2.451284,0.050000
8266,18.168840,0.050000
8267,3.552620,0.050000
8268,7.723997,0.050000
8269,6.460523,0.050000
8270,6.080559,0.050000
8271,4.706754,0.050000
8272,8.764366,0.050000
8273,12.915379,0.050000
8274,6.611610,0.050000
8275,10.812722,0.050000
8276,6.414792,0.050000
8277,4.623296,0.050000
8278,4.248105,0.050000
8279,9.098582,0.050000
8280,21.199680,0.050000
8281,8.232178,0.050000
8282,4.081295,0.050000
8283,0.932438,0.050000
8284,7.794173,0.050000
8285,5.776358,0.050000
8286,4.072930,0.050000
8287,7.061728,0.050000
8288,13.224275,0.050000
8289,11.507189,0.050000
8290,12.100747,0.050000
8291,13.324591,0.050000
8292,11.334852,0.050000
8293,11.732033,0.050000
8294,19.628349,0.050000
8295,3.222862,0.050000
8296,4.805776,0.050000
8297,6.538249,0.050000
8298,5.052300,0.050000
8299,10.185143,0.050000
8300,4.089231,0.050000
8301,6.706081,0.050000
8302,13.608332,0.050000
8303,4.663245,0.050000
8304,6.269168,0.050000
8305,4.260472,0.050000
8306,4.182055,0.050000
8307,10.839574,0.050000
8308,7.861782,0.050000
8309,9.817881,0.050000
8310,20.187524,0.050000
8311,13.245565,0.050000
8312,10.587377,0.050000
8313,0.864337,0.050000
8314,6.615261,0.050000
8315,-2.368160,0.050000
8316,7.979761,0.050000
8317,9.331120,0.050000
8318,17.507441,0.050000
8319,7.902681,0.050000
8320,14.152499,0.050000
8321,11.032659,0.050000
8322,27.919051,0.050000
8323,7.986051,0.050000
8324,14.280145,0.050000
8325,4.994712,0.050000
8326,14.380419,0.050000
8327,10.017711,0.050000
8328,11.869894,0.050000
8329,-1.287152,0.050000
8330,-1.511944,0.050000
8331,13.395673,0.050000
8332,5.516167,0.050000
8333,6.889700,0.050000
8334,7.767555,0.050000
8335,17.691063,0.050000
8336,5.213362,0.050000
8337,12.249733,0.050000
8338,11.680420,0.050000
8339,0.942333,0.050000
8340,17.453973,0.050000
8341,16.051969,0.050000
8342,3.695643,0.050000
8343,6.198063,0.050000
8344,5.612708,0.050000
8345,7.629811,0.050000
8346,10.417804,0.050000
8347,3.468618,0.050000
8348,8.224156,0.050000
8349,15.660247,0.050000
8350,9.379351,0.050000
8351,4.196234,0.050000
8352,16.218259,0.050000
8353,9.397447,0.050000
8354,10.131105,0.050000
8355,9.952427,0.050000
8356,3.233691,0.050000
8357,16.121876,0.050000
8358,6.453782,0.050000
8359,10.622647,0.050000
8360,15.065528,0.050000
8361,12.529089,0.050000
8362,16.193347,0.050000
8363,1.226923,0.050000
8364,12.578764,0.050000
8365,14.750248,0.050000
8366,7.442543,0.050000
8367,0.914319,0.050000
8368,8.797586,0.050000
8369,23.798100,0.050000
8370,8.453911,0.050000
8371,9.690203,0.050000
8372,6.531417,0.050000
8373,8.132257,0.050000
8374,9.331378,0.050000
8375,0.664020,0.050000
8376,9.292291,0.050000
8377,11.823779,0.050000
8378,6.932387,0.050000
8379,13.067423,0.050000
8380,8.855321,0.050000
8381,17.138238,0.050000
8382,9.592152,0.050000
8383,11.519522,0.050000
8384,0.779403,0.050000
8385,5.594528,0.050000
8386,8.245972,0.050000
8387,22.435428,0.050000
8388,10.357326,0.050000
8389,15.784122,0.050000
8390,11.893938,0.050000
8391,7.671411,0.050000
8392,7.195049,0.050000
8393,13.804536,0.050000
8394,5.839663,0.050000
8395,10.846559,0.050000
8396,8.921816,0.050000
8397,22.299009,0.050000
8398,26.210915,0.050000
8399,7.759850,0.050000
8400,10.218696,0.050000
8401,7.955726,0.050000
8402,4.229713,0.050000
8403,8.748101,0.050000
8404,8.408972,0.050000
8405,19.769372,0.050000
8406,8.932272,0.050000
8407,8.327480,0.050000
8408,8.423520,0.050000
8409,18.816375,0.050000
8410,1.573526,0.050000
8411,8.740054,0.050000
8412,8.380593,0.050000
8413,16.499866,0.050000
8414,9.508487,0.050000
8415,14.473567,0.050000
8416,3.279796,0.050000
8417,24.034440,0.050000
8418,13.658924,0.050000
8419,10.338057,0.050000
8420,10.110014,0.050000
8421,9.057207,0.050000
8422,12.978334,0.050000
8423,10.914110,0.050000
8424,14.418920,0.050000
8425,18.474216,0.050000
8426,13.097497,0.050000
8427,4.390316,0.050000
8428,18.647845,0.050000
8429,15.533729,0.050000
8430,4.479847,0.050000
8431,7.718974,0.050000
8432,16.079358,0.050000
8433,16.149553,0.050000
8434,19.649490,0.050000
8435,6.546175,0.050000
8436,4.907672,0.050000
8437,11.814907,0.050000
8438,7.388704,0.050000
8439,5.442237,0.050000
8440,8.660897,0.050000
8441,14.961696,0.050000
8442,11.594796,0.050000
8443,21.534215,0.050000
8444,12.562547,0.050000
8445,14.413548,0.050000
8446,10.329122,0.050000
8447,20.407412,0.050000
8448,4.556549,0.050000
8449,6.136151,0.050000
8450,10.272418,0.050000
8451,14.408928,0.050000
8452,15.045089,0.050000
8453,7.580070,0.050000
8454,6.851731,0.050000
8455,5.038230,0.050000
8456,3.656388,0.050000
8457,14.565143,0.050000
8458,6.823832,0.050000
8459,21.836556,0.050000
8460,3.088188,0.050000
8461,13.985682,0.050000
8462,14.574753,0.050000
8463,4.689799,0.050000
8464,3.093233,0.050000
8465,14.414266,0.050000
8466,3.898573,0.050000
8467,5.556233,0.050000
8468,15.841550,0.050000
8469,2.192710,0.050000
8470,14.959745,0.050000
8471,5.586832,0.050000
8472,10.195447,0.050000
8473,8.274808,0.050000
8474,19.026376,0.050000
8475,10.682812,0.050000
8476,10.265573,0.050000
8477,10.337682,0.050000
8478,12.910286,0.050000
8479,12.007039,0.050000
8480,7.919914,0.050000
8481,14.266076,0.050000
8482,9.572879,0.050000
8483,9.245224,0.050000
8484,5.814881,0.050000
8485,9.857208,0.050000
8486,17.129921,0.050000
8487,20.112271,0.050000
8488,5.238174,0.050000
8489,22.982177,0.050000
8490,10.529563,0.050000
8491,9.323937,0.050000
8492,12.765461,0.050000
8493,12.181734,0.050000
8494,7.900290,0.050000
8495,11.941829,0.050000
8496,5.588998,0.050000
8497,23.151878,0.050000
8498,6.476705,0.050000
8499,8.799797,0.050000
8500,11.369486,0.050000
8501,3.386046,0.050000
8502,5.878254,0.050000
8503,11.645138,0.050000
8504,7.009155,0.050000
8505,6.937889,0.050000
8506,6.068757,0.050000
8507,0.866884,0.050000
8508,6.899096,0.050000
8509,12.522890,0.050000
8510,5.042128,0.050000
8511,12.742858,0.050000
8512,14.403017,0.050000
8513,14.416327,0.050000
8514,3.911550,0.050000
8515,3.334826,0.050000
8516,7.490207,0.050000
8517,6.316537,0.050000
8518,10.289909,0.050000
8519,17.023188,0.050000
8520,6.341971,0.050000
8521,18.731331,0.050000
8522,10.277220,0.050000
8523,7.323891,0.050000
8524,9.769984,0.050000
8525,3.443173,0.050000
8526,16.909666,0.050000
8527,10.564578,0.050000
8528,0.317381,0.050000
8529,13.797064,0.050000
8530,0.995907,0.050000
8531,4.414362,0.050000
8532,1.668512,0.050000
8533,0.626799,0.050000
8534,18.661918,0.050000
8535,21.489636,0.050000
8536,-0.942492,0.050000
8537,16.351204,0.050000
8538,12.163041,0.050000
8539,1.659401,0.050000
8540,2.900635,0.050000
8541,21.121374,0.050000
8542,5.279791,0.050000
8543,8.651561,0.050000
8544,15.839845,0.050000
8545,2.183215,0.050000
8546,20.380353,0.050000
8547,14.363169,0.050000
8548,6.595963,0.050000
8549,15.571862,0.050000
8550,3.406605,0.050000
8551,8.541392,0.050000
8552,9.221230,0.050000
8553,15.389446,0.050000
8554,3.677499,0.050000
8555,5.840371,0.050000
8556,6.465804,0.050000
8557,1.673398,0.050000
8558,8.292546,0.050000
8559,17.431101,0.050000
8560,-0.082828,0.050000
8561,11.326621,0.050000
8562,11.806453,0.050000
8563,4.614627,0.050000
8564,9.510941,0.050000
8565,11.133785,0.050000
8566,4.358902,0.050000
8567,0.177810,0.050000
8568,9.400615,0.050000
8569,10.255963,0.050000
8570,2.946047,0.050000
8571,9.598075,0.050000
8572,8.281435,0.050000
8573,2.162656,0.050000
8574,6.361656,0.050000
8575,5.160448,0.050000
8576,5.974145,0.050000
8577,13.088606,0.050000
8578,4.193977,0.050000
8579,10.238122,0.050000
8580,9.060729,0.050000
8581,12.729941,0.050000
8582,9.892254,0.050000
8583,10.546905,0.050000
8584,11.358923,0.050000
8585,17.710493,0.050000
8586,9.613253,0.050000
8587,15.858671,0.050000
8588,14.868113,0.050000
8589,8.926715,0.050000
8590,16.404055,0.050000
8591,10.447278,0.050000
8592,9.340565,0.050000
8593,8.488069,0.050000
8594,15.524147,0.050000
8595,20.146958,0.050000
8596,1.330202,0.050000
8597,19.373024,0.050000
8598,17.574683,0.050000
8599,8.755221,0.050000
8600,7.715213,0.050000
8601,23.682345,0.050000
8602,11.782001,0.050000
8603,5.401145,0.050000
8604,6.985695,0.050000
8605,3.369193,0.050000
8606,7.527982,0.050000
8607,14.743504,0.050000
8608,12.452841,0.050000
8609,10.076198,0.050000
8610,10.092807,0.050000
8611,8.139579,0.050000
8612,13.329754,0.050000
8613,9.357562,0.050000
8614,4.423564,0.050000
8615,0.251558,0.050000
8616,11.715261,0.050000
8617,6.665402,0.050000
8618,8.727743,0.050000
8619,11.822425,0.050000
8620,6.426305,0.050000
8621,16.207310,0.050000
8622,18.867606,0.050000
8623,4.508249,0.050000
8624,4.548245,0.050000
8625,7.308391,0.050000
8626,11.125586,0.050000
8627,1.590685,0.050000
8628,10.241595,0.050000
8629,3.404405,0.050000
8630,8.284098,0.050000
8631,7.307971,0.050000
8632,8.171066,0.050000
8633,3.245875,0.050000
8634,18.340591,0.050000
8635,12.026251,0.050000
8636,15.342426,0.050000
8637,8.164254,0.050000
8638,8.277446,0.050000
8639,1.092288,0.050000
8640,8.098383,0.050000
8641,3.367407,0.050000
8642,-0.640050,0.050000
8643,3.377828,0.050000
8644,1.304204,0.050000
8645,7.231368,0.050000
8646,3.713334,0.050000
8647,7.605041,0.050000
8648,6.900826,0.050000
8649,10.467083,0.050000
8650,4.594723,0.050000
8651,4.184093,0.050000
8652,17.987731,0.050000
8653,17.982204,0.050000
8654,19.054554,0.050000
8655,8.655566,0.050000
8656,14.604492,0.050000
8657,4.930874,0.050000
8658,9.981891,0.050000
8659,12.895433,0.050000
8660,9.996801,0.050000
8661,8.643355,0.050000
8662,8.965540,0.050000
8663,8.292067,0.050000
8664,7.631799,0.050000
8665,13.229954,0.050000
8666,16.873213,0.050000
8667,14.197315,0.050000
8668,9.556444,0.050000
8669,4.961339,0.050000
8670,1.100278,0.050000
8671,5.551471,0.050000
8672,4.317832,0.050000
8673,11.238978,0.050000
8674,5.027660,0.050000
8675,14.304512,0.050000
8676,12.237296,0.050000
8677,9.604698,0.050000
8678,15.121009,0.050000
8679,10.776154,0.050000
8680,8.237869,0.050000
8681,11.010493,0.050000
8682,10.778123,0.050000
8683,9.490406,0.050000
8684,9.725404,0.050000
8685,5.836499,0.050000
8686,14.840460,0.050000
8687,4.844139,0.050000
8688,16.839513,0.050000
8689,7.113858,0.050000
8690,15.585898,0.050000
8691,5.303276,0.050000
8692,10.245166,0.050000
8693,9.667831,0.050000
8694,8.889645,0.050000
8695,21.992500,0.050000
8696,15.996145,0.050000
8697,13.913235,0.050000
8698,3.125245,0.050000
8699,9.461744,0.050000
8700,12.561537,0.050000
8701,9.424057,0.050000
8702,7.907758,0.050000
8703,7.184197,0.050000
8704,3.760522,0.050000
8705,13.853672,0.050000
8706,0.194613,0.050000
8707,1.878574,0.050000
8708,11.610698,0.050000
8709,6.228922,0.050000
8710,21.948924,0.050000
8711,17.236824,0.050000
8712,7.675626,0.050000
8713,17.840289,0.050000
8714,13.543103,0.050000
8715,2.378524,0.050000
8716,10.402410,0.050000
8717,8.194994,0.050000
8718,7.204595,0.050000
8719,6.511020,0.050000
8720,5.785078,0.050000
8721,11.686716,0.050000
8722,13.582276,0.050000
8723,9.283359,0.050000
8724,12.035967,0.050000
8725,5.072678,0.050000
8726,22.873830,0.050000
8727,8.523011,0.050000
8728,18.024947,0.050000
8729,7.560371,0.050000
8730,3.299861,0.050000
8731,3.420964,0.050000
8732,13.048076,0.050000
8733,9.378936,0.050000
8734,17.054467,0.050000
8735,12.214598,0.050000
8736,8.332678,0.050000
8737,3.892239,0.050000
8738,16.397026,0.050000
8739,17.517689,0.050000
8740,11.454536,0.050000
8741,6.269622,0.050000
8742,3.543027,0.050000
8743,2.868121,0.050000
8744,13.685479,0.050000
8745,7.721233,0.050000
8746,-0.002168,0.050000
8747,9.035497,0.050000
8748,6.496500,0.050000
8749,11.070959,0.050000
8750,5.197708,0.050000
8751,6.286281,0.050000
8752,8.405868,0.050000
8753,11.533917,0.050000
8754,19.633967,0.050000
8755,3.826299,0.050000
8756,7.009076,0.050000
8757,5.961818,0.050000
8758,6.584504,0.050000
8759,5.959119,0.050000
8760,4.971730,0.050000
8761,8.235817,0.050000
8762,0.459055,0.050000
8763,14.200310,0.050000
8764,2.915149,0.050000
8765,6.735822,0.050000
8766,2.247735,0.050000
8767,6.369871,0.050000
8768,9.944501,0.050000
8769,11.590628,0.050000
8770,0.036382,0.050000
8771,5.684407,0.050000
8772,11.562572,0.050000
8773,5.989945,0.050000
8774,13.164524,0.050000
8775,5.971616,0.050000
8776,6.741196,0.050000
8777,6.746414,0.050000
8778,8.094016,0.050000
8779,4.701469,0.050000
8780,11.519781,0.050000
8781,14.821731,0.050000
8782,18.128126,0.050000
8783,10.324874,0.050000
8784,8.545680,0.050000
8785,16.159973,0.050000
8786,10.734337,0.050000
8787,16.353230,0.050000
8788,10.020845,0.050000
8789,11.809656,0.050000
8790,6.152796,0.050000
8791,9.987146,0.050000
8792,4.457788,0.050000
8793,3.295173,0.050000
8794,13.144486,0.050000
8795,13.080297,0.050000
8796,7.216453,0.050000
8797,5.173501,0.050000
8798,6.312376,0.050000
8799,10.276514,0.050000
8800,6.675707,0.050000
8801,20.375202,0.050000
8802,10.593625,0.050000
8803,9.081182,0.050000
8804,7.566101,0.050000
8805,7.535486,0.050000
8806,8.116176,0.050000
8807,6.691036,0.050000
8808,8.620506,0.050000
8809,-1.449976,0.050000
8810,10.279757,0.050000
8811,7.152910,0.050000
8812,5.030149,0.050000
8813,6.277250,0.050000
8814,12.388240,0.050000
8815,2.871678,0.050000
8816,3.564823,0.050000
8817,12.839721,0.050000
8818,4.433571,0.050000
8819,5.317829,0.050000
8820,5.096465,0.050000
8821,5.844120,0.050000
8822,2.350713,0.050000
8823,9.827671,0.050000
8824,1.506980,0.050000
8825,4.822748,0.050000
8826,8.995663,0.050000
8827,-1.015685,0.050000
8828,7.217809,0.050000
8829,4.031329,0.050000
8830,5.280423,0.050000
8831,1.383094,0.050000
8832,4.985566,0.050000
8833,8.520451,0.050000
8834,0.816920,0.050000
8835,8.342086,0.050000
8836,15.365162,0.050000
8837,2.891363,0.050000
8838,-0.239032,0.050000
8839,11.881504,0.050000
8840,-1.210172,0.050000
8841,6.868954,0.050000
8842,1.474926,0.050000
8843,16.078706,0.050000
8844,7.027577,0.050000
8845,7.404388,0.050000
8846,0.522936,0.050000
8847,9.629251,0.050000
8848,1.605901,0.050000
8849,6.896246,0.050000
8850,18.537387,0.050000
8851,6.483742,0.050000
8852,3.275665,0.050000
8853,12.861578,0.050000
8854,1.270411,0.050000
8855,25.958302,0.050000
8856,9.816585,0.050000
8857,9.342180,0.050000
8858,3.146873,0.050000
8859,12.155749,0.050000
8860,8.593408,0.050000
8861,22.347680,0.050000
8862,2.989385,0.050000
8863,9.597775,0.050000
8864,6.441395,0.050000
8865,4.408634,0.050000
8866,11.825092,0.050000
8867,3.263765,0.050000
8868,8.028222,0.050000
8869,8.328535,0.050000
8870,7.490213,0.050000
8871,7.872405,0.050000
8872,3.557177,0.050000
8873,5.722058,0.050000
8874,14.912077,0.050000
8875,7.246715,0.050000
8876,9.156850,0.050000
8877,14.748172,0.050000
8878,9.902423,0.050000
8879,2.618285,0.050000
8880,12.812314,0.050000
8881,7.172232,0.050000
8882,11.944414,0.050000
8883,3.848991,0.050000
8884,9.892904,0.050000
8885,7.637869,0.050000
8886,21.632184,0.050000
8887,18.725352,0.050000
8888,6.568795,0.050000
8889,5.294359,0.050000
8890,0.099725,0.050000
8891,18.276395,0.050000
8892,4.297662,0.050000
8893,4.458032,0.050000
8894,3.628386,0.050000
8895,11.006786,0.050000
8896,11.544727,0.050000
8897,16.057607,0.050000
8898,11.724577,0.050000
8899,12.661923,0.050000
8900,3.967738,0.050000
8901,10.272446,0.050000
8902,6.196730,0.050000
8903,4.307602,0.050000
8904,11.243822,0.050000
8905,6.976130,0.050000
8906,14.380494,0.050000
8907,8.464690,0.050000
8908,7.302608,0.050000
8909,9.648295,0.050000
8910,6.522889,0.050000
8911,8.787342,0.050000
8912,8.050066,0.050000
8913,18.710785,0.050000
8914,0.360955,0.050000
8915,7.767994,0.050000
8916,14.804775,0.050000
8917,4.986140,0.050000
8918,4.323226,0.050000
8919,12.398506,0.050000
8920,0.072739,0.050000
8921,17.884300,0.050000
8922,16.066153,0.050000
8923,9.371599,0.050000
8924,11.190844,0.050000
8925,12.132532,0.050000
8926,2.838077,0.050000
8927,17.739298,0.050000
8928,19.191851,0.050000
8929,1.235892,0.050000
8930,3.924170,0.050000
8931,7.367985,0.050000
8932,9.127341,0.050000
8933,9.434570,0.050000
8934,10.018633,0.050000
8935,4.026441,0.050000
8936,8.800045,0.050000
8937,3.686681,0.050000
8938,9.339234,0.050000
8939,5.580817,0.050000
8940,7.562204,0.050000
8941,6.365622,0.050000
8942,4.692414,0.050000
8943,8.730879,0.050000
8944,4.052736,0.050000
8945,6.176788,0.050000
8946,3.528025,0.050000
8947,10.311960,0.050000
8948,8.918183,0.050000
8949,10.321671,0.050000
8950,8.414571,0.050000
8951,9.702186,0.050000
8952,15.567742,0.050000
8953,17.618092,0.050000
8954,0.428116,0.050000
8955,2.778873,0.050000
8956,1.874125,0.050000
8957,2.592870,0.050000
8958,12.623339,0.050000
8959,9.052368,0.050000
8960,5.820258,0.050000
8961,9.809388,0.050000
8962,11.141362,0.050000
8963,10.338880,0.050000
8964,5.169777,0.050000
8965,14.045897,0.050000
8966,16.044681,0.050000
8967,12.028152,0.050000
8968,13.187026,0.050000
8969,4.561021,0.050000
8970,10.630549,0.050000
8971,3.886126,0.050000
8972,2.910257,0.050000
8973,-0.402634,0.050000
8974,8.231358,0.050000
8975,9.786949,0.050000
8976,3.468386,0.050000
8977,3.784225,0.050000
8978,6.833880,0.050000
8979,6.558046,0.050000
8980,0.261802,0.050000
8981,9.447471,0.050000
8982,5.705202,0.050000
8983,11.628051,0.050000
8984,11.084814,0.050000
8985,4.163407,0.050000
8986,4.200832,0.050000
8987,8.236427,0.050000
8988,5.679295,0.050000
8989,11.051815,0.050000
8990,19.345288,0.050000
8991,19.433409,0.050000
8992,15.808102,0.050000
8993,20.707976,0.050000
8994,8.003901,0.050000
8995,1.522072,0.050000
8996,17.831453,0.050000
8997,8.856436,0.050000
8998,7.236895,0.050000
8999,7.600444,0.050000
9000,5.154513,0.050000
9001,4.200787,0.050000
9002,5.369659,0.050000
9003,3.272540,0.050000
9004,11.826318,0.050000
9005,7.178581,0.050000
9006,9.640308,0.050000
9007,2.951145,0.050000
9008,17.614706,0.050000
9009,18.993011,0.050000
9010,14.843232,0.050000
9011,6.069902,0.050000
9012,9.983957,0.050000
9013,13.915975,0.050000
9014,15.032269,0.050000
9015,13.587042,0.050000
9016,4.212270,0.050000
9017,4.729657,0.050000
9018,1.741476,0.050000
9019,7.292345,0.050000
9020,8.075701,0.050000
9021,9.863995,0.050000
9022,8.073150,0.050000
9023,1.276147,0.050000
9024,13.344006,0.050000
9025,13.890357,0.050000
9026,15.052828,0.050000
9027,13.181930,0.050000
9028,11.999533,0.050000
9029,10.722993,0.050000
9030,8.003928,0.050000
9031,5.723733,0.050000
9032,11.548142,0.050000
9033,4.401564,0.050000
9034,9.347992,0.050000
9035,1.903619,0.050000
9036,6.351095,0.050000
9037,1.533002,0.050000
9038,2.625506,0.050000
9039,5.806101,0.050000
9040,8.459553,0.050000
9041,6.215871,0.050000
9042,12.231154,0.050000
9043,11.424202,0.050000
9044,13.018794,0.050000
9045,0.263511,0.050000
9046,15.315347,0.050000
9047,13.725901,0.050000
9048,11.282692,0.050000
9049,14.349689,0.050000
9050,2.472041,0.050000
9051,18.588792,0.050000
9052,11.720912,0.050000
9053,13.473495,0.050000
9054,7.874904,0.050000
9055,1.832788,0.050000
9056,-0.027179,0.050000
9057,12.230150,0.050000
9058,15.129199,0.050000
9059,6.923795,0.050000
9060,6.536915,0.050000
9061,3.869559,0.050000
9062,12.292078,0.050000
9063,7.868473,0.050000
9064,5.460877,0.050000
9065,9.067820,0.050000
9066,10.994959,0.050000
9067,1.840615,0.050000
9068,3.803691,0.050000
9069,16.705978,0.050000
9070,8.523335,0.050000
9071,0.991979,0.050000
9072,5.091600,0.050000
9073,0.990894,0.050000
9074,1.132767,0.050000
9075,14.143204,0.050000
9076,-1.083524,0.050000
9077,0.820019,0.050000
9078,8.228306,0.050000
9079,11.477157,0.050000
9080,2.516108,0.050000
9081,11.207330,0.050000
9082,-1.707897,0.050000
9083,4.268804,0.050000
9084,10.470152,0.050000
9085,4.917792,0.050000
9086,6.581162,0.050000
9087,5.050390,0.050000
9088,7.634446,0.050000
9089,15.887280,0.050000
9090,13.680119,0.050000
9091,3.914826,0.050000
9092,5.101896,0.050000
9093,8.122626,0.050000
9094,4.409202,0.050000
9095,5.500517,0.050000
9096,3.805131,0.050000
9097,6.028052,0.050000
9098,7.464343,0.050000
9099,10.842465,0.050000
9100,15.817875,0.050000
9101,14.828226,0.050000
9102,8.718286,0.050000
9103,9.586635,0.050000
9104,7.245005,0.050000
9105,2.992287,0.050000
9106,3.498849,0.050000
9107,8.215479,0.050000
9108,18.730626,0.050000
9109,13.537916,0.050000
9110,16.895526,0.050000
9111,7.710201,0.050000
9112,9.540650,0.050000
9113,17.265839,0.050000
9114,4.970205,0.050000
9115,5.396833,0.050000
9116,9.969820,0.050000
9117,4.089959,0.050000
9118,12.094462,0.050000
9119,4.419198,0.050000
9120,14.192383,0.050000
9121,12.402664,0.050000
9122,11.934634,0.050000
9123,6.657582,0.050000
9124,11.546998,0.050000
9125,6.128383,0.050000
9126,2.899767,0.050000
9127,12.369107,0.050000
9128,11.011996,0.050000
9129,4.594289,0.050000
9130,7.731804,0.050000
9131,13.938075,0.050000
9132,9.563085,0.050000
9133,0.593625,0.050000
9134,17.626252,0.050000
9135,14.498504,0.050000
9136,21.395221,0.050000
9137,11.941790,0.050000
9138,7.139023,0.050000
9139,15.177572,0.050000
9140,4.212263,0.050000
9141,7.446835,0.050000
9142,4.333349,0.050000
9143,18.175555,0.050000
9144,14.846631,0.050000
9145,15.381332,0.050000
9146,16.819969,0.050000
9147,14.959837,0.050000
9148,6.697036,0.050000
9149,9.377824,0.050000
9150,11.406074,0.050000
9151,2.572790,0.050000
9152,4.995669,0.050000
9153,5.874247,0.050000
9154,6.856247,0.050000
9155,9.373163,0.050000
9156,5.692886,0.050000
9157,4.375374,0.050000
9158,7.268429,0.050000
9159,5.684514,0.050000
9160,8.989459,0.050000
9161,17.183515,0.050000
9162,18.382752,0.050000
9163,9.754121,0.050000
9164,9.791956,0.050000
9165,9.685072,0.050000
9166,21.174904,0.050000
9167,2.863951,0.050000
9168,10.487181,0.050000
9169,1.480476,0.050000
9170,7.914131,0.050000
9171,13.182061,0.050000
9172,0.807450,0.050000
9173,14.518298,0.050000
9174,6.322710,0.050000
9175,10.232448,0.050000
9176,-1.217281,0.050000
9177,6.449923,0.050000
9178,13.713020,0.050000
9179,6.502852,0.050000
9180,6.312244,0.050000
9181,11.202562,0.050000
9182,0.483307,0.050000
9183,11.266063,0.050000
9184,7.341078,0.050000
9185,14.444159,0.050000
9186,6.994407,0.050000
9187,10.725707,0.050000
9188,4.721916,0.050000
9189,7.843049,0.050000
9190,3.879907,0.050000
9191,9.039778,0.050000
9192,4.744747,0.050000
9193,1.242840,0.050000
9194,2.256081,0.050000
9195,7.590703,0.050000
9196,15.570489,0.050000
9197,6.801489,0.050000
9198,3.527607,0.050000
9199,3.510091,0.050000
9200,4.234692,0.050000
9201,4.584565,0.050000
9202,7.454111,0.050000
9203,14.872560,0.050000
9204,9.696259,0.050000
9205,1.399948,0.050000
9206,5.912505,0.050000
9207,6.321000,0.050000
9208,10.976224,0.050000
9209,5.011907,0.050000
9210,6.919497,0.050000
9211,13.819432,0.050000
9212,10.522340,0.050000
9213,3.101133,0.050000
9214,5.822819,0.050000
9215,10.107982,0.050000
9216,12.148971,0.050000
9217,9.739107,0.050000
9218,7.226166,0.050000
9219,8.452966,0.050000
9220,19.451534,0.050000
9221,3.771659,0.050000
9222,3.023540,0.050000
9223,5.169580,0.050000
9224,0.646805,0.050000
9225,14.481230,0.050000
9226,12.375448,0.050000
9227,9.086677,0.050000
9228,5.895389,0.050000
9229,12.115096,0.050000
9230,5.017243,0.050000
9231,8.951712,0.050000
9232,7.632488,0.050000
9233,8.570480,0.050000
9234,8.973366,0.050000
9235,4.240233,0.050000
9236,4.945742,0.050000
9237,6.353083,0.050000
9238,9.085893,0.050000
9239,9.516466,0.050000
9240,2.147225,0.050000
9241,4.654231,0.050000
9242,12.367308,0.050000
9243,8.997150,0.050000
9244,15.689738,0.050000
9245,5.888620,0.050000
9246,18.818880,0.050000
9247,5.463631,0.050000
9248,13.806882,0.050000
9249,6.321490,0.050000
9250,14.698637,0.050000
9251,15.648183,0.050000
9252,10.366514,0.050000
9253,9.548826,0.050000
9254,3.320903,0.050000
9255,19.884250,0.050000
9256,14.289293,0.050000
9257,6.859839,0.050000
9258,10.407429,0.050000
9259,4.825060,0.050000
9260,2.311214,0.050000
9261,8.654271,0.050000
9262,5.702877,0.050000
9263,4.908809,0.050000
9264,7.428208,0.050000
9265,3.964841,0.050000
9266,12.309206,0.050000
9267,3.401357,0.050000
9268,3.837428,0.050000
9269,6.230446,0.050000
9270,4.937360,0.050000
9271,6.679604,0.050000
9272,7.320737,0.050000
9273,-2.262902,0.050000
9274,10.463300,0.050000
9275,14.178069,0.050000
9276,5.331767,0.050000
9277,8.817307,0.050000
9278,11.510621,0.050000
9279,12.502630,0.050000
9280,8.696620,0.050000
9281,1.730687,0.050000
9282,9.634278,0.050000
9283,3.688002,0.050000
9284,9.441665,0.050000
9285,10.255210,0.050000
9286,4.693591,0.050000
9287,8.064548,0.050000
9288,7.761719,0.050000
9289,19.123213,0.050000
9290,6.045327,0.050000
9291,7.591845,0.050000
9292,17.339244,0.050000
9293,11.652335,0.050000
9294,3.792991,0.050000
9295,6.363511,0.050000
9296,7.827028,0.050000
9297,4.963646,0.050000
9298,6.375578,0.050000
9299,8.367582,0.050000
9300,6.949416,0.050000
9301,8.880028,0.050000
9302,4.608813,0.050000
9303,8.226513,0.050000
9304,10.672775,0.050000
9305,5.742912,0.050000
9306,13.368255,0.050000
9307,6.590327,0.050000
9308,14.572585,0.050000
9309,-1.031939,0.050000
9310,13.564017,0.050000
9311,8.087997,0.050000
9312,0.359431,0.050000
9313,7.277692,0.050000
9314,3.942308,0.050000
9315,6.681469,0.050000
9316,15.989120,0.050000
9317,3.294860,0.050000
9318,6.666359,0.050000
9319,10.022822,0.050000
9320,4.489847,0.050000
9321,9.626723,0.050000
9322,6.829448,0.050000
9323,16.653369,0.050000
9324,9.504708,0.050000
9325,10.642637,0.050000
9326,5.898166,0.050000
9327,12.557429,0.050000
9328,6.550809,0.050000
9329,12.287641,0.050000
9330,8.618255,0.050000
9331,8.732425,0.050000
9332,13.218633,0.050000
9333,5.713263,0.050000
9334,6.699997,0.050000
9335,9.110597,0.050000
9336,6.385397,0.050000
9337,2.013788,0.050000
9338,10.478691,0.050000
9339,14.553478,0.050000
9340,11.417758,0.050000
9341,8.621970,0.050000
9342,10.456404,0.050000
9343,14.152801,0.050000
9344,10.759982,0.050000
9345,3.682017,0.050000
9346,3.750297,0.050000
9347,10.321444,0.050000
9348,17.470199,0.050000
9349,4.253067,0.050000
9350,5.620293,0.050000
9351,8.506027,0.050000
9352,10.816138,0.050000
9353,17.139444,0.050000
9354,6.002786,0.050000
9355,6.904472,0.050000
9356,10.006906,0.050000
9357,11.642089,0.050000
9358,3.943126,0.050000
9359,3.937642,0.050000
9360,9.014654,0.050000
9361,13.146688,0.050000
9362,10.070625,0.050000
9363,8.285060,0.050000
9364,14.196103,0.050000
9365,0.566212,0.050000
9366,4.345150,0.050000
9367,8.942674,0.050000
9368,13.135801,0.050000
9369,8.797656,0.050000
9370,22.851205,0.050000
9371,15.585490,0.050000
9372,10.403310,0.050000
9373,14.474986,0.050000
9374,6.581280,0.050000
9375,6.978782,0.050000
9376,2.042278,0.050000
9377,7.426233,0.050000
9378,6.846710,0.050000
9379,17.342452,0.050000
9380,7.912552,0.050000
9381,11.069486,0.050000
9382,4.547942,0.050000
9383,6.001474,0.050000
9384,9.567393,0.050000
9385,7.408503,0.050000
9386,3.180698,0.050000
9387,7.560303,0.050000
9388,3.289185,0.050000
9389,10.375584,0.050000
9390,13.496355,0.050000
9391,12.712273,0.050000
9392,14.041406,0.050000
9393,3.137651,0.050000
9394,13.976837,0.050000
9395,10.330411,0.050000
9396,16.533110,0.050000
9397,13.393271,0.050000
9398,11.452809,0.050000
9399,12.972346,0.050000
9400,-1.033760,0.050000
9401,6.392044,0.050000
9402,12.916424,0.050000
9403,7.515715,0.050000
9404,16.845737,0.050000
9405,3.633206,0.050000
9406,4.005327,0.050000
9407,9.959928,0.050000
9408,8.634449,0.050000
9409,8.623836,0.050000
9410,14.623357,0.050000
9411,13.293579,0.050000
9412,9.997912,0.050000
9413,2.374106,0.050000
9414,8.469720,0.050000
9415,8.313988,0.050000
9416,7.136764,0.050000
9417,7.301131,0.050000
9418,9.003193,0.050000
9419,10.522334,0.050000
9420,14.805669,0.050000
9421,7.687367,0.050000
9422,9.036396,0.050000
9423,4.848861,0.050000
9424,14.190955,0.050000
9425,6.220324,0.050000
9426,8.818379,0.050000
9427,7.658927,0.050000
9428,4.328919,0.050000
9429,14.693728,0.050000
9430,21.163790,0.050000
9431,13.495813,0.050000
9432,10.955586,0.050000
9433,8.795822,0.050000
9434,3.283225,0.050000
9435,10.900719,0.050000
9436,15.121778,0.050000
9437,5.294440,0.050000
9438,8.684160,0.050000
9439,16.493472,0.050000
9440,18.413292,0.050000
9441,5.789833,0.050000
9442,5.686631,0.050000
9443,9.189760,0.050000
9444,11.515007,0.050000
9445,-0.045697,0.050000
9446,11.447228,0.050000
9447,18.395340,0.050000
9448,5.535693,0.050000
9449,3.939792,0.050000
9450,11.265070,0.050000
9451,13.020258,0.050000
9452,3.370298,0.050000
9453,4.731588,0.050000
9454,16.155085,0.050000
9455,3.206648,0.050000
9456,7.889710,0.050000
9457,15.050218,0.050000
9458,9.338931,0.050000
9459,3.614824,0.050000
9460,2.260360,0.050000
9461,5.447767,0.050000
9462,5.303482,0.050000
9463,5.978466,0.050000
9464,11.694534,0.050000
9465,6.960389,0.050000
9466,9.540905,0.050000
9467,6.451116,0.050000
9468,2.454344,0.050000
9469,17.263331,0.050000
9470,2.319272,0.050000
9471,7.641551,0.050000
9472,14.909641,0.050000
9473,6.749824,0.050000
9474,1.098092,0.050000
9475,-0.109460,0.050000
9476,8.135499,0.050000
9477,13.406640,0.050000
9478,7.307099,0.050000
9479,9.952088,0.050000
9480,14.872002,0.050000
9481,14.450575,0.050000
9482,13.491919,0.050000
9483,2.713674,0.050000
9484,17.602420,0.050000
9485,3.983295,0.050000
9486,9.688560,0.050000
9487,17.408823,0.050000
9488,7.622386,0.050000
9489,3.558566,0.050000
9490,5.606684,0.050000
9491,14.952104,0.050000
9492,5.810213,0.050000
9493,4.351562,0.050000
9494,17.406513,0.050000
9495,1.269941,0.050000
9496,2.954205,0.050000
9497,7.119002,0.050000
9498,1.567573,0.050000
9499,9.882033,0.050000
9500,13.517751,0.050000
9501,10.064721,0.050000
9502,7.774345,0.050000
9503,11.355008,0.050000
9504,10.165488,0.050000
9505,8.522163,0.050000
9506,10.226717,0.050000
9507,11.083304,0.050000
9508,11.139481,0.050000
9509,4.756728,0.050000
9510,22.815545,0.050000
9511,28.931199,0.050000
9512,13.519729,0.050000
9513,5.072039,0.050000
9514,22.320547,0.050000
9515,6.139773,0.050000
9516,8.220911,0.050000
9517,8.908215,0.050000
9518,15.902801,0.050000
9519,10.455189,0.050000
9520,13.676251,0.050000
9521,19.680428,0.050000
9522,5.635753,0.050000
9523,6.298622,0.050000
9524,3.261407,0.050000
9525,12.548680,0.050000
9526,16.959820,0.050000
9527,7.363858,0.050000
9528,2.030784,0.050000
9529,14.005234,0.050000
9530,9.782803,0.050000
9531,11.135183,0.050000
9532,13.230717,0.050000
9533,15.211087,0.050000
9534,12.024519,0.050000
9535,9.679894,0.050000
9536,2.419903,0.050000
9537,10.425549,0.050000
9538,4.096978,0.050000
9539,2.169253,0.050000
9540,3.887698,0.050000
9541,6.861335,0.050000
9542,3.676094,0.050000
9543,16.452427,0.050000
9544,4.170563,0.050000
9545,16.655528,0.050000
9546,6.809924,0.050000
9547,8.382044,0.050000
9548,2.505375,0.050000
9549,6.499938,0.050000
9550,9.225611,0.050000
9551,13.317503,0.050000
9552,7.494149,0.050000
9553,6.651375,0.050000
9554,9.066018,0.050000
9555,5.804208,0.050000
9556,7.614862,0.050000
9557,21.486940,0.050000
9558,7.871957,0.050000
9559,4.166842,0.050000
9560,3.059411,0.050000
9561,8.546719,0.050000
9562,16.633266,0.050000
9563,5.219555,0.050000
9564,6.689132,0.050000
9565,11.385869,0.050000
9566,9.164869,0.050000
9567,15.492923,0.050000
9568,13.585691,0.050000
9569,6.649785,0.050000
9570,6.143429,0.050000
9571,18.632665,0.050000
9572,5.139280,0.050000
9573,6.524105,0.050000
9574,8.627485,0.050000
9575,8.855912,0.050000
9576,8.292892,0.050000
9577,8.709548,0.050000
9578,6.203135,0.050000
9579,2.238690,0.050000
9580,12.140857,0.050000
9581,1.383135,0.050000
9582,6.478861,0.050000
9583,15.488316,0.050000
9584,5.775975,0.050000
9585,7.061435,0.050000
9586,10.502139,0.050000
9587,6.178444,0.050000
9588,8.823860,0.050000
9589,12.134177,0.050000
9590,9.723696,0.050000
9591,13.849466,0.050000
9592,10.309525,0.050000
9593,3.648576,0.050000
9594,13.483381,0.050000
9595,10.034597,0.050000
9596,7.776402,0.050000
9597,7.413612,0.050000
9598,15.012077,0.050000
9599,2.742124,0.050000
9600,14.489928,0.050000
9601,8.585966,0.050000
9602,13.415426,0.050000
9603,7.465290,0.050000
9604,3.917397,0.050000
9605,5.898773,0.050000
9606,12.014195,0.050000
9607,15.353747,0.050000
9608,6.372131,0.050000
9609,14.399672,0.050000
9610,16.256906,0.050000
9611,5.823491,0.050000
9612,32.651461,0.050000
9613,7.566618,0.050000
9614,12.901585,0.050000
9615,8.901806,0.050000
9616,4.907646,0.050000
9617,2.613619,0.050000
9618,3.403039,0.050000
9619,7.678042,0.050000
9620,7.284540,0.050000
9621,10.289338,0.050000
9622,21.048796,0.050000
9623,6.434227,0.050000
9624,9.177701,0.050000
9625,5.845806,0.050000
9626,9.807399,0.050000
9627,-0.492814,0.050000
9628,7.350875,0.050000
9629,13.132374,0.050000
9630,11.277822,0.050000
9631,9.589683,0.050000
9632,4.840206,0.050000
9633,16.515886,0.050000
9634,11.907314,0.050000
9635,11.912628,0.050000
9636,15.225123,0.050000
9637,12.217997,0.050000
9638,2.092683,0.050000
9639,2.770883,0.050000
9640,5.645687,0.050000
9641,8.588510,0.050000
9642,11.075898,0.050000
9643,6.946756,0.050000
9644,15.344880,0.050000
9645,14.014204,0.050000
9646,13.854191,0.050000
9647,4.927547,0.050000
9648,16.935392,0.050000
9649,4.080986,0.050000
9650,10.757823,0.050000
9651,3.565968,0.050000
9652,4.246716,0.050000
9653,8.685581,0.050000
9654,6.947580,0.050000
9655,15.312029,0.050000
9656,10.979199,0.050000
9657,9.073746,0.050000
9658,9.051427,0.050000
9659,10.438593,0.050000
9660,2.544754,0.050000
9661,3.391751,0.050000
9662,5.843929,0.050000
9663,0.093510,0.050000
9664,6.843533,0.050000
9665,9.585886,0.050000
9666,11.779534,0.050000
9667,5.274820,0.050000
9668,14.518684,0.050000
9669,10.307099,0.050000
9670,6.539342,0.050000
9671,4.387927,0.050000
9672,12.708862,0.050000
9673,9.305576,0.050000
9674,14.335249,0.050000
9675,13.860380,0.050000
9676,7.313920,0.050000
9677,8.368337,0.050000
9678,9.019727,0.050000
9679,1.117165,0.050000
9680,8.346677,0.050000
9681,8.008859,0.050000
9682,14.417434,0.050000
9683,10.897108,0.050000
9684,7.648588,0.050000
9685,5.790872,0.050000
9686,6.487094,0.050000
9687,2.587632,0.050000
9688,3.910967,0.050000
9689,7.530366,0.050000
9690,13.273888,0.050000
9691,6.528416,0.050000
9692,0.582574,0.050000
9693,5.105070,0.050000
9694,3.840530,0.050000
9695,6.213390,0.050000
9696,8.743913,0.050000
9697,12.077206,0.050000
9698,9.598393,0.050000
9699,6.604858,0.050000
9700,1.966706,0.050000
9701,4.143243,0.050000
9702,3.085748,0.050000
9703,16.190912,0.050000
9704,8.832585,0.050000
9705,6.702741,0.050000
9706,7.871569,0.050000
9707,8.650840,0.050000
9708,10.685873,0.050000
9709,6.906472,0.050000
9710,7.966279,0.050000
9711,27.685626,0.050000
9712,9.720839,0.050000
9713,21.306242,0.050000
9714,5.948610,0.050000
9715,15.567069,0.050000
9716,7.832048,0.050000
9717,8.633854,0.050000
9718,20.157421,0.050000
9719,9.332849,0.050000
9720,6.683564,0.050000
9721,3.640124,0.050000
9722,11.065481,0.050000
9723,9.914832,0.050000
9724,9.145696,0.050000
9725,12.115626,0.050000
9726,9.169915,0.050000
9727,4.830193,0.050000
9728,11.175935,0.050000
9729,5.001603,0.050000
9730,13.593756,0.050000
9731,11.864107,0.050000
9732,1.169373,0.050000
9733,16.404268,0.050000
9734,9.902539,0.050000
9735,15.061959,0.050000
9736,5.897238,0.050000
9737,16.298543,0.050000
9738,17.756824,0.050000
9739,8.846072,0.050000
9740,2.434633,0.050000
9741,8.857101,0.050000
9742,10.441560,0.050000
9743,11.001915,0.050000
9744,5.124554,0.050000
9745,10.831367,0.050000
9746,6.429989,0.050000
9747,5.835556,0.050000
9748,6.201377,0.050000
9749,2.360453,0.050000
9750,9.530376,0.050000
9751,17.422152,0.050000
9752,8.343600,0.050000
9753,2.998131,0.050000
9754,13.170080,0.050000
9755,-0.382871,0.050000
9756,4.733594,0.050000
9757,15.731263,0.050000
9758,9.379592,0.050000
9759,18.149825,0.050000
9760,19.623243,0.050000
9761,10.042971,0.050000
9762,4.203381,0.050000
9763,5.581210,0.050000
9764,13.579209,0.050000
9765,10.029243,0.050000
9766,17.981185,0.050000
9767,8.230177,0.050000
9768,1.496936,0.050000
9769,11.972939,0.050000
9770,4.392632,0.050000
9771,13.855656,0.050000
9772,7.021023,0.050000
9773,10.213238,0.050000
9774,4.736069,0.050000
9775,10.422911,0.050000
9776,4.406434,0.050000
9777,3.737786,0.050000
9778,7.128427,0.050000
9779,4.499205,0.050000
9780,4.390053,0.050000
9781,11.235455,0.050000
9782,16.643231,0.050000
9783,17.646641,0.050000
9784,13.711952,0.050000
9785,6.649424,0.050000
9786,6.206503,0.050000
9787,5.723427,0.050000
9788,18.160882,0.050000
9789,6.171930,0.050000
9790,4.597065,0.050000
9791,19.214682,0.050000
9792,4.906986,0.050000
9793,13.044367,0.050000
9794,3.323725,0.050000
9795,10.255193,0.050000
9796,12.968104,0.050000
9797,10.361909,0.050000
9798,2.122157,0.050000
9799,10.259915,0.050000
9800,4.263566,0.050000
