episode,avg_detect_streak,avg_lost_streak,lock_count,lock_time_ratio,target_covered_ratio
1,0.222000,2.824000,4,0.100000,0.160000
2,0.056000,0.410000,1,0.022000,0.035000
3,0.158000,1.600000,2,0.042000,0.065000
4,0.148000,1.190000,3,0.062000,0.095000
5,0.030000,0.540000,1,0.018000,0.025000
6,0.062000,1.212000,2,0.040000,0.055000
7,0.298000,2.714000,5,0.124000,0.200000
8,0.688000,1.400000,6,0.162000,0.265000
9,0.248000,2.004000,8,0.140000,0.190000
10,0.418000,1.842000,8,0.174000,0.260000
11,0.336000,0.526000,5,0.108000,0.175000
12,0.086000,1.582000,5,0.092000,0.095000
13,0.118000,0.870000,4,0.070000,0.095000
14,0.108000,1.930000,5,0.090000,0.110000
15,0.042000,0.820000,2,0.032000,0.040000
16,1.488000,2.620000,7,0.234000,0.345000
17,0.022000,2.692000,3,0.040000,0.035000
18,0.694000,2.032000,8,0.184000,0.310000
19,0.128000,0.916000,2,0.042000,0.075000
20,0.188000,2.946000,6,0.120000,0.120000
21,0.042000,0.850000,1,0.020000,0.030000
22,0.058000,1.800000,2,0.032000,0.040000
23,0.126000,0.954000,4,0.068000,0.105000
24,0.320000,1.736000,2,0.062000,0.150000
25,0.048000,0.960000,2,0.032000,0.040000
26,0.020000,0.850000,1,0.016000,0.020000
27,0.096000,1.774000,3,0.062000,0.085000
28,0.060000,2.010000,3,0.046000,0.055000
29,0.012000,0.894000,2,0.030000,0.045000
30,0.398000,2.994000,6,0.158000,0.220000
31,0.106000,1.692000,3,0.076000,0.105000
32,0.174000,2.372000,5,0.074000,0.115000
33,0.026000,1.020000,2,0.028000,0.030000
34,0.144000,2.312000,4,0.080000,0.115000
35,0.122000,1.610000,2,0.042000,0.065000
36,0.044000,1.732000,2,0.038000,0.050000
37,0.178000,2.318000,6,0.106000,0.145000
38,0.334000,2.106000,5,0.136000,0.200000
39,0.080000,1.700000,3,0.052000,0.070000
40,0.094000,1.630000,4,0.058000,0.085000
41,0.240000,3.250000,6,0.124000,0.145000
42,0.140000,1.376000,4,0.086000,0.110000
43,0.092000,1.802000,4,0.068000,0.090000
44,0.238000,2.294000,5,0.114000,0.165000
45,0.060000,1.804000,3,0.052000,0.060000
46,0.084000,1.506000,3,0.062000,0.090000
47,0.130000,0.672000,2,0.042000,0.070000
48,0.050000,3.302000,4,0.058000,0.050000
49,0.100000,1.952000,5,0.074000,0.090000
50,0.068000,0.922000,3,0.052000,0.065000
51,0.094000,0.442000,2,0.044000,0.065000
52,0.060000,1.790000,3,0.038000,0.055000
53,0.026000,0.942000,2,0.032000,0.035000
54,0.184000,2.654000,5,0.092000,0.140000
55,0.054000,0.980000,3,0.046000,0.070000
56,0.038000,1.102000,2,0.036000,0.080000
57,0.052000,0.702000,2,0.038000,0.050000
58,0.170000,1.880000,5,0.114000,0.175000
59,0.064000,1.842000,5,0.066000,0.080000
60,0.054000,0.832000,1,0.028000,0.045000
61,0.080000,1.168000,3,0.064000,0.085000
62,0.414000,2.482000,5,0.142000,0.250000
63,0.042000,0.590000,1,0.020000,0.030000
64,0.104000,2.102000,5,0.090000,0.100000
65,0.082000,1.544000,5,0.084000,0.085000
66,0.374000,1.732000,6,0.140000,0.225000
67,0.090000,0.000000,1,0.018000,0.045000
68,0.266000,2.286000,7,0.126000,0.190000
69,0.108000,2.802000,4,0.068000,0.085000
70,0.246000,1.858000,5,0.100000,0.155000
71,0.130000,1.274000,5,0.066000,0.095000
72,0.080000,1.538000,4,0.070000,0.115000
73,0.064000,1.512000,4,0.060000,0.065000
74,0.136000,2.462000,7,0.108000,0.125000
75,0.100000,0.194000,2,0.054000,0.085000
76,0.230000,1.932000,6,0.106000,0.165000
77,0.144000,1.714000,5,0.094000,0.160000
78,0.314000,2.496000,10,0.176000,0.265000
79,0.046000,0.982000,2,0.038000,0.080000
80,0.150000,1.348000,3,0.074000,0.200000
81,0.864000,1.438000,4,0.120000,0.225000
82,0.174000,2.464000,4,0.084000,0.120000
83,0.218000,3.102000,4,0.090000,0.140000
84,0.188000,2.206000,5,0.122000,0.160000
85,0.036000,1.452000,3,0.036000,0.045000
86,0.576000,2.016000,4,0.128000,0.245000
87,0.440000,1.512000,4,0.084000,0.130000
88,0.458000,2.372000,3,0.096000,0.175000
89,0.176000,1.492000,6,0.126000,0.190000
90,0.158000,1.422000,5,0.084000,0.115000
91,0.302000,2.486000,6,0.128000,0.205000
92,0.030000,0.012000,1,0.016000,0.025000
93,0.332000,1.140000,3,0.136000,0.235000
94,0.116000,0.844000,4,0.084000,0.120000
95,0.000000,0.000000,0,0.000000,0.000000
96,0.320000,1.484000,5,0.108000,0.185000
97,0.190000,0.834000,3,0.070000,0.115000
98,0.122000,1.426000,2,0.050000,0.075000
99,0.434000,1.456000,5,0.142000,0.240000
100,0.170000,2.212000,5,0.098000,0.140000
101,0.136000,2.436000,5,0.088000,0.110000
102,0.156000,2.430000,5,0.106000,0.130000
103,0.102000,1.942000,5,0.074000,0.100000
104,0.068000,0.614000,3,0.058000,0.075000
105,0.106000,2.366000,6,0.102000,0.095000
106,0.128000,2.418000,6,0.114000,0.145000
107,0.178000,1.156000,3,0.068000,0.130000
108,0.346000,2.370000,5,0.094000,0.135000
109,0.036000,0.494000,2,0.038000,0.065000
110,0.068000,1.874000,4,0.066000,0.105000
111,0.002000,0.000000,1,0.002000,0.005000
112,0.106000,1.770000,4,0.072000,0.090000
113,0.162000,1.460000,3,0.064000,0.100000
114,0.082000,1.454000,4,0.070000,0.115000
115,0.120000,1.520000,3,0.080000,0.140000
116,0.256000,1.686000,4,0.106000,0.160000
117,0.062000,1.080000,2,0.034000,0.045000
118,0.314000,1.880000,5,0.104000,0.155000
119,0.144000,1.730000,3,0.062000,0.095000
120,0.056000,1.482000,2,0.038000,0.050000
121,0.140000,1.090000,2,0.046000,0.100000
122,0.086000,1.410000,2,0.040000,0.060000
123,0.084000,0.876000,2,0.034000,0.055000
124,0.056000,0.872000,2,0.030000,0.050000
125,0.300000,1.474000,4,0.108000,0.180000
126,0.138000,0.732000,1,0.036000,0.065000
127,0.136000,2.372000,3,0.064000,0.095000
128,0.118000,2.236000,4,0.082000,0.110000
129,0.138000,1.564000,2,0.058000,0.095000
130,0.114000,2.260000,3,0.058000,0.085000
131,0.308000,1.554000,4,0.102000,0.165000
132,0.092000,1.962000,3,0.058000,0.080000
133,0.446000,1.742000,8,0.158000,0.255000
134,0.090000,1.682000,3,0.054000,0.070000
135,0.372000,2.506000,8,0.184000,0.260000
136,0.062000,0.682000,2,0.028000,0.050000
137,0.112000,1.654000,4,0.076000,0.115000
138,0.020000,0.940000,1,0.016000,0.020000
139,0.012000,0.932000,1,0.018000,0.020000
140,0.212000,1.250000,4,0.084000,0.160000
141,0.182000,2.292000,5,0.098000,0.140000
142,0.142000,0.794000,3,0.064000,0.110000
143,0.030000,0.870000,1,0.018000,0.025000
144,0.318000,2.494000,6,0.128000,0.185000
145,0.036000,1.348000,3,0.050000,0.050000
146,0.090000,1.652000,2,0.044000,0.065000
147,0.106000,1.410000,3,0.056000,0.080000
148,0.042000,0.260000,1,0.020000,0.030000
149,0.030000,0.930000,1,0.018000,0.025000
150,0.036000,0.892000,3,0.038000,0.050000
151,0.016000,0.954000,2,0.022000,0.025000
152,0.038000,0.826000,2,0.042000,0.050000
153,0.100000,1.764000,3,0.062000,0.085000
154,0.006000,0.750000,1,0.012000,0.010000
155,0.152000,1.596000,7,0.102000,0.125000
156,0.106000,0.704000,4,0.072000,0.100000
157,0.032000,1.680000,2,0.030000,0.035000
158,0.192000,1.732000,3,0.072000,0.115000
159,0.500000,1.748000,5,0.140000,0.265000
160,0.032000,1.430000,2,0.030000,0.035000
161,0.014000,0.002000,1,0.010000,0.020000
162,0.350000,0.704000,1,0.064000,0.130000
163,0.100000,1.602000,4,0.078000,0.110000
164,0.170000,1.596000,2,0.068000,0.115000
165,0.394000,0.934000,2,0.060000,0.120000
166,0.042000,0.882000,1,0.026000,0.040000
167,0.032000,1.570000,2,0.030000,0.035000
168,0.238000,1.406000,6,0.126000,0.225000
169,0.036000,0.888000,3,0.040000,0.045000
170,0.000000,0.000000,0,0.000000,0.000000
171,0.000000,0.000000,0,0.000000,0.000000
172,0.000000,0.000000,0,0.000000,0.000000
173,0.228000,0.824000,3,0.080000,0.130000
174,0.108000,1.942000,4,0.074000,0.100000
175,0.160000,1.572000,4,0.082000,0.120000
176,0.144000,2.534000,6,0.096000,0.130000
177,0.220000,2.922000,5,0.100000,0.145000
178,0.160000,2.034000,7,0.112000,0.145000
179,0.448000,1.882000,5,0.102000,0.170000
180,0.794000,1.434000,7,0.186000,0.320000
181,0.022000,1.020000,2,0.026000,0.025000
182,0.158000,1.948000,5,0.108000,0.140000
183,0.188000,1.338000,4,0.102000,0.160000
184,0.454000,1.098000,3,0.092000,0.190000
185,0.382000,1.760000,4,0.098000,0.165000
186,0.122000,2.176000,4,0.080000,0.115000
187,0.180000,3.096000,6,0.118000,0.160000
188,0.218000,1.278000,3,0.072000,0.125000
189,0.352000,1.684000,5,0.122000,0.215000
190,0.062000,1.512000,2,0.042000,0.060000
191,0.048000,1.858000,3,0.060000,0.070000
192,0.044000,0.982000,3,0.046000,0.050000
193,0.140000,1.780000,3,0.060000,0.080000
194,0.306000,0.770000,1,0.042000,0.085000
195,0.000000,0.000000,0,0.000000,0.000000
196,0.404000,2.198000,5,0.134000,0.220000
197,0.534000,0.640000,5,0.162000,0.290000
198,0.340000,3.008000,7,0.176000,0.235000
199,0.184000,1.534000,4,0.086000,0.165000
200,0.044000,1.808000,4,0.062000,0.065000
201,0.056000,2.152000,4,0.062000,0.070000
202,0.174000,2.054000,4,0.084000,0.120000
203,0.308000,2.200000,5,0.130000,0.195000
204,0.066000,1.750000,4,0.050000,0.065000
205,0.170000,2.982000,8,0.114000,0.180000
206,0.172000,1.480000,6,0.104000,0.150000
207,0.524000,2.472000,7,0.142000,0.165000
208,0.080000,0.742000,2,0.032000,0.055000
209,0.068000,1.810000,2,0.036000,0.050000
210,0.090000,1.714000,4,0.072000,0.090000
211,0.154000,1.832000,4,0.078000,0.110000
212,0.144000,2.588000,5,0.094000,0.140000
213,0.104000,1.148000,3,0.054000,0.080000
214,0.216000,2.304000,4,0.090000,0.115000
215,0.062000,2.406000,4,0.062000,0.070000
216,0.038000,1.670000,3,0.042000,0.050000
217,0.164000,0.820000,5,0.094000,0.140000
218,0.000000,0.000000,0,0.000000,0.000000
219,0.188000,2.154000,5,0.106000,0.155000
220,0.032000,1.450000,2,0.030000,0.035000
221,0.218000,2.180000,3,0.070000,0.115000
222,0.052000,0.822000,3,0.044000,0.055000
223,0.138000,1.912000,5,0.090000,0.120000
224,0.120000,1.376000,3,0.076000,0.155000
225,0.058000,1.304000,3,0.054000,0.065000
226,0.226000,2.314000,5,0.092000,0.140000
227,0.204000,1.140000,6,0.128000,0.190000
228,0.032000,0.842000,1,0.022000,0.030000
229,0.118000,1.012000,3,0.050000,0.080000
230,0.684000,1.558000,6,0.160000,0.235000
231,0.094000,0.932000,2,0.044000,0.065000
232,0.374000,1.990000,5,0.100000,0.170000
233,0.114000,0.842000,3,0.054000,0.080000
234,0.116000,0.952000,3,0.056000,0.095000
235,0.080000,2.262000,3,0.058000,0.085000
236,0.178000,2.612000,5,0.088000,0.110000
237,0.152000,1.688000,2,0.064000,0.100000
238,0.168000,2.174000,3,0.070000,0.110000
239,0.238000,1.556000,4,0.094000,0.140000
240,0.202000,0.762000,3,0.074000,0.150000
241,0.338000,2.332000,6,0.120000,0.180000
242,0.086000,0.294000,2,0.050000,0.075000
243,0.016000,0.894000,1,0.022000,0.025000
244,0.146000,1.512000,3,0.058000,0.100000
245,0.182000,2.344000,3,0.078000,0.125000
246,0.086000,0.536000,2,0.046000,0.080000
247,0.034000,0.844000,1,0.026000,0.035000
248,0.090000,1.560000,3,0.050000,0.055000
249,0.284000,1.614000,4,0.106000,0.185000
250,0.032000,1.080000,2,0.028000,0.030000
251,0.968000,0.288000,2,0.118000,0.360000
252,0.192000,0.688000,2,0.072000,0.120000
253,0.192000,2.390000,6,0.104000,0.115000
254,0.440000,1.478000,5,0.124000,0.195000
255,0.068000,0.070000,2,0.028000,0.050000
256,0.496000,2.356000,6,0.146000,0.210000
257,0.134000,1.440000,5,0.098000,0.125000
258,0.370000,2.210000,6,0.160000,0.225000
259,0.754000,0.904000,6,0.212000,0.305000
260,0.042000,0.260000,1,0.020000,0.030000
261,0.196000,1.758000,4,0.100000,0.150000
262,0.326000,2.122000,3,0.084000,0.145000
263,0.200000,2.424000,3,0.078000,0.125000
264,0.358000,2.392000,6,0.134000,0.210000
265,0.028000,2.228000,3,0.048000,0.045000
266,0.052000,0.762000,2,0.040000,0.055000
267,0.078000,1.420000,2,0.036000,0.050000
268,0.040000,0.894000,2,0.038000,0.045000
269,0.022000,0.922000,1,0.020000,0.025000
270,0.142000,2.324000,4,0.082000,0.115000
271,0.080000,2.046000,3,0.056000,0.070000
272,0.158000,2.532000,4,0.080000,0.090000
273,0.514000,2.464000,5,0.134000,0.225000
274,0.090000,2.172000,3,0.058000,0.080000
275,0.374000,0.804000,6,0.118000,0.200000
276,0.266000,2.196000,6,0.134000,0.185000
277,0.264000,1.120000,3,0.100000,0.135000
278,0.240000,0.274000,2,0.072000,0.130000
279,0.564000,1.600000,2,0.068000,0.130000
280,0.190000,1.964000,4,0.094000,0.145000
281,0.060000,2.196000,4,0.064000,0.070000
282,0.644000,2.174000,6,0.204000,0.345000
283,0.108000,0.884000,6,0.090000,0.120000
284,0.088000,1.774000,5,0.082000,0.095000
285,0.244000,1.692000,3,0.078000,0.130000
286,0.594000,2.002000,5,0.156000,0.235000
287,1.206000,2.880000,6,0.176000,0.320000
288,0.174000,2.462000,5,0.096000,0.095000
289,0.330000,2.502000,6,0.140000,0.240000
290,0.004000,0.692000,1,0.014000,0.010000
291,0.096000,0.984000,3,0.060000,0.100000
292,0.180000,1.454000,3,0.076000,0.120000
293,0.656000,2.378000,5,0.148000,0.270000
294,0.458000,1.862000,5,0.130000,0.130000
295,0.056000,1.830000,3,0.046000,0.055000
296,0.054000,1.570000,2,0.034000,0.070000
297,0.378000,1.422000,5,0.120000,0.235000
298,0.238000,1.328000,4,0.108000,0.170000
299,0.472000,1.432000,4,0.146000,0.220000
300,0.420000,2.498000,8,0.162000,0.230000
301,0.134000,3.182000,5,0.088000,0.115000
302,0.052000,1.154000,3,0.052000,0.105000
303,0.020000,0.794000,1,0.024000,0.030000
304,0.032000,1.740000,2,0.030000,0.035000
305,0.090000,1.622000,2,0.046000,0.070000
306,0.098000,0.790000,2,0.034000,0.065000
307,0.116000,1.720000,3,0.058000,0.085000
308,0.050000,1.770000,2,0.034000,0.045000
309,0.700000,2.430000,6,0.214000,0.335000
310,0.214000,2.304000,5,0.104000,0.150000
311,0.060000,1.490000,2,0.036000,0.050000
312,0.268000,1.206000,3,0.096000,0.165000
313,0.974000,2.324000,6,0.158000,0.275000
314,0.102000,0.810000,2,0.042000,0.065000
315,0.388000,2.966000,7,0.128000,0.185000
316,0.186000,1.744000,3,0.086000,0.125000
317,0.442000,2.864000,5,0.142000,0.200000
318,0.160000,3.070000,5,0.090000,0.110000
319,0.266000,1.286000,3,0.080000,0.145000
320,0.332000,3.328000,6,0.152000,0.225000
321,0.150000,1.688000,3,0.074000,0.110000
322,0.324000,2.198000,5,0.134000,0.195000
323,0.550000,2.248000,6,0.166000,0.330000
324,0.050000,1.332000,4,0.052000,0.065000
325,0.128000,1.364000,4,0.098000,0.110000
326,0.206000,3.102000,4,0.082000,0.100000
327,0.246000,3.006000,6,0.130000,0.170000
328,0.098000,1.624000,4,0.086000,0.105000
329,0.110000,2.310000,5,0.090000,0.095000
330,0.236000,1.732000,2,0.062000,0.100000
331,0.130000,1.742000,3,0.066000,0.100000
332,0.076000,1.700000,2,0.038000,0.055000
333,0.134000,1.132000,2,0.054000,0.090000
334,0.154000,2.238000,5,0.108000,0.145000
335,0.030000,0.642000,2,0.034000,0.040000
336,0.042000,0.390000,1,0.020000,0.030000
337,0.198000,2.992000,5,0.120000,0.145000
338,0.542000,2.342000,4,0.116000,0.175000
339,0.194000,1.814000,5,0.094000,0.145000
340,0.288000,2.000000,6,0.140000,0.205000
341,0.048000,1.790000,2,0.032000,0.040000
342,0.226000,2.876000,7,0.128000,0.150000
343,0.192000,2.150000,5,0.092000,0.150000
344,0.242000,2.402000,4,0.110000,0.170000
345,0.254000,2.918000,4,0.104000,0.145000
346,0.164000,2.922000,7,0.116000,0.145000
347,0.226000,2.246000,6,0.122000,0.140000
348,0.326000,2.264000,5,0.110000,0.205000
349,0.226000,3.236000,6,0.124000,0.165000
350,0.166000,0.982000,4,0.082000,0.120000
351,0.338000,2.804000,6,0.134000,0.235000
352,0.242000,1.602000,6,0.104000,0.155000
353,0.192000,2.222000,5,0.098000,0.160000
354,0.104000,1.374000,3,0.068000,0.100000
355,0.370000,1.976000,3,0.098000,0.170000
356,0.074000,1.968000,5,0.082000,0.075000
357,0.412000,2.504000,7,0.146000,0.205000
358,0.416000,2.946000,4,0.114000,0.160000
359,0.884000,2.292000,5,0.216000,0.330000
360,0.096000,2.182000,3,0.060000,0.085000
361,0.206000,1.072000,6,0.106000,0.160000
362,0.316000,1.952000,5,0.118000,0.190000
363,0.330000,2.014000,5,0.138000,0.190000
364,0.086000,1.546000,2,0.058000,0.090000
365,0.018000,0.890000,2,0.018000,0.025000
366,0.288000,2.144000,5,0.128000,0.210000
367,0.398000,3.194000,8,0.166000,0.235000
368,0.366000,2.022000,6,0.148000,0.225000
369,0.042000,0.730000,1,0.020000,0.030000
370,0.130000,1.860000,6,0.094000,0.115000
371,0.358000,1.884000,4,0.098000,0.155000
372,0.048000,0.820000,2,0.024000,0.040000
373,0.172000,1.660000,3,0.064000,0.100000
374,0.110000,2.220000,3,0.056000,0.080000
375,0.112000,1.244000,3,0.066000,0.095000
376,0.188000,1.504000,3,0.070000,0.175000
377,0.042000,0.760000,1,0.020000,0.030000
378,0.110000,0.590000,1,0.028000,0.050000
379,0.112000,1.192000,4,0.072000,0.090000
380,0.226000,2.190000,4,0.074000,0.115000
381,0.068000,1.220000,3,0.048000,0.095000
382,0.000000,0.000000,0,0.000000,0.000000
383,0.202000,1.740000,2,0.050000,0.085000
384,0.048000,0.610000,2,0.032000,0.040000
385,0.200000,1.440000,2,0.054000,0.095000
386,0.390000,0.682000,4,0.098000,0.160000
387,0.656000,1.072000,4,0.114000,0.210000
388,0.172000,1.372000,2,0.056000,0.130000
389,0.268000,2.456000,6,0.116000,0.175000
390,0.080000,1.034000,3,0.060000,0.080000
391,0.196000,2.212000,4,0.080000,0.125000
392,0.226000,1.924000,6,0.120000,0.170000
393,0.198000,2.936000,4,0.098000,0.120000
394,0.146000,0.676000,3,0.060000,0.105000
395,0.080000,1.642000,4,0.066000,0.080000
396,0.292000,2.158000,8,0.146000,0.225000
397,0.388000,2.150000,6,0.160000,0.225000
398,0.040000,1.098000,2,0.042000,0.050000
399,0.734000,1.838000,4,0.192000,0.320000
400,0.042000,0.760000,2,0.032000,0.040000
401,0.318000,1.734000,5,0.118000,0.210000
402,0.184000,1.080000,3,0.086000,0.135000
403,0.172000,1.540000,3,0.062000,0.095000
404,0.192000,1.712000,5,0.090000,0.140000
405,0.012000,0.002000,1,0.008000,0.015000
406,0.102000,1.954000,3,0.062000,0.085000
407,0.244000,1.686000,2,0.068000,0.115000
408,0.254000,2.446000,7,0.156000,0.215000
409,0.092000,2.020000,3,0.054000,0.075000
410,0.340000,1.832000,6,0.124000,0.185000
411,0.256000,1.854000,7,0.168000,0.240000
412,0.018000,0.002000,1,0.012000,0.025000
413,0.304000,2.160000,7,0.164000,0.255000
414,0.042000,0.890000,1,0.020000,0.030000
415,0.462000,2.220000,3,0.080000,0.140000
416,0.066000,1.264000,2,0.048000,0.070000
417,0.226000,1.806000,6,0.114000,0.170000
418,0.412000,1.122000,3,0.094000,0.155000
419,0.176000,1.812000,4,0.076000,0.105000
420,0.510000,0.934000,5,0.132000,0.195000
421,0.166000,2.768000,7,0.118000,0.155000
422,0.292000,0.924000,3,0.082000,0.135000
423,0.076000,0.208000,3,0.042000,0.070000
424,0.122000,1.634000,5,0.076000,0.120000
425,0.170000,2.370000,5,0.112000,0.165000
426,0.300000,1.912000,3,0.078000,0.130000
427,0.112000,1.720000,4,0.070000,0.095000
428,0.422000,1.494000,3,0.102000,0.185000
429,0.074000,2.410000,3,0.048000,0.060000
430,0.180000,1.940000,5,0.090000,0.115000
431,0.196000,2.322000,6,0.128000,0.175000
432,0.402000,2.682000,4,0.108000,0.185000
433,0.162000,0.852000,4,0.080000,0.115000
434,0.092000,2.290000,4,0.064000,0.100000
435,0.396000,2.494000,7,0.174000,0.265000
436,0.064000,1.138000,3,0.060000,0.075000
437,0.050000,0.642000,1,0.028000,0.045000
438,0.020000,0.940000,1,0.016000,0.020000
439,0.054000,1.230000,2,0.034000,0.045000
440,0.012000,0.950000,1,0.014000,0.015000
441,0.284000,0.906000,2,0.072000,0.125000
442,0.042000,1.450000,2,0.032000,0.040000
443,0.220000,1.520000,2,0.056000,0.100000
444,0.078000,1.554000,3,0.056000,0.070000
445,0.164000,1.982000,4,0.076000,0.125000
446,0.032000,0.842000,1,0.022000,0.030000
447,0.072000,1.472000,3,0.054000,0.070000
448,0.386000,1.690000,3,0.074000,0.125000
449,0.220000,3.044000,6,0.118000,0.165000
450,0.128000,0.812000,3,0.054000,0.090000
451,0.344000,1.560000,4,0.110000,0.175000
452,0.574000,0.312000,1,0.146000,0.295000
453,0.074000,2.632000,3,0.056000,0.075000
454,0.132000,2.000000,3,0.060000,0.080000
455,0.142000,1.502000,2,0.050000,0.080000
456,0.478000,3.044000,8,0.280000,0.350000
457,0.140000,0.534000,1,0.040000,0.070000
458,0.084000,0.640000,3,0.052000,0.070000
459,0.086000,1.462000,4,0.064000,0.055000
460,0.228000,2.504000,5,0.116000,0.145000
461,0.522000,1.428000,3,0.122000,0.225000
462,0.090000,0.230000,1,0.026000,0.045000
463,0.254000,2.406000,5,0.122000,0.180000
464,0.032000,1.170000,2,0.030000,0.035000
465,0.174000,0.956000,2,0.070000,0.155000
466,0.158000,1.324000,3,0.074000,0.115000
467,0.248000,1.984000,4,0.094000,0.145000
468,0.012000,0.802000,1,0.018000,0.020000
469,0.150000,0.834000,4,0.084000,0.110000
470,0.134000,0.614000,2,0.048000,0.080000
471,0.114000,1.682000,5,0.064000,0.090000
472,0.314000,1.414000,3,0.100000,0.180000
473,0.762000,0.630000,3,0.106000,0.205000
474,0.078000,1.208000,3,0.072000,0.110000
475,0.326000,2.200000,3,0.074000,0.125000
476,0.278000,1.434000,4,0.126000,0.210000
477,0.308000,2.058000,6,0.152000,0.240000
478,0.320000,1.918000,5,0.118000,0.190000
479,0.190000,2.834000,5,0.102000,0.135000
480,0.224000,3.156000,4,0.098000,0.150000
481,0.186000,0.868000,2,0.062000,0.100000
482,0.266000,1.142000,2,0.068000,0.125000
483,0.360000,2.558000,7,0.146000,0.225000
484,0.020000,0.840000,1,0.016000,0.020000
485,0.246000,2.182000,4,0.088000,0.135000
486,0.094000,1.612000,3,0.060000,0.085000
487,0.062000,0.962000,2,0.028000,0.045000
488,0.158000,1.582000,4,0.084000,0.125000
489,0.386000,1.940000,6,0.128000,0.200000
490,0.098000,1.660000,2,0.042000,0.065000
491,0.346000,0.734000,3,0.098000,0.225000
492,0.254000,2.386000,6,0.124000,0.165000
493,0.148000,1.694000,4,0.072000,0.130000
494,0.150000,1.112000,3,0.068000,0.105000
495,0.244000,1.398000,4,0.102000,0.195000
496,0.408000,0.696000,3,0.096000,0.180000
497,0.014000,0.682000,1,0.018000,0.020000
498,0.348000,1.586000,4,0.104000,0.205000
499,0.124000,1.592000,4,0.076000,0.095000
500,0.174000,1.332000,4,0.082000,0.120000
501,0.176000,1.648000,5,0.106000,0.145000
502,0.092000,1.264000,2,0.048000,0.070000
503,0.104000,2.690000,4,0.066000,0.085000
504,0.624000,1.092000,4,0.122000,0.220000
505,0.188000,2.650000,7,0.104000,0.140000
506,0.402000,1.040000,5,0.108000,0.160000
507,0.130000,2.292000,5,0.082000,0.110000
508,0.226000,0.790000,3,0.068000,0.120000
509,0.092000,1.762000,4,0.064000,0.085000
510,0.398000,1.050000,2,0.066000,0.125000
511,0.244000,1.558000,3,0.094000,0.175000
512,0.206000,2.218000,6,0.124000,0.160000
513,0.066000,1.424000,3,0.058000,0.075000
514,0.270000,2.158000,5,0.128000,0.200000
515,0.130000,2.072000,3,0.064000,0.095000
516,0.056000,0.460000,1,0.022000,0.035000
517,0.162000,0.880000,4,0.078000,0.115000
518,0.112000,1.012000,2,0.046000,0.070000
519,0.172000,1.206000,4,0.090000,0.115000
520,0.024000,0.890000,2,0.040000,0.040000
521,0.590000,2.756000,10,0.236000,0.300000
522,0.210000,2.304000,6,0.106000,0.140000
523,0.482000,1.384000,2,0.074000,0.130000
524,0.348000,1.564000,3,0.098000,0.140000
525,0.092000,0.830000,3,0.052000,0.070000
526,0.240000,1.472000,2,0.080000,0.180000
527,0.104000,0.656000,3,0.058000,0.090000
528,0.354000,1.046000,5,0.106000,0.190000
529,0.362000,1.660000,5,0.124000,0.200000
530,0.244000,1.028000,4,0.110000,0.175000
531,0.242000,2.524000,5,0.136000,0.205000
532,0.290000,3.652000,8,0.148000,0.180000
533,0.408000,2.386000,5,0.154000,0.250000
534,0.282000,0.680000,2,0.058000,0.105000
535,0.240000,0.696000,1,0.064000,0.125000
536,0.172000,1.484000,4,0.074000,0.105000
537,0.228000,2.794000,5,0.110000,0.155000
538,0.804000,0.928000,6,0.230000,0.420000
539,0.404000,0.956000,7,0.154000,0.270000
540,0.360000,0.704000,4,0.104000,0.190000
541,0.262000,2.674000,6,0.124000,0.150000
542,0.294000,1.518000,7,0.136000,0.195000
543,0.088000,1.652000,2,0.044000,0.065000
544,0.086000,1.132000,3,0.048000,0.075000
545,0.370000,2.070000,5,0.142000,0.225000
546,1.176000,0.872000,5,0.240000,0.420000
547,0.096000,0.952000,3,0.046000,0.070000
548,0.232000,1.526000,3,0.074000,0.110000
549,0.166000,1.462000,5,0.090000,0.160000
550,0.082000,0.972000,2,0.046000,0.070000
551,0.228000,1.652000,2,0.056000,0.095000
552,0.164000,2.388000,6,0.108000,0.150000
553,0.454000,2.918000,7,0.174000,0.295000
554,0.150000,1.450000,4,0.094000,0.125000
555,0.042000,0.720000,1,0.020000,0.030000
556,0.168000,1.454000,3,0.076000,0.085000
557,0.128000,1.614000,4,0.080000,0.110000
558,0.230000,1.646000,4,0.098000,0.170000
559,0.238000,2.048000,5,0.118000,0.210000
560,0.308000,1.656000,3,0.100000,0.175000
561,0.174000,1.940000,5,0.110000,0.155000
562,0.128000,0.420000,4,0.060000,0.115000
563,0.038000,2.230000,5,0.060000,0.070000
564,0.208000,0.684000,3,0.076000,0.120000
565,0.616000,2.304000,4,0.126000,0.225000
566,0.106000,1.706000,3,0.076000,0.125000
567,0.126000,2.200000,3,0.058000,0.085000
568,0.106000,0.732000,3,0.058000,0.090000
569,0.406000,2.406000,6,0.156000,0.255000
570,0.204000,1.034000,5,0.122000,0.195000
571,0.036000,1.760000,2,0.044000,0.050000
572,0.194000,1.894000,4,0.112000,0.155000
573,0.364000,2.064000,5,0.124000,0.170000
574,0.188000,1.706000,4,0.084000,0.120000
575,0.586000,0.852000,6,0.166000,0.390000
576,0.596000,1.238000,4,0.120000,0.200000
577,0.808000,1.494000,5,0.162000,0.315000
578,0.450000,1.260000,4,0.128000,0.220000
579,0.174000,1.374000,2,0.066000,0.105000
580,0.146000,0.776000,3,0.068000,0.115000
581,0.098000,1.562000,3,0.050000,0.080000
582,0.836000,1.392000,5,0.130000,0.240000
583,0.054000,1.664000,3,0.054000,0.065000
584,0.392000,2.670000,8,0.176000,0.295000
585,0.190000,2.180000,5,0.104000,0.155000
586,0.754000,2.134000,6,0.182000,0.320000
587,0.232000,2.212000,4,0.106000,0.160000
588,0.252000,2.976000,7,0.136000,0.185000
589,0.180000,0.484000,2,0.062000,0.175000
590,0.442000,2.004000,5,0.140000,0.220000
591,0.548000,1.246000,3,0.120000,0.225000
592,0.172000,0.912000,2,0.048000,0.095000
593,0.132000,1.584000,4,0.080000,0.110000
594,0.140000,1.566000,3,0.074000,0.105000
595,0.058000,1.674000,2,0.046000,0.065000
596,0.042000,1.850000,2,0.032000,0.040000
597,0.136000,0.790000,2,0.062000,0.095000
598,0.452000,2.214000,8,0.204000,0.340000
599,0.456000,2.192000,4,0.092000,0.165000
600,0.132000,1.594000,3,0.062000,0.085000
601,0.148000,1.566000,2,0.058000,0.095000
602,0.180000,2.164000,5,0.104000,0.150000
603,0.598000,0.944000,2,0.082000,0.155000
604,0.240000,1.520000,4,0.110000,0.170000
605,0.246000,1.956000,5,0.112000,0.165000
606,0.090000,1.720000,3,0.070000,0.095000
607,0.066000,1.762000,3,0.048000,0.055000
608,0.112000,0.734000,3,0.066000,0.095000
609,0.192000,2.304000,4,0.092000,0.140000
610,0.142000,2.554000,4,0.082000,0.115000
611,0.488000,2.368000,9,0.206000,0.310000
612,0.112000,0.644000,2,0.058000,0.095000
613,0.230000,2.726000,6,0.124000,0.175000
614,0.452000,1.228000,4,0.096000,0.195000
615,0.406000,0.766000,2,0.094000,0.215000
616,0.214000,2.222000,4,0.086000,0.130000
617,0.284000,1.032000,3,0.076000,0.145000
618,0.252000,0.910000,8,0.160000,0.250000
619,0.052000,0.832000,2,0.038000,0.050000
620,0.068000,0.996000,3,0.060000,0.100000
621,0.076000,0.812000,1,0.032000,0.055000
622,0.464000,1.654000,3,0.110000,0.160000
623,0.130000,1.150000,3,0.058000,0.105000
624,0.168000,2.052000,5,0.090000,0.125000
625,0.146000,1.562000,2,0.048000,0.075000
626,0.020000,0.940000,1,0.016000,0.020000
627,0.302000,1.520000,2,0.058000,0.080000
628,0.094000,1.140000,3,0.070000,0.095000
629,0.254000,2.292000,3,0.082000,0.140000
630,0.136000,1.394000,4,0.074000,0.120000
631,0.200000,0.494000,2,0.062000,0.105000
632,0.476000,1.494000,4,0.130000,0.205000
633,0.058000,1.402000,3,0.050000,0.060000
634,0.400000,2.388000,7,0.152000,0.225000
635,0.034000,0.878000,1,0.030000,0.040000
636,0.272000,1.468000,2,0.104000,0.180000
637,0.242000,2.848000,5,0.114000,0.150000
638,0.078000,0.790000,3,0.050000,0.070000
639,0.000000,0.000000,0,0.000000,0.000000
640,0.020000,0.520000,1,0.016000,0.020000
641,0.302000,1.284000,3,0.090000,0.155000
642,0.000000,0.000000,0,0.000000,0.000000
643,0.054000,0.350000,2,0.034000,0.045000
644,0.100000,0.922000,3,0.056000,0.075000
645,0.422000,2.522000,4,0.098000,0.160000
646,0.224000,1.092000,3,0.072000,0.100000
647,0.654000,2.096000,4,0.142000,0.225000
648,1.036000,1.796000,6,0.182000,0.340000
649,0.148000,2.730000,4,0.084000,0.110000
650,0.274000,1.322000,3,0.076000,0.125000
651,0.092000,0.182000,2,0.038000,0.070000
652,0.122000,1.592000,2,0.050000,0.080000
653,0.106000,2.892000,4,0.072000,0.090000
654,0.102000,1.386000,4,0.080000,0.105000
655,0.126000,1.670000,3,0.058000,0.085000
656,0.130000,0.760000,2,0.044000,0.070000
657,0.504000,2.192000,9,0.240000,0.290000
658,0.254000,1.850000,5,0.120000,0.170000
659,0.362000,0.808000,4,0.120000,0.245000
660,0.048000,2.504000,3,0.052000,0.060000
661,0.056000,0.910000,1,0.022000,0.035000
662,0.296000,2.416000,6,0.158000,0.220000
663,0.234000,1.662000,5,0.108000,0.165000
664,0.156000,1.056000,3,0.080000,0.125000
665,0.220000,1.152000,5,0.112000,0.160000
666,0.222000,2.044000,7,0.124000,0.180000
667,0.040000,1.362000,3,0.044000,0.045000
668,0.442000,1.602000,5,0.136000,0.220000
669,0.376000,0.652000,2,0.080000,0.145000
670,0.252000,1.894000,8,0.140000,0.195000
671,0.268000,2.318000,7,0.132000,0.185000
672,0.416000,1.392000,6,0.172000,0.300000
673,0.100000,1.472000,3,0.064000,0.095000
674,0.180000,1.298000,3,0.086000,0.135000
675,0.164000,1.492000,3,0.064000,0.095000
676,0.222000,2.024000,4,0.090000,0.135000
677,0.132000,0.290000,2,0.038000,0.075000
678,0.080000,1.172000,2,0.046000,0.070000
679,0.234000,1.046000,3,0.088000,0.145000
680,0.148000,1.922000,5,0.090000,0.120000
681,0.110000,0.830000,1,0.028000,0.050000
682,0.588000,2.342000,8,0.186000,0.380000
683,0.092000,2.128000,5,0.088000,0.110000
684,0.068000,1.552000,3,0.054000,0.070000
685,0.188000,0.600000,2,0.044000,0.090000
686,0.368000,1.290000,4,0.124000,0.210000
687,0.146000,1.318000,6,0.108000,0.150000
688,0.066000,1.192000,2,0.042000,0.060000
689,0.258000,1.962000,4,0.098000,0.175000
690,0.068000,1.092000,3,0.054000,0.070000
691,0.222000,1.126000,3,0.078000,0.125000
692,0.502000,1.756000,5,0.174000,0.230000
693,0.270000,1.854000,4,0.112000,0.170000
694,0.130000,2.318000,4,0.082000,0.110000
695,0.172000,1.484000,2,0.064000,0.110000
696,0.136000,1.644000,4,0.084000,0.120000
697,0.042000,1.544000,3,0.048000,0.050000
698,0.162000,1.754000,7,0.124000,0.160000
699,0.022000,0.896000,1,0.022000,0.025000
700,0.308000,3.410000,7,0.150000,0.215000
701,0.082000,1.076000,2,0.046000,0.065000
702,0.110000,1.392000,3,0.062000,0.090000
703,0.228000,1.540000,3,0.068000,0.110000
704,0.330000,1.338000,3,0.104000,0.180000
705,0.056000,0.480000,1,0.022000,0.035000
706,0.088000,0.734000,1,0.040000,0.070000
707,0.114000,0.016000,1,0.040000,0.075000
708,0.360000,2.370000,7,0.166000,0.230000
709,0.228000,1.504000,4,0.084000,0.130000
710,0.188000,2.312000,5,0.100000,0.145000
711,0.828000,1.538000,8,0.244000,0.400000
712,0.062000,1.070000,2,0.036000,0.050000
713,0.280000,2.020000,5,0.136000,0.190000
714,0.186000,2.248000,3,0.104000,0.160000
715,0.168000,1.524000,3,0.076000,0.125000
716,0.150000,1.514000,3,0.074000,0.115000
717,0.312000,0.540000,2,0.062000,0.150000
718,0.062000,2.218000,4,0.066000,0.070000
719,0.318000,1.690000,6,0.120000,0.200000
720,0.114000,0.400000,2,0.036000,0.070000
721,1.086000,2.348000,4,0.150000,0.250000
722,0.446000,1.902000,4,0.162000,0.230000
723,0.084000,0.800000,2,0.038000,0.055000
724,0.174000,1.404000,5,0.088000,0.130000
725,0.130000,1.222000,2,0.050000,0.080000
726,0.190000,0.614000,2,0.070000,0.125000
727,0.044000,1.790000,2,0.030000,0.035000
728,0.044000,1.392000,3,0.040000,0.055000
729,0.116000,1.362000,5,0.074000,0.115000
730,0.344000,1.570000,5,0.118000,0.215000
731,0.124000,0.902000,4,0.066000,0.100000
732,0.288000,2.708000,7,0.150000,0.215000
733,0.144000,1.302000,4,0.078000,0.115000
734,0.156000,1.834000,3,0.070000,0.105000
735,0.446000,2.050000,4,0.134000,0.235000
736,0.308000,2.312000,7,0.160000,0.235000
737,0.060000,2.286000,3,0.064000,0.075000
738,0.332000,1.900000,7,0.158000,0.230000
739,0.372000,2.232000,6,0.150000,0.215000
740,0.056000,1.042000,2,0.038000,0.050000
741,0.074000,1.272000,2,0.042000,0.060000
742,0.122000,1.146000,4,0.082000,0.110000
743,0.248000,1.762000,5,0.128000,0.185000
744,0.406000,1.574000,2,0.076000,0.130000
745,0.112000,3.510000,5,0.080000,0.120000
746,0.072000,0.790000,1,0.024000,0.040000
747,0.266000,2.096000,3,0.092000,0.155000
748,0.238000,0.978000,6,0.106000,0.150000
749,0.018000,0.316000,1,0.022000,0.025000
750,0.214000,1.252000,4,0.088000,0.135000
751,0.240000,1.540000,4,0.084000,0.130000
752,0.124000,0.394000,3,0.056000,0.090000
753,0.372000,2.122000,4,0.108000,0.185000
754,0.200000,2.226000,9,0.144000,0.190000
755,0.556000,0.672000,6,0.194000,0.330000
756,0.116000,1.514000,3,0.068000,0.100000
757,0.092000,0.360000,2,0.032000,0.060000
758,0.248000,1.852000,6,0.132000,0.200000
759,0.588000,2.274000,4,0.118000,0.225000
760,0.126000,1.704000,3,0.066000,0.095000
761,0.638000,1.920000,6,0.188000,0.300000
762,0.158000,1.330000,3,0.062000,0.095000
763,0.000000,0.000000,0,0.000000,0.000000
764,0.102000,1.956000,4,0.080000,0.105000
765,0.136000,0.932000,2,0.050000,0.080000
766,0.038000,0.112000,2,0.034000,0.045000
767,0.268000,2.234000,6,0.114000,0.155000
768,0.160000,1.754000,5,0.100000,0.140000
769,0.062000,2.290000,3,0.048000,0.060000
770,0.146000,2.774000,5,0.096000,0.120000
771,0.238000,0.930000,4,0.078000,0.135000
772,0.296000,2.044000,6,0.124000,0.180000
773,0.136000,1.942000,4,0.068000,0.105000
774,0.556000,2.980000,8,0.214000,0.330000
775,0.452000,0.680000,5,0.096000,0.235000
776,0.108000,2.052000,4,0.062000,0.090000
777,0.462000,1.732000,5,0.144000,0.235000
778,0.086000,0.952000,2,0.044000,0.065000
779,0.332000,2.664000,5,0.130000,0.220000
780,0.082000,1.920000,3,0.066000,0.085000
781,0.754000,1.800000,7,0.240000,0.300000
782,0.096000,1.208000,4,0.076000,0.105000
783,0.292000,1.258000,5,0.102000,0.180000
784,0.090000,1.426000,3,0.056000,0.085000
785,0.058000,1.736000,3,0.052000,0.060000
786,0.218000,2.028000,6,0.130000,0.230000
787,0.230000,2.066000,3,0.082000,0.135000
788,0.234000,1.488000,4,0.088000,0.145000
789,0.110000,0.060000,1,0.028000,0.050000
790,0.664000,1.222000,6,0.154000,0.265000
791,0.296000,2.374000,6,0.112000,0.170000
792,0.212000,1.382000,3,0.070000,0.130000
793,0.536000,2.866000,9,0.248000,0.380000
794,0.150000,2.502000,6,0.116000,0.140000
795,0.260000,2.220000,6,0.134000,0.200000
796,0.154000,0.224000,1,0.052000,0.100000
797,0.160000,1.304000,4,0.086000,0.125000
798,0.360000,1.098000,5,0.136000,0.245000
799,0.116000,1.024000,4,0.080000,0.110000
800,0.370000,2.674000,7,0.156000,0.275000
801,0.162000,2.412000,3,0.070000,0.110000
802,0.144000,0.462000,2,0.054000,0.090000
803,0.078000,0.282000,2,0.036000,0.065000
804,0.270000,1.558000,4,0.116000,0.190000
805,0.152000,1.154000,3,0.086000,0.125000
806,0.042000,0.740000,2,0.032000,0.055000
807,0.334000,1.268000,3,0.082000,0.130000
808,0.054000,1.864000,3,0.050000,0.055000
809,0.130000,1.450000,2,0.044000,0.070000
810,0.192000,2.314000,4,0.094000,0.130000
811,0.276000,0.882000,2,0.064000,0.170000
812,0.086000,1.590000,2,0.040000,0.060000
813,0.056000,2.454000,3,0.058000,0.065000
814,0.092000,2.218000,4,0.076000,0.110000
815,0.070000,1.800000,3,0.038000,0.055000
816,0.476000,0.598000,2,0.090000,0.200000
817,0.068000,1.720000,2,0.036000,0.050000
818,0.118000,1.712000,2,0.052000,0.085000
819,0.030000,0.780000,1,0.018000,0.025000
820,0.136000,1.662000,4,0.076000,0.105000
821,0.092000,1.432000,2,0.048000,0.075000
822,0.414000,1.494000,5,0.158000,0.265000
823,0.200000,1.782000,3,0.078000,0.130000
824,0.104000,1.606000,4,0.076000,0.095000
825,0.112000,1.652000,4,0.066000,0.090000
826,0.000000,0.000000,0,0.000000,0.000000
827,0.264000,1.634000,2,0.074000,0.135000
828,0.062000,2.230000,3,0.048000,0.060000
829,0.050000,1.610000,2,0.034000,0.045000
830,0.000000,0.000000,0,0.000000,0.000000
831,0.360000,2.510000,6,0.150000,0.210000
832,0.594000,1.398000,3,0.126000,0.240000
833,0.218000,1.366000,3,0.076000,0.120000
834,0.018000,1.772000,2,0.030000,0.030000
835,0.102000,1.852000,3,0.054000,0.090000
836,0.218000,2.812000,4,0.090000,0.140000
837,0.256000,0.802000,5,0.104000,0.155000
838,0.146000,1.668000,5,0.088000,0.125000
839,0.106000,2.112000,4,0.072000,0.095000
840,0.134000,2.202000,4,0.078000,0.110000
841,0.068000,1.874000,4,0.066000,0.075000
842,0.036000,1.734000,3,0.048000,0.050000
843,0.076000,1.502000,4,0.066000,0.080000
844,0.118000,1.898000,6,0.110000,0.140000
845,0.094000,1.644000,4,0.074000,0.095000
846,0.290000,1.890000,3,0.100000,0.140000
847,0.042000,1.580000,3,0.042000,0.045000
848,0.122000,1.568000,5,0.098000,0.170000
849,0.086000,1.660000,4,0.062000,0.075000
850,0.066000,0.954000,2,0.044000,0.060000
851,1.580000,1.700000,4,0.144000,0.300000
852,0.042000,0.892000,1,0.026000,0.040000
853,0.200000,2.764000,6,0.112000,0.125000
854,0.302000,1.600000,3,0.076000,0.130000
855,0.050000,1.874000,3,0.054000,0.065000
856,0.056000,1.612000,3,0.050000,0.090000
857,0.022000,0.910000,2,0.026000,0.025000
858,0.106000,1.404000,3,0.064000,0.090000
859,0.086000,2.914000,5,0.084000,0.100000
860,0.118000,0.892000,2,0.050000,0.080000
861,0.038000,0.736000,2,0.036000,0.040000
862,0.048000,0.532000,1,0.026000,0.040000
863,0.400000,2.930000,7,0.160000,0.215000
864,0.182000,0.730000,1,0.034000,0.065000
865,0.020000,0.470000,1,0.016000,0.020000
866,0.446000,2.080000,9,0.204000,0.305000
867,0.090000,0.972000,3,0.058000,0.080000
868,0.164000,1.374000,3,0.072000,0.110000
869,0.126000,1.312000,2,0.052000,0.085000
870,0.248000,1.572000,4,0.094000,0.155000
871,0.260000,1.754000,6,0.130000,0.225000
872,0.202000,2.878000,5,0.142000,0.170000
873,0.176000,1.964000,3,0.076000,0.150000
874,0.230000,1.376000,3,0.078000,0.125000
875,0.030000,1.272000,3,0.042000,0.040000
876,0.124000,0.692000,3,0.060000,0.085000
877,0.226000,0.642000,2,0.058000,0.100000
878,0.268000,2.096000,7,0.154000,0.230000
879,0.044000,0.762000,2,0.036000,0.045000
880,0.222000,2.488000,4,0.098000,0.125000
881,0.394000,2.566000,5,0.140000,0.215000
882,0.092000,2.850000,5,0.068000,0.090000
883,0.136000,1.714000,4,0.082000,0.115000
884,0.000000,0.000000,0,0.000000,0.000000
885,0.076000,2.144000,3,0.058000,0.075000
886,0.000000,0.000000,0,0.000000,0.000000
887,0.182000,1.300000,2,0.052000,0.090000
888,0.222000,0.560000,2,0.056000,0.100000
889,0.454000,2.092000,4,0.112000,0.195000
890,0.128000,1.736000,3,0.062000,0.085000
891,0.324000,2.522000,5,0.156000,0.245000
892,0.198000,1.834000,4,0.084000,0.120000
893,0.540000,2.614000,4,0.148000,0.200000
894,0.068000,1.682000,2,0.042000,0.135000
895,0.118000,2.092000,3,0.058000,0.080000
896,0.208000,1.414000,5,0.112000,0.185000
897,0.234000,2.512000,5,0.110000,0.145000
898,0.264000,0.964000,2,0.074000,0.135000
899,0.074000,1.556000,2,0.052000,0.075000
900,0.192000,2.836000,6,0.112000,0.145000
901,0.254000,1.752000,6,0.120000,0.175000
902,0.030000,0.790000,1,0.018000,0.025000
903,0.242000,3.000000,5,0.094000,0.125000
904,0.072000,2.612000,4,0.062000,0.070000
905,0.114000,1.568000,3,0.074000,0.105000
906,0.172000,1.584000,4,0.084000,0.120000
907,0.300000,1.848000,5,0.116000,0.200000
908,0.080000,1.682000,3,0.056000,0.075000
909,0.188000,2.020000,3,0.064000,0.100000
910,0.076000,1.496000,3,0.064000,0.085000
911,0.244000,2.450000,5,0.100000,0.150000
912,0.128000,2.124000,3,0.072000,0.110000
913,0.212000,1.440000,5,0.098000,0.145000
914,0.076000,2.246000,3,0.056000,0.070000
915,0.050000,0.952000,2,0.032000,0.045000
916,0.264000,2.658000,6,0.140000,0.195000
917,0.504000,1.422000,3,0.102000,0.175000
918,0.178000,1.890000,4,0.080000,0.120000
919,0.312000,0.622000,5,0.120000,0.215000
920,0.686000,1.226000,5,0.140000,0.255000
921,0.270000,1.734000,4,0.100000,0.160000
922,0.062000,2.224000,3,0.056000,0.075000
923,0.196000,2.460000,5,0.096000,0.140000
924,0.056000,0.912000,3,0.042000,0.060000
925,0.126000,1.432000,2,0.050000,0.080000
926,0.116000,2.510000,4,0.070000,0.055000
927,0.030000,0.890000,1,0.018000,0.025000
928,0.548000,1.916000,6,0.172000,0.220000
929,0.282000,2.380000,5,0.124000,0.190000
930,0.258000,1.688000,6,0.128000,0.205000
931,0.228000,1.874000,5,0.102000,0.140000
932,0.164000,1.112000,4,0.080000,0.130000
933,0.240000,2.304000,6,0.120000,0.160000
934,0.084000,1.652000,3,0.054000,0.070000
935,0.232000,3.244000,6,0.122000,0.155000
936,0.092000,1.340000,2,0.040000,0.060000
937,0.050000,1.050000,3,0.034000,0.045000
938,0.110000,2.400000,4,0.082000,0.105000
939,0.150000,1.516000,4,0.082000,0.130000
940,0.174000,2.094000,5,0.102000,0.135000
941,0.136000,1.672000,4,0.070000,0.120000
942,0.006000,0.960000,1,0.012000,0.010000
943,0.080000,1.220000,3,0.052000,0.120000
944,0.032000,0.944000,2,0.028000,0.040000
945,0.392000,1.864000,5,0.108000,0.180000
946,0.134000,0.942000,5,0.088000,0.120000
947,0.138000,1.674000,4,0.080000,0.110000
948,0.080000,0.936000,5,0.086000,0.100000
949,0.034000,0.872000,2,0.034000,0.055000
950,0.154000,1.582000,5,0.094000,0.130000
951,0.058000,1.550000,2,0.032000,0.040000
952,0.250000,1.582000,4,0.094000,0.115000
953,0.026000,0.062000,1,0.022000,0.050000
954,0.104000,1.652000,4,0.078000,0.110000
955,0.796000,2.992000,6,0.156000,0.215000
956,0.052000,1.394000,3,0.062000,0.070000
957,0.056000,0.732000,3,0.040000,0.055000
958,0.512000,1.020000,6,0.156000,0.300000
959,0.466000,2.996000,7,0.162000,0.260000
960,0.624000,2.822000,10,0.236000,0.405000
961,0.398000,2.098000,4,0.098000,0.150000
962,0.068000,1.520000,2,0.036000,0.070000
963,0.062000,2.294000,4,0.066000,0.075000
964,0.376000,1.330000,5,0.128000,0.260000
965,0.080000,2.052000,4,0.060000,0.085000
966,0.254000,1.582000,5,0.088000,0.135000
967,0.014000,1.440000,2,0.024000,0.020000
968,0.176000,1.854000,4,0.088000,0.150000
969,0.002000,0.970000,1,0.010000,0.005000
970,0.088000,2.924000,5,0.084000,0.080000
971,0.266000,1.404000,3,0.084000,0.140000
972,0.438000,2.414000,6,0.142000,0.255000
973,0.266000,1.032000,2,0.060000,0.105000
974,0.090000,0.880000,1,0.026000,0.045000
975,0.022000,1.830000,2,0.026000,0.025000
976,0.126000,1.780000,4,0.072000,0.085000
977,0.232000,1.218000,4,0.096000,0.185000
978,0.126000,1.318000,4,0.078000,0.115000
979,0.046000,2.138000,3,0.054000,0.060000
980,0.024000,1.582000,2,0.032000,0.035000
981,0.146000,2.078000,7,0.138000,0.150000
982,0.142000,1.780000,3,0.062000,0.095000
983,0.000000,0.000000,0,0.000000,0.000000
984,0.136000,1.026000,4,0.106000,0.150000
985,0.266000,2.350000,5,0.100000,0.150000
986,0.022000,1.784000,3,0.036000,0.040000
987,0.098000,3.154000,5,0.084000,0.100000
988,0.162000,0.160000,2,0.036000,0.070000
989,0.376000,1.946000,6,0.148000,0.200000
990,0.182000,2.258000,4,0.098000,0.145000
991,0.556000,1.454000,5,0.136000,0.245000
992,0.356000,2.132000,4,0.100000,0.165000
993,0.068000,1.596000,2,0.042000,0.055000
994,0.092000,0.792000,3,0.054000,0.100000
995,0.156000,1.476000,3,0.070000,0.105000
996,0.150000,2.084000,4,0.086000,0.125000
997,0.098000,1.340000,3,0.052000,0.070000
998,0.244000,1.820000,3,0.074000,0.125000
999,0.172000,1.728000,4,0.082000,0.130000
1000,0.116000,1.954000,4,0.088000,0.110000
1001,0.244000,2.464000,5,0.118000,0.185000
1002,0.008000,0.692000,1,0.016000,0.015000
1003,0.182000,1.260000,4,0.080000,0.120000
1004,0.320000,1.486000,3,0.092000,0.140000
1005,0.278000,2.454000,7,0.126000,0.165000
1006,0.236000,2.376000,4,0.130000,0.175000
1007,0.288000,2.474000,6,0.134000,0.205000
1008,0.054000,0.670000,2,0.026000,0.045000
1009,0.092000,2.150000,5,0.070000,0.095000
1010,0.144000,1.534000,3,0.062000,0.105000
1011,0.170000,1.178000,3,0.106000,0.165000
1012,0.096000,0.604000,3,0.060000,0.085000
1013,0.508000,1.534000,6,0.192000,0.265000
1014,0.048000,0.712000,3,0.040000,0.055000
1015,0.294000,2.002000,4,0.100000,0.165000
1016,0.080000,2.172000,4,0.066000,0.080000
1017,0.574000,1.558000,6,0.180000,0.260000
1018,0.128000,2.246000,4,0.084000,0.115000
1019,0.708000,2.830000,6,0.136000,0.225000
1020,0.072000,0.800000,1,0.024000,0.040000
1021,0.324000,1.762000,4,0.092000,0.155000
1022,0.456000,2.748000,7,0.170000,0.265000
1023,0.400000,0.860000,2,0.054000,0.155000
1024,0.140000,2.180000,4,0.074000,0.090000
1025,0.342000,2.720000,6,0.136000,0.215000
1026,0.170000,1.844000,5,0.080000,0.110000
1027,0.182000,1.862000,6,0.102000,0.145000
1028,0.148000,2.342000,4,0.080000,0.115000
1029,0.460000,2.392000,4,0.108000,0.180000
1030,0.154000,1.782000,4,0.088000,0.120000
1031,0.198000,1.852000,4,0.090000,0.140000
1032,0.130000,2.684000,6,0.104000,0.120000
1033,0.160000,1.732000,5,0.094000,0.140000
1034,0.172000,2.582000,4,0.084000,0.105000
1035,0.400000,0.662000,4,0.136000,0.200000
1036,0.216000,1.430000,7,0.134000,0.185000
1037,0.246000,1.824000,4,0.092000,0.240000
1038,0.632000,1.702000,4,0.164000,0.290000
1039,0.210000,1.486000,4,0.094000,0.140000
1040,0.290000,0.924000,2,0.082000,0.155000
1041,0.384000,1.962000,5,0.136000,0.210000
1042,0.242000,0.692000,3,0.098000,0.160000
1043,0.186000,1.704000,4,0.090000,0.135000
1044,0.074000,0.752000,1,0.028000,0.045000
1045,0.082000,1.554000,3,0.050000,0.075000
1046,0.036000,1.662000,3,0.044000,0.050000
1047,0.286000,0.760000,4,0.124000,0.245000
1048,0.188000,2.060000,7,0.122000,0.165000
1049,0.060000,1.650000,2,0.036000,0.050000
1050,0.844000,1.582000,11,0.260000,0.345000
1051,0.146000,0.910000,2,0.040000,0.080000
1052,0.176000,1.340000,4,0.078000,0.125000
1053,0.012000,0.940000,1,0.014000,0.015000
1054,0.170000,1.728000,6,0.124000,0.155000
1055,1.156000,1.382000,5,0.144000,0.255000
1056,0.108000,1.340000,4,0.068000,0.085000
1057,0.286000,1.322000,5,0.132000,0.175000
1058,0.290000,2.600000,7,0.126000,0.195000
1059,0.158000,1.560000,5,0.108000,0.140000
1060,0.100000,2.252000,3,0.060000,0.085000
1061,0.064000,0.892000,2,0.030000,0.050000
1062,0.104000,1.304000,5,0.080000,0.120000
1063,0.042000,0.750000,1,0.020000,0.030000
1064,0.162000,1.534000,5,0.116000,0.185000
1065,0.614000,1.824000,5,0.160000,0.290000
1066,0.000000,0.000000,0,0.000000,0.000000
1067,0.264000,2.034000,6,0.152000,0.190000
1068,0.120000,1.896000,4,0.088000,0.115000
1069,0.278000,1.448000,3,0.102000,0.175000
1070,0.128000,1.718000,4,0.082000,0.095000
1071,0.122000,0.882000,2,0.036000,0.065000
1072,0.284000,1.072000,3,0.076000,0.120000
1073,0.270000,2.434000,6,0.102000,0.155000
1074,0.312000,1.214000,5,0.128000,0.220000
1075,0.270000,2.548000,5,0.106000,0.165000
1076,0.200000,1.138000,3,0.092000,0.165000
1077,0.200000,1.588000,3,0.078000,0.115000
1078,0.150000,0.616000,4,0.088000,0.125000
1079,0.278000,1.422000,5,0.100000,0.155000
1080,0.262000,2.378000,5,0.120000,0.180000
1081,0.538000,2.012000,4,0.106000,0.190000
1082,0.676000,1.840000,3,0.094000,0.175000
1083,0.194000,1.494000,4,0.084000,0.140000
1084,0.356000,1.670000,4,0.102000,0.175000
1085,0.304000,1.748000,5,0.136000,0.220000
1086,0.296000,1.542000,5,0.106000,0.160000
1087,0.096000,0.570000,2,0.030000,0.055000
1088,0.176000,1.440000,3,0.066000,0.105000
1089,0.114000,2.984000,5,0.088000,0.110000
1090,0.118000,1.160000,3,0.058000,0.110000
1091,0.304000,1.078000,2,0.076000,0.135000
1092,0.154000,1.342000,3,0.058000,0.100000
1093,0.166000,1.576000,6,0.106000,0.150000
1094,0.272000,0.846000,2,0.074000,0.120000
1095,0.344000,1.690000,7,0.158000,0.225000
1096,0.298000,2.330000,6,0.132000,0.160000
1097,0.262000,2.370000,4,0.086000,0.130000
1098,0.676000,0.786000,4,0.146000,0.270000
1099,0.056000,0.910000,1,0.022000,0.035000
1100,0.138000,2.370000,5,0.086000,0.115000
1101,0.780000,1.910000,3,0.124000,0.230000
1102,0.184000,1.668000,6,0.114000,0.140000
1103,0.116000,1.682000,5,0.084000,0.105000
1104,0.148000,1.824000,3,0.072000,0.110000
1105,0.102000,1.096000,4,0.078000,0.110000
1106,0.276000,2.032000,6,0.156000,0.225000
1107,0.092000,0.922000,3,0.048000,0.085000
1108,0.074000,1.074000,2,0.048000,0.070000
1109,0.056000,0.304000,1,0.036000,0.080000
1110,0.036000,1.456000,2,0.048000,0.050000
1111,0.674000,1.384000,4,0.132000,0.240000
1112,0.364000,1.512000,4,0.108000,0.185000
1113,0.214000,1.736000,5,0.110000,0.160000
1114,0.170000,0.914000,2,0.060000,0.100000
1115,0.062000,0.770000,2,0.034000,0.045000
1116,0.030000,0.930000,1,0.018000,0.060000
1117,0.306000,2.198000,5,0.122000,0.190000
1118,0.256000,1.326000,4,0.094000,0.185000
1119,0.202000,0.734000,3,0.092000,0.155000
1120,0.286000,1.282000,3,0.058000,0.095000
1121,0.074000,0.314000,3,0.044000,0.060000
1122,0.290000,0.484000,3,0.094000,0.195000
1123,0.328000,1.526000,7,0.148000,0.240000
1124,0.142000,1.530000,3,0.058000,0.085000
1125,0.182000,1.388000,3,0.080000,0.125000
1126,0.224000,1.164000,4,0.092000,0.140000
1127,0.222000,1.218000,4,0.102000,0.165000
1128,0.144000,1.480000,3,0.062000,0.095000
1129,0.140000,1.940000,3,0.082000,0.120000
1130,0.734000,2.320000,7,0.186000,0.385000
1131,0.000000,0.000000,0,0.000000,0.000000
1132,0.308000,1.514000,4,0.108000,0.180000
1133,0.134000,0.870000,3,0.058000,0.085000
1134,0.362000,1.740000,4,0.134000,0.215000
1135,0.108000,0.714000,5,0.076000,0.105000
1136,0.302000,1.786000,7,0.138000,0.195000
1137,0.286000,1.386000,5,0.112000,0.160000
1138,0.180000,2.306000,5,0.106000,0.150000
1139,0.242000,1.810000,6,0.130000,0.195000
1140,0.230000,1.842000,3,0.076000,0.095000
1141,0.082000,1.074000,3,0.062000,0.085000
1142,0.434000,1.726000,6,0.168000,0.280000
1143,0.092000,1.720000,3,0.054000,0.075000
1144,0.060000,1.422000,2,0.040000,0.055000
1145,0.134000,0.654000,2,0.056000,0.090000
1146,0.092000,1.110000,3,0.052000,0.070000
1147,0.074000,1.392000,2,0.044000,0.065000
1148,0.032000,0.552000,2,0.034000,0.040000
1149,0.074000,0.800000,4,0.076000,0.090000
1150,0.084000,1.742000,3,0.056000,0.075000
1151,0.072000,1.936000,3,0.056000,0.070000
1152,0.212000,1.912000,4,0.090000,0.140000
1153,0.078000,2.184000,5,0.080000,0.090000
1154,0.202000,1.506000,4,0.078000,0.165000
1155,0.288000,2.238000,8,0.160000,0.255000
1156,0.056000,1.352000,2,0.040000,0.055000
1157,0.128000,2.052000,4,0.076000,0.105000
1158,0.050000,1.112000,2,0.036000,0.045000
1159,0.070000,1.736000,3,0.062000,0.080000
1160,0.188000,2.170000,6,0.108000,0.170000
1161,0.282000,2.288000,6,0.128000,0.195000
1162,0.220000,1.524000,4,0.092000,0.140000
1163,0.088000,1.464000,3,0.062000,0.085000
1164,0.012000,0.160000,1,0.014000,0.015000
1165,0.110000,1.030000,2,0.042000,0.100000
1166,0.210000,2.590000,6,0.110000,0.125000
1167,0.124000,0.884000,2,0.048000,0.090000
1168,0.452000,1.934000,5,0.168000,0.310000
1169,0.314000,1.354000,4,0.100000,0.180000
1170,0.256000,1.038000,4,0.100000,0.225000
1171,0.218000,1.366000,7,0.118000,0.180000
1172,0.006000,0.960000,1,0.012000,0.010000
1173,0.304000,1.954000,5,0.106000,0.175000
1174,0.112000,1.672000,3,0.060000,0.085000
1175,0.216000,1.516000,3,0.090000,0.130000
1176,0.224000,0.984000,3,0.078000,0.145000
1177,0.082000,1.562000,2,0.046000,0.070000
1178,0.320000,2.352000,4,0.094000,0.125000
1179,0.114000,1.392000,4,0.068000,0.100000
1180,0.072000,1.710000,2,0.038000,0.055000
1181,0.012000,0.092000,1,0.018000,0.020000
1182,0.250000,2.140000,7,0.134000,0.205000
1183,0.026000,0.816000,1,0.030000,0.040000
1184,0.032000,0.874000,3,0.046000,0.045000
1185,0.114000,1.654000,4,0.074000,0.105000
1186,0.126000,2.330000,3,0.060000,0.090000
1187,0.270000,0.676000,2,0.074000,0.130000
1188,0.222000,2.506000,5,0.098000,0.150000
1189,0.072000,0.760000,1,0.024000,0.040000
1190,0.202000,1.880000,4,0.080000,0.120000
1191,0.126000,1.402000,4,0.066000,0.100000
1192,0.960000,0.428000,3,0.160000,0.320000
1193,0.056000,1.802000,2,0.040000,0.055000
1194,0.154000,1.832000,3,0.070000,0.110000
1195,0.042000,1.320000,2,0.032000,0.040000
1196,0.122000,1.584000,3,0.068000,0.100000
1197,0.178000,1.376000,5,0.100000,0.135000
1198,0.114000,1.746000,5,0.090000,0.110000
1199,0.170000,1.450000,3,0.066000,0.105000
1200,0.050000,0.780000,2,0.034000,0.045000
1201,0.082000,1.402000,3,0.058000,0.080000
1202,0.844000,2.688000,5,0.166000,0.280000
1203,0.000000,0.000000,0,0.000000,0.000000
1204,0.230000,2.166000,4,0.106000,0.155000
1205,0.342000,1.950000,5,0.112000,0.180000
1206,0.050000,1.842000,3,0.048000,0.055000
1207,0.032000,0.780000,2,0.030000,0.035000
1208,0.160000,1.540000,3,0.054000,0.115000
1209,0.296000,1.610000,6,0.164000,0.245000
1210,0.044000,1.324000,2,0.042000,0.040000
1211,0.074000,2.474000,4,0.068000,0.080000
1212,0.004000,0.902000,1,0.014000,0.030000
1213,0.066000,1.702000,2,0.042000,0.060000
1214,0.068000,1.190000,2,0.036000,0.050000
1215,0.214000,2.136000,5,0.116000,0.150000
1216,0.298000,3.244000,4,0.106000,0.150000
1217,0.130000,0.352000,2,0.050000,0.080000
1218,0.070000,1.790000,4,0.056000,0.060000
1219,0.224000,2.460000,4,0.088000,0.125000
1220,0.046000,2.374000,3,0.052000,0.060000
1221,0.132000,2.144000,5,0.094000,0.125000
1222,0.454000,1.802000,5,0.112000,0.215000
1223,0.136000,2.028000,5,0.102000,0.135000
1224,0.078000,1.500000,3,0.050000,0.065000
1225,0.464000,1.604000,2,0.080000,0.150000
1226,0.164000,0.282000,2,0.056000,0.095000
1227,0.442000,1.780000,4,0.106000,0.185000
1228,0.328000,1.502000,3,0.080000,0.170000
1229,0.094000,1.222000,2,0.044000,0.065000
1230,0.090000,1.876000,4,0.078000,0.100000
1231,0.222000,1.986000,5,0.114000,0.170000
1232,0.066000,1.200000,3,0.048000,0.060000
1233,0.368000,1.442000,4,0.104000,0.175000
1234,0.022000,0.252000,1,0.020000,0.025000
1235,0.452000,1.542000,3,0.094000,0.195000
1236,0.112000,0.626000,1,0.034000,0.055000
1237,0.020000,0.020000,1,0.016000,0.020000
1238,0.210000,1.484000,5,0.116000,0.160000
1239,0.140000,1.590000,3,0.052000,0.090000
1240,0.406000,0.854000,2,0.078000,0.145000
1241,0.284000,1.328000,4,0.088000,0.145000
1242,0.404000,2.780000,7,0.192000,0.290000
1243,0.084000,1.572000,2,0.046000,0.070000
1244,0.418000,1.778000,4,0.110000,0.175000
1245,0.050000,1.044000,2,0.042000,0.085000
1246,0.036000,1.802000,3,0.044000,0.045000
1247,0.428000,1.292000,4,0.102000,0.175000
1248,0.084000,2.430000,5,0.074000,0.085000
1249,0.144000,2.758000,6,0.098000,0.130000
1250,0.166000,1.652000,3,0.068000,0.105000
1251,0.072000,1.010000,3,0.050000,0.070000
1252,0.548000,2.544000,6,0.182000,0.300000
1253,1.288000,1.208000,3,0.158000,0.300000
1254,0.084000,1.340000,3,0.052000,0.070000
1255,0.250000,0.864000,4,0.094000,0.145000
1256,0.140000,1.592000,4,0.066000,0.100000
1257,0.106000,3.396000,5,0.080000,0.105000
1258,0.122000,1.066000,4,0.072000,0.105000
1259,0.292000,2.862000,4,0.100000,0.160000
1260,0.000000,0.000000,0,0.000000,0.000000
1261,0.326000,1.364000,4,0.098000,0.185000
1262,0.122000,1.632000,4,0.064000,0.095000
1263,0.184000,1.560000,3,0.076000,0.135000
1264,0.000000,0.000000,0,0.000000,0.000000
1265,0.108000,0.872000,2,0.040000,0.100000
1266,0.048000,1.020000,2,0.032000,0.040000
1267,0.312000,1.476000,3,0.088000,0.145000
1268,0.068000,0.802000,2,0.032000,0.055000
1269,0.118000,1.542000,3,0.064000,0.095000
1270,0.034000,1.324000,2,0.038000,0.045000
1271,0.034000,1.692000,4,0.054000,0.050000
1272,0.548000,2.922000,6,0.178000,0.255000
1273,0.038000,0.606000,2,0.036000,0.055000
1274,0.248000,0.554000,2,0.070000,0.125000
1275,0.162000,1.480000,5,0.112000,0.150000
1276,0.106000,1.764000,2,0.054000,0.085000
1277,0.194000,1.512000,4,0.084000,0.135000
1278,0.244000,2.260000,4,0.084000,0.130000
1279,0.308000,1.808000,4,0.110000,0.180000
1280,0.244000,2.086000,6,0.118000,0.160000
1281,0.484000,2.056000,6,0.144000,0.245000
1282,0.110000,1.620000,2,0.042000,0.065000
1283,0.570000,3.180000,5,0.174000,0.240000
1284,0.216000,1.232000,3,0.074000,0.120000
1285,0.090000,1.728000,5,0.084000,0.105000
1286,0.168000,1.542000,3,0.068000,0.135000
1287,0.234000,2.162000,5,0.120000,0.170000
1288,0.322000,1.644000,3,0.094000,0.165000
1289,0.282000,1.780000,4,0.092000,0.150000
1290,0.120000,3.004000,7,0.120000,0.150000
1291,0.186000,1.108000,6,0.118000,0.145000
1292,0.180000,1.912000,4,0.084000,0.150000
1293,0.094000,0.884000,3,0.062000,0.085000
1294,0.178000,1.962000,5,0.094000,0.130000
1295,0.018000,1.050000,2,0.026000,0.025000
1296,0.174000,2.222000,6,0.106000,0.140000
1297,0.284000,0.702000,3,0.080000,0.135000
1298,0.298000,2.982000,5,0.114000,0.180000
1299,0.182000,3.102000,5,0.098000,0.175000
1300,0.114000,1.330000,2,0.044000,0.070000
1301,0.072000,0.770000,2,0.038000,0.055000
1302,0.376000,1.782000,5,0.122000,0.210000
1303,0.344000,1.234000,3,0.092000,0.170000
1304,0.140000,1.702000,3,0.064000,0.095000
1305,0.088000,1.486000,5,0.076000,0.090000
1306,0.234000,1.932000,5,0.104000,0.165000
1307,0.006000,0.100000,1,0.012000,0.010000
1308,0.678000,1.974000,7,0.156000,0.355000
1309,0.122000,2.530000,4,0.072000,0.100000
1310,0.002000,0.970000,1,0.010000,0.005000
1311,0.144000,1.302000,4,0.070000,0.110000
1312,0.208000,2.356000,6,0.116000,0.175000
1313,0.328000,2.112000,4,0.090000,0.140000
1314,0.138000,0.808000,3,0.078000,0.110000
1315,0.176000,2.576000,4,0.084000,0.145000
1316,0.166000,2.164000,3,0.076000,0.120000
1317,0.180000,2.450000,5,0.110000,0.150000
1318,0.470000,1.604000,5,0.122000,0.210000
1319,0.226000,1.560000,4,0.108000,0.175000
1320,0.066000,0.762000,3,0.042000,0.060000
1321,0.200000,1.500000,2,0.054000,0.145000
1322,0.072000,0.130000,1,0.024000,0.040000
1323,0.310000,1.402000,3,0.078000,0.130000
1324,0.068000,0.654000,4,0.056000,0.070000
1325,0.542000,1.506000,4,0.156000,0.270000
1326,0.114000,1.548000,5,0.088000,0.130000
1327,0.324000,2.362000,5,0.104000,0.175000
1328,0.018000,0.832000,1,0.020000,0.025000
1329,0.192000,1.462000,4,0.078000,0.155000
1330,0.466000,2.012000,7,0.172000,0.275000
1331,0.072000,1.730000,3,0.042000,0.065000
1332,0.334000,2.394000,5,0.120000,0.220000
1333,0.236000,0.586000,2,0.078000,0.140000
1334,0.248000,1.472000,4,0.092000,0.145000
1335,0.182000,1.582000,2,0.056000,0.095000
1336,0.502000,1.564000,3,0.100000,0.200000
1337,0.366000,1.912000,5,0.160000,0.260000
1338,0.204000,1.970000,4,0.090000,0.145000
1339,0.226000,1.518000,3,0.084000,0.150000
1340,0.120000,2.446000,5,0.094000,0.120000
1341,0.006000,0.910000,1,0.012000,0.010000
1342,0.196000,1.534000,6,0.108000,0.165000
1343,0.260000,1.846000,7,0.126000,0.205000
1344,0.180000,1.694000,2,0.068000,0.120000
1345,0.182000,2.204000,4,0.088000,0.130000
1346,0.042000,1.526000,4,0.064000,0.065000
1347,0.362000,0.650000,3,0.092000,0.150000
1348,0.000000,0.000000,0,0.000000,0.000000
1349,0.180000,1.612000,4,0.084000,0.125000
1350,0.126000,2.432000,4,0.092000,0.115000
1351,0.324000,0.784000,2,0.078000,0.145000
1352,0.212000,0.764000,4,0.092000,0.150000
1353,0.128000,2.228000,4,0.092000,0.130000
1354,0.462000,1.630000,2,0.074000,0.145000
1355,0.294000,2.150000,5,0.106000,0.140000
1356,0.044000,1.534000,4,0.060000,0.100000
1357,0.676000,2.776000,6,0.166000,0.265000
1358,0.118000,1.642000,4,0.088000,0.115000
1359,0.052000,1.512000,2,0.040000,0.065000
1360,0.498000,2.782000,5,0.156000,0.230000
1361,0.108000,2.222000,5,0.082000,0.090000
1362,0.238000,1.278000,5,0.088000,0.145000
1363,0.170000,1.340000,4,0.080000,0.125000
1364,0.106000,2.274000,5,0.088000,0.110000
1365,0.548000,1.342000,4,0.094000,0.170000
1366,0.054000,0.782000,1,0.028000,0.045000
1367,0.120000,1.676000,4,0.066000,0.095000
1368,0.396000,1.754000,6,0.120000,0.195000
1369,0.160000,1.526000,4,0.090000,0.130000
1370,0.196000,2.026000,7,0.122000,0.160000
1371,0.422000,2.128000,4,0.126000,0.175000
1372,0.318000,0.634000,3,0.076000,0.175000
1373,0.076000,1.682000,3,0.052000,0.065000
1374,0.162000,1.930000,3,0.064000,0.100000
1375,0.146000,1.580000,2,0.048000,0.080000
1376,0.192000,2.024000,4,0.086000,0.125000
1377,0.028000,1.744000,2,0.036000,0.040000
1378,0.438000,0.632000,2,0.068000,0.125000
1379,0.082000,1.718000,3,0.060000,0.075000
1380,0.132000,0.664000,2,0.052000,0.090000
1381,0.406000,1.896000,4,0.118000,0.185000
1382,0.138000,1.478000,2,0.078000,0.120000
1383,0.154000,0.864000,5,0.096000,0.140000
1384,0.182000,0.780000,2,0.052000,0.120000
1385,0.030000,1.422000,3,0.042000,0.040000
1386,0.400000,1.366000,3,0.106000,0.190000
1387,0.266000,2.020000,4,0.078000,0.135000
1388,0.038000,0.772000,2,0.034000,0.040000
1389,0.410000,2.180000,4,0.104000,0.150000
1390,0.292000,2.936000,4,0.108000,0.145000
1391,0.282000,2.798000,7,0.154000,0.210000
1392,0.056000,1.646000,2,0.040000,0.050000
1393,0.430000,2.160000,4,0.096000,0.160000
1394,0.118000,0.918000,2,0.046000,0.080000
1395,0.462000,1.280000,4,0.148000,0.365000
1396,0.098000,1.702000,5,0.074000,0.085000
1397,0.080000,1.452000,3,0.056000,0.075000
1398,0.072000,0.710000,1,0.048000,0.070000
1399,0.166000,1.382000,3,0.064000,0.075000
1400,0.102000,2.270000,3,0.056000,0.080000
1401,0.112000,1.220000,3,0.074000,0.105000
1402,0.092000,0.772000,1,0.030000,0.050000
1403,0.064000,1.394000,5,0.068000,0.085000
1404,0.142000,1.824000,4,0.082000,0.120000
1405,0.030000,0.410000,1,0.018000,0.025000
1406,0.104000,0.114000,1,0.040000,0.070000
1407,0.042000,0.492000,1,0.026000,0.040000
1408,0.168000,1.610000,2,0.046000,0.075000
1409,0.186000,1.504000,4,0.094000,0.145000
1410,0.400000,1.304000,3,0.112000,0.200000
1411,0.126000,1.394000,4,0.080000,0.140000
1412,0.522000,2.578000,5,0.180000,0.280000
1413,0.054000,1.672000,2,0.038000,0.050000
1414,0.072000,0.880000,2,0.038000,0.055000
1415,0.110000,0.770000,1,0.028000,0.050000
1416,0.188000,1.376000,3,0.084000,0.135000
1417,0.172000,1.660000,3,0.064000,0.100000
1418,0.038000,0.724000,1,0.028000,0.040000
1419,0.062000,0.702000,1,0.028000,0.080000
1420,0.104000,2.432000,4,0.070000,0.090000
1421,0.042000,1.770000,2,0.032000,0.040000
1422,0.220000,1.532000,5,0.088000,0.135000
1423,0.124000,1.554000,5,0.090000,0.115000
1424,0.268000,1.852000,3,0.084000,0.145000
1425,0.136000,1.596000,3,0.076000,0.115000
1426,0.194000,1.376000,4,0.098000,0.150000
1427,0.242000,1.280000,4,0.104000,0.180000
1428,0.028000,0.712000,2,0.032000,0.035000
1429,0.214000,2.202000,5,0.098000,0.140000
1430,0.094000,1.634000,3,0.064000,0.090000
1431,0.186000,1.624000,5,0.102000,0.145000
1432,0.170000,2.052000,5,0.092000,0.125000
1433,0.072000,3.248000,5,0.082000,0.090000
1434,0.142000,1.422000,3,0.066000,0.100000
1435,0.006000,0.920000,1,0.012000,0.010000
1436,0.302000,1.976000,5,0.126000,0.200000
1437,0.264000,1.552000,4,0.090000,0.115000
1438,0.116000,2.448000,4,0.084000,0.115000
1439,0.070000,1.624000,5,0.070000,0.085000
1440,0.154000,1.602000,4,0.070000,0.110000
1441,0.158000,1.326000,2,0.066000,0.110000
1442,0.110000,0.830000,2,0.042000,0.065000
1443,0.188000,1.518000,4,0.092000,0.135000
1444,0.086000,1.572000,3,0.058000,0.080000
1445,0.296000,1.374000,3,0.088000,0.170000
1446,0.146000,0.342000,2,0.052000,0.085000
1447,0.234000,2.234000,5,0.102000,0.165000
1448,0.142000,1.930000,4,0.070000,0.095000
1449,0.472000,1.946000,4,0.130000,0.250000
1450,0.154000,1.358000,6,0.112000,0.145000
1451,0.334000,1.342000,4,0.116000,0.185000
1452,0.054000,1.742000,2,0.038000,0.050000
1453,0.026000,0.686000,1,0.024000,0.030000
1454,0.082000,1.604000,3,0.058000,0.075000
1455,0.262000,1.956000,4,0.106000,0.160000
1456,0.240000,0.926000,3,0.094000,0.165000
1457,0.024000,0.854000,1,0.026000,0.035000
1458,0.188000,1.688000,3,0.092000,0.150000
1459,0.062000,0.862000,1,0.028000,0.045000
1460,0.116000,1.328000,5,0.088000,0.105000
1461,0.104000,1.612000,2,0.044000,0.065000
1462,0.134000,1.648000,5,0.092000,0.130000
1463,0.144000,2.828000,6,0.106000,0.145000
1464,0.038000,1.406000,3,0.054000,0.060000
1465,0.062000,1.070000,2,0.036000,0.050000
1466,0.074000,1.710000,4,0.062000,0.075000
1467,0.504000,1.888000,7,0.174000,0.290000
1468,0.320000,1.028000,5,0.092000,0.135000
1469,0.422000,1.696000,7,0.144000,0.210000
1470,0.116000,0.948000,2,0.058000,0.105000
1471,0.092000,1.492000,4,0.070000,0.090000
1472,0.030000,0.930000,1,0.018000,0.025000
1473,0.594000,3.096000,6,0.128000,0.190000
1474,0.112000,2.210000,4,0.070000,0.095000
1475,0.102000,1.682000,3,0.062000,0.075000
1476,0.200000,1.278000,3,0.088000,0.140000
1477,0.142000,1.164000,5,0.094000,0.110000
1478,0.354000,0.812000,2,0.074000,0.140000
1479,0.266000,1.632000,2,0.066000,0.120000
1480,0.232000,2.462000,5,0.090000,0.140000
1481,0.046000,1.730000,5,0.064000,0.075000
1482,0.162000,2.014000,4,0.078000,0.115000
1483,0.182000,1.048000,2,0.072000,0.170000
1484,0.160000,1.784000,4,0.086000,0.125000
1485,0.072000,0.480000,1,0.024000,0.040000
1486,0.112000,0.674000,3,0.064000,0.090000
1487,0.206000,1.078000,3,0.090000,0.130000
1488,0.146000,2.172000,3,0.066000,0.100000
1489,0.336000,2.166000,7,0.152000,0.225000
1490,0.710000,1.544000,4,0.160000,0.265000
1491,0.236000,1.360000,5,0.100000,0.150000
1492,0.512000,0.484000,2,0.092000,0.200000
1493,0.406000,1.282000,7,0.146000,0.280000
1494,0.188000,0.468000,1,0.052000,0.095000
1495,0.182000,0.770000,2,0.052000,0.090000
1496,0.096000,1.690000,2,0.038000,0.055000
1497,0.082000,0.860000,3,0.052000,0.070000
1498,0.128000,3.006000,5,0.106000,0.135000
1499,0.068000,1.730000,2,0.036000,0.050000
1500,0.064000,1.464000,2,0.046000,0.050000
1501,0.108000,0.974000,3,0.066000,0.110000
1502,0.066000,0.718000,2,0.052000,0.070000
1503,0.624000,2.326000,4,0.116000,0.195000
1504,0.360000,1.352000,5,0.152000,0.325000
1505,0.112000,1.932000,3,0.062000,0.090000
1506,0.054000,1.682000,2,0.040000,0.055000
1507,0.192000,2.494000,5,0.096000,0.140000
1508,0.040000,2.530000,4,0.050000,0.035000
1509,0.072000,1.674000,3,0.056000,0.070000
1510,0.966000,2.240000,5,0.188000,0.330000
1511,0.118000,1.162000,5,0.074000,0.110000
1512,0.098000,1.622000,3,0.072000,0.095000
1513,0.206000,1.536000,3,0.078000,0.120000
1514,0.162000,1.544000,5,0.090000,0.125000
1515,0.000000,0.000000,0,0.000000,0.000000
1516,0.142000,2.390000,5,0.092000,0.120000
1517,0.716000,3.264000,6,0.190000,0.280000
1518,0.138000,2.192000,3,0.066000,0.100000
1519,0.068000,1.562000,3,0.052000,0.065000
1520,0.094000,1.278000,3,0.054000,0.080000
1521,0.232000,0.794000,3,0.086000,0.120000
1522,0.008000,0.002000,1,0.008000,0.015000
1523,0.302000,2.406000,6,0.126000,0.200000
1524,0.068000,0.824000,2,0.034000,0.055000
1525,0.056000,1.180000,3,0.036000,0.050000
1526,0.078000,0.960000,2,0.028000,0.050000
1527,0.338000,1.872000,5,0.144000,0.200000
1528,0.044000,0.820000,2,0.030000,0.035000
1529,0.150000,1.492000,2,0.050000,0.080000
1530,0.136000,0.990000,2,0.060000,0.100000
1531,0.082000,1.222000,2,0.044000,0.065000
1532,0.024000,0.842000,1,0.022000,0.030000
1533,0.006000,0.960000,1,0.012000,0.010000
1534,0.132000,2.118000,5,0.098000,0.105000
1535,0.020000,0.830000,2,0.034000,0.035000
1536,0.350000,1.872000,5,0.106000,0.180000
1537,0.120000,1.440000,2,0.044000,0.070000
1538,0.170000,1.630000,5,0.088000,0.120000
1539,0.222000,3.002000,5,0.102000,0.150000
1540,0.188000,2.120000,4,0.078000,0.115000
1541,0.072000,0.030000,1,0.024000,0.040000
1542,0.350000,1.576000,5,0.134000,0.240000
1543,0.042000,1.580000,2,0.032000,0.040000
1544,0.240000,0.638000,4,0.100000,0.195000
1545,0.142000,1.354000,4,0.094000,0.115000
1546,0.196000,2.610000,5,0.082000,0.125000
1547,0.158000,1.244000,3,0.074000,0.115000
1548,0.366000,2.262000,6,0.154000,0.240000
1549,0.080000,0.644000,2,0.040000,0.070000
1550,0.198000,0.742000,4,0.082000,0.120000
1551,0.158000,1.440000,3,0.058000,0.085000
1552,0.164000,2.482000,5,0.114000,0.195000
1553,0.092000,1.680000,3,0.054000,0.075000
1554,0.044000,0.854000,2,0.040000,0.050000
1555,0.174000,2.282000,5,0.092000,0.125000
1556,0.230000,2.150000,3,0.066000,0.105000
1557,0.628000,1.654000,3,0.110000,0.205000
1558,0.336000,2.950000,5,0.116000,0.195000
1559,0.498000,0.950000,5,0.146000,0.260000
1560,0.108000,1.826000,3,0.070000,0.105000
1561,0.080000,1.700000,3,0.050000,0.065000
1562,0.014000,0.886000,1,0.020000,0.035000
1563,0.074000,1.392000,2,0.042000,0.060000
1564,0.074000,0.762000,1,0.028000,0.045000
1565,0.006000,0.900000,1,0.012000,0.010000
1566,0.266000,1.974000,5,0.106000,0.190000
1567,0.220000,1.036000,3,0.080000,0.145000
1568,0.064000,1.722000,2,0.040000,0.055000
1569,0.092000,1.952000,3,0.054000,0.070000
1570,0.018000,0.422000,1,0.020000,0.025000
1571,0.056000,1.762000,2,0.038000,0.050000
1572,0.442000,1.444000,3,0.090000,0.160000
1573,0.268000,1.420000,4,0.086000,0.135000
1574,0.012000,0.950000,1,0.014000,0.015000
1575,0.020000,0.940000,1,0.016000,0.020000
1576,0.144000,0.784000,1,0.048000,0.135000
1577,0.042000,0.600000,2,0.032000,0.040000
1578,0.012000,0.950000,1,0.014000,0.015000
1579,0.174000,2.726000,4,0.094000,0.140000
1580,0.480000,1.268000,2,0.104000,0.200000
1581,0.110000,0.214000,2,0.048000,0.090000
1582,0.350000,1.764000,6,0.158000,0.225000
1583,0.096000,1.580000,2,0.038000,0.055000
1584,0.068000,2.570000,4,0.058000,0.065000
1585,0.100000,1.634000,3,0.064000,0.090000
1586,0.190000,2.222000,3,0.076000,0.125000
1587,0.058000,0.520000,2,0.024000,0.040000
1588,0.376000,2.132000,4,0.100000,0.185000
1589,0.000000,0.000000,0,0.000000,0.000000
1590,0.112000,2.312000,4,0.068000,0.095000
1591,0.074000,0.982000,2,0.042000,0.060000
1592,0.060000,1.992000,4,0.062000,0.070000
1593,0.152000,2.994000,7,0.122000,0.155000
1594,0.228000,1.004000,5,0.100000,0.160000
1595,0.542000,1.258000,4,0.138000,0.265000
1596,0.564000,1.382000,7,0.172000,0.295000
1597,0.032000,1.110000,2,0.028000,0.030000
1598,0.154000,1.460000,4,0.080000,0.120000
1599,0.268000,2.198000,7,0.154000,0.205000
1600,0.060000,1.850000,3,0.046000,0.055000
1601,0.104000,1.232000,2,0.048000,0.075000
1602,0.234000,1.804000,5,0.106000,0.155000
1603,0.116000,1.324000,6,0.114000,0.145000
1604,0.000000,0.000000,0,0.000000,0.000000
1605,0.064000,2.474000,4,0.066000,0.075000
1606,0.722000,1.380000,2,0.076000,0.150000
1607,0.296000,1.718000,5,0.126000,0.200000
1608,0.044000,1.740000,2,0.030000,0.035000
1609,0.074000,1.448000,3,0.060000,0.090000
1610,0.156000,1.852000,4,0.072000,0.115000
1611,0.410000,2.332000,7,0.168000,0.270000
1612,0.328000,1.472000,3,0.078000,0.195000
1613,0.084000,1.780000,3,0.066000,0.085000
1614,0.056000,0.870000,1,0.022000,0.035000
1615,0.446000,1.720000,4,0.126000,0.210000
1616,0.360000,1.550000,4,0.092000,0.115000
1617,0.296000,2.336000,7,0.136000,0.195000
1618,0.176000,1.890000,4,0.070000,0.115000
1619,0.424000,1.846000,5,0.136000,0.265000
1620,0.116000,2.374000,4,0.078000,0.105000
1621,0.166000,2.110000,6,0.104000,0.160000
1622,0.076000,2.288000,4,0.070000,0.080000
1623,0.348000,2.228000,6,0.154000,0.265000
1624,0.036000,0.934000,2,0.038000,0.045000
1625,0.072000,1.000000,2,0.038000,0.055000
1626,0.082000,1.652000,2,0.044000,0.065000
1627,0.824000,1.678000,6,0.176000,0.360000
1628,0.684000,2.424000,6,0.162000,0.285000
1629,0.076000,0.894000,3,0.058000,0.075000
1630,0.420000,2.108000,5,0.132000,0.215000
1631,0.216000,1.164000,5,0.106000,0.155000
1632,0.308000,2.234000,5,0.106000,0.175000
1633,0.056000,2.082000,3,0.050000,0.060000
1634,0.134000,2.166000,4,0.088000,0.125000
1635,0.248000,1.572000,3,0.062000,0.110000
1636,0.610000,1.278000,5,0.164000,0.270000
1637,0.060000,1.290000,2,0.036000,0.050000
1638,0.036000,1.652000,3,0.042000,0.040000
1639,0.056000,0.830000,1,0.022000,0.035000
1640,0.052000,1.494000,3,0.054000,0.065000
1641,0.074000,1.734000,3,0.058000,0.075000
1642,0.134000,2.202000,5,0.092000,0.125000
1643,0.128000,0.776000,2,0.042000,0.115000
1644,0.226000,1.144000,4,0.096000,0.150000
1645,0.000000,0.000000,0,0.000000,0.000000
1646,0.224000,0.744000,1,0.054000,0.135000
1647,0.764000,0.556000,3,0.120000,0.245000
1648,0.110000,1.580000,2,0.042000,0.065000
1649,0.130000,2.868000,8,0.118000,0.140000
1650,0.200000,1.424000,3,0.066000,0.105000
1651,0.308000,1.474000,3,0.086000,0.145000
1652,0.344000,1.492000,3,0.088000,0.155000
1653,0.240000,1.116000,4,0.108000,0.175000
1654,0.416000,2.124000,5,0.118000,0.205000
1655,0.084000,1.704000,2,0.048000,0.070000
1656,0.196000,2.846000,5,0.100000,0.140000
1657,0.000000,0.000000,0,0.000000,0.000000
1658,0.624000,1.110000,3,0.076000,0.150000
1659,0.356000,1.596000,4,0.108000,0.160000
1660,0.032000,2.332000,3,0.044000,0.040000
1661,0.724000,1.790000,4,0.144000,0.265000
1662,0.270000,1.424000,5,0.116000,0.195000
1663,0.356000,1.932000,5,0.124000,0.190000
1664,0.476000,1.946000,4,0.112000,0.235000
1665,0.144000,0.980000,2,0.048000,0.080000
1666,1.124000,0.762000,3,0.142000,0.295000
1667,0.044000,1.638000,3,0.060000,0.070000
1668,0.410000,0.600000,5,0.108000,0.205000
1669,0.160000,0.630000,2,0.086000,0.135000
1670,0.018000,0.840000,2,0.026000,0.025000
1671,0.136000,2.418000,5,0.092000,0.115000
1672,0.078000,1.660000,3,0.050000,0.065000
1673,0.160000,2.582000,5,0.088000,0.155000
1674,0.330000,1.446000,5,0.096000,0.150000
1675,0.442000,0.944000,3,0.112000,0.240000
1676,0.068000,1.430000,3,0.048000,0.090000
1677,0.262000,2.240000,3,0.096000,0.135000
1678,0.304000,1.944000,3,0.130000,0.230000
1679,0.426000,1.582000,5,0.132000,0.280000
1680,0.330000,1.694000,5,0.106000,0.180000
1681,0.126000,1.748000,4,0.094000,0.135000
1682,0.184000,1.160000,4,0.076000,0.110000
1683,0.128000,1.000000,2,0.078000,0.120000
1684,0.272000,1.130000,3,0.072000,0.150000
1685,0.272000,2.132000,4,0.096000,0.155000
1686,0.072000,0.090000,1,0.024000,0.040000
1687,0.142000,1.718000,3,0.086000,0.135000
1688,0.256000,1.844000,6,0.090000,0.185000
1689,0.212000,1.980000,5,0.100000,0.190000
1690,0.706000,1.742000,7,0.210000,0.350000
1691,0.018000,0.950000,2,0.018000,0.025000
1692,0.116000,0.886000,3,0.070000,0.125000
1693,0.098000,1.496000,3,0.068000,0.110000
1694,0.056000,0.900000,1,0.022000,0.035000
1695,0.014000,0.902000,2,0.028000,0.025000
1696,0.420000,1.816000,4,0.118000,0.200000
1697,0.080000,0.294000,2,0.044000,0.070000
1698,0.044000,1.010000,3,0.042000,0.045000
1699,0.062000,0.950000,2,0.036000,0.050000
1700,0.414000,2.694000,6,0.160000,0.235000
1701,0.128000,2.014000,3,0.068000,0.100000
1702,0.076000,1.526000,4,0.074000,0.090000
1703,0.734000,1.320000,3,0.140000,0.285000
1704,0.170000,0.766000,3,0.062000,0.105000
1705,0.238000,1.454000,4,0.086000,0.120000
1706,0.100000,0.962000,3,0.056000,0.080000
1707,0.114000,1.524000,3,0.070000,0.105000
1708,0.094000,0.274000,2,0.044000,0.080000
1709,0.092000,1.684000,2,0.048000,0.070000
1710,0.136000,2.544000,5,0.088000,0.140000
1711,0.374000,2.940000,6,0.148000,0.220000
1712,0.432000,1.504000,6,0.138000,0.235000
1713,0.140000,0.744000,3,0.064000,0.090000
1714,0.072000,0.954000,3,0.052000,0.080000
1715,0.418000,1.782000,4,0.106000,0.180000
1716,0.130000,1.730000,5,0.084000,0.110000
1717,0.062000,1.754000,2,0.040000,0.050000
1718,0.166000,2.194000,6,0.138000,0.190000
1719,0.084000,2.956000,4,0.078000,0.100000
1720,0.098000,2.252000,5,0.102000,0.115000
1721,0.136000,1.652000,2,0.044000,0.065000
1722,0.314000,0.952000,5,0.110000,0.170000
1723,0.210000,0.962000,3,0.076000,0.110000
1724,0.518000,1.044000,6,0.162000,0.250000
1725,0.174000,0.622000,3,0.066000,0.100000
1726,0.248000,0.180000,2,0.076000,0.150000
1727,0.672000,1.362000,2,0.098000,0.235000
1728,0.248000,2.132000,5,0.094000,0.130000
1729,0.044000,0.802000,1,0.024000,0.035000
1730,0.100000,1.692000,2,0.046000,0.070000
1731,0.006000,0.810000,1,0.012000,0.010000
1732,0.202000,2.396000,5,0.112000,0.165000
1733,0.124000,2.308000,6,0.104000,0.130000
1734,0.110000,1.452000,5,0.098000,0.125000
1735,0.384000,1.948000,4,0.120000,0.200000
1736,0.000000,0.000000,0,0.000000,0.000000
1737,0.488000,2.562000,6,0.150000,0.250000
1738,0.030000,0.930000,1,0.018000,0.025000
1739,0.188000,2.116000,4,0.090000,0.150000
1740,0.098000,1.540000,2,0.042000,0.065000
1741,0.204000,1.100000,2,0.054000,0.095000
1742,0.110000,0.710000,1,0.028000,0.050000
1743,0.074000,1.794000,5,0.084000,0.085000
1744,0.236000,1.458000,3,0.120000,0.200000
1745,0.158000,2.738000,5,0.106000,0.130000
1746,0.108000,0.862000,2,0.038000,0.070000
1747,0.006000,0.840000,1,0.012000,0.010000
1748,0.136000,1.574000,3,0.070000,0.105000
1749,0.072000,3.056000,6,0.088000,0.080000
1750,0.134000,2.376000,3,0.064000,0.065000
1751,0.042000,0.840000,1,0.020000,0.030000
1752,0.072000,0.810000,2,0.030000,0.055000
1753,0.222000,0.920000,2,0.070000,0.115000
1754,0.158000,1.324000,4,0.088000,0.130000
1755,0.266000,1.708000,7,0.134000,0.205000
1756,0.646000,1.560000,6,0.190000,0.245000
1757,0.170000,2.782000,6,0.134000,0.175000
1758,0.098000,1.052000,4,0.058000,0.110000
1759,0.712000,1.840000,4,0.138000,0.240000
1760,0.104000,0.772000,3,0.058000,0.080000
1761,0.288000,1.542000,5,0.114000,0.160000
1762,0.274000,2.256000,7,0.150000,0.220000
1763,0.366000,2.214000,6,0.142000,0.230000
1764,0.162000,2.130000,6,0.118000,0.155000
1765,0.230000,1.444000,4,0.096000,0.130000
1766,0.622000,1.118000,5,0.140000,0.255000
1767,0.256000,2.722000,6,0.120000,0.175000
1768,0.234000,1.556000,4,0.098000,0.130000
1769,0.248000,2.068000,5,0.112000,0.165000
1770,0.174000,1.752000,4,0.072000,0.115000
1771,0.118000,1.268000,3,0.070000,0.100000
1772,0.164000,1.606000,3,0.066000,0.095000
1773,0.006000,0.800000,1,0.012000,0.010000
1774,0.438000,2.714000,7,0.180000,0.305000
1775,0.044000,0.854000,1,0.036000,0.050000
1776,0.346000,0.840000,3,0.118000,0.190000
1777,0.510000,2.292000,6,0.166000,0.285000
1778,0.242000,2.510000,6,0.142000,0.240000
1779,0.258000,1.714000,6,0.130000,0.175000
1780,0.338000,0.908000,5,0.130000,0.260000
1781,0.312000,0.646000,6,0.142000,0.235000
1782,0.282000,2.450000,6,0.118000,0.195000
1783,0.110000,2.236000,4,0.084000,0.115000
1784,0.056000,1.564000,3,0.046000,0.065000
1785,0.140000,1.886000,4,0.082000,0.110000
1786,0.148000,1.854000,3,0.068000,0.100000
1787,0.582000,1.768000,4,0.148000,0.270000
1788,0.152000,1.500000,2,0.048000,0.080000
1789,0.524000,1.654000,6,0.194000,0.350000
1790,0.056000,0.860000,1,0.022000,0.035000
1791,0.394000,1.494000,6,0.136000,0.210000
1792,0.090000,1.928000,6,0.094000,0.085000
1793,0.242000,2.606000,5,0.100000,0.155000
1794,0.168000,1.252000,2,0.054000,0.090000
1795,0.304000,2.662000,5,0.116000,0.185000
1796,0.094000,0.784000,2,0.050000,0.075000
1797,0.394000,1.458000,6,0.146000,0.230000
1798,0.270000,1.586000,4,0.084000,0.130000
1799,0.180000,1.412000,4,0.086000,0.130000
1800,0.258000,0.518000,4,0.098000,0.140000
1801,0.128000,0.862000,3,0.072000,0.095000
1802,0.276000,1.844000,6,0.126000,0.200000
1803,0.062000,1.070000,2,0.036000,0.050000
1804,0.226000,0.904000,3,0.076000,0.140000
1805,0.020000,0.910000,1,0.016000,0.020000
1806,0.518000,2.034000,4,0.134000,0.195000
1807,0.292000,1.674000,6,0.128000,0.205000
1808,0.166000,1.034000,3,0.080000,0.120000
1809,0.234000,1.556000,3,0.074000,0.135000
1810,0.104000,0.790000,3,0.054000,0.075000
1811,0.092000,0.774000,3,0.058000,0.075000
1812,0.092000,1.080000,3,0.066000,0.110000
1813,0.204000,1.110000,5,0.112000,0.160000
1814,0.450000,0.612000,3,0.090000,0.160000
1815,0.290000,1.606000,5,0.130000,0.175000
1816,0.020000,0.940000,1,0.016000,0.020000
1817,0.296000,2.472000,7,0.126000,0.170000
1818,0.204000,2.092000,4,0.084000,0.125000
1819,0.346000,1.014000,5,0.132000,0.205000
1820,0.086000,1.770000,4,0.062000,0.075000
1821,0.260000,2.842000,8,0.148000,0.205000
1822,0.508000,1.852000,8,0.244000,0.350000
1823,0.410000,2.326000,5,0.128000,0.180000
1824,0.132000,1.240000,2,0.046000,0.100000
1825,0.408000,2.550000,9,0.180000,0.285000
1826,0.122000,0.702000,2,0.050000,0.080000
1827,0.234000,2.418000,6,0.134000,0.195000
1828,0.008000,0.942000,1,0.016000,0.015000
1829,0.318000,3.128000,8,0.164000,0.205000
1830,0.096000,1.440000,2,0.038000,0.055000
1831,0.200000,1.866000,6,0.106000,0.180000
1832,0.310000,3.064000,7,0.166000,0.280000
1833,0.404000,1.364000,5,0.104000,0.180000
1834,0.128000,2.110000,4,0.096000,0.160000
1835,0.012000,0.940000,1,0.014000,0.015000
1836,0.204000,1.932000,4,0.092000,0.145000
1837,0.204000,0.678000,4,0.094000,0.170000
1838,0.166000,2.902000,6,0.108000,0.140000
1839,0.134000,0.692000,2,0.050000,0.080000
1840,0.100000,2.812000,5,0.096000,0.115000
1841,0.320000,2.222000,4,0.104000,0.160000
1842,1.146000,0.910000,4,0.172000,0.345000
1843,0.046000,1.426000,3,0.056000,0.065000
1844,0.870000,2.438000,8,0.192000,0.300000
1845,0.138000,0.122000,1,0.036000,0.065000
1846,0.210000,1.702000,3,0.072000,0.115000
1847,0.022000,0.874000,2,0.034000,0.035000
1848,0.286000,2.012000,6,0.112000,0.155000
1849,0.686000,2.358000,8,0.214000,0.315000
1850,0.096000,1.156000,2,0.054000,0.080000
1851,0.626000,1.836000,4,0.146000,0.240000
1852,0.124000,1.716000,4,0.080000,0.125000
1853,0.596000,2.782000,5,0.154000,0.260000
1854,0.570000,0.276000,4,0.156000,0.250000
1855,0.016000,0.914000,1,0.022000,0.025000
1856,0.146000,2.002000,3,0.066000,0.100000
1857,0.344000,3.056000,5,0.130000,0.195000
1858,0.166000,2.172000,3,0.066000,0.100000
1859,0.280000,1.818000,5,0.138000,0.200000
1860,0.100000,1.044000,2,0.052000,0.080000
1861,0.088000,1.094000,3,0.068000,0.085000
1862,0.454000,0.548000,2,0.112000,0.250000
1863,0.366000,2.936000,4,0.116000,0.170000
1864,0.794000,0.886000,3,0.138000,0.270000
1865,2.066000,1.700000,6,0.244000,0.490000
1866,0.120000,2.142000,3,0.062000,0.065000
1867,0.072000,0.960000,2,0.038000,0.055000
1868,0.006000,0.950000,1,0.012000,0.010000
1869,0.256000,2.028000,4,0.102000,0.160000
1870,0.040000,0.760000,2,0.032000,0.040000
1871,0.066000,1.566000,3,0.052000,0.075000
1872,0.354000,1.962000,5,0.146000,0.185000
1873,0.224000,2.370000,5,0.104000,0.175000
1874,0.300000,1.104000,7,0.156000,0.240000
1875,0.414000,1.586000,6,0.124000,0.210000
1876,0.074000,0.702000,1,0.028000,0.045000
1877,0.152000,0.860000,2,0.038000,0.075000
1878,0.070000,0.932000,2,0.032000,0.080000
1879,0.340000,2.806000,9,0.144000,0.215000
1880,0.218000,2.082000,6,0.108000,0.195000
1881,0.198000,1.266000,3,0.088000,0.145000
1882,0.336000,1.332000,4,0.090000,0.135000
1883,0.300000,1.402000,4,0.108000,0.165000
1884,0.058000,0.742000,1,0.026000,0.040000
1885,0.194000,2.076000,5,0.112000,0.170000
1886,0.224000,2.204000,4,0.092000,0.100000
1887,0.484000,2.054000,7,0.156000,0.230000
1888,0.172000,3.354000,6,0.108000,0.115000
1889,0.056000,0.910000,1,0.022000,0.040000
1890,0.234000,2.486000,5,0.116000,0.150000
1891,0.022000,1.862000,3,0.040000,0.035000
1892,0.140000,1.950000,4,0.074000,0.130000
1893,0.112000,0.812000,1,0.032000,0.080000
1894,0.336000,1.394000,3,0.092000,0.160000
1895,0.152000,2.336000,5,0.100000,0.135000
1896,0.346000,1.894000,3,0.100000,0.180000
1897,0.220000,2.014000,6,0.124000,0.150000
1898,0.032000,0.860000,2,0.030000,0.035000
1899,0.228000,2.744000,9,0.166000,0.195000
1900,0.170000,2.902000,5,0.094000,0.120000
1901,0.120000,2.546000,4,0.084000,0.085000
1902,0.410000,1.762000,5,0.144000,0.240000
1903,0.618000,3.472000,5,0.116000,0.170000
1904,0.194000,0.818000,3,0.072000,0.125000
1905,0.112000,1.966000,5,0.090000,0.110000
1906,0.092000,1.862000,4,0.070000,0.090000
1907,0.140000,1.704000,4,0.088000,0.120000
1908,0.786000,1.260000,4,0.114000,0.210000
1909,0.516000,2.492000,7,0.158000,0.250000
1910,0.500000,2.712000,8,0.170000,0.275000
1911,0.740000,2.278000,5,0.160000,0.280000
1912,0.542000,1.804000,7,0.158000,0.330000
1913,0.220000,2.562000,6,0.124000,0.145000
1914,0.204000,1.720000,3,0.070000,0.115000
1915,0.104000,1.200000,3,0.048000,0.080000
1916,0.254000,2.024000,6,0.130000,0.195000
1917,0.120000,1.290000,2,0.044000,0.050000
1918,0.126000,1.680000,4,0.082000,0.085000
1919,0.432000,0.844000,5,0.162000,0.260000
1920,0.180000,2.728000,5,0.110000,0.155000
1921,0.236000,3.450000,8,0.140000,0.200000
1922,0.288000,2.758000,9,0.176000,0.235000
1923,0.054000,1.172000,2,0.040000,0.080000
1924,0.008000,0.162000,1,0.016000,0.015000
1925,0.202000,1.080000,2,0.050000,0.085000
1926,0.288000,2.152000,5,0.110000,0.170000
1927,0.270000,1.942000,4,0.092000,0.135000
1928,0.186000,1.380000,4,0.082000,0.125000
1929,0.038000,0.852000,2,0.034000,0.040000
1930,0.512000,2.536000,5,0.160000,0.285000
1931,0.102000,1.490000,2,0.042000,0.065000
1932,0.274000,2.074000,4,0.104000,0.170000
1933,0.346000,1.934000,7,0.146000,0.215000
1934,0.480000,1.652000,6,0.154000,0.275000
1935,0.216000,2.484000,8,0.140000,0.205000
1936,0.236000,1.606000,4,0.108000,0.175000
1937,0.326000,1.694000,6,0.118000,0.170000
1938,0.084000,0.820000,3,0.048000,0.090000
1939,0.410000,1.262000,3,0.128000,0.230000
1940,0.504000,2.424000,5,0.142000,0.230000
1941,0.030000,1.228000,2,0.044000,0.050000
1942,0.040000,1.712000,4,0.056000,0.055000
1943,0.086000,2.180000,5,0.076000,0.090000
1944,0.144000,1.764000,4,0.080000,0.120000
1945,0.396000,1.184000,5,0.132000,0.200000
1946,0.166000,2.052000,5,0.102000,0.155000
1947,0.136000,1.686000,5,0.100000,0.135000
1948,0.066000,0.842000,2,0.042000,0.060000
1949,0.062000,3.308000,4,0.066000,0.060000
1950,0.042000,1.422000,4,0.058000,0.060000
1951,0.000000,0.000000,0,0.000000,0.000000
1952,0.292000,2.448000,6,0.138000,0.250000
1953,0.040000,0.934000,2,0.040000,0.050000
1954,0.400000,1.214000,5,0.136000,0.185000
1955,0.258000,1.990000,5,0.100000,0.150000
1956,0.048000,0.892000,1,0.026000,0.040000
1957,0.346000,0.606000,2,0.076000,0.155000
1958,1.036000,1.398000,6,0.212000,0.365000
1959,0.168000,1.612000,3,0.084000,0.130000
1960,0.020000,0.940000,1,0.016000,0.020000
1961,0.112000,0.422000,2,0.046000,0.070000
1962,0.082000,1.732000,2,0.046000,0.070000
1963,0.400000,0.904000,2,0.070000,0.125000
1964,0.134000,2.362000,4,0.076000,0.105000
1965,0.266000,0.000000,2,0.042000,0.105000
1966,0.020000,0.940000,1,0.016000,0.020000
1967,0.220000,0.768000,2,0.086000,0.145000
1968,0.050000,1.744000,2,0.042000,0.055000
1969,0.354000,1.572000,3,0.106000,0.190000
1970,0.184000,1.346000,5,0.124000,0.175000
1971,0.230000,0.896000,3,0.080000,0.130000
1972,0.054000,2.412000,3,0.050000,0.055000
1973,0.020000,1.682000,2,0.030000,0.030000
1974,0.162000,2.052000,4,0.084000,0.100000
1975,0.254000,0.752000,1,0.056000,0.140000
1976,0.202000,1.750000,4,0.104000,0.155000
1977,0.184000,1.938000,4,0.094000,0.140000
1978,0.098000,1.676000,5,0.086000,0.105000
1979,0.118000,0.980000,3,0.058000,0.095000
1980,0.000000,0.000000,0,0.000000,0.000000
1981,0.116000,1.586000,2,0.056000,0.085000
1982,0.312000,1.414000,4,0.112000,0.190000
1983,0.268000,2.344000,3,0.078000,0.125000
1984,0.046000,1.484000,2,0.042000,0.055000
1985,0.020000,0.940000,1,0.016000,0.020000
1986,0.044000,1.620000,2,0.030000,0.035000
1987,0.026000,1.340000,2,0.028000,0.030000
1988,0.096000,1.246000,3,0.068000,0.100000
1989,0.094000,2.242000,3,0.058000,0.080000
1990,0.304000,2.202000,3,0.084000,0.110000
1991,0.080000,1.030000,3,0.052000,0.070000
1992,0.054000,2.160000,4,0.056000,0.055000
1993,0.020000,0.850000,1,0.016000,0.020000
1994,0.890000,1.404000,2,0.100000,0.200000
1995,0.330000,2.208000,7,0.160000,0.210000
1996,0.050000,1.776000,2,0.046000,0.060000
1997,0.108000,1.582000,3,0.060000,0.085000
1998,0.154000,1.072000,3,0.056000,0.095000
1999,0.240000,0.060000,1,0.038000,0.075000
2000,0.076000,1.590000,3,0.044000,0.050000
2001,0.218000,2.186000,6,0.130000,0.190000
2002,0.278000,0.630000,1,0.064000,0.175000
2003,0.506000,2.560000,4,0.104000,0.180000
2004,0.064000,1.754000,2,0.046000,0.065000
2005,0.208000,0.922000,2,0.064000,0.115000
2006,0.240000,0.760000,1,0.038000,0.075000
2007,0.260000,1.670000,3,0.076000,0.130000
2008,0.106000,1.540000,4,0.054000,0.075000
2009,0.560000,2.080000,5,0.106000,0.215000
2010,0.000000,0.000000,0,0.000000,0.000000
2011,0.476000,2.636000,10,0.216000,0.310000
2012,0.050000,0.862000,2,0.036000,0.045000
2013,0.090000,1.492000,3,0.058000,0.080000
2014,0.230000,1.388000,3,0.100000,0.155000
2015,0.034000,1.712000,2,0.034000,0.040000
2016,0.002000,0.700000,1,0.010000,0.005000
2017,0.190000,1.440000,3,0.054000,0.095000
2018,0.152000,0.822000,1,0.040000,0.075000
2019,0.170000,0.524000,3,0.066000,0.140000
2020,0.332000,1.652000,4,0.098000,0.180000
2021,0.208000,1.426000,4,0.104000,0.155000
2022,0.000000,0.000000,0,0.000000,0.000000
2023,0.194000,1.582000,4,0.088000,0.135000
2024,0.176000,1.700000,5,0.082000,0.125000
2025,0.332000,1.674000,3,0.078000,0.125000
2026,0.110000,0.914000,2,0.050000,0.075000
2027,0.286000,2.046000,5,0.132000,0.200000
2028,0.332000,1.548000,6,0.138000,0.235000
2029,0.116000,1.382000,3,0.060000,0.085000
2030,0.012000,0.510000,1,0.014000,0.015000
2031,0.152000,2.152000,3,0.068000,0.135000
2032,0.110000,0.820000,1,0.028000,0.050000
2033,0.140000,2.060000,3,0.060000,0.090000
2034,0.076000,0.770000,2,0.030000,0.055000
2035,0.000000,0.000000,0,0.000000,0.000000
2036,0.130000,2.362000,4,0.072000,0.095000
2037,0.704000,1.388000,2,0.106000,0.205000
2038,0.480000,0.966000,4,0.116000,0.205000
2039,0.050000,1.610000,3,0.042000,0.045000
2040,0.044000,0.002000,1,0.016000,0.035000
2041,0.044000,1.412000,2,0.036000,0.045000
2042,0.472000,0.542000,2,0.076000,0.145000
2043,0.090000,0.300000,1,0.026000,0.045000
2044,0.032000,0.250000,2,0.028000,0.030000
2045,0.080000,1.242000,2,0.046000,0.070000
2046,0.148000,2.066000,4,0.090000,0.130000
2047,0.508000,1.746000,4,0.160000,0.295000
2048,0.190000,1.564000,5,0.088000,0.150000
2049,0.030000,0.930000,1,0.018000,0.025000
2050,0.350000,1.462000,4,0.102000,0.150000
2051,0.394000,1.418000,5,0.132000,0.210000
2052,0.128000,2.050000,5,0.082000,0.135000
2053,0.098000,1.572000,3,0.058000,0.080000
2054,0.138000,0.770000,4,0.060000,0.090000
2055,0.056000,0.850000,1,0.022000,0.035000
2056,0.052000,1.562000,2,0.038000,0.050000
2057,0.160000,0.970000,3,0.062000,0.095000
2058,0.364000,2.466000,7,0.154000,0.215000
2059,0.080000,0.762000,3,0.056000,0.090000
2060,0.272000,2.648000,5,0.114000,0.185000
2061,0.136000,2.226000,4,0.084000,0.085000
2062,0.078000,1.310000,3,0.064000,0.080000
2063,0.086000,0.840000,2,0.040000,0.060000
2064,0.252000,3.044000,4,0.098000,0.140000
2065,0.134000,1.194000,2,0.062000,0.105000
2066,0.362000,2.064000,4,0.114000,0.195000
2067,0.690000,1.964000,5,0.148000,0.245000
2068,0.012000,0.540000,1,0.014000,0.015000
2069,0.216000,2.736000,7,0.128000,0.185000
2070,0.070000,1.522000,3,0.066000,0.060000
2071,0.214000,2.464000,8,0.140000,0.190000
2072,0.000000,0.000000,0,0.000000,0.000000
2073,0.184000,1.422000,3,0.070000,0.110000
2074,0.508000,2.166000,4,0.116000,0.180000
2075,0.234000,2.202000,4,0.084000,0.125000
2076,0.056000,0.830000,1,0.022000,0.035000
2077,0.560000,0.016000,1,0.072000,0.155000
2078,0.274000,1.564000,2,0.068000,0.120000
2079,0.000000,0.000000,0,0.000000,0.000000
2080,0.258000,2.102000,6,0.148000,0.205000
2081,0.152000,1.700000,2,0.048000,0.080000
2082,0.208000,1.664000,3,0.082000,0.145000
2083,0.104000,0.784000,2,0.052000,0.080000
2084,0.196000,1.842000,4,0.088000,0.135000
2085,0.622000,1.424000,3,0.108000,0.170000
2086,0.664000,1.880000,5,0.150000,0.260000
2087,0.048000,0.880000,2,0.032000,0.040000
2088,0.144000,2.782000,5,0.088000,0.130000
2089,0.074000,1.762000,2,0.044000,0.065000
2090,0.060000,1.816000,2,0.046000,0.060000
2091,0.136000,1.194000,3,0.064000,0.090000
2092,0.114000,2.010000,3,0.058000,0.085000
2093,0.068000,1.320000,4,0.080000,0.095000
2094,0.054000,1.840000,2,0.034000,0.045000
2095,0.176000,1.422000,4,0.078000,0.120000
2096,0.094000,1.622000,3,0.060000,0.075000
2097,0.014000,1.786000,2,0.030000,0.025000
2098,0.250000,3.054000,5,0.118000,0.145000
2099,0.284000,2.520000,4,0.118000,0.200000
2100,0.072000,1.112000,3,0.054000,0.070000
2101,0.392000,3.010000,7,0.172000,0.260000
2102,0.082000,1.248000,3,0.056000,0.085000
2103,0.162000,1.796000,4,0.090000,0.105000
2104,0.192000,1.650000,5,0.086000,0.140000
2105,0.306000,1.244000,5,0.108000,0.180000
2106,0.202000,2.714000,4,0.088000,0.105000
2107,0.086000,1.694000,2,0.046000,0.065000
2108,0.088000,1.502000,2,0.044000,0.065000
2109,0.028000,0.844000,1,0.026000,0.035000
2110,0.028000,1.782000,2,0.032000,0.050000
2111,0.420000,2.104000,7,0.144000,0.225000
2112,0.140000,1.610000,3,0.052000,0.090000
2113,0.022000,0.440000,2,0.026000,0.025000
2114,0.428000,1.284000,5,0.132000,0.250000
2115,0.270000,0.972000,4,0.096000,0.135000
2116,0.054000,0.144000,2,0.036000,0.060000
2117,0.026000,1.714000,2,0.036000,0.040000
2118,0.354000,1.442000,5,0.144000,0.230000
2119,0.044000,1.632000,2,0.036000,0.045000
2120,0.532000,1.846000,4,0.132000,0.235000
2121,0.058000,0.454000,2,0.044000,0.060000
2122,0.508000,1.274000,3,0.120000,0.210000
2123,0.252000,1.662000,4,0.092000,0.170000
2124,0.058000,0.906000,2,0.042000,0.060000
2125,0.224000,1.230000,3,0.072000,0.120000
2126,0.034000,0.824000,1,0.026000,0.035000
2127,0.150000,1.468000,5,0.104000,0.145000
2128,0.206000,1.900000,3,0.066000,0.105000
2129,0.034000,1.042000,2,0.034000,0.040000
2130,0.074000,2.300000,6,0.096000,0.100000
2131,0.310000,1.324000,5,0.136000,0.200000
2132,0.202000,2.038000,4,0.100000,0.140000
2133,0.056000,0.840000,1,0.022000,0.035000
2134,0.358000,2.984000,6,0.132000,0.230000
2135,0.362000,2.574000,9,0.162000,0.200000
2136,0.200000,1.810000,4,0.084000,0.130000
2137,0.504000,0.792000,3,0.122000,0.205000
2138,0.158000,1.122000,2,0.054000,0.090000
2139,0.236000,1.456000,3,0.084000,0.145000
2140,0.050000,1.460000,2,0.034000,0.045000
2141,0.000000,0.000000,0,0.000000,0.000000
2142,0.134000,1.146000,2,0.064000,0.105000
2143,0.098000,1.992000,3,0.058000,0.060000
2144,0.026000,0.262000,1,0.022000,0.030000
2145,0.492000,1.774000,3,0.106000,0.195000
2146,0.406000,1.226000,3,0.086000,0.170000
2147,0.316000,1.240000,4,0.118000,0.190000
2148,0.216000,2.226000,5,0.116000,0.160000
2149,0.336000,2.676000,4,0.102000,0.140000
2150,0.474000,1.756000,5,0.136000,0.200000
2151,0.430000,1.374000,3,0.100000,0.180000
2152,0.030000,1.722000,2,0.034000,0.040000
2153,1.124000,0.878000,3,0.160000,0.345000
2154,0.068000,1.158000,4,0.066000,0.100000
2155,0.238000,2.758000,5,0.134000,0.170000
2156,0.366000,1.270000,4,0.118000,0.175000
2157,0.068000,2.174000,5,0.076000,0.095000
2158,0.136000,2.278000,4,0.088000,0.125000
2159,0.394000,1.766000,5,0.130000,0.250000
2160,0.042000,0.092000,1,0.026000,0.040000
2161,0.162000,2.370000,4,0.066000,0.105000
2162,0.056000,1.666000,3,0.052000,0.075000
2163,0.330000,0.562000,1,0.058000,0.120000
2164,0.112000,0.660000,2,0.038000,0.070000
2165,0.088000,0.942000,3,0.058000,0.095000
2166,0.094000,1.834000,4,0.072000,0.075000
2167,0.082000,3.062000,4,0.064000,0.075000
2168,0.070000,1.164000,3,0.058000,0.080000
2169,0.230000,1.618000,5,0.120000,0.180000
2170,0.268000,2.034000,5,0.118000,0.185000
2171,0.258000,1.618000,2,0.086000,0.160000
2172,0.024000,0.562000,1,0.022000,0.030000
2173,0.142000,2.110000,3,0.086000,0.130000
2174,0.170000,1.682000,2,0.060000,0.105000
2175,0.110000,2.170000,3,0.056000,0.080000
2176,0.266000,0.830000,3,0.074000,0.140000
2177,0.450000,2.594000,4,0.108000,0.200000
2178,0.084000,1.212000,2,0.046000,0.070000
2179,0.230000,1.664000,4,0.104000,0.170000
2180,0.062000,2.064000,5,0.072000,0.070000
2181,0.390000,2.790000,5,0.120000,0.180000
2182,0.076000,1.190000,2,0.038000,0.055000
2183,0.064000,0.860000,3,0.046000,0.055000
2184,0.122000,1.956000,4,0.084000,0.115000
2185,0.050000,0.720000,2,0.034000,0.045000
2186,0.154000,2.024000,4,0.086000,0.110000
2187,0.208000,2.720000,6,0.104000,0.135000
2188,0.366000,1.440000,2,0.088000,0.160000
2189,0.462000,1.736000,4,0.158000,0.270000
2190,0.298000,1.356000,5,0.150000,0.290000
2191,0.266000,2.652000,6,0.108000,0.165000
2192,0.136000,2.346000,5,0.098000,0.155000
2193,0.284000,1.508000,6,0.132000,0.210000
2194,0.112000,1.542000,5,0.084000,0.105000
2195,0.242000,2.822000,5,0.108000,0.130000
2196,0.044000,2.080000,3,0.044000,0.080000
2197,0.144000,2.196000,4,0.088000,0.100000
2198,0.162000,2.184000,5,0.096000,0.130000
2199,0.162000,1.964000,4,0.086000,0.125000
2200,0.718000,1.260000,4,0.144000,0.265000
2201,0.124000,2.242000,4,0.076000,0.080000
2202,0.064000,2.272000,3,0.052000,0.065000
2203,0.142000,2.702000,5,0.090000,0.115000
2204,0.326000,3.742000,8,0.156000,0.200000
2205,0.438000,3.046000,8,0.172000,0.240000
2206,0.248000,3.102000,8,0.172000,0.225000
2207,0.074000,2.022000,4,0.066000,0.080000
2208,0.020000,0.890000,1,0.016000,0.020000
2209,0.132000,0.870000,1,0.030000,0.055000
2210,0.174000,1.128000,5,0.104000,0.150000
2211,0.362000,1.222000,3,0.076000,0.145000
2212,0.240000,2.732000,6,0.108000,0.160000
2213,0.318000,1.936000,5,0.118000,0.185000
2214,0.066000,1.994000,3,0.054000,0.065000
2215,0.144000,0.746000,2,0.060000,0.095000
2216,0.176000,2.812000,6,0.106000,0.140000
2217,0.184000,2.592000,4,0.086000,0.130000
2218,0.056000,2.182000,5,0.070000,0.100000
2219,0.104000,2.246000,6,0.100000,0.120000
2220,0.166000,1.802000,5,0.086000,0.120000
2221,0.226000,2.056000,6,0.122000,0.170000
2222,0.162000,1.290000,5,0.088000,0.130000
2223,0.306000,2.084000,3,0.078000,0.125000
2224,0.392000,1.740000,2,0.060000,0.110000
2225,0.058000,0.392000,1,0.026000,0.040000
2226,0.390000,1.876000,5,0.138000,0.200000
2227,0.270000,2.056000,6,0.122000,0.190000
2228,0.398000,1.884000,5,0.128000,0.210000
2229,0.058000,1.568000,2,0.052000,0.070000
2230,0.276000,2.182000,6,0.120000,0.175000
2231,0.218000,2.720000,5,0.096000,0.125000
2232,0.238000,2.992000,4,0.090000,0.125000
2233,0.202000,3.686000,9,0.152000,0.185000
2234,0.482000,2.866000,6,0.164000,0.260000
2235,0.126000,2.164000,5,0.092000,0.120000
2236,0.100000,1.732000,3,0.058000,0.080000
2237,0.294000,2.110000,4,0.122000,0.200000
2238,0.510000,1.232000,5,0.154000,0.255000
2239,1.180000,2.266000,4,0.168000,0.310000
2240,0.134000,0.660000,2,0.040000,0.060000
2241,0.622000,1.830000,5,0.120000,0.210000
2242,0.250000,0.636000,2,0.080000,0.145000
2243,0.500000,1.372000,4,0.104000,0.175000
2244,0.270000,2.358000,6,0.160000,0.265000
2245,0.084000,0.720000,2,0.038000,0.055000
2246,0.474000,1.324000,5,0.116000,0.220000
2247,0.172000,1.150000,3,0.064000,0.075000
2248,0.434000,2.866000,5,0.132000,0.185000
2249,0.448000,1.356000,3,0.110000,0.200000
2250,0.472000,2.902000,11,0.236000,0.370000
2251,0.244000,3.150000,6,0.110000,0.155000
2252,0.122000,1.412000,2,0.048000,0.075000
2253,0.298000,2.228000,5,0.156000,0.220000
2254,0.226000,2.484000,7,0.132000,0.200000
2255,0.362000,2.362000,7,0.144000,0.180000
2256,0.660000,1.674000,4,0.126000,0.225000
2257,0.260000,3.286000,9,0.166000,0.175000
2258,0.100000,1.936000,4,0.066000,0.090000
2259,0.128000,3.922000,5,0.086000,0.090000
2260,0.438000,2.226000,7,0.168000,0.320000
2261,0.132000,2.316000,5,0.088000,0.125000
2262,0.020000,0.940000,1,0.016000,0.020000
2263,0.106000,1.160000,3,0.056000,0.060000
2264,0.390000,1.638000,6,0.152000,0.215000
2265,0.016000,1.710000,3,0.034000,0.025000
2266,0.234000,1.494000,8,0.146000,0.205000
2267,1.018000,2.458000,4,0.166000,0.300000
2268,0.086000,0.500000,2,0.040000,0.060000
2269,0.160000,1.144000,4,0.086000,0.125000
2270,0.342000,0.964000,3,0.086000,0.170000
2271,0.152000,2.954000,4,0.084000,0.120000
2272,0.726000,1.208000,4,0.154000,0.225000
2273,0.140000,2.154000,6,0.124000,0.160000
2274,1.134000,1.654000,8,0.266000,0.460000
2275,0.092000,2.904000,4,0.074000,0.095000
2276,0.202000,1.884000,4,0.092000,0.160000
2277,0.104000,2.682000,5,0.080000,0.095000
2278,0.078000,1.642000,2,0.044000,0.065000
2279,0.596000,3.546000,8,0.168000,0.190000
2280,0.166000,2.166000,4,0.092000,0.125000
2281,0.138000,0.828000,2,0.064000,0.100000
2282,0.268000,1.610000,5,0.094000,0.155000
2283,1.174000,2.234000,5,0.196000,0.350000
2284,0.110000,1.746000,3,0.068000,0.095000
2285,0.126000,1.716000,4,0.082000,0.110000
2286,0.452000,2.198000,10,0.210000,0.255000
2287,0.136000,2.366000,5,0.098000,0.095000
2288,0.734000,1.374000,6,0.166000,0.255000
2289,0.458000,2.444000,4,0.106000,0.130000
2290,0.094000,1.818000,4,0.070000,0.090000
2291,0.106000,2.266000,6,0.094000,0.120000
2292,0.060000,1.576000,2,0.048000,0.065000
2293,0.164000,2.914000,7,0.126000,0.130000
2294,0.214000,3.726000,8,0.140000,0.175000
2295,0.230000,2.794000,5,0.108000,0.160000
2296,0.452000,2.552000,6,0.152000,0.220000
2297,0.766000,2.294000,4,0.114000,0.215000
2298,0.388000,1.324000,4,0.114000,0.195000
2299,0.090000,2.622000,4,0.070000,0.090000
2300,0.644000,2.402000,6,0.148000,0.245000
2301,0.176000,1.624000,2,0.062000,0.105000
2302,0.118000,1.336000,3,0.060000,0.095000
2303,0.256000,2.078000,4,0.100000,0.155000
2304,0.320000,2.028000,5,0.140000,0.210000
2305,0.104000,1.820000,5,0.076000,0.105000
2306,0.332000,2.366000,6,0.140000,0.195000
2307,0.544000,1.756000,5,0.180000,0.315000
2308,0.156000,2.228000,4,0.096000,0.125000
2309,0.086000,2.140000,3,0.050000,0.065000
2310,0.640000,2.756000,7,0.232000,0.345000
2311,0.266000,2.408000,5,0.122000,0.185000
2312,0.114000,2.330000,5,0.094000,0.115000
2313,0.540000,2.734000,5,0.170000,0.230000
2314,0.230000,2.194000,8,0.158000,0.195000
2315,0.236000,1.936000,4,0.096000,0.145000
2316,0.104000,1.714000,5,0.086000,0.105000
2317,0.248000,0.874000,3,0.068000,0.120000
2318,0.114000,1.466000,3,0.066000,0.090000
2319,0.222000,2.260000,4,0.108000,0.190000
2320,0.120000,1.364000,5,0.072000,0.110000
2321,0.042000,1.562000,2,0.036000,0.045000
2322,0.132000,1.560000,2,0.046000,0.090000
2323,0.098000,0.890000,3,0.070000,0.095000
2324,0.104000,3.050000,6,0.098000,0.130000
2325,0.112000,0.890000,2,0.044000,0.070000
2326,0.166000,0.530000,2,0.050000,0.075000
2327,0.106000,0.880000,3,0.056000,0.080000
2328,0.116000,1.138000,4,0.076000,0.105000
2329,0.150000,1.484000,3,0.066000,0.095000
2330,0.244000,1.156000,2,0.082000,0.150000
2331,0.254000,1.600000,3,0.072000,0.115000
2332,0.076000,1.450000,2,0.038000,0.055000
2333,0.188000,1.472000,3,0.068000,0.105000
2334,0.668000,2.202000,8,0.210000,0.320000
2335,0.008000,0.682000,1,0.016000,0.015000
2336,0.198000,1.584000,4,0.088000,0.160000
2337,0.282000,1.068000,5,0.100000,0.155000
2338,0.190000,1.294000,4,0.090000,0.135000
2339,0.200000,1.552000,6,0.106000,0.140000
2340,0.044000,0.890000,2,0.030000,0.035000
2341,0.140000,0.756000,1,0.042000,0.075000
2342,0.388000,3.366000,7,0.164000,0.245000
2343,0.126000,1.422000,3,0.062000,0.090000
2344,0.130000,1.022000,2,0.050000,0.080000
2345,0.070000,1.264000,3,0.058000,0.075000
2346,0.668000,3.184000,7,0.162000,0.245000
2347,0.340000,2.856000,7,0.158000,0.210000
2348,0.110000,0.370000,1,0.028000,0.065000
2349,0.150000,1.018000,4,0.086000,0.135000
2350,0.268000,1.570000,5,0.110000,0.185000
2351,0.044000,0.312000,2,0.028000,0.035000
2352,0.196000,1.594000,2,0.070000,0.125000
2353,0.594000,1.538000,4,0.176000,0.325000
2354,0.150000,1.244000,4,0.080000,0.110000
2355,0.162000,1.880000,4,0.078000,0.115000
2356,0.066000,1.662000,3,0.054000,0.070000
2357,0.082000,0.822000,2,0.044000,0.065000
2358,0.248000,1.380000,4,0.102000,0.165000
2359,0.186000,0.962000,3,0.088000,0.175000
2360,0.242000,1.910000,5,0.102000,0.155000
2361,0.364000,0.774000,3,0.094000,0.185000
2362,0.218000,2.324000,5,0.114000,0.140000
2363,0.042000,0.780000,1,0.020000,0.030000
2364,0.214000,1.454000,3,0.084000,0.140000
2365,0.300000,1.916000,6,0.132000,0.185000
2366,0.022000,0.382000,1,0.020000,0.025000
2367,0.152000,0.970000,2,0.048000,0.080000
2368,0.262000,1.396000,4,0.106000,0.140000
2369,0.832000,1.922000,4,0.138000,0.215000
2370,0.066000,1.064000,2,0.042000,0.055000
2371,0.032000,0.990000,2,0.028000,0.030000
2372,0.738000,2.786000,7,0.184000,0.270000
2373,0.162000,2.412000,4,0.076000,0.105000
2374,0.188000,2.202000,5,0.092000,0.110000
2375,0.180000,1.796000,3,0.080000,0.125000
2376,0.146000,1.500000,3,0.090000,0.140000
2377,0.054000,2.142000,4,0.062000,0.070000
2378,0.614000,2.684000,4,0.138000,0.220000
2379,0.162000,2.282000,3,0.068000,0.105000
2380,1.734000,1.358000,6,0.228000,0.430000
2381,0.198000,2.314000,6,0.110000,0.120000
2382,0.112000,2.702000,4,0.068000,0.085000
2383,0.076000,1.190000,2,0.038000,0.055000
2384,0.132000,2.604000,4,0.078000,0.105000
2385,0.196000,3.564000,5,0.106000,0.135000
2386,0.830000,1.298000,4,0.156000,0.325000
2387,0.250000,2.256000,5,0.102000,0.160000
2388,0.296000,2.562000,7,0.140000,0.205000
2389,0.272000,0.940000,4,0.116000,0.185000
2390,0.060000,1.622000,2,0.040000,0.055000
2391,0.188000,2.264000,4,0.082000,0.100000
2392,0.000000,0.000000,0,0.000000,0.000000
2393,0.056000,0.798000,1,0.036000,0.055000
2394,0.576000,1.186000,4,0.142000,0.260000
2395,0.204000,1.152000,2,0.058000,0.130000
2396,0.356000,3.310000,6,0.126000,0.215000
2397,0.000000,0.000000,0,0.000000,0.000000
2398,0.188000,2.652000,6,0.110000,0.150000
2399,0.162000,1.700000,2,0.050000,0.085000
2400,0.140000,2.024000,5,0.094000,0.150000
2401,0.242000,1.062000,3,0.104000,0.175000
2402,0.206000,1.696000,4,0.100000,0.185000
2403,0.094000,1.742000,3,0.058000,0.080000
2404,0.174000,2.820000,6,0.118000,0.150000
2405,0.270000,2.226000,5,0.104000,0.170000
2406,0.050000,2.448000,3,0.060000,0.070000
2407,0.158000,2.182000,5,0.096000,0.140000
2408,0.358000,3.092000,6,0.124000,0.185000
2409,0.042000,0.540000,1,0.020000,0.030000
2410,0.232000,0.028000,2,0.076000,0.265000
2411,0.138000,2.332000,4,0.078000,0.110000
2412,0.332000,0.652000,2,0.078000,0.150000
2413,0.246000,2.366000,4,0.104000,0.130000
2414,0.294000,2.176000,6,0.136000,0.205000
2415,0.544000,1.494000,4,0.134000,0.230000
2416,0.068000,1.460000,2,0.036000,0.050000
2417,0.544000,1.706000,4,0.138000,0.240000
2418,0.928000,2.760000,6,0.196000,0.285000
2419,0.092000,1.300000,3,0.054000,0.055000
2420,0.128000,3.264000,6,0.104000,0.130000
2421,0.156000,2.574000,5,0.094000,0.130000
2422,0.166000,2.932000,7,0.110000,0.185000
2423,0.012000,0.950000,1,0.014000,0.015000
2424,0.184000,1.198000,4,0.094000,0.130000
2425,0.502000,2.066000,4,0.106000,0.185000
2426,0.272000,1.472000,2,0.070000,0.130000
2427,0.000000,0.000000,0,0.000000,0.000000
2428,0.262000,1.298000,4,0.112000,0.180000
2429,0.062000,0.470000,2,0.036000,0.050000
2430,0.122000,2.984000,7,0.114000,0.190000
2431,0.138000,2.200000,5,0.086000,0.135000
2432,0.116000,2.108000,4,0.088000,0.105000
2433,0.640000,2.108000,4,0.118000,0.190000
2434,0.170000,2.592000,8,0.122000,0.200000
2435,0.044000,1.832000,2,0.036000,0.045000
2436,0.150000,1.572000,4,0.078000,0.115000
2437,0.116000,1.546000,4,0.098000,0.135000
2438,0.166000,2.196000,6,0.112000,0.165000
2439,0.212000,2.356000,7,0.128000,0.165000
2440,0.006000,0.770000,1,0.012000,0.010000
2441,0.120000,1.584000,6,0.090000,0.115000
2442,0.096000,1.596000,4,0.080000,0.105000
2443,0.042000,0.710000,1,0.020000,0.030000
2444,0.030000,0.930000,1,0.018000,0.025000
2445,0.144000,3.202000,5,0.092000,0.125000
2446,0.054000,0.900000,2,0.034000,0.045000
2447,0.154000,1.638000,4,0.072000,0.100000
2448,0.326000,0.978000,6,0.144000,0.230000
2449,0.218000,3.144000,6,0.124000,0.180000
2450,0.374000,2.654000,8,0.160000,0.260000
2451,0.432000,1.002000,4,0.102000,0.190000
2452,0.052000,0.774000,2,0.040000,0.050000
2453,0.062000,1.514000,3,0.056000,0.070000
2454,0.000000,0.000000,0,0.000000,0.000000
2455,0.028000,2.620000,3,0.038000,0.035000
2456,0.348000,1.144000,3,0.108000,0.235000
2457,0.206000,2.272000,3,0.072000,0.115000
2458,0.042000,0.670000,1,0.020000,0.030000
2459,0.092000,1.540000,3,0.054000,0.075000
2460,0.190000,2.888000,6,0.110000,0.140000
2461,0.208000,2.752000,5,0.086000,0.130000
2462,0.072000,1.402000,3,0.054000,0.090000
2463,0.040000,1.724000,2,0.038000,0.065000
2464,0.122000,1.876000,5,0.088000,0.115000
2465,0.050000,1.512000,2,0.036000,0.045000
2466,0.172000,1.278000,4,0.086000,0.105000
2467,0.218000,3.114000,5,0.106000,0.155000
2468,0.042000,1.652000,2,0.036000,0.045000
2469,0.944000,2.840000,7,0.248000,0.415000
2470,0.144000,1.470000,2,0.048000,0.080000
2471,0.206000,0.950000,3,0.066000,0.105000
2472,0.142000,1.496000,5,0.100000,0.135000
2473,0.032000,1.400000,2,0.028000,0.030000
2474,0.124000,1.292000,3,0.062000,0.095000
2475,0.120000,2.152000,3,0.062000,0.125000
2476,0.230000,1.400000,4,0.104000,0.160000
2477,0.506000,2.128000,3,0.150000,0.255000
2478,0.126000,1.290000,3,0.058000,0.085000
2479,0.080000,1.480000,3,0.086000,0.110000
2480,0.060000,1.280000,2,0.036000,0.050000
2481,0.038000,0.242000,2,0.036000,0.095000
2482,0.220000,1.002000,2,0.082000,0.140000
2483,0.178000,1.962000,4,0.082000,0.115000
2484,0.148000,2.080000,7,0.110000,0.170000
2485,0.116000,1.792000,3,0.062000,0.120000
2486,0.126000,1.304000,3,0.072000,0.095000
2487,0.124000,1.940000,3,0.052000,0.070000
2488,0.616000,1.192000,3,0.172000,0.340000
2489,0.042000,0.820000,1,0.020000,0.030000
2490,0.728000,1.794000,6,0.150000,0.265000
2491,0.146000,1.620000,2,0.048000,0.080000
2492,0.174000,1.214000,5,0.100000,0.140000
2493,0.244000,1.032000,2,0.062000,0.110000
2494,0.352000,1.544000,4,0.118000,0.185000
2495,0.116000,2.700000,4,0.070000,0.095000
2496,0.150000,2.336000,5,0.102000,0.140000
2497,0.140000,2.080000,3,0.060000,0.090000
2498,0.458000,1.702000,4,0.118000,0.180000
2499,0.062000,2.262000,3,0.050000,0.045000
2500,0.184000,1.990000,5,0.110000,0.170000
2501,0.072000,1.644000,2,0.044000,0.060000
2502,0.254000,1.270000,4,0.102000,0.160000
2503,0.436000,1.692000,3,0.098000,0.180000
2504,0.482000,2.460000,6,0.168000,0.250000
2505,0.314000,1.528000,4,0.126000,0.215000
2506,0.014000,1.440000,2,0.024000,0.020000
2507,0.364000,1.492000,3,0.086000,0.175000
2508,0.212000,1.542000,4,0.110000,0.170000
2509,0.894000,0.016000,1,0.122000,0.270000
2510,0.160000,1.382000,3,0.062000,0.080000
2511,0.062000,0.750000,2,0.036000,0.050000
2512,0.296000,1.876000,5,0.128000,0.175000
2513,0.072000,0.980000,2,0.038000,0.055000
2514,0.246000,2.236000,7,0.128000,0.185000
2515,0.102000,0.810000,2,0.042000,0.065000
2516,0.112000,1.590000,2,0.044000,0.070000
2517,0.176000,0.918000,3,0.066000,0.110000
2518,0.152000,1.602000,5,0.092000,0.135000
2519,0.056000,0.910000,1,0.022000,0.035000
2520,0.042000,0.920000,1,0.020000,0.045000
2521,0.386000,2.672000,9,0.190000,0.225000
2522,0.466000,1.456000,6,0.152000,0.235000
2523,0.132000,1.150000,3,0.060000,0.090000
2524,0.172000,0.892000,5,0.086000,0.130000
2525,0.094000,1.092000,3,0.056000,0.075000
2526,0.064000,1.432000,2,0.038000,0.050000
2527,0.284000,1.662000,4,0.102000,0.195000
2528,0.174000,2.386000,6,0.104000,0.120000
2529,0.090000,1.784000,4,0.072000,0.090000
2530,0.050000,1.374000,2,0.044000,0.060000
2531,0.110000,1.594000,3,0.064000,0.090000
2532,0.214000,2.320000,4,0.082000,0.125000
2533,0.074000,1.200000,3,0.050000,0.065000
2534,0.018000,0.882000,1,0.020000,0.025000
2535,0.030000,0.900000,1,0.018000,0.025000
2536,0.274000,1.790000,4,0.094000,0.155000
2537,0.250000,2.226000,5,0.136000,0.150000
2538,0.110000,1.076000,3,0.066000,0.090000
2539,0.134000,0.712000,1,0.064000,0.150000
2540,0.228000,2.882000,8,0.162000,0.205000
2541,0.034000,0.552000,2,0.034000,0.040000
2542,0.280000,2.856000,4,0.122000,0.225000
2543,0.104000,0.664000,2,0.046000,0.075000
2544,0.074000,0.902000,3,0.042000,0.080000
2545,0.164000,2.016000,5,0.104000,0.160000
2546,0.248000,2.008000,5,0.124000,0.190000
2547,0.112000,2.312000,4,0.070000,0.130000
2548,0.064000,2.364000,4,0.064000,0.070000
2549,0.100000,0.632000,2,0.046000,0.070000
2550,0.044000,2.086000,3,0.052000,0.055000
2551,0.086000,0.904000,2,0.036000,0.070000
2552,0.228000,1.612000,4,0.092000,0.145000
2553,0.072000,0.902000,2,0.032000,0.055000
2554,0.068000,1.932000,4,0.062000,0.070000
2555,0.046000,0.674000,3,0.040000,0.050000
2556,0.064000,1.818000,3,0.056000,0.065000
2557,0.204000,1.410000,4,0.084000,0.115000
2558,0.044000,1.832000,2,0.038000,0.050000
2559,0.084000,1.512000,3,0.048000,0.075000
2560,0.150000,1.706000,3,0.078000,0.120000
2561,1.030000,0.960000,3,0.140000,0.295000
2562,0.106000,0.722000,2,0.050000,0.090000
2563,0.216000,1.810000,4,0.074000,0.105000
2564,0.204000,2.278000,7,0.124000,0.195000
2565,0.094000,2.234000,5,0.082000,0.095000
2566,0.242000,2.534000,4,0.124000,0.195000
2567,0.082000,2.462000,4,0.082000,0.100000
2568,0.354000,2.324000,6,0.132000,0.190000
2569,0.256000,2.302000,6,0.114000,0.155000
2570,0.014000,0.914000,1,0.022000,0.050000
2571,0.396000,1.458000,7,0.164000,0.280000
2572,0.012000,0.640000,1,0.014000,0.015000
2573,0.074000,0.740000,2,0.026000,0.045000
2574,0.092000,0.948000,3,0.064000,0.095000
2575,0.092000,1.442000,3,0.070000,0.090000
2576,0.116000,1.082000,3,0.058000,0.080000
2577,0.182000,1.472000,3,0.074000,0.120000
2578,0.102000,1.422000,2,0.064000,0.095000
2579,0.012000,0.930000,1,0.014000,0.015000
2580,0.070000,2.202000,4,0.064000,0.075000
2581,0.168000,1.702000,4,0.072000,0.115000
2582,0.048000,0.332000,1,0.026000,0.040000
2583,0.026000,0.912000,1,0.022000,0.030000
2584,0.344000,2.472000,3,0.094000,0.115000
2585,0.036000,0.880000,2,0.030000,0.035000
2586,0.302000,1.916000,5,0.116000,0.170000
2587,0.168000,0.858000,2,0.056000,0.100000
2588,0.314000,2.680000,6,0.128000,0.255000
2589,0.234000,2.260000,4,0.070000,0.115000
2590,0.292000,1.814000,4,0.126000,0.205000
2591,0.062000,2.534000,3,0.056000,0.070000
2592,0.210000,1.682000,3,0.076000,0.125000
2593,0.122000,2.490000,3,0.054000,0.075000
2594,0.268000,1.890000,5,0.116000,0.145000
2595,0.166000,1.076000,3,0.080000,0.115000
2596,0.072000,2.304000,4,0.066000,0.075000
2597,0.174000,1.356000,3,0.074000,0.130000
2598,0.184000,2.504000,5,0.096000,0.150000
2599,0.256000,2.904000,5,0.112000,0.155000
2600,0.364000,1.022000,3,0.084000,0.145000
2601,0.026000,1.716000,3,0.036000,0.040000
2602,0.416000,1.852000,4,0.118000,0.230000
2603,0.204000,2.004000,6,0.108000,0.160000
2604,0.362000,1.736000,4,0.118000,0.235000
2605,0.276000,0.964000,2,0.082000,0.155000
2606,0.210000,1.950000,4,0.092000,0.135000
2607,0.216000,1.252000,4,0.092000,0.150000
2608,0.042000,0.742000,2,0.036000,0.045000
2609,0.102000,1.820000,2,0.042000,0.065000
2610,0.570000,1.832000,4,0.110000,0.190000
2611,0.734000,0.540000,4,0.184000,0.300000
2612,0.120000,2.888000,4,0.080000,0.105000
2613,0.116000,2.174000,4,0.082000,0.115000
2614,0.140000,1.250000,3,0.060000,0.090000
2615,0.120000,1.306000,3,0.074000,0.110000
2616,0.038000,0.302000,2,0.036000,0.045000
2617,0.252000,1.674000,6,0.124000,0.165000
2618,0.120000,1.184000,4,0.078000,0.115000
2619,0.106000,1.980000,5,0.076000,0.090000
2620,0.122000,2.386000,3,0.074000,0.105000
2621,0.116000,1.876000,5,0.090000,0.120000
2622,0.070000,0.920000,3,0.050000,0.065000
2623,0.812000,0.620000,1,0.064000,0.200000
2624,0.128000,1.648000,3,0.078000,0.115000
2625,0.192000,1.324000,5,0.104000,0.150000
2626,0.240000,2.800000,7,0.142000,0.180000
2627,0.184000,1.500000,4,0.112000,0.195000
2628,0.116000,1.990000,3,0.054000,0.075000
2629,0.062000,1.752000,3,0.050000,0.060000
2630,0.020000,0.000000,1,0.008000,0.020000
2631,0.500000,1.378000,3,0.112000,0.200000
2632,0.104000,1.752000,2,0.050000,0.080000
2633,0.258000,1.472000,3,0.080000,0.135000
2634,0.012000,0.950000,1,0.014000,0.015000
2635,0.020000,0.250000,1,0.016000,0.020000
2636,0.170000,1.310000,2,0.066000,0.105000
2637,0.172000,1.546000,4,0.072000,0.125000
2638,0.290000,1.398000,6,0.112000,0.195000
2639,0.380000,1.822000,5,0.144000,0.235000
2640,0.062000,1.740000,2,0.036000,0.060000
2641,0.254000,2.154000,5,0.112000,0.165000
2642,0.328000,1.864000,5,0.146000,0.240000
2643,0.130000,1.604000,2,0.060000,0.100000
2644,0.092000,2.834000,4,0.072000,0.090000
2645,0.112000,0.822000,1,0.032000,0.055000
2646,0.328000,1.870000,5,0.128000,0.195000
2647,0.016000,1.662000,2,0.028000,0.025000
2648,0.118000,1.446000,4,0.082000,0.115000
2649,0.222000,1.504000,4,0.096000,0.160000
2650,0.072000,1.658000,2,0.046000,0.060000
2651,0.352000,2.814000,5,0.118000,0.155000
2652,0.210000,2.024000,6,0.106000,0.150000
2653,0.414000,1.454000,4,0.116000,0.200000
2654,0.834000,1.688000,5,0.178000,0.350000
2655,0.224000,1.010000,3,0.060000,0.110000
2656,0.084000,2.000000,3,0.052000,0.070000
2657,0.180000,1.356000,5,0.100000,0.165000
2658,0.358000,0.998000,4,0.096000,0.145000
2659,0.272000,0.474000,2,0.074000,0.135000
2660,0.110000,1.646000,2,0.060000,0.095000
2661,0.020000,1.722000,2,0.030000,0.030000
2662,0.272000,0.868000,3,0.094000,0.160000
2663,0.238000,1.176000,2,0.074000,0.130000
2664,1.002000,0.462000,3,0.164000,0.305000
2665,0.682000,1.004000,3,0.100000,0.180000
2666,0.240000,0.834000,5,0.120000,0.160000
2667,0.368000,1.654000,6,0.124000,0.215000
2668,0.108000,0.832000,3,0.056000,0.075000
2669,0.110000,1.510000,3,0.056000,0.080000
2670,0.392000,1.492000,5,0.124000,0.205000
2671,0.522000,3.062000,7,0.164000,0.210000
2672,0.588000,2.292000,4,0.118000,0.235000
2673,0.044000,2.102000,4,0.058000,0.060000
2674,0.170000,1.442000,3,0.070000,0.110000
2675,0.536000,2.464000,7,0.174000,0.285000
2676,0.266000,1.414000,3,0.090000,0.155000
2677,0.430000,2.530000,6,0.164000,0.255000
2678,0.086000,1.312000,4,0.064000,0.075000
2679,0.272000,1.954000,7,0.132000,0.195000
2680,0.250000,2.098000,7,0.144000,0.200000
2681,0.196000,1.090000,3,0.068000,0.110000
2682,0.164000,1.322000,3,0.072000,0.120000
2683,0.056000,2.560000,3,0.046000,0.055000
2684,0.342000,2.312000,6,0.146000,0.215000
2685,0.046000,0.712000,2,0.038000,0.050000
2686,0.170000,1.896000,4,0.090000,0.130000
2687,0.112000,1.184000,3,0.066000,0.095000
2688,0.044000,2.190000,3,0.042000,0.045000
2689,0.236000,1.550000,5,0.092000,0.150000
2690,0.322000,2.080000,7,0.150000,0.215000
2691,0.432000,2.146000,6,0.124000,0.210000
2692,0.196000,0.948000,4,0.090000,0.130000
2693,0.106000,1.232000,3,0.072000,0.095000
2694,0.026000,0.042000,1,0.022000,0.030000
2695,0.172000,1.124000,4,0.084000,0.120000
2696,0.000000,0.000000,0,0.000000,0.000000
2697,0.044000,1.232000,2,0.036000,0.045000
2698,0.072000,1.810000,2,0.038000,0.055000
2699,0.226000,1.882000,4,0.078000,0.120000
2700,0.116000,3.476000,5,0.094000,0.130000
2701,0.144000,0.790000,3,0.068000,0.100000
2702,0.036000,1.500000,2,0.030000,0.035000
2703,0.332000,2.162000,7,0.138000,0.190000
2704,0.600000,2.296000,7,0.186000,0.290000
2705,0.038000,0.674000,2,0.028000,0.040000
2706,0.296000,2.212000,5,0.114000,0.180000
2707,0.084000,1.972000,3,0.058000,0.065000
2708,0.002000,0.700000,1,0.010000,0.005000
2709,0.422000,1.884000,7,0.166000,0.275000
2710,0.276000,0.918000,2,0.064000,0.120000
2711,0.368000,2.196000,4,0.094000,0.110000
2712,0.144000,1.620000,4,0.074000,0.115000
2713,0.186000,2.312000,4,0.084000,0.125000
2714,0.174000,2.756000,5,0.106000,0.150000
2715,0.174000,1.372000,2,0.066000,0.100000
2716,0.094000,1.734000,4,0.074000,0.095000
2717,0.298000,2.170000,6,0.124000,0.210000
2718,0.342000,1.964000,5,0.118000,0.210000
2719,0.222000,2.162000,5,0.108000,0.190000
2720,0.316000,2.942000,6,0.116000,0.200000
2721,0.184000,1.544000,4,0.076000,0.120000
2722,0.398000,2.558000,8,0.168000,0.260000
2723,0.106000,1.542000,2,0.050000,0.080000
2724,0.156000,2.054000,5,0.098000,0.125000
2725,0.050000,1.482000,3,0.048000,0.055000
2726,0.072000,0.980000,2,0.038000,0.080000
2727,0.190000,2.380000,5,0.104000,0.145000
2728,0.016000,0.902000,2,0.028000,0.025000
2729,0.224000,2.742000,5,0.122000,0.190000
2730,0.222000,2.770000,7,0.136000,0.135000
2731,0.052000,1.722000,3,0.046000,0.050000
2732,0.060000,0.804000,3,0.044000,0.060000
2733,0.440000,1.762000,4,0.118000,0.210000
2734,0.092000,1.962000,5,0.072000,0.095000
2735,0.054000,1.526000,3,0.040000,0.050000
2736,0.054000,1.830000,4,0.056000,0.060000
2737,0.190000,2.354000,5,0.106000,0.145000
2738,0.246000,3.022000,4,0.094000,0.150000
2739,0.040000,0.864000,2,0.032000,0.050000
2740,0.066000,1.352000,4,0.056000,0.075000
2741,0.340000,2.486000,4,0.096000,0.150000
2742,0.062000,0.852000,2,0.034000,0.060000
2743,0.116000,3.486000,7,0.116000,0.125000
2744,0.092000,2.004000,5,0.084000,0.125000
2745,0.054000,0.912000,3,0.044000,0.055000
2746,0.164000,1.720000,3,0.062000,0.095000
2747,0.114000,2.880000,5,0.080000,0.100000
2748,0.216000,0.966000,3,0.076000,0.135000
2749,0.324000,2.172000,6,0.122000,0.170000
2750,0.138000,1.722000,2,0.052000,0.085000
2751,0.226000,3.252000,5,0.100000,0.145000
2752,0.682000,2.046000,3,0.114000,0.200000
2753,0.092000,1.760000,3,0.052000,0.070000
2754,0.106000,1.124000,3,0.066000,0.095000
2755,0.746000,2.518000,6,0.180000,0.275000
2756,0.086000,0.860000,2,0.040000,0.060000
2757,0.310000,0.814000,2,0.072000,0.130000
2758,0.020000,0.894000,1,0.024000,0.055000
2759,0.084000,1.472000,3,0.056000,0.105000
2760,0.406000,2.154000,7,0.134000,0.200000
2761,0.088000,1.690000,3,0.070000,0.095000
2762,0.058000,1.150000,2,0.032000,0.040000
2763,0.190000,1.752000,5,0.094000,0.110000
2764,0.522000,1.586000,6,0.138000,0.230000
2765,0.062000,1.690000,2,0.034000,0.045000
2766,0.614000,0.868000,3,0.126000,0.220000
2767,0.096000,2.634000,5,0.086000,0.100000
2768,0.006000,0.810000,1,0.012000,0.010000
2769,0.216000,3.380000,7,0.118000,0.165000
2770,0.236000,2.780000,7,0.130000,0.175000
2771,0.066000,2.660000,4,0.060000,0.070000
2772,0.030000,0.920000,1,0.018000,0.025000
2773,0.062000,2.312000,3,0.050000,0.050000
2774,0.008000,0.904000,2,0.028000,0.065000
2775,0.230000,0.940000,2,0.052000,0.110000
2776,0.136000,1.812000,4,0.078000,0.110000
2777,0.134000,1.072000,3,0.062000,0.090000
2778,0.156000,2.298000,5,0.094000,0.125000
2779,0.264000,1.476000,6,0.130000,0.190000
2780,0.066000,0.732000,2,0.042000,0.060000
2781,0.278000,1.558000,4,0.110000,0.165000
2782,0.182000,1.060000,3,0.066000,0.105000
2783,0.000000,0.000000,0,0.000000,0.000000
2784,0.154000,1.712000,5,0.080000,0.105000
2785,0.480000,2.218000,5,0.112000,0.185000
2786,0.032000,1.680000,2,0.030000,0.035000
2787,0.110000,1.662000,3,0.062000,0.090000
2788,0.254000,2.246000,4,0.098000,0.130000
2789,0.008000,0.852000,1,0.016000,0.015000
2790,0.112000,2.404000,4,0.076000,0.100000
2791,0.022000,0.752000,1,0.020000,0.025000
2792,0.000000,0.000000,0,0.000000,0.000000
2793,0.154000,2.312000,3,0.064000,0.095000
2794,0.118000,2.274000,3,0.066000,0.090000
2795,0.000000,0.000000,0,0.000000,0.000000
2796,0.074000,0.956000,2,0.046000,0.065000
2797,0.242000,2.392000,4,0.092000,0.125000
2798,0.058000,0.062000,1,0.026000,0.040000
2799,0.156000,2.302000,5,0.088000,0.115000
2800,0.192000,1.666000,2,0.058000,0.105000
2801,0.140000,2.134000,5,0.086000,0.125000
2802,0.312000,1.174000,4,0.134000,0.270000
2803,0.046000,0.990000,3,0.040000,0.040000
2804,0.238000,3.044000,5,0.104000,0.150000
2805,0.096000,2.104000,4,0.074000,0.095000
2806,0.356000,1.410000,5,0.146000,0.255000
2807,0.184000,0.756000,2,0.058000,0.100000
2808,0.388000,1.436000,6,0.170000,0.285000
2809,0.240000,1.876000,6,0.126000,0.160000
2810,0.372000,0.900000,2,0.068000,0.130000
2811,0.174000,0.570000,2,0.050000,0.085000
2812,0.238000,1.146000,3,0.084000,0.135000
2813,0.360000,2.360000,3,0.076000,0.130000
2814,0.018000,1.890000,2,0.026000,0.025000
2815,0.100000,1.456000,3,0.068000,0.095000
2816,0.190000,1.312000,5,0.092000,0.165000
2817,0.318000,1.892000,4,0.098000,0.160000
2818,0.666000,1.056000,4,0.146000,0.270000
2819,0.040000,2.172000,4,0.056000,0.055000
2820,0.006000,0.810000,1,0.012000,0.010000
2821,0.332000,1.534000,5,0.124000,0.200000
2822,0.164000,2.636000,7,0.124000,0.160000
2823,0.006000,0.820000,1,0.012000,0.010000
2824,0.300000,1.746000,3,0.098000,0.160000
2825,0.274000,0.548000,4,0.106000,0.185000
2826,0.254000,1.350000,4,0.090000,0.145000
2827,0.050000,1.690000,2,0.034000,0.045000
2828,0.110000,3.072000,5,0.086000,0.095000
2829,0.010000,0.764000,1,0.020000,0.020000
2830,0.004000,0.940000,2,0.020000,0.025000
2831,0.096000,3.056000,4,0.092000,0.115000
2832,0.066000,2.072000,4,0.082000,0.090000
2833,0.358000,1.878000,5,0.142000,0.220000
2834,0.028000,1.784000,2,0.036000,0.040000
2835,0.298000,1.498000,4,0.118000,0.160000
2836,0.100000,0.756000,2,0.058000,0.090000
2837,0.116000,1.936000,5,0.096000,0.125000
2838,0.460000,1.580000,4,0.120000,0.210000
2839,0.326000,1.600000,3,0.082000,0.120000
2840,0.234000,1.548000,4,0.112000,0.180000
2841,0.192000,2.224000,5,0.098000,0.125000
2842,0.474000,1.910000,3,0.096000,0.180000
2843,0.516000,2.778000,7,0.158000,0.260000
2844,0.238000,2.792000,5,0.136000,0.175000
2845,0.030000,0.930000,1,0.018000,0.025000
2846,0.920000,1.382000,4,0.192000,0.405000
2847,0.042000,1.710000,2,0.032000,0.040000
2848,0.046000,1.670000,3,0.044000,0.070000
2849,0.000000,0.000000,0,0.000000,0.000000
2850,0.904000,2.528000,6,0.204000,0.335000
2851,0.026000,2.470000,4,0.048000,0.040000
2852,0.128000,0.790000,2,0.046000,0.075000
2853,0.012000,0.870000,1,0.014000,0.015000
2854,0.288000,3.636000,5,0.112000,0.150000
2855,0.000000,0.000000,0,0.000000,0.000000
2856,0.144000,1.430000,2,0.048000,0.090000
2857,0.188000,1.710000,4,0.084000,0.100000
2858,0.042000,1.706000,2,0.044000,0.055000
2859,0.114000,2.062000,3,0.056000,0.065000
2860,0.112000,0.776000,1,0.048000,0.085000
2861,0.454000,1.508000,3,0.112000,0.155000
2862,0.188000,0.780000,2,0.052000,0.100000
2863,0.090000,1.472000,3,0.056000,0.075000
2864,0.020000,0.972000,2,0.030000,0.030000
2865,0.036000,1.500000,2,0.030000,0.035000
2866,0.260000,2.948000,6,0.128000,0.200000
2867,0.042000,3.292000,4,0.058000,0.055000
2868,0.192000,1.292000,4,0.080000,0.135000
2869,0.372000,1.514000,3,0.112000,0.190000
2870,0.134000,2.364000,4,0.082000,0.115000
2871,0.038000,1.762000,2,0.036000,0.045000
2872,0.042000,0.830000,1,0.020000,0.030000
2873,0.106000,1.514000,2,0.050000,0.050000
2874,0.170000,2.248000,4,0.084000,0.130000
2875,0.036000,1.744000,2,0.038000,0.045000
2876,0.320000,1.374000,3,0.098000,0.180000
2877,0.320000,1.768000,4,0.128000,0.220000
2878,0.158000,0.766000,4,0.072000,0.135000
2879,0.130000,2.372000,4,0.072000,0.095000
2880,0.140000,2.470000,4,0.068000,0.090000
2881,0.048000,1.536000,2,0.040000,0.050000
2882,0.060000,2.404000,3,0.056000,0.070000
2883,0.044000,1.092000,2,0.036000,0.045000
2884,0.084000,2.190000,3,0.048000,0.060000
2885,0.682000,1.800000,5,0.182000,0.360000
2886,0.264000,2.052000,4,0.136000,0.215000
2887,0.260000,1.532000,4,0.112000,0.175000
2888,0.294000,2.556000,6,0.136000,0.205000
2889,0.038000,2.452000,3,0.046000,0.050000
2890,0.000000,0.000000,0,0.000000,0.000000
2891,0.654000,1.458000,4,0.122000,0.205000
2892,0.170000,3.362000,6,0.110000,0.135000
2893,0.354000,2.322000,4,0.104000,0.140000
2894,0.278000,3.124000,4,0.102000,0.110000
2895,0.094000,2.818000,5,0.076000,0.095000
2896,0.120000,1.460000,2,0.044000,0.070000
2897,0.042000,1.620000,2,0.032000,0.040000
2898,0.230000,3.070000,6,0.118000,0.175000
2899,0.096000,2.054000,5,0.076000,0.100000
2900,0.036000,2.552000,3,0.044000,0.045000
2901,0.070000,2.412000,3,0.052000,0.065000
2902,0.024000,1.674000,3,0.044000,0.065000
2903,0.054000,1.452000,2,0.038000,0.045000
2904,0.080000,1.328000,2,0.052000,0.075000
2905,0.120000,1.594000,3,0.062000,0.085000
2906,0.138000,2.174000,4,0.084000,0.100000
2907,0.038000,0.622000,2,0.034000,0.040000
2908,0.000000,0.000000,0,0.000000,0.000000
2909,0.518000,2.092000,3,0.098000,0.150000
2910,0.048000,1.232000,3,0.048000,0.070000
2911,0.020000,0.620000,1,0.016000,0.020000
2912,0.092000,0.840000,2,0.036000,0.050000
2913,0.230000,3.030000,4,0.084000,0.130000
2914,0.380000,1.182000,4,0.088000,0.165000
2915,0.026000,1.740000,2,0.028000,0.030000
2916,0.104000,1.000000,3,0.054000,0.075000
2917,0.190000,2.054000,3,0.096000,0.150000
2918,0.102000,1.928000,4,0.078000,0.100000
2919,0.168000,1.832000,3,0.090000,0.140000
2920,0.000000,0.000000,0,0.000000,0.000000
2921,0.220000,1.094000,3,0.084000,0.100000
2922,0.246000,2.632000,5,0.110000,0.205000
2923,0.252000,1.310000,3,0.060000,0.135000
2924,0.056000,2.352000,3,0.048000,0.055000
2925,0.216000,0.720000,3,0.068000,0.110000
2926,0.116000,0.368000,2,0.062000,0.095000
2927,0.028000,1.084000,3,0.044000,0.040000
2928,0.100000,1.762000,3,0.044000,0.065000
2929,0.084000,1.570000,2,0.038000,0.055000
2930,0.174000,1.770000,3,0.062000,0.095000
2931,0.054000,1.710000,4,0.046000,0.055000
2932,0.044000,1.436000,4,0.056000,0.065000
2933,0.196000,2.198000,3,0.080000,0.125000
2934,0.116000,1.466000,3,0.062000,0.085000
2935,0.080000,1.368000,2,0.048000,0.065000
2936,0.014000,0.332000,1,0.018000,0.020000
2937,0.056000,0.722000,2,0.040000,0.055000
2938,0.118000,1.080000,3,0.050000,0.065000
2939,0.070000,2.392000,5,0.064000,0.075000
2940,0.012000,0.950000,1,0.014000,0.015000
2941,0.060000,0.210000,2,0.036000,0.050000
2942,0.184000,1.894000,4,0.084000,0.140000
2943,0.072000,1.780000,2,0.038000,0.055000
2944,0.000000,0.000000,0,0.000000,0.000000
2945,0.452000,2.336000,5,0.142000,0.240000
2946,0.230000,2.052000,4,0.082000,0.140000
2947,0.186000,3.306000,6,0.118000,0.160000
2948,0.182000,1.440000,2,0.052000,0.090000
2949,0.428000,1.680000,3,0.090000,0.160000
2950,0.046000,1.614000,2,0.062000,0.090000
2951,0.078000,1.170000,2,0.036000,0.050000
2952,0.492000,2.254000,3,0.106000,0.155000
2953,0.084000,1.664000,4,0.068000,0.080000
2954,0.056000,2.340000,3,0.046000,0.055000
2955,0.042000,1.860000,3,0.042000,0.045000
2956,0.212000,0.490000,2,0.052000,0.090000
2957,0.122000,2.144000,3,0.064000,0.090000
2958,0.056000,0.910000,1,0.022000,0.035000
2959,0.462000,2.538000,7,0.162000,0.225000
2960,0.078000,1.570000,4,0.064000,0.080000
2961,0.232000,1.732000,4,0.106000,0.185000
2962,0.046000,1.422000,2,0.038000,0.050000
2963,0.134000,1.284000,3,0.066000,0.120000
2964,0.400000,1.670000,4,0.146000,0.250000
2965,0.430000,1.446000,5,0.172000,0.285000
2966,0.144000,1.610000,4,0.070000,0.110000
2967,0.092000,2.372000,4,0.070000,0.090000
2968,0.066000,1.344000,3,0.050000,0.075000
2969,0.212000,1.924000,5,0.106000,0.135000
2970,0.212000,2.092000,4,0.110000,0.190000
2971,0.120000,0.840000,2,0.044000,0.070000
2972,0.086000,1.570000,2,0.040000,0.060000
2973,0.156000,1.356000,3,0.080000,0.115000
2974,0.094000,1.196000,2,0.056000,0.085000
2975,0.176000,1.384000,3,0.096000,0.150000
2976,0.002000,0.930000,1,0.010000,0.005000
2977,0.092000,1.480000,2,0.040000,0.060000
2978,0.216000,1.316000,2,0.072000,0.155000
2979,0.174000,0.832000,2,0.044000,0.085000
2980,0.154000,1.770000,4,0.074000,0.095000
2981,0.032000,1.840000,2,0.030000,0.035000
2982,0.094000,1.762000,3,0.052000,0.085000
2983,0.012000,0.850000,1,0.014000,0.015000
2984,0.408000,1.112000,4,0.110000,0.255000
2985,0.022000,1.520000,2,0.026000,0.025000
2986,0.226000,2.804000,4,0.092000,0.140000
2987,0.298000,2.534000,6,0.122000,0.170000
2988,0.162000,1.346000,2,0.070000,0.120000
2989,0.000000,0.000000,0,0.000000,0.000000
2990,0.266000,3.192000,4,0.096000,0.135000
2991,0.182000,1.462000,2,0.058000,0.100000
2992,0.184000,2.346000,4,0.088000,0.130000
2993,0.350000,3.034000,5,0.124000,0.190000
2994,0.044000,2.560000,4,0.046000,0.055000
2995,0.474000,1.650000,2,0.064000,0.120000
2996,0.036000,0.724000,2,0.040000,0.050000
2997,0.126000,2.276000,6,0.106000,0.130000
2998,0.088000,1.734000,3,0.064000,0.140000
2999,0.132000,1.962000,4,0.060000,0.085000
3000,0.204000,2.008000,3,0.088000,0.140000
3001,0.052000,0.900000,3,0.044000,0.050000
3002,0.386000,1.686000,6,0.120000,0.180000
3003,0.170000,0.952000,3,0.072000,0.115000
3004,0.058000,0.220000,1,0.038000,0.055000
3005,0.194000,2.100000,5,0.090000,0.125000
3006,0.304000,1.420000,3,0.070000,0.115000
3007,0.084000,0.440000,2,0.032000,0.060000
3008,0.214000,1.592000,2,0.056000,0.095000
3009,0.094000,2.600000,4,0.064000,0.080000
3010,0.260000,1.662000,5,0.112000,0.175000
3011,0.020000,1.680000,3,0.036000,0.045000
3012,0.146000,1.786000,3,0.070000,0.105000
3013,0.082000,1.524000,3,0.062000,0.085000
3014,0.644000,2.152000,7,0.194000,0.335000
3015,0.198000,1.352000,3,0.072000,0.160000
3016,0.188000,1.652000,4,0.078000,0.105000
3017,0.204000,2.244000,4,0.092000,0.140000
3018,0.190000,1.954000,5,0.104000,0.150000
3019,0.136000,0.784000,1,0.044000,0.080000
3020,0.146000,2.312000,3,0.064000,0.075000
3021,0.294000,2.640000,5,0.110000,0.180000
3022,0.758000,1.996000,7,0.170000,0.320000
3023,0.220000,2.682000,6,0.108000,0.125000
3024,0.122000,1.030000,3,0.054000,0.075000
3025,0.158000,1.352000,3,0.068000,0.105000
3026,0.178000,2.184000,3,0.092000,0.130000
3027,0.136000,3.410000,6,0.086000,0.095000
3028,0.000000,0.000000,0,0.000000,0.000000
3029,0.116000,2.804000,5,0.084000,0.080000
3030,0.206000,2.282000,3,0.068000,0.105000
3031,0.144000,1.016000,2,0.056000,0.090000
3032,0.052000,1.416000,3,0.058000,0.070000
3033,0.034000,1.532000,4,0.054000,0.050000
3034,0.290000,1.908000,3,0.110000,0.195000
3035,0.484000,1.842000,4,0.108000,0.175000
3036,0.100000,1.192000,4,0.068000,0.085000
3037,0.092000,2.764000,4,0.072000,0.090000
3038,0.718000,1.198000,4,0.174000,0.315000
3039,0.302000,2.392000,6,0.148000,0.220000
3040,0.694000,1.508000,4,0.126000,0.235000
3041,0.290000,0.858000,3,0.092000,0.155000
3042,0.156000,0.350000,1,0.032000,0.060000
3043,0.142000,1.824000,4,0.100000,0.120000
3044,0.142000,1.522000,3,0.066000,0.100000
3045,0.042000,0.852000,1,0.026000,0.040000
3046,0.104000,2.710000,4,0.068000,0.075000
3047,0.056000,0.770000,1,0.022000,0.035000
3048,0.092000,1.530000,2,0.040000,0.060000
3049,0.012000,0.950000,1,0.014000,0.015000
3050,0.026000,0.562000,1,0.022000,0.030000
3051,0.108000,2.224000,4,0.074000,0.095000
3052,0.146000,1.620000,2,0.048000,0.080000
3053,0.096000,2.102000,4,0.068000,0.085000
3054,0.238000,0.704000,2,0.066000,0.115000
3055,0.174000,1.450000,2,0.050000,0.085000
3056,0.108000,0.652000,2,0.046000,0.080000
3057,0.056000,0.080000,1,0.022000,0.035000
3058,0.000000,0.000000,0,0.000000,0.000000
3059,0.074000,1.940000,3,0.048000,0.060000
3060,0.060000,1.202000,2,0.036000,0.045000
3061,0.000000,0.000000,0,0.000000,0.000000
3062,0.042000,0.000000,1,0.012000,0.030000
3063,0.334000,1.972000,6,0.132000,0.210000
3064,0.198000,3.566000,7,0.134000,0.215000
3065,0.196000,1.482000,5,0.096000,0.150000
3066,0.242000,2.230000,3,0.072000,0.120000
3067,0.258000,1.438000,3,0.076000,0.135000
3068,0.238000,1.910000,3,0.074000,0.125000
3069,0.000000,0.000000,0,0.000000,0.000000
3070,0.178000,2.524000,6,0.106000,0.190000
3071,0.022000,0.822000,1,0.020000,0.025000
3072,0.894000,1.540000,4,0.120000,0.220000
3073,0.164000,2.266000,4,0.088000,0.145000
3074,0.244000,1.484000,5,0.110000,0.165000
3075,0.026000,1.710000,2,0.028000,0.030000
3076,0.000000,0.000000,0,0.000000,0.000000
3077,1.000000,1.676000,6,0.216000,0.415000
3078,0.152000,0.750000,2,0.046000,0.075000
3079,0.402000,1.826000,7,0.154000,0.260000
3080,0.132000,1.142000,3,0.080000,0.130000
3081,0.168000,2.332000,5,0.104000,0.135000
3082,0.104000,1.694000,3,0.064000,0.115000
3083,0.138000,1.232000,2,0.052000,0.085000
3084,0.206000,2.190000,5,0.112000,0.165000
3085,0.202000,1.084000,3,0.080000,0.130000
3086,0.050000,1.852000,2,0.036000,0.045000
3087,0.062000,1.340000,3,0.062000,0.075000
3088,0.124000,1.730000,3,0.052000,0.070000
3089,0.110000,1.398000,4,0.086000,0.115000
3090,0.072000,1.220000,2,0.038000,0.055000
3091,0.244000,2.306000,4,0.092000,0.145000
3092,0.104000,0.720000,3,0.056000,0.110000
3093,0.074000,2.352000,3,0.056000,0.055000
3094,0.312000,1.466000,3,0.104000,0.200000
3095,0.114000,0.966000,3,0.074000,0.125000
3096,0.836000,1.262000,3,0.096000,0.185000
3097,0.092000,0.840000,2,0.040000,0.060000
3098,0.372000,0.736000,1,0.058000,0.180000
3099,0.020000,0.780000,1,0.016000,0.020000
3100,0.114000,2.480000,5,0.080000,0.105000
3101,0.408000,2.022000,7,0.158000,0.230000
3102,0.062000,1.620000,2,0.034000,0.045000
3103,0.340000,2.964000,8,0.200000,0.240000
3104,0.032000,0.792000,1,0.022000,0.030000
3105,0.458000,2.492000,5,0.150000,0.240000
3106,0.208000,2.030000,5,0.118000,0.170000
3107,0.110000,1.706000,3,0.060000,0.080000
3108,0.240000,2.278000,6,0.122000,0.185000
3109,0.284000,1.920000,4,0.094000,0.155000
3110,0.566000,1.974000,5,0.132000,0.240000
3111,0.574000,1.932000,5,0.148000,0.250000
3112,0.994000,1.698000,8,0.250000,0.455000
3113,0.202000,2.070000,3,0.064000,0.100000
3114,0.420000,2.156000,5,0.128000,0.195000
3115,0.124000,2.852000,4,0.074000,0.140000
3116,0.284000,1.542000,2,0.062000,0.110000
3117,0.006000,0.810000,1,0.012000,0.010000
3118,0.306000,1.492000,5,0.108000,0.175000
3119,0.344000,1.870000,4,0.110000,0.175000
3120,0.216000,2.284000,3,0.080000,0.130000
3121,0.044000,1.432000,2,0.036000,0.045000
3122,0.116000,1.436000,2,0.064000,0.105000
3123,0.194000,1.076000,4,0.108000,0.140000
3124,0.100000,2.292000,3,0.062000,0.090000
3125,0.032000,0.610000,2,0.030000,0.035000
3126,0.248000,2.034000,4,0.088000,0.150000
3127,0.114000,1.990000,3,0.056000,0.080000
3128,0.108000,1.594000,3,0.064000,0.085000
3129,0.192000,2.044000,6,0.110000,0.145000
3130,0.084000,1.332000,5,0.080000,0.095000
3131,0.180000,2.136000,6,0.116000,0.155000
3132,0.092000,1.524000,3,0.062000,0.085000
3133,0.006000,0.870000,1,0.012000,0.010000
3134,0.162000,0.960000,3,0.084000,0.125000
3135,0.152000,2.826000,5,0.096000,0.120000
3136,0.086000,1.480000,2,0.040000,0.060000
3137,0.074000,2.540000,3,0.048000,0.060000
3138,0.354000,1.992000,3,0.110000,0.145000
3139,0.222000,0.692000,2,0.066000,0.120000
3140,0.036000,1.810000,2,0.030000,0.035000
3141,0.176000,1.544000,3,0.094000,0.145000
3142,0.292000,1.456000,6,0.136000,0.245000
3143,0.226000,2.314000,5,0.106000,0.155000
3144,0.024000,0.660000,2,0.028000,0.030000
3145,0.110000,1.526000,4,0.078000,0.110000
3146,0.056000,0.400000,1,0.022000,0.035000
3147,0.048000,0.570000,2,0.032000,0.045000
3148,0.064000,1.674000,3,0.058000,0.075000
3149,0.048000,1.500000,3,0.044000,0.050000
3150,0.056000,0.800000,1,0.022000,0.035000
3151,0.114000,1.160000,2,0.044000,0.070000
3152,0.108000,1.460000,3,0.054000,0.085000
3153,0.412000,1.744000,5,0.152000,0.290000
3154,0.526000,1.794000,5,0.128000,0.210000
3155,0.446000,1.534000,4,0.114000,0.225000
3156,0.106000,1.512000,4,0.072000,0.120000
3157,0.200000,1.112000,3,0.068000,0.145000
3158,0.022000,1.520000,2,0.026000,0.030000
3159,0.072000,1.202000,3,0.062000,0.070000
3160,0.436000,2.214000,6,0.140000,0.165000
3161,0.018000,1.550000,2,0.026000,0.025000
3162,0.008000,1.340000,2,0.022000,0.015000
3163,0.178000,2.152000,5,0.120000,0.170000
3164,0.092000,2.130000,3,0.052000,0.070000
3165,0.176000,2.022000,4,0.086000,0.130000
3166,0.096000,1.584000,2,0.054000,0.085000
3167,0.134000,0.572000,2,0.052000,0.085000
3168,0.002000,0.930000,1,0.010000,0.005000
3169,0.200000,1.152000,3,0.078000,0.130000
3170,0.084000,0.520000,2,0.040000,0.060000
3171,0.106000,1.572000,4,0.072000,0.095000
3172,0.176000,1.830000,3,0.066000,0.105000
3173,0.042000,0.920000,1,0.020000,0.030000
3174,0.078000,0.666000,2,0.050000,0.070000
3175,0.726000,2.396000,5,0.162000,0.290000
3176,0.140000,2.074000,4,0.084000,0.120000
3177,0.118000,1.012000,4,0.084000,0.105000
3178,0.068000,2.232000,3,0.052000,0.065000
3179,0.120000,1.342000,5,0.084000,0.105000
3180,0.154000,0.762000,3,0.056000,0.095000
3181,0.264000,1.962000,4,0.084000,0.160000
3182,0.334000,1.498000,2,0.074000,0.110000
3183,0.156000,2.160000,6,0.098000,0.120000
3184,0.174000,1.756000,4,0.094000,0.140000
3185,0.110000,2.920000,5,0.078000,0.115000
3186,0.218000,2.190000,5,0.096000,0.155000
3187,0.164000,1.662000,5,0.094000,0.155000
3188,0.156000,1.620000,4,0.072000,0.100000
3189,0.186000,2.006000,5,0.108000,0.165000
3190,0.002000,0.110000,1,0.010000,0.005000
3191,0.152000,3.116000,6,0.114000,0.150000
3192,0.208000,1.508000,4,0.096000,0.130000
3193,0.094000,2.102000,3,0.056000,0.075000
3194,0.060000,1.922000,3,0.052000,0.090000
3195,0.004000,0.002000,1,0.006000,0.010000
3196,0.114000,2.244000,4,0.074000,0.100000
3197,0.064000,0.492000,2,0.040000,0.055000
3198,0.134000,1.212000,4,0.074000,0.085000
3199,0.008000,0.942000,1,0.016000,0.015000
3200,0.220000,1.552000,3,0.076000,0.125000
3201,0.154000,1.678000,3,0.066000,0.090000
3202,0.080000,0.754000,4,0.062000,0.090000
3203,0.044000,1.090000,3,0.046000,0.055000
3204,0.108000,1.556000,3,0.068000,0.090000
3205,0.222000,1.494000,4,0.086000,0.145000
3206,0.096000,0.800000,2,0.038000,0.055000
3207,0.204000,0.846000,2,0.078000,0.155000
3208,0.300000,1.952000,4,0.110000,0.135000
3209,0.234000,2.164000,5,0.122000,0.175000
3210,0.804000,2.794000,7,0.172000,0.260000
3211,0.306000,1.638000,7,0.154000,0.190000
3212,0.032000,1.690000,2,0.028000,0.030000
3213,0.440000,2.746000,5,0.164000,0.255000
3214,0.000000,0.000000,0,0.000000,0.000000
3215,0.196000,1.356000,4,0.086000,0.120000
3216,0.302000,2.206000,5,0.138000,0.205000
3217,0.160000,3.204000,4,0.086000,0.105000
3218,0.086000,1.524000,3,0.062000,0.085000
3219,0.248000,1.838000,6,0.132000,0.200000
3220,0.556000,1.610000,4,0.092000,0.170000
3221,0.058000,2.572000,3,0.052000,0.065000
3222,0.042000,0.830000,1,0.020000,0.030000
3223,0.092000,1.712000,3,0.054000,0.070000
3224,0.056000,0.860000,3,0.046000,0.060000
3225,0.088000,0.924000,3,0.064000,0.090000
3226,0.002000,0.970000,1,0.010000,0.005000
3227,0.182000,1.472000,2,0.054000,0.090000
3228,0.228000,0.506000,3,0.070000,0.100000
3229,0.148000,0.842000,3,0.080000,0.110000
3230,0.316000,1.828000,6,0.120000,0.170000
3231,0.104000,0.576000,2,0.048000,0.070000
3232,0.128000,1.942000,4,0.094000,0.125000
3233,0.318000,1.370000,4,0.128000,0.210000
3234,0.272000,1.660000,2,0.060000,0.110000
3235,0.000000,0.000000,0,0.000000,0.000000
3236,0.128000,0.726000,2,0.054000,0.090000
3237,0.052000,1.650000,3,0.046000,0.055000
3238,0.736000,1.128000,2,0.096000,0.205000
3239,0.328000,1.694000,5,0.126000,0.205000
3240,0.070000,1.756000,3,0.062000,0.080000
3241,0.214000,2.142000,4,0.104000,0.155000
3242,0.070000,2.454000,3,0.058000,0.075000
3243,0.184000,1.854000,3,0.076000,0.120000
3244,0.246000,1.196000,2,0.076000,0.135000
3245,0.032000,1.090000,2,0.030000,0.035000
3246,0.222000,2.208000,5,0.112000,0.160000
3247,0.402000,1.144000,3,0.090000,0.175000
3248,1.060000,2.010000,5,0.222000,0.430000
3249,0.132000,2.944000,4,0.080000,0.110000
3250,0.000000,0.000000,0,0.000000,0.000000
3251,0.098000,1.794000,5,0.084000,0.100000
3252,0.104000,1.990000,3,0.054000,0.075000
3253,0.380000,2.014000,4,0.112000,0.225000
3254,0.034000,1.670000,3,0.040000,0.040000
3255,0.022000,0.732000,1,0.020000,0.025000
3256,0.112000,0.772000,1,0.032000,0.055000
3257,0.200000,2.414000,3,0.078000,0.125000
3258,0.098000,2.810000,5,0.096000,0.100000
3259,0.482000,0.870000,2,0.066000,0.125000
3260,0.122000,1.720000,3,0.058000,0.085000
3261,0.190000,3.320000,5,0.106000,0.140000
3262,0.128000,0.866000,2,0.056000,0.090000
3263,0.272000,1.420000,3,0.068000,0.120000
3264,0.148000,2.164000,4,0.082000,0.115000
3265,0.084000,1.680000,2,0.040000,0.060000
3266,0.274000,3.174000,4,0.096000,0.085000
3267,0.358000,1.492000,5,0.114000,0.200000
3268,0.128000,2.246000,5,0.092000,0.125000
3269,0.102000,1.640000,4,0.058000,0.085000
3270,0.174000,0.792000,2,0.044000,0.100000
3271,0.072000,3.544000,6,0.088000,0.080000
3272,0.176000,0.694000,2,0.056000,0.090000
3273,0.466000,2.820000,5,0.140000,0.225000
3274,0.216000,0.182000,1,0.042000,0.080000
3275,0.504000,1.334000,2,0.088000,0.170000
3276,0.098000,0.820000,2,0.042000,0.065000
3277,0.116000,3.192000,5,0.084000,0.085000
3278,0.128000,2.802000,4,0.074000,0.125000
3279,0.208000,1.678000,3,0.094000,0.145000
3280,0.152000,2.482000,5,0.084000,0.135000
3281,0.018000,0.910000,2,0.026000,0.025000
3282,0.326000,1.402000,2,0.068000,0.125000
3283,0.080000,1.550000,3,0.068000,0.090000
3284,0.102000,1.634000,3,0.064000,0.090000
3285,0.066000,0.822000,3,0.044000,0.065000
3286,0.518000,3.080000,7,0.174000,0.280000
3287,0.062000,2.316000,4,0.054000,0.065000
3288,0.118000,1.030000,3,0.048000,0.080000
3289,0.050000,1.812000,3,0.050000,0.050000
3290,0.002000,0.800000,1,0.010000,0.005000
3291,0.232000,2.352000,5,0.098000,0.140000
3292,0.232000,2.406000,4,0.086000,0.130000
3293,0.038000,0.754000,2,0.032000,0.040000
3294,0.034000,0.864000,2,0.032000,0.040000
3295,0.716000,1.300000,4,0.118000,0.235000
3296,0.234000,2.304000,5,0.112000,0.165000
3297,0.060000,0.862000,2,0.030000,0.050000
3298,0.014000,1.390000,2,0.024000,0.020000
3299,0.114000,1.574000,3,0.060000,0.100000
3300,0.132000,2.224000,3,0.068000,0.100000
3301,0.146000,1.320000,3,0.084000,0.165000
3302,0.156000,0.380000,1,0.032000,0.080000
3303,0.020000,0.890000,1,0.016000,0.020000
3304,0.040000,0.332000,1,0.026000,0.040000
3305,0.106000,1.632000,3,0.054000,0.070000
3306,0.130000,2.182000,3,0.080000,0.115000
3307,0.068000,1.632000,2,0.040000,0.055000
3308,0.608000,2.416000,4,0.136000,0.245000
3309,0.048000,1.880000,2,0.032000,0.040000
3310,0.036000,2.152000,3,0.044000,0.045000
3311,0.030000,0.810000,1,0.018000,0.025000
3312,0.090000,1.850000,3,0.054000,0.075000
3313,0.178000,2.364000,4,0.096000,0.115000
3314,0.072000,0.690000,2,0.038000,0.055000
3315,0.024000,0.892000,1,0.022000,0.030000
3316,0.142000,2.244000,4,0.078000,0.105000
3317,0.178000,1.364000,3,0.076000,0.120000
3318,0.000000,0.000000,0,0.000000,0.000000
3319,0.326000,1.720000,6,0.126000,0.195000
3320,0.098000,2.312000,3,0.060000,0.085000
3321,0.034000,0.762000,2,0.034000,0.040000
3322,0.008000,0.942000,1,0.016000,0.015000
3323,0.194000,1.922000,3,0.074000,0.130000
3324,0.000000,0.000000,0,0.000000,0.000000
3325,0.108000,1.700000,4,0.068000,0.090000
3326,0.296000,2.460000,4,0.084000,0.130000
3327,0.040000,0.676000,2,0.044000,0.055000
3328,0.492000,2.724000,4,0.120000,0.175000
3329,0.354000,2.754000,5,0.116000,0.160000
3330,0.140000,2.852000,5,0.088000,0.105000
3331,0.252000,1.752000,2,0.056000,0.095000
3332,0.092000,0.882000,2,0.048000,0.075000
3333,0.636000,0.848000,2,0.122000,0.220000
3334,0.106000,1.426000,5,0.076000,0.100000
3335,0.288000,2.382000,4,0.090000,0.135000
3336,0.086000,1.794000,4,0.060000,0.080000
3337,0.076000,1.670000,2,0.038000,0.055000
3338,0.276000,2.072000,4,0.116000,0.185000
3339,0.052000,2.182000,3,0.046000,0.050000
3340,0.090000,2.976000,5,0.090000,0.090000
3341,0.072000,2.232000,3,0.054000,0.070000
3342,0.000000,0.000000,0,0.000000,0.000000
3343,0.434000,0.472000,3,0.130000,0.245000
3344,0.334000,1.314000,7,0.136000,0.240000
3345,0.048000,1.396000,2,0.040000,0.050000
3346,0.048000,1.752000,3,0.048000,0.055000
3347,0.106000,2.352000,3,0.060000,0.085000
3348,0.344000,1.920000,4,0.096000,0.165000
3349,0.180000,1.024000,2,0.066000,0.115000
3350,0.124000,2.374000,4,0.080000,0.110000
3351,0.228000,1.726000,5,0.126000,0.180000
3352,0.508000,2.400000,5,0.124000,0.175000
3353,0.262000,1.814000,3,0.082000,0.135000
3354,0.296000,2.924000,5,0.114000,0.160000
3355,0.240000,0.700000,1,0.038000,0.075000
3356,0.060000,1.842000,4,0.052000,0.065000
3357,0.124000,0.658000,3,0.072000,0.105000
3358,0.060000,1.612000,3,0.052000,0.065000
3359,0.098000,0.782000,2,0.042000,0.060000
3360,0.430000,2.140000,7,0.146000,0.225000
3361,0.160000,2.852000,5,0.090000,0.120000
3362,0.020000,0.892000,2,0.030000,0.030000
3363,0.328000,2.482000,6,0.132000,0.205000
3364,0.110000,1.324000,3,0.066000,0.095000
3365,0.268000,1.840000,8,0.156000,0.210000
3366,0.378000,2.926000,6,0.164000,0.175000
3367,0.092000,2.000000,5,0.076000,0.105000
3368,0.284000,1.212000,3,0.084000,0.145000
3369,0.238000,2.654000,4,0.098000,0.155000
3370,0.074000,1.742000,2,0.046000,0.060000
3371,0.122000,2.244000,4,0.098000,0.130000
3372,0.044000,1.806000,3,0.048000,0.050000
3373,0.068000,1.046000,2,0.042000,0.055000
3374,0.110000,0.830000,1,0.028000,0.050000
3375,0.116000,1.452000,4,0.090000,0.125000
3376,0.030000,0.770000,1,0.018000,0.025000
3377,0.110000,1.640000,4,0.068000,0.090000
3378,0.164000,1.762000,5,0.086000,0.125000
3379,0.394000,1.366000,5,0.134000,0.170000
3380,0.140000,1.808000,4,0.082000,0.145000
3381,0.104000,0.494000,2,0.054000,0.085000
3382,0.084000,1.842000,3,0.054000,0.070000
3383,0.228000,2.808000,5,0.104000,0.145000
3384,0.000000,0.000000,0,0.000000,0.000000
3385,0.034000,0.882000,2,0.034000,0.040000
3386,0.056000,1.242000,3,0.050000,0.060000
3387,0.044000,0.872000,2,0.036000,0.045000
3388,0.226000,1.556000,3,0.104000,0.165000
3389,0.050000,0.800000,2,0.034000,0.045000
3390,0.044000,2.464000,4,0.062000,0.065000
3391,0.148000,2.106000,4,0.088000,0.125000
3392,0.404000,1.936000,4,0.120000,0.215000
3393,0.036000,0.972000,3,0.046000,0.055000
3394,0.204000,2.242000,6,0.112000,0.155000
3395,0.160000,1.612000,3,0.064000,0.095000
3396,0.140000,1.054000,3,0.072000,0.110000
3397,0.120000,0.900000,2,0.044000,0.070000
3398,0.078000,1.830000,3,0.050000,0.065000
3399,0.290000,2.292000,4,0.100000,0.095000
3400,0.020000,0.930000,1,0.016000,0.020000
3401,0.078000,2.326000,4,0.074000,0.090000
3402,0.248000,1.816000,4,0.126000,0.200000
3403,0.186000,2.380000,5,0.094000,0.120000
3404,0.032000,0.782000,1,0.022000,0.030000
3405,0.006000,0.620000,1,0.012000,0.010000
3406,0.754000,2.520000,7,0.228000,0.340000
3407,0.224000,1.096000,5,0.114000,0.170000
3408,0.064000,2.154000,4,0.064000,0.070000
3409,0.188000,2.512000,6,0.102000,0.130000
3410,0.226000,1.634000,6,0.120000,0.170000
3411,0.142000,2.040000,4,0.096000,0.135000
3412,0.092000,1.702000,5,0.078000,0.100000
3413,0.044000,1.266000,2,0.038000,0.045000
3414,0.248000,1.784000,3,0.088000,0.140000
3415,0.026000,1.490000,2,0.028000,0.030000
3416,0.102000,1.752000,3,0.060000,0.085000
3417,0.116000,1.572000,4,0.072000,0.095000
3418,0.274000,1.482000,3,0.072000,0.115000
3419,0.522000,2.618000,6,0.158000,0.245000
3420,0.056000,0.580000,1,0.022000,0.035000
3421,0.078000,2.062000,4,0.068000,0.085000
3422,0.234000,1.312000,3,0.058000,0.100000
3423,0.092000,1.472000,2,0.048000,0.075000
3424,0.192000,1.360000,3,0.066000,0.090000
3425,0.062000,1.000000,2,0.036000,0.050000
3426,0.278000,3.020000,5,0.110000,0.175000
3427,0.102000,1.714000,2,0.050000,0.075000
3428,0.056000,0.850000,1,0.022000,0.035000
3429,0.140000,1.694000,3,0.070000,0.105000
3430,0.286000,1.774000,6,0.124000,0.180000
3431,0.234000,2.060000,5,0.106000,0.165000
3432,0.266000,3.080000,6,0.128000,0.165000
3433,0.120000,1.514000,3,0.068000,0.095000
3434,0.072000,0.850000,2,0.038000,0.055000
3435,0.022000,1.840000,2,0.026000,0.025000
3436,0.068000,0.860000,2,0.036000,0.050000
3437,0.640000,2.054000,7,0.174000,0.280000
3438,0.070000,2.492000,3,0.050000,0.060000
3439,0.202000,1.242000,3,0.074000,0.135000
3440,0.054000,1.160000,2,0.034000,0.045000
3441,0.044000,1.790000,2,0.030000,0.050000
3442,0.058000,1.550000,4,0.050000,0.075000
3443,0.192000,2.368000,3,0.088000,0.140000
3444,0.134000,1.392000,3,0.062000,0.090000
3445,0.092000,1.514000,3,0.064000,0.090000
3446,0.314000,1.492000,4,0.110000,0.240000
3447,0.184000,2.894000,5,0.094000,0.145000
3448,0.134000,1.982000,3,0.062000,0.090000
3449,0.018000,1.910000,2,0.026000,0.025000
3450,0.148000,2.002000,4,0.080000,0.125000
3451,0.126000,1.308000,4,0.092000,0.130000
3452,0.098000,1.470000,2,0.042000,0.065000
3453,0.030000,0.180000,1,0.018000,0.025000
3454,0.054000,1.212000,3,0.048000,0.055000
3455,0.068000,2.200000,4,0.066000,0.085000
3456,0.144000,1.430000,3,0.060000,0.090000
3457,0.086000,1.652000,2,0.042000,0.055000
3458,0.006000,0.790000,1,0.012000,0.010000
3459,0.074000,2.450000,3,0.048000,0.060000
3460,0.526000,3.242000,5,0.122000,0.115000
3461,0.102000,2.342000,4,0.072000,0.095000
3462,0.108000,1.552000,2,0.046000,0.060000
3463,0.042000,0.782000,1,0.026000,0.065000
3464,0.066000,1.752000,3,0.052000,0.065000
3465,0.132000,0.716000,3,0.066000,0.110000
3466,0.198000,2.000000,4,0.090000,0.170000
3467,0.136000,1.786000,3,0.072000,0.105000
3468,0.130000,3.230000,4,0.070000,0.070000
3469,0.150000,1.824000,4,0.082000,0.115000
3470,0.136000,1.224000,2,0.056000,0.090000
3471,0.042000,0.790000,1,0.020000,0.030000
3472,0.176000,2.360000,3,0.066000,0.060000
3473,0.040000,1.672000,3,0.046000,0.050000
3474,0.366000,1.322000,3,0.084000,0.115000
3475,0.194000,1.520000,4,0.078000,0.130000
3476,0.132000,2.368000,3,0.070000,0.100000
3477,0.098000,1.472000,2,0.046000,0.070000
3478,0.052000,0.904000,2,0.040000,0.050000
3479,0.122000,1.602000,2,0.048000,0.095000
3480,0.000000,0.000000,0,0.000000,0.000000
3481,0.320000,1.422000,2,0.072000,0.135000
3482,0.000000,0.000000,0,0.000000,0.000000
3483,0.036000,0.562000,3,0.036000,0.045000
3484,0.352000,1.470000,2,0.078000,0.135000
3485,0.280000,1.894000,5,0.128000,0.200000
3486,0.312000,2.102000,5,0.114000,0.180000
3487,0.282000,3.072000,5,0.114000,0.195000
3488,0.140000,2.402000,3,0.068000,0.075000
3489,0.096000,2.246000,3,0.066000,0.075000
3490,0.096000,0.902000,2,0.048000,0.080000
3491,0.018000,0.910000,2,0.026000,0.025000
3492,0.070000,1.796000,4,0.070000,0.080000
3493,0.084000,0.750000,2,0.040000,0.060000
3494,0.152000,3.100000,5,0.092000,0.130000
3495,0.042000,0.910000,1,0.020000,0.030000
3496,0.114000,1.210000,2,0.044000,0.070000
3497,0.084000,1.300000,3,0.052000,0.070000
3498,0.002000,0.890000,1,0.010000,0.005000
3499,0.382000,2.830000,7,0.162000,0.210000
3500,0.020000,0.860000,1,0.016000,0.020000
3501,0.218000,1.864000,5,0.084000,0.140000
3502,0.336000,2.304000,3,0.092000,0.160000
3503,0.008000,0.932000,1,0.016000,0.040000
3504,0.562000,2.874000,5,0.156000,0.265000
3505,0.188000,0.780000,2,0.052000,0.090000
3506,0.122000,1.496000,4,0.066000,0.080000
3507,0.092000,2.176000,5,0.084000,0.100000
3508,0.264000,2.352000,4,0.092000,0.170000
3509,0.264000,2.304000,4,0.100000,0.160000
3510,0.078000,1.352000,2,0.042000,0.060000
3511,0.058000,0.576000,2,0.046000,0.060000
3512,0.132000,2.364000,6,0.094000,0.135000
3513,0.128000,1.882000,3,0.062000,0.095000
3514,0.070000,1.514000,3,0.058000,0.075000
3515,0.078000,2.462000,4,0.058000,0.080000
3516,0.172000,2.754000,4,0.090000,0.135000
3517,0.042000,0.920000,1,0.020000,0.030000
3518,0.160000,1.008000,3,0.086000,0.115000
3519,0.210000,0.692000,2,0.060000,0.105000
3520,0.032000,1.140000,2,0.028000,0.025000
3521,0.070000,1.818000,4,0.070000,0.080000
3522,0.072000,0.900000,1,0.024000,0.040000
3523,0.082000,0.932000,2,0.044000,0.065000
3524,0.096000,2.306000,3,0.068000,0.095000
3525,0.050000,2.400000,4,0.056000,0.060000
3526,0.020000,0.840000,1,0.016000,0.020000
3527,0.000000,0.000000,0,0.000000,0.000000
3528,0.316000,2.102000,6,0.146000,0.240000
3529,0.550000,1.078000,2,0.114000,0.210000
3530,0.050000,1.610000,3,0.058000,0.055000
3531,0.130000,2.842000,5,0.088000,0.100000
3532,0.006000,0.960000,1,0.012000,0.010000
3533,0.014000,0.920000,2,0.024000,0.020000
3534,0.110000,1.680000,2,0.042000,0.065000
3535,0.110000,0.730000,1,0.028000,0.050000
3536,0.126000,2.368000,3,0.070000,0.100000
3537,0.084000,1.700000,2,0.040000,0.060000
3538,0.210000,2.118000,3,0.084000,0.195000
3539,0.114000,1.560000,3,0.056000,0.080000
3540,0.206000,2.174000,7,0.110000,0.100000
3541,0.092000,1.360000,3,0.052000,0.070000
3542,0.056000,0.840000,1,0.022000,0.035000
3543,0.230000,1.472000,2,0.088000,0.175000
3544,0.076000,2.052000,3,0.054000,0.070000
3545,0.128000,2.616000,4,0.086000,0.120000
3546,0.286000,2.484000,7,0.128000,0.200000
3547,0.900000,1.898000,4,0.140000,0.275000
3548,0.404000,1.366000,4,0.120000,0.155000
3549,0.186000,2.270000,4,0.074000,0.095000
3550,0.050000,1.610000,2,0.034000,0.045000
3551,0.120000,1.980000,4,0.068000,0.090000
3552,0.020000,0.800000,1,0.016000,0.020000
3553,0.080000,2.760000,4,0.078000,0.095000
3554,0.002000,0.970000,1,0.010000,0.005000
3555,0.050000,1.632000,2,0.036000,0.085000
3556,0.076000,1.724000,2,0.048000,0.070000
3557,0.040000,0.880000,2,0.032000,0.075000
3558,0.012000,0.950000,1,0.014000,0.015000
3559,0.246000,0.672000,1,0.052000,0.105000
3560,0.022000,1.682000,3,0.040000,0.035000
3561,0.002000,0.930000,1,0.010000,0.005000
3562,0.094000,0.722000,2,0.044000,0.065000
3563,0.158000,2.214000,3,0.076000,0.120000
3564,0.054000,0.562000,1,0.028000,0.045000
3565,0.144000,1.392000,2,0.072000,0.115000
3566,0.104000,1.664000,4,0.076000,0.100000
3567,0.164000,2.280000,6,0.116000,0.150000
3568,0.134000,0.792000,2,0.050000,0.080000
3569,0.130000,2.092000,5,0.096000,0.170000
3570,0.090000,1.738000,4,0.082000,0.105000
3571,0.242000,2.172000,4,0.096000,0.155000
3572,0.104000,1.640000,3,0.054000,0.075000
3573,0.060000,3.422000,4,0.062000,0.065000
3574,0.132000,3.240000,5,0.080000,0.075000
3575,0.078000,2.066000,4,0.066000,0.090000
3576,0.376000,1.402000,3,0.092000,0.165000
3577,0.018000,1.092000,2,0.030000,0.030000
3578,0.390000,2.498000,7,0.176000,0.295000
3579,0.126000,2.020000,4,0.072000,0.100000
3580,0.022000,0.850000,2,0.026000,0.025000
3581,0.068000,1.528000,3,0.048000,0.065000
3582,0.068000,1.880000,3,0.048000,0.060000
3583,0.092000,2.440000,4,0.066000,0.085000
3584,0.070000,1.362000,4,0.062000,0.070000
3585,0.112000,1.422000,2,0.050000,0.060000
3586,0.126000,1.890000,4,0.090000,0.125000
3587,0.034000,0.844000,1,0.028000,0.040000
3588,0.068000,0.812000,1,0.030000,0.050000
3589,0.254000,0.586000,3,0.094000,0.160000
3590,0.028000,1.112000,2,0.032000,0.035000
3591,0.130000,2.962000,5,0.086000,0.110000
3592,0.174000,2.322000,4,0.082000,0.120000
3593,0.056000,0.910000,1,0.022000,0.035000
3594,0.092000,2.322000,4,0.066000,0.095000
3595,0.040000,1.734000,2,0.038000,0.045000
3596,0.290000,1.768000,5,0.106000,0.190000
3597,0.234000,3.464000,6,0.112000,0.170000
3598,0.176000,1.778000,5,0.116000,0.145000
3599,0.068000,1.494000,3,0.054000,0.095000
3600,0.396000,1.696000,3,0.088000,0.150000
3601,0.014000,1.740000,2,0.024000,0.020000
3602,0.488000,2.572000,4,0.118000,0.195000
3603,0.074000,2.068000,6,0.096000,0.105000
3604,0.116000,2.322000,3,0.062000,0.090000
3605,0.172000,1.870000,3,0.064000,0.100000
3606,0.072000,2.490000,5,0.072000,0.080000
3607,0.038000,1.652000,3,0.046000,0.050000
3608,0.140000,0.930000,2,0.046000,0.075000
3609,0.062000,0.860000,2,0.034000,0.045000
3610,0.110000,1.672000,3,0.058000,0.080000
3611,0.100000,1.240000,4,0.066000,0.090000
3612,0.102000,2.618000,4,0.086000,0.115000
3613,0.090000,2.294000,3,0.056000,0.060000
3614,0.066000,1.770000,3,0.048000,0.060000
3615,0.072000,0.850000,1,0.024000,0.040000
3616,0.352000,2.032000,4,0.106000,0.180000
3617,0.508000,2.128000,4,0.124000,0.210000
3618,0.404000,1.248000,3,0.126000,0.235000
3619,0.156000,2.152000,3,0.068000,0.105000
3620,0.040000,1.352000,3,0.046000,0.050000
3621,0.152000,1.644000,4,0.082000,0.120000
3622,0.126000,1.816000,3,0.064000,0.105000
3623,0.048000,1.542000,2,0.038000,0.050000
3624,0.316000,1.734000,4,0.094000,0.165000
3625,0.080000,1.894000,3,0.058000,0.075000
3626,0.076000,1.704000,3,0.058000,0.075000
3627,0.116000,2.222000,3,0.064000,0.095000
3628,0.030000,0.830000,1,0.018000,0.025000
3629,0.156000,2.742000,4,0.080000,0.115000
3630,0.084000,2.720000,5,0.074000,0.085000
3631,0.204000,2.900000,4,0.084000,0.150000
3632,0.000000,0.000000,0,0.000000,0.000000
3633,0.158000,2.874000,4,0.082000,0.115000
3634,0.010000,0.864000,1,0.020000,0.020000
3635,0.118000,0.854000,5,0.080000,0.115000
3636,0.150000,2.052000,4,0.078000,0.135000
3637,0.026000,0.782000,1,0.022000,0.030000
3638,0.102000,1.648000,3,0.078000,0.105000
3639,0.074000,1.956000,3,0.060000,0.075000
3640,0.414000,2.688000,5,0.120000,0.185000
3641,0.282000,2.178000,7,0.146000,0.225000
3642,0.240000,0.948000,2,0.086000,0.190000
3643,0.176000,1.770000,4,0.076000,0.110000
3644,0.042000,0.892000,1,0.026000,0.040000
3645,0.192000,1.150000,3,0.092000,0.145000
3646,0.142000,1.132000,4,0.074000,0.145000
3647,0.020000,0.910000,1,0.016000,0.020000
3648,0.076000,1.992000,4,0.066000,0.080000
3649,0.120000,1.502000,3,0.060000,0.145000
3650,0.502000,1.124000,2,0.100000,0.180000
3651,0.200000,1.396000,2,0.072000,0.100000
3652,0.100000,0.782000,2,0.056000,0.075000
3653,0.182000,3.120000,4,0.080000,0.120000
3654,0.074000,1.992000,3,0.054000,0.070000
3655,0.140000,1.410000,2,0.046000,0.075000
3656,0.108000,2.416000,5,0.092000,0.145000
3657,1.530000,0.194000,1,0.168000,0.365000
3658,0.186000,2.086000,8,0.144000,0.215000
3659,0.370000,1.996000,6,0.150000,0.275000
3660,0.054000,0.780000,2,0.042000,0.065000
3661,0.152000,3.544000,5,0.098000,0.120000
3662,0.150000,1.310000,3,0.056000,0.105000
3663,0.188000,1.630000,4,0.078000,0.115000
3664,0.118000,2.232000,3,0.064000,0.095000
3665,0.358000,1.432000,3,0.082000,0.140000
3666,0.102000,1.560000,3,0.056000,0.080000
3667,0.056000,0.150000,1,0.022000,0.035000
3668,0.182000,0.700000,2,0.052000,0.090000
3669,0.206000,1.286000,5,0.114000,0.205000
3670,0.196000,2.478000,5,0.122000,0.175000
3671,0.338000,2.690000,4,0.132000,0.190000
3672,0.002000,0.830000,1,0.010000,0.005000
3673,0.320000,1.214000,2,0.092000,0.230000
3674,0.366000,2.270000,5,0.130000,0.225000
3675,0.082000,1.680000,3,0.052000,0.070000
3676,0.250000,1.416000,4,0.094000,0.120000
3677,0.286000,1.456000,3,0.094000,0.160000
3678,0.082000,1.550000,3,0.052000,0.075000
3679,0.052000,1.094000,2,0.040000,0.050000
3680,0.000000,0.000000,0,0.000000,0.000000
3681,0.178000,2.462000,5,0.094000,0.130000
3682,0.120000,1.590000,3,0.056000,0.080000
3683,0.068000,1.232000,3,0.054000,0.095000
3684,0.220000,1.830000,4,0.084000,0.130000
3685,0.062000,1.762000,2,0.042000,0.080000
3686,0.356000,1.802000,4,0.120000,0.170000
3687,0.184000,0.732000,1,0.038000,0.070000
3688,1.000000,1.506000,5,0.170000,0.315000
3689,0.074000,0.752000,1,0.028000,0.045000
3690,0.120000,1.816000,5,0.088000,0.130000
3691,0.070000,1.518000,3,0.052000,0.070000
3692,0.134000,2.640000,4,0.068000,0.090000
3693,0.168000,2.684000,4,0.086000,0.125000
3694,0.030000,0.920000,1,0.018000,0.025000
3695,0.074000,0.832000,2,0.042000,0.060000
3696,0.148000,2.240000,4,0.076000,0.100000
3697,0.148000,1.618000,4,0.092000,0.130000
3698,0.102000,0.720000,2,0.042000,0.065000
3699,0.100000,3.074000,5,0.086000,0.100000
3700,0.000000,0.000000,0,0.000000,0.000000
3701,0.122000,1.430000,2,0.042000,0.065000
3702,0.086000,2.492000,3,0.052000,0.065000
3703,0.164000,0.902000,2,0.052000,0.085000
3704,0.186000,2.108000,7,0.130000,0.200000
3705,0.144000,1.746000,4,0.086000,0.125000
3706,0.072000,0.752000,1,0.032000,0.065000
3707,0.102000,1.414000,4,0.074000,0.120000
3708,0.168000,1.320000,3,0.066000,0.105000
3709,0.180000,2.462000,4,0.084000,0.125000
3710,0.026000,0.712000,1,0.022000,0.030000
3711,0.082000,2.466000,3,0.064000,0.085000
3712,0.166000,2.252000,3,0.066000,0.100000
3713,0.422000,1.494000,7,0.158000,0.285000
3714,0.072000,0.630000,1,0.024000,0.040000
3715,0.562000,1.230000,3,0.102000,0.175000
3716,0.000000,0.000000,0,0.000000,0.000000
3717,0.054000,1.492000,2,0.040000,0.070000
3718,0.384000,1.214000,3,0.132000,0.285000
3719,0.050000,1.434000,2,0.044000,0.060000
3720,0.092000,1.770000,2,0.040000,0.060000
3721,0.074000,1.810000,3,0.050000,0.065000
3722,0.338000,2.490000,5,0.102000,0.155000
3723,0.206000,1.334000,2,0.066000,0.115000
3724,0.046000,1.012000,2,0.038000,0.050000
3725,0.120000,1.452000,5,0.078000,0.105000
3726,0.008000,0.292000,1,0.016000,0.015000
3727,0.200000,1.572000,4,0.084000,0.170000
3728,0.316000,1.464000,6,0.168000,0.220000
3729,0.044000,0.602000,1,0.024000,0.035000
3730,0.372000,3.012000,7,0.150000,0.175000
3731,0.148000,1.584000,2,0.074000,0.115000
3732,0.792000,2.214000,7,0.152000,0.245000
3733,0.186000,0.740000,2,0.050000,0.085000
3734,0.070000,1.710000,2,0.054000,0.075000
3735,0.098000,0.970000,3,0.052000,0.070000
3736,0.150000,1.480000,4,0.090000,0.125000
3737,0.030000,2.472000,3,0.042000,0.040000
3738,0.240000,1.710000,3,0.070000,0.115000
3739,0.166000,0.764000,4,0.084000,0.130000
3740,0.066000,1.310000,3,0.048000,0.060000
3741,0.190000,1.534000,3,0.082000,0.135000
3742,0.050000,1.466000,2,0.038000,0.045000
3743,0.124000,1.626000,5,0.094000,0.130000
3744,0.086000,1.692000,4,0.066000,0.080000
3745,0.304000,1.976000,7,0.152000,0.225000
3746,0.158000,0.872000,3,0.068000,0.105000
3747,0.182000,1.860000,4,0.100000,0.150000
3748,0.242000,2.578000,7,0.134000,0.180000
3749,0.418000,1.354000,2,0.076000,0.140000
3750,0.086000,1.320000,2,0.040000,0.060000
3751,0.170000,1.746000,6,0.102000,0.140000
3752,0.068000,2.194000,3,0.056000,0.070000
3753,0.026000,0.870000,2,0.028000,0.030000
3754,0.068000,2.156000,3,0.060000,0.075000
3755,0.260000,2.468000,7,0.142000,0.215000
3756,0.250000,1.472000,4,0.098000,0.150000
3757,0.226000,2.888000,6,0.128000,0.200000
3758,0.036000,1.400000,2,0.030000,0.035000
3759,0.032000,0.882000,1,0.022000,0.060000
3760,0.138000,1.964000,4,0.076000,0.120000
3761,0.054000,1.560000,2,0.034000,0.045000
3762,0.168000,2.120000,6,0.116000,0.150000
3763,0.070000,1.560000,3,0.050000,0.065000
3764,0.002000,0.950000,1,0.010000,0.020000
3765,0.238000,2.906000,6,0.124000,0.195000
3766,0.088000,2.972000,4,0.068000,0.085000
3767,0.204000,0.750000,2,0.054000,0.095000
3768,0.000000,0.000000,0,0.000000,0.000000
3769,0.008000,0.902000,1,0.016000,0.015000
3770,0.136000,2.124000,4,0.074000,0.105000
3771,0.276000,2.310000,4,0.094000,0.125000
3772,0.772000,2.154000,4,0.148000,0.270000
3773,0.146000,2.244000,4,0.076000,0.100000
3774,0.096000,2.026000,3,0.068000,0.095000
3775,0.282000,1.388000,3,0.092000,0.170000
3776,0.134000,1.720000,2,0.040000,0.060000
3777,0.184000,3.114000,5,0.096000,0.115000
3778,0.154000,0.896000,4,0.078000,0.140000
3779,0.056000,0.720000,1,0.022000,0.035000
3780,0.000000,0.000000,0,0.000000,0.000000
3781,0.138000,1.004000,2,0.060000,0.100000
3782,0.110000,0.880000,1,0.028000,0.050000
3783,0.372000,1.134000,4,0.150000,0.195000
3784,0.058000,0.612000,3,0.050000,0.060000
3785,0.444000,1.974000,4,0.120000,0.210000
3786,0.042000,1.350000,2,0.032000,0.040000
3787,0.042000,0.720000,1,0.020000,0.030000
3788,0.392000,2.720000,6,0.144000,0.185000
3789,0.154000,2.652000,4,0.080000,0.115000
3790,0.182000,2.202000,6,0.136000,0.190000
3791,0.054000,1.060000,2,0.034000,0.045000
3792,0.060000,1.822000,3,0.044000,0.065000
3793,0.106000,1.550000,4,0.056000,0.105000
3794,0.196000,1.722000,5,0.088000,0.135000
3795,0.228000,1.592000,2,0.056000,0.095000
3796,0.132000,0.960000,2,0.046000,0.075000
3797,0.134000,1.644000,3,0.070000,0.105000
3798,0.286000,1.324000,2,0.072000,0.130000
3799,0.066000,2.460000,3,0.048000,0.045000
3800,0.018000,0.960000,2,0.018000,0.025000
3801,0.050000,0.156000,2,0.038000,0.060000
3802,0.080000,1.342000,2,0.040000,0.055000
3803,0.116000,1.382000,3,0.058000,0.080000
3804,0.128000,1.424000,4,0.082000,0.100000
3805,0.136000,1.906000,3,0.072000,0.105000
3806,0.098000,1.536000,3,0.062000,0.085000
3807,0.042000,0.920000,1,0.020000,0.030000
3808,0.528000,3.146000,5,0.118000,0.120000
3809,0.248000,0.724000,1,0.056000,0.110000
3810,0.148000,2.764000,6,0.108000,0.130000
3811,0.330000,1.510000,3,0.082000,0.145000
3812,0.146000,1.800000,2,0.048000,0.080000
3813,0.208000,1.430000,3,0.068000,0.090000
3814,0.080000,1.650000,3,0.052000,0.070000
3815,0.184000,2.904000,8,0.124000,0.165000
3816,0.050000,2.094000,3,0.052000,0.050000
3817,0.110000,1.016000,3,0.060000,0.075000
3818,0.014000,1.004000,3,0.040000,0.030000
3819,0.098000,0.794000,1,0.036000,0.060000
3820,0.290000,1.678000,3,0.084000,0.165000
3821,0.138000,2.274000,3,0.070000,0.105000
3822,0.210000,3.130000,6,0.112000,0.160000
3823,0.150000,2.072000,5,0.078000,0.110000
3824,0.000000,0.000000,0,0.000000,0.000000
3825,0.098000,2.362000,4,0.062000,0.080000
3826,0.062000,1.164000,2,0.046000,0.105000
3827,0.690000,1.346000,6,0.158000,0.290000
3828,0.108000,1.622000,3,0.060000,0.070000
3829,0.118000,1.648000,2,0.064000,0.100000
3830,0.882000,1.714000,3,0.118000,0.200000
3831,0.030000,0.880000,1,0.018000,0.025000
3832,0.076000,1.594000,3,0.062000,0.075000
3833,0.410000,1.404000,4,0.118000,0.175000
3834,0.198000,0.758000,1,0.054000,0.100000
3835,0.254000,3.152000,5,0.102000,0.150000
3836,0.430000,2.048000,8,0.186000,0.290000
3837,0.170000,1.684000,5,0.098000,0.160000
3838,0.008000,0.852000,1,0.016000,0.015000
3839,0.010000,0.962000,2,0.018000,0.020000
3840,0.122000,1.914000,3,0.068000,0.100000
3841,0.122000,1.666000,2,0.064000,0.095000
3842,0.236000,2.380000,5,0.126000,0.175000
3843,0.162000,1.210000,2,0.048000,0.080000
3844,0.382000,0.820000,3,0.074000,0.145000
3845,0.012000,0.710000,1,0.014000,0.015000
3846,0.252000,1.996000,5,0.120000,0.185000
3847,0.192000,1.764000,3,0.076000,0.120000
3848,0.070000,2.330000,3,0.050000,0.065000
3849,0.282000,2.296000,5,0.124000,0.190000
3850,0.386000,1.806000,3,0.118000,0.220000
3851,0.104000,0.902000,2,0.040000,0.110000
3852,0.156000,0.004000,2,0.042000,0.080000
3853,0.056000,0.910000,1,0.022000,0.035000
3854,0.264000,1.678000,4,0.108000,0.170000
3855,0.186000,2.664000,7,0.116000,0.160000
3856,0.092000,1.290000,2,0.040000,0.060000
3857,0.232000,2.484000,6,0.116000,0.160000
3858,0.412000,3.184000,6,0.152000,0.210000
3859,0.050000,1.680000,2,0.034000,0.070000
3860,0.174000,1.220000,3,0.066000,0.105000
3861,0.054000,1.194000,2,0.044000,0.065000
3862,0.612000,1.854000,4,0.176000,0.295000
3863,0.088000,0.924000,3,0.060000,0.085000
3864,0.898000,1.920000,4,0.164000,0.305000
3865,0.058000,0.844000,2,0.036000,0.060000
3866,0.340000,1.470000,4,0.122000,0.200000
3867,0.152000,1.870000,4,0.082000,0.125000
3868,0.342000,1.954000,8,0.184000,0.270000
3869,0.274000,2.168000,7,0.144000,0.205000
3870,0.054000,1.770000,2,0.034000,0.045000
3871,0.146000,1.102000,5,0.090000,0.120000
3872,0.036000,0.750000,2,0.030000,0.055000
3873,0.054000,1.176000,4,0.068000,0.085000
3874,0.000000,0.000000,0,0.000000,0.000000
3875,0.164000,1.112000,2,0.056000,0.095000
3876,0.332000,2.332000,5,0.114000,0.180000
3877,0.034000,1.860000,3,0.040000,0.040000
3878,0.258000,2.130000,3,0.068000,0.110000
3879,0.126000,1.536000,4,0.094000,0.175000
3880,0.040000,1.332000,2,0.044000,0.050000
3881,0.156000,2.084000,5,0.102000,0.160000
3882,0.222000,1.344000,3,0.082000,0.135000
3883,0.192000,2.122000,5,0.102000,0.155000
3884,0.108000,1.282000,3,0.062000,0.090000
3885,0.188000,1.550000,3,0.068000,0.110000
3886,0.140000,2.400000,4,0.074000,0.105000
3887,0.316000,1.740000,5,0.116000,0.175000
3888,0.094000,2.154000,3,0.058000,0.075000
3889,0.100000,1.290000,2,0.058000,0.080000
3890,0.812000,2.348000,10,0.226000,0.365000
3891,0.112000,2.100000,3,0.056000,0.080000
3892,0.408000,1.822000,5,0.122000,0.180000
3893,0.228000,2.266000,5,0.112000,0.165000
3894,0.232000,1.372000,5,0.132000,0.200000
3895,0.082000,1.752000,4,0.058000,0.080000
3896,0.080000,0.902000,5,0.060000,0.105000
3897,0.408000,2.164000,4,0.124000,0.190000
3898,0.320000,2.212000,5,0.134000,0.180000
3899,0.252000,1.994000,4,0.100000,0.160000
3900,0.058000,1.822000,3,0.048000,0.055000
3901,0.114000,2.206000,4,0.080000,0.105000
3902,0.218000,1.100000,3,0.070000,0.100000
3903,0.290000,2.038000,3,0.096000,0.145000
3904,0.130000,1.640000,2,0.044000,0.070000
3905,0.346000,3.076000,8,0.154000,0.265000
3906,0.268000,2.322000,3,0.086000,0.120000
3907,0.200000,2.502000,9,0.168000,0.200000
3908,0.040000,1.390000,4,0.052000,0.055000
3909,0.066000,0.920000,3,0.048000,0.060000
3910,0.256000,3.160000,6,0.138000,0.205000
3911,0.198000,1.510000,2,0.052000,0.090000
3912,0.214000,2.244000,5,0.100000,0.160000
3913,0.166000,1.052000,4,0.084000,0.110000
3914,0.230000,2.240000,5,0.096000,0.140000
3915,0.014000,0.802000,1,0.018000,0.020000
3916,0.086000,2.640000,4,0.062000,0.075000
3917,0.462000,2.718000,5,0.146000,0.245000
3918,0.230000,2.528000,4,0.086000,0.120000
3919,0.102000,1.760000,4,0.068000,0.100000
3920,0.002000,0.970000,1,0.010000,0.005000
3921,0.430000,3.016000,5,0.122000,0.190000
3922,0.524000,2.074000,5,0.144000,0.250000
3923,0.066000,2.160000,4,0.056000,0.080000
3924,0.288000,1.124000,3,0.104000,0.170000
3925,0.074000,1.532000,2,0.044000,0.040000
3926,0.316000,1.660000,3,0.076000,0.130000
3927,0.110000,2.262000,5,0.096000,0.095000
3928,0.170000,2.554000,6,0.114000,0.160000
3929,0.170000,1.806000,4,0.100000,0.120000
3930,0.248000,2.220000,5,0.104000,0.160000
3931,0.070000,2.302000,4,0.062000,0.070000
3932,0.128000,1.722000,4,0.078000,0.110000
3933,0.152000,0.772000,1,0.042000,0.135000
3934,0.464000,2.282000,6,0.120000,0.195000
3935,0.236000,2.652000,8,0.146000,0.205000
3936,0.140000,1.602000,3,0.046000,0.070000
3937,0.620000,1.066000,2,0.136000,0.265000
3938,0.070000,0.272000,2,0.040000,0.075000
3939,0.244000,0.740000,3,0.074000,0.125000
3940,0.092000,2.256000,4,0.078000,0.095000
3941,0.168000,2.154000,7,0.120000,0.160000
3942,0.212000,1.630000,5,0.090000,0.145000
3943,0.190000,2.670000,5,0.102000,0.150000
3944,0.218000,1.700000,3,0.072000,0.120000
3945,0.026000,0.902000,2,0.032000,0.035000
3946,0.374000,1.524000,4,0.104000,0.180000
3947,0.318000,2.404000,5,0.132000,0.185000
3948,0.334000,1.116000,4,0.106000,0.195000
3949,0.020000,0.666000,2,0.024000,0.030000
3950,0.132000,0.710000,1,0.030000,0.055000
3951,0.118000,1.724000,3,0.062000,0.085000
3952,0.204000,1.614000,3,0.070000,0.125000
3953,0.218000,1.684000,6,0.140000,0.200000
3954,0.484000,1.754000,4,0.146000,0.280000
3955,0.074000,1.760000,4,0.060000,0.070000
3956,0.062000,0.820000,2,0.034000,0.055000
3957,0.272000,2.740000,5,0.116000,0.190000
3958,0.180000,2.126000,3,0.078000,0.120000
3959,0.200000,1.432000,4,0.086000,0.130000
3960,0.086000,1.634000,3,0.062000,0.085000
3961,0.242000,1.408000,7,0.136000,0.200000
3962,0.068000,0.772000,1,0.030000,0.050000
3963,0.270000,2.734000,7,0.130000,0.175000
3964,0.130000,2.152000,3,0.064000,0.095000
3965,0.178000,2.054000,4,0.108000,0.205000
3966,0.128000,1.930000,4,0.072000,0.100000
3967,0.186000,1.220000,2,0.050000,0.075000
3968,0.108000,2.242000,5,0.090000,0.120000
3969,0.406000,1.542000,4,0.088000,0.155000
3970,0.320000,0.978000,4,0.112000,0.185000
3971,0.188000,0.692000,1,0.040000,0.075000
3972,0.046000,1.132000,2,0.038000,0.050000
3973,0.090000,0.380000,1,0.026000,0.045000
3974,0.262000,2.986000,8,0.126000,0.185000
3975,0.280000,2.478000,5,0.114000,0.205000
3976,0.070000,1.640000,3,0.050000,0.065000
3977,0.376000,2.530000,6,0.166000,0.290000
3978,0.074000,2.370000,3,0.050000,0.050000
3979,1.312000,2.706000,6,0.218000,0.385000
3980,0.168000,1.892000,6,0.122000,0.175000
3981,0.204000,1.504000,4,0.084000,0.140000
3982,0.158000,2.620000,6,0.120000,0.135000
3983,0.214000,1.814000,3,0.082000,0.135000
3984,0.088000,3.094000,5,0.078000,0.105000
3985,0.150000,1.804000,3,0.062000,0.085000
3986,0.210000,2.092000,6,0.108000,0.150000
3987,0.180000,2.702000,5,0.106000,0.130000
3988,0.074000,1.552000,4,0.066000,0.090000
3989,0.194000,1.374000,3,0.070000,0.105000
3990,0.294000,2.092000,6,0.124000,0.185000
3991,0.108000,2.462000,5,0.084000,0.120000
3992,0.134000,1.726000,2,0.068000,0.095000
3993,0.092000,1.614000,4,0.070000,0.085000
3994,0.020000,0.940000,1,0.016000,0.020000
3995,0.514000,1.576000,6,0.152000,0.260000
3996,0.252000,3.844000,7,0.126000,0.185000
3997,0.136000,3.324000,4,0.076000,0.100000
3998,0.370000,2.738000,4,0.116000,0.190000
3999,0.152000,1.280000,2,0.046000,0.075000
4000,0.020000,0.892000,2,0.030000,0.035000
4001,0.074000,0.242000,2,0.044000,0.065000
4002,0.266000,1.980000,3,0.108000,0.175000
4003,0.090000,2.232000,4,0.066000,0.080000
4004,0.110000,1.884000,3,0.064000,0.090000
4005,0.184000,2.490000,5,0.112000,0.165000
4006,0.020000,0.800000,1,0.016000,0.020000
4007,0.032000,0.762000,1,0.022000,0.030000
4008,0.236000,1.236000,3,0.084000,0.145000
4009,0.010000,0.820000,3,0.024000,0.035000
4010,0.092000,2.604000,3,0.060000,0.060000
4011,0.084000,2.324000,4,0.068000,0.080000
4012,0.124000,2.216000,5,0.096000,0.125000
4013,0.024000,0.852000,2,0.032000,0.035000
4014,0.022000,1.710000,2,0.026000,0.025000
4015,0.260000,1.898000,5,0.108000,0.155000
4016,0.072000,2.584000,3,0.054000,0.060000
4017,0.086000,0.602000,1,0.034000,0.060000
4018,0.150000,1.708000,3,0.072000,0.140000
4019,0.042000,0.000000,1,0.012000,0.030000
4020,0.434000,2.798000,7,0.144000,0.190000
4021,0.026000,1.890000,2,0.028000,0.030000
4022,0.090000,2.224000,3,0.064000,0.090000
4023,0.268000,2.206000,6,0.128000,0.205000
4024,0.316000,1.176000,5,0.108000,0.145000
4025,0.020000,0.152000,2,0.030000,0.045000
4026,0.166000,2.288000,4,0.090000,0.110000
4027,0.050000,2.082000,3,0.048000,0.055000
4028,0.112000,2.398000,5,0.084000,0.090000
4029,0.112000,2.274000,4,0.074000,0.135000
4030,0.072000,0.080000,1,0.024000,0.040000
4031,0.110000,2.190000,4,0.068000,0.145000
4032,0.076000,2.232000,4,0.064000,0.075000
4033,0.172000,1.390000,3,0.064000,0.100000
4034,0.192000,2.124000,4,0.094000,0.145000
4035,0.100000,2.490000,5,0.094000,0.115000
4036,0.166000,1.848000,4,0.080000,0.105000
4037,0.188000,1.976000,3,0.086000,0.180000
4038,0.156000,1.354000,3,0.066000,0.105000
4039,0.154000,2.134000,4,0.080000,0.135000
4040,0.104000,2.452000,6,0.082000,0.100000
4041,0.270000,2.048000,4,0.106000,0.145000
4042,0.100000,2.590000,5,0.070000,0.095000
4043,0.058000,2.366000,4,0.068000,0.075000
4044,0.234000,1.402000,2,0.076000,0.125000
4045,0.088000,2.602000,3,0.054000,0.070000
4046,0.042000,0.760000,1,0.020000,0.030000
4047,0.086000,1.802000,4,0.070000,0.090000
4048,0.156000,1.438000,5,0.092000,0.115000
4049,0.608000,1.574000,3,0.120000,0.200000
4050,0.448000,1.152000,4,0.114000,0.225000
4051,0.086000,1.300000,2,0.040000,0.060000
4052,0.098000,2.442000,5,0.082000,0.115000
4053,0.132000,0.560000,1,0.030000,0.055000
4054,0.140000,3.148000,6,0.108000,0.140000
4055,0.000000,0.000000,0,0.000000,0.000000
4056,0.038000,0.672000,2,0.034000,0.040000
4057,0.366000,1.242000,5,0.110000,0.170000
4058,0.104000,1.538000,4,0.078000,0.090000
4059,0.088000,1.570000,3,0.050000,0.075000
4060,0.568000,1.512000,3,0.082000,0.165000
4061,0.112000,1.456000,2,0.048000,0.070000
4062,0.362000,1.806000,5,0.122000,0.190000
4063,0.076000,2.530000,4,0.060000,0.090000
4064,0.064000,1.502000,2,0.038000,0.050000
4065,0.660000,1.838000,5,0.158000,0.295000
4066,0.142000,2.332000,4,0.078000,0.110000
4067,0.142000,1.844000,4,0.076000,0.100000
4068,0.126000,3.770000,6,0.096000,0.120000
4069,0.062000,1.790000,2,0.036000,0.050000
4070,0.106000,2.452000,3,0.058000,0.060000
4071,0.210000,2.132000,5,0.098000,0.155000
4072,0.214000,2.004000,5,0.122000,0.145000
4073,0.260000,2.292000,8,0.136000,0.195000
4074,0.252000,2.912000,6,0.146000,0.200000
4075,0.110000,0.830000,2,0.042000,0.065000
4076,0.150000,2.148000,4,0.076000,0.135000
4077,0.318000,2.134000,5,0.126000,0.170000
4078,0.152000,1.550000,3,0.060000,0.080000
4079,0.114000,2.542000,3,0.058000,0.080000
4080,0.058000,0.772000,3,0.050000,0.060000
4081,0.114000,2.362000,5,0.086000,0.105000
4082,0.024000,0.810000,3,0.030000,0.035000
4083,0.540000,1.744000,3,0.110000,0.180000
4084,0.232000,2.116000,3,0.090000,0.110000
4085,0.324000,2.020000,7,0.164000,0.260000
4086,0.308000,0.132000,1,0.046000,0.090000
4087,0.098000,1.380000,2,0.042000,0.065000
4088,0.202000,1.438000,2,0.086000,0.165000
4089,0.030000,0.682000,2,0.034000,0.040000
4090,0.508000,2.534000,5,0.134000,0.200000
4091,0.064000,0.806000,3,0.054000,0.080000
4092,0.064000,1.736000,2,0.048000,0.065000
4093,0.188000,2.044000,4,0.088000,0.145000
4094,0.216000,2.304000,5,0.112000,0.135000
4095,0.082000,2.394000,3,0.058000,0.075000
4096,0.082000,1.260000,3,0.050000,0.065000
4097,0.316000,2.332000,3,0.088000,0.155000
4098,0.406000,1.778000,5,0.128000,0.190000
4099,0.278000,2.060000,5,0.124000,0.180000
4100,0.198000,0.990000,4,0.082000,0.145000
4101,0.114000,1.564000,4,0.080000,0.100000
4102,0.124000,3.104000,4,0.080000,0.100000
4103,0.264000,2.200000,4,0.092000,0.150000
4104,0.040000,1.700000,2,0.032000,0.040000
4105,0.044000,0.884000,3,0.052000,0.060000
4106,0.024000,0.432000,1,0.022000,0.030000
4107,0.006000,0.960000,1,0.012000,0.010000
4108,0.102000,2.526000,4,0.078000,0.090000
4109,0.056000,0.720000,1,0.022000,0.035000
4110,0.064000,1.844000,5,0.068000,0.080000
4111,0.040000,1.810000,2,0.032000,0.040000
4112,0.062000,1.700000,2,0.036000,0.050000
4113,0.150000,1.712000,2,0.054000,0.090000
4114,0.662000,2.608000,6,0.148000,0.225000
4115,0.088000,1.362000,2,0.044000,0.065000
4116,0.068000,1.764000,5,0.078000,0.100000
4117,0.072000,1.510000,2,0.038000,0.055000
4118,0.264000,1.906000,7,0.148000,0.185000
4119,0.060000,1.632000,2,0.040000,0.055000
4120,0.042000,1.800000,2,0.032000,0.040000
4121,0.078000,2.662000,4,0.054000,0.070000
4122,0.142000,2.064000,4,0.080000,0.150000
4123,0.036000,1.730000,3,0.042000,0.060000
4124,0.140000,2.274000,5,0.088000,0.115000
4125,0.100000,1.752000,3,0.058000,0.080000
4126,0.146000,1.602000,3,0.066000,0.100000
4127,0.258000,1.168000,2,0.078000,0.125000
4128,0.090000,1.852000,6,0.096000,0.115000
4129,0.036000,3.420000,4,0.050000,0.045000
4130,0.016000,1.600000,3,0.034000,0.045000
4131,0.454000,2.234000,4,0.104000,0.200000
4132,0.086000,1.812000,3,0.052000,0.055000
4133,0.104000,1.822000,3,0.062000,0.075000
4134,0.006000,0.960000,1,0.012000,0.010000
4135,0.092000,1.690000,2,0.040000,0.060000
4136,0.058000,2.462000,4,0.060000,0.065000
4137,0.184000,1.576000,3,0.084000,0.135000
4138,0.026000,1.634000,2,0.034000,0.035000
4139,0.012000,0.910000,1,0.014000,0.015000
4140,0.114000,0.892000,2,0.048000,0.075000
4141,0.302000,2.712000,5,0.104000,0.150000
4142,0.446000,0.904000,3,0.092000,0.180000
4143,0.088000,2.142000,3,0.054000,0.070000
4144,0.104000,0.862000,2,0.050000,0.080000
4145,0.044000,1.692000,2,0.036000,0.045000
4146,0.140000,1.532000,4,0.074000,0.100000
4147,0.000000,0.000000,0,0.000000,0.000000
4148,0.334000,1.624000,3,0.088000,0.150000
4149,0.230000,2.210000,4,0.104000,0.160000
4150,0.018000,0.812000,1,0.020000,0.025000
4151,0.136000,1.192000,3,0.062000,0.090000
4152,0.132000,2.764000,7,0.106000,0.140000
4153,0.104000,1.550000,3,0.048000,0.080000
4154,0.118000,2.030000,3,0.074000,0.105000
4155,0.048000,1.092000,2,0.038000,0.050000
4156,0.110000,0.594000,2,0.050000,0.075000
4157,0.134000,1.750000,3,0.056000,0.080000
4158,0.206000,1.936000,4,0.082000,0.130000
4159,0.042000,0.920000,1,0.020000,0.030000
4160,0.036000,0.820000,2,0.030000,0.035000
4161,0.030000,1.512000,2,0.034000,0.040000
4162,0.028000,1.522000,2,0.032000,0.035000
4163,0.188000,1.284000,2,0.064000,0.110000
4164,0.526000,2.896000,6,0.136000,0.265000
4165,0.120000,2.502000,4,0.076000,0.105000
4166,0.094000,1.316000,4,0.076000,0.095000
4167,0.634000,2.032000,6,0.172000,0.285000
4168,0.012000,0.910000,1,0.014000,0.015000
4169,0.278000,2.960000,4,0.088000,0.140000
4170,0.020000,0.920000,1,0.016000,0.020000
4171,0.112000,0.622000,4,0.072000,0.115000
4172,0.108000,0.762000,2,0.058000,0.085000
4173,0.118000,1.572000,3,0.052000,0.085000
4174,0.214000,3.150000,5,0.092000,0.130000
4175,0.146000,1.282000,2,0.052000,0.115000
4176,0.206000,1.550000,5,0.094000,0.140000
4177,0.356000,1.360000,2,0.118000,0.230000
4178,0.112000,1.340000,3,0.056000,0.080000
4179,0.152000,0.828000,3,0.066000,0.110000
4180,0.236000,1.946000,4,0.112000,0.165000
4181,0.038000,0.862000,2,0.036000,0.045000
4182,0.090000,1.566000,3,0.068000,0.095000
4183,0.154000,0.588000,2,0.066000,0.095000
4184,0.070000,0.822000,2,0.044000,0.065000
4185,0.086000,1.120000,2,0.040000,0.060000
4186,0.134000,1.544000,3,0.064000,0.120000
4187,0.018000,0.862000,1,0.020000,0.025000
4188,0.114000,1.130000,2,0.044000,0.115000
4189,0.042000,0.460000,1,0.020000,0.030000
4190,0.198000,2.800000,4,0.080000,0.100000
4191,0.218000,2.558000,5,0.114000,0.160000
4192,0.030000,0.810000,1,0.018000,0.025000
4193,0.352000,0.586000,3,0.096000,0.165000
4194,0.134000,0.972000,3,0.062000,0.090000
4195,0.002000,0.860000,1,0.010000,0.005000
4196,0.132000,0.800000,1,0.030000,0.055000
4197,0.694000,0.684000,2,0.152000,0.340000
4198,0.208000,2.874000,5,0.102000,0.145000
4199,0.088000,1.710000,3,0.050000,0.065000
4200,0.236000,1.312000,3,0.076000,0.125000
4201,0.310000,1.360000,4,0.094000,0.155000
4202,0.338000,2.298000,3,0.110000,0.225000
4203,0.100000,1.484000,5,0.082000,0.080000
4204,0.408000,1.912000,4,0.110000,0.210000
4205,0.046000,1.664000,3,0.052000,0.080000
4206,0.076000,0.480000,2,0.038000,0.085000
4207,0.212000,3.296000,6,0.118000,0.160000
4208,0.230000,0.782000,1,0.046000,0.090000
4209,0.124000,1.716000,2,0.048000,0.070000
4210,0.146000,1.924000,3,0.072000,0.110000
4211,0.166000,2.152000,4,0.114000,0.210000
4212,0.076000,2.472000,4,0.066000,0.080000
4213,0.048000,0.976000,2,0.036000,0.055000
4214,0.120000,1.336000,2,0.052000,0.080000
4215,0.194000,2.502000,5,0.088000,0.135000
4216,0.138000,3.036000,6,0.104000,0.125000
4217,0.032000,1.320000,2,0.030000,0.035000
4218,0.306000,1.800000,5,0.142000,0.195000
4219,0.114000,2.142000,4,0.072000,0.095000
4220,0.080000,3.220000,5,0.074000,0.085000
4221,0.018000,1.110000,2,0.026000,0.025000
4222,0.046000,1.052000,2,0.038000,0.050000
4223,0.268000,1.468000,2,0.110000,0.235000
4224,0.000000,0.000000,0,0.000000,0.000000
4225,0.440000,1.956000,5,0.134000,0.215000
4226,0.012000,0.820000,1,0.014000,0.015000
4227,0.182000,2.040000,3,0.066000,0.105000
4228,0.496000,2.542000,5,0.132000,0.190000
4229,0.162000,0.110000,2,0.042000,0.085000
4230,0.122000,1.450000,3,0.070000,0.115000
4231,0.060000,1.226000,2,0.050000,0.105000
4232,0.096000,1.570000,3,0.054000,0.075000
4233,0.080000,1.414000,3,0.062000,0.075000
4234,0.070000,2.580000,3,0.046000,0.055000
4235,0.258000,2.144000,6,0.118000,0.160000
4236,0.314000,1.434000,4,0.106000,0.175000
4237,0.368000,1.960000,3,0.084000,0.150000
4238,0.218000,2.878000,4,0.098000,0.135000
4239,0.124000,3.044000,4,0.078000,0.085000
4240,0.114000,1.200000,2,0.044000,0.070000
4241,0.006000,0.960000,1,0.012000,0.010000
4242,0.032000,1.500000,2,0.028000,0.030000
4243,0.394000,1.342000,2,0.086000,0.170000
4244,0.032000,1.520000,2,0.030000,0.035000
4245,0.334000,2.142000,3,0.078000,0.130000
4246,0.132000,0.694000,2,0.066000,0.115000
4247,0.000000,0.000000,0,0.000000,0.000000
4248,0.170000,1.704000,5,0.098000,0.150000
4249,0.222000,1.384000,4,0.084000,0.135000
4250,0.020000,0.880000,1,0.016000,0.020000
4251,0.174000,0.940000,4,0.080000,0.145000
4252,0.392000,2.220000,6,0.122000,0.225000
4253,0.144000,1.530000,4,0.094000,0.130000
4254,0.176000,2.372000,4,0.078000,0.130000
4255,0.080000,0.842000,2,0.040000,0.055000
4256,0.136000,1.516000,4,0.070000,0.130000
4257,0.276000,2.054000,6,0.126000,0.215000
4258,0.046000,2.272000,5,0.070000,0.065000
4259,0.556000,1.724000,4,0.154000,0.280000
4260,0.066000,1.334000,4,0.056000,0.070000
4261,0.262000,1.438000,2,0.078000,0.120000
4262,0.024000,1.702000,2,0.030000,0.030000
4263,0.030000,0.710000,1,0.018000,0.060000
4264,0.136000,1.624000,4,0.082000,0.115000
4265,0.168000,1.466000,5,0.100000,0.145000
4266,0.366000,3.074000,4,0.110000,0.185000
4267,0.260000,2.098000,5,0.124000,0.170000
4268,0.484000,2.068000,3,0.126000,0.235000
4269,0.006000,0.960000,1,0.012000,0.010000
4270,0.092000,1.752000,3,0.058000,0.080000
4271,0.112000,1.642000,2,0.046000,0.070000
4272,0.294000,2.080000,7,0.174000,0.225000
4273,0.284000,1.864000,6,0.126000,0.155000
4274,0.172000,1.794000,3,0.070000,0.105000
4275,0.042000,1.082000,2,0.036000,0.045000
4276,0.084000,1.686000,3,0.072000,0.090000
4277,0.000000,0.000000,0,0.000000,0.000000
4278,0.232000,1.556000,6,0.118000,0.180000
4279,0.514000,0.932000,3,0.088000,0.130000
4280,0.062000,0.860000,2,0.036000,0.050000
4281,0.056000,1.224000,3,0.054000,0.065000
4282,0.186000,0.974000,3,0.100000,0.140000
4283,0.364000,1.588000,5,0.118000,0.175000
4284,0.032000,0.670000,2,0.030000,0.035000
4285,0.106000,0.964000,2,0.050000,0.075000
4286,0.186000,1.600000,3,0.058000,0.105000
4287,0.092000,1.224000,3,0.064000,0.090000
4288,0.122000,1.876000,6,0.096000,0.160000
4289,0.094000,1.802000,4,0.070000,0.090000
4290,0.078000,1.508000,4,0.074000,0.085000
4291,0.208000,0.744000,1,0.056000,0.110000
4292,0.314000,0.472000,2,0.076000,0.145000
4293,0.284000,1.118000,4,0.102000,0.180000
4294,0.416000,1.584000,5,0.138000,0.215000
4295,0.102000,1.476000,5,0.082000,0.120000
4296,0.114000,2.156000,3,0.062000,0.115000
4297,0.072000,1.448000,3,0.066000,0.080000
4298,0.092000,1.040000,2,0.040000,0.060000
4299,0.120000,0.772000,1,0.038000,0.070000
4300,0.740000,2.200000,3,0.102000,0.170000
4301,0.030000,0.930000,1,0.018000,0.025000
4302,0.432000,1.246000,3,0.090000,0.155000
4303,0.652000,0.366000,2,0.104000,0.205000
4304,0.050000,0.704000,2,0.046000,0.055000
4305,0.170000,1.480000,3,0.048000,0.080000
4306,0.088000,1.550000,3,0.050000,0.080000
4307,0.598000,1.026000,4,0.128000,0.200000
4308,0.124000,1.904000,5,0.092000,0.105000
4309,0.066000,2.230000,3,0.048000,0.060000
4310,0.250000,2.430000,6,0.122000,0.175000
4311,0.060000,0.852000,1,0.030000,0.050000
4312,0.056000,0.910000,1,0.022000,0.035000
4313,0.208000,1.346000,4,0.124000,0.165000
4314,0.146000,1.700000,2,0.048000,0.080000
4315,0.122000,1.732000,5,0.076000,0.110000
4316,0.030000,3.186000,5,0.060000,0.055000
4317,0.226000,2.250000,5,0.098000,0.145000
4318,0.310000,1.950000,6,0.134000,0.205000
4319,0.092000,0.912000,2,0.046000,0.070000
4320,0.098000,1.722000,3,0.058000,0.080000
4321,0.292000,1.480000,3,0.116000,0.175000
4322,0.086000,0.604000,1,0.036000,0.060000
4323,0.118000,3.006000,6,0.098000,0.130000
4324,0.142000,2.440000,4,0.070000,0.095000
4325,0.132000,1.586000,2,0.054000,0.070000
4326,0.134000,1.004000,2,0.052000,0.080000
4327,0.102000,2.194000,4,0.076000,0.085000
4328,0.174000,1.010000,2,0.050000,0.085000
4329,0.044000,1.202000,2,0.036000,0.045000
4330,0.150000,0.970000,4,0.096000,0.175000
4331,0.074000,1.652000,3,0.052000,0.065000
4332,0.110000,1.808000,4,0.082000,0.105000
4333,0.308000,0.480000,2,0.082000,0.160000
4334,0.074000,0.856000,1,0.030000,0.045000
4335,0.194000,1.112000,3,0.070000,0.110000
4336,0.080000,1.666000,3,0.064000,0.085000
4337,0.076000,3.216000,5,0.082000,0.085000
4338,0.090000,0.710000,3,0.052000,0.075000
4339,0.024000,1.870000,3,0.038000,0.035000
4340,0.050000,1.250000,2,0.034000,0.045000
4341,0.520000,1.304000,2,0.074000,0.160000
4342,0.260000,1.722000,4,0.096000,0.155000
4343,0.178000,0.786000,3,0.072000,0.125000
4344,0.158000,1.598000,3,0.082000,0.150000
4345,0.032000,0.042000,1,0.022000,0.030000
4346,0.058000,1.602000,3,0.050000,0.060000
4347,0.460000,1.160000,5,0.166000,0.270000
4348,0.106000,2.596000,4,0.090000,0.115000
4349,0.120000,1.102000,3,0.060000,0.085000
4350,0.128000,1.696000,5,0.098000,0.130000
4351,0.132000,2.102000,3,0.064000,0.095000
4352,0.040000,0.616000,1,0.028000,0.040000
4353,0.200000,1.214000,4,0.110000,0.205000
4354,0.174000,0.730000,3,0.058000,0.105000
4355,0.066000,1.024000,2,0.042000,0.055000
4356,0.086000,2.342000,4,0.070000,0.090000
4357,0.152000,1.650000,3,0.062000,0.095000
4358,0.168000,0.322000,2,0.054000,0.090000
4359,0.004000,0.940000,2,0.020000,0.010000
4360,0.236000,2.948000,6,0.128000,0.155000
4361,0.176000,2.422000,3,0.070000,0.110000
4362,0.342000,1.522000,3,0.080000,0.130000
4363,0.044000,0.692000,2,0.028000,0.035000
4364,0.034000,0.872000,2,0.038000,0.040000
4365,0.120000,1.406000,3,0.072000,0.105000
4366,0.092000,1.620000,3,0.054000,0.055000
4367,0.086000,0.896000,2,0.044000,0.060000
4368,0.094000,0.784000,2,0.052000,0.080000
4369,0.390000,1.484000,2,0.080000,0.115000
4370,0.114000,1.470000,2,0.044000,0.075000
4371,0.080000,1.544000,2,0.048000,0.070000
4372,0.102000,0.800000,2,0.040000,0.060000
4373,0.404000,2.110000,4,0.144000,0.240000
4374,0.054000,1.570000,2,0.034000,0.045000
4375,0.020000,0.892000,2,0.030000,0.030000
4376,0.064000,0.772000,2,0.038000,0.050000
4377,0.232000,1.242000,5,0.106000,0.160000
4378,0.202000,1.764000,4,0.090000,0.135000
4379,0.194000,2.278000,7,0.136000,0.170000
4380,0.106000,1.008000,2,0.064000,0.100000
4381,0.104000,2.030000,3,0.056000,0.080000
4382,0.070000,2.066000,4,0.072000,0.070000
4383,0.026000,0.840000,2,0.028000,0.030000
4384,0.092000,0.880000,3,0.054000,0.085000
4385,0.080000,1.492000,3,0.052000,0.065000
4386,0.036000,0.830000,2,0.030000,0.035000
4387,0.090000,1.540000,4,0.064000,0.085000
4388,0.076000,1.368000,2,0.052000,0.105000
4389,0.340000,1.500000,2,0.102000,0.180000
4390,0.210000,1.740000,4,0.072000,0.090000
4391,0.310000,1.928000,4,0.114000,0.200000
4392,0.600000,0.550000,1,0.056000,0.155000
4393,0.220000,2.554000,4,0.100000,0.160000
4394,0.110000,1.922000,4,0.072000,0.080000
4395,0.170000,2.702000,4,0.086000,0.130000
4396,0.292000,1.834000,6,0.136000,0.195000
4397,0.758000,2.196000,4,0.124000,0.215000
4398,0.208000,2.110000,5,0.102000,0.155000
4399,0.132000,0.810000,1,0.030000,0.095000
4400,0.032000,0.854000,2,0.038000,0.050000
4401,0.138000,2.184000,4,0.076000,0.095000
4402,0.022000,1.520000,2,0.026000,0.025000
4403,0.186000,1.670000,4,0.080000,0.095000
4404,0.022000,0.764000,2,0.034000,0.035000
4405,0.346000,1.530000,3,0.074000,0.125000
4406,0.192000,2.188000,5,0.124000,0.160000
4407,0.022000,0.212000,1,0.020000,0.025000
4408,0.042000,2.126000,4,0.064000,0.065000
4409,0.048000,1.452000,2,0.038000,0.050000
4410,0.194000,2.230000,5,0.116000,0.165000
4411,0.168000,0.778000,1,0.050000,0.090000
4412,0.030000,0.930000,1,0.018000,0.025000
4413,0.064000,1.542000,2,0.040000,0.055000
4414,0.000000,0.000000,0,0.000000,0.000000
4415,0.032000,0.912000,1,0.022000,0.030000
4416,0.058000,1.046000,3,0.056000,0.065000
4417,0.128000,2.414000,5,0.088000,0.110000
4418,0.096000,1.298000,4,0.076000,0.140000
4419,0.134000,1.892000,5,0.092000,0.125000
4420,0.064000,1.588000,4,0.064000,0.100000
4421,0.586000,2.182000,5,0.136000,0.225000
4422,0.206000,0.748000,2,0.068000,0.120000
4423,0.208000,1.312000,5,0.098000,0.145000
4424,0.080000,2.162000,4,0.068000,0.085000
4425,0.116000,2.630000,5,0.082000,0.125000
4426,0.332000,2.768000,7,0.144000,0.155000
4427,0.340000,1.514000,2,0.076000,0.140000
4428,0.564000,0.782000,2,0.072000,0.135000
4429,0.242000,1.380000,4,0.092000,0.150000
4430,0.022000,1.182000,3,0.040000,0.035000
4431,0.324000,2.034000,3,0.124000,0.200000
4432,0.450000,1.298000,3,0.104000,0.185000
4433,0.114000,1.644000,4,0.076000,0.120000
4434,0.272000,0.000000,1,0.032000,0.080000
4435,0.186000,2.352000,4,0.080000,0.130000
4436,0.130000,0.552000,1,0.038000,0.070000
4437,0.032000,1.520000,2,0.028000,0.030000
4438,0.154000,0.208000,2,0.048000,0.085000
4439,1.002000,0.434000,2,0.122000,0.255000
4440,0.052000,0.842000,2,0.038000,0.050000
4441,0.122000,1.862000,3,0.066000,0.095000
4442,0.254000,1.194000,4,0.094000,0.145000
4443,0.062000,1.514000,2,0.046000,0.040000
4444,0.072000,1.270000,2,0.038000,0.055000
4445,0.396000,1.326000,2,0.074000,0.200000
4446,0.062000,0.850000,2,0.034000,0.075000
4447,0.084000,2.452000,4,0.068000,0.085000
4448,0.546000,2.468000,8,0.184000,0.255000
4449,0.932000,1.526000,5,0.154000,0.270000
4450,0.090000,0.700000,1,0.026000,0.045000
4451,0.908000,1.802000,3,0.140000,0.300000
4452,0.062000,1.280000,2,0.036000,0.050000
4453,0.112000,1.862000,3,0.062000,0.090000
4454,0.060000,1.100000,3,0.046000,0.055000
4455,0.062000,1.150000,2,0.036000,0.050000
4456,0.188000,2.080000,4,0.100000,0.105000
4457,0.412000,1.844000,5,0.116000,0.200000
4458,0.204000,1.852000,4,0.086000,0.170000
4459,0.034000,1.618000,3,0.048000,0.055000
4460,0.214000,1.660000,4,0.084000,0.130000
4461,0.252000,1.694000,6,0.112000,0.180000
4462,0.310000,1.826000,6,0.134000,0.220000
4463,0.370000,2.370000,5,0.136000,0.215000
4464,0.238000,1.632000,3,0.112000,0.235000
4465,0.072000,0.456000,1,0.034000,0.055000
4466,0.084000,1.800000,3,0.052000,0.070000
4467,0.002000,0.970000,1,0.010000,0.005000
4468,0.154000,1.062000,3,0.068000,0.105000
4469,0.104000,1.338000,3,0.066000,0.090000
4470,0.278000,2.520000,7,0.132000,0.195000
4471,0.084000,1.614000,2,0.048000,0.070000
4472,0.594000,1.900000,3,0.096000,0.155000
4473,0.026000,1.308000,2,0.036000,0.035000
4474,0.150000,2.012000,3,0.066000,0.100000
4475,0.288000,2.692000,5,0.116000,0.160000
4476,0.116000,2.324000,4,0.078000,0.090000
4477,0.196000,2.058000,6,0.106000,0.155000
4478,0.402000,1.372000,3,0.096000,0.150000
4479,0.020000,0.870000,1,0.016000,0.040000
4480,0.060000,1.480000,2,0.036000,0.050000
4481,0.336000,2.592000,8,0.158000,0.255000
4482,0.112000,1.422000,4,0.096000,0.170000
4483,0.136000,1.152000,5,0.084000,0.105000
4484,0.104000,1.472000,4,0.084000,0.105000
4485,0.092000,0.790000,2,0.036000,0.095000
4486,0.176000,0.770000,2,0.048000,0.080000
4487,0.266000,2.752000,7,0.130000,0.200000
4488,0.600000,2.138000,5,0.188000,0.260000
4489,0.116000,1.756000,3,0.066000,0.090000
4490,0.180000,1.934000,5,0.098000,0.150000
4491,0.178000,1.946000,4,0.084000,0.120000
4492,0.076000,2.582000,4,0.064000,0.075000
4493,0.070000,2.340000,3,0.050000,0.055000
4494,0.108000,2.054000,5,0.076000,0.115000
4495,0.122000,0.752000,2,0.050000,0.095000
4496,0.224000,0.704000,2,0.068000,0.120000
4497,0.092000,1.070000,3,0.052000,0.070000
4498,0.030000,0.910000,1,0.018000,0.025000
4499,0.090000,0.810000,3,0.050000,0.070000
4500,0.182000,1.650000,3,0.066000,0.105000
4501,0.294000,1.230000,5,0.104000,0.145000
4502,0.000000,0.000000,0,0.000000,0.000000
4503,0.206000,1.942000,3,0.074000,0.120000
4504,0.020000,0.430000,1,0.016000,0.020000
4505,0.160000,1.944000,6,0.104000,0.155000
4506,0.140000,1.684000,4,0.082000,0.100000
4507,0.086000,2.454000,6,0.094000,0.090000
4508,0.100000,2.342000,4,0.070000,0.090000
4509,0.120000,0.790000,2,0.044000,0.070000
4510,0.202000,1.974000,4,0.092000,0.145000
4511,0.000000,0.000000,0,0.000000,0.000000
4512,0.230000,1.238000,3,0.086000,0.140000
4513,0.102000,2.542000,3,0.060000,0.085000
4514,0.042000,0.590000,1,0.020000,0.030000
4515,0.012000,1.530000,2,0.024000,0.020000
4516,0.160000,1.600000,3,0.090000,0.140000
4517,0.132000,3.032000,5,0.088000,0.105000
4518,0.338000,2.872000,5,0.114000,0.180000
4519,0.288000,2.242000,5,0.106000,0.170000
4520,0.298000,1.542000,3,0.080000,0.135000
4521,0.080000,1.644000,4,0.068000,0.080000
4522,0.442000,1.384000,3,0.092000,0.140000
4523,0.214000,3.456000,7,0.128000,0.185000
4524,0.096000,1.080000,3,0.078000,0.110000
4525,0.372000,2.584000,7,0.186000,0.295000
4526,0.108000,1.752000,3,0.050000,0.070000
4527,0.240000,1.650000,3,0.076000,0.110000
4528,0.072000,1.046000,2,0.048000,0.065000
4529,0.100000,1.842000,4,0.068000,0.085000
4530,0.114000,2.314000,4,0.078000,0.105000
4531,1.206000,2.772000,4,0.188000,0.250000
4532,0.110000,1.092000,4,0.074000,0.100000
4533,0.388000,1.224000,4,0.110000,0.190000
4534,0.166000,2.250000,3,0.084000,0.130000
4535,0.268000,2.030000,3,0.074000,0.120000
4536,0.138000,1.412000,2,0.052000,0.110000
4537,0.064000,1.682000,2,0.040000,0.055000
4538,0.056000,0.812000,2,0.038000,0.050000
4539,0.068000,1.832000,2,0.042000,0.060000
4540,0.074000,0.962000,2,0.042000,0.060000
4541,0.128000,1.664000,5,0.090000,0.115000
4542,0.146000,1.360000,5,0.080000,0.120000
4543,0.182000,1.030000,2,0.052000,0.090000
4544,0.118000,1.170000,2,0.068000,0.105000
4545,0.052000,1.172000,2,0.038000,0.050000
4546,0.188000,2.112000,3,0.068000,0.105000
4547,0.406000,1.938000,5,0.130000,0.220000
4548,0.086000,1.930000,4,0.062000,0.075000
4549,0.020000,0.870000,1,0.016000,0.020000
4550,0.170000,1.394000,4,0.078000,0.105000
4551,0.208000,3.182000,6,0.100000,0.140000
4552,0.102000,2.576000,4,0.078000,0.100000
4553,0.172000,2.058000,5,0.116000,0.150000
4554,0.234000,1.998000,5,0.118000,0.220000
4555,0.146000,1.714000,5,0.088000,0.150000
4556,0.220000,2.398000,5,0.116000,0.170000
4557,0.072000,0.940000,2,0.038000,0.055000
4558,0.170000,1.950000,4,0.112000,0.155000
4559,0.000000,0.000000,0,0.000000,0.000000
4560,0.080000,2.142000,3,0.052000,0.040000
4561,0.282000,1.930000,4,0.088000,0.160000
4562,0.054000,0.870000,2,0.038000,0.055000
4563,0.090000,2.530000,3,0.050000,0.065000
4564,0.326000,1.842000,4,0.098000,0.160000
4565,0.028000,1.512000,2,0.032000,0.065000
4566,0.112000,1.998000,4,0.074000,0.110000
4567,0.058000,0.840000,2,0.032000,0.040000
4568,0.364000,2.936000,9,0.168000,0.220000
4569,0.140000,0.674000,4,0.082000,0.135000
4570,0.098000,1.750000,4,0.066000,0.105000
4571,0.034000,0.952000,2,0.034000,0.050000
4572,0.114000,2.338000,4,0.088000,0.120000
4573,0.058000,1.368000,4,0.068000,0.105000
4574,0.072000,0.800000,1,0.024000,0.040000
4575,0.204000,2.280000,3,0.070000,0.145000
4576,0.042000,1.700000,3,0.042000,0.045000
4577,0.088000,1.794000,3,0.052000,0.070000
4578,0.142000,1.552000,2,0.056000,0.095000
4579,0.716000,2.152000,5,0.154000,0.215000
4580,0.438000,1.528000,5,0.138000,0.230000
4581,0.404000,1.636000,6,0.150000,0.200000
4582,0.140000,1.906000,4,0.088000,0.125000
4583,0.308000,1.146000,4,0.112000,0.180000
4584,0.054000,0.922000,2,0.028000,0.045000
4585,0.054000,2.450000,3,0.046000,0.055000
4586,0.128000,2.370000,4,0.070000,0.095000
4587,0.108000,2.982000,5,0.084000,0.090000
4588,0.332000,2.534000,4,0.102000,0.145000
4589,0.134000,2.252000,3,0.062000,0.090000
4590,0.022000,3.160000,5,0.056000,0.040000
4591,0.304000,2.492000,4,0.092000,0.145000
4592,1.170000,1.474000,5,0.150000,0.290000
4593,0.186000,1.524000,4,0.092000,0.140000
4594,0.122000,1.102000,3,0.064000,0.095000
4595,0.056000,1.674000,2,0.042000,0.055000
4596,0.092000,2.030000,3,0.054000,0.075000
4597,0.072000,0.390000,1,0.024000,0.040000
4598,0.414000,2.272000,4,0.104000,0.175000
4599,0.226000,2.468000,6,0.116000,0.160000
4600,0.362000,1.662000,3,0.118000,0.205000
4601,0.142000,1.620000,3,0.062000,0.065000
4602,0.530000,1.640000,4,0.132000,0.270000
4603,0.316000,3.304000,6,0.124000,0.160000
4604,0.182000,2.214000,5,0.096000,0.120000
4605,0.022000,1.260000,2,0.026000,0.025000
4606,0.128000,2.158000,4,0.078000,0.100000
4607,0.086000,1.474000,3,0.060000,0.080000
4608,0.044000,2.360000,4,0.072000,0.075000
4609,0.180000,1.402000,4,0.078000,0.110000
4610,0.044000,1.770000,2,0.030000,0.035000
4611,0.098000,0.970000,2,0.042000,0.065000
4612,0.116000,1.992000,3,0.064000,0.115000
4613,0.032000,0.852000,1,0.022000,0.030000
4614,0.182000,0.600000,1,0.034000,0.065000
4615,0.358000,0.680000,3,0.072000,0.140000
4616,0.074000,1.492000,3,0.056000,0.090000
4617,0.160000,0.970000,3,0.054000,0.095000
4618,0.044000,1.546000,2,0.046000,0.060000
4619,0.198000,1.780000,2,0.052000,0.090000
4620,0.092000,1.750000,2,0.036000,0.050000
4621,0.158000,2.296000,4,0.090000,0.130000
4622,0.158000,1.382000,2,0.054000,0.090000
4623,0.048000,1.422000,2,0.038000,0.050000
4624,0.034000,2.242000,3,0.044000,0.040000
4625,0.424000,2.034000,4,0.118000,0.205000
4626,0.134000,3.060000,4,0.072000,0.085000
4627,0.728000,2.254000,3,0.110000,0.205000
4628,0.032000,1.506000,2,0.042000,0.050000
4629,0.054000,1.260000,2,0.034000,0.045000
4630,0.030000,0.820000,1,0.018000,0.025000
4631,0.412000,2.194000,3,0.100000,0.165000
4632,0.204000,2.250000,5,0.116000,0.150000
4633,0.012000,0.920000,1,0.014000,0.015000
4634,0.086000,1.662000,2,0.044000,0.065000
4635,0.046000,1.702000,2,0.038000,0.050000
4636,0.046000,1.532000,3,0.060000,0.065000
4637,0.036000,1.780000,2,0.030000,0.035000
4638,1.198000,2.018000,3,0.146000,0.315000
4639,0.288000,1.482000,4,0.122000,0.200000
4640,0.052000,1.744000,3,0.054000,0.065000
4641,0.092000,2.382000,4,0.072000,0.095000
4642,0.168000,1.784000,5,0.092000,0.120000
4643,0.188000,1.628000,2,0.066000,0.110000
4644,0.062000,1.520000,2,0.036000,0.050000
4645,0.180000,2.068000,5,0.128000,0.180000
4646,0.136000,0.704000,3,0.070000,0.105000
4647,0.000000,0.000000,0,0.000000,0.000000
4648,0.376000,0.736000,3,0.102000,0.185000
4649,0.294000,1.984000,5,0.150000,0.245000
4650,0.142000,2.308000,6,0.102000,0.120000
4651,0.008000,1.000000,2,0.022000,0.015000
4652,0.212000,2.314000,4,0.090000,0.120000
4653,0.020000,0.310000,1,0.016000,0.020000
4654,0.070000,2.872000,4,0.064000,0.055000
4655,0.316000,2.272000,4,0.096000,0.125000
4656,0.790000,1.352000,2,0.104000,0.180000
4657,0.292000,1.456000,3,0.090000,0.125000
4658,0.272000,2.148000,4,0.104000,0.200000
4659,0.310000,2.114000,3,0.080000,0.130000
4660,0.030000,0.930000,1,0.018000,0.025000
4661,0.264000,2.222000,5,0.108000,0.135000
4662,0.286000,1.998000,4,0.106000,0.165000
4663,0.174000,1.484000,2,0.062000,0.105000
4664,0.112000,1.730000,4,0.066000,0.120000
4665,0.202000,0.162000,2,0.058000,0.100000
4666,0.070000,2.032000,4,0.062000,0.070000
4667,0.042000,0.070000,1,0.020000,0.030000
4668,0.102000,1.652000,3,0.056000,0.075000
4669,0.224000,0.926000,4,0.086000,0.145000
4670,0.146000,2.042000,6,0.102000,0.160000
4671,0.272000,1.254000,3,0.080000,0.130000
4672,0.168000,2.410000,3,0.066000,0.100000
4673,0.224000,1.490000,3,0.084000,0.095000
4674,0.100000,1.484000,3,0.064000,0.090000
4675,0.170000,1.450000,3,0.066000,0.105000
4676,0.454000,1.214000,6,0.128000,0.195000
4677,0.056000,0.910000,1,0.022000,0.035000
4678,0.218000,1.480000,3,0.066000,0.105000
4679,0.054000,1.540000,2,0.034000,0.045000
4680,0.000000,0.000000,0,0.000000,0.000000
4681,0.118000,2.616000,6,0.114000,0.155000
4682,0.128000,2.254000,4,0.082000,0.115000
4683,0.378000,1.294000,2,0.110000,0.220000
4684,0.346000,2.052000,7,0.148000,0.225000
4685,0.008000,1.930000,2,0.022000,0.015000
4686,0.098000,1.630000,2,0.042000,0.065000
4687,0.168000,0.840000,2,0.038000,0.075000
4688,0.036000,1.408000,2,0.040000,0.045000
4689,0.034000,2.130000,3,0.040000,0.040000
4690,0.270000,1.850000,4,0.104000,0.175000
4691,0.178000,1.294000,3,0.074000,0.115000
4692,0.318000,1.474000,2,0.074000,0.135000
4693,0.344000,2.240000,4,0.118000,0.170000
4694,0.218000,2.106000,4,0.104000,0.150000
4695,0.032000,2.364000,3,0.046000,0.045000
4696,0.116000,2.384000,3,0.068000,0.100000
4697,0.140000,2.736000,5,0.102000,0.140000
4698,0.466000,2.004000,4,0.134000,0.225000
4699,0.158000,1.310000,3,0.064000,0.120000
4700,0.044000,2.648000,4,0.056000,0.065000
4701,0.226000,0.902000,4,0.110000,0.195000
4702,0.240000,1.482000,2,0.064000,0.115000
4703,0.094000,1.656000,2,0.058000,0.090000
4704,0.074000,1.534000,2,0.050000,0.075000
4705,0.002000,0.730000,1,0.010000,0.005000
4706,0.306000,0.130000,1,0.042000,0.085000
4707,0.020000,0.860000,1,0.016000,0.020000
4708,0.042000,0.720000,1,0.020000,0.030000
4709,0.148000,0.702000,2,0.052000,0.085000
4710,0.120000,2.314000,3,0.062000,0.080000
4711,0.302000,1.366000,6,0.120000,0.230000
4712,0.354000,2.194000,4,0.116000,0.180000
4713,0.504000,2.214000,5,0.158000,0.260000
4714,0.222000,1.514000,2,0.070000,0.125000
4715,0.146000,2.320000,4,0.076000,0.095000
4716,0.260000,1.182000,2,0.064000,0.090000
4717,0.098000,0.172000,3,0.060000,0.085000
4718,0.126000,1.562000,3,0.062000,0.090000
4719,0.238000,1.664000,5,0.112000,0.165000
4720,0.042000,2.050000,3,0.042000,0.035000
4721,0.114000,1.770000,3,0.058000,0.085000
4722,0.272000,1.992000,3,0.112000,0.145000
4723,0.000000,0.000000,0,0.000000,0.000000
4724,0.006000,0.960000,1,0.012000,0.010000
4725,0.056000,1.662000,3,0.052000,0.065000
4726,0.218000,1.476000,3,0.076000,0.120000
4727,0.150000,1.340000,3,0.060000,0.090000
4728,0.020000,0.830000,1,0.016000,0.020000
4729,0.166000,1.064000,3,0.080000,0.120000
4730,0.176000,1.870000,3,0.066000,0.105000
4731,0.066000,1.398000,3,0.060000,0.075000
4732,0.154000,1.670000,3,0.058000,0.085000
4733,0.538000,3.022000,5,0.128000,0.150000
4734,0.206000,1.658000,2,0.070000,0.120000
4735,0.130000,1.690000,2,0.044000,0.070000
4736,0.030000,0.890000,1,0.018000,0.025000
4737,0.244000,1.496000,3,0.082000,0.135000
4738,0.064000,2.064000,3,0.056000,0.070000
4739,0.372000,2.194000,4,0.104000,0.140000
4740,1.422000,1.394000,2,0.120000,0.250000
4741,0.048000,1.812000,6,0.078000,0.070000
4742,0.508000,2.118000,5,0.142000,0.285000
4743,0.042000,0.320000,1,0.020000,0.030000
4744,0.152000,1.606000,5,0.100000,0.150000
4745,0.170000,0.932000,2,0.058000,0.135000
4746,0.072000,1.620000,2,0.038000,0.070000
4747,0.146000,1.572000,3,0.066000,0.100000
4748,0.098000,0.830000,2,0.042000,0.065000
4749,0.006000,0.960000,1,0.012000,0.010000
4750,0.404000,0.640000,4,0.124000,0.255000
4751,0.094000,1.980000,3,0.070000,0.095000
4752,0.184000,1.690000,2,0.044000,0.070000
4753,0.032000,1.830000,2,0.030000,0.035000
4754,0.148000,2.130000,5,0.106000,0.210000
4755,0.194000,0.760000,2,0.040000,0.080000
4756,0.018000,0.662000,1,0.020000,0.025000
4757,0.086000,1.750000,2,0.040000,0.060000
4758,0.166000,1.680000,2,0.050000,0.085000
4759,0.278000,0.456000,1,0.096000,0.205000
4760,0.230000,1.130000,3,0.066000,0.105000
4761,0.118000,1.384000,4,0.078000,0.160000
4762,0.058000,0.792000,3,0.050000,0.065000
4763,0.400000,1.090000,2,0.062000,0.115000
4764,0.000000,0.000000,0,0.000000,0.000000
4765,0.092000,1.840000,2,0.040000,0.060000
4766,0.274000,1.384000,2,0.070000,0.160000
4767,0.160000,2.424000,4,0.076000,0.100000
4768,0.028000,1.622000,2,0.032000,0.035000
4769,0.118000,1.682000,3,0.064000,0.095000
4770,0.048000,1.232000,3,0.048000,0.055000
4771,0.042000,1.202000,2,0.036000,0.045000
4772,0.030000,0.840000,1,0.018000,0.025000
4773,0.030000,0.872000,2,0.034000,0.040000
4774,0.072000,1.380000,2,0.038000,0.055000
4775,0.094000,0.704000,2,0.052000,0.080000
4776,0.338000,0.572000,2,0.090000,0.160000
4777,0.162000,2.076000,5,0.106000,0.150000
4778,0.000000,0.000000,0,0.000000,0.000000
4779,0.198000,2.164000,5,0.104000,0.150000
4780,0.042000,1.560000,2,0.032000,0.040000
4781,0.426000,1.964000,7,0.150000,0.205000
4782,0.036000,0.856000,2,0.038000,0.045000
4783,0.208000,0.900000,4,0.064000,0.165000
4784,0.112000,0.514000,2,0.054000,0.110000
4785,0.002000,0.860000,1,0.010000,0.005000
4786,0.140000,2.560000,4,0.072000,0.100000
4787,0.804000,1.592000,5,0.160000,0.275000
4788,0.012000,0.932000,1,0.018000,0.020000
4789,0.046000,1.704000,3,0.050000,0.055000
4790,0.090000,0.930000,4,0.062000,0.075000
4791,1.070000,1.752000,3,0.132000,0.255000
4792,0.154000,1.200000,3,0.056000,0.100000
4793,0.102000,2.080000,4,0.066000,0.100000
4794,0.182000,0.812000,2,0.060000,0.135000
4795,0.066000,2.632000,3,0.050000,0.060000
4796,0.050000,1.622000,2,0.036000,0.045000
4797,0.078000,1.772000,2,0.042000,0.060000
4798,0.144000,1.540000,3,0.062000,0.095000
4799,0.068000,0.822000,2,0.042000,0.060000
4800,0.020000,0.850000,1,0.016000,0.045000
4801,0.022000,0.906000,1,0.022000,0.025000
4802,0.168000,0.648000,2,0.080000,0.165000
4803,0.048000,1.544000,3,0.050000,0.055000
4804,0.136000,1.272000,4,0.086000,0.120000
4805,0.194000,0.980000,5,0.098000,0.140000
4806,0.170000,0.894000,2,0.062000,0.105000
4807,0.296000,1.502000,4,0.118000,0.200000
4808,0.218000,1.576000,4,0.100000,0.210000
4809,0.116000,1.410000,3,0.072000,0.100000
4810,0.020000,0.812000,2,0.030000,0.030000
4811,0.066000,1.490000,3,0.048000,0.060000
4812,0.008000,0.942000,1,0.016000,0.015000
4813,0.146000,1.958000,3,0.082000,0.115000
4814,0.266000,1.716000,3,0.090000,0.115000
4815,0.132000,2.048000,4,0.082000,0.110000
4816,0.000000,0.000000,0,0.000000,0.000000
4817,0.096000,1.286000,2,0.056000,0.085000
4818,0.132000,1.352000,2,0.052000,0.085000
4819,0.084000,1.640000,2,0.040000,0.060000
4820,0.294000,1.412000,5,0.108000,0.180000
4821,0.188000,1.130000,3,0.060000,0.090000
4822,0.294000,1.286000,2,0.086000,0.160000
4823,0.000000,0.000000,0,0.000000,0.000000
4824,0.576000,1.450000,4,0.162000,0.285000
4825,0.318000,1.346000,2,0.104000,0.235000
4826,0.058000,1.710000,2,0.032000,0.075000
4827,0.214000,2.142000,3,0.080000,0.100000
4828,0.260000,1.484000,4,0.088000,0.110000
4829,0.096000,0.802000,2,0.046000,0.070000
4830,0.412000,1.442000,3,0.108000,0.185000
4831,0.506000,2.882000,6,0.168000,0.250000
4832,0.168000,1.612000,4,0.092000,0.125000
4833,0.200000,1.126000,5,0.102000,0.140000
4834,0.206000,0.616000,3,0.090000,0.170000
4835,0.270000,2.560000,5,0.122000,0.175000
4836,0.140000,2.032000,4,0.078000,0.110000
4837,0.150000,1.522000,2,0.054000,0.090000
4838,0.012000,0.820000,1,0.014000,0.015000
4839,0.038000,1.642000,2,0.036000,0.045000
4840,0.008000,0.930000,2,0.022000,0.015000
4841,0.090000,0.020000,1,0.026000,0.045000
4842,0.100000,2.512000,4,0.072000,0.095000
4843,0.090000,1.520000,3,0.052000,0.070000
4844,0.180000,2.252000,3,0.072000,0.115000
4845,0.286000,1.938000,7,0.150000,0.230000
4846,0.000000,0.000000,0,0.000000,0.000000
4847,0.028000,1.472000,3,0.042000,0.040000
4848,0.306000,1.732000,4,0.084000,0.125000
4849,0.056000,0.910000,1,0.022000,0.035000
4850,0.166000,2.178000,6,0.118000,0.140000
4851,0.080000,2.104000,4,0.070000,0.085000
4852,0.014000,1.040000,2,0.024000,0.020000
4853,0.318000,0.822000,2,0.080000,0.135000
4854,0.060000,1.264000,3,0.056000,0.075000
4855,0.178000,1.752000,5,0.100000,0.120000
4856,0.214000,0.820000,3,0.106000,0.165000
4857,0.060000,2.506000,4,0.070000,0.080000
4858,0.262000,2.762000,5,0.104000,0.130000
4859,0.162000,2.782000,4,0.080000,0.115000
4860,0.280000,1.562000,4,0.098000,0.170000
4861,0.068000,2.614000,5,0.078000,0.105000
4862,0.050000,1.748000,3,0.060000,0.070000
4863,0.346000,1.480000,6,0.134000,0.180000
4864,0.160000,1.544000,3,0.070000,0.105000
4865,0.072000,1.524000,3,0.054000,0.070000
4866,0.156000,2.286000,3,0.076000,0.135000
4867,0.156000,2.814000,4,0.080000,0.110000
4868,0.268000,2.242000,6,0.112000,0.175000
4869,0.206000,0.954000,2,0.096000,0.205000
4870,0.106000,1.332000,3,0.058000,0.080000
4871,0.098000,1.146000,2,0.054000,0.120000
4872,0.114000,0.904000,4,0.080000,0.135000
4873,0.188000,0.510000,2,0.052000,0.090000
4874,0.050000,2.336000,4,0.058000,0.085000
4875,0.546000,2.038000,4,0.130000,0.245000
4876,0.194000,2.052000,5,0.104000,0.115000
4877,0.114000,2.398000,6,0.100000,0.130000
4878,0.156000,0.840000,1,0.032000,0.060000
4879,0.194000,1.978000,4,0.090000,0.125000
4880,0.144000,2.072000,4,0.072000,0.095000
4881,0.218000,3.012000,4,0.090000,0.125000
4882,0.290000,2.302000,4,0.090000,0.150000
4883,0.396000,1.596000,6,0.128000,0.170000
4884,0.146000,1.300000,2,0.048000,0.080000
4885,0.306000,2.568000,8,0.164000,0.230000
4886,0.058000,0.584000,2,0.044000,0.060000
4887,0.122000,2.074000,4,0.080000,0.110000
4888,0.682000,1.636000,4,0.116000,0.235000
4889,0.264000,1.614000,4,0.092000,0.140000
4890,0.030000,0.860000,1,0.018000,0.025000
4891,0.520000,2.386000,6,0.152000,0.230000
4892,0.054000,0.556000,2,0.040000,0.050000
4893,0.342000,1.562000,4,0.104000,0.180000
4894,0.194000,1.052000,3,0.074000,0.140000
4895,0.318000,2.484000,5,0.114000,0.175000
4896,0.244000,0.622000,3,0.102000,0.190000
4897,0.432000,1.596000,4,0.136000,0.245000
4898,0.270000,2.030000,4,0.090000,0.150000
4899,0.156000,2.524000,6,0.134000,0.180000
4900,0.086000,1.640000,2,0.040000,0.060000
4901,0.196000,1.330000,3,0.058000,0.085000
4902,0.314000,1.820000,3,0.080000,0.115000
4903,0.564000,1.754000,4,0.164000,0.290000
4904,0.950000,1.980000,8,0.244000,0.400000
4905,0.284000,2.752000,5,0.108000,0.140000
4906,0.138000,1.696000,4,0.090000,0.130000
4907,0.098000,1.300000,2,0.042000,0.065000
4908,0.082000,2.054000,4,0.090000,0.105000
4909,0.058000,2.446000,5,0.080000,0.085000
4910,0.842000,2.112000,7,0.208000,0.330000
4911,0.024000,0.892000,2,0.030000,0.055000
4912,0.428000,2.282000,3,0.094000,0.150000
4913,0.092000,1.278000,6,0.086000,0.105000
4914,0.028000,0.922000,2,0.032000,0.035000
4915,0.118000,1.904000,4,0.082000,0.115000
4916,0.188000,1.366000,4,0.086000,0.170000
4917,0.568000,2.776000,12,0.254000,0.375000
4918,0.190000,1.140000,3,0.062000,0.095000
4919,0.230000,2.062000,3,0.074000,0.120000
4920,0.564000,2.332000,5,0.134000,0.215000
4921,0.000000,0.000000,0,0.000000,0.000000
4922,0.108000,1.706000,4,0.080000,0.125000
4923,0.208000,2.432000,5,0.090000,0.120000
4924,0.064000,0.904000,2,0.044000,0.060000
4925,0.636000,1.902000,4,0.108000,0.200000
4926,0.152000,2.256000,3,0.072000,0.105000
4927,0.860000,2.052000,5,0.170000,0.325000
4928,0.050000,1.430000,2,0.034000,0.045000
4929,0.232000,2.564000,8,0.148000,0.200000
4930,0.658000,2.862000,4,0.112000,0.175000
4931,0.234000,2.322000,4,0.094000,0.150000
4932,0.084000,1.952000,4,0.064000,0.075000
4933,0.134000,0.752000,2,0.052000,0.085000
4934,0.012000,0.340000,1,0.014000,0.015000
4935,0.126000,1.736000,4,0.082000,0.110000
4936,0.270000,2.186000,4,0.096000,0.165000
4937,0.074000,1.172000,2,0.042000,0.060000
4938,0.148000,2.138000,6,0.114000,0.155000
4939,0.154000,1.994000,5,0.100000,0.130000
4940,0.242000,1.752000,5,0.090000,0.140000
4941,0.414000,2.246000,5,0.136000,0.215000
4942,0.558000,2.532000,6,0.176000,0.290000
4943,0.196000,2.212000,3,0.100000,0.135000
4944,0.272000,1.866000,6,0.118000,0.185000
4945,0.272000,0.874000,2,0.054000,0.105000
4946,0.220000,1.604000,4,0.098000,0.155000
4947,0.010000,1.506000,2,0.028000,0.020000
4948,0.148000,1.650000,3,0.074000,0.125000
4949,0.168000,1.588000,4,0.100000,0.150000
4950,0.220000,1.900000,4,0.102000,0.160000
4951,0.216000,1.252000,3,0.104000,0.170000
4952,0.070000,2.318000,3,0.058000,0.070000
4953,0.060000,1.632000,2,0.036000,0.045000
4954,0.054000,1.500000,2,0.034000,0.045000
4955,0.132000,1.498000,3,0.070000,0.100000
4956,0.218000,2.232000,4,0.118000,0.175000
4957,0.280000,1.172000,4,0.094000,0.150000
4958,0.050000,0.450000,2,0.034000,0.045000
4959,0.114000,1.350000,5,0.088000,0.100000
4960,0.370000,2.290000,4,0.098000,0.165000
4961,0.314000,2.538000,5,0.120000,0.180000
4962,0.370000,1.128000,4,0.144000,0.260000
4963,0.174000,1.840000,3,0.066000,0.105000
4964,0.026000,0.912000,1,0.022000,0.030000
4965,0.130000,1.810000,4,0.072000,0.100000
4966,0.240000,2.138000,6,0.134000,0.205000
4967,0.326000,2.924000,6,0.146000,0.235000
4968,0.028000,0.694000,1,0.026000,0.035000
4969,0.034000,1.332000,2,0.034000,0.040000
4970,0.160000,2.566000,3,0.066000,0.085000
4971,0.082000,1.480000,3,0.050000,0.080000
4972,0.138000,3.224000,4,0.080000,0.110000
4973,0.116000,1.662000,3,0.060000,0.085000
4974,0.102000,1.406000,4,0.074000,0.095000
4975,0.000000,0.000000,0,0.000000,0.000000
4976,0.442000,2.490000,7,0.178000,0.290000
4977,0.230000,1.982000,7,0.132000,0.170000
4978,0.194000,0.680000,2,0.048000,0.080000
4979,0.270000,2.326000,4,0.108000,0.175000
4980,0.124000,1.772000,4,0.074000,0.100000
4981,0.496000,1.608000,3,0.118000,0.190000
4982,0.020000,0.930000,1,0.016000,0.020000
4983,0.006000,0.960000,1,0.012000,0.010000
4984,0.036000,0.830000,2,0.030000,0.035000
4985,0.134000,1.424000,2,0.060000,0.100000
4986,0.212000,1.576000,5,0.114000,0.170000
4987,0.036000,0.670000,2,0.022000,0.035000
4988,0.064000,0.332000,2,0.040000,0.055000
4989,0.000000,0.000000,0,0.000000,0.000000
4990,0.286000,1.166000,4,0.088000,0.145000
4991,0.112000,1.362000,3,0.062000,0.090000
4992,0.050000,2.686000,4,0.066000,0.070000
4993,0.240000,2.064000,3,0.080000,0.130000
4994,0.094000,2.072000,4,0.066000,0.080000
4995,0.034000,1.802000,2,0.034000,0.040000
4996,0.012000,0.552000,1,0.018000,0.020000
4997,0.216000,1.224000,4,0.088000,0.110000
4998,0.012000,1.644000,2,0.030000,0.025000
4999,0.672000,2.134000,3,0.128000,0.215000
5000,0.022000,0.802000,1,0.020000,0.025000
5001,0.250000,1.974000,3,0.082000,0.135000
5002,0.344000,2.870000,6,0.124000,0.190000
5003,0.076000,0.962000,2,0.038000,0.050000
5004,0.386000,1.944000,5,0.114000,0.195000
5005,0.282000,2.290000,5,0.130000,0.155000
5006,0.076000,1.652000,3,0.052000,0.065000
5007,0.308000,1.830000,6,0.150000,0.220000
5008,0.050000,1.440000,2,0.034000,0.045000
5009,0.190000,2.286000,4,0.094000,0.140000
5010,0.060000,0.922000,2,0.032000,0.055000
5011,0.052000,1.540000,3,0.044000,0.050000
5012,0.244000,1.946000,6,0.126000,0.180000
5013,0.304000,2.330000,3,0.070000,0.115000
5014,0.316000,3.608000,7,0.146000,0.230000
5015,0.130000,1.504000,2,0.056000,0.080000
5016,0.350000,1.992000,4,0.096000,0.155000
5017,0.020000,0.910000,1,0.016000,0.020000
5018,0.020000,0.690000,1,0.016000,0.020000
5019,0.076000,0.872000,3,0.048000,0.075000
5020,0.094000,2.452000,5,0.082000,0.100000
5021,0.190000,0.854000,2,0.062000,0.105000
5022,0.222000,2.062000,5,0.118000,0.155000
5023,0.030000,0.790000,1,0.018000,0.025000
5024,0.050000,1.044000,2,0.042000,0.100000
5025,0.144000,2.194000,4,0.086000,0.105000
5026,0.262000,0.652000,3,0.082000,0.140000
5027,0.062000,1.440000,2,0.036000,0.050000
5028,0.092000,1.624000,3,0.076000,0.100000
5029,0.304000,1.012000,7,0.152000,0.215000
5030,0.170000,2.186000,4,0.094000,0.140000
5031,0.096000,1.494000,3,0.064000,0.090000
5032,0.042000,1.700000,3,0.042000,0.045000
5033,0.070000,1.044000,2,0.046000,0.065000
5034,0.036000,0.890000,2,0.030000,0.035000
5035,0.134000,2.294000,4,0.078000,0.095000
5036,0.062000,1.800000,2,0.036000,0.050000
5037,0.448000,1.654000,3,0.094000,0.165000
5038,0.056000,0.762000,2,0.038000,0.065000
5039,0.042000,0.920000,1,0.020000,0.030000
5040,0.092000,2.500000,4,0.054000,0.075000
5041,0.130000,3.108000,4,0.090000,0.125000
5042,0.140000,1.982000,4,0.066000,0.120000
5043,0.176000,1.214000,3,0.072000,0.145000
5044,0.110000,0.880000,1,0.028000,0.090000
5045,0.042000,0.026000,2,0.034000,0.065000
5046,0.102000,0.840000,2,0.040000,0.100000
5047,0.324000,2.306000,5,0.116000,0.225000
5048,0.090000,1.562000,3,0.056000,0.075000
5049,0.084000,2.012000,3,0.056000,0.075000
5050,0.074000,0.662000,2,0.042000,0.060000
5051,0.052000,0.814000,3,0.054000,0.065000
5052,0.052000,1.372000,2,0.038000,0.060000
5053,0.304000,1.474000,2,0.068000,0.110000
5054,0.056000,1.478000,2,0.046000,0.060000
5055,0.068000,1.850000,2,0.036000,0.050000
5056,0.112000,2.654000,8,0.120000,0.120000
5057,0.308000,1.294000,2,0.076000,0.140000
5058,0.024000,0.402000,2,0.030000,0.030000
5059,0.132000,1.584000,2,0.054000,0.120000
5060,0.112000,0.452000,1,0.032000,0.055000
5061,0.058000,0.894000,2,0.044000,0.060000
5062,0.048000,0.812000,1,0.026000,0.040000
5063,0.916000,1.436000,7,0.168000,0.320000
5064,0.624000,2.172000,5,0.126000,0.210000
5065,0.272000,1.378000,6,0.146000,0.205000
5066,0.240000,2.050000,6,0.112000,0.175000
5067,0.072000,0.990000,2,0.038000,0.055000
5068,0.044000,1.642000,2,0.036000,0.060000
5069,0.124000,0.322000,3,0.056000,0.085000
5070,0.000000,0.000000,0,0.000000,0.000000
5071,0.096000,0.792000,1,0.032000,0.055000
5072,0.132000,1.622000,3,0.060000,0.075000
5073,0.282000,1.440000,2,0.058000,0.105000
5074,0.134000,1.322000,3,0.064000,0.095000
5075,0.138000,1.462000,5,0.078000,0.135000
5076,0.382000,2.360000,5,0.144000,0.240000
5077,0.462000,2.390000,8,0.162000,0.235000
5078,0.068000,3.766000,5,0.082000,0.090000
5079,0.116000,0.632000,3,0.060000,0.110000
5080,0.160000,1.394000,5,0.086000,0.145000
5081,0.110000,2.660000,5,0.096000,0.145000
5082,0.220000,2.744000,5,0.106000,0.135000
5083,0.314000,2.364000,4,0.102000,0.165000
5084,0.042000,1.324000,3,0.052000,0.060000
5085,0.074000,0.552000,2,0.042000,0.060000
5086,0.136000,2.236000,4,0.086000,0.095000
5087,0.040000,2.470000,4,0.044000,0.050000
5088,0.012000,0.962000,2,0.018000,0.020000
5089,0.238000,2.092000,4,0.082000,0.145000
5090,0.026000,1.312000,2,0.032000,0.035000
5091,0.002000,0.800000,1,0.010000,0.005000
5092,0.004000,0.952000,1,0.014000,0.010000
5093,0.044000,1.142000,2,0.036000,0.045000
5094,0.140000,0.966000,3,0.074000,0.110000
5095,0.066000,3.020000,4,0.058000,0.080000
5096,0.066000,1.354000,2,0.044000,0.060000
5097,0.126000,1.842000,3,0.066000,0.100000
5098,0.428000,0.732000,2,0.090000,0.180000
5099,0.218000,1.544000,3,0.078000,0.125000
5100,0.012000,0.350000,1,0.014000,0.015000
5101,0.134000,3.216000,5,0.098000,0.130000
5102,0.100000,1.366000,2,0.048000,0.070000
5103,0.158000,1.672000,3,0.066000,0.100000
5104,0.170000,1.294000,3,0.080000,0.130000
5105,0.054000,1.744000,3,0.054000,0.095000
5106,0.078000,2.882000,5,0.076000,0.085000
5107,0.152000,2.274000,4,0.084000,0.120000
5108,0.036000,1.412000,3,0.044000,0.045000
5109,0.038000,1.294000,3,0.046000,0.045000
5110,0.104000,1.164000,2,0.054000,0.085000
5111,0.072000,1.654000,4,0.070000,0.145000
5112,0.374000,1.662000,2,0.074000,0.140000
5113,0.158000,1.210000,3,0.062000,0.095000
5114,0.294000,1.704000,4,0.106000,0.175000
5115,0.152000,1.360000,2,0.048000,0.080000
5116,0.098000,1.412000,2,0.042000,0.060000
5117,0.106000,1.434000,3,0.068000,0.085000
5118,0.044000,1.724000,4,0.062000,0.085000
5119,0.286000,2.160000,3,0.076000,0.130000
5120,0.172000,1.824000,3,0.078000,0.110000
5121,0.062000,1.334000,2,0.046000,0.065000
5122,0.304000,1.932000,4,0.094000,0.150000
5123,0.688000,2.168000,6,0.164000,0.280000
5124,0.070000,1.612000,2,0.040000,0.060000
5125,0.116000,2.312000,4,0.076000,0.105000
5126,0.024000,1.670000,2,0.028000,0.030000
5127,0.116000,0.962000,3,0.066000,0.100000
5128,0.120000,0.636000,2,0.052000,0.095000
5129,0.312000,2.548000,4,0.104000,0.120000
5130,0.022000,0.782000,1,0.020000,0.025000
5131,0.198000,0.780000,2,0.052000,0.090000
5132,0.104000,1.800000,3,0.056000,0.080000
5133,0.382000,1.768000,6,0.174000,0.240000
5134,0.136000,1.926000,4,0.078000,0.090000
5135,0.084000,0.772000,3,0.046000,0.070000
5136,0.140000,1.740000,4,0.068000,0.090000
5137,0.236000,1.952000,4,0.098000,0.150000
5138,0.204000,1.488000,3,0.080000,0.115000
5139,0.226000,1.408000,4,0.086000,0.140000
5140,0.130000,1.324000,2,0.080000,0.145000
5141,0.086000,2.328000,4,0.074000,0.095000
5142,0.050000,0.664000,2,0.042000,0.055000
5143,0.352000,3.154000,4,0.112000,0.170000
5144,0.182000,1.592000,3,0.072000,0.115000
5145,0.118000,1.482000,4,0.066000,0.115000
5146,0.068000,2.404000,3,0.058000,0.055000
5147,0.138000,1.094000,3,0.072000,0.110000
5148,0.304000,1.146000,5,0.120000,0.190000
5149,0.062000,1.646000,3,0.048000,0.065000
5150,0.034000,1.400000,3,0.032000,0.040000
5151,0.260000,2.390000,3,0.086000,0.135000
5152,0.072000,2.314000,4,0.068000,0.080000
5153,0.158000,1.444000,4,0.090000,0.135000
5154,0.064000,2.344000,4,0.058000,0.065000
5155,0.462000,2.748000,6,0.196000,0.300000
5156,0.060000,2.612000,4,0.062000,0.070000
5157,0.000000,0.000000,0,0.000000,0.000000
5158,0.114000,1.520000,2,0.044000,0.070000
5159,0.054000,1.750000,2,0.034000,0.045000
5160,0.358000,2.242000,5,0.104000,0.180000
5161,0.134000,2.276000,3,0.064000,0.090000
5162,0.020000,1.330000,3,0.036000,0.055000
5163,0.090000,0.820000,1,0.026000,0.045000
5164,0.168000,1.380000,4,0.076000,0.110000
5165,0.188000,1.962000,3,0.072000,0.115000
5166,0.042000,0.890000,1,0.020000,0.030000
5167,0.080000,1.692000,2,0.040000,0.055000
5168,0.090000,2.852000,4,0.084000,0.105000
5169,0.128000,2.342000,5,0.080000,0.100000
5170,0.030000,0.930000,1,0.018000,0.050000
5171,0.140000,1.094000,2,0.056000,0.090000
5172,0.140000,1.198000,3,0.080000,0.150000
5173,0.074000,0.912000,2,0.042000,0.060000
5174,0.200000,1.056000,3,0.078000,0.165000
5175,0.012000,0.950000,1,0.014000,0.015000
5176,0.210000,2.230000,3,0.092000,0.125000
5177,0.062000,1.862000,3,0.050000,0.060000
5178,0.096000,1.470000,2,0.038000,0.055000
5179,0.104000,1.676000,4,0.082000,0.090000
5180,0.094000,1.772000,3,0.056000,0.090000
5181,0.182000,2.200000,3,0.066000,0.105000
5182,0.054000,0.582000,3,0.050000,0.060000
5183,0.270000,1.740000,4,0.112000,0.195000
5184,0.328000,1.940000,5,0.126000,0.175000
5185,0.296000,2.416000,6,0.140000,0.215000
5186,0.084000,2.614000,5,0.074000,0.120000
5187,0.166000,2.514000,3,0.068000,0.100000
5188,0.264000,2.724000,7,0.126000,0.185000
5189,0.060000,0.734000,3,0.066000,0.075000
5190,0.056000,0.840000,1,0.022000,0.035000
5191,0.104000,1.530000,3,0.054000,0.075000
5192,0.152000,1.470000,2,0.046000,0.075000
5193,0.092000,0.840000,2,0.040000,0.060000
5194,0.080000,2.128000,5,0.072000,0.095000
5195,0.020000,0.790000,1,0.016000,0.020000
5196,0.084000,1.708000,3,0.064000,0.085000
5197,0.176000,1.132000,5,0.098000,0.150000
5198,0.276000,2.032000,6,0.112000,0.185000
5199,0.000000,0.000000,0,0.000000,0.000000
5200,0.036000,0.712000,1,0.024000,0.035000
5201,0.438000,2.000000,7,0.190000,0.300000
5202,0.094000,0.878000,2,0.040000,0.065000
5203,0.110000,0.880000,1,0.028000,0.050000
5204,0.118000,1.296000,2,0.052000,0.080000
5205,0.086000,1.490000,2,0.040000,0.060000
5206,0.048000,1.700000,2,0.032000,0.040000
5207,0.174000,1.436000,4,0.092000,0.135000
5208,0.124000,1.666000,3,0.070000,0.100000
5209,0.254000,2.330000,3,0.076000,0.130000
5210,0.084000,0.782000,2,0.038000,0.070000
5211,0.088000,2.424000,3,0.064000,0.090000
5212,0.094000,1.596000,3,0.056000,0.095000
5213,0.058000,0.788000,2,0.036000,0.055000
5214,0.256000,2.808000,5,0.120000,0.180000
5215,0.044000,1.926000,3,0.054000,0.060000
5216,0.130000,1.746000,4,0.084000,0.110000
5217,0.110000,1.112000,2,0.050000,0.080000
5218,0.026000,0.772000,1,0.022000,0.030000
5219,0.200000,1.280000,2,0.054000,0.095000
5220,0.214000,1.584000,2,0.068000,0.120000
5221,0.158000,1.664000,2,0.060000,0.125000
5222,0.156000,1.890000,3,0.094000,0.140000
5223,0.488000,1.990000,3,0.088000,0.160000
5224,0.124000,2.392000,3,0.066000,0.100000
5225,0.384000,0.582000,3,0.084000,0.165000
5226,0.206000,1.802000,5,0.102000,0.150000
5227,0.458000,1.494000,3,0.082000,0.185000
5228,0.108000,1.698000,3,0.088000,0.105000
5229,0.042000,0.840000,1,0.020000,0.030000
5230,0.060000,1.200000,2,0.036000,0.050000
5231,0.148000,1.562000,2,0.052000,0.085000
5232,0.406000,2.102000,4,0.096000,0.155000
5233,0.958000,1.606000,3,0.148000,0.295000
5234,0.000000,0.000000,0,0.000000,0.000000
5235,0.110000,2.164000,5,0.088000,0.110000
5236,0.142000,2.402000,3,0.066000,0.100000
5237,0.010000,0.824000,1,0.020000,0.020000
5238,0.150000,1.704000,4,0.078000,0.100000
5239,0.332000,2.202000,3,0.076000,0.125000
5240,0.336000,1.544000,3,0.106000,0.165000
5241,0.288000,1.452000,2,0.064000,0.115000
5242,0.166000,1.694000,4,0.088000,0.130000
5243,0.056000,0.100000,1,0.022000,0.035000
5244,0.092000,1.970000,3,0.052000,0.070000
5245,0.118000,1.124000,2,0.052000,0.080000
5246,0.168000,2.366000,4,0.094000,0.130000
5247,0.102000,0.764000,2,0.056000,0.090000
5248,0.160000,1.776000,5,0.100000,0.135000
5249,0.140000,1.534000,5,0.090000,0.135000
5250,0.466000,1.882000,7,0.172000,0.265000
5251,0.134000,0.682000,3,0.066000,0.100000
5252,0.060000,2.124000,3,0.056000,0.095000
5253,0.166000,1.260000,2,0.050000,0.050000
5254,0.140000,1.340000,3,0.062000,0.095000
5255,0.208000,2.936000,5,0.112000,0.140000
5256,0.174000,2.116000,4,0.098000,0.150000
5257,0.140000,1.482000,3,0.066000,0.100000
5258,0.328000,2.590000,4,0.126000,0.210000
5259,0.000000,0.000000,0,0.000000,0.000000
5260,0.202000,1.966000,4,0.090000,0.175000
5261,0.038000,0.862000,2,0.036000,0.045000
5262,0.294000,0.766000,3,0.096000,0.165000
5263,0.036000,0.712000,1,0.024000,0.035000
5264,0.120000,2.030000,3,0.056000,0.080000
5265,0.220000,2.222000,6,0.096000,0.135000
5266,0.008000,0.942000,1,0.016000,0.015000
5267,0.182000,1.330000,3,0.064000,0.100000
5268,0.042000,0.550000,1,0.020000,0.030000
5269,0.132000,2.510000,3,0.060000,0.090000
5270,0.034000,1.792000,2,0.032000,0.035000
5271,0.078000,1.382000,2,0.044000,0.065000
5272,0.098000,0.932000,2,0.042000,0.060000
5273,0.098000,1.736000,3,0.066000,0.090000
5274,0.156000,2.322000,4,0.076000,0.105000
5275,0.074000,1.602000,2,0.042000,0.060000
5276,0.258000,1.670000,3,0.072000,0.115000
5277,0.064000,1.668000,2,0.048000,0.065000
5278,0.318000,1.920000,4,0.120000,0.165000
5279,0.234000,2.940000,5,0.100000,0.145000
5280,0.208000,1.622000,4,0.086000,0.130000
5281,0.084000,1.380000,3,0.068000,0.090000
5282,0.186000,1.554000,2,0.062000,0.095000
5283,0.002000,0.970000,1,0.010000,0.005000
5284,0.034000,1.882000,2,0.032000,0.035000
5285,0.302000,2.554000,5,0.122000,0.185000
5286,0.322000,2.736000,5,0.146000,0.200000
5287,0.142000,1.882000,4,0.114000,0.155000
5288,0.036000,0.140000,2,0.030000,0.055000
5289,0.046000,2.498000,4,0.064000,0.065000
5290,0.066000,1.524000,2,0.042000,0.055000
5291,0.110000,0.790000,1,0.028000,0.050000
5292,0.044000,1.392000,2,0.038000,0.085000
5293,0.560000,1.468000,5,0.162000,0.285000
5294,0.040000,1.594000,2,0.040000,0.050000
5295,0.056000,1.614000,3,0.052000,0.060000
5296,0.136000,1.544000,3,0.080000,0.115000
5297,0.090000,0.990000,3,0.050000,0.065000
5298,0.096000,1.616000,2,0.050000,0.075000
5299,0.002000,0.860000,1,0.010000,0.005000
5300,0.212000,2.034000,4,0.088000,0.130000
5301,0.168000,2.394000,3,0.074000,0.115000
5302,0.064000,1.730000,4,0.062000,0.075000
5303,0.142000,1.690000,3,0.062000,0.095000
5304,0.264000,1.634000,2,0.080000,0.150000
5305,0.224000,2.238000,5,0.116000,0.170000
5306,0.056000,1.010000,3,0.046000,0.075000
5307,0.118000,1.652000,3,0.058000,0.080000
5308,0.004000,1.710000,2,0.020000,0.010000
5309,0.504000,1.132000,2,0.124000,0.285000
5310,0.366000,1.224000,3,0.136000,0.235000
5311,0.062000,1.332000,3,0.050000,0.100000
5312,0.148000,1.478000,3,0.070000,0.100000
5313,0.188000,2.420000,3,0.088000,0.130000
5314,0.514000,2.502000,7,0.142000,0.235000
5315,0.160000,1.480000,2,0.076000,0.125000
5316,0.102000,1.330000,2,0.042000,0.065000
5317,0.102000,2.282000,3,0.060000,0.040000
5318,0.086000,1.596000,3,0.058000,0.075000
5319,0.594000,2.420000,4,0.136000,0.240000
5320,0.216000,1.568000,5,0.126000,0.200000
5321,0.464000,1.762000,3,0.106000,0.210000
5322,0.426000,1.792000,4,0.100000,0.215000
5323,0.092000,0.796000,1,0.046000,0.080000
5324,0.222000,0.112000,2,0.060000,0.105000
5325,0.054000,1.742000,3,0.050000,0.070000
5326,0.040000,1.752000,3,0.046000,0.050000
5327,0.184000,1.348000,4,0.096000,0.160000
5328,0.158000,1.434000,2,0.062000,0.105000
5329,0.152000,2.774000,5,0.092000,0.125000
5330,0.048000,1.750000,2,0.032000,0.040000
5331,0.202000,2.092000,3,0.076000,0.140000
5332,0.090000,1.022000,3,0.056000,0.075000
5333,0.132000,1.942000,5,0.102000,0.125000
5334,0.192000,1.580000,3,0.090000,0.140000
5335,0.152000,2.582000,5,0.092000,0.175000
5336,0.150000,1.704000,3,0.072000,0.110000
5337,0.128000,1.982000,5,0.092000,0.120000
5338,0.000000,0.000000,0,0.000000,0.000000
5339,0.066000,2.694000,4,0.064000,0.070000
5340,0.270000,2.090000,5,0.102000,0.175000
5341,0.176000,1.462000,5,0.090000,0.145000
5342,0.172000,2.102000,4,0.086000,0.110000
5343,0.000000,0.000000,0,0.000000,0.000000
5344,0.232000,2.202000,4,0.086000,0.130000
5345,0.284000,0.770000,2,0.054000,0.095000
5346,0.102000,0.544000,2,0.054000,0.085000
5347,0.408000,3.476000,6,0.150000,0.240000
5348,0.358000,1.312000,5,0.122000,0.160000
5349,0.134000,0.670000,5,0.116000,0.160000
5350,0.188000,2.396000,5,0.088000,0.130000
5351,0.112000,0.920000,2,0.038000,0.055000
5352,0.074000,0.780000,2,0.050000,0.065000
5353,0.166000,1.166000,4,0.090000,0.130000
5354,0.106000,1.570000,3,0.056000,0.080000
5355,0.020000,1.806000,2,0.032000,0.030000
5356,0.020000,0.892000,2,0.030000,0.030000
5357,0.128000,0.824000,2,0.042000,0.075000
5358,0.014000,1.262000,2,0.028000,0.025000
5359,0.456000,2.808000,6,0.150000,0.235000
5360,0.350000,1.522000,4,0.098000,0.170000
5361,0.012000,0.882000,1,0.018000,0.020000
5362,0.304000,2.202000,5,0.114000,0.180000
5363,0.230000,2.312000,5,0.106000,0.160000
5364,0.488000,1.806000,4,0.132000,0.225000
5365,0.114000,2.362000,4,0.074000,0.100000
5366,0.610000,1.404000,4,0.132000,0.240000
5367,0.210000,1.686000,5,0.112000,0.165000
5368,0.072000,1.316000,3,0.060000,0.075000
5369,0.114000,1.112000,3,0.064000,0.095000
5370,0.112000,1.236000,2,0.064000,0.105000
5371,0.098000,1.610000,2,0.042000,0.065000
5372,0.154000,1.932000,3,0.064000,0.095000
5373,0.098000,1.892000,5,0.074000,0.105000
5374,0.058000,1.880000,2,0.032000,0.040000
5375,0.244000,1.316000,5,0.110000,0.170000
5376,0.094000,3.016000,4,0.078000,0.100000
5377,0.084000,1.750000,4,0.054000,0.075000
5378,0.166000,0.974000,3,0.064000,0.110000
5379,0.314000,1.640000,5,0.114000,0.160000
5380,0.062000,1.050000,2,0.036000,0.050000
5381,0.162000,1.252000,2,0.058000,0.100000
5382,0.108000,1.772000,4,0.068000,0.085000
5383,0.390000,2.382000,3,0.092000,0.165000
5384,0.246000,2.348000,3,0.112000,0.160000
5385,0.024000,1.430000,3,0.036000,0.055000
5386,0.370000,2.330000,6,0.162000,0.225000
5387,0.084000,1.910000,3,0.052000,0.070000
5388,0.068000,0.782000,3,0.044000,0.065000
5389,0.310000,2.224000,5,0.122000,0.195000
5390,0.020000,0.560000,1,0.016000,0.020000
5391,0.174000,1.314000,3,0.074000,0.115000
5392,0.320000,1.702000,6,0.126000,0.190000
5393,0.118000,1.912000,3,0.062000,0.090000
5394,0.040000,1.650000,2,0.032000,0.040000
5395,0.126000,1.162000,2,0.060000,0.090000
5396,0.112000,1.730000,2,0.038000,0.055000
5397,0.128000,1.442000,4,0.072000,0.095000
5398,0.238000,2.746000,6,0.144000,0.205000
5399,0.254000,0.586000,1,0.072000,0.145000
5400,0.034000,1.012000,2,0.034000,0.040000
5401,0.086000,1.400000,2,0.040000,0.060000
5402,0.132000,0.760000,2,0.046000,0.075000
5403,0.196000,1.472000,3,0.070000,0.150000
5404,0.220000,1.734000,3,0.074000,0.115000
5405,0.104000,1.744000,3,0.066000,0.095000
5406,0.252000,1.242000,2,0.064000,0.115000
5407,0.056000,0.910000,1,0.022000,0.035000
5408,0.038000,0.862000,2,0.036000,0.045000
5409,0.192000,1.712000,3,0.092000,0.145000
5410,0.080000,1.294000,3,0.060000,0.075000
5411,0.208000,1.452000,2,0.062000,0.110000
5412,0.144000,3.086000,5,0.092000,0.120000
5413,0.082000,2.818000,5,0.092000,0.130000
5414,0.124000,1.594000,3,0.064000,0.090000
5415,0.324000,1.392000,2,0.062000,0.110000
5416,0.376000,1.740000,7,0.164000,0.295000
5417,0.360000,2.332000,7,0.142000,0.230000
5418,0.296000,2.060000,3,0.078000,0.135000
5419,0.058000,0.742000,1,0.026000,0.040000
5420,0.064000,1.252000,2,0.040000,0.055000
5421,0.130000,1.618000,4,0.094000,0.180000
5422,0.090000,0.562000,2,0.044000,0.065000
5423,0.078000,1.038000,4,0.064000,0.085000
5424,0.096000,1.152000,2,0.048000,0.075000
5425,0.238000,1.890000,4,0.088000,0.130000
5426,0.098000,1.760000,2,0.042000,0.065000
5427,0.812000,0.690000,1,0.064000,0.140000
5428,0.156000,0.810000,1,0.032000,0.060000
5429,0.090000,0.952000,3,0.054000,0.070000
5430,0.518000,2.192000,4,0.112000,0.195000
5431,0.128000,2.350000,3,0.060000,0.090000
5432,0.100000,1.656000,3,0.068000,0.095000
5433,0.078000,1.632000,2,0.044000,0.065000
5434,0.204000,0.622000,1,0.048000,0.150000
5435,0.136000,1.594000,4,0.096000,0.130000
5436,0.022000,1.862000,2,0.038000,0.035000
5437,0.104000,1.346000,4,0.078000,0.100000
5438,0.084000,1.754000,4,0.068000,0.095000
5439,0.152000,1.672000,4,0.078000,0.110000
5440,0.220000,2.666000,5,0.110000,0.160000
5441,0.588000,1.816000,5,0.128000,0.205000
5442,0.096000,1.116000,3,0.080000,0.105000
5443,0.344000,1.760000,3,0.084000,0.150000
5444,0.118000,1.524000,3,0.066000,0.095000
5445,0.180000,2.194000,5,0.106000,0.155000
5446,0.192000,1.432000,2,0.062000,0.110000
5447,0.126000,3.274000,5,0.094000,0.125000
5448,0.712000,1.052000,2,0.088000,0.175000
5449,0.264000,0.680000,3,0.094000,0.170000
5450,0.136000,1.056000,2,0.064000,0.150000
5451,0.100000,1.356000,4,0.078000,0.095000
5452,1.248000,2.808000,6,0.226000,0.335000
5453,0.044000,1.282000,2,0.036000,0.045000
5454,0.026000,0.822000,1,0.022000,0.065000
5455,0.044000,0.822000,2,0.036000,0.045000
5456,0.196000,1.794000,3,0.094000,0.210000
5457,0.000000,0.000000,0,0.000000,0.000000
5458,0.170000,0.566000,2,0.070000,0.120000
5459,0.080000,1.254000,2,0.046000,0.065000
5460,0.100000,2.146000,4,0.080000,0.105000
5461,0.224000,2.400000,3,0.070000,0.095000
5462,0.026000,0.802000,1,0.022000,0.030000
5463,0.470000,2.184000,6,0.150000,0.205000
5464,0.112000,1.622000,5,0.066000,0.090000
5465,0.006000,1.142000,2,0.024000,0.015000
5466,0.180000,1.556000,2,0.068000,0.115000
5467,0.212000,2.992000,5,0.094000,0.115000
5468,0.300000,2.534000,4,0.102000,0.165000
5469,0.202000,1.572000,2,0.058000,0.100000
5470,0.146000,1.964000,3,0.070000,0.105000
5471,0.306000,3.308000,7,0.154000,0.205000
5472,0.074000,0.928000,3,0.066000,0.075000
5473,0.816000,3.094000,6,0.152000,0.200000
5474,0.118000,2.574000,4,0.074000,0.095000
5475,0.300000,0.876000,3,0.108000,0.230000
5476,0.140000,1.330000,4,0.088000,0.095000
5477,0.156000,0.860000,1,0.032000,0.060000
5478,0.084000,1.386000,4,0.076000,0.100000
5479,0.330000,3.094000,6,0.136000,0.205000
5480,0.014000,1.580000,2,0.024000,0.020000
5481,0.330000,1.766000,5,0.124000,0.200000
5482,0.208000,1.636000,3,0.086000,0.140000
5483,0.038000,0.862000,2,0.036000,0.055000
5484,0.100000,1.332000,3,0.052000,0.085000
5485,0.054000,0.824000,2,0.044000,0.115000
5486,0.132000,0.420000,1,0.030000,0.055000
5487,0.060000,1.066000,4,0.070000,0.080000
5488,0.484000,0.492000,3,0.158000,0.250000
5489,0.092000,1.486000,2,0.068000,0.095000
5490,0.182000,1.464000,3,0.074000,0.115000
5491,0.194000,1.160000,4,0.092000,0.150000
5492,0.086000,1.642000,3,0.056000,0.075000
5493,0.112000,1.272000,4,0.072000,0.095000
5494,0.208000,2.260000,5,0.106000,0.145000
5495,0.156000,1.610000,3,0.064000,0.100000
5496,0.198000,1.606000,3,0.086000,0.140000
5497,0.128000,2.100000,4,0.092000,0.130000
5498,0.012000,0.950000,1,0.014000,0.015000
5499,0.042000,0.530000,1,0.020000,0.030000
5500,0.042000,0.722000,2,0.036000,0.045000
5501,0.148000,2.334000,3,0.068000,0.070000
5502,0.198000,1.094000,3,0.078000,0.125000
5503,0.096000,1.734000,3,0.062000,0.085000
5504,0.212000,1.972000,4,0.110000,0.170000
5505,0.032000,0.740000,2,0.020000,0.030000
5506,0.114000,1.354000,4,0.080000,0.110000
5507,0.154000,2.156000,3,0.070000,0.105000
5508,0.852000,1.290000,3,0.134000,0.250000
5509,0.148000,2.184000,5,0.080000,0.110000
5510,0.032000,0.970000,2,0.030000,0.035000
5511,0.304000,0.624000,1,0.064000,0.130000
5512,0.076000,1.736000,4,0.064000,0.085000
5513,0.150000,2.512000,5,0.092000,0.120000
5514,0.226000,2.222000,5,0.110000,0.170000
5515,0.182000,1.290000,2,0.052000,0.090000
5516,0.014000,1.190000,2,0.024000,0.020000
5517,0.114000,0.940000,2,0.044000,0.095000
5518,0.044000,1.786000,3,0.050000,0.075000
5519,0.120000,2.520000,4,0.072000,0.100000
5520,0.064000,0.682000,2,0.040000,0.055000
5521,0.140000,0.772000,4,0.070000,0.145000
5522,0.188000,1.796000,4,0.096000,0.145000
5523,0.110000,2.024000,6,0.090000,0.125000
5524,0.282000,2.604000,5,0.112000,0.165000
5525,0.108000,0.702000,3,0.068000,0.085000
5526,0.114000,0.820000,2,0.044000,0.070000
5527,0.542000,2.090000,4,0.102000,0.175000
5528,0.276000,1.962000,5,0.110000,0.170000
5529,0.116000,3.002000,4,0.074000,0.100000
5530,0.138000,1.924000,6,0.112000,0.150000
5531,0.026000,1.640000,2,0.028000,0.030000
5532,0.180000,1.206000,4,0.094000,0.175000
5533,0.228000,1.648000,3,0.090000,0.145000
5534,0.148000,2.092000,6,0.096000,0.135000
5535,0.280000,1.468000,4,0.088000,0.170000
5536,0.168000,0.602000,1,0.040000,0.105000
5537,0.112000,1.790000,2,0.038000,0.055000
5538,0.352000,2.232000,6,0.136000,0.255000
5539,0.132000,0.640000,1,0.030000,0.055000
5540,0.072000,1.112000,2,0.044000,0.065000
5541,0.098000,0.678000,1,0.042000,0.070000
5542,0.124000,1.594000,2,0.050000,0.075000
5543,0.084000,2.460000,3,0.052000,0.070000
5544,0.066000,1.322000,4,0.062000,0.070000
5545,0.554000,2.526000,4,0.130000,0.215000
5546,0.230000,2.542000,5,0.106000,0.160000
5547,0.048000,0.016000,1,0.030000,0.050000
5548,0.290000,1.998000,4,0.122000,0.225000
5549,0.042000,0.820000,1,0.020000,0.030000
5550,0.064000,1.582000,3,0.056000,0.065000
5551,0.168000,2.652000,6,0.106000,0.140000
5552,0.228000,1.556000,5,0.106000,0.195000
5553,0.192000,1.726000,3,0.086000,0.125000
5554,0.130000,1.912000,5,0.078000,0.105000
5555,0.020000,1.452000,2,0.030000,0.030000
5556,0.272000,1.998000,5,0.128000,0.210000
5557,0.074000,1.674000,2,0.048000,0.070000
5558,0.146000,2.370000,3,0.078000,0.160000
5559,0.072000,1.692000,3,0.054000,0.070000
5560,0.140000,1.462000,2,0.054000,0.140000
5561,0.228000,2.130000,4,0.092000,0.150000
5562,0.086000,1.080000,2,0.040000,0.060000
5563,0.018000,0.990000,2,0.026000,0.025000
5564,0.108000,2.140000,4,0.084000,0.110000
5565,0.038000,1.302000,2,0.036000,0.045000
5566,0.156000,1.392000,2,0.058000,0.100000
5567,0.132000,1.242000,2,0.048000,0.075000
5568,0.104000,0.652000,2,0.044000,0.065000
5569,0.122000,2.474000,3,0.064000,0.090000
5570,0.194000,2.492000,5,0.098000,0.140000
5571,0.078000,1.334000,4,0.068000,0.080000
5572,0.204000,2.754000,5,0.106000,0.155000
5573,0.078000,1.180000,2,0.036000,0.050000
5574,0.024000,1.452000,2,0.030000,0.030000
5575,0.076000,1.498000,2,0.052000,0.075000
5576,0.284000,2.334000,5,0.102000,0.165000
5577,0.168000,1.832000,4,0.084000,0.145000
5578,0.050000,1.752000,2,0.036000,0.045000
5579,0.138000,2.138000,5,0.088000,0.125000
5580,0.030000,0.810000,1,0.018000,0.060000
5581,0.104000,2.350000,3,0.054000,0.075000
5582,0.062000,0.684000,4,0.058000,0.075000
5583,0.296000,2.116000,5,0.124000,0.195000
5584,0.204000,1.090000,4,0.084000,0.135000
5585,0.000000,0.000000,0,0.000000,0.000000
5586,0.588000,2.942000,7,0.170000,0.360000
5587,0.196000,0.746000,1,0.056000,0.105000
5588,0.768000,1.302000,5,0.124000,0.270000
5589,0.138000,2.256000,5,0.096000,0.140000
5590,0.092000,1.600000,2,0.036000,0.050000
5591,0.022000,0.922000,1,0.020000,0.025000
5592,0.216000,1.306000,3,0.076000,0.115000
5593,0.162000,0.732000,2,0.046000,0.080000
5594,0.060000,0.766000,2,0.050000,0.070000
5595,0.070000,3.214000,4,0.064000,0.070000
5596,0.000000,0.000000,0,0.000000,0.000000
5597,0.062000,2.600000,3,0.048000,0.060000
5598,0.030000,0.930000,1,0.018000,0.025000
5599,0.560000,1.910000,4,0.166000,0.285000
5600,0.030000,0.850000,1,0.018000,0.025000
5601,0.206000,2.342000,4,0.084000,0.125000
5602,0.010000,0.782000,2,0.018000,0.020000
5603,0.000000,0.000000,0,0.000000,0.000000
5604,0.066000,1.514000,2,0.042000,0.055000
5605,0.044000,0.728000,1,0.032000,0.045000
5606,0.234000,1.252000,2,0.066000,0.120000
5607,0.042000,0.480000,1,0.020000,0.030000
5608,0.142000,1.498000,4,0.080000,0.125000
5609,0.380000,1.474000,2,0.086000,0.155000
5610,0.084000,1.252000,2,0.046000,0.070000
5611,0.092000,1.560000,2,0.064000,0.095000
5612,0.062000,1.860000,2,0.034000,0.045000
5613,0.074000,1.438000,3,0.052000,0.110000
5614,0.098000,1.014000,3,0.064000,0.090000
5615,0.152000,2.840000,5,0.086000,0.115000
5616,0.530000,1.394000,3,0.096000,0.170000
5617,0.112000,0.910000,2,0.044000,0.070000
5618,0.084000,2.870000,4,0.082000,0.095000
5619,0.084000,2.350000,4,0.062000,0.075000
5620,0.086000,2.284000,4,0.070000,0.085000
5621,0.520000,2.042000,4,0.130000,0.210000
5622,0.062000,1.040000,2,0.034000,0.040000
5623,0.336000,1.322000,4,0.100000,0.165000
5624,0.072000,0.900000,1,0.024000,0.040000
5625,0.492000,0.602000,3,0.092000,0.165000
5626,0.172000,2.374000,4,0.070000,0.105000
5627,0.064000,0.644000,1,0.032000,0.050000
5628,0.062000,2.372000,3,0.050000,0.060000
5629,0.012000,0.930000,1,0.014000,0.015000
5630,0.086000,1.232000,2,0.042000,0.060000
5631,0.300000,1.404000,4,0.106000,0.175000
5632,0.008000,1.450000,2,0.022000,0.015000
5633,0.118000,1.766000,3,0.072000,0.105000
5634,0.068000,1.414000,2,0.048000,0.070000
5635,0.048000,1.630000,2,0.032000,0.040000
5636,0.070000,1.310000,4,0.066000,0.105000
5637,0.124000,1.940000,4,0.066000,0.085000
5638,0.076000,0.992000,3,0.052000,0.065000
5639,0.240000,0.952000,4,0.086000,0.150000
5640,0.142000,1.254000,4,0.074000,0.115000
5641,0.004000,0.042000,1,0.014000,0.010000
5642,0.286000,2.730000,5,0.102000,0.155000
5643,0.162000,0.642000,3,0.064000,0.100000
5644,0.316000,0.944000,4,0.106000,0.185000
5645,0.060000,1.502000,3,0.052000,0.090000
5646,0.016000,1.604000,2,0.032000,0.035000
5647,0.076000,0.996000,2,0.064000,0.090000
5648,0.150000,0.716000,2,0.066000,0.130000
5649,0.236000,1.014000,5,0.106000,0.160000
5650,0.000000,0.000000,0,0.000000,0.000000
5651,0.000000,0.000000,0,0.000000,0.000000
5652,0.184000,2.828000,6,0.126000,0.165000
5653,0.382000,0.710000,4,0.092000,0.170000
5654,0.044000,1.102000,2,0.038000,0.050000
5655,0.038000,0.910000,3,0.034000,0.065000
5656,0.128000,1.586000,3,0.064000,0.090000
5657,0.050000,1.292000,3,0.050000,0.060000
5658,0.132000,0.740000,1,0.030000,0.055000
5659,0.218000,1.300000,3,0.070000,0.115000
5660,0.168000,2.082000,3,0.068000,0.105000
5661,0.064000,1.764000,2,0.044000,0.060000
5662,0.020000,0.940000,1,0.016000,0.020000
5663,0.022000,0.712000,1,0.020000,0.025000
5664,0.100000,1.124000,2,0.050000,0.075000
5665,0.060000,1.622000,3,0.052000,0.065000
5666,0.098000,1.226000,4,0.054000,0.095000
5667,0.012000,0.950000,1,0.014000,0.015000
5668,0.196000,1.750000,3,0.068000,0.110000
5669,0.042000,2.030000,3,0.042000,0.045000
5670,0.014000,0.482000,1,0.018000,0.020000
5671,0.218000,0.622000,2,0.052000,0.085000
5672,0.216000,1.344000,4,0.088000,0.155000
5673,0.100000,1.074000,2,0.054000,0.085000
5674,0.090000,0.810000,1,0.026000,0.045000
5675,0.022000,0.742000,1,0.020000,0.025000
5676,0.098000,0.930000,2,0.042000,0.095000
5677,0.284000,2.150000,4,0.118000,0.190000
5678,0.072000,0.320000,1,0.024000,0.040000
5679,0.280000,1.472000,2,0.056000,0.095000
5680,0.270000,1.260000,2,0.056000,0.100000
5681,0.132000,1.272000,2,0.048000,0.075000
5682,0.074000,2.074000,4,0.068000,0.110000
5683,0.276000,1.244000,3,0.084000,0.160000
5684,0.178000,0.942000,2,0.052000,0.085000
5685,0.110000,0.050000,1,0.028000,0.050000
5686,0.196000,2.182000,3,0.070000,0.110000
5687,0.186000,1.502000,2,0.058000,0.100000
5688,0.294000,1.166000,4,0.118000,0.195000
5689,0.030000,0.200000,1,0.018000,0.025000
5690,0.732000,1.372000,4,0.120000,0.255000
5691,0.120000,3.072000,4,0.070000,0.080000
5692,0.102000,1.454000,3,0.056000,0.070000
5693,1.006000,1.952000,6,0.204000,0.335000
5694,0.014000,1.470000,2,0.024000,0.030000
5695,0.124000,2.986000,5,0.092000,0.095000
5696,0.072000,0.800000,1,0.024000,0.040000
5697,0.032000,0.832000,1,0.022000,0.045000
5698,0.086000,1.242000,3,0.050000,0.080000
5699,0.146000,1.882000,4,0.088000,0.115000
5700,0.238000,1.498000,2,0.080000,0.140000
5701,0.036000,0.902000,1,0.024000,0.035000
5702,0.056000,1.024000,2,0.042000,0.055000
5703,0.050000,0.834000,2,0.042000,0.055000
5704,0.150000,2.764000,5,0.100000,0.130000
5705,0.000000,0.000000,0,0.000000,0.000000
5706,0.394000,1.470000,5,0.120000,0.190000
5707,0.124000,0.772000,2,0.052000,0.085000
5708,0.132000,1.890000,3,0.060000,0.090000
5709,0.068000,1.632000,2,0.042000,0.060000
5710,0.114000,1.582000,2,0.052000,0.085000
5711,0.056000,1.582000,3,0.048000,0.055000
5712,0.000000,0.000000,0,0.000000,0.000000
5713,0.222000,2.252000,4,0.086000,0.130000
5714,0.000000,0.000000,0,0.000000,0.000000
5715,0.032000,0.882000,1,0.022000,0.030000
5716,0.240000,2.322000,4,0.092000,0.145000
5717,0.246000,1.478000,5,0.102000,0.120000
5718,0.238000,1.938000,3,0.082000,0.130000
5719,0.298000,1.808000,5,0.108000,0.175000
5720,0.030000,0.820000,1,0.018000,0.025000
5721,0.032000,0.872000,2,0.034000,0.050000
5722,0.188000,1.342000,2,0.054000,0.130000
5723,0.018000,1.840000,2,0.026000,0.025000
5724,0.086000,1.360000,2,0.040000,0.060000
5725,0.000000,0.000000,0,0.000000,0.000000
5726,0.050000,1.698000,2,0.044000,0.055000
5727,0.074000,1.252000,2,0.044000,0.065000
5728,0.064000,0.892000,2,0.040000,0.075000
5729,0.074000,0.734000,1,0.036000,0.060000
5730,0.140000,1.664000,6,0.106000,0.140000
5731,0.136000,2.232000,3,0.090000,0.135000
5732,0.042000,1.432000,2,0.036000,0.045000
5733,0.104000,1.684000,3,0.066000,0.095000
5734,0.238000,1.390000,4,0.084000,0.130000
5735,0.312000,3.098000,5,0.140000,0.210000
5736,0.086000,0.930000,2,0.040000,0.060000
5737,0.098000,2.222000,4,0.072000,0.120000
5738,0.094000,0.782000,2,0.040000,0.055000
5739,0.142000,2.280000,3,0.058000,0.085000
5740,0.274000,2.282000,5,0.114000,0.180000
5741,0.054000,0.780000,2,0.034000,0.045000
5742,0.068000,1.748000,5,0.070000,0.080000
5743,0.286000,0.888000,2,0.078000,0.140000
5744,0.130000,1.958000,5,0.110000,0.140000
5745,0.192000,1.482000,5,0.094000,0.130000
5746,0.044000,1.552000,2,0.036000,0.045000
5747,0.002000,0.970000,1,0.010000,0.005000
5748,0.272000,0.938000,2,0.066000,0.130000
5749,0.392000,1.646000,4,0.102000,0.160000
5750,0.372000,1.274000,3,0.100000,0.180000
5751,0.076000,2.272000,3,0.054000,0.070000
5752,0.072000,1.422000,3,0.054000,0.070000
5753,0.272000,1.972000,4,0.098000,0.160000
5754,0.042000,1.544000,3,0.050000,0.055000
5755,0.086000,1.132000,3,0.058000,0.080000
5756,0.090000,0.330000,1,0.026000,0.045000
5757,0.262000,1.806000,5,0.118000,0.180000
5758,0.198000,1.708000,3,0.088000,0.150000
5759,0.230000,2.374000,4,0.096000,0.150000
5760,0.114000,1.962000,4,0.076000,0.105000
5761,0.164000,1.494000,2,0.060000,0.100000
5762,0.088000,1.444000,2,0.050000,0.100000
5763,0.022000,1.966000,3,0.042000,0.035000
5764,0.096000,1.752000,2,0.048000,0.075000
5765,0.078000,0.992000,2,0.044000,0.065000
5766,0.154000,0.794000,1,0.048000,0.080000
5767,0.044000,1.582000,2,0.036000,0.045000
5768,0.030000,0.260000,1,0.018000,0.025000
5769,0.296000,1.530000,3,0.068000,0.110000
5770,0.192000,1.536000,4,0.070000,0.115000
5771,0.166000,1.808000,5,0.100000,0.150000
5772,0.120000,2.948000,4,0.084000,0.095000
5773,0.004000,0.952000,1,0.014000,0.010000
5774,0.024000,0.980000,4,0.040000,0.040000
5775,0.018000,0.262000,1,0.020000,0.025000
5776,0.272000,1.792000,3,0.086000,0.150000
5777,0.358000,1.352000,3,0.088000,0.155000
5778,0.192000,2.122000,3,0.074000,0.120000
5779,0.208000,2.972000,4,0.088000,0.110000
5780,0.260000,0.814000,3,0.088000,0.150000
5781,0.166000,1.664000,5,0.100000,0.140000
5782,0.098000,1.448000,3,0.058000,0.080000
5783,0.116000,1.272000,3,0.064000,0.085000
5784,0.044000,1.330000,3,0.044000,0.050000
5785,0.160000,0.876000,2,0.048000,0.070000
5786,0.272000,2.248000,5,0.126000,0.195000
5787,0.228000,3.592000,5,0.106000,0.160000
5788,0.142000,1.522000,3,0.068000,0.105000
5789,0.062000,0.298000,2,0.056000,0.080000
5790,0.030000,0.120000,1,0.018000,0.025000
5791,1.744000,1.276000,2,0.152000,0.325000
5792,0.184000,1.336000,4,0.096000,0.145000
5793,0.116000,1.870000,3,0.054000,0.075000
5794,0.014000,0.826000,1,0.020000,0.020000
5795,0.012000,0.950000,1,0.014000,0.015000
5796,0.088000,2.272000,4,0.068000,0.075000
5797,0.206000,1.630000,3,0.064000,0.150000
5798,0.124000,2.344000,4,0.074000,0.095000
5799,0.378000,2.254000,4,0.104000,0.140000
5800,0.130000,1.554000,3,0.072000,0.110000
5801,0.222000,2.066000,5,0.096000,0.145000
5802,0.290000,1.762000,5,0.134000,0.200000
5803,0.114000,2.188000,3,0.076000,0.110000
5804,0.086000,0.832000,1,0.034000,0.060000
5805,0.146000,0.020000,2,0.040000,0.090000
5806,0.174000,1.826000,3,0.078000,0.105000
5807,0.096000,2.280000,3,0.052000,0.070000
5808,0.132000,1.454000,3,0.070000,0.105000
5809,0.292000,1.480000,2,0.056000,0.080000
5810,0.068000,1.382000,3,0.052000,0.065000
5811,0.020000,0.940000,1,0.016000,0.020000
5812,0.102000,1.630000,2,0.042000,0.065000
5813,0.036000,0.864000,2,0.036000,0.040000
5814,0.202000,2.028000,3,0.088000,0.140000
5815,0.142000,1.862000,3,0.066000,0.100000
5816,0.092000,0.630000,3,0.054000,0.095000
5817,0.186000,1.582000,4,0.080000,0.115000
5818,0.172000,1.060000,3,0.056000,0.100000
5819,0.040000,1.430000,2,0.032000,0.040000
5820,0.064000,1.730000,3,0.046000,0.055000
5821,0.004000,0.970000,2,0.012000,0.010000
5822,0.074000,1.944000,3,0.062000,0.075000
5823,0.310000,2.564000,5,0.120000,0.185000
5824,0.096000,2.542000,3,0.060000,0.085000
5825,0.030000,0.860000,1,0.018000,0.025000
5826,0.024000,0.714000,2,0.026000,0.035000
5827,0.152000,0.994000,3,0.066000,0.115000
5828,0.084000,2.076000,3,0.058000,0.080000
5829,0.156000,2.324000,5,0.098000,0.135000
5830,0.238000,0.872000,3,0.060000,0.115000
5831,0.250000,0.576000,2,0.068000,0.115000
5832,0.166000,0.244000,2,0.060000,0.090000
5833,0.070000,1.546000,2,0.054000,0.070000
5834,0.094000,0.786000,2,0.052000,0.080000
5835,0.340000,1.462000,4,0.116000,0.205000
5836,0.042000,0.804000,1,0.030000,0.045000
5837,0.038000,1.416000,2,0.036000,0.040000
5838,0.026000,1.890000,2,0.028000,0.030000
5839,0.032000,0.836000,1,0.026000,0.035000
5840,0.000000,0.000000,0,0.000000,0.000000
5841,0.104000,1.602000,4,0.068000,0.085000
5842,0.002000,0.970000,1,0.010000,0.005000
5843,0.020000,0.940000,1,0.016000,0.020000
5844,0.186000,2.174000,4,0.090000,0.135000
5845,1.440000,2.082000,5,0.184000,0.295000
5846,0.086000,1.660000,2,0.040000,0.060000
5847,0.138000,2.314000,4,0.076000,0.100000
5848,0.114000,1.570000,2,0.044000,0.070000
5849,0.000000,0.000000,0,0.000000,0.000000
5850,0.076000,1.760000,2,0.038000,0.085000
5851,0.116000,2.124000,7,0.104000,0.130000
5852,0.110000,1.082000,3,0.054000,0.090000
5853,0.042000,0.720000,2,0.024000,0.040000
5854,0.260000,1.090000,3,0.070000,0.115000
5855,0.074000,1.692000,2,0.042000,0.060000
5856,0.070000,1.622000,2,0.040000,0.055000
5857,0.030000,0.660000,1,0.018000,0.025000
5858,0.196000,2.392000,5,0.098000,0.140000
5859,0.104000,0.722000,2,0.046000,0.070000
5860,0.142000,1.242000,2,0.052000,0.085000
5861,0.134000,1.190000,3,0.048000,0.115000
5862,0.072000,1.660000,2,0.038000,0.055000
5863,0.074000,1.630000,3,0.048000,0.060000
5864,0.028000,1.502000,2,0.032000,0.035000
5865,0.042000,0.920000,1,0.020000,0.030000
5866,0.012000,0.130000,1,0.014000,0.015000
5867,0.000000,0.000000,0,0.000000,0.000000
5868,0.880000,1.212000,3,0.118000,0.230000
5869,0.084000,0.782000,1,0.032000,0.055000
5870,0.090000,0.680000,1,0.026000,0.045000
5871,0.114000,0.680000,2,0.044000,0.070000
5872,0.216000,2.192000,6,0.112000,0.155000
5873,0.000000,0.000000,0,0.000000,0.000000
5874,0.058000,1.524000,2,0.050000,0.065000
5875,0.098000,1.556000,2,0.066000,0.090000
5876,0.230000,1.160000,2,0.052000,0.090000
5877,0.162000,2.560000,3,0.064000,0.100000
5878,0.096000,1.564000,2,0.048000,0.070000
5879,0.056000,1.342000,3,0.048000,0.075000
5880,0.060000,0.782000,2,0.040000,0.055000
5881,0.700000,1.316000,4,0.118000,0.230000
5882,0.340000,1.574000,6,0.166000,0.325000
5883,0.070000,1.206000,3,0.054000,0.115000
5884,0.100000,1.902000,3,0.062000,0.090000
5885,0.012000,0.950000,1,0.014000,0.015000
5886,0.058000,1.768000,2,0.044000,0.055000
5887,0.014000,0.932000,1,0.018000,0.020000
5888,0.202000,3.014000,5,0.108000,0.160000
5889,0.320000,2.130000,3,0.066000,0.105000
5890,0.072000,0.840000,1,0.024000,0.040000
5891,0.076000,1.576000,3,0.058000,0.080000
5892,0.138000,2.304000,3,0.074000,0.100000
5893,0.032000,1.290000,2,0.030000,0.035000
5894,0.122000,0.730000,2,0.042000,0.065000
5895,0.210000,1.670000,4,0.078000,0.100000
5896,0.128000,2.816000,5,0.096000,0.125000
5897,0.220000,1.932000,4,0.088000,0.160000
5898,0.208000,2.098000,4,0.102000,0.155000
5899,0.032000,1.284000,3,0.046000,0.045000
5900,0.030000,0.490000,1,0.018000,0.025000
5901,0.618000,2.050000,5,0.162000,0.240000
5902,0.020000,0.860000,1,0.016000,0.020000
5903,0.020000,0.830000,1,0.016000,0.020000
5904,0.028000,0.862000,2,0.032000,0.040000
5905,0.098000,0.700000,2,0.042000,0.065000
5906,0.084000,1.710000,2,0.038000,0.055000
5907,0.042000,0.910000,1,0.020000,0.030000
5908,0.072000,1.754000,2,0.048000,0.070000
5909,0.022000,0.998000,2,0.036000,0.035000
5910,0.104000,2.620000,3,0.054000,0.075000
5911,0.120000,1.660000,3,0.056000,0.085000
5912,0.094000,1.380000,3,0.050000,0.065000
5913,0.140000,2.314000,3,0.072000,0.110000
5914,0.242000,0.572000,1,0.042000,0.080000
5915,0.146000,1.186000,4,0.088000,0.110000
5916,0.040000,1.578000,2,0.040000,0.045000
5917,0.438000,2.164000,5,0.144000,0.250000
5918,0.164000,1.454000,4,0.078000,0.125000
5919,0.000000,0.000000,0,0.000000,0.000000
5920,0.188000,1.970000,4,0.080000,0.120000
5921,0.152000,0.772000,1,0.042000,0.105000
5922,0.088000,2.784000,6,0.092000,0.105000
5923,0.214000,3.124000,6,0.110000,0.155000
5924,0.510000,2.794000,6,0.174000,0.260000
5925,0.090000,0.340000,1,0.026000,0.045000
5926,0.652000,2.386000,5,0.130000,0.210000
5927,0.172000,2.204000,4,0.090000,0.110000
5928,0.014000,0.844000,1,0.022000,0.025000
5929,0.042000,0.740000,1,0.020000,0.030000
5930,0.852000,1.648000,8,0.188000,0.250000
5931,0.070000,3.202000,4,0.068000,0.075000
5932,0.070000,1.776000,4,0.062000,0.090000
5933,0.000000,0.000000,0,0.000000,0.000000
5934,0.256000,1.308000,3,0.094000,0.150000
5935,0.048000,1.482000,2,0.038000,0.050000
5936,0.356000,2.272000,3,0.086000,0.105000
5937,0.090000,0.890000,1,0.026000,0.045000
5938,0.028000,1.580000,3,0.038000,0.040000
5939,0.200000,2.066000,3,0.084000,0.115000
5940,0.080000,2.240000,3,0.052000,0.070000
5941,0.154000,2.492000,3,0.064000,0.125000
5942,0.182000,2.364000,4,0.078000,0.115000
5943,0.136000,0.674000,2,0.058000,0.095000
5944,0.128000,1.800000,3,0.060000,0.090000
5945,0.032000,0.850000,2,0.030000,0.045000
5946,0.060000,0.784000,3,0.054000,0.065000
5947,0.012000,0.170000,1,0.014000,0.015000
5948,0.068000,2.434000,3,0.058000,0.075000
5949,0.014000,1.582000,2,0.028000,0.025000
5950,0.262000,1.216000,2,0.084000,0.155000
5951,0.006000,0.860000,1,0.012000,0.010000
5952,0.012000,0.850000,1,0.014000,0.015000
5953,0.496000,2.296000,3,0.098000,0.170000
5954,0.052000,1.232000,2,0.040000,0.055000
5955,0.136000,1.682000,3,0.060000,0.085000
5956,0.012000,0.750000,1,0.014000,0.015000
5957,0.000000,0.000000,0,0.000000,0.000000
5958,0.112000,0.850000,1,0.038000,0.055000
5959,0.092000,0.960000,2,0.040000,0.060000
5960,0.032000,3.320000,4,0.050000,0.045000
5961,0.198000,0.978000,2,0.076000,0.130000
5962,0.048000,0.892000,1,0.026000,0.040000
5963,0.528000,2.076000,4,0.150000,0.225000
5964,0.088000,1.490000,3,0.052000,0.070000
5965,0.252000,0.774000,2,0.072000,0.130000
5966,0.040000,0.852000,1,0.026000,0.040000
5967,0.234000,1.634000,3,0.082000,0.145000
5968,0.036000,0.784000,2,0.032000,0.050000
5969,0.100000,1.454000,3,0.060000,0.080000
5970,0.152000,1.486000,3,0.078000,0.120000
5971,0.030000,0.830000,1,0.018000,0.025000
5972,0.042000,0.810000,1,0.020000,0.030000
5973,0.214000,1.470000,3,0.100000,0.165000
5974,0.144000,1.300000,2,0.044000,0.070000
5975,0.000000,0.000000,0,0.000000,0.000000
5976,0.096000,0.766000,2,0.048000,0.070000
5977,0.000000,0.000000,0,0.000000,0.000000
5978,0.764000,1.382000,2,0.106000,0.220000
5979,0.058000,0.842000,1,0.026000,0.040000
5980,0.064000,1.736000,2,0.042000,0.055000
5981,0.044000,0.600000,2,0.030000,0.060000
5982,0.014000,0.932000,1,0.018000,0.020000
5983,0.150000,2.024000,3,0.070000,0.105000
5984,0.118000,2.824000,5,0.090000,0.115000
5985,0.058000,1.760000,2,0.032000,0.040000
5986,0.056000,0.750000,1,0.022000,0.035000
5987,0.132000,1.632000,2,0.048000,0.075000
5988,0.000000,0.000000,0,0.000000,0.000000
5989,0.264000,1.946000,3,0.088000,0.145000
5990,0.330000,2.374000,6,0.136000,0.180000
5991,0.044000,0.822000,1,0.024000,0.035000
5992,0.158000,0.302000,1,0.036000,0.065000
5993,0.044000,1.832000,3,0.046000,0.050000
5994,0.026000,2.640000,4,0.048000,0.040000
5995,0.246000,3.192000,4,0.090000,0.115000
5996,0.406000,0.124000,1,0.062000,0.125000
5997,0.334000,1.866000,5,0.122000,0.190000
5998,0.156000,0.570000,1,0.032000,0.060000
5999,0.198000,1.666000,4,0.094000,0.140000
6000,0.042000,0.892000,1,0.026000,0.040000
6001,0.156000,2.118000,5,0.104000,0.140000
6002,0.020000,2.490000,3,0.036000,0.030000
6003,0.154000,1.652000,2,0.050000,0.080000
6004,0.242000,3.264000,5,0.110000,0.135000
6005,0.196000,1.712000,4,0.080000,0.115000
6006,0.094000,1.824000,3,0.050000,0.075000
6007,0.190000,1.508000,2,0.080000,0.180000
6008,0.678000,1.344000,5,0.132000,0.240000
6009,0.240000,1.208000,5,0.124000,0.150000
6010,0.184000,2.220000,9,0.140000,0.185000
6011,0.394000,1.366000,4,0.122000,0.195000
6012,0.398000,1.042000,3,0.124000,0.220000
6013,0.146000,2.192000,6,0.100000,0.125000
6014,0.012000,0.030000,1,0.014000,0.015000
6015,0.236000,2.206000,5,0.118000,0.170000
6016,0.150000,1.556000,4,0.098000,0.140000
6017,0.046000,1.594000,3,0.044000,0.060000
6018,0.148000,1.214000,3,0.072000,0.110000
6019,0.180000,2.714000,8,0.130000,0.175000
6020,0.248000,2.402000,3,0.082000,0.105000
6021,0.308000,2.232000,6,0.130000,0.170000
6022,0.142000,2.512000,3,0.056000,0.060000
6023,0.260000,1.634000,6,0.158000,0.215000
6024,0.114000,0.536000,1,0.040000,0.070000
6025,0.136000,1.226000,4,0.086000,0.135000
6026,0.100000,1.124000,3,0.064000,0.090000
6027,0.254000,2.676000,6,0.114000,0.155000
6028,0.154000,1.900000,5,0.084000,0.110000
6029,0.482000,1.982000,3,0.080000,0.135000
6030,0.014000,1.890000,3,0.034000,0.025000
6031,0.000000,0.000000,0,0.000000,0.000000
6032,0.068000,1.486000,4,0.066000,0.085000
6033,0.032000,1.660000,2,0.028000,0.030000
6034,0.032000,1.750000,2,0.028000,0.030000
6035,0.280000,2.018000,5,0.116000,0.190000
6036,0.018000,0.950000,2,0.018000,0.025000
6037,0.164000,2.152000,3,0.072000,0.115000
6038,0.380000,0.756000,2,0.098000,0.205000
6039,0.278000,1.352000,3,0.102000,0.165000
6040,0.004000,1.680000,2,0.020000,0.010000
6041,0.218000,2.194000,4,0.094000,0.120000
6042,0.018000,0.922000,1,0.020000,0.025000
6043,0.000000,0.000000,0,0.000000,0.000000
6044,0.618000,1.564000,6,0.148000,0.250000
6045,0.128000,0.990000,2,0.046000,0.075000
6046,1.058000,1.186000,6,0.252000,0.450000
6047,0.030000,0.340000,1,0.018000,0.025000
6048,0.376000,2.244000,3,0.094000,0.185000
6049,0.108000,2.532000,4,0.072000,0.095000
6050,0.462000,1.334000,4,0.118000,0.185000
6051,0.068000,1.550000,2,0.036000,0.050000
6052,0.144000,2.336000,3,0.074000,0.110000
6053,0.100000,0.514000,4,0.076000,0.090000
6054,0.114000,1.612000,3,0.056000,0.075000
6055,0.072000,0.470000,1,0.024000,0.040000
6056,0.210000,1.344000,3,0.076000,0.120000
6057,0.154000,2.496000,3,0.074000,0.110000
6058,0.080000,1.466000,3,0.060000,0.075000
6059,0.314000,2.366000,6,0.122000,0.195000
6060,0.418000,1.190000,4,0.102000,0.145000
6061,0.104000,1.258000,5,0.088000,0.120000
6062,0.302000,1.944000,4,0.100000,0.160000
6063,0.054000,0.840000,2,0.034000,0.060000
6064,0.146000,1.362000,4,0.078000,0.110000
6065,0.228000,1.754000,8,0.122000,0.215000
6066,0.030000,0.862000,2,0.034000,0.040000
6067,0.124000,3.142000,4,0.074000,0.100000
6068,0.100000,2.876000,5,0.088000,0.105000
6069,0.218000,0.900000,6,0.100000,0.155000
6070,0.146000,3.184000,6,0.092000,0.110000
6071,0.148000,1.542000,5,0.096000,0.125000
6072,0.086000,2.406000,3,0.066000,0.090000
6073,0.104000,1.730000,4,0.058000,0.085000
6074,0.102000,0.790000,2,0.040000,0.060000
6075,0.056000,0.952000,2,0.038000,0.050000
6076,0.116000,1.582000,2,0.048000,0.075000
6077,0.174000,1.324000,3,0.070000,0.125000
6078,0.198000,0.820000,4,0.102000,0.185000
6079,0.274000,1.042000,4,0.096000,0.155000
6080,0.208000,0.596000,1,0.062000,0.120000
6081,0.096000,2.210000,3,0.054000,0.075000
6082,0.230000,1.522000,3,0.084000,0.130000
6083,0.106000,1.710000,3,0.056000,0.080000
6084,0.136000,1.274000,4,0.080000,0.110000
6085,0.076000,2.326000,4,0.074000,0.090000
6086,0.064000,0.812000,2,0.040000,0.055000
6087,0.104000,3.172000,5,0.072000,0.125000
6088,0.114000,1.790000,3,0.054000,0.075000
6089,0.156000,0.510000,1,0.032000,0.060000
6090,0.082000,1.906000,4,0.072000,0.085000
6091,0.032000,1.890000,2,0.028000,0.030000
6092,0.022000,0.862000,1,0.020000,0.025000
6093,0.932000,0.662000,1,0.072000,0.155000
6094,0.014000,0.122000,1,0.018000,0.020000
6095,0.206000,1.914000,3,0.082000,0.135000
6096,0.116000,1.788000,3,0.056000,0.100000
6097,0.512000,1.340000,2,0.078000,0.155000
6098,0.176000,1.752000,5,0.102000,0.140000
6099,0.224000,1.350000,5,0.120000,0.175000
6100,0.100000,1.724000,3,0.050000,0.075000
6101,0.042000,0.750000,1,0.020000,0.030000
6102,0.084000,0.812000,1,0.032000,0.055000
6103,0.984000,1.560000,3,0.130000,0.265000
6104,0.208000,1.926000,3,0.084000,0.135000
6105,0.284000,1.360000,3,0.078000,0.140000
6106,0.210000,1.276000,2,0.074000,0.130000
6107,0.000000,0.000000,0,0.000000,0.000000
6108,0.084000,1.520000,3,0.052000,0.070000
6109,0.036000,0.742000,1,0.024000,0.035000
6110,0.272000,0.982000,5,0.106000,0.160000
6111,0.258000,2.772000,5,0.114000,0.180000
6112,0.212000,1.540000,2,0.052000,0.090000
6113,0.088000,1.356000,3,0.056000,0.070000
6114,0.008000,0.912000,1,0.016000,0.015000
6115,0.014000,0.842000,2,0.028000,0.025000
6116,0.148000,2.394000,4,0.088000,0.105000
6117,0.428000,2.670000,5,0.116000,0.180000
6118,0.186000,2.566000,7,0.128000,0.165000
6119,0.780000,2.568000,4,0.132000,0.235000
6120,0.224000,1.260000,2,0.054000,0.095000
6121,0.132000,1.550000,2,0.046000,0.075000
6122,0.058000,1.840000,2,0.032000,0.040000
6123,0.220000,2.264000,6,0.110000,0.135000
6124,0.030000,0.210000,1,0.018000,0.025000
6125,0.766000,1.578000,3,0.142000,0.275000
6126,0.110000,1.700000,2,0.060000,0.090000
6127,0.744000,2.518000,6,0.156000,0.295000
6128,0.030000,0.930000,1,0.018000,0.025000
6129,0.224000,1.034000,2,0.072000,0.130000
6130,0.162000,1.680000,2,0.066000,0.105000
6131,0.128000,2.948000,5,0.094000,0.120000
6132,0.250000,1.914000,6,0.096000,0.145000
6133,0.642000,1.860000,4,0.134000,0.230000
6134,0.196000,1.504000,6,0.102000,0.140000
6135,0.174000,1.648000,2,0.078000,0.135000
6136,0.014000,0.732000,1,0.018000,0.020000
6137,0.028000,0.864000,2,0.036000,0.040000
6138,0.278000,2.204000,4,0.098000,0.155000
6139,0.000000,0.000000,0,0.000000,0.000000
6140,0.162000,2.184000,4,0.088000,0.150000
6141,0.106000,2.032000,6,0.088000,0.125000
6142,0.092000,1.360000,2,0.040000,0.060000
6143,0.030000,0.840000,1,0.018000,0.025000
6144,0.042000,0.900000,2,0.032000,0.040000
6145,0.434000,2.210000,4,0.102000,0.150000
6146,0.000000,0.000000,0,0.000000,0.000000
6147,0.136000,2.710000,5,0.102000,0.135000
6148,0.016000,1.814000,2,0.032000,0.030000
6149,0.002000,0.780000,1,0.010000,0.005000
6150,0.066000,1.812000,3,0.050000,0.060000
6151,0.090000,1.834000,4,0.072000,0.090000
6152,0.070000,2.246000,5,0.070000,0.080000
6153,0.056000,0.640000,1,0.022000,0.035000
6154,0.002000,0.970000,1,0.010000,0.005000
6155,0.114000,1.554000,3,0.066000,0.095000
6156,0.200000,1.652000,5,0.094000,0.150000
6157,0.068000,1.652000,4,0.064000,0.105000
6158,0.012000,0.950000,1,0.014000,0.015000
6159,0.026000,1.660000,2,0.028000,0.030000
6160,0.030000,0.930000,1,0.018000,0.025000
6161,0.222000,1.390000,2,0.050000,0.085000
6162,0.114000,0.632000,2,0.050000,0.080000
6163,0.302000,1.674000,4,0.108000,0.180000
6164,0.060000,1.432000,2,0.040000,0.055000
6165,0.148000,2.434000,3,0.070000,0.100000
6166,0.072000,0.810000,1,0.024000,0.040000
6167,0.042000,0.800000,1,0.020000,0.030000
6168,0.044000,0.862000,1,0.024000,0.035000
6169,0.012000,0.820000,1,0.014000,0.015000
6170,0.016000,2.680000,3,0.034000,0.025000
6171,0.152000,2.224000,3,0.070000,0.130000
6172,0.074000,1.752000,2,0.042000,0.060000
6173,0.132000,1.570000,3,0.060000,0.110000
6174,0.064000,1.222000,2,0.038000,0.050000
6175,0.148000,1.074000,3,0.072000,0.110000
6176,0.386000,1.090000,5,0.116000,0.260000
6177,0.122000,1.740000,2,0.058000,0.085000
6178,0.250000,0.654000,4,0.088000,0.185000
6179,0.122000,1.522000,2,0.052000,0.085000
6180,0.024000,1.252000,2,0.032000,0.035000
6181,0.030000,0.920000,1,0.018000,0.025000
6182,0.158000,1.364000,2,0.062000,0.105000
6183,0.116000,0.792000,2,0.066000,0.100000
6184,0.012000,0.950000,1,0.014000,0.015000
6185,0.266000,2.722000,6,0.152000,0.210000
6186,0.030000,0.810000,1,0.018000,0.025000
6187,0.072000,0.870000,1,0.024000,0.065000
6188,0.190000,2.252000,4,0.078000,0.110000
6189,0.020000,0.764000,1,0.024000,0.030000
6190,0.000000,0.000000,0,0.000000,0.000000
6191,0.006000,0.960000,1,0.012000,0.010000
6192,0.022000,1.464000,2,0.034000,0.035000
6193,0.000000,0.000000,0,0.000000,0.000000
6194,0.212000,1.490000,2,0.086000,0.150000
6195,0.000000,0.000000,0,0.000000,0.000000
6196,0.000000,0.000000,0,0.000000,0.000000
6197,0.100000,1.438000,2,0.058000,0.090000
6198,0.072000,0.880000,1,0.024000,0.040000
6199,0.146000,2.500000,3,0.054000,0.075000
6200,0.042000,0.840000,2,0.032000,0.025000
6201,0.138000,1.554000,4,0.080000,0.110000
6202,0.142000,1.184000,4,0.072000,0.110000
6203,0.038000,1.714000,2,0.040000,0.050000
6204,0.030000,1.842000,2,0.034000,0.040000
6205,0.242000,1.642000,2,0.060000,0.105000
6206,0.194000,2.422000,3,0.074000,0.120000
6207,0.380000,0.568000,3,0.100000,0.205000
6208,0.418000,2.438000,5,0.150000,0.200000
6209,0.072000,0.830000,1,0.024000,0.040000
6210,0.132000,1.302000,2,0.054000,0.090000
6211,0.136000,1.702000,3,0.064000,0.095000
6212,0.064000,0.826000,3,0.046000,0.065000
6213,0.248000,2.212000,4,0.096000,0.155000
6214,0.056000,0.230000,1,0.022000,0.035000
6215,0.224000,1.856000,4,0.094000,0.135000
6216,0.014000,1.350000,2,0.024000,0.020000
6217,0.078000,1.530000,2,0.054000,0.075000
6218,0.080000,1.716000,2,0.046000,0.065000
6219,0.218000,2.096000,3,0.088000,0.145000
6220,0.060000,2.392000,5,0.084000,0.080000
6221,0.246000,0.940000,2,0.058000,0.105000
6222,0.046000,0.984000,2,0.042000,0.055000
6223,0.156000,0.660000,1,0.032000,0.060000
6224,0.250000,2.624000,4,0.100000,0.185000
6225,0.306000,1.662000,3,0.080000,0.135000
6226,0.000000,0.000000,0,0.000000,0.000000
6227,0.340000,1.204000,5,0.124000,0.200000
6228,0.032000,0.800000,2,0.028000,0.030000
6229,0.018000,1.630000,2,0.026000,0.025000
6230,0.090000,0.828000,2,0.042000,0.070000
6231,0.084000,0.830000,2,0.040000,0.060000
6232,0.000000,0.000000,0,0.000000,0.000000
6233,0.090000,0.320000,1,0.026000,0.045000
6234,0.074000,1.784000,3,0.054000,0.065000
6235,0.444000,1.282000,3,0.084000,0.155000
6236,0.018000,1.590000,3,0.036000,0.030000
6237,0.396000,1.182000,4,0.092000,0.170000
6238,0.144000,1.656000,4,0.086000,0.120000
6239,0.234000,2.350000,3,0.074000,0.125000
6240,0.020000,1.892000,2,0.030000,0.030000
6241,0.192000,2.254000,3,0.082000,0.135000
6242,0.110000,0.502000,1,0.036000,0.065000
6243,0.374000,1.938000,4,0.130000,0.225000
6244,0.042000,0.870000,1,0.020000,0.030000
6245,0.196000,2.002000,5,0.090000,0.145000
6246,0.476000,2.180000,5,0.126000,0.210000
6247,0.242000,1.674000,4,0.100000,0.135000
6248,0.298000,2.274000,6,0.124000,0.175000
6249,0.542000,1.770000,3,0.082000,0.145000
6250,0.170000,2.104000,3,0.102000,0.155000
6251,0.040000,2.050000,4,0.052000,0.050000
6252,0.216000,1.444000,4,0.094000,0.145000
6253,0.076000,1.722000,3,0.052000,0.065000
6254,0.458000,2.646000,4,0.130000,0.185000
6255,0.074000,0.072000,1,0.028000,0.045000
6256,0.032000,1.440000,2,0.030000,0.035000
6257,0.028000,0.872000,2,0.032000,0.035000
6258,0.020000,0.840000,1,0.016000,0.020000
6259,0.072000,0.820000,1,0.024000,0.040000
6260,0.056000,1.712000,3,0.050000,0.060000
6261,0.074000,2.502000,3,0.054000,0.070000
6262,0.086000,1.514000,3,0.062000,0.085000
6263,0.128000,3.366000,4,0.074000,0.095000
6264,0.212000,0.734000,4,0.088000,0.150000
6265,0.060000,1.770000,2,0.036000,0.050000
6266,0.050000,1.756000,3,0.050000,0.055000
6267,0.464000,0.378000,2,0.080000,0.160000
6268,0.088000,1.898000,4,0.074000,0.090000
6269,0.328000,2.820000,8,0.170000,0.195000
6270,0.052000,0.962000,2,0.038000,0.050000
6271,0.044000,1.692000,3,0.048000,0.040000
6272,0.022000,0.414000,2,0.034000,0.035000
6273,0.030000,0.900000,1,0.018000,0.025000
6274,0.176000,0.798000,3,0.084000,0.130000
6275,0.182000,1.302000,3,0.066000,0.100000
6276,0.112000,1.594000,3,0.062000,0.050000
6277,0.012000,0.002000,1,0.010000,0.030000
6278,0.164000,1.450000,3,0.060000,0.090000
6279,0.020000,0.930000,1,0.016000,0.020000
6280,0.060000,1.480000,2,0.036000,0.050000
6281,0.040000,0.362000,1,0.026000,0.040000
6282,0.050000,1.290000,2,0.034000,0.045000
6283,0.464000,1.564000,3,0.088000,0.155000
6284,0.118000,0.728000,1,0.048000,0.085000
6285,0.084000,1.712000,4,0.068000,0.085000
6286,0.270000,1.178000,3,0.116000,0.200000
6287,0.104000,2.462000,4,0.070000,0.090000
6288,0.076000,1.872000,3,0.054000,0.070000
6289,0.054000,0.924000,2,0.044000,0.060000
6290,0.002000,0.350000,1,0.010000,0.005000
6291,0.056000,0.870000,1,0.022000,0.035000
6292,0.000000,0.000000,0,0.000000,0.000000
6293,0.366000,0.636000,1,0.064000,0.125000
6294,0.240000,0.006000,1,0.034000,0.075000
6295,0.074000,1.472000,2,0.042000,0.060000
6296,0.076000,1.694000,3,0.060000,0.080000
6297,0.134000,0.782000,3,0.058000,0.100000
6298,0.050000,1.270000,2,0.034000,0.045000
6299,0.154000,0.960000,3,0.058000,0.085000
6300,0.394000,2.796000,5,0.132000,0.195000
6301,0.054000,1.142000,2,0.038000,0.050000
6302,0.900000,1.610000,2,0.084000,0.170000
6303,0.042000,0.630000,1,0.020000,0.030000
6304,0.102000,1.226000,2,0.050000,0.095000
6305,0.122000,1.466000,3,0.062000,0.085000
6306,0.056000,1.100000,4,0.058000,0.065000
6307,0.044000,1.802000,3,0.046000,0.045000
6308,0.406000,1.246000,2,0.086000,0.090000
6309,0.110000,1.884000,5,0.092000,0.120000
6310,0.070000,1.812000,2,0.044000,0.065000
6311,0.042000,0.880000,2,0.032000,0.040000
6312,0.246000,2.776000,5,0.114000,0.160000
6313,0.052000,1.682000,4,0.050000,0.060000
6314,0.170000,3.100000,6,0.128000,0.145000
6315,0.116000,0.864000,2,0.048000,0.105000
6316,0.074000,1.380000,4,0.060000,0.070000
6317,0.310000,2.272000,4,0.100000,0.155000
6318,0.006000,0.940000,1,0.012000,0.010000
6319,0.370000,1.456000,3,0.100000,0.175000
6320,0.036000,1.720000,2,0.030000,0.035000
6321,0.048000,1.562000,2,0.038000,0.050000
6322,0.070000,1.702000,3,0.052000,0.065000
6323,0.002000,0.970000,1,0.010000,0.005000
6324,0.088000,1.494000,2,0.052000,0.080000
6325,0.076000,1.984000,3,0.058000,0.075000
6326,0.124000,1.932000,5,0.086000,0.135000
6327,0.436000,1.714000,4,0.126000,0.210000
6328,0.030000,0.730000,1,0.018000,0.025000
6329,0.168000,2.286000,5,0.102000,0.140000
6330,0.108000,2.390000,4,0.068000,0.090000
6331,0.014000,1.190000,2,0.024000,0.020000
6332,0.178000,2.056000,3,0.082000,0.145000
6333,0.510000,2.556000,6,0.146000,0.265000
6334,0.284000,1.726000,4,0.104000,0.170000
6335,0.094000,2.442000,3,0.058000,0.080000
6336,0.328000,2.828000,4,0.128000,0.170000
6337,0.012000,0.890000,1,0.014000,0.015000
6338,0.032000,0.890000,2,0.030000,0.035000
6339,0.124000,1.620000,3,0.058000,0.085000
6340,0.028000,0.894000,1,0.026000,0.035000
6341,0.212000,0.912000,3,0.076000,0.125000
6342,0.144000,1.602000,4,0.078000,0.110000
6343,0.416000,1.212000,4,0.144000,0.290000
6344,0.104000,0.810000,3,0.050000,0.065000
6345,0.158000,2.036000,3,0.076000,0.115000
6346,0.026000,1.776000,3,0.048000,0.045000
6347,0.408000,2.226000,6,0.134000,0.245000
6348,0.038000,1.380000,3,0.040000,0.055000
6349,0.304000,1.636000,3,0.118000,0.190000
6350,0.174000,1.816000,3,0.080000,0.125000
6351,0.056000,1.552000,2,0.038000,0.050000
6352,0.042000,0.742000,2,0.026000,0.040000
6353,0.212000,1.452000,2,0.062000,0.110000
6354,0.242000,1.136000,4,0.098000,0.170000
6355,0.092000,3.208000,6,0.100000,0.110000
6356,0.132000,0.800000,1,0.030000,0.055000
6357,0.088000,1.992000,4,0.088000,0.110000
6358,0.158000,2.278000,5,0.112000,0.155000
6359,0.050000,0.742000,1,0.028000,0.045000
6360,0.230000,2.232000,3,0.072000,0.065000
6361,0.244000,0.908000,2,0.066000,0.145000
6362,0.156000,0.790000,1,0.032000,0.060000
6363,0.354000,1.110000,2,0.058000,0.105000
6364,0.264000,1.630000,3,0.076000,0.130000
6365,0.076000,1.170000,2,0.038000,0.055000
6366,0.336000,1.110000,4,0.110000,0.225000
6367,0.020000,0.190000,1,0.016000,0.020000
6368,0.210000,1.612000,3,0.076000,0.090000
6369,0.150000,1.622000,3,0.068000,0.105000
6370,0.276000,2.896000,4,0.106000,0.170000
6371,0.098000,1.140000,2,0.042000,0.065000
6372,0.248000,2.404000,4,0.100000,0.160000
6373,0.398000,1.912000,4,0.110000,0.190000
6374,0.110000,1.750000,3,0.056000,0.080000
6375,0.202000,0.802000,1,0.044000,0.115000
6376,0.188000,1.260000,3,0.068000,0.110000
6377,0.186000,2.190000,4,0.082000,0.135000
6378,0.024000,1.742000,2,0.030000,0.030000
6379,0.064000,0.924000,3,0.056000,0.110000
6380,0.442000,2.576000,7,0.158000,0.240000
6381,0.184000,1.278000,5,0.092000,0.135000
6382,0.054000,1.050000,2,0.034000,0.045000
6383,0.060000,1.350000,2,0.036000,0.050000
6384,0.030000,0.870000,1,0.018000,0.025000
6385,0.194000,1.932000,5,0.102000,0.155000
6386,0.254000,0.630000,2,0.058000,0.105000
6387,0.134000,0.920000,4,0.064000,0.100000
6388,0.030000,0.550000,1,0.018000,0.025000
6389,0.258000,0.692000,2,0.058000,0.135000
6390,0.138000,1.572000,3,0.060000,0.085000
6391,0.208000,1.780000,4,0.078000,0.115000
6392,0.110000,0.940000,2,0.042000,0.065000
6393,0.350000,2.802000,6,0.166000,0.265000
6394,0.214000,1.386000,2,0.074000,0.150000
6395,0.234000,3.000000,4,0.116000,0.170000
6396,0.030000,0.880000,1,0.018000,0.025000
6397,0.248000,0.620000,5,0.098000,0.170000
6398,0.120000,2.062000,4,0.072000,0.095000
6399,0.044000,0.620000,3,0.042000,0.045000
6400,0.066000,1.472000,2,0.042000,0.060000
6401,0.096000,1.012000,2,0.046000,0.070000
6402,0.042000,0.660000,1,0.020000,0.030000
6403,0.170000,1.022000,3,0.060000,0.130000
6404,0.102000,1.732000,4,0.068000,0.090000
6405,0.190000,1.654000,4,0.088000,0.130000
6406,0.030000,2.180000,3,0.040000,0.040000
6407,0.018000,0.312000,1,0.020000,0.025000
6408,0.042000,0.740000,1,0.020000,0.030000
6409,0.130000,1.672000,4,0.076000,0.105000
6410,0.286000,1.744000,4,0.118000,0.190000
6411,0.106000,2.756000,5,0.090000,0.110000
6412,0.218000,2.770000,6,0.132000,0.185000
6413,0.134000,1.122000,2,0.050000,0.080000
6414,0.042000,0.710000,1,0.020000,0.030000
6415,0.014000,0.970000,2,0.016000,0.020000
6416,0.300000,1.490000,4,0.088000,0.140000
6417,0.126000,2.386000,4,0.082000,0.095000
6418,0.020000,0.730000,1,0.016000,0.020000
6419,0.364000,0.814000,4,0.106000,0.195000
6420,0.206000,0.564000,1,0.054000,0.105000
6421,0.026000,1.570000,2,0.028000,0.030000
6422,0.178000,2.254000,7,0.116000,0.155000
6423,0.276000,1.842000,3,0.078000,0.130000
6424,0.092000,1.982000,4,0.070000,0.080000
6425,0.106000,1.472000,3,0.048000,0.075000
6426,0.098000,1.690000,3,0.052000,0.070000
6427,0.348000,1.684000,5,0.124000,0.160000
6428,0.312000,1.912000,5,0.106000,0.180000
6429,0.072000,0.820000,1,0.024000,0.040000
6430,0.036000,0.706000,1,0.032000,0.045000
6431,0.022000,0.862000,1,0.020000,0.025000
6432,0.000000,0.000000,0,0.000000,0.000000
6433,0.112000,2.428000,3,0.068000,0.110000
6434,0.040000,1.682000,3,0.044000,0.045000
6435,0.058000,0.812000,1,0.026000,0.040000
6436,0.220000,3.470000,6,0.114000,0.165000
6437,0.036000,1.710000,2,0.030000,0.035000
6438,0.030000,0.880000,1,0.018000,0.025000
6439,0.042000,1.454000,2,0.042000,0.055000
6440,0.002000,0.970000,1,0.010000,0.005000
6441,0.212000,1.330000,4,0.096000,0.140000
6442,0.076000,0.250000,2,0.030000,0.055000
6443,0.102000,1.200000,2,0.040000,0.060000
6444,0.116000,0.852000,2,0.048000,0.075000
6445,0.030000,0.450000,1,0.018000,0.025000
6446,0.042000,0.870000,1,0.020000,0.030000
6447,0.134000,2.182000,4,0.076000,0.105000
6448,0.008000,1.880000,2,0.022000,0.015000
6449,0.086000,1.714000,3,0.060000,0.080000
6450,0.128000,0.740000,4,0.068000,0.125000
6451,0.108000,1.792000,2,0.046000,0.070000
6452,0.350000,1.642000,3,0.078000,0.130000
6453,0.238000,1.306000,4,0.102000,0.185000
6454,0.248000,0.690000,3,0.052000,0.125000
6455,0.252000,1.398000,2,0.090000,0.145000
6456,0.042000,0.910000,1,0.020000,0.030000
6457,0.080000,0.756000,3,0.056000,0.100000
6458,0.114000,1.080000,2,0.044000,0.070000
6459,0.084000,0.862000,1,0.032000,0.055000
6460,0.338000,1.258000,3,0.102000,0.180000
6461,0.100000,2.592000,5,0.076000,0.085000
6462,0.000000,0.000000,0,0.000000,0.000000
6463,0.080000,2.460000,3,0.052000,0.070000
6464,0.000000,0.000000,0,0.000000,0.000000
6465,0.012000,0.932000,1,0.018000,0.020000
6466,0.026000,0.960000,2,0.028000,0.030000
6467,0.036000,1.680000,2,0.030000,0.035000
6468,0.120000,1.740000,2,0.044000,0.070000
6469,0.086000,1.740000,3,0.048000,0.060000
6470,0.188000,0.792000,1,0.046000,0.090000
6471,0.072000,0.000000,1,0.016000,0.040000
6472,0.090000,0.834000,1,0.038000,0.065000
6473,0.060000,1.542000,2,0.040000,0.055000
6474,0.106000,2.032000,4,0.074000,0.085000
6475,0.164000,1.604000,3,0.094000,0.145000
6476,0.052000,1.652000,2,0.038000,0.050000
6477,0.436000,1.714000,3,0.094000,0.165000
6478,0.000000,0.000000,0,0.000000,0.000000
6479,0.134000,0.716000,1,0.052000,0.095000
6480,0.282000,1.158000,4,0.106000,0.155000
6481,0.308000,2.194000,4,0.104000,0.120000
6482,0.100000,2.622000,3,0.056000,0.070000
6483,0.032000,0.792000,1,0.022000,0.030000
6484,0.030000,0.930000,1,0.018000,0.025000
6485,0.204000,0.934000,2,0.062000,0.105000
6486,0.128000,2.120000,4,0.080000,0.100000
6487,0.076000,1.604000,2,0.046000,0.065000
6488,0.204000,2.224000,3,0.068000,0.100000
6489,0.006000,0.960000,1,0.012000,0.030000
6490,0.274000,2.658000,7,0.156000,0.210000
6491,0.132000,0.870000,1,0.030000,0.055000
6492,0.330000,3.144000,5,0.122000,0.170000
6493,0.032000,0.940000,2,0.030000,0.035000
6494,0.254000,2.788000,6,0.136000,0.235000
6495,0.120000,2.692000,5,0.088000,0.115000
6496,0.030000,0.910000,1,0.018000,0.025000
6497,0.134000,3.944000,7,0.112000,0.130000
6498,0.230000,0.930000,2,0.052000,0.090000
6499,0.196000,2.198000,3,0.092000,0.115000
6500,0.044000,1.770000,2,0.030000,0.035000
6501,0.206000,1.292000,2,0.060000,0.105000
6502,0.020000,0.940000,1,0.016000,0.020000
6503,0.022000,0.862000,1,0.020000,0.025000
6504,0.230000,2.202000,3,0.074000,0.120000
6505,0.234000,0.622000,2,0.062000,0.110000
6506,0.250000,3.354000,6,0.106000,0.155000
6507,0.078000,2.422000,3,0.056000,0.075000
6508,0.076000,1.636000,3,0.056000,0.070000
6509,0.040000,0.660000,2,0.032000,0.050000
6510,0.068000,2.302000,3,0.052000,0.065000
6511,0.100000,1.902000,3,0.058000,0.080000
6512,0.228000,1.260000,2,0.056000,0.100000
6513,0.028000,1.692000,2,0.032000,0.035000
6514,0.688000,1.794000,4,0.150000,0.270000
6515,0.044000,0.802000,2,0.036000,0.045000
6516,0.040000,0.882000,1,0.030000,0.040000
6517,0.174000,2.790000,4,0.078000,0.115000
6518,0.070000,1.752000,3,0.050000,0.060000
6519,0.020000,0.940000,1,0.016000,0.020000
6520,0.078000,1.260000,2,0.036000,0.050000
6521,0.614000,2.678000,5,0.164000,0.220000
6522,0.042000,0.920000,1,0.020000,0.030000
6523,0.046000,1.100000,3,0.044000,0.050000
6524,0.148000,1.432000,4,0.082000,0.135000
6525,0.146000,1.720000,2,0.048000,0.080000
6526,0.054000,0.732000,2,0.038000,0.050000
6527,0.092000,0.870000,3,0.054000,0.075000
6528,0.324000,1.864000,3,0.120000,0.205000
6529,0.058000,1.390000,5,0.068000,0.080000
6530,0.150000,2.302000,4,0.080000,0.115000
6531,0.132000,3.860000,6,0.116000,0.140000
6532,0.024000,1.840000,2,0.028000,0.030000
6533,0.072000,0.900000,1,0.024000,0.040000
6534,0.042000,0.920000,1,0.020000,0.045000
6535,0.092000,0.862000,1,0.030000,0.050000
6536,0.264000,2.640000,6,0.140000,0.205000
6537,0.334000,1.906000,6,0.120000,0.185000
6538,0.124000,2.454000,3,0.064000,0.090000
6539,0.032000,1.630000,2,0.030000,0.035000
6540,0.106000,1.650000,3,0.056000,0.080000
6541,0.194000,0.966000,3,0.074000,0.115000
6542,0.030000,1.250000,3,0.032000,0.040000
6543,0.060000,0.550000,2,0.036000,0.050000
6544,0.136000,1.322000,4,0.078000,0.135000
6545,0.020000,0.420000,1,0.016000,0.020000
6546,0.024000,1.650000,2,0.028000,0.030000
6547,0.056000,0.170000,1,0.022000,0.035000
6548,0.074000,1.810000,3,0.050000,0.065000
6549,0.020000,0.920000,1,0.016000,0.020000
6550,0.208000,0.852000,3,0.076000,0.145000
6551,0.192000,2.234000,4,0.090000,0.135000
6552,0.216000,1.644000,4,0.086000,0.125000
6553,0.096000,2.322000,3,0.056000,0.075000
6554,0.094000,1.620000,4,0.064000,0.120000
6555,0.018000,0.052000,1,0.020000,0.025000
6556,0.042000,0.730000,1,0.020000,0.030000
6557,0.144000,2.152000,5,0.090000,0.120000
6558,0.094000,1.642000,5,0.080000,0.115000
6559,0.172000,2.356000,5,0.090000,0.135000
6560,0.092000,1.818000,3,0.058000,0.090000
6561,0.006000,0.390000,1,0.012000,0.010000
6562,0.034000,1.682000,2,0.034000,0.040000
6563,0.046000,0.872000,2,0.034000,0.040000
6564,0.116000,1.440000,3,0.058000,0.085000
6565,0.020000,0.920000,1,0.016000,0.020000
6566,0.340000,2.114000,3,0.096000,0.170000
6567,0.270000,1.452000,3,0.080000,0.135000
6568,0.208000,2.400000,3,0.070000,0.115000
6569,0.152000,1.692000,3,0.068000,0.105000
6570,0.020000,0.260000,1,0.016000,0.020000
6571,0.226000,2.084000,6,0.138000,0.235000
6572,0.292000,0.700000,2,0.056000,0.120000
6573,0.342000,2.026000,4,0.116000,0.195000
6574,0.116000,0.782000,3,0.054000,0.100000
6575,0.020000,0.892000,2,0.030000,0.030000
6576,0.068000,1.660000,3,0.048000,0.060000
6577,0.062000,1.610000,2,0.036000,0.050000
6578,0.124000,2.422000,5,0.074000,0.100000
6579,0.006000,0.908000,1,0.020000,0.015000
6580,0.094000,2.554000,3,0.062000,0.085000
6581,0.112000,1.040000,4,0.060000,0.090000
6582,0.072000,0.900000,1,0.024000,0.040000
6583,0.092000,1.744000,2,0.048000,0.070000
6584,0.156000,1.674000,2,0.054000,0.075000
6585,0.086000,1.420000,2,0.040000,0.070000
6586,1.048000,1.300000,3,0.124000,0.250000
6587,0.290000,2.252000,3,0.086000,0.150000
6588,0.114000,2.382000,4,0.070000,0.090000
6589,0.024000,0.912000,1,0.022000,0.045000
6590,0.072000,2.460000,4,0.060000,0.060000
6591,0.222000,0.942000,2,0.046000,0.090000
6592,0.024000,0.830000,2,0.020000,0.030000
6593,0.026000,0.840000,2,0.028000,0.030000
6594,0.062000,0.900000,2,0.028000,0.065000
6595,0.064000,1.462000,3,0.054000,0.085000
6596,0.136000,1.014000,2,0.054000,0.085000
6597,0.060000,2.550000,3,0.042000,0.040000
6598,0.186000,0.802000,1,0.044000,0.085000
6599,0.000000,0.000000,0,0.000000,0.000000
6600,0.422000,1.938000,3,0.108000,0.170000
6601,0.232000,1.530000,3,0.070000,0.115000
6602,0.332000,2.354000,5,0.124000,0.185000
6603,0.032000,0.900000,2,0.028000,0.055000
6604,0.246000,3.570000,9,0.162000,0.185000
6605,0.192000,1.012000,3,0.060000,0.085000
6606,0.170000,1.672000,2,0.058000,0.100000
6607,0.000000,0.000000,0,0.000000,0.000000
6608,0.338000,2.146000,5,0.130000,0.210000
6609,0.088000,1.490000,3,0.072000,0.095000
6610,0.062000,1.162000,3,0.046000,0.050000
6611,0.102000,1.606000,5,0.082000,0.110000
6612,0.018000,1.562000,2,0.030000,0.030000
6613,0.308000,1.232000,3,0.100000,0.195000
6614,0.070000,1.552000,3,0.050000,0.095000
6615,0.056000,0.650000,1,0.022000,0.035000
6616,0.062000,1.574000,2,0.046000,0.065000
6617,0.042000,1.880000,3,0.042000,0.045000
6618,0.148000,0.984000,3,0.072000,0.115000
6619,0.086000,0.770000,3,0.062000,0.075000
6620,0.092000,1.520000,2,0.040000,0.060000
6621,0.402000,3.400000,5,0.138000,0.160000
6622,0.042000,0.856000,2,0.038000,0.045000
6623,0.240000,2.430000,4,0.106000,0.165000
6624,0.236000,1.496000,2,0.066000,0.110000
6625,0.236000,1.106000,5,0.112000,0.165000
6626,0.248000,2.838000,4,0.124000,0.180000
6627,0.106000,2.124000,3,0.064000,0.090000
6628,0.030000,0.910000,1,0.018000,0.025000
6629,0.030000,0.920000,1,0.018000,0.025000
6630,0.036000,1.200000,2,0.030000,0.035000
6631,0.170000,3.110000,4,0.078000,0.115000
6632,0.116000,1.830000,2,0.040000,0.060000
6633,0.180000,0.752000,2,0.054000,0.090000
6634,0.148000,0.830000,3,0.062000,0.095000
6635,0.120000,2.422000,5,0.086000,0.110000
6636,0.034000,1.422000,2,0.032000,0.035000
6637,0.110000,0.830000,1,0.028000,0.050000
6638,0.030000,0.930000,1,0.018000,0.025000
6639,0.064000,0.822000,2,0.040000,0.070000
6640,0.098000,1.530000,2,0.042000,0.065000
6641,0.178000,0.770000,2,0.058000,0.085000
6642,0.012000,0.950000,1,0.014000,0.015000
6643,0.000000,0.000000,0,0.000000,0.000000
6644,0.062000,1.538000,3,0.060000,0.070000
6645,0.066000,1.942000,3,0.052000,0.065000
6646,0.160000,0.836000,5,0.096000,0.115000
6647,0.044000,1.812000,3,0.048000,0.055000
6648,0.132000,0.810000,1,0.030000,0.055000
6649,0.042000,0.580000,1,0.020000,0.030000
6650,0.310000,2.416000,5,0.138000,0.220000
6651,0.062000,1.184000,4,0.058000,0.085000
6652,0.212000,2.124000,5,0.110000,0.140000
6653,0.030000,1.772000,3,0.042000,0.040000
6654,0.142000,2.286000,5,0.118000,0.155000
6655,0.162000,2.358000,3,0.076000,0.095000
6656,0.044000,2.232000,3,0.046000,0.050000
6657,0.026000,0.852000,3,0.042000,0.040000
6658,0.032000,0.832000,1,0.022000,0.030000
6659,0.422000,1.194000,2,0.092000,0.180000
6660,0.486000,1.422000,3,0.096000,0.265000
6661,0.194000,1.184000,2,0.072000,0.120000
6662,0.010000,1.522000,2,0.026000,0.020000
6663,0.142000,2.530000,3,0.056000,0.080000
6664,0.050000,1.810000,4,0.054000,0.055000
6665,0.026000,0.972000,2,0.032000,0.055000
6666,0.020000,0.630000,1,0.016000,0.020000
6667,0.000000,0.000000,0,0.000000,0.000000
6668,0.062000,1.018000,3,0.050000,0.065000
6669,0.196000,1.422000,2,0.070000,0.110000
6670,0.006000,0.960000,1,0.012000,0.010000
6671,0.182000,1.596000,3,0.084000,0.135000
6672,0.062000,1.680000,2,0.034000,0.045000
6673,0.002000,0.970000,1,0.010000,0.005000
6674,0.444000,0.734000,4,0.146000,0.255000
6675,0.152000,2.606000,4,0.088000,0.110000
6676,0.006000,0.960000,1,0.012000,0.010000
6677,0.154000,1.176000,2,0.066000,0.100000
6678,0.122000,1.504000,4,0.072000,0.110000
6679,0.092000,2.240000,3,0.052000,0.070000
6680,0.088000,1.410000,5,0.086000,0.110000
6681,0.000000,0.000000,0,0.000000,0.000000
6682,0.116000,2.396000,3,0.070000,0.100000
6683,0.088000,1.304000,2,0.046000,0.095000
6684,0.466000,1.272000,3,0.126000,0.230000
6685,0.048000,0.152000,1,0.026000,0.040000
6686,0.092000,3.162000,4,0.068000,0.085000
6687,0.110000,1.560000,3,0.056000,0.080000
6688,0.144000,1.810000,2,0.044000,0.070000
6689,0.068000,1.234000,2,0.046000,0.065000
6690,0.036000,0.790000,2,0.030000,0.035000
6691,0.074000,1.690000,3,0.050000,0.065000
6692,0.072000,1.456000,2,0.054000,0.080000
6693,0.076000,1.370000,2,0.038000,0.055000
6694,0.028000,0.872000,2,0.032000,0.050000
6695,0.530000,0.634000,2,0.068000,0.140000
6696,0.132000,2.404000,3,0.072000,0.110000
6697,0.008000,0.902000,1,0.016000,0.015000
6698,0.230000,0.734000,1,0.054000,0.105000
6699,0.002000,0.970000,1,0.010000,0.005000
6700,0.254000,2.040000,4,0.082000,0.145000
6701,0.006000,0.960000,1,0.012000,0.010000
6702,0.126000,2.250000,3,0.060000,0.090000
6703,0.380000,0.670000,1,0.046000,0.095000
6704,0.030000,1.498000,3,0.048000,0.045000
6705,0.064000,1.552000,2,0.038000,0.050000
6706,0.128000,0.630000,2,0.046000,0.075000
6707,0.076000,1.014000,2,0.046000,0.065000
6708,0.000000,0.000000,0,0.000000,0.000000
6709,0.104000,1.692000,3,0.060000,0.085000
6710,0.020000,0.890000,1,0.016000,0.020000
6711,0.254000,1.864000,4,0.096000,0.125000
6712,0.180000,1.698000,4,0.102000,0.155000
6713,0.140000,1.672000,2,0.054000,0.090000
6714,0.064000,0.842000,2,0.040000,0.055000
6715,0.046000,1.542000,2,0.034000,0.040000
6716,0.222000,3.902000,6,0.144000,0.200000
6717,0.328000,2.136000,5,0.120000,0.185000
6718,0.132000,0.730000,1,0.030000,0.055000
6719,0.110000,1.560000,3,0.056000,0.080000
6720,0.190000,1.350000,4,0.110000,0.200000
6721,0.056000,1.824000,2,0.042000,0.055000
6722,0.018000,1.890000,2,0.026000,0.025000
6723,0.034000,1.800000,3,0.038000,0.035000
6724,0.210000,0.570000,1,0.036000,0.070000
6725,0.158000,1.512000,4,0.076000,0.105000
6726,0.000000,0.000000,0,0.000000,0.000000
6727,0.180000,1.722000,4,0.084000,0.125000
6728,0.006000,0.960000,1,0.012000,0.010000
6729,0.176000,1.580000,2,0.048000,0.080000
6730,0.058000,1.634000,3,0.054000,0.065000
6731,0.006000,0.790000,1,0.012000,0.010000
6732,0.092000,1.650000,2,0.040000,0.060000
6733,0.162000,0.752000,2,0.048000,0.085000
6734,0.054000,0.592000,1,0.028000,0.045000
6735,0.254000,1.252000,2,0.066000,0.120000
6736,0.138000,1.942000,3,0.066000,0.100000
6737,0.042000,0.860000,1,0.020000,0.030000
6738,0.154000,2.818000,4,0.084000,0.115000
6739,0.200000,1.308000,4,0.104000,0.165000
6740,0.104000,2.210000,3,0.054000,0.075000
6741,0.118000,2.152000,3,0.064000,0.095000
6742,0.428000,2.918000,4,0.158000,0.275000
6743,0.152000,0.598000,2,0.072000,0.120000
6744,0.058000,1.664000,2,0.042000,0.055000
6745,0.200000,1.660000,3,0.066000,0.105000
6746,0.140000,0.110000,2,0.056000,0.100000
6747,0.352000,1.794000,4,0.100000,0.200000
6748,0.048000,1.522000,2,0.038000,0.050000
6749,0.098000,1.530000,3,0.054000,0.075000
6750,0.278000,2.966000,6,0.136000,0.205000
6751,0.054000,0.882000,1,0.028000,0.045000
6752,0.126000,1.762000,4,0.066000,0.100000
6753,0.098000,1.540000,2,0.042000,0.065000
6754,0.134000,2.970000,5,0.102000,0.125000
6755,0.224000,1.582000,3,0.078000,0.130000
6756,0.068000,2.502000,4,0.068000,0.065000
6757,0.560000,1.650000,3,0.094000,0.190000
6758,0.076000,1.604000,2,0.048000,0.070000
6759,0.060000,1.568000,2,0.048000,0.065000
6760,0.000000,0.000000,0,0.000000,0.000000
6761,0.014000,0.892000,1,0.018000,0.020000
6762,0.036000,1.708000,3,0.050000,0.050000
6763,0.126000,2.406000,5,0.090000,0.110000
6764,0.238000,3.076000,5,0.116000,0.160000
6765,0.082000,2.164000,3,0.058000,0.075000
6766,0.074000,1.382000,5,0.078000,0.090000
6767,0.042000,0.820000,1,0.020000,0.070000
6768,0.058000,1.530000,2,0.032000,0.040000
6769,0.072000,1.330000,2,0.038000,0.055000
6770,0.098000,2.982000,4,0.066000,0.080000
6771,0.048000,2.760000,3,0.044000,0.050000
6772,0.074000,1.810000,3,0.050000,0.065000
6773,0.060000,1.482000,2,0.036000,0.045000
6774,0.076000,1.810000,2,0.038000,0.055000
6775,0.478000,1.418000,3,0.114000,0.200000
6776,0.050000,1.590000,2,0.034000,0.045000
6777,0.076000,2.048000,3,0.070000,0.095000
6778,0.084000,1.570000,2,0.040000,0.055000
6779,0.208000,2.382000,3,0.076000,0.120000
6780,0.086000,1.030000,2,0.040000,0.075000
6781,0.228000,2.386000,6,0.114000,0.140000
6782,0.282000,1.538000,4,0.096000,0.160000
6783,0.332000,1.934000,3,0.100000,0.180000
6784,0.068000,0.942000,2,0.040000,0.055000
6785,0.244000,1.566000,3,0.078000,0.125000
6786,0.092000,1.660000,2,0.040000,0.050000
6787,0.242000,1.476000,5,0.116000,0.175000
6788,0.042000,0.676000,3,0.042000,0.050000
6789,0.074000,1.534000,3,0.060000,0.080000
6790,0.050000,1.722000,3,0.048000,0.055000
6791,0.102000,1.122000,3,0.054000,0.080000
6792,0.242000,2.626000,4,0.100000,0.125000
6793,0.078000,2.310000,3,0.050000,0.065000
6794,0.502000,1.460000,4,0.100000,0.170000
6795,0.044000,1.410000,2,0.030000,0.035000
6796,0.056000,0.910000,1,0.022000,0.035000
6797,0.096000,1.778000,3,0.066000,0.090000
6798,0.136000,0.742000,3,0.064000,0.095000
6799,0.080000,1.434000,3,0.050000,0.075000
6800,0.164000,2.092000,3,0.070000,0.110000
6801,0.068000,2.032000,4,0.054000,0.070000
6802,0.124000,1.364000,3,0.064000,0.115000
6803,0.062000,0.742000,1,0.028000,0.045000
6804,0.080000,0.798000,2,0.050000,0.100000
6805,0.038000,1.750000,2,0.050000,0.060000
6806,0.090000,0.850000,1,0.026000,0.045000
6807,0.208000,2.340000,4,0.084000,0.130000
6808,0.544000,1.568000,5,0.180000,0.295000
6809,0.182000,1.586000,3,0.078000,0.120000
6810,0.042000,1.710000,2,0.032000,0.040000
6811,0.084000,0.382000,1,0.034000,0.060000
6812,0.034000,1.582000,2,0.034000,0.025000
6813,0.264000,1.632000,2,0.070000,0.130000
6814,0.170000,2.362000,3,0.068000,0.095000
6815,0.068000,1.632000,3,0.052000,0.055000
6816,0.402000,1.492000,2,0.074000,0.095000
6817,0.036000,1.160000,4,0.064000,0.080000
6818,0.038000,1.582000,2,0.036000,0.045000
6819,0.126000,1.672000,2,0.074000,0.100000
6820,0.050000,1.564000,2,0.042000,0.045000
6821,0.086000,0.840000,2,0.040000,0.060000
6822,0.036000,1.710000,2,0.044000,0.050000
6823,0.098000,1.272000,3,0.058000,0.080000
6824,0.000000,0.000000,0,0.000000,0.000000
6825,0.144000,0.740000,2,0.044000,0.070000
6826,0.150000,2.338000,4,0.090000,0.130000
6827,0.122000,1.632000,3,0.066000,0.100000
6828,0.172000,1.266000,3,0.084000,0.210000
6829,0.094000,2.230000,4,0.064000,0.080000
6830,0.176000,1.902000,3,0.066000,0.100000
6831,0.248000,1.654000,3,0.080000,0.130000
6832,0.200000,1.742000,2,0.060000,0.095000
6833,0.020000,0.940000,1,0.016000,0.020000
6834,0.008000,0.942000,1,0.016000,0.015000
6835,0.094000,1.522000,2,0.044000,0.065000
6836,0.034000,1.142000,2,0.034000,0.040000
6837,0.056000,2.460000,3,0.046000,0.055000
6838,0.032000,0.862000,1,0.022000,0.030000
6839,0.056000,2.680000,4,0.058000,0.065000
6840,0.048000,2.230000,3,0.058000,0.065000
6841,0.020000,0.930000,1,0.016000,0.020000
6842,0.000000,0.000000,0,0.000000,0.000000
6843,0.120000,1.506000,3,0.062000,0.080000
6844,0.072000,0.900000,1,0.024000,0.040000
6845,0.104000,2.306000,3,0.056000,0.070000
6846,0.100000,2.432000,4,0.068000,0.085000
6847,0.100000,1.234000,3,0.066000,0.095000
6848,0.000000,0.000000,0,0.000000,0.000000
6849,0.572000,0.824000,3,0.100000,0.210000
6850,0.030000,0.740000,1,0.018000,0.025000
6851,0.000000,0.000000,0,0.000000,0.000000
6852,0.126000,1.594000,2,0.056000,0.090000
6853,0.202000,2.308000,4,0.094000,0.120000
6854,0.178000,2.512000,4,0.080000,0.115000
6855,0.162000,0.840000,2,0.048000,0.080000
6856,0.174000,1.724000,2,0.060000,0.100000
6857,0.064000,1.730000,3,0.036000,0.050000
6858,0.112000,0.862000,1,0.032000,0.055000
6859,0.060000,1.820000,2,0.036000,0.050000
6860,0.006000,0.960000,1,0.012000,0.010000
6861,0.116000,2.212000,4,0.070000,0.120000
6862,0.030000,0.930000,1,0.018000,0.025000
6863,0.086000,2.012000,3,0.056000,0.075000
6864,0.022000,0.886000,1,0.022000,0.025000
6865,0.204000,2.844000,6,0.110000,0.145000
6866,0.120000,0.820000,2,0.044000,0.085000
6867,0.014000,0.442000,1,0.018000,0.020000
6868,0.208000,2.380000,3,0.070000,0.115000
6869,0.036000,1.600000,2,0.030000,0.025000
6870,0.042000,0.920000,1,0.020000,0.040000
6871,0.308000,2.096000,5,0.118000,0.180000
6872,0.026000,1.800000,2,0.028000,0.030000
6873,0.186000,1.596000,2,0.060000,0.100000
6874,0.106000,2.396000,3,0.066000,0.090000
6875,0.068000,1.590000,2,0.036000,0.050000
6876,0.042000,0.920000,1,0.020000,0.030000
6877,0.242000,1.610000,3,0.064000,0.100000
6878,0.170000,1.432000,3,0.070000,0.080000
6879,0.000000,0.000000,0,0.000000,0.000000
6880,0.014000,1.920000,2,0.024000,0.020000
6881,0.186000,1.570000,2,0.050000,0.085000
6882,0.046000,0.862000,2,0.034000,0.040000
6883,0.026000,0.820000,2,0.028000,0.040000
6884,0.022000,1.628000,2,0.036000,0.035000
6885,0.126000,2.150000,5,0.098000,0.140000
6886,0.002000,0.970000,1,0.010000,0.005000
6887,0.072000,0.664000,2,0.044000,0.060000
6888,0.152000,2.530000,3,0.060000,0.080000
6889,0.084000,1.400000,2,0.040000,0.060000
6890,0.116000,0.830000,2,0.040000,0.060000
6891,0.212000,1.462000,3,0.078000,0.130000
6892,0.104000,1.374000,2,0.048000,0.070000
6893,0.040000,1.724000,3,0.050000,0.055000
6894,0.146000,2.960000,5,0.088000,0.120000
6895,0.330000,1.362000,3,0.082000,0.140000
6896,0.094000,2.198000,4,0.082000,0.105000
6897,0.078000,1.640000,3,0.050000,0.065000
6898,0.358000,3.842000,5,0.112000,0.140000
6899,0.042000,1.330000,2,0.032000,0.075000
6900,0.020000,0.930000,1,0.016000,0.020000
6901,0.098000,1.480000,2,0.042000,0.065000
6902,0.052000,0.942000,2,0.038000,0.050000
6903,0.026000,0.852000,1,0.022000,0.030000
6904,0.000000,0.000000,0,0.000000,0.000000
6905,0.134000,0.022000,1,0.034000,0.060000
6906,0.060000,2.438000,4,0.074000,0.085000
6907,0.006000,0.960000,1,0.012000,0.010000
6908,0.072000,1.780000,2,0.038000,0.055000
6909,0.000000,0.000000,0,0.000000,0.000000
6910,0.090000,0.890000,1,0.026000,0.045000
6911,0.220000,2.172000,3,0.098000,0.135000
6912,0.076000,1.564000,3,0.060000,0.080000
6913,0.174000,3.596000,7,0.120000,0.150000
6914,0.028000,1.102000,2,0.036000,0.035000
6915,0.114000,2.528000,5,0.090000,0.095000
6916,0.000000,0.000000,0,0.000000,0.000000
6917,0.034000,2.490000,3,0.040000,0.040000
6918,0.204000,0.734000,1,0.052000,0.100000
6919,0.152000,1.680000,3,0.060000,0.090000
6920,0.020000,0.930000,1,0.016000,0.020000
6921,0.010000,1.742000,2,0.026000,0.020000
6922,0.008000,1.850000,2,0.022000,0.015000
6923,0.006000,0.960000,1,0.012000,0.010000
6924,0.148000,0.944000,4,0.078000,0.125000
6925,0.326000,1.356000,2,0.088000,0.165000
6926,0.128000,1.482000,2,0.078000,0.085000
6927,0.168000,3.144000,4,0.086000,0.115000
6928,0.110000,2.132000,3,0.058000,0.080000
6929,0.112000,3.330000,4,0.070000,0.095000
6930,0.124000,0.530000,3,0.052000,0.075000
6931,0.066000,1.672000,2,0.042000,0.060000
6932,0.096000,1.640000,3,0.054000,0.055000
6933,0.218000,1.574000,4,0.092000,0.140000
6934,0.122000,2.412000,3,0.064000,0.085000
6935,0.152000,2.560000,3,0.062000,0.095000
6936,0.030000,0.430000,1,0.018000,0.025000
6937,0.168000,1.670000,2,0.046000,0.075000
6938,0.056000,1.186000,2,0.048000,0.095000
6939,0.054000,1.174000,2,0.042000,0.055000
6940,0.170000,1.690000,3,0.066000,0.105000
6941,0.412000,2.120000,3,0.074000,0.125000
6942,0.038000,0.862000,2,0.036000,0.045000
6943,0.008000,0.822000,1,0.016000,0.015000
6944,0.440000,2.310000,3,0.100000,0.110000
6945,0.086000,1.022000,3,0.058000,0.080000
6946,0.084000,3.200000,4,0.064000,0.080000
6947,0.168000,1.774000,4,0.088000,0.130000
6948,0.166000,2.074000,4,0.088000,0.100000
6949,0.046000,1.412000,3,0.046000,0.050000
6950,0.162000,2.010000,3,0.080000,0.120000
6951,0.020000,0.770000,1,0.016000,0.020000
6952,0.008000,0.822000,1,0.016000,0.015000
6953,0.006000,0.960000,1,0.012000,0.010000
6954,0.068000,1.700000,3,0.046000,0.055000
6955,0.136000,2.440000,3,0.056000,0.080000
6956,0.020000,0.040000,1,0.016000,0.020000
6957,0.014000,1.920000,2,0.024000,0.020000
6958,0.078000,1.770000,2,0.036000,0.050000
6959,0.122000,1.912000,3,0.060000,0.085000
6960,0.044000,1.762000,2,0.038000,0.050000
6961,0.552000,1.580000,2,0.076000,0.150000
6962,0.182000,2.552000,3,0.074000,0.120000
6963,0.092000,0.774000,3,0.058000,0.100000
6964,0.114000,1.664000,3,0.072000,0.100000
6965,0.110000,0.770000,1,0.028000,0.050000
6966,1.134000,1.836000,3,0.150000,0.220000
6967,0.212000,1.340000,2,0.052000,0.065000
6968,0.042000,1.770000,2,0.042000,0.045000
6969,0.254000,0.640000,1,0.078000,0.150000
6970,0.254000,2.478000,6,0.136000,0.165000
6971,0.290000,2.344000,3,0.090000,0.115000
6972,0.278000,1.522000,2,0.082000,0.145000
6973,0.316000,1.968000,6,0.134000,0.170000
6974,0.740000,0.164000,2,0.110000,0.225000
6975,0.090000,0.830000,1,0.026000,0.075000
6976,0.030000,0.890000,1,0.018000,0.025000
6977,0.038000,0.742000,2,0.036000,0.075000
6978,0.050000,1.040000,2,0.034000,0.045000
6979,0.032000,1.870000,2,0.030000,0.035000
6980,0.150000,1.724000,3,0.070000,0.105000
6981,0.100000,0.742000,2,0.046000,0.070000
6982,0.118000,2.050000,3,0.058000,0.085000
6983,0.000000,0.000000,0,0.000000,0.000000
6984,0.114000,1.754000,3,0.060000,0.100000
6985,0.210000,1.414000,3,0.082000,0.135000
6986,0.056000,1.732000,2,0.038000,0.050000
6987,0.076000,1.768000,4,0.070000,0.095000
6988,0.030000,1.684000,3,0.054000,0.050000
6989,0.364000,3.022000,4,0.124000,0.160000
6990,0.266000,0.756000,2,0.062000,0.110000
6991,0.302000,2.248000,6,0.138000,0.200000
6992,0.238000,1.680000,4,0.080000,0.120000
6993,0.164000,0.856000,2,0.068000,0.135000
6994,0.042000,0.660000,1,0.020000,0.030000
6995,0.162000,0.600000,2,0.048000,0.080000
6996,0.180000,1.540000,2,0.052000,0.090000
6997,0.258000,2.364000,5,0.116000,0.180000
6998,0.044000,2.438000,3,0.054000,0.060000
6999,0.264000,1.464000,3,0.062000,0.105000
7000,0.142000,1.978000,3,0.076000,0.150000
7001,0.020000,0.880000,1,0.016000,0.020000
7002,0.242000,2.180000,4,0.082000,0.115000
7003,0.022000,1.700000,2,0.026000,0.025000
7004,0.026000,0.712000,1,0.022000,0.030000
7005,0.062000,0.702000,1,0.028000,0.045000
7006,0.018000,1.690000,2,0.026000,0.025000
7007,0.186000,2.386000,3,0.078000,0.120000
7008,0.166000,1.336000,2,0.070000,0.120000
7009,0.100000,1.112000,2,0.046000,0.070000
7010,0.186000,1.558000,3,0.076000,0.160000
7011,0.032000,1.060000,2,0.028000,0.030000
7012,0.046000,1.812000,2,0.034000,0.040000
7013,0.514000,3.066000,4,0.138000,0.180000
7014,0.092000,1.066000,4,0.080000,0.105000
7015,0.270000,2.396000,4,0.106000,0.170000
7016,0.204000,1.498000,3,0.100000,0.150000
7017,0.506000,0.700000,1,0.052000,0.110000
7018,0.030000,0.770000,1,0.018000,0.025000
7019,0.076000,1.290000,2,0.038000,0.055000
7020,0.390000,2.126000,5,0.122000,0.215000
7021,0.006000,0.960000,1,0.012000,0.010000
7022,0.266000,2.272000,3,0.080000,0.135000
7023,0.120000,1.520000,2,0.044000,0.095000
7024,0.012000,0.950000,1,0.014000,0.015000
7025,0.146000,0.656000,1,0.056000,0.095000
7026,0.052000,1.662000,2,0.038000,0.050000
7027,0.184000,1.454000,2,0.070000,0.095000
7028,0.258000,1.974000,7,0.134000,0.200000
7029,0.080000,1.728000,4,0.080000,0.100000
7030,0.110000,0.690000,1,0.028000,0.050000
7031,0.064000,2.246000,3,0.060000,0.075000
7032,0.076000,1.596000,4,0.064000,0.075000
7033,0.046000,1.782000,3,0.046000,0.050000
7034,0.072000,0.090000,1,0.024000,0.040000
7035,0.208000,0.752000,2,0.056000,0.095000
7036,0.020000,0.930000,1,0.016000,0.020000
7037,0.150000,2.472000,4,0.072000,0.115000
7038,0.000000,0.000000,0,0.000000,0.000000
7039,0.008000,1.530000,2,0.022000,0.015000
7040,0.050000,1.106000,2,0.046000,0.060000
7041,0.000000,0.000000,0,0.000000,0.000000
7042,0.044000,1.880000,2,0.030000,0.035000
7043,0.060000,2.300000,3,0.048000,0.060000
7044,0.044000,0.684000,1,0.030000,0.045000
7045,0.012000,0.052000,1,0.018000,0.020000
7046,0.144000,2.310000,3,0.062000,0.095000
7047,0.234000,2.422000,5,0.108000,0.155000
7048,0.208000,3.220000,4,0.084000,0.130000
7049,0.004000,0.906000,1,0.016000,0.010000
7050,0.244000,1.880000,3,0.104000,0.190000
7051,0.114000,1.950000,3,0.058000,0.085000
7052,0.274000,2.216000,7,0.154000,0.205000
7053,0.118000,1.088000,2,0.058000,0.120000
7054,0.382000,2.356000,5,0.100000,0.145000
7055,0.174000,2.760000,4,0.078000,0.115000
7056,0.208000,1.820000,4,0.084000,0.130000
7057,0.360000,2.338000,4,0.124000,0.210000
7058,0.122000,2.402000,3,0.064000,0.095000
7059,0.118000,0.772000,1,0.052000,0.085000
7060,0.470000,0.724000,1,0.060000,0.130000
7061,0.054000,0.784000,1,0.034000,0.055000
7062,0.092000,1.630000,2,0.040000,0.060000
7063,0.062000,1.210000,2,0.036000,0.050000
7064,0.030000,0.930000,1,0.018000,0.025000
7065,0.014000,0.892000,1,0.018000,0.020000
7066,0.110000,1.762000,3,0.060000,0.085000
7067,0.348000,1.644000,4,0.106000,0.190000
7068,0.046000,2.400000,3,0.044000,0.050000
7069,0.090000,1.446000,2,0.056000,0.055000
7070,0.032000,0.912000,1,0.022000,0.030000
7071,0.398000,0.670000,2,0.066000,0.125000
7072,0.062000,0.766000,3,0.062000,0.095000
7073,0.218000,1.680000,3,0.064000,0.100000
7074,0.052000,1.870000,3,0.044000,0.050000
7075,0.054000,1.580000,3,0.046000,0.055000
7076,0.140000,1.060000,3,0.062000,0.095000
7077,0.138000,1.060000,3,0.076000,0.110000
7078,0.348000,2.168000,5,0.132000,0.210000
7079,0.002000,0.870000,1,0.010000,0.005000
7080,0.538000,1.654000,4,0.110000,0.170000
7081,0.120000,2.298000,3,0.068000,0.090000
7082,0.054000,1.830000,2,0.034000,0.045000
7083,0.222000,1.026000,3,0.088000,0.145000
7084,0.072000,1.534000,3,0.056000,0.070000
7085,0.120000,1.700000,2,0.044000,0.070000
7086,0.764000,1.950000,4,0.114000,0.190000
7087,0.194000,2.230000,6,0.104000,0.120000
7088,0.040000,1.526000,3,0.054000,0.060000
7089,0.124000,2.236000,4,0.098000,0.130000
7090,0.200000,2.392000,6,0.122000,0.165000
7091,0.084000,0.850000,2,0.038000,0.055000
7092,0.012000,0.682000,1,0.018000,0.020000
7093,0.124000,1.532000,3,0.062000,0.075000
7094,0.148000,3.096000,4,0.086000,0.115000
7095,0.036000,0.810000,2,0.030000,0.035000
7096,0.126000,1.626000,3,0.056000,0.090000
7097,0.038000,1.790000,3,0.042000,0.045000
7098,0.026000,1.180000,2,0.028000,0.045000
7099,0.226000,1.800000,4,0.106000,0.165000
7100,0.258000,2.876000,5,0.130000,0.195000
7101,0.104000,1.480000,4,0.066000,0.105000
7102,0.020000,0.902000,2,0.030000,0.030000
7103,0.042000,1.402000,2,0.036000,0.025000
7104,0.032000,0.974000,3,0.048000,0.050000
7105,0.062000,2.560000,3,0.048000,0.050000
7106,0.014000,1.660000,3,0.034000,0.025000
7107,0.494000,2.340000,3,0.090000,0.165000
7108,0.140000,2.202000,4,0.070000,0.110000
7109,0.282000,1.932000,4,0.090000,0.155000
7110,0.030000,1.690000,3,0.040000,0.050000
7111,0.000000,0.000000,0,0.000000,0.000000
7112,0.062000,1.270000,3,0.062000,0.075000
7113,0.088000,2.620000,3,0.052000,0.070000
7114,0.072000,1.784000,2,0.044000,0.060000
7115,0.526000,2.864000,5,0.148000,0.225000
7116,0.054000,1.634000,2,0.044000,0.060000
7117,0.076000,1.554000,2,0.046000,0.065000
7118,0.056000,0.910000,1,0.022000,0.035000
7119,0.052000,1.772000,2,0.038000,0.050000
7120,0.178000,2.230000,4,0.070000,0.095000
7121,0.724000,2.550000,7,0.190000,0.300000
7122,0.250000,1.506000,4,0.106000,0.220000
7123,0.358000,1.846000,3,0.120000,0.230000
7124,0.024000,1.802000,2,0.030000,0.030000
7125,0.370000,1.246000,5,0.124000,0.220000
7126,0.160000,2.794000,6,0.100000,0.130000
7127,0.090000,2.836000,4,0.074000,0.090000
7128,0.028000,1.632000,2,0.032000,0.035000
7129,0.000000,0.000000,0,0.000000,0.000000
7130,0.010000,0.924000,1,0.020000,0.020000
7131,0.056000,0.910000,1,0.022000,0.035000
7132,0.098000,1.722000,2,0.048000,0.075000
7133,0.140000,3.094000,4,0.084000,0.120000
7134,0.126000,2.460000,5,0.082000,0.105000
7135,0.150000,2.022000,4,0.082000,0.110000
7136,0.084000,1.712000,3,0.056000,0.075000
7137,0.054000,1.330000,2,0.034000,0.045000
7138,0.176000,1.880000,7,0.098000,0.145000
7139,0.100000,1.752000,4,0.062000,0.090000
7140,0.072000,0.560000,1,0.024000,0.040000
7141,0.058000,1.762000,3,0.048000,0.055000
7142,0.118000,1.810000,3,0.050000,0.065000
7143,0.058000,2.566000,3,0.060000,0.075000
7144,0.062000,0.950000,2,0.036000,0.050000
7145,0.020000,0.892000,2,0.030000,0.030000
7146,0.258000,3.142000,5,0.106000,0.150000
7147,0.062000,0.552000,1,0.030000,0.050000
7148,0.182000,1.196000,3,0.078000,0.125000
7149,0.218000,1.450000,3,0.068000,0.105000
7150,0.346000,2.470000,4,0.094000,0.155000
7151,0.112000,0.780000,2,0.038000,0.075000
7152,0.000000,0.000000,0,0.000000,0.000000
7153,0.086000,0.832000,2,0.042000,0.060000
7154,0.278000,2.366000,3,0.088000,0.130000
7155,0.020000,0.280000,1,0.016000,0.020000
7156,0.310000,1.602000,2,0.056000,0.095000
7157,0.252000,2.276000,5,0.112000,0.120000
7158,0.542000,2.686000,6,0.212000,0.340000
7159,0.054000,1.430000,4,0.054000,0.055000
7160,0.248000,0.970000,3,0.098000,0.130000
7161,0.032000,0.902000,1,0.024000,0.035000
7162,0.282000,1.846000,3,0.082000,0.120000
7163,0.074000,1.434000,3,0.058000,0.075000
7164,0.102000,0.710000,3,0.056000,0.080000
7165,0.090000,0.840000,1,0.026000,0.045000
7166,0.188000,2.976000,5,0.124000,0.165000
7167,0.042000,0.754000,1,0.030000,0.045000
7168,0.072000,1.170000,2,0.038000,0.055000
7169,0.026000,1.722000,3,0.042000,0.030000
7170,0.364000,2.366000,5,0.116000,0.230000
7171,0.028000,0.544000,2,0.036000,0.040000
7172,0.270000,1.794000,5,0.110000,0.185000
7173,0.500000,2.342000,7,0.190000,0.305000
7174,0.196000,0.660000,1,0.060000,0.110000
7175,0.056000,0.550000,1,0.022000,0.035000
7176,0.018000,1.830000,2,0.026000,0.025000
7177,0.326000,1.838000,6,0.138000,0.225000
7178,0.222000,1.460000,5,0.124000,0.155000
7179,0.130000,0.988000,2,0.060000,0.095000
7180,0.188000,0.912000,2,0.062000,0.110000
7181,0.340000,1.880000,5,0.114000,0.165000
7182,0.700000,3.298000,6,0.172000,0.230000
7183,0.208000,3.752000,7,0.116000,0.165000
7184,0.282000,2.220000,3,0.070000,0.115000
7185,0.000000,0.000000,0,0.000000,0.000000
7186,0.102000,1.764000,3,0.066000,0.095000
7187,0.072000,0.792000,1,0.032000,0.055000
7188,0.526000,3.046000,5,0.136000,0.245000
7189,0.216000,2.108000,4,0.108000,0.170000
7190,0.070000,2.402000,6,0.084000,0.105000
7191,0.156000,2.642000,6,0.104000,0.140000
7192,0.078000,1.854000,3,0.056000,0.070000
7193,0.298000,0.870000,3,0.108000,0.185000
7194,0.006000,0.960000,1,0.012000,0.010000
7195,0.424000,1.814000,5,0.142000,0.210000
7196,0.152000,1.116000,5,0.098000,0.160000
7197,0.150000,1.222000,4,0.080000,0.115000
7198,0.160000,1.830000,3,0.062000,0.095000
7199,0.132000,2.078000,3,0.074000,0.110000
7200,0.116000,0.752000,2,0.048000,0.115000
7201,0.302000,1.462000,4,0.096000,0.120000
7202,0.054000,0.772000,2,0.040000,0.065000
7203,0.104000,0.994000,3,0.064000,0.090000
7204,0.312000,2.052000,6,0.128000,0.145000
7205,0.168000,0.708000,1,0.064000,0.165000
7206,0.022000,0.832000,1,0.020000,0.025000
7207,0.066000,2.472000,3,0.048000,0.055000
7208,0.030000,0.540000,1,0.018000,0.025000
7209,0.012000,0.880000,1,0.014000,0.015000
7210,0.020000,0.160000,1,0.016000,0.020000
7211,0.000000,0.000000,0,0.000000,0.000000
7212,0.040000,0.844000,2,0.030000,0.045000
7213,0.070000,1.586000,4,0.072000,0.090000
7214,0.394000,1.822000,3,0.086000,0.150000
7215,0.080000,2.478000,4,0.072000,0.085000
7216,0.158000,1.876000,6,0.114000,0.155000
7217,0.054000,0.830000,2,0.034000,0.045000
7218,0.014000,0.972000,2,0.020000,0.025000
7219,0.244000,1.988000,5,0.102000,0.160000
7220,0.286000,1.094000,4,0.086000,0.140000
7221,0.030000,0.680000,1,0.018000,0.025000
7222,0.068000,0.802000,2,0.034000,0.060000
7223,0.362000,2.826000,5,0.126000,0.180000
7224,0.482000,1.424000,4,0.134000,0.260000
7225,0.044000,1.772000,2,0.036000,0.045000
7226,0.166000,1.498000,6,0.118000,0.160000
7227,0.030000,0.820000,1,0.018000,0.025000
7228,0.010000,1.722000,2,0.026000,0.020000
7229,0.134000,2.098000,4,0.088000,0.120000
7230,0.196000,2.332000,5,0.100000,0.145000
7231,0.192000,2.026000,4,0.098000,0.150000
7232,0.046000,1.892000,3,0.046000,0.050000
7233,0.024000,1.410000,2,0.028000,0.030000
7234,0.088000,1.500000,3,0.052000,0.070000
7235,0.042000,0.882000,2,0.028000,0.045000
7236,0.038000,0.872000,2,0.034000,0.040000
7237,0.182000,2.432000,6,0.110000,0.150000
7238,0.072000,1.412000,3,0.054000,0.070000
7239,0.428000,1.694000,5,0.126000,0.245000
7240,0.138000,3.084000,6,0.102000,0.125000
7241,0.058000,1.772000,3,0.050000,0.060000
7242,0.074000,0.870000,2,0.034000,0.045000
7243,0.396000,1.314000,3,0.102000,0.185000
7244,0.274000,0.666000,3,0.098000,0.170000
7245,0.038000,1.726000,2,0.036000,0.040000
7246,0.202000,2.502000,3,0.064000,0.095000
7247,0.452000,1.290000,4,0.102000,0.210000
7248,0.000000,0.000000,0,0.000000,0.000000
7249,0.000000,0.000000,0,0.000000,0.000000
7250,0.030000,0.820000,1,0.018000,0.025000
7251,0.390000,0.866000,4,0.118000,0.200000
7252,0.126000,1.602000,3,0.064000,0.095000
7253,0.084000,1.010000,2,0.038000,0.055000
7254,0.128000,2.390000,4,0.068000,0.135000
7255,0.114000,1.624000,4,0.080000,0.110000
7256,0.104000,1.590000,5,0.080000,0.105000
7257,0.140000,0.742000,1,0.040000,0.075000
7258,0.088000,2.082000,4,0.066000,0.080000
7259,0.064000,1.094000,3,0.054000,0.105000
7260,0.032000,0.820000,3,0.040000,0.040000
7261,0.092000,1.952000,4,0.070000,0.090000
7262,0.072000,1.390000,2,0.038000,0.055000
7263,0.038000,0.118000,2,0.032000,0.045000
7264,0.116000,1.480000,3,0.058000,0.085000
7265,0.010000,0.648000,1,0.022000,0.020000
7266,0.472000,1.814000,7,0.180000,0.255000
7267,0.194000,2.524000,6,0.118000,0.165000
7268,0.184000,3.226000,7,0.124000,0.175000
7269,0.026000,1.670000,2,0.028000,0.030000
7270,0.132000,1.240000,3,0.074000,0.105000
7271,0.164000,1.736000,3,0.074000,0.110000
7272,0.020000,0.920000,1,0.016000,0.020000
7273,0.170000,1.672000,3,0.072000,0.115000
7274,0.076000,0.814000,1,0.032000,0.050000
7275,0.120000,1.364000,3,0.068000,0.100000
7276,0.000000,0.000000,0,0.000000,0.000000
7277,0.210000,0.694000,1,0.054000,0.105000
7278,0.092000,0.872000,1,0.030000,0.050000
7279,0.054000,0.680000,2,0.034000,0.045000
7280,0.036000,0.854000,2,0.038000,0.050000
7281,0.090000,1.714000,2,0.048000,0.070000
7282,0.048000,0.616000,2,0.040000,0.050000
7283,0.072000,1.366000,3,0.052000,0.075000
7284,0.022000,0.662000,1,0.020000,0.025000
7285,0.570000,2.026000,5,0.158000,0.280000
7286,0.070000,1.676000,4,0.074000,0.090000
7287,0.120000,1.594000,2,0.056000,0.090000
7288,0.184000,0.762000,2,0.056000,0.095000
7289,0.126000,1.656000,4,0.068000,0.100000
7290,0.248000,2.366000,4,0.108000,0.160000
7291,0.018000,1.760000,2,0.038000,0.035000
7292,0.116000,2.006000,5,0.092000,0.115000
7293,0.042000,0.920000,1,0.020000,0.030000
7294,0.098000,1.222000,2,0.046000,0.070000
7295,0.026000,0.024000,2,0.024000,0.030000
7296,0.076000,1.474000,2,0.046000,0.065000
7297,0.220000,1.374000,5,0.100000,0.160000
7298,0.030000,0.840000,1,0.018000,0.025000
7299,0.042000,0.300000,1,0.020000,0.030000
7300,0.054000,0.760000,2,0.034000,0.065000
7301,0.030000,0.000000,1,0.010000,0.025000
7302,0.050000,0.970000,2,0.034000,0.045000
7303,0.284000,2.070000,5,0.102000,0.155000
7304,0.336000,1.412000,4,0.102000,0.180000
7305,0.074000,1.460000,3,0.048000,0.090000
7306,0.000000,0.000000,0,0.000000,0.000000
7307,0.274000,1.526000,4,0.106000,0.170000
7308,0.124000,1.422000,4,0.076000,0.105000
7309,0.048000,2.428000,4,0.056000,0.065000
7310,0.448000,1.358000,5,0.128000,0.230000
7311,0.100000,2.212000,4,0.070000,0.090000
7312,0.142000,1.642000,5,0.076000,0.125000
7313,0.092000,1.044000,4,0.062000,0.085000
7314,0.110000,0.850000,1,0.028000,0.050000
7315,0.110000,0.870000,1,0.028000,0.050000
7316,0.214000,1.906000,4,0.080000,0.110000
7317,0.438000,0.730000,3,0.112000,0.190000
7318,0.126000,1.652000,2,0.054000,0.090000
7319,0.152000,2.562000,3,0.064000,0.080000
7320,0.186000,1.810000,4,0.074000,0.105000
7321,0.000000,0.000000,0,0.000000,0.000000
7322,0.050000,1.670000,2,0.034000,0.060000
7323,0.280000,1.252000,3,0.076000,0.125000
7324,0.086000,1.702000,2,0.044000,0.085000
7325,0.094000,0.518000,2,0.060000,0.085000
7326,0.262000,2.306000,3,0.088000,0.145000
7327,0.054000,1.748000,2,0.052000,0.070000
7328,0.128000,0.986000,2,0.050000,0.075000
7329,0.118000,1.662000,2,0.044000,0.065000
7330,0.322000,0.962000,5,0.116000,0.185000
7331,0.000000,0.000000,0,0.000000,0.000000
7332,0.242000,1.492000,2,0.060000,0.115000
7333,0.282000,2.022000,5,0.098000,0.160000
7334,0.848000,1.126000,2,0.134000,0.290000
7335,0.054000,0.782000,1,0.028000,0.045000
7336,0.222000,1.302000,3,0.082000,0.140000
7337,0.026000,0.912000,1,0.022000,0.030000
7338,0.044000,0.940000,3,0.042000,0.070000
7339,0.072000,0.730000,2,0.038000,0.055000
7340,0.168000,0.782000,1,0.040000,0.095000
7341,0.152000,0.392000,3,0.064000,0.095000
7342,0.128000,1.368000,3,0.080000,0.145000
7343,0.004000,0.960000,2,0.012000,0.010000
7344,0.380000,2.180000,6,0.128000,0.200000
7345,0.050000,0.852000,1,0.028000,0.050000
7346,0.090000,1.452000,3,0.066000,0.090000
7347,0.048000,0.496000,1,0.028000,0.055000
7348,0.036000,0.756000,1,0.026000,0.035000
7349,0.086000,0.760000,2,0.040000,0.060000
7350,0.392000,1.228000,4,0.112000,0.185000
7351,0.152000,1.322000,2,0.056000,0.105000
7352,0.192000,2.410000,3,0.088000,0.140000
7353,0.020000,0.940000,1,0.016000,0.020000
7354,0.084000,1.746000,4,0.074000,0.100000
7355,0.028000,0.882000,2,0.032000,0.035000
7356,0.000000,0.000000,0,0.000000,0.000000
7357,0.000000,0.000000,0,0.000000,0.000000
7358,0.064000,2.244000,4,0.060000,0.080000
7359,1.104000,0.528000,3,0.118000,0.235000
7360,0.318000,1.406000,2,0.082000,0.150000
7361,0.034000,1.580000,3,0.052000,0.050000
7362,0.050000,1.420000,2,0.034000,0.045000
7363,0.132000,1.632000,2,0.048000,0.075000
7364,0.248000,1.072000,2,0.064000,0.115000
7365,0.064000,1.562000,3,0.052000,0.060000
7366,0.210000,1.474000,4,0.098000,0.145000
7367,0.020000,0.940000,1,0.016000,0.020000
7368,0.174000,1.990000,3,0.066000,0.075000
7369,0.120000,2.204000,4,0.078000,0.105000
7370,0.080000,1.630000,3,0.052000,0.070000
7371,0.084000,0.970000,2,0.038000,0.070000
7372,0.114000,2.154000,4,0.082000,0.105000
7373,0.996000,2.438000,7,0.202000,0.330000
7374,0.272000,2.006000,4,0.128000,0.170000
7375,0.044000,0.430000,2,0.030000,0.035000
7376,0.188000,0.810000,2,0.086000,0.150000
7377,0.044000,0.852000,1,0.024000,0.035000
7378,0.038000,1.482000,2,0.036000,0.055000
7379,0.352000,1.720000,4,0.100000,0.165000
7380,0.006000,0.320000,1,0.012000,0.010000
7381,0.000000,0.000000,0,0.000000,0.000000
7382,0.152000,1.550000,2,0.048000,0.080000
7383,0.096000,1.634000,4,0.068000,0.080000
7384,0.066000,1.652000,3,0.054000,0.060000
7385,0.096000,2.290000,3,0.054000,0.075000
7386,0.064000,1.724000,3,0.054000,0.065000
7387,0.020000,0.900000,1,0.016000,0.020000
7388,0.508000,1.616000,4,0.148000,0.240000
7389,0.080000,1.654000,3,0.060000,0.080000
7390,0.020000,0.750000,1,0.016000,0.020000
7391,0.136000,1.610000,3,0.050000,0.065000
7392,0.042000,0.000000,1,0.012000,0.030000
7393,0.528000,0.946000,3,0.106000,0.210000
7394,0.010000,1.662000,2,0.026000,0.020000
7395,0.068000,1.390000,2,0.036000,0.050000
7396,0.240000,1.212000,3,0.098000,0.160000
7397,0.098000,3.352000,4,0.064000,0.065000
7398,0.032000,1.790000,2,0.030000,0.035000
7399,0.112000,1.524000,3,0.064000,0.090000
7400,0.042000,0.800000,1,0.020000,0.030000
7401,0.000000,0.000000,0,0.000000,0.000000
7402,0.174000,2.442000,6,0.132000,0.170000
7403,0.630000,1.780000,5,0.166000,0.290000
7404,0.022000,0.582000,1,0.020000,0.025000
7405,0.108000,1.454000,2,0.054000,0.085000
7406,0.012000,0.932000,1,0.018000,0.020000
7407,0.096000,2.374000,5,0.084000,0.080000
7408,0.060000,2.092000,4,0.060000,0.080000
7409,0.006000,0.960000,1,0.012000,0.010000
7410,0.274000,0.992000,3,0.082000,0.140000
7411,0.094000,1.544000,2,0.050000,0.075000
7412,0.072000,0.900000,1,0.024000,0.040000
7413,0.062000,1.740000,2,0.034000,0.045000
7414,0.404000,2.496000,7,0.158000,0.215000
7415,0.068000,1.072000,3,0.052000,0.105000
7416,0.150000,2.022000,4,0.098000,0.140000
7417,0.158000,3.220000,4,0.074000,0.105000
7418,0.094000,1.810000,3,0.050000,0.065000
7419,0.162000,2.428000,5,0.098000,0.140000
7420,0.206000,1.834000,5,0.110000,0.165000
7421,0.166000,1.336000,4,0.078000,0.140000
7422,0.014000,1.560000,3,0.034000,0.025000
7423,0.462000,1.370000,3,0.080000,0.160000
7424,0.022000,1.760000,2,0.026000,0.025000
7425,0.072000,0.900000,1,0.024000,0.040000
7426,0.210000,1.378000,3,0.096000,0.160000
7427,0.086000,1.292000,3,0.052000,0.065000
7428,0.434000,0.672000,3,0.082000,0.135000
7429,0.200000,1.580000,4,0.082000,0.125000
7430,0.034000,0.722000,2,0.034000,0.040000
7431,0.332000,0.892000,2,0.064000,0.115000
7432,0.116000,0.682000,1,0.034000,0.060000
7433,0.190000,1.484000,3,0.066000,0.115000
7434,0.072000,0.634000,3,0.048000,0.070000
7435,0.200000,1.720000,4,0.090000,0.165000
7436,0.062000,1.352000,2,0.040000,0.055000
7437,0.316000,1.602000,4,0.086000,0.130000
7438,0.160000,1.404000,4,0.088000,0.130000
7439,0.340000,2.170000,3,0.114000,0.200000
7440,0.054000,0.994000,2,0.044000,0.060000
7441,0.062000,2.154000,4,0.066000,0.075000
7442,0.220000,2.314000,4,0.084000,0.095000
7443,0.024000,1.580000,2,0.028000,0.030000
7444,0.072000,0.780000,1,0.024000,0.040000
7445,0.062000,1.762000,2,0.040000,0.055000
7446,0.000000,0.000000,0,0.000000,0.000000
7447,0.092000,2.330000,4,0.060000,0.070000
7448,0.146000,1.762000,5,0.116000,0.160000
7449,0.038000,1.772000,2,0.036000,0.045000
7450,0.154000,3.286000,6,0.096000,0.165000
7451,0.442000,2.386000,5,0.146000,0.245000
7452,0.020000,1.656000,3,0.046000,0.040000
7453,0.090000,0.820000,1,0.026000,0.045000
7454,0.036000,0.890000,2,0.030000,0.035000
7455,0.038000,0.252000,2,0.034000,0.040000
7456,0.166000,2.304000,5,0.096000,0.130000
7457,0.154000,2.202000,5,0.092000,0.120000
7458,0.000000,0.000000,0,0.000000,0.000000
7459,0.016000,1.792000,2,0.028000,0.025000
7460,0.428000,1.420000,5,0.144000,0.220000
7461,0.030000,0.930000,1,0.018000,0.025000
7462,0.026000,0.894000,2,0.034000,0.035000
7463,0.096000,2.416000,4,0.072000,0.090000
7464,0.020000,0.660000,1,0.016000,0.020000
7465,0.012000,0.810000,1,0.014000,0.015000
7466,0.186000,2.368000,3,0.076000,0.115000
7467,0.026000,0.782000,1,0.022000,0.030000
7468,0.044000,1.692000,2,0.036000,0.045000
7469,0.000000,0.000000,0,0.000000,0.000000
7470,0.250000,1.258000,5,0.114000,0.165000
7471,0.208000,1.872000,3,0.070000,0.110000
7472,0.156000,2.410000,3,0.076000,0.110000
7473,0.232000,0.746000,3,0.080000,0.130000
7474,0.000000,0.000000,0,0.000000,0.000000
7475,0.074000,2.452000,3,0.058000,0.070000
7476,0.342000,2.814000,5,0.128000,0.205000
7477,0.148000,2.554000,5,0.094000,0.105000
7478,0.062000,2.260000,3,0.046000,0.055000
7479,0.206000,2.066000,4,0.096000,0.135000
7480,0.282000,0.442000,5,0.102000,0.160000
7481,0.096000,0.944000,3,0.062000,0.085000
7482,0.042000,0.600000,1,0.020000,0.030000
7483,0.060000,2.210000,3,0.046000,0.055000
7484,0.176000,1.602000,3,0.066000,0.100000
7485,0.078000,1.810000,2,0.036000,0.050000
7486,0.162000,1.476000,3,0.080000,0.130000
7487,0.012000,0.260000,1,0.014000,0.015000
7488,0.154000,0.942000,2,0.050000,0.080000
7489,0.042000,0.920000,1,0.020000,0.030000
7490,0.102000,0.992000,3,0.050000,0.080000
7491,0.030000,1.004000,2,0.036000,0.040000
7492,0.096000,2.568000,4,0.090000,0.110000
7493,0.100000,2.484000,3,0.062000,0.085000
7494,0.076000,1.770000,2,0.038000,0.055000
7495,0.110000,0.762000,2,0.050000,0.080000
7496,0.272000,1.778000,4,0.102000,0.160000
7497,0.066000,1.606000,3,0.060000,0.065000
7498,0.002000,0.830000,1,0.010000,0.005000
7499,0.014000,0.852000,1,0.018000,0.020000
7500,0.174000,1.852000,4,0.086000,0.130000
7501,0.014000,1.040000,2,0.024000,0.020000
7502,0.164000,1.586000,2,0.068000,0.115000
7503,0.160000,1.526000,4,0.078000,0.120000
7504,0.140000,2.342000,3,0.064000,0.095000
7505,0.072000,2.012000,5,0.066000,0.080000
7506,0.156000,0.892000,4,0.068000,0.110000
7507,0.002000,0.950000,1,0.010000,0.005000
7508,0.176000,2.508000,3,0.084000,0.130000
7509,0.056000,1.414000,2,0.046000,0.065000
7510,0.008000,1.730000,2,0.022000,0.015000
7511,0.104000,0.782000,2,0.054000,0.080000
7512,0.318000,2.542000,4,0.098000,0.160000
7513,0.002000,0.910000,1,0.010000,0.005000
7514,0.188000,0.752000,1,0.046000,0.090000
7515,0.070000,2.680000,5,0.062000,0.070000
7516,0.104000,1.966000,3,0.068000,0.095000
7517,0.212000,1.774000,5,0.104000,0.145000
7518,0.054000,1.614000,2,0.044000,0.060000
7519,0.106000,0.878000,3,0.076000,0.145000
7520,0.068000,0.872000,1,0.030000,0.050000
7521,0.062000,1.628000,2,0.048000,0.065000
7522,0.114000,0.782000,2,0.050000,0.080000
7523,1.348000,1.710000,4,0.204000,0.390000
7524,0.130000,1.008000,3,0.078000,0.140000
7525,0.300000,1.598000,5,0.094000,0.140000
7526,0.030000,0.700000,1,0.018000,0.025000
7527,0.120000,0.896000,2,0.040000,0.070000
7528,0.094000,1.024000,3,0.066000,0.095000
7529,0.506000,1.590000,4,0.148000,0.265000
7530,0.390000,1.606000,7,0.164000,0.230000
7531,0.060000,1.194000,3,0.054000,0.065000
7532,0.164000,2.536000,3,0.078000,0.120000
7533,0.090000,1.022000,2,0.046000,0.070000
7534,0.214000,2.484000,3,0.078000,0.125000
7535,0.312000,1.712000,5,0.114000,0.215000
7536,0.020000,0.810000,1,0.016000,0.020000
7537,0.106000,0.738000,2,0.052000,0.075000
7538,0.172000,3.310000,6,0.104000,0.125000
7539,0.106000,1.524000,3,0.068000,0.105000
7540,0.014000,1.752000,2,0.028000,0.025000
7541,0.098000,0.744000,2,0.050000,0.075000
7542,0.160000,1.990000,4,0.076000,0.110000
7543,0.044000,1.802000,2,0.038000,0.050000
7544,0.162000,1.750000,2,0.050000,0.085000
7545,0.212000,0.970000,2,0.038000,0.075000
7546,0.006000,0.920000,1,0.012000,0.010000
7547,0.000000,0.000000,0,0.000000,0.000000
7548,0.066000,3.394000,5,0.078000,0.085000
7549,0.094000,1.530000,4,0.064000,0.080000
7550,0.056000,1.054000,2,0.052000,0.065000
7551,0.296000,2.654000,4,0.096000,0.130000
7552,0.310000,0.888000,3,0.100000,0.170000
7553,0.254000,1.542000,4,0.110000,0.195000
7554,0.106000,1.144000,2,0.052000,0.080000
7555,0.098000,1.750000,4,0.066000,0.085000
7556,0.042000,0.972000,2,0.036000,0.045000
7557,0.086000,0.910000,2,0.032000,0.060000
7558,0.694000,2.260000,5,0.132000,0.230000
7559,0.020000,0.548000,1,0.026000,0.030000
7560,0.046000,0.698000,1,0.030000,0.040000
7561,0.074000,1.042000,2,0.042000,0.060000
7562,0.934000,2.056000,5,0.154000,0.235000
7563,0.022000,1.100000,2,0.026000,0.025000
7564,0.100000,2.362000,4,0.070000,0.090000
7565,0.032000,1.010000,2,0.030000,0.035000
7566,0.060000,1.832000,4,0.062000,0.070000
7567,0.044000,1.672000,2,0.036000,0.045000
7568,0.238000,0.692000,2,0.054000,0.100000
7569,0.110000,0.060000,1,0.028000,0.090000
7570,0.392000,1.454000,2,0.084000,0.160000
7571,0.176000,0.744000,2,0.060000,0.140000
7572,0.206000,2.302000,3,0.102000,0.165000
7573,0.060000,1.850000,2,0.036000,0.050000
7574,0.128000,1.314000,3,0.072000,0.110000
7575,0.062000,1.724000,2,0.046000,0.065000
7576,0.186000,0.812000,3,0.072000,0.115000
7577,0.166000,2.300000,3,0.080000,0.120000
7578,0.012000,0.930000,1,0.014000,0.015000
7579,0.020000,0.320000,1,0.016000,0.020000
7580,0.030000,0.360000,1,0.018000,0.025000
7581,0.052000,1.960000,3,0.058000,0.065000
7582,0.086000,0.830000,2,0.040000,0.110000
7583,0.042000,0.910000,1,0.020000,0.030000
7584,0.138000,0.794000,1,0.046000,0.085000
7585,0.090000,2.502000,3,0.056000,0.075000
7586,0.648000,1.470000,5,0.126000,0.290000
7587,0.032000,1.552000,2,0.034000,0.040000
7588,0.076000,0.830000,2,0.030000,0.055000
7589,0.030000,0.222000,2,0.034000,0.040000
7590,0.036000,0.852000,2,0.036000,0.045000
7591,0.148000,1.752000,2,0.052000,0.085000
7592,0.072000,0.710000,1,0.024000,0.040000
7593,0.274000,1.902000,4,0.082000,0.120000
7594,0.198000,1.682000,3,0.072000,0.115000
7595,0.000000,0.000000,0,0.000000,0.000000
7596,0.272000,1.092000,3,0.072000,0.130000
7597,0.086000,0.750000,2,0.040000,0.060000
7598,0.106000,0.906000,3,0.054000,0.090000
7599,0.076000,2.224000,4,0.062000,0.085000
7600,0.220000,1.798000,3,0.096000,0.160000
7601,0.170000,2.272000,4,0.080000,0.115000
7602,0.026000,1.260000,2,0.028000,0.030000
7603,0.076000,1.592000,3,0.052000,0.065000
7604,0.144000,0.816000,1,0.040000,0.070000
7605,0.206000,1.622000,3,0.066000,0.100000
7606,0.064000,1.790000,3,0.044000,0.050000
7607,0.086000,1.690000,2,0.040000,0.060000
7608,0.002000,0.890000,1,0.010000,0.005000
7609,0.140000,2.372000,3,0.062000,0.090000
7610,0.148000,1.722000,3,0.068000,0.145000
7611,0.114000,1.294000,3,0.070000,0.105000
7612,0.104000,1.508000,2,0.054000,0.080000
7613,0.126000,2.604000,7,0.110000,0.125000
7614,0.144000,1.200000,2,0.048000,0.080000
7615,0.056000,1.542000,2,0.038000,0.050000
7616,0.044000,0.462000,2,0.024000,0.035000
7617,0.012000,0.860000,1,0.014000,0.015000
7618,0.084000,1.000000,2,0.038000,0.055000
7619,0.070000,0.792000,2,0.044000,0.065000
7620,0.022000,0.910000,2,0.026000,0.025000
7621,0.188000,1.102000,4,0.088000,0.135000
7622,0.298000,1.866000,5,0.116000,0.235000
7623,0.000000,0.000000,0,0.000000,0.000000
7624,0.062000,1.780000,2,0.036000,0.050000
7625,0.058000,0.770000,2,0.024000,0.040000
7626,0.194000,0.650000,2,0.048000,0.080000
7627,0.414000,2.672000,6,0.144000,0.235000
7628,0.342000,0.722000,1,0.060000,0.125000
7629,0.106000,1.604000,2,0.050000,0.075000
7630,0.058000,0.862000,1,0.026000,0.040000
7631,0.158000,1.548000,3,0.082000,0.125000
7632,0.000000,0.000000,0,0.000000,0.000000
7633,0.006000,0.830000,1,0.012000,0.010000
7634,0.162000,0.280000,2,0.050000,0.085000
7635,0.012000,0.850000,1,0.014000,0.015000
7636,0.056000,0.860000,1,0.022000,0.060000
7637,0.006000,0.770000,1,0.012000,0.010000
7638,0.094000,0.774000,2,0.052000,0.080000
7639,0.126000,0.940000,3,0.058000,0.085000
7640,0.072000,1.198000,2,0.054000,0.075000
7641,0.230000,2.848000,4,0.110000,0.150000
7642,0.030000,0.894000,2,0.028000,0.040000
7643,0.066000,2.164000,3,0.058000,0.075000
7644,0.042000,0.952000,2,0.036000,0.045000
7645,0.044000,1.580000,2,0.030000,0.035000
7646,0.020000,0.850000,1,0.016000,0.020000
7647,0.184000,0.832000,1,0.038000,0.070000
7648,0.042000,1.670000,3,0.042000,0.045000
7649,0.054000,0.964000,2,0.044000,0.060000
7650,0.158000,1.710000,2,0.042000,0.065000
7651,0.178000,2.438000,5,0.108000,0.150000
7652,0.282000,2.328000,3,0.100000,0.170000
7653,0.276000,1.720000,3,0.078000,0.135000
7654,0.082000,1.560000,4,0.062000,0.100000
7655,0.092000,1.740000,2,0.036000,0.050000
7656,0.156000,0.210000,1,0.032000,0.060000
7657,0.080000,0.902000,3,0.054000,0.070000
7658,0.086000,1.572000,2,0.042000,0.070000
7659,0.092000,1.690000,2,0.040000,0.060000
7660,0.000000,0.000000,0,0.000000,0.000000
7661,0.000000,0.000000,0,0.000000,0.000000
7662,0.050000,1.594000,3,0.044000,0.060000
7663,0.038000,0.992000,2,0.036000,0.045000
7664,0.238000,0.916000,4,0.086000,0.165000
7665,0.116000,0.784000,3,0.060000,0.100000
7666,0.242000,2.232000,4,0.086000,0.130000
7667,0.214000,1.644000,2,0.074000,0.115000
7668,0.060000,0.872000,1,0.030000,0.050000
7669,0.050000,2.422000,3,0.048000,0.065000
7670,0.166000,0.790000,2,0.050000,0.100000
7671,0.026000,0.822000,1,0.022000,0.030000
7672,0.000000,0.000000,0,0.000000,0.000000
7673,0.006000,0.880000,1,0.012000,0.010000
7674,0.062000,0.004000,1,0.022000,0.045000
7675,0.200000,1.566000,3,0.086000,0.130000
7676,0.050000,0.862000,2,0.036000,0.045000
7677,0.052000,1.694000,2,0.044000,0.060000
7678,0.074000,1.452000,2,0.042000,0.060000
7679,0.062000,1.374000,2,0.044000,0.060000
7680,0.032000,0.880000,2,0.030000,0.050000
7681,0.790000,2.340000,3,0.104000,0.200000
7682,0.018000,0.922000,1,0.020000,0.025000
7683,0.208000,1.878000,3,0.086000,0.135000
7684,0.092000,1.590000,2,0.040000,0.060000
7685,0.100000,3.320000,5,0.074000,0.085000
7686,0.032000,0.836000,1,0.024000,0.030000
7687,0.090000,0.830000,1,0.026000,0.045000
7688,0.064000,0.942000,2,0.040000,0.055000
7689,0.000000,0.000000,0,0.000000,0.000000
7690,0.058000,1.666000,3,0.058000,0.095000
7691,0.000000,0.000000,0,0.000000,0.000000
7692,0.154000,1.340000,2,0.060000,0.065000
7693,0.136000,1.592000,2,0.050000,0.050000
7694,0.338000,1.714000,3,0.082000,0.135000
7695,0.132000,2.340000,3,0.058000,0.085000
7696,0.188000,1.610000,2,0.052000,0.090000
7697,0.078000,1.664000,3,0.060000,0.080000
7698,0.048000,1.850000,2,0.032000,0.040000
7699,0.092000,1.222000,3,0.050000,0.080000
7700,0.014000,0.702000,1,0.018000,0.020000
7701,0.080000,0.714000,2,0.050000,0.075000
7702,0.176000,2.186000,3,0.076000,0.120000
7703,0.212000,0.822000,1,0.040000,0.090000
7704,0.082000,2.348000,3,0.070000,0.085000
7705,0.068000,1.770000,4,0.060000,0.070000
7706,0.022000,1.900000,2,0.026000,0.025000
7707,0.024000,0.854000,1,0.024000,0.030000
7708,0.402000,3.028000,4,0.128000,0.135000
7709,0.000000,0.000000,0,0.000000,0.000000
7710,0.048000,1.600000,3,0.044000,0.050000
7711,0.042000,0.640000,3,0.042000,0.045000
7712,0.162000,1.286000,3,0.094000,0.115000
7713,0.124000,1.662000,2,0.046000,0.070000
7714,0.168000,1.392000,2,0.054000,0.115000
7715,0.166000,0.662000,1,0.044000,0.085000
7716,0.036000,1.730000,2,0.030000,0.035000
7717,0.148000,1.324000,5,0.086000,0.125000
7718,0.154000,0.816000,2,0.058000,0.100000
7719,0.042000,0.790000,1,0.020000,0.030000
7720,0.020000,0.920000,1,0.016000,0.020000
7721,0.000000,0.000000,0,0.000000,0.000000
7722,0.030000,0.930000,1,0.018000,0.045000
7723,0.110000,1.068000,2,0.064000,0.100000
7724,0.058000,1.064000,4,0.052000,0.060000
7725,0.042000,0.850000,1,0.020000,0.030000
7726,0.064000,1.384000,3,0.058000,0.115000
7727,0.126000,1.494000,2,0.056000,0.090000
7728,0.018000,1.644000,3,0.042000,0.035000
7729,0.030000,0.830000,1,0.018000,0.025000
7730,0.014000,1.050000,2,0.024000,0.020000
7731,0.032000,0.002000,1,0.016000,0.035000
7732,0.058000,1.612000,3,0.050000,0.060000
7733,0.072000,0.810000,2,0.038000,0.055000
7734,0.112000,1.564000,3,0.064000,0.090000
7735,0.000000,0.000000,0,0.000000,0.000000
7736,0.072000,2.106000,4,0.070000,0.075000
7737,0.112000,0.810000,2,0.044000,0.080000
7738,0.160000,1.750000,6,0.098000,0.155000
7739,0.002000,0.540000,1,0.010000,0.005000
7740,0.316000,1.672000,2,0.064000,0.115000
7741,0.042000,0.790000,1,0.020000,0.030000
7742,0.158000,1.442000,3,0.066000,0.100000
7743,0.120000,2.346000,3,0.068000,0.095000
7744,0.230000,2.390000,5,0.092000,0.125000
7745,0.012000,0.900000,1,0.014000,0.015000
7746,0.044000,0.840000,3,0.044000,0.100000
7747,0.156000,1.240000,3,0.062000,0.095000
7748,0.048000,0.834000,2,0.042000,0.060000
7749,0.224000,1.074000,5,0.110000,0.175000
7750,0.128000,1.462000,2,0.054000,0.065000
7751,0.056000,1.626000,2,0.040000,0.050000
7752,0.230000,1.556000,3,0.082000,0.135000
7753,0.110000,1.072000,2,0.054000,0.080000
7754,0.204000,0.810000,3,0.068000,0.135000
7755,0.236000,1.190000,4,0.086000,0.095000
7756,0.106000,1.420000,2,0.062000,0.095000
7757,0.040000,0.834000,2,0.040000,0.050000
7758,0.072000,0.804000,2,0.048000,0.070000
7759,0.086000,1.698000,3,0.068000,0.090000
7760,0.000000,0.000000,0,0.000000,0.000000
7761,0.074000,1.500000,2,0.034000,0.045000
7762,0.114000,1.692000,2,0.052000,0.085000
7763,0.302000,2.254000,3,0.092000,0.115000
7764,0.360000,0.680000,2,0.076000,0.120000
7765,0.042000,1.532000,2,0.036000,0.045000
7766,0.170000,1.554000,3,0.074000,0.115000
7767,0.104000,0.332000,2,0.044000,0.065000
7768,0.114000,1.770000,2,0.044000,0.070000
7769,0.036000,1.720000,2,0.030000,0.035000
7770,0.116000,2.408000,3,0.070000,0.100000
7771,0.012000,0.802000,1,0.018000,0.020000
7772,0.108000,1.628000,2,0.058000,0.090000
7773,0.042000,0.590000,1,0.020000,0.030000
7774,0.194000,1.730000,3,0.066000,0.105000
7775,0.292000,0.656000,1,0.052000,0.100000
7776,0.052000,0.786000,2,0.042000,0.055000
7777,0.332000,1.374000,2,0.082000,0.135000
7778,0.090000,1.384000,3,0.060000,0.080000
7779,0.398000,2.296000,5,0.116000,0.185000
7780,0.072000,1.630000,2,0.038000,0.055000
7781,0.188000,0.822000,1,0.040000,0.075000
7782,0.182000,1.602000,3,0.060000,0.105000
7783,0.066000,1.198000,3,0.066000,0.085000
7784,0.388000,1.228000,4,0.122000,0.205000
7785,0.034000,0.832000,2,0.034000,0.040000
7786,0.110000,1.462000,3,0.050000,0.055000
7787,0.156000,3.026000,4,0.090000,0.105000
7788,0.098000,1.532000,4,0.070000,0.115000
7789,0.038000,1.714000,2,0.040000,0.050000
7790,0.160000,1.476000,3,0.094000,0.130000
7791,0.120000,0.752000,2,0.050000,0.080000
7792,0.022000,0.842000,1,0.020000,0.025000
7793,0.088000,0.738000,2,0.042000,0.070000
7794,0.118000,1.188000,3,0.082000,0.125000
7795,0.072000,0.530000,2,0.038000,0.055000
7796,0.560000,2.340000,3,0.092000,0.170000
7797,0.024000,1.740000,2,0.028000,0.030000
7798,0.104000,1.272000,2,0.048000,0.075000
7799,0.340000,0.842000,4,0.126000,0.255000
7800,0.134000,1.690000,3,0.056000,0.085000
7801,0.376000,1.226000,3,0.114000,0.235000
7802,0.162000,1.472000,3,0.066000,0.100000
7803,0.214000,2.154000,3,0.074000,0.115000
7804,0.180000,1.112000,2,0.056000,0.135000
7805,0.018000,0.582000,1,0.020000,0.025000
7806,0.004000,0.722000,1,0.014000,0.010000
7807,0.166000,2.472000,3,0.064000,0.095000
7808,0.020000,0.900000,1,0.016000,0.020000
7809,0.050000,1.454000,2,0.042000,0.050000
7810,0.084000,2.052000,3,0.056000,0.075000
7811,0.000000,0.000000,0,0.000000,0.000000
7812,0.022000,0.906000,1,0.022000,0.025000
7813,0.002000,0.890000,1,0.010000,0.005000
7814,0.102000,2.212000,3,0.056000,0.075000
7815,0.064000,1.672000,3,0.052000,0.065000
7816,0.114000,1.696000,3,0.064000,0.085000
7817,0.344000,1.336000,3,0.094000,0.160000
7818,0.196000,2.190000,3,0.068000,0.125000
7819,0.134000,0.714000,2,0.058000,0.095000
7820,0.074000,0.606000,2,0.052000,0.075000
7821,0.244000,1.818000,3,0.086000,0.140000
7822,0.246000,2.104000,3,0.082000,0.135000
7823,0.020000,0.760000,1,0.016000,0.020000
7824,0.044000,0.642000,2,0.038000,0.050000
7825,0.122000,0.712000,2,0.052000,0.085000
7826,0.066000,1.770000,3,0.048000,0.060000
7827,0.086000,1.594000,3,0.058000,0.070000
7828,0.238000,2.046000,4,0.092000,0.170000
7829,0.030000,0.600000,1,0.018000,0.025000
7830,0.020000,0.700000,1,0.016000,0.020000
7831,0.082000,2.594000,3,0.058000,0.075000
7832,0.074000,2.354000,3,0.058000,0.095000
7833,0.170000,2.342000,3,0.088000,0.135000
7834,0.140000,2.186000,3,0.076000,0.105000
7835,0.048000,1.674000,2,0.042000,0.055000
7836,0.086000,1.562000,2,0.042000,0.060000
7837,0.000000,0.000000,0,0.000000,0.000000
7838,0.104000,1.450000,3,0.054000,0.075000
7839,0.068000,1.780000,2,0.036000,0.050000
7840,0.164000,2.352000,3,0.072000,0.115000
7841,0.166000,1.274000,3,0.080000,0.120000
7842,0.030000,0.830000,1,0.018000,0.025000
7843,0.056000,0.910000,1,0.022000,0.035000
7844,0.008000,1.700000,2,0.022000,0.015000
7845,0.170000,1.952000,4,0.082000,0.120000
7846,0.154000,1.662000,5,0.090000,0.120000
7847,0.336000,0.752000,1,0.054000,0.110000
7848,0.132000,2.162000,4,0.076000,0.105000
7849,0.102000,2.052000,5,0.082000,0.100000
7850,0.090000,1.886000,5,0.088000,0.105000
7851,0.316000,2.390000,3,0.076000,0.095000
7852,0.028000,1.592000,2,0.032000,0.035000
7853,0.384000,1.316000,2,0.096000,0.185000
7854,0.050000,1.620000,2,0.034000,0.085000
7855,0.230000,1.852000,6,0.108000,0.145000
7856,0.110000,0.588000,2,0.060000,0.090000
7857,0.074000,2.314000,3,0.062000,0.075000
7858,0.036000,1.284000,2,0.038000,0.090000
7859,0.020000,0.600000,1,0.016000,0.020000
7860,0.062000,1.710000,2,0.034000,0.045000
7861,0.134000,2.380000,3,0.056000,0.080000
7862,0.208000,1.510000,3,0.070000,0.110000
7863,0.126000,1.302000,2,0.050000,0.080000
7864,0.020000,0.940000,1,0.016000,0.045000
7865,0.098000,1.282000,2,0.048000,0.075000
7866,0.076000,1.484000,2,0.050000,0.075000
7867,0.194000,1.028000,2,0.066000,0.110000
7868,0.054000,0.860000,2,0.034000,0.045000
7869,0.236000,2.216000,3,0.088000,0.140000
7870,0.372000,2.844000,4,0.114000,0.190000
7871,0.022000,0.822000,1,0.020000,0.025000
7872,0.158000,2.376000,3,0.084000,0.120000
7873,0.030000,0.900000,1,0.018000,0.025000
7874,1.210000,1.982000,4,0.140000,0.280000
7875,0.032000,2.232000,3,0.044000,0.065000
7876,0.152000,1.416000,2,0.068000,0.125000
7877,0.030000,0.860000,1,0.018000,0.025000
7878,0.012000,0.940000,1,0.014000,0.015000
7879,0.050000,1.702000,3,0.048000,0.055000
7880,0.768000,1.430000,2,0.076000,0.135000
7881,0.030000,0.400000,1,0.018000,0.025000
7882,0.020000,0.550000,1,0.016000,0.020000
7883,0.114000,1.370000,3,0.056000,0.080000
7884,0.218000,1.774000,3,0.074000,0.100000
7885,0.182000,3.030000,4,0.082000,0.125000
7886,0.108000,2.236000,4,0.084000,0.120000
7887,0.144000,1.650000,2,0.044000,0.075000
7888,0.082000,1.602000,2,0.044000,0.065000
7889,0.002000,0.560000,1,0.010000,0.005000
7890,0.028000,1.490000,3,0.038000,0.055000
7891,0.146000,0.740000,3,0.054000,0.090000
7892,0.032000,1.770000,2,0.028000,0.030000
7893,0.006000,0.510000,1,0.012000,0.010000
7894,0.180000,2.124000,5,0.104000,0.135000
7895,0.136000,2.384000,5,0.086000,0.165000
7896,0.170000,1.244000,2,0.058000,0.095000
7897,0.042000,0.830000,1,0.020000,0.030000
7898,0.146000,1.448000,3,0.084000,0.130000
7899,0.136000,0.754000,2,0.058000,0.105000
7900,0.000000,0.000000,0,0.000000,0.000000
7901,0.006000,0.960000,1,0.012000,0.010000
7902,0.118000,1.492000,3,0.062000,0.075000
7903,0.052000,1.744000,2,0.044000,0.050000
7904,0.096000,1.890000,3,0.054000,0.095000
7905,0.046000,1.624000,3,0.050000,0.055000
7906,0.118000,1.966000,3,0.074000,0.095000
7907,0.006000,0.910000,1,0.012000,0.010000
7908,0.398000,1.128000,4,0.100000,0.195000
7909,0.094000,1.532000,4,0.070000,0.080000
7910,0.020000,0.880000,1,0.016000,0.020000
7911,0.050000,0.890000,2,0.026000,0.045000
7912,0.028000,1.102000,2,0.032000,0.035000
7913,0.096000,3.238000,5,0.086000,0.100000
7914,0.158000,1.514000,3,0.074000,0.115000
7915,0.070000,1.022000,3,0.052000,0.065000
7916,0.258000,1.338000,3,0.098000,0.165000
7917,0.052000,1.700000,3,0.044000,0.050000
7918,0.132000,0.874000,5,0.084000,0.135000
7919,0.114000,1.670000,2,0.044000,0.070000
7920,0.132000,1.980000,3,0.060000,0.090000
7921,0.098000,1.082000,4,0.070000,0.120000
7922,0.316000,1.586000,3,0.082000,0.150000
7923,0.076000,0.666000,1,0.034000,0.055000
7924,0.062000,1.740000,3,0.048000,0.060000
7925,0.190000,0.872000,3,0.080000,0.145000
7926,0.098000,1.892000,4,0.070000,0.090000
7927,0.144000,2.508000,4,0.092000,0.115000
7928,0.118000,2.248000,3,0.076000,0.110000
7929,0.030000,0.790000,1,0.018000,0.025000
7930,0.174000,2.056000,4,0.102000,0.100000
7931,0.308000,1.588000,3,0.086000,0.145000
7932,0.000000,0.000000,0,0.000000,0.000000
7933,0.044000,0.572000,1,0.024000,0.035000
7934,0.060000,2.388000,5,0.084000,0.090000
7935,0.146000,1.482000,4,0.080000,0.115000
7936,0.050000,0.818000,2,0.044000,0.055000
7937,0.108000,1.594000,2,0.054000,0.085000
7938,0.072000,1.668000,3,0.060000,0.075000
7939,0.284000,2.264000,3,0.096000,0.180000
7940,0.356000,2.280000,3,0.076000,0.130000
7941,0.082000,0.922000,2,0.038000,0.070000
7942,0.386000,1.500000,2,0.058000,0.105000
7943,0.036000,0.930000,2,0.022000,0.035000
7944,0.236000,2.462000,3,0.072000,0.115000
7945,0.132000,0.594000,1,0.046000,0.085000
7946,0.078000,1.412000,2,0.044000,0.065000
7947,0.124000,2.470000,5,0.096000,0.120000
7948,0.046000,0.822000,3,0.048000,0.060000
7949,0.116000,2.220000,4,0.066000,0.085000
7950,0.188000,1.610000,3,0.060000,0.090000
7951,0.082000,2.544000,4,0.064000,0.080000
7952,0.054000,2.432000,3,0.048000,0.055000
7953,0.208000,1.670000,3,0.062000,0.095000
7954,0.152000,1.062000,2,0.054000,0.090000
7955,0.052000,0.912000,2,0.038000,0.050000
7956,0.098000,0.852000,3,0.060000,0.085000
7957,0.126000,1.824000,3,0.066000,0.095000
7958,0.362000,1.542000,4,0.092000,0.135000
7959,0.062000,0.870000,2,0.034000,0.045000
7960,0.418000,1.374000,4,0.102000,0.190000
7961,0.378000,1.844000,4,0.114000,0.205000
7962,0.012000,0.810000,1,0.014000,0.015000
7963,0.166000,2.296000,3,0.080000,0.125000
7964,0.000000,0.000000,0,0.000000,0.000000
7965,0.064000,0.932000,3,0.052000,0.065000
7966,0.178000,2.234000,4,0.088000,0.125000
7967,0.396000,2.978000,5,0.138000,0.205000
7968,0.046000,1.772000,2,0.034000,0.040000
7969,0.104000,1.076000,3,0.066000,0.090000
7970,0.238000,1.444000,3,0.096000,0.150000
7971,0.062000,2.592000,4,0.062000,0.070000
7972,0.052000,1.536000,3,0.056000,0.065000
7973,0.070000,1.746000,3,0.064000,0.085000
7974,0.000000,0.000000,0,0.000000,0.000000
7975,0.116000,2.504000,4,0.070000,0.090000
7976,0.056000,0.840000,1,0.022000,0.035000
7977,0.244000,2.414000,4,0.094000,0.110000
7978,0.356000,1.280000,3,0.068000,0.120000
7979,0.072000,1.700000,2,0.038000,0.055000
7980,0.170000,1.574000,4,0.104000,0.150000
7981,0.212000,2.328000,3,0.082000,0.120000
7982,0.034000,1.666000,2,0.036000,0.040000
7983,0.098000,1.712000,3,0.058000,0.080000
7984,0.026000,1.050000,2,0.028000,0.030000
7985,0.194000,2.394000,3,0.092000,0.140000
7986,0.154000,2.810000,4,0.100000,0.140000
7987,0.182000,1.400000,2,0.088000,0.145000
7988,0.032000,0.882000,1,0.022000,0.030000
7989,0.042000,0.870000,1,0.020000,0.030000
7990,0.062000,1.640000,2,0.036000,0.050000
7991,0.240000,1.800000,3,0.072000,0.120000
7992,0.012000,1.660000,2,0.024000,0.020000
7993,0.052000,1.642000,3,0.044000,0.055000
7994,0.024000,1.566000,2,0.038000,0.040000
7995,0.232000,1.368000,3,0.100000,0.170000
7996,0.072000,2.500000,3,0.050000,0.050000
7997,0.054000,0.402000,1,0.028000,0.080000
7998,0.012000,0.940000,1,0.014000,0.015000
7999,0.156000,0.830000,1,0.032000,0.060000
8000,0.130000,1.502000,6,0.098000,0.110000
8001,0.122000,1.322000,3,0.064000,0.095000
8002,0.042000,0.420000,1,0.020000,0.030000
8003,0.214000,0.744000,1,0.052000,0.100000
8004,0.102000,2.022000,3,0.062000,0.110000
8005,0.064000,1.970000,4,0.060000,0.070000
8006,0.392000,1.232000,3,0.080000,0.135000
8007,0.282000,2.384000,7,0.132000,0.190000
8008,0.054000,1.700000,2,0.034000,0.045000
8009,0.126000,2.442000,3,0.064000,0.075000
8010,0.064000,1.480000,3,0.036000,0.050000
8011,0.062000,1.590000,2,0.034000,0.045000
8012,0.020000,0.780000,1,0.016000,0.020000
8013,0.000000,0.000000,0,0.000000,0.000000
8014,0.082000,3.342000,4,0.068000,0.085000
8015,0.082000,1.564000,4,0.072000,0.090000
8016,0.072000,1.926000,3,0.064000,0.085000
8017,0.006000,0.960000,1,0.012000,0.010000
8018,0.190000,2.204000,5,0.106000,0.155000
8019,0.196000,2.892000,5,0.098000,0.140000
8020,0.054000,1.772000,3,0.050000,0.060000
8021,0.080000,2.144000,4,0.068000,0.080000
8022,0.072000,0.840000,1,0.024000,0.040000
8023,0.146000,1.630000,2,0.048000,0.080000
8024,0.388000,2.390000,4,0.092000,0.150000
8025,0.068000,0.716000,2,0.052000,0.075000
8026,0.060000,1.680000,2,0.036000,0.050000
8027,0.336000,1.548000,4,0.130000,0.250000
8028,0.260000,2.482000,3,0.068000,0.105000
8029,0.186000,0.754000,1,0.054000,0.130000
8030,0.146000,2.122000,3,0.058000,0.080000
8031,0.002000,0.950000,1,0.010000,0.005000
8032,0.242000,1.884000,5,0.122000,0.175000
8033,0.080000,1.502000,3,0.054000,0.070000
8034,0.242000,1.464000,4,0.090000,0.150000
8035,0.032000,0.848000,2,0.040000,0.045000
8036,0.114000,1.102000,4,0.060000,0.075000
8037,0.214000,1.544000,4,0.096000,0.150000
8038,0.058000,1.618000,3,0.044000,0.060000
8039,0.008000,0.682000,1,0.016000,0.015000
8040,0.042000,0.900000,1,0.020000,0.030000
8041,0.102000,1.054000,2,0.054000,0.085000
8042,0.500000,1.388000,3,0.104000,0.180000
8043,0.166000,1.582000,2,0.058000,0.100000
8044,0.066000,1.504000,2,0.048000,0.070000
8045,0.182000,0.810000,3,0.066000,0.135000
8046,0.012000,0.830000,1,0.014000,0.015000
8047,0.036000,1.540000,2,0.030000,0.035000
8048,0.002000,0.650000,1,0.010000,0.005000
8049,0.042000,0.920000,1,0.020000,0.030000
8050,0.050000,1.210000,2,0.034000,0.045000
8051,0.164000,0.678000,3,0.078000,0.115000
8052,0.012000,0.950000,1,0.014000,0.015000
8053,0.080000,1.832000,2,0.040000,0.055000
8054,0.174000,1.210000,2,0.050000,0.085000
8055,0.262000,2.974000,5,0.110000,0.135000
8056,0.312000,1.466000,3,0.098000,0.170000
8057,0.168000,1.334000,4,0.088000,0.120000
8058,0.174000,0.764000,1,0.052000,0.100000
8059,0.020000,2.010000,3,0.036000,0.030000
8060,0.254000,2.196000,4,0.098000,0.145000
8061,0.170000,1.534000,3,0.076000,0.120000
8062,0.348000,1.310000,3,0.102000,0.175000
8063,0.578000,0.506000,3,0.106000,0.215000
8064,0.202000,0.526000,1,0.082000,0.150000
8065,0.086000,2.888000,5,0.090000,0.105000
8066,0.324000,1.516000,3,0.100000,0.155000
8067,0.050000,1.500000,2,0.034000,0.045000
8068,0.182000,2.152000,5,0.096000,0.155000
8069,0.142000,3.302000,5,0.090000,0.145000
8070,0.120000,1.232000,2,0.050000,0.080000
8071,0.100000,0.756000,2,0.058000,0.090000
8072,0.064000,1.090000,2,0.050000,0.065000
8073,0.290000,2.862000,4,0.112000,0.145000
8074,0.012000,0.900000,1,0.014000,0.015000
8075,0.174000,0.730000,2,0.050000,0.085000
8076,0.184000,2.910000,5,0.084000,0.150000
8077,0.056000,1.538000,4,0.066000,0.070000
8078,0.250000,2.244000,4,0.098000,0.155000
8079,0.066000,1.826000,3,0.058000,0.070000
8080,0.276000,1.524000,3,0.080000,0.130000
8081,0.104000,2.352000,4,0.070000,0.090000
8082,0.084000,1.732000,3,0.048000,0.075000
8083,0.032000,0.820000,2,0.030000,0.035000
8084,0.196000,2.410000,5,0.094000,0.135000
8085,0.056000,0.834000,2,0.042000,0.070000
8086,0.228000,3.190000,4,0.098000,0.145000
8087,0.224000,1.694000,2,0.070000,0.125000
8088,0.014000,0.812000,1,0.018000,0.020000
8089,0.068000,1.506000,4,0.068000,0.080000
8090,0.058000,3.268000,4,0.066000,0.070000
8091,0.424000,2.182000,4,0.084000,0.145000
8092,0.128000,1.538000,3,0.078000,0.115000
8093,0.138000,1.590000,3,0.058000,0.085000
8094,0.020000,0.770000,1,0.016000,0.020000
8095,0.024000,1.670000,2,0.028000,0.030000
8096,0.092000,1.648000,4,0.076000,0.095000
8097,0.034000,0.854000,2,0.038000,0.045000
8098,0.226000,2.952000,5,0.108000,0.150000
8099,0.058000,2.492000,3,0.048000,0.055000
8100,0.062000,1.580000,2,0.034000,0.045000
8101,0.348000,2.798000,5,0.122000,0.185000
8102,0.102000,1.230000,2,0.042000,0.095000
8103,0.086000,1.510000,2,0.040000,0.060000
8104,0.296000,1.392000,2,0.072000,0.135000
8105,0.120000,1.200000,2,0.044000,0.070000
8106,0.042000,1.380000,2,0.032000,0.040000
8107,0.086000,1.998000,3,0.070000,0.095000
8108,0.112000,1.504000,3,0.062000,0.075000
8109,0.020000,0.930000,1,0.016000,0.020000
8110,0.724000,2.536000,4,0.178000,0.315000
8111,0.394000,1.750000,6,0.186000,0.300000
8112,0.074000,1.972000,3,0.054000,0.070000
8113,0.280000,1.122000,3,0.110000,0.185000
8114,0.092000,0.412000,2,0.048000,0.075000
8115,0.206000,2.602000,6,0.124000,0.165000
8116,0.102000,0.766000,2,0.046000,0.065000
8117,0.102000,1.330000,2,0.040000,0.060000
8118,0.132000,2.222000,4,0.074000,0.100000
8119,0.242000,3.106000,4,0.090000,0.125000
8120,0.180000,1.998000,4,0.104000,0.160000
8121,0.184000,2.126000,3,0.070000,0.105000
8122,0.062000,1.738000,2,0.046000,0.060000
8123,0.066000,1.750000,3,0.048000,0.060000
8124,0.132000,3.192000,6,0.116000,0.145000
8125,0.124000,2.178000,3,0.082000,0.115000
8126,0.080000,1.642000,2,0.044000,0.065000
8127,0.032000,1.622000,2,0.034000,0.040000
8128,0.000000,0.000000,0,0.000000,0.000000
8129,0.162000,0.240000,2,0.050000,0.085000
8130,0.230000,0.722000,1,0.046000,0.090000
8131,0.060000,3.182000,4,0.062000,0.065000
8132,0.384000,1.470000,3,0.082000,0.145000
8133,0.126000,3.266000,5,0.090000,0.130000
8134,0.202000,0.604000,3,0.068000,0.120000
8135,0.110000,0.280000,1,0.028000,0.050000
8136,0.076000,2.266000,4,0.074000,0.090000
8137,0.110000,1.426000,2,0.054000,0.080000
8138,0.020000,0.790000,1,0.016000,0.020000
8139,0.042000,1.650000,2,0.032000,0.040000
8140,0.014000,0.008000,1,0.014000,0.020000
8141,0.084000,1.622000,2,0.046000,0.070000
8142,0.062000,0.882000,1,0.028000,0.045000
8143,0.026000,1.566000,2,0.034000,0.035000
8144,0.094000,1.504000,3,0.064000,0.090000
8145,0.042000,0.730000,1,0.020000,0.030000
8146,0.076000,3.150000,6,0.074000,0.100000
8147,0.152000,1.004000,3,0.068000,0.110000
8148,0.178000,0.626000,2,0.060000,0.100000
8149,0.076000,0.082000,1,0.032000,0.055000
8150,0.032000,1.670000,2,0.030000,0.035000
8151,0.148000,2.266000,4,0.084000,0.125000
8152,0.090000,1.626000,3,0.058000,0.075000
8153,0.086000,0.780000,2,0.054000,0.125000
8154,0.012000,0.860000,1,0.014000,0.015000
8155,0.054000,1.870000,3,0.044000,0.050000
8156,0.038000,1.690000,3,0.042000,0.070000
8157,0.134000,1.612000,2,0.052000,0.125000
8158,0.082000,2.130000,3,0.066000,0.085000
8159,0.026000,1.482000,2,0.032000,0.035000
8160,0.000000,0.000000,0,0.000000,0.000000
8161,0.034000,1.472000,3,0.044000,0.080000
8162,0.078000,1.462000,2,0.042000,0.060000
8163,0.132000,2.648000,4,0.092000,0.130000
8164,0.046000,2.642000,4,0.056000,0.055000
8165,0.072000,0.680000,1,0.024000,0.040000
8166,0.106000,1.564000,3,0.064000,0.090000
8167,0.172000,1.612000,4,0.078000,0.100000
8168,0.164000,1.306000,2,0.056000,0.090000
8169,0.118000,2.454000,4,0.076000,0.100000
8170,0.052000,2.334000,4,0.062000,0.075000
8171,0.000000,0.000000,0,0.000000,0.000000
8172,0.084000,1.280000,2,0.038000,0.055000
8173,0.072000,2.284000,4,0.068000,0.065000
8174,0.014000,0.804000,1,0.022000,0.025000
8175,0.458000,2.568000,6,0.156000,0.245000
8176,0.032000,0.802000,1,0.024000,0.035000
8177,0.234000,3.230000,4,0.082000,0.120000
8178,0.036000,0.970000,2,0.030000,0.035000
8179,0.112000,2.084000,4,0.076000,0.100000
8180,0.224000,2.240000,4,0.084000,0.130000
8181,0.106000,1.642000,3,0.058000,0.080000
8182,0.020000,0.860000,1,0.016000,0.020000
8183,0.460000,1.362000,3,0.112000,0.195000
8184,0.056000,1.682000,2,0.038000,0.050000
8185,0.122000,1.456000,3,0.072000,0.105000
8186,0.378000,2.236000,5,0.104000,0.185000
8187,0.112000,2.920000,4,0.068000,0.090000
8188,0.296000,2.512000,5,0.136000,0.195000
8189,0.020000,0.740000,1,0.016000,0.020000
8190,0.090000,0.890000,1,0.026000,0.045000
8191,0.382000,2.410000,3,0.076000,0.130000
8192,0.178000,1.638000,2,0.070000,0.115000
8193,0.084000,0.692000,2,0.034000,0.060000
8194,0.032000,1.780000,2,0.030000,0.035000
8195,0.084000,1.420000,2,0.038000,0.055000
8196,0.212000,2.262000,3,0.078000,0.065000
8197,0.154000,2.384000,3,0.076000,0.120000
8198,0.122000,1.492000,2,0.052000,0.085000
8199,0.246000,1.734000,3,0.080000,0.130000
8200,0.562000,0.642000,1,0.068000,0.145000
8201,0.178000,2.448000,3,0.096000,0.120000
8202,0.144000,3.020000,4,0.074000,0.105000
8203,0.330000,1.070000,2,0.088000,0.180000
8204,0.040000,1.532000,3,0.046000,0.050000
8205,0.290000,1.650000,3,0.072000,0.120000
8206,0.026000,1.652000,2,0.032000,0.035000
8207,0.732000,1.284000,2,0.104000,0.210000
8208,0.106000,1.704000,3,0.066000,0.095000
8209,0.074000,1.372000,2,0.042000,0.060000
8210,0.068000,1.606000,4,0.072000,0.105000
8211,0.122000,1.452000,3,0.060000,0.085000
8212,0.050000,1.780000,2,0.034000,0.045000
8213,0.716000,1.984000,4,0.124000,0.195000
8214,0.120000,1.520000,4,0.068000,0.095000
8215,0.134000,2.590000,6,0.090000,0.095000
8216,0.180000,2.380000,5,0.110000,0.180000
8217,0.266000,1.612000,2,0.060000,0.105000
8218,0.136000,1.342000,3,0.064000,0.075000
8219,0.134000,1.732000,2,0.050000,0.080000
8220,0.270000,1.382000,4,0.104000,0.170000
8221,0.000000,0.000000,0,0.000000,0.000000
8222,0.114000,1.348000,4,0.072000,0.100000
8223,0.042000,0.860000,1,0.020000,0.030000
8224,0.030000,0.930000,1,0.018000,0.025000
8225,0.020000,1.562000,2,0.030000,0.030000
8226,0.066000,1.592000,2,0.042000,0.060000
8227,0.020000,1.552000,2,0.030000,0.030000
8228,0.038000,1.600000,3,0.040000,0.040000
8229,0.178000,1.074000,3,0.094000,0.150000
8230,0.144000,1.420000,3,0.060000,0.095000
8231,0.146000,1.550000,2,0.048000,0.080000
8232,0.040000,1.674000,2,0.042000,0.085000
8233,0.210000,1.786000,3,0.076000,0.115000
8234,0.116000,2.374000,6,0.100000,0.145000
8235,0.286000,1.784000,7,0.134000,0.185000
8236,0.338000,2.324000,4,0.102000,0.165000
8237,0.190000,1.210000,3,0.056000,0.110000
8238,0.142000,2.012000,4,0.080000,0.170000
8239,0.158000,2.824000,5,0.098000,0.125000
8240,0.140000,2.228000,3,0.070000,0.100000
8241,0.040000,1.380000,4,0.052000,0.065000
8242,0.154000,2.054000,4,0.088000,0.100000
8243,0.104000,1.720000,3,0.056000,0.080000
8244,0.116000,1.790000,3,0.054000,0.075000
8245,0.242000,2.164000,4,0.098000,0.150000
8246,0.662000,3.054000,4,0.122000,0.175000
8247,0.030000,1.044000,2,0.036000,0.040000
8248,0.024000,1.654000,3,0.044000,0.040000
8249,0.052000,1.182000,2,0.038000,0.050000
8250,0.090000,1.106000,3,0.064000,0.085000
8251,0.224000,1.466000,3,0.094000,0.140000
8252,0.036000,1.782000,3,0.046000,0.050000
8253,0.020000,0.810000,1,0.016000,0.020000
8254,0.216000,1.800000,2,0.048000,0.080000
8255,0.118000,2.328000,4,0.084000,0.115000
8256,0.544000,1.888000,4,0.158000,0.255000
8257,0.092000,2.060000,4,0.066000,0.125000
8258,0.212000,1.444000,6,0.128000,0.185000
8259,0.106000,2.396000,3,0.064000,0.085000
8260,0.146000,2.482000,3,0.058000,0.080000
8261,0.390000,0.530000,2,0.104000,0.225000
8262,0.086000,3.338000,4,0.076000,0.080000
8263,0.020000,0.830000,1,0.016000,0.025000
8264,0.136000,1.080000,4,0.096000,0.170000
8265,0.114000,3.042000,6,0.098000,0.145000
8266,0.056000,0.854000,1,0.034000,0.055000
8267,0.082000,1.780000,3,0.052000,0.070000
8268,0.184000,2.472000,4,0.082000,0.120000
8269,0.010000,1.742000,2,0.026000,0.020000
8270,0.054000,1.490000,2,0.034000,0.045000
8271,0.062000,2.814000,4,0.064000,0.070000
8272,0.186000,3.090000,5,0.092000,0.120000
8273,0.234000,2.028000,3,0.104000,0.150000
8274,0.078000,1.626000,2,0.044000,0.060000
8275,0.072000,1.372000,3,0.054000,0.090000
8276,0.138000,2.378000,3,0.080000,0.120000
8277,0.050000,1.830000,2,0.034000,0.045000
8278,0.164000,2.490000,3,0.058000,0.085000
8279,0.092000,0.810000,4,0.052000,0.070000
8280,0.026000,0.782000,2,0.032000,0.035000
8281,0.288000,1.102000,3,0.070000,0.120000
8282,0.062000,1.756000,5,0.070000,0.080000
8283,0.080000,2.450000,3,0.050000,0.065000
8284,0.000000,0.000000,0,0.000000,0.000000
8285,0.212000,2.446000,3,0.074000,0.120000
8286,0.138000,1.514000,3,0.068000,0.115000
8287,0.144000,2.482000,4,0.076000,0.105000
8288,0.056000,0.520000,1,0.022000,0.035000
8289,0.072000,0.712000,1,0.032000,0.055000
8290,0.462000,1.500000,2,0.074000,0.085000
8291,0.040000,0.632000,3,0.036000,0.045000
8292,0.012000,0.740000,1,0.014000,0.015000
8293,0.012000,1.780000,2,0.024000,0.020000
8294,0.098000,2.384000,5,0.078000,0.105000
8295,0.078000,1.610000,2,0.050000,0.040000
8296,0.066000,1.544000,2,0.046000,0.065000
8297,0.048000,1.770000,2,0.032000,0.040000
8298,0.094000,2.198000,3,0.064000,0.085000
8299,0.082000,2.500000,4,0.064000,0.080000
8300,0.350000,1.454000,3,0.082000,0.135000
8301,0.252000,2.072000,4,0.106000,0.160000
8302,0.144000,1.662000,2,0.054000,0.090000
8303,0.124000,1.830000,3,0.058000,0.095000
8304,0.048000,0.582000,2,0.038000,0.050000
8305,0.052000,2.534000,3,0.054000,0.065000
8306,0.210000,1.520000,4,0.072000,0.180000
8307,0.298000,1.292000,3,0.106000,0.225000
8308,0.104000,0.744000,1,0.040000,0.070000
8309,0.074000,0.870000,2,0.034000,0.045000
8310,0.006000,0.620000,1,0.012000,0.010000
8311,0.592000,2.264000,4,0.112000,0.165000
8312,0.098000,1.464000,2,0.054000,0.085000
8313,0.124000,3.214000,6,0.102000,0.125000
8314,0.058000,1.584000,2,0.042000,0.055000
8315,0.114000,1.660000,2,0.044000,0.070000
8316,0.132000,1.610000,2,0.046000,0.075000
8317,0.168000,2.144000,4,0.086000,0.115000
8318,0.090000,0.860000,1,0.026000,0.045000
8319,0.146000,1.516000,2,0.066000,0.110000
8320,0.106000,3.432000,4,0.072000,0.095000
8321,0.124000,2.428000,5,0.086000,0.125000
8322,0.008000,1.760000,2,0.022000,0.015000
8323,0.110000,2.282000,3,0.070000,0.095000
8324,0.252000,2.194000,4,0.106000,0.165000
8325,0.182000,1.524000,3,0.074000,0.140000
8326,0.058000,1.702000,3,0.050000,0.060000
8327,0.072000,2.672000,3,0.054000,0.070000
8328,0.058000,0.620000,2,0.032000,0.040000
8329,0.238000,1.224000,5,0.106000,0.135000
8330,0.072000,1.400000,2,0.038000,0.055000
8331,0.090000,1.572000,2,0.048000,0.075000
8332,0.044000,1.692000,2,0.036000,0.045000
8333,0.014000,1.590000,2,0.024000,0.020000
8334,0.082000,2.178000,3,0.082000,0.105000
8335,0.122000,2.110000,4,0.098000,0.140000
8336,0.450000,1.334000,3,0.084000,0.140000
8337,0.074000,1.612000,2,0.042000,0.060000
8338,0.160000,2.078000,3,0.080000,0.110000
8339,0.160000,1.572000,3,0.068000,0.105000
8340,0.102000,2.424000,4,0.074000,0.095000
8341,0.600000,2.262000,3,0.096000,0.135000
8342,0.136000,2.282000,3,0.066000,0.100000
8343,0.466000,2.222000,5,0.138000,0.220000
8344,0.014000,0.742000,1,0.018000,0.020000
8345,0.072000,1.410000,2,0.038000,0.055000
8346,0.084000,2.464000,3,0.058000,0.075000
8347,0.088000,2.544000,4,0.070000,0.085000
8348,0.012000,0.900000,1,0.014000,0.015000
8349,0.112000,1.550000,2,0.044000,0.070000
8350,0.082000,1.560000,3,0.052000,0.070000
8351,0.094000,2.262000,3,0.060000,0.085000
8352,0.208000,2.320000,3,0.062000,0.095000
8353,0.258000,1.480000,3,0.092000,0.150000
8354,0.164000,1.670000,3,0.062000,0.095000
8355,0.174000,2.322000,4,0.082000,0.130000
8356,0.366000,2.192000,5,0.128000,0.165000
8357,0.186000,1.722000,2,0.048000,0.075000
8358,0.146000,2.032000,5,0.094000,0.130000
8359,0.050000,1.664000,3,0.052000,0.060000
8360,0.138000,1.504000,4,0.082000,0.120000
8361,0.216000,1.936000,3,0.108000,0.175000
8362,0.160000,1.280000,5,0.094000,0.190000
8363,0.182000,2.460000,4,0.080000,0.095000
8364,0.194000,1.512000,2,0.060000,0.105000
8365,0.160000,2.926000,4,0.082000,0.110000
8366,0.044000,1.220000,2,0.030000,0.050000
8367,0.062000,2.694000,4,0.062000,0.065000
8368,0.040000,0.892000,1,0.026000,0.040000
8369,0.036000,1.340000,2,0.030000,0.035000
8370,0.056000,0.900000,1,0.022000,0.035000
8371,0.000000,0.000000,0,0.000000,0.000000
8372,0.294000,2.174000,3,0.094000,0.150000
8373,0.204000,1.484000,2,0.066000,0.115000
8374,0.104000,2.430000,3,0.080000,0.100000
8375,0.014000,1.650000,2,0.024000,0.020000
8376,0.054000,1.200000,2,0.034000,0.045000
8377,0.310000,0.582000,1,0.094000,0.165000
8378,0.030000,0.870000,1,0.018000,0.025000
8379,0.160000,1.570000,3,0.062000,0.095000
8380,0.134000,0.848000,3,0.080000,0.120000
8381,0.042000,0.730000,1,0.020000,0.030000
8382,0.030000,0.930000,1,0.018000,0.025000
8383,0.022000,1.860000,2,0.026000,0.025000
8384,0.118000,1.564000,4,0.076000,0.070000
8385,0.134000,0.686000,1,0.046000,0.080000
8386,0.054000,0.662000,1,0.028000,0.045000
8387,0.024000,1.452000,2,0.032000,0.035000
8388,0.048000,1.442000,2,0.038000,0.050000
8389,0.010000,0.822000,2,0.026000,0.050000
8390,0.110000,1.758000,2,0.052000,0.075000
8391,0.000000,0.000000,0,0.000000,0.000000
8392,0.220000,2.440000,4,0.088000,0.140000
8393,0.224000,1.850000,3,0.066000,0.105000
8394,0.030000,0.930000,1,0.018000,0.025000
8395,0.024000,2.604000,3,0.044000,0.040000
8396,0.114000,1.462000,2,0.052000,0.085000
8397,0.172000,1.972000,4,0.070000,0.110000
8398,0.126000,1.542000,3,0.052000,0.085000
8399,0.236000,1.722000,3,0.074000,0.105000
8400,0.116000,1.406000,2,0.056000,0.085000
8401,0.020000,0.900000,1,0.016000,0.020000
8402,0.116000,2.270000,3,0.058000,0.085000
8403,0.420000,1.836000,4,0.124000,0.200000
8404,0.082000,1.730000,4,0.060000,0.070000
8405,0.038000,1.702000,2,0.034000,0.040000
8406,0.698000,1.890000,6,0.176000,0.300000
8407,0.150000,2.360000,4,0.074000,0.105000
8408,0.088000,3.200000,4,0.064000,0.060000
8409,0.076000,1.564000,2,0.048000,0.070000
8410,0.078000,2.376000,4,0.074000,0.090000
8411,0.032000,1.600000,2,0.030000,0.035000
8412,0.124000,2.172000,4,0.074000,0.100000
8413,0.020000,0.266000,2,0.032000,0.030000
8414,0.044000,1.580000,2,0.030000,0.035000
8415,0.062000,1.562000,2,0.040000,0.055000
8416,0.030000,0.850000,1,0.018000,0.025000
8417,0.062000,1.410000,3,0.048000,0.095000
8418,0.086000,2.400000,4,0.064000,0.080000
8419,0.082000,2.290000,3,0.050000,0.085000
8420,0.014000,1.240000,2,0.024000,0.020000
8421,0.142000,2.408000,4,0.084000,0.120000
8422,0.042000,0.910000,1,0.020000,0.055000
8423,0.238000,2.160000,6,0.130000,0.195000
8424,0.230000,1.562000,3,0.096000,0.155000
8425,0.074000,2.306000,3,0.072000,0.085000
8426,0.018000,1.910000,2,0.026000,0.025000
8427,0.190000,2.886000,5,0.104000,0.155000
8428,0.364000,2.206000,4,0.106000,0.170000
8429,0.164000,2.502000,3,0.072000,0.115000
8430,0.356000,2.572000,9,0.192000,0.280000
8431,0.652000,3.492000,7,0.206000,0.280000
8432,0.046000,1.642000,3,0.048000,0.040000
8433,0.012000,0.610000,1,0.014000,0.015000
8434,0.104000,2.450000,4,0.066000,0.085000
8435,0.446000,1.574000,4,0.118000,0.215000
8436,0.286000,2.032000,4,0.094000,0.150000
8437,0.092000,0.384000,2,0.050000,0.075000
8438,0.230000,2.104000,3,0.080000,0.130000
8439,0.020000,0.390000,1,0.016000,0.020000
8440,0.360000,0.546000,3,0.104000,0.185000
8441,0.156000,1.666000,3,0.080000,0.125000
8442,0.092000,1.460000,3,0.054000,0.075000
8443,0.064000,1.792000,2,0.040000,0.055000
8444,0.052000,3.406000,4,0.062000,0.065000
8445,0.196000,1.982000,4,0.084000,0.125000
8446,0.070000,2.216000,3,0.052000,0.060000
8447,0.024000,1.640000,3,0.036000,0.030000
8448,0.250000,2.420000,3,0.070000,0.115000
8449,0.112000,2.432000,4,0.072000,0.095000
8450,0.140000,1.358000,3,0.082000,0.105000
8451,0.060000,1.214000,2,0.044000,0.080000
8452,0.012000,0.640000,1,0.014000,0.015000
8453,0.094000,2.336000,3,0.066000,0.090000
8454,0.134000,3.080000,5,0.082000,0.105000
8455,0.112000,2.562000,3,0.060000,0.085000
8456,0.064000,3.126000,5,0.082000,0.090000
8457,0.090000,1.130000,3,0.052000,0.090000
8458,0.104000,1.604000,2,0.054000,0.085000
8459,0.074000,1.960000,3,0.048000,0.060000
8460,0.120000,3.928000,5,0.092000,0.110000
8461,0.532000,2.212000,3,0.100000,0.185000
8462,0.034000,3.352000,4,0.054000,0.050000
8463,0.026000,0.612000,1,0.022000,0.030000
8464,0.950000,1.252000,3,0.098000,0.165000
8465,0.012000,0.752000,1,0.018000,0.020000
8466,0.204000,1.544000,4,0.094000,0.145000
8467,0.006000,0.930000,1,0.012000,0.010000
8468,0.030000,0.850000,1,0.018000,0.025000
8469,0.030000,1.622000,2,0.034000,0.040000
8470,0.042000,0.920000,1,0.020000,0.030000
8471,0.008000,0.876000,1,0.018000,0.015000
8472,0.300000,3.404000,9,0.166000,0.225000
8473,0.388000,1.596000,6,0.140000,0.245000
8474,0.128000,0.810000,2,0.046000,0.075000
8475,0.360000,1.412000,3,0.096000,0.120000
8476,0.028000,0.594000,1,0.026000,0.035000
8477,0.292000,0.140000,2,0.056000,0.100000
8478,0.018000,0.462000,1,0.020000,0.025000
8479,0.486000,2.890000,5,0.140000,0.160000
8480,0.074000,1.512000,2,0.042000,0.060000
8481,0.072000,0.850000,1,0.024000,0.040000
8482,0.162000,1.590000,2,0.048000,0.080000
8483,0.072000,0.900000,1,0.024000,0.040000
8484,0.142000,2.430000,4,0.074000,0.105000
8485,0.224000,2.226000,3,0.094000,0.140000
8486,0.166000,2.010000,4,0.092000,0.130000
8487,0.546000,0.786000,2,0.086000,0.215000
8488,0.042000,0.910000,1,0.020000,0.030000
8489,0.138000,1.524000,4,0.084000,0.120000
8490,0.042000,0.420000,1,0.020000,0.030000
8491,0.124000,1.402000,3,0.060000,0.085000
8492,0.086000,1.904000,3,0.058000,0.075000
8493,0.070000,0.842000,2,0.040000,0.055000
8494,0.098000,1.380000,2,0.042000,0.065000
8495,0.068000,1.352000,2,0.060000,0.085000
8496,0.020000,1.880000,3,0.036000,0.030000
8497,0.222000,1.522000,6,0.118000,0.170000
8498,0.060000,0.754000,1,0.030000,0.045000
8499,0.276000,2.030000,4,0.094000,0.155000
8500,0.060000,1.260000,3,0.062000,0.075000
8501,0.012000,0.760000,1,0.014000,0.015000
8502,0.174000,1.492000,2,0.052000,0.085000
8503,0.114000,1.584000,3,0.070000,0.095000
8504,0.054000,0.870000,2,0.034000,0.045000
8505,0.222000,1.274000,4,0.096000,0.195000
8506,0.132000,2.488000,5,0.094000,0.120000
8507,0.034000,1.632000,2,0.034000,0.040000
8508,0.432000,2.118000,3,0.094000,0.160000
8509,0.094000,2.394000,4,0.072000,0.090000
8510,0.060000,0.862000,3,0.048000,0.065000
8511,0.042000,0.920000,1,0.020000,0.030000
8512,0.050000,0.984000,3,0.062000,0.070000
8513,0.186000,1.704000,4,0.092000,0.140000
8514,0.118000,2.190000,5,0.104000,0.125000
8515,0.170000,2.072000,3,0.072000,0.090000
8516,0.854000,1.482000,2,0.090000,0.165000
8517,0.168000,1.632000,3,0.070000,0.100000
8518,0.112000,2.342000,3,0.060000,0.085000
8519,0.244000,1.412000,3,0.104000,0.165000
8520,0.196000,2.912000,7,0.124000,0.165000
8521,0.082000,2.570000,3,0.052000,0.070000
8522,0.024000,2.620000,3,0.036000,0.030000
8523,0.050000,2.384000,5,0.072000,0.060000
8524,0.168000,1.874000,3,0.068000,0.100000
8525,0.114000,1.582000,2,0.048000,0.075000
8526,0.238000,1.904000,4,0.096000,0.150000
8527,0.014000,1.820000,2,0.024000,0.020000
8528,0.114000,3.322000,4,0.074000,0.100000
8529,0.034000,1.068000,3,0.050000,0.055000
8530,0.082000,0.762000,2,0.046000,0.070000
8531,0.118000,0.920000,3,0.058000,0.085000
8532,0.332000,1.362000,2,0.064000,0.115000
8533,0.150000,2.936000,4,0.082000,0.115000
8534,0.214000,1.994000,3,0.084000,0.140000
8535,0.146000,2.306000,5,0.102000,0.140000
8536,0.204000,2.204000,4,0.124000,0.195000
8537,0.132000,2.550000,3,0.060000,0.090000
8538,0.150000,2.148000,4,0.082000,0.110000
8539,0.000000,0.000000,0,0.000000,0.000000
8540,0.172000,1.488000,3,0.080000,0.120000
8541,0.246000,1.176000,3,0.082000,0.130000
8542,0.150000,2.922000,6,0.136000,0.240000
8543,0.100000,0.910000,3,0.052000,0.070000
8544,0.054000,1.898000,3,0.052000,0.055000
8545,0.406000,2.262000,4,0.118000,0.190000
8546,0.024000,1.622000,2,0.030000,0.030000
8547,0.032000,1.780000,2,0.030000,0.035000
8548,0.116000,3.062000,4,0.076000,0.105000
8549,0.130000,2.428000,4,0.090000,0.115000
8550,0.044000,1.612000,2,0.036000,0.045000
8551,0.186000,2.390000,4,0.082000,0.125000
8552,0.020000,1.124000,2,0.034000,0.035000
8553,0.032000,1.720000,2,0.028000,0.030000
8554,0.040000,1.632000,3,0.046000,0.050000
8555,0.004000,0.842000,1,0.014000,0.010000
8556,0.110000,1.542000,4,0.072000,0.090000
8557,0.000000,0.000000,0,0.000000,0.000000
8558,0.156000,0.760000,1,0.032000,0.095000
8559,0.032000,1.182000,2,0.034000,0.040000
8560,0.026000,1.844000,2,0.036000,0.040000
8561,0.024000,1.522000,3,0.032000,0.035000
8562,0.044000,1.822000,2,0.036000,0.045000
8563,0.586000,2.322000,3,0.086000,0.125000
8564,0.004000,0.822000,1,0.014000,0.015000
8565,0.344000,1.300000,2,0.064000,0.120000
8566,0.160000,2.884000,4,0.086000,0.105000
8567,0.090000,0.000000,1,0.018000,0.045000
8568,0.020000,0.670000,1,0.016000,0.020000
8569,0.034000,0.610000,3,0.032000,0.045000
8570,0.134000,2.354000,4,0.076000,0.120000
8571,0.100000,2.062000,3,0.058000,0.080000
8572,0.156000,3.074000,4,0.086000,0.125000
8573,0.190000,2.168000,4,0.100000,0.135000
8574,0.104000,2.540000,3,0.054000,0.075000
8575,0.072000,0.760000,2,0.030000,0.055000
8576,0.106000,2.350000,3,0.056000,0.080000
8577,0.022000,1.790000,2,0.026000,0.025000
8578,0.022000,0.882000,1,0.020000,0.025000
8579,0.270000,1.454000,2,0.072000,0.130000
8580,0.108000,1.242000,4,0.068000,0.085000
8581,0.112000,1.704000,3,0.066000,0.100000
8582,0.132000,2.292000,4,0.076000,0.105000
8583,0.232000,2.270000,5,0.098000,0.115000
8584,0.020000,0.940000,1,0.016000,0.020000
8585,0.004000,1.720000,2,0.020000,0.010000
8586,0.032000,1.430000,2,0.030000,0.035000
8587,0.000000,0.000000,0,0.000000,0.000000
8588,0.224000,2.406000,5,0.110000,0.160000
8589,0.058000,1.330000,2,0.032000,0.040000
8590,0.020000,1.702000,2,0.030000,0.030000
8591,0.200000,3.094000,4,0.096000,0.140000
8592,0.182000,1.522000,5,0.094000,0.130000
8593,0.068000,2.920000,4,0.060000,0.075000
8594,0.020000,0.820000,1,0.016000,0.020000
8595,0.012000,0.872000,1,0.018000,0.020000
8596,0.184000,1.550000,3,0.054000,0.095000
8597,0.226000,1.682000,3,0.076000,0.125000
8598,0.030000,0.790000,1,0.018000,0.025000
8599,0.092000,2.480000,4,0.064000,0.080000
8600,0.212000,1.260000,2,0.054000,0.095000
8601,0.028000,1.834000,2,0.036000,0.040000
8602,0.222000,1.750000,4,0.086000,0.135000
8603,0.078000,1.468000,3,0.058000,0.085000
8604,0.048000,1.670000,2,0.032000,0.040000
8605,0.802000,0.516000,2,0.122000,0.250000
8606,0.082000,1.694000,2,0.050000,0.075000
8607,0.000000,0.000000,0,0.000000,0.000000
8608,0.258000,2.094000,3,0.104000,0.175000
8609,0.256000,1.562000,3,0.076000,0.125000
8610,0.068000,1.402000,3,0.054000,0.065000
8611,0.042000,1.492000,2,0.036000,0.035000
8612,0.028000,2.590000,3,0.038000,0.035000
8613,0.122000,3.060000,4,0.072000,0.090000
8614,0.364000,2.728000,5,0.136000,0.185000
8615,0.012000,0.800000,1,0.014000,0.015000
8616,0.298000,2.784000,4,0.102000,0.165000
8617,0.074000,0.782000,2,0.054000,0.075000
8618,0.096000,1.410000,3,0.052000,0.055000
8619,0.036000,1.740000,2,0.030000,0.035000
8620,0.344000,2.068000,3,0.112000,0.140000
8621,0.132000,1.230000,2,0.046000,0.075000
8622,0.156000,3.088000,5,0.108000,0.140000
8623,0.152000,1.414000,2,0.058000,0.095000
8624,0.110000,1.622000,3,0.048000,0.075000
8625,0.080000,3.050000,4,0.060000,0.070000
8626,0.082000,2.510000,3,0.052000,0.065000
8627,0.050000,1.700000,2,0.034000,0.065000
8628,0.040000,2.374000,3,0.050000,0.045000
8629,0.000000,0.000000,0,0.000000,0.000000
8630,0.068000,1.742000,3,0.052000,0.065000
8631,0.234000,2.400000,5,0.098000,0.130000
8632,0.396000,2.492000,7,0.150000,0.230000
8633,0.030000,0.890000,1,0.018000,0.025000
8634,0.016000,1.164000,2,0.032000,0.030000
8635,0.246000,1.678000,5,0.106000,0.170000
8636,0.154000,0.758000,4,0.092000,0.105000
8637,0.092000,0.882000,3,0.052000,0.075000
8638,0.086000,2.690000,3,0.048000,0.060000
8639,0.066000,1.682000,4,0.062000,0.090000
8640,0.002000,0.970000,1,0.010000,0.005000
8641,0.074000,2.354000,3,0.060000,0.100000
8642,0.152000,1.650000,2,0.046000,0.075000
8643,0.108000,2.452000,4,0.070000,0.095000
8644,0.062000,1.582000,2,0.042000,0.060000
8645,0.184000,0.922000,4,0.098000,0.140000
8646,0.070000,1.530000,3,0.050000,0.045000
8647,0.112000,1.666000,2,0.052000,0.080000
8648,0.152000,3.046000,4,0.090000,0.120000
8649,0.030000,0.600000,1,0.018000,0.025000
8650,0.000000,0.000000,0,0.000000,0.000000
8651,0.206000,2.148000,4,0.084000,0.135000
8652,0.062000,1.320000,2,0.036000,0.050000
8653,0.042000,1.132000,2,0.036000,0.045000
8654,0.064000,1.556000,4,0.072000,0.130000
8655,0.220000,0.500000,3,0.090000,0.145000
8656,0.160000,0.612000,2,0.046000,0.085000
8657,0.138000,2.000000,3,0.092000,0.135000
8658,0.030000,0.630000,1,0.018000,0.025000
8659,0.216000,2.010000,4,0.084000,0.130000
8660,0.040000,1.562000,3,0.046000,0.050000
8661,0.160000,1.052000,3,0.066000,0.110000
8662,0.172000,2.102000,6,0.118000,0.165000
8663,0.170000,1.442000,3,0.074000,0.090000
8664,0.188000,2.358000,5,0.126000,0.180000
8665,0.020000,0.660000,1,0.016000,0.020000
8666,0.086000,1.622000,3,0.058000,0.080000
8667,0.178000,2.038000,5,0.108000,0.145000
8668,0.080000,1.172000,3,0.056000,0.075000
8669,0.000000,0.000000,0,0.000000,0.000000
8670,0.032000,1.300000,2,0.030000,0.035000
8671,0.148000,3.184000,5,0.092000,0.100000
8672,0.110000,1.530000,2,0.042000,0.105000
8673,0.820000,0.682000,2,0.072000,0.200000
8674,0.026000,0.962000,3,0.040000,0.040000
8675,0.020000,0.840000,1,0.016000,0.020000
8676,0.134000,2.366000,3,0.072000,0.100000
8677,0.258000,2.124000,6,0.128000,0.190000
8678,0.254000,2.548000,6,0.136000,0.195000
8679,0.108000,0.766000,2,0.056000,0.085000
8680,0.074000,2.730000,3,0.048000,0.060000
8681,0.282000,1.458000,4,0.114000,0.185000
8682,0.240000,1.350000,2,0.054000,0.095000
8683,0.048000,1.472000,2,0.038000,0.050000
8684,0.100000,1.496000,2,0.048000,0.070000
8685,0.144000,2.196000,4,0.094000,0.115000
8686,0.134000,1.582000,3,0.064000,0.130000
8687,0.086000,2.012000,3,0.056000,0.060000
8688,0.014000,1.472000,2,0.028000,0.025000
8689,0.010000,1.422000,2,0.026000,0.020000
8690,0.064000,2.460000,4,0.058000,0.065000
8691,0.022000,0.572000,1,0.020000,0.025000
8692,0.084000,2.612000,4,0.068000,0.085000
8693,0.018000,0.872000,1,0.020000,0.025000
8694,0.140000,1.152000,3,0.058000,0.100000
8695,0.324000,2.108000,4,0.120000,0.210000
8696,0.320000,1.720000,2,0.064000,0.120000
8697,0.042000,0.110000,1,0.020000,0.030000
8698,0.016000,1.902000,2,0.028000,0.025000
8699,0.044000,1.772000,3,0.046000,0.050000
8700,0.114000,2.602000,3,0.060000,0.085000
8701,0.324000,0.812000,3,0.084000,0.160000
8702,0.020000,0.800000,1,0.016000,0.020000
8703,0.204000,1.504000,3,0.080000,0.115000
8704,0.116000,2.050000,4,0.068000,0.090000
8705,0.020000,0.900000,1,0.016000,0.020000
8706,0.016000,1.334000,2,0.032000,0.030000
8707,0.338000,1.560000,4,0.078000,0.135000
8708,0.092000,1.580000,2,0.040000,0.060000
8709,0.014000,0.792000,1,0.018000,0.020000
8710,0.166000,2.334000,3,0.076000,0.120000
8711,0.250000,3.160000,5,0.098000,0.120000
8712,0.346000,1.718000,4,0.098000,0.210000
8713,0.160000,1.264000,4,0.084000,0.095000
8714,0.064000,2.064000,5,0.078000,0.085000
8715,0.080000,2.314000,4,0.070000,0.085000
8716,0.476000,1.460000,2,0.070000,0.135000
8717,0.026000,1.730000,2,0.028000,0.030000
8718,0.100000,1.472000,3,0.058000,0.080000
8719,0.000000,0.000000,0,0.000000,0.000000
8720,0.110000,1.562000,3,0.058000,0.080000
8721,0.010000,0.824000,1,0.020000,0.020000
8722,0.062000,1.516000,4,0.078000,0.085000
8723,0.058000,1.656000,3,0.052000,0.060000
8724,0.026000,0.900000,2,0.028000,0.045000
8725,0.042000,0.850000,1,0.020000,0.030000
8726,0.142000,1.594000,4,0.080000,0.110000
8727,0.000000,0.000000,0,0.000000,0.000000
8728,0.030000,0.920000,1,0.018000,0.025000
8729,0.078000,1.694000,5,0.082000,0.095000
8730,0.032000,1.542000,2,0.034000,0.040000
8731,0.094000,2.412000,4,0.072000,0.095000
8732,0.290000,2.320000,4,0.094000,0.120000
8733,0.260000,1.372000,2,0.092000,0.170000
8734,0.290000,2.122000,3,0.076000,0.125000
8735,0.348000,1.166000,2,0.090000,0.170000
8736,0.176000,2.626000,4,0.092000,0.130000
8737,0.042000,0.900000,1,0.020000,0.030000
8738,0.094000,2.460000,4,0.064000,0.080000
8739,0.094000,1.466000,3,0.066000,0.090000
8740,0.006000,0.960000,1,0.012000,0.010000
8741,0.402000,3.378000,7,0.194000,0.270000
8742,0.142000,2.496000,3,0.082000,0.110000
8743,0.164000,2.024000,4,0.086000,0.125000
8744,0.110000,0.700000,1,0.028000,0.050000
8745,0.068000,1.690000,2,0.036000,0.050000
8746,0.064000,1.166000,3,0.044000,0.080000
8747,0.018000,0.922000,1,0.020000,0.025000
8748,0.100000,1.676000,5,0.086000,0.095000
8749,0.186000,1.812000,5,0.094000,0.140000
8750,0.130000,2.320000,4,0.070000,0.105000
8751,0.122000,3.086000,5,0.098000,0.130000
8752,0.024000,0.762000,1,0.022000,0.030000
8753,0.536000,2.224000,3,0.102000,0.210000
8754,0.024000,0.892000,2,0.030000,0.045000
8755,0.114000,0.782000,3,0.056000,0.100000
8756,0.154000,0.724000,2,0.064000,0.110000
8757,0.000000,0.000000,0,0.000000,0.000000
8758,0.110000,1.610000,4,0.068000,0.115000
8759,0.312000,2.220000,4,0.104000,0.140000
8760,0.050000,1.280000,2,0.034000,0.045000
8761,0.020000,0.830000,1,0.016000,0.040000
8762,0.068000,1.344000,2,0.046000,0.050000
8763,0.072000,1.420000,2,0.038000,0.055000
8764,0.304000,1.972000,4,0.118000,0.155000
8765,0.014000,1.832000,2,0.028000,0.025000
8766,0.116000,1.644000,3,0.068000,0.100000
8767,0.092000,1.544000,2,0.052000,0.065000
8768,0.062000,1.520000,2,0.036000,0.030000
8769,0.208000,0.686000,2,0.072000,0.125000
8770,0.238000,2.274000,4,0.096000,0.135000
8771,0.172000,0.716000,3,0.074000,0.140000
8772,0.020000,0.560000,1,0.016000,0.020000
8773,0.052000,1.272000,2,0.040000,0.075000
8774,0.050000,1.470000,2,0.034000,0.045000
8775,0.322000,1.466000,2,0.082000,0.150000
8776,0.000000,0.000000,0,0.000000,0.000000
8777,0.032000,0.882000,1,0.024000,0.050000
8778,0.006000,0.620000,1,0.012000,0.010000
8779,0.000000,0.000000,0,0.000000,0.000000
8780,0.048000,1.786000,3,0.056000,0.065000
8781,0.014000,0.932000,1,0.018000,0.020000
8782,0.088000,0.820000,1,0.042000,0.090000
8783,0.036000,0.902000,1,0.024000,0.035000
8784,0.340000,1.942000,3,0.086000,0.150000
8785,0.040000,1.810000,4,0.052000,0.075000
8786,0.000000,0.000000,0,0.000000,0.000000
8787,0.044000,1.792000,3,0.048000,0.055000
8788,0.118000,2.364000,4,0.082000,0.115000
8789,0.030000,0.930000,1,0.018000,0.025000
8790,0.000000,0.000000,0,0.000000,0.000000
8791,0.000000,0.000000,0,0.000000,0.000000
8792,0.130000,1.616000,3,0.068000,0.090000
8793,0.000000,0.000000,0,0.000000,0.000000
8794,0.106000,0.836000,3,0.052000,0.080000
8795,0.096000,1.374000,3,0.064000,0.090000
8796,0.112000,2.370000,3,0.056000,0.080000
8797,0.084000,0.660000,2,0.040000,0.060000
8798,0.084000,1.550000,2,0.040000,0.060000
8799,0.006000,0.870000,1,0.012000,0.010000
8800,0.094000,2.480000,4,0.066000,0.085000
8801,0.116000,2.430000,3,0.058000,0.085000
8802,0.114000,1.370000,3,0.054000,0.095000
8803,0.086000,1.382000,4,0.068000,0.080000
8804,0.060000,1.540000,2,0.036000,0.050000
8805,0.084000,2.478000,3,0.076000,0.090000
8806,0.154000,1.464000,2,0.058000,0.095000
8807,0.092000,1.556000,2,0.054000,0.080000
8808,0.250000,0.680000,1,0.070000,0.215000
8809,0.032000,1.790000,2,0.030000,0.035000
8810,0.028000,1.726000,2,0.038000,0.040000
8811,0.042000,1.760000,2,0.032000,0.040000
8812,0.154000,1.092000,2,0.050000,0.080000
8813,0.086000,2.360000,5,0.074000,0.100000
8814,0.152000,1.630000,3,0.060000,0.090000
8815,0.046000,1.534000,2,0.040000,0.050000
8816,0.030000,0.890000,1,0.018000,0.025000
8817,0.172000,2.462000,3,0.072000,0.100000
8818,0.066000,1.292000,4,0.064000,0.110000
8819,0.084000,1.636000,3,0.058000,0.070000
8820,0.002000,0.970000,1,0.010000,0.005000
8821,0.004000,1.840000,2,0.020000,0.010000
8822,0.030000,0.730000,1,0.018000,0.025000
8823,0.438000,2.840000,4,0.140000,0.235000
8824,0.128000,2.430000,3,0.060000,0.090000
8825,0.072000,0.800000,1,0.024000,0.040000
8826,0.100000,1.600000,3,0.052000,0.070000
8827,0.054000,2.280000,4,0.056000,0.060000
8828,0.270000,2.404000,3,0.090000,0.125000
8829,0.102000,1.532000,2,0.044000,0.060000
8830,0.148000,2.372000,4,0.078000,0.110000
8831,0.296000,1.450000,3,0.060000,0.110000
8832,0.112000,2.536000,4,0.074000,0.110000
8833,0.008000,1.890000,2,0.022000,0.015000
8834,0.102000,2.872000,4,0.076000,0.080000
8835,0.114000,0.820000,2,0.044000,0.070000
8836,0.214000,2.402000,4,0.088000,0.125000
8837,0.000000,0.000000,0,0.000000,0.000000
8838,0.032000,0.872000,1,0.024000,0.035000
8839,0.092000,2.080000,3,0.054000,0.075000
8840,0.032000,0.890000,2,0.030000,0.035000
8841,0.282000,1.306000,4,0.128000,0.180000
8842,0.256000,2.234000,4,0.104000,0.170000
8843,0.032000,1.870000,2,0.028000,0.030000
8844,0.058000,1.610000,4,0.058000,0.065000
8845,0.056000,2.410000,3,0.046000,0.055000
8846,0.024000,0.900000,2,0.028000,0.030000
8847,0.018000,0.874000,1,0.024000,0.030000
8848,0.136000,1.424000,2,0.058000,0.095000
8849,0.042000,0.780000,1,0.020000,0.055000
8850,0.388000,2.028000,6,0.154000,0.245000
8851,0.630000,1.202000,2,0.084000,0.140000
8852,0.096000,2.364000,3,0.064000,0.090000
8853,0.160000,1.212000,3,0.068000,0.105000
8854,0.014000,0.920000,2,0.024000,0.040000
8855,0.764000,2.696000,6,0.202000,0.315000
8856,0.114000,1.640000,3,0.058000,0.085000
8857,0.098000,2.670000,3,0.052000,0.070000
8858,0.050000,0.840000,2,0.034000,0.045000
8859,0.018000,1.700000,2,0.026000,0.025000
8860,0.016000,0.794000,1,0.022000,0.025000
8861,0.016000,1.812000,2,0.028000,0.025000
8862,0.000000,0.000000,0,0.000000,0.000000
8863,0.056000,0.890000,1,0.022000,0.035000
8864,0.298000,1.276000,4,0.140000,0.230000
8865,0.132000,0.710000,1,0.030000,0.055000
8866,0.128000,1.576000,3,0.066000,0.095000
8867,0.354000,2.384000,3,0.092000,0.145000
8868,0.044000,1.622000,2,0.036000,0.045000
8869,0.366000,1.866000,4,0.124000,0.205000
8870,0.412000,1.422000,2,0.068000,0.125000
8871,0.076000,1.210000,2,0.038000,0.055000
8872,0.002000,0.790000,1,0.010000,0.005000
8873,0.144000,0.792000,1,0.038000,0.070000
8874,0.012000,0.782000,1,0.018000,0.020000
8875,0.052000,1.692000,2,0.038000,0.050000
8876,0.112000,1.486000,2,0.060000,0.095000
8877,0.642000,2.390000,3,0.088000,0.160000
8878,0.080000,1.524000,2,0.050000,0.075000
8879,0.068000,1.450000,2,0.036000,0.050000
8880,0.030000,0.856000,2,0.036000,0.060000
8881,0.056000,0.910000,1,0.022000,0.035000
8882,0.018000,0.842000,1,0.020000,0.025000
8883,0.000000,0.000000,0,0.000000,0.000000
8884,0.240000,0.830000,1,0.038000,0.075000
8885,0.114000,1.630000,2,0.044000,0.075000
8886,0.036000,0.676000,2,0.042000,0.050000
8887,0.124000,2.986000,5,0.114000,0.145000
8888,0.414000,2.222000,3,0.088000,0.155000
8889,0.108000,1.858000,4,0.080000,0.105000
8890,0.032000,0.710000,2,0.030000,0.035000
8891,0.014000,1.910000,2,0.024000,0.020000
8892,0.032000,0.844000,1,0.028000,0.040000
8893,0.204000,1.566000,5,0.098000,0.155000
8894,0.130000,1.234000,2,0.072000,0.105000
8895,0.184000,1.306000,3,0.088000,0.175000
8896,0.030000,0.580000,1,0.018000,0.025000
8897,0.056000,2.634000,3,0.052000,0.060000
8898,0.070000,0.742000,1,0.040000,0.055000
8899,0.050000,1.782000,2,0.036000,0.045000
8900,0.042000,1.640000,2,0.032000,0.055000
8901,0.066000,3.034000,4,0.068000,0.080000
8902,0.072000,1.182000,3,0.054000,0.065000
8903,0.000000,0.000000,0,0.000000,0.000000
8904,0.200000,2.462000,3,0.068000,0.085000
8905,0.106000,1.622000,3,0.058000,0.080000
8906,0.086000,2.520000,4,0.064000,0.075000
8907,0.082000,2.362000,3,0.054000,0.070000
8908,0.020000,0.690000,1,0.016000,0.020000
8909,0.020000,0.850000,1,0.016000,0.020000
8910,0.024000,0.664000,1,0.026000,0.035000
8911,0.106000,1.486000,3,0.082000,0.115000
8912,0.134000,3.040000,4,0.068000,0.090000
8913,0.076000,1.750000,2,0.038000,0.055000
8914,0.050000,0.732000,1,0.028000,0.045000
8915,0.012000,0.932000,1,0.018000,0.030000
8916,0.000000,0.000000,0,0.000000,0.000000
8917,0.116000,1.946000,4,0.078000,0.105000
8918,0.060000,1.602000,2,0.040000,0.055000
8919,0.068000,1.560000,2,0.036000,0.050000
8920,0.138000,3.080000,6,0.096000,0.110000
8921,0.160000,2.312000,4,0.082000,0.105000
8922,0.184000,2.172000,3,0.068000,0.105000
8923,0.060000,1.642000,3,0.052000,0.065000
8924,0.098000,1.484000,4,0.078000,0.085000
8925,0.110000,0.540000,1,0.028000,0.050000
8926,0.046000,1.704000,2,0.042000,0.055000
8927,0.404000,1.538000,4,0.092000,0.135000
8928,0.096000,2.386000,5,0.088000,0.105000
8929,0.150000,1.590000,3,0.078000,0.115000
8930,0.032000,0.706000,1,0.026000,0.035000
8931,0.064000,2.144000,4,0.068000,0.080000
8932,0.020000,0.630000,1,0.016000,0.020000
8933,0.080000,2.222000,3,0.054000,0.070000
8934,0.114000,2.580000,3,0.056000,0.080000
8935,0.076000,1.710000,2,0.038000,0.055000
8936,0.052000,1.682000,2,0.038000,0.050000
8937,0.034000,1.692000,2,0.034000,0.040000
8938,0.208000,2.240000,5,0.114000,0.160000
8939,0.118000,2.326000,3,0.072000,0.105000
8940,0.010000,0.822000,2,0.026000,0.035000
8941,0.092000,2.542000,3,0.054000,0.070000
8942,0.072000,1.412000,3,0.054000,0.070000
8943,0.110000,1.864000,3,0.064000,0.090000
8944,0.062000,1.538000,2,0.046000,0.060000
8945,0.350000,1.532000,3,0.082000,0.165000
8946,0.162000,1.196000,2,0.062000,0.100000
8947,0.024000,1.892000,2,0.030000,0.030000
8948,0.072000,2.540000,4,0.056000,0.060000
8949,0.024000,1.252000,2,0.032000,0.035000
8950,0.078000,0.706000,2,0.044000,0.060000
8951,0.020000,0.750000,1,0.016000,0.020000
8952,0.324000,1.114000,5,0.122000,0.220000
8953,0.338000,2.332000,4,0.098000,0.115000
8954,0.074000,2.452000,3,0.056000,0.055000
8955,0.044000,1.122000,2,0.036000,0.065000
8956,0.038000,0.802000,2,0.036000,0.045000
8957,0.128000,1.548000,3,0.082000,0.120000
8958,0.012000,0.760000,1,0.014000,0.015000
8959,0.036000,0.772000,1,0.024000,0.035000
8960,0.042000,1.870000,2,0.032000,0.040000
8961,0.190000,1.590000,4,0.082000,0.125000
8962,0.080000,0.814000,2,0.046000,0.065000
8963,0.072000,1.406000,2,0.050000,0.070000
8964,0.148000,2.684000,5,0.092000,0.120000
8965,0.012000,0.420000,1,0.014000,0.015000
8966,0.104000,1.630000,3,0.054000,0.090000
8967,0.090000,1.192000,2,0.046000,0.070000
8968,0.406000,0.882000,2,0.068000,0.125000
8969,0.000000,0.000000,0,0.000000,0.000000
8970,0.042000,2.370000,3,0.042000,0.045000
8971,0.000000,0.000000,0,0.000000,0.000000
8972,0.068000,2.406000,3,0.062000,0.075000
8973,0.054000,0.830000,3,0.046000,0.055000
8974,0.054000,0.852000,2,0.038000,0.080000
8975,0.026000,1.440000,3,0.038000,0.035000
8976,0.090000,0.740000,1,0.026000,0.045000
8977,0.118000,2.312000,3,0.064000,0.095000
8978,0.316000,1.482000,2,0.068000,0.125000
8979,0.212000,2.322000,3,0.070000,0.110000
8980,0.022000,1.380000,2,0.026000,0.025000
8981,0.056000,0.800000,1,0.022000,0.035000
8982,0.534000,1.338000,2,0.118000,0.240000
8983,0.036000,0.802000,1,0.024000,0.035000
8984,0.052000,1.710000,3,0.036000,0.050000
8985,0.106000,0.712000,2,0.050000,0.090000
8986,0.048000,0.862000,2,0.038000,0.050000
8987,0.274000,1.492000,3,0.082000,0.115000
8988,0.336000,0.740000,2,0.060000,0.135000
8989,0.138000,1.530000,4,0.074000,0.105000
8990,0.192000,2.252000,5,0.094000,0.170000
8991,0.250000,0.754000,2,0.058000,0.110000
8992,0.050000,1.830000,2,0.034000,0.045000
8993,0.132000,1.670000,2,0.046000,0.075000
8994,0.062000,1.740000,2,0.034000,0.045000
8995,0.112000,2.286000,5,0.092000,0.125000
8996,0.132000,1.810000,2,0.046000,0.075000
8997,0.188000,2.456000,3,0.074000,0.090000
8998,0.340000,0.628000,2,0.084000,0.150000
8999,0.072000,0.900000,1,0.024000,0.040000
9000,0.106000,2.162000,4,0.072000,0.095000
9001,0.114000,2.470000,3,0.058000,0.085000
9002,0.228000,2.280000,5,0.102000,0.155000
9003,0.000000,0.000000,0,0.000000,0.000000
9004,0.230000,1.400000,3,0.058000,0.105000
9005,0.032000,0.950000,2,0.030000,0.035000
9006,0.178000,1.190000,4,0.080000,0.120000
9007,0.104000,1.876000,3,0.058000,0.090000
9008,0.034000,2.430000,3,0.040000,0.040000
9009,0.266000,1.466000,4,0.106000,0.185000
9010,0.104000,1.710000,4,0.066000,0.085000
9011,0.128000,1.396000,5,0.090000,0.145000
9012,0.042000,1.520000,2,0.032000,0.040000
9013,0.074000,1.082000,3,0.046000,0.070000
9014,0.366000,2.366000,3,0.078000,0.125000
9015,0.060000,2.324000,3,0.054000,0.055000
9016,0.008000,0.426000,1,0.018000,0.015000
9017,0.064000,1.624000,3,0.054000,0.050000
9018,0.046000,2.550000,4,0.052000,0.070000
9019,0.056000,0.860000,1,0.022000,0.035000
9020,0.358000,0.918000,5,0.124000,0.195000
9021,0.174000,2.186000,3,0.068000,0.100000
9022,0.292000,1.914000,8,0.138000,0.280000
9023,0.032000,1.750000,2,0.030000,0.035000
9024,0.254000,1.630000,4,0.084000,0.130000
9025,0.148000,2.162000,7,0.108000,0.150000
9026,0.154000,1.530000,4,0.076000,0.130000
9027,0.420000,1.382000,4,0.102000,0.155000
9028,0.154000,2.354000,4,0.084000,0.115000
9029,0.134000,1.104000,3,0.070000,0.115000
9030,0.304000,1.836000,4,0.108000,0.175000
9031,0.230000,3.708000,5,0.104000,0.140000
9032,0.230000,2.076000,6,0.114000,0.200000
9033,0.290000,1.446000,2,0.062000,0.100000
9034,0.078000,1.740000,2,0.036000,0.050000
9035,0.074000,2.210000,3,0.050000,0.065000
9036,0.074000,1.758000,3,0.060000,0.095000
9037,0.266000,2.900000,9,0.172000,0.245000
9038,0.188000,1.654000,5,0.096000,0.140000
9039,0.184000,2.136000,3,0.072000,0.105000
9040,0.044000,0.312000,1,0.024000,0.035000
9041,0.116000,1.422000,3,0.060000,0.085000
9042,0.056000,1.430000,4,0.056000,0.060000
9043,0.122000,0.950000,3,0.056000,0.080000
9044,0.240000,2.070000,4,0.088000,0.140000
9045,0.240000,2.462000,5,0.110000,0.170000
9046,0.074000,2.454000,3,0.054000,0.055000
9047,0.060000,1.842000,2,0.040000,0.055000
9048,0.054000,0.816000,1,0.030000,0.045000
9049,0.674000,2.634000,5,0.144000,0.250000
9050,0.036000,2.292000,3,0.044000,0.045000
9051,0.030000,0.880000,1,0.018000,0.025000
9052,0.100000,1.300000,2,0.058000,0.085000
9053,0.076000,2.282000,3,0.054000,0.100000
9054,0.080000,0.964000,4,0.070000,0.085000
9055,0.214000,2.260000,4,0.108000,0.155000
9056,0.054000,1.600000,2,0.034000,0.055000
9057,0.000000,0.000000,0,0.000000,0.000000
9058,0.338000,2.158000,4,0.134000,0.215000
9059,0.056000,1.488000,3,0.050000,0.070000
9060,0.064000,0.890000,3,0.044000,0.070000
9061,0.046000,1.468000,3,0.054000,0.060000
9062,0.134000,1.360000,4,0.072000,0.100000
9063,0.074000,3.068000,4,0.076000,0.090000
9064,0.076000,2.340000,3,0.044000,0.050000
9065,0.108000,1.486000,2,0.064000,0.095000
9066,0.176000,1.490000,2,0.084000,0.145000
9067,0.152000,3.154000,5,0.098000,0.115000
9068,0.048000,0.742000,2,0.038000,0.050000
9069,0.120000,0.820000,2,0.044000,0.070000
9070,0.064000,1.402000,3,0.052000,0.065000
9071,0.256000,1.084000,3,0.082000,0.155000
9072,0.232000,2.392000,4,0.090000,0.140000
9073,0.092000,2.042000,4,0.068000,0.075000
9074,0.058000,1.710000,2,0.032000,0.040000
9075,0.298000,2.148000,4,0.100000,0.155000
9076,0.146000,1.016000,5,0.090000,0.130000
9077,0.158000,1.274000,4,0.080000,0.110000
9078,0.174000,1.700000,4,0.086000,0.140000
9079,0.084000,2.550000,4,0.064000,0.100000
9080,0.274000,2.472000,6,0.116000,0.160000
9081,0.136000,1.592000,3,0.062000,0.060000
9082,0.134000,1.522000,3,0.066000,0.100000
9083,0.006000,0.960000,1,0.012000,0.010000
9084,0.034000,0.724000,1,0.026000,0.035000
9085,0.054000,2.184000,4,0.064000,0.070000
9086,0.014000,0.932000,1,0.018000,0.020000
9087,0.028000,2.210000,3,0.038000,0.035000
9088,0.170000,2.450000,5,0.088000,0.120000
9089,0.240000,1.272000,2,0.066000,0.120000
9090,0.254000,1.500000,3,0.088000,0.140000
9091,0.268000,2.386000,6,0.140000,0.220000
9092,0.070000,1.192000,2,0.040000,0.055000
9093,0.114000,1.774000,2,0.054000,0.085000
9094,0.232000,1.752000,2,0.056000,0.095000
9095,0.178000,2.132000,6,0.108000,0.115000
9096,0.278000,2.804000,5,0.130000,0.180000
9097,0.084000,2.420000,3,0.052000,0.070000
9098,0.112000,2.984000,6,0.098000,0.115000
9099,0.162000,1.914000,4,0.090000,0.135000
9100,0.238000,1.698000,4,0.100000,0.155000
9101,0.046000,1.816000,3,0.048000,0.050000
9102,0.056000,0.740000,1,0.022000,0.035000
9103,0.354000,3.060000,4,0.094000,0.155000
9104,0.304000,2.746000,5,0.130000,0.175000
9105,0.836000,1.022000,3,0.118000,0.240000
9106,0.602000,1.788000,7,0.192000,0.260000
9107,0.086000,2.234000,4,0.074000,0.095000
9108,0.270000,2.004000,6,0.126000,0.170000
9109,0.232000,2.044000,3,0.076000,0.120000
9110,0.044000,1.754000,3,0.052000,0.075000
9111,0.056000,1.360000,2,0.048000,0.060000
9112,0.096000,0.722000,1,0.032000,0.055000
9113,0.478000,3.370000,8,0.192000,0.330000
9114,0.012000,0.822000,1,0.018000,0.020000
9115,0.124000,2.900000,6,0.106000,0.120000
9116,0.196000,2.240000,5,0.096000,0.135000
9117,0.106000,2.076000,4,0.080000,0.105000
9118,0.380000,0.320000,1,0.046000,0.095000
9119,0.064000,1.460000,3,0.046000,0.070000
9120,0.172000,2.310000,3,0.062000,0.095000
9121,0.164000,1.644000,2,0.062000,0.145000
9122,0.094000,2.514000,4,0.076000,0.100000
9123,0.042000,0.760000,1,0.020000,0.030000
9124,0.072000,0.820000,1,0.024000,0.040000
9125,0.006000,0.950000,1,0.012000,0.015000
9126,0.006000,0.940000,1,0.012000,0.010000
9127,0.092000,2.492000,4,0.066000,0.080000
9128,0.328000,1.446000,2,0.092000,0.165000
9129,0.150000,2.062000,4,0.082000,0.120000
9130,0.094000,2.584000,4,0.078000,0.095000
9131,0.252000,2.492000,4,0.104000,0.145000
9132,0.030000,0.930000,1,0.018000,0.025000
9133,0.006000,0.960000,1,0.012000,0.010000
9134,0.000000,0.000000,0,0.000000,0.000000
9135,0.074000,0.770000,3,0.060000,0.090000
9136,0.060000,1.210000,2,0.036000,0.050000
9137,0.012000,0.740000,1,0.014000,0.015000
9138,0.166000,1.576000,5,0.102000,0.155000
9139,0.014000,0.914000,1,0.022000,0.040000
9140,0.078000,1.690000,3,0.050000,0.065000
9141,0.254000,3.162000,4,0.098000,0.160000
9142,0.012000,1.354000,2,0.030000,0.025000
9143,0.174000,2.192000,4,0.082000,0.120000
9144,0.106000,2.418000,5,0.084000,0.095000
9145,0.180000,2.220000,6,0.122000,0.145000
9146,0.510000,1.420000,2,0.074000,0.145000
9147,0.042000,0.780000,1,0.020000,0.030000
9148,0.030000,0.930000,1,0.018000,0.025000
9149,0.036000,1.624000,3,0.056000,0.055000
9150,0.104000,1.656000,3,0.066000,0.090000
9151,0.230000,1.494000,5,0.100000,0.160000
9152,0.108000,1.512000,2,0.046000,0.070000
9153,0.022000,0.732000,1,0.020000,0.025000
9154,0.674000,1.454000,3,0.116000,0.220000
9155,0.110000,1.530000,2,0.042000,0.065000
9156,0.076000,1.676000,3,0.054000,0.065000
9157,0.196000,2.330000,5,0.094000,0.165000
9158,0.118000,0.122000,2,0.036000,0.065000
9159,0.072000,1.492000,2,0.048000,0.065000
9160,0.108000,2.984000,5,0.090000,0.115000
9161,0.040000,0.760000,2,0.032000,0.040000
9162,0.148000,1.976000,3,0.078000,0.165000
9163,0.072000,2.122000,4,0.062000,0.090000
9164,0.100000,2.184000,4,0.076000,0.145000
9165,0.186000,1.090000,2,0.050000,0.085000
9166,0.114000,1.592000,2,0.052000,0.085000
9167,0.138000,1.452000,5,0.072000,0.115000
9168,0.168000,0.508000,1,0.054000,0.095000
9169,0.144000,2.064000,8,0.108000,0.130000
9170,0.158000,1.484000,2,0.056000,0.090000
9171,0.246000,1.962000,3,0.072000,0.115000
9172,0.238000,2.022000,5,0.104000,0.155000
9173,0.042000,0.780000,1,0.020000,0.030000
9174,0.020000,0.940000,1,0.016000,0.020000
9175,0.124000,1.476000,2,0.058000,0.110000
9176,0.104000,1.514000,4,0.074000,0.095000
9177,0.026000,1.680000,2,0.028000,0.030000
9178,0.028000,0.882000,2,0.024000,0.035000
9179,0.062000,1.852000,3,0.052000,0.065000
9180,0.002000,0.870000,1,0.010000,0.005000
9181,0.118000,1.522000,4,0.074000,0.080000
9182,0.132000,0.870000,2,0.046000,0.075000
9183,0.060000,1.630000,2,0.036000,0.050000
9184,0.186000,1.616000,2,0.072000,0.115000
9185,0.090000,0.860000,1,0.026000,0.045000
9186,0.138000,2.166000,5,0.100000,0.135000
9187,0.014000,1.812000,2,0.028000,0.025000
9188,0.110000,2.158000,4,0.086000,0.115000
9189,0.030000,0.930000,1,0.018000,0.025000
9190,0.162000,1.692000,3,0.070000,0.110000
9191,0.614000,1.926000,6,0.166000,0.280000
9192,0.042000,0.860000,1,0.020000,0.030000
9193,0.200000,0.596000,4,0.084000,0.135000
9194,0.274000,1.672000,3,0.072000,0.115000
9195,0.012000,0.940000,1,0.014000,0.015000
9196,0.280000,2.038000,3,0.094000,0.160000
9197,0.272000,0.340000,1,0.040000,0.080000
9198,0.076000,1.282000,2,0.038000,0.050000
9199,0.226000,1.570000,4,0.082000,0.100000
9200,0.046000,0.950000,3,0.036000,0.050000
9201,0.266000,0.720000,2,0.060000,0.110000
9202,0.106000,2.474000,3,0.062000,0.070000
9203,0.262000,1.792000,4,0.088000,0.165000
9204,0.386000,1.752000,5,0.116000,0.205000
9205,0.370000,1.336000,3,0.148000,0.270000
9206,0.368000,1.626000,2,0.072000,0.130000
9207,0.018000,1.800000,2,0.026000,0.025000
9208,0.510000,1.764000,5,0.134000,0.245000
9209,0.150000,0.804000,1,0.044000,0.115000
9210,0.030000,0.630000,1,0.018000,0.025000
9211,0.092000,0.620000,2,0.040000,0.060000
9212,0.160000,1.246000,3,0.074000,0.135000
9213,0.346000,1.902000,4,0.126000,0.210000
9214,0.020000,0.840000,1,0.016000,0.020000
9215,0.004000,0.892000,1,0.014000,0.010000
9216,0.002000,0.920000,1,0.010000,0.005000
9217,0.082000,1.770000,3,0.052000,0.070000
9218,0.254000,0.632000,3,0.064000,0.115000
9219,0.290000,2.502000,4,0.100000,0.165000
9220,0.030000,0.420000,1,0.018000,0.025000
9221,0.102000,1.176000,4,0.082000,0.140000
9222,0.068000,1.468000,5,0.078000,0.075000
9223,0.186000,1.420000,2,0.050000,0.085000
9224,0.706000,2.870000,6,0.182000,0.300000
9225,0.084000,1.710000,3,0.048000,0.090000
9226,0.022000,1.770000,2,0.026000,0.025000
9227,0.390000,0.584000,1,0.064000,0.130000
9228,0.292000,1.580000,3,0.098000,0.150000
9229,0.102000,0.948000,4,0.076000,0.095000
9230,0.056000,2.554000,3,0.052000,0.060000
9231,0.140000,0.656000,3,0.088000,0.135000
9232,0.092000,0.840000,2,0.040000,0.060000
9233,0.098000,1.052000,2,0.042000,0.060000
9234,0.036000,0.762000,1,0.024000,0.035000
9235,0.156000,1.274000,5,0.080000,0.165000
9236,0.308000,1.976000,3,0.102000,0.180000
9237,0.002000,0.970000,1,0.010000,0.005000
9238,0.194000,2.450000,4,0.066000,0.105000
9239,0.326000,2.234000,6,0.126000,0.185000
9240,0.154000,1.834000,4,0.088000,0.120000
9241,0.142000,0.370000,3,0.058000,0.105000
9242,0.344000,2.052000,6,0.134000,0.210000
9243,0.364000,2.134000,4,0.108000,0.165000
9244,0.424000,3.346000,8,0.166000,0.260000
9245,0.048000,1.370000,2,0.032000,0.040000
9246,0.116000,1.550000,2,0.040000,0.050000
9247,0.062000,1.280000,3,0.040000,0.060000
9248,0.040000,1.392000,3,0.046000,0.050000
9249,0.286000,1.976000,4,0.116000,0.165000
9250,0.096000,2.322000,3,0.054000,0.070000
9251,0.032000,0.902000,1,0.024000,0.035000
9252,0.008000,0.942000,1,0.016000,0.035000
9253,0.068000,1.670000,3,0.048000,0.070000
9254,0.138000,1.892000,5,0.124000,0.175000
9255,0.252000,1.492000,4,0.096000,0.155000
9256,0.142000,1.510000,5,0.084000,0.110000
9257,0.112000,2.830000,6,0.088000,0.095000
9258,0.398000,1.510000,4,0.104000,0.180000
9259,0.200000,1.776000,3,0.086000,0.140000
9260,0.030000,0.920000,1,0.018000,0.025000
9261,0.052000,0.704000,1,0.032000,0.050000
9262,0.100000,1.544000,2,0.066000,0.085000
9263,0.068000,2.192000,5,0.076000,0.085000
9264,0.046000,2.520000,3,0.044000,0.050000
9265,0.128000,2.036000,4,0.084000,0.115000
9266,0.234000,3.024000,6,0.130000,0.180000
9267,0.142000,2.222000,5,0.114000,0.155000
9268,0.382000,1.140000,2,0.056000,0.100000
9269,0.194000,1.140000,2,0.048000,0.080000
9270,0.114000,1.112000,3,0.060000,0.075000
9271,0.110000,1.162000,3,0.058000,0.080000
9272,0.238000,1.218000,4,0.110000,0.175000
9273,0.042000,0.868000,1,0.032000,0.050000
9274,0.092000,3.124000,4,0.070000,0.085000
9275,0.090000,1.602000,2,0.046000,0.070000
9276,0.198000,1.388000,3,0.092000,0.150000
9277,0.110000,1.266000,2,0.078000,0.120000
9278,0.378000,3.620000,8,0.162000,0.200000
9279,0.030000,0.878000,1,0.030000,0.040000
9280,0.044000,1.066000,3,0.054000,0.070000
9281,0.240000,3.018000,5,0.120000,0.180000
9282,0.068000,1.664000,3,0.050000,0.075000
9283,0.254000,1.654000,6,0.128000,0.185000
9284,0.022000,0.530000,2,0.026000,0.025000
9285,0.042000,0.800000,1,0.020000,0.030000
9286,0.150000,1.722000,3,0.066000,0.100000
9287,0.110000,1.618000,2,0.052000,0.075000
9288,0.300000,2.312000,4,0.082000,0.120000
9289,0.106000,2.452000,4,0.072000,0.095000
9290,0.226000,2.300000,4,0.088000,0.140000
9291,0.202000,1.712000,5,0.096000,0.170000
9292,0.102000,0.290000,2,0.032000,0.060000
9293,0.094000,1.564000,3,0.058000,0.065000
9294,0.050000,0.968000,2,0.046000,0.060000
9295,0.030000,0.930000,1,0.018000,0.025000
9296,0.042000,0.870000,1,0.020000,0.030000
9297,0.056000,1.048000,4,0.072000,0.095000
9298,0.034000,1.772000,2,0.034000,0.040000
9299,0.228000,3.144000,5,0.110000,0.165000
9300,0.178000,2.444000,3,0.070000,0.105000
9301,0.084000,1.590000,2,0.040000,0.055000
9302,0.084000,1.754000,3,0.062000,0.085000
9303,0.030000,0.890000,1,0.018000,0.025000
9304,0.092000,0.860000,2,0.036000,0.060000
9305,0.080000,1.752000,2,0.046000,0.070000
9306,0.104000,1.326000,3,0.070000,0.100000
9307,0.290000,2.124000,6,0.122000,0.145000
9308,0.114000,1.340000,5,0.080000,0.130000
9309,0.030000,0.880000,2,0.032000,0.040000
9310,0.014000,0.682000,1,0.018000,0.020000
9311,0.266000,2.752000,5,0.106000,0.160000
9312,0.034000,0.872000,2,0.034000,0.040000
9313,0.270000,1.422000,4,0.096000,0.155000
9314,0.308000,0.792000,1,0.046000,0.090000
9315,0.120000,2.402000,4,0.074000,0.100000
9316,0.130000,2.432000,4,0.084000,0.125000
9317,0.062000,1.602000,2,0.040000,0.055000
9318,0.054000,0.830000,2,0.034000,0.045000
9319,0.134000,0.630000,1,0.056000,0.100000
9320,0.292000,1.432000,3,0.070000,0.090000
9321,0.120000,2.670000,3,0.056000,0.080000
9322,0.134000,1.540000,3,0.056000,0.080000
9323,0.292000,1.312000,2,0.094000,0.170000
9324,0.048000,1.760000,2,0.032000,0.040000
9325,0.096000,1.246000,3,0.056000,0.085000
9326,0.278000,1.594000,2,0.072000,0.130000
9327,0.130000,2.136000,4,0.082000,0.110000
9328,0.074000,2.452000,3,0.056000,0.075000
9329,0.000000,0.000000,0,0.000000,0.000000
9330,0.412000,2.602000,5,0.112000,0.160000
9331,0.118000,2.070000,3,0.058000,0.085000
9332,0.140000,2.324000,4,0.084000,0.140000
9333,0.206000,1.182000,2,0.060000,0.105000
9334,0.254000,1.794000,6,0.118000,0.140000
9335,0.138000,1.752000,4,0.080000,0.095000
9336,0.050000,2.064000,3,0.052000,0.060000
9337,0.128000,2.104000,4,0.080000,0.110000
9338,0.026000,1.722000,3,0.042000,0.065000
9339,0.030000,0.666000,2,0.032000,0.045000
9340,0.136000,2.364000,3,0.068000,0.100000
9341,0.212000,2.312000,5,0.102000,0.150000
9342,0.152000,1.050000,4,0.074000,0.105000
9343,0.144000,1.542000,3,0.062000,0.090000
9344,0.216000,2.398000,4,0.102000,0.155000
9345,0.382000,1.958000,4,0.126000,0.215000
9346,0.308000,1.512000,4,0.090000,0.160000
9347,0.138000,2.800000,4,0.074000,0.105000
9348,0.060000,1.240000,2,0.036000,0.050000
9349,0.264000,1.440000,6,0.140000,0.180000
9350,0.030000,0.560000,1,0.018000,0.025000
9351,0.204000,2.954000,7,0.128000,0.170000
9352,0.084000,1.944000,3,0.062000,0.085000
9353,0.054000,1.864000,4,0.064000,0.090000
9354,0.028000,1.480000,3,0.038000,0.060000
9355,0.116000,2.896000,6,0.104000,0.110000
9356,0.220000,2.642000,4,0.092000,0.145000
9357,0.192000,1.948000,4,0.092000,0.150000
9358,0.384000,1.286000,3,0.106000,0.145000
9359,0.236000,1.144000,3,0.076000,0.120000
9360,0.222000,3.152000,6,0.118000,0.160000
9361,0.558000,2.764000,4,0.138000,0.195000
9362,0.332000,2.044000,3,0.116000,0.190000
9363,0.104000,1.152000,2,0.048000,0.105000
9364,0.180000,2.242000,6,0.102000,0.125000
9365,0.102000,0.446000,3,0.052000,0.080000
9366,0.040000,1.134000,2,0.038000,0.045000
9367,0.152000,1.244000,3,0.064000,0.115000
9368,0.334000,2.766000,5,0.138000,0.220000
9369,0.014000,0.932000,1,0.018000,0.055000
9370,0.450000,1.474000,4,0.106000,0.175000
9371,0.086000,2.422000,4,0.064000,0.075000
9372,0.124000,2.322000,3,0.072000,0.090000
9373,0.284000,2.096000,8,0.162000,0.220000
9374,0.262000,1.932000,3,0.092000,0.145000
9375,0.080000,2.462000,3,0.054000,0.070000
9376,0.112000,2.346000,3,0.072000,0.105000
9377,0.100000,2.006000,5,0.084000,0.100000
9378,0.378000,2.636000,4,0.116000,0.195000
9379,0.172000,2.810000,5,0.090000,0.100000
9380,0.048000,1.250000,2,0.032000,0.040000
9381,0.376000,2.588000,8,0.190000,0.275000
9382,0.152000,0.812000,6,0.094000,0.135000
9383,0.124000,0.900000,4,0.074000,0.105000
9384,0.246000,2.008000,4,0.104000,0.180000
9385,0.320000,2.602000,5,0.152000,0.225000
9386,0.272000,2.794000,6,0.132000,0.160000
9387,0.116000,0.830000,2,0.040000,0.060000
9388,0.134000,2.912000,6,0.104000,0.130000
9389,0.140000,1.700000,3,0.062000,0.095000
9390,0.604000,3.002000,5,0.116000,0.185000
9391,0.252000,2.738000,6,0.150000,0.210000
9392,0.000000,0.000000,0,0.000000,0.000000
9393,0.292000,2.766000,7,0.158000,0.240000
9394,0.052000,1.602000,2,0.040000,0.055000
9395,0.216000,2.966000,4,0.096000,0.125000
9396,0.530000,2.636000,9,0.214000,0.350000
9397,0.040000,1.664000,2,0.040000,0.050000
9398,0.186000,1.058000,4,0.102000,0.155000
9399,0.354000,2.136000,3,0.100000,0.185000
9400,0.260000,1.620000,3,0.070000,0.115000
9401,0.076000,1.454000,3,0.058000,0.075000
9402,0.068000,1.052000,2,0.042000,0.060000
9403,0.066000,1.756000,3,0.062000,0.080000
9404,0.064000,1.182000,3,0.052000,0.065000
9405,0.266000,1.540000,5,0.104000,0.170000
9406,0.174000,1.152000,2,0.052000,0.105000
9407,0.688000,1.704000,3,0.108000,0.200000
9408,0.232000,2.074000,4,0.094000,0.145000
9409,0.104000,1.326000,3,0.050000,0.075000
9410,0.022000,0.900000,2,0.026000,0.025000
9411,0.170000,1.084000,3,0.074000,0.130000
9412,0.184000,2.730000,5,0.094000,0.145000
9413,0.214000,1.896000,5,0.114000,0.170000
9414,0.006000,0.960000,1,0.012000,0.010000
9415,0.000000,0.000000,0,0.000000,0.000000
9416,0.044000,1.166000,2,0.038000,0.045000
9417,0.098000,1.526000,3,0.066000,0.090000
9418,0.052000,2.100000,3,0.046000,0.055000
9419,0.104000,2.334000,4,0.078000,0.105000
9420,0.132000,1.612000,4,0.078000,0.110000
9421,0.098000,1.662000,4,0.072000,0.095000
9422,0.018000,1.700000,2,0.026000,0.025000
9423,0.048000,2.064000,3,0.052000,0.060000
9424,0.086000,1.942000,3,0.056000,0.075000
9425,0.152000,2.342000,4,0.082000,0.120000
9426,0.298000,1.394000,3,0.090000,0.155000
9427,0.316000,2.482000,4,0.088000,0.120000
9428,0.150000,1.310000,3,0.060000,0.085000
9429,0.134000,0.642000,3,0.062000,0.090000
9430,0.148000,2.544000,4,0.084000,0.120000
9431,0.098000,1.762000,3,0.060000,0.085000
9432,0.400000,2.180000,4,0.094000,0.155000
9433,0.036000,0.002000,1,0.016000,0.035000
9434,0.012000,0.440000,1,0.014000,0.015000
9435,0.020000,0.900000,1,0.016000,0.020000
9436,0.336000,2.116000,4,0.108000,0.175000
9437,0.032000,1.220000,2,0.028000,0.030000
9438,0.202000,1.434000,4,0.104000,0.150000
9439,0.054000,1.482000,2,0.038000,0.050000
9440,0.050000,1.516000,3,0.050000,0.055000
9441,0.090000,0.850000,1,0.026000,0.045000
9442,0.030000,0.864000,2,0.036000,0.040000
9443,0.024000,1.700000,3,0.036000,0.035000
9444,0.216000,3.042000,5,0.104000,0.170000
9445,0.012000,0.950000,1,0.014000,0.015000
9446,0.032000,1.810000,2,0.028000,0.030000
9447,0.040000,0.744000,2,0.040000,0.050000
9448,0.440000,1.242000,3,0.112000,0.215000
9449,0.662000,2.184000,5,0.144000,0.220000
9450,0.044000,1.296000,3,0.054000,0.060000
9451,0.108000,1.436000,4,0.082000,0.110000
9452,0.156000,1.616000,2,0.062000,0.100000
9453,0.020000,0.430000,1,0.016000,0.020000
9454,0.186000,1.230000,2,0.050000,0.085000
9455,0.218000,2.042000,4,0.108000,0.185000
9456,0.110000,1.652000,3,0.058000,0.080000
9457,0.048000,1.340000,2,0.032000,0.040000
9458,0.472000,1.396000,3,0.086000,0.160000
9459,0.158000,1.842000,3,0.072000,0.115000
9460,0.114000,1.522000,3,0.060000,0.085000
9461,0.026000,2.062000,3,0.040000,0.035000
9462,0.144000,1.232000,3,0.062000,0.090000
9463,0.000000,0.000000,0,0.000000,0.000000
9464,0.090000,1.562000,3,0.054000,0.070000
9465,0.092000,1.862000,3,0.060000,0.085000
9466,0.058000,0.182000,2,0.026000,0.060000
9467,0.630000,1.660000,5,0.166000,0.250000
9468,0.122000,1.572000,2,0.048000,0.075000
9469,0.154000,2.438000,4,0.082000,0.180000
9470,0.108000,1.870000,5,0.100000,0.130000
9471,0.118000,2.770000,5,0.094000,0.130000
9472,0.138000,1.874000,4,0.080000,0.110000
9473,0.154000,1.626000,4,0.068000,0.105000
9474,0.082000,0.394000,2,0.044000,0.060000
9475,0.032000,1.330000,2,0.030000,0.035000
9476,0.038000,1.032000,2,0.034000,0.040000
9477,0.108000,1.688000,4,0.076000,0.095000
9478,0.316000,1.214000,4,0.136000,0.215000
9479,0.008000,0.916000,1,0.018000,0.015000
9480,0.108000,2.334000,5,0.086000,0.105000
9481,0.918000,1.304000,3,0.112000,0.210000
9482,0.044000,1.778000,2,0.042000,0.050000
9483,0.188000,0.752000,1,0.058000,0.100000
9484,0.010000,0.452000,2,0.026000,0.020000
9485,0.008000,0.912000,1,0.016000,0.015000
9486,0.764000,1.758000,4,0.134000,0.235000
9487,0.628000,1.984000,7,0.186000,0.370000
9488,0.182000,2.580000,6,0.104000,0.160000
9489,0.042000,0.920000,1,0.020000,0.030000
9490,0.094000,1.630000,3,0.062000,0.095000
9491,0.064000,1.972000,4,0.064000,0.075000
9492,0.318000,1.120000,4,0.096000,0.160000
9493,0.108000,1.464000,5,0.082000,0.095000
9494,0.400000,1.554000,5,0.136000,0.230000
9495,0.176000,1.238000,3,0.088000,0.125000
9496,0.036000,0.890000,2,0.030000,0.035000
9497,0.204000,0.952000,4,0.084000,0.130000
9498,0.306000,2.544000,4,0.104000,0.160000
9499,0.066000,1.694000,3,0.056000,0.070000
9500,0.268000,2.228000,4,0.110000,0.200000
9501,0.084000,1.350000,2,0.040000,0.060000
9502,0.048000,1.762000,2,0.038000,0.050000
9503,0.464000,2.054000,4,0.156000,0.280000
9504,0.062000,1.422000,3,0.050000,0.060000
9505,0.034000,1.542000,2,0.034000,0.040000
9506,0.050000,0.870000,2,0.034000,0.045000
9507,0.186000,2.452000,4,0.080000,0.115000
9508,0.240000,0.740000,1,0.038000,0.075000
9509,0.222000,1.524000,3,0.086000,0.145000
9510,0.014000,0.772000,1,0.018000,0.050000
9511,0.002000,0.970000,1,0.010000,0.005000
9512,0.042000,0.860000,1,0.020000,0.030000
9513,0.000000,0.000000,0,0.000000,0.000000
9514,0.312000,0.702000,1,0.048000,0.095000
9515,0.672000,0.518000,3,0.110000,0.200000
9516,0.158000,1.438000,3,0.084000,0.135000
9517,0.102000,1.560000,2,0.040000,0.060000
9518,0.244000,2.268000,3,0.098000,0.165000
9519,0.152000,3.856000,5,0.104000,0.145000
9520,0.438000,1.582000,2,0.072000,0.135000
9521,0.148000,1.584000,2,0.056000,0.090000
9522,0.044000,0.822000,1,0.024000,0.035000
9523,0.090000,0.340000,1,0.026000,0.045000
9524,0.078000,2.050000,3,0.050000,0.065000
9525,0.152000,2.420000,4,0.074000,0.115000
9526,0.056000,0.570000,1,0.022000,0.035000
9527,0.152000,0.900000,2,0.046000,0.075000
9528,0.168000,1.900000,3,0.066000,0.105000
9529,0.094000,1.292000,3,0.056000,0.105000
9530,0.094000,1.300000,3,0.070000,0.080000
9531,0.032000,1.750000,2,0.030000,0.035000
9532,0.228000,2.218000,4,0.110000,0.175000
9533,0.148000,1.582000,2,0.052000,0.085000
9534,0.136000,1.144000,4,0.068000,0.100000
9535,0.122000,2.904000,6,0.088000,0.125000
9536,0.062000,0.812000,2,0.042000,0.100000
9537,0.262000,2.118000,3,0.086000,0.140000
9538,0.188000,1.420000,3,0.060000,0.090000
9539,0.114000,1.452000,2,0.048000,0.075000
9540,0.254000,1.922000,3,0.084000,0.145000
9541,0.112000,2.370000,4,0.068000,0.090000
9542,0.148000,1.466000,6,0.110000,0.145000
9543,0.062000,1.502000,2,0.042000,0.060000
9544,0.154000,3.242000,4,0.080000,0.115000
9545,0.422000,0.878000,3,0.108000,0.195000
9546,0.166000,1.672000,2,0.058000,0.100000
9547,0.054000,0.818000,1,0.036000,0.055000
9548,0.192000,1.714000,2,0.064000,0.110000
9549,0.184000,2.450000,5,0.094000,0.135000
9550,0.002000,0.970000,1,0.010000,0.005000
9551,0.072000,0.756000,1,0.034000,0.055000
9552,0.182000,1.244000,3,0.076000,0.105000
9553,0.110000,2.800000,6,0.114000,0.140000
9554,0.112000,1.970000,3,0.052000,0.070000
9555,0.018000,1.570000,2,0.026000,0.025000
9556,0.254000,2.022000,3,0.072000,0.115000
9557,0.074000,1.440000,3,0.050000,0.130000
9558,0.002000,0.620000,1,0.010000,0.005000
9559,0.102000,2.960000,4,0.080000,0.100000
9560,0.166000,2.512000,3,0.058000,0.080000
9561,0.074000,2.280000,3,0.050000,0.065000
9562,0.226000,2.974000,4,0.114000,0.155000
9563,0.100000,2.060000,4,0.064000,0.080000
9564,0.054000,0.730000,2,0.034000,0.045000
9565,0.114000,2.170000,3,0.058000,0.105000
9566,0.092000,1.650000,3,0.052000,0.070000
9567,0.002000,0.970000,1,0.010000,0.005000
9568,0.154000,1.396000,2,0.070000,0.120000
9569,0.142000,1.442000,3,0.066000,0.100000
9570,0.202000,1.474000,3,0.080000,0.130000
9571,0.168000,2.096000,5,0.116000,0.155000
9572,0.020000,0.890000,1,0.016000,0.020000
9573,0.024000,1.750000,2,0.028000,0.030000
9574,0.106000,2.032000,3,0.058000,0.080000
9575,0.024000,0.412000,1,0.022000,0.030000
9576,0.012000,0.840000,1,0.014000,0.015000
9577,0.046000,1.294000,3,0.050000,0.055000
9578,0.120000,2.456000,4,0.076000,0.095000
9579,0.146000,2.152000,4,0.080000,0.100000
9580,0.210000,1.622000,4,0.086000,0.130000
9581,0.132000,2.172000,4,0.080000,0.135000
9582,0.236000,1.680000,3,0.068000,0.110000
9583,0.190000,2.090000,4,0.080000,0.120000
9584,0.030000,0.930000,1,0.018000,0.025000
9585,0.012000,0.900000,1,0.014000,0.015000
9586,0.000000,0.000000,0,0.000000,0.000000
9587,0.008000,0.762000,1,0.016000,0.015000
9588,0.252000,2.324000,4,0.106000,0.175000
9589,0.010000,1.530000,3,0.032000,0.020000
9590,0.058000,0.206000,1,0.028000,0.040000
9591,0.020000,0.930000,1,0.016000,0.020000
9592,0.178000,2.802000,6,0.102000,0.220000
9593,0.074000,1.408000,3,0.066000,0.090000
9594,0.072000,1.848000,3,0.066000,0.085000
9595,0.090000,0.790000,1,0.026000,0.045000
9596,0.066000,1.628000,3,0.066000,0.085000
9597,0.230000,2.350000,4,0.088000,0.115000
9598,0.068000,0.872000,1,0.030000,0.075000
9599,0.256000,2.110000,3,0.076000,0.095000
9600,0.096000,2.410000,3,0.054000,0.075000
9601,0.042000,1.600000,3,0.042000,0.055000
9602,0.014000,0.732000,1,0.018000,0.020000
9603,0.056000,0.880000,1,0.022000,0.035000
9604,0.000000,0.000000,0,0.000000,0.000000
9605,0.692000,1.300000,2,0.090000,0.165000
9606,0.064000,1.836000,2,0.042000,0.055000
9607,0.072000,1.030000,2,0.038000,0.055000
9608,0.030000,0.860000,1,0.018000,0.025000
9609,0.072000,0.560000,1,0.024000,0.040000
9610,0.052000,0.762000,3,0.046000,0.050000
9611,0.048000,2.172000,3,0.048000,0.055000
9612,0.040000,2.562000,3,0.046000,0.050000
9613,0.094000,1.612000,3,0.058000,0.080000
9614,0.032000,1.812000,2,0.034000,0.040000
9615,0.076000,1.660000,2,0.038000,0.055000
9616,0.156000,2.188000,5,0.098000,0.130000
9617,0.062000,1.380000,2,0.036000,0.050000
9618,0.144000,1.734000,4,0.082000,0.110000
9619,0.194000,1.242000,3,0.084000,0.145000
9620,0.104000,2.138000,6,0.106000,0.135000
9621,0.176000,1.286000,3,0.078000,0.120000
9622,0.102000,0.952000,4,0.058000,0.080000
9623,0.072000,0.692000,1,0.032000,0.080000
9624,0.064000,2.072000,3,0.052000,0.065000
9625,0.140000,1.290000,3,0.060000,0.095000
9626,0.140000,3.270000,5,0.082000,0.100000
9627,0.678000,1.866000,4,0.124000,0.220000
9628,0.082000,3.090000,4,0.056000,0.060000
9629,0.056000,1.382000,2,0.038000,0.050000
9630,0.462000,1.862000,3,0.104000,0.155000
9631,0.248000,1.040000,3,0.088000,0.140000
9632,0.156000,2.812000,5,0.086000,0.110000
9633,0.018000,0.790000,2,0.026000,0.045000
9634,0.048000,1.770000,3,0.044000,0.050000
9635,0.114000,0.404000,1,0.044000,0.080000
9636,0.056000,0.630000,1,0.022000,0.035000
9637,0.356000,1.334000,2,0.080000,0.150000
9638,0.042000,1.570000,2,0.032000,0.040000
9639,0.174000,2.080000,4,0.080000,0.120000
9640,0.258000,1.602000,2,0.062000,0.110000
9641,0.000000,0.000000,0,0.000000,0.000000
9642,0.084000,0.694000,2,0.050000,0.075000
9643,0.100000,0.676000,2,0.056000,0.085000
9644,0.176000,2.320000,3,0.084000,0.130000
9645,0.174000,1.680000,2,0.050000,0.065000
9646,0.046000,1.734000,3,0.050000,0.055000
9647,0.372000,1.912000,5,0.122000,0.190000
9648,0.000000,0.000000,0,0.000000,0.000000
9649,0.062000,1.520000,2,0.034000,0.045000
9650,0.176000,1.760000,2,0.048000,0.080000
9651,0.522000,2.058000,3,0.164000,0.280000
9652,0.018000,0.772000,1,0.020000,0.025000
9653,0.316000,1.446000,5,0.124000,0.155000
9654,0.336000,1.108000,3,0.088000,0.145000
9655,0.100000,0.774000,2,0.052000,0.105000
9656,0.046000,2.232000,3,0.048000,0.045000
9657,0.070000,1.432000,3,0.068000,0.085000
9658,0.126000,1.462000,2,0.050000,0.080000
9659,0.102000,1.842000,5,0.088000,0.135000
9660,0.252000,1.496000,4,0.096000,0.145000
9661,0.030000,1.252000,3,0.042000,0.075000
9662,0.326000,1.452000,2,0.072000,0.125000
9663,0.084000,1.670000,2,0.040000,0.080000
9664,0.020000,0.820000,1,0.016000,0.020000
9665,0.036000,1.780000,2,0.030000,0.035000
9666,0.174000,2.368000,4,0.098000,0.145000
9667,0.034000,3.344000,4,0.058000,0.055000
9668,0.042000,1.750000,2,0.032000,0.040000
9669,0.238000,1.460000,2,0.056000,0.100000
9670,0.250000,2.748000,5,0.120000,0.155000
9671,0.080000,1.930000,4,0.062000,0.075000
9672,0.062000,0.652000,1,0.028000,0.045000
9673,0.080000,2.280000,3,0.052000,0.070000
9674,0.074000,1.272000,2,0.042000,0.060000
9675,0.090000,1.946000,3,0.060000,0.080000
9676,0.012000,0.820000,1,0.014000,0.015000
9677,0.120000,1.064000,2,0.054000,0.085000
9678,0.060000,1.530000,2,0.058000,0.080000
9679,0.426000,2.794000,4,0.136000,0.255000
9680,0.538000,1.294000,4,0.132000,0.230000
9681,0.032000,0.902000,1,0.024000,0.035000
9682,0.002000,0.960000,1,0.010000,0.005000
9683,0.032000,1.550000,2,0.030000,0.035000
9684,0.036000,0.832000,2,0.036000,0.045000
9685,0.072000,0.810000,1,0.024000,0.040000
9686,0.000000,0.000000,0,0.000000,0.000000
9687,0.164000,1.658000,4,0.086000,0.120000
9688,0.020000,0.810000,1,0.016000,0.020000
9689,0.060000,2.222000,3,0.052000,0.065000
9690,0.000000,0.000000,0,0.000000,0.000000
9691,0.032000,1.700000,2,0.030000,0.040000
9692,0.018000,1.900000,2,0.026000,0.025000
9693,0.038000,1.670000,3,0.040000,0.055000
9694,0.222000,1.244000,2,0.068000,0.120000
9695,0.040000,1.510000,2,0.032000,0.040000
9696,0.058000,1.280000,2,0.032000,0.040000
9697,0.090000,0.874000,2,0.048000,0.070000
9698,0.000000,0.000000,0,0.000000,0.000000
9699,0.128000,0.752000,3,0.056000,0.095000
9700,0.062000,1.712000,2,0.040000,0.055000
9701,0.186000,2.926000,6,0.116000,0.155000
9702,0.334000,2.370000,3,0.106000,0.160000
9703,0.348000,1.300000,5,0.126000,0.200000
9704,0.028000,1.366000,2,0.034000,0.035000
9705,0.356000,2.546000,5,0.138000,0.215000
9706,0.008000,0.272000,1,0.016000,0.015000
9707,0.046000,2.260000,3,0.044000,0.050000
9708,0.050000,1.050000,2,0.034000,0.045000
9709,0.050000,1.720000,2,0.034000,0.045000
9710,0.196000,1.566000,4,0.096000,0.145000
9711,0.164000,2.868000,4,0.104000,0.130000
9712,0.088000,2.606000,4,0.060000,0.080000
9713,0.066000,2.072000,3,0.054000,0.070000
9714,0.104000,1.540000,3,0.054000,0.075000
9715,0.020000,2.560000,3,0.036000,0.030000
9716,0.020000,0.870000,1,0.016000,0.020000
9717,0.000000,0.000000,0,0.000000,0.000000
9718,0.142000,2.256000,4,0.084000,0.105000
9719,0.106000,2.512000,3,0.060000,0.085000
9720,0.118000,1.622000,2,0.052000,0.085000
9721,0.172000,1.582000,3,0.070000,0.110000
9722,0.030000,0.830000,1,0.018000,0.025000
9723,0.132000,2.160000,3,0.058000,0.085000
9724,0.150000,1.280000,3,0.060000,0.090000
9725,0.050000,0.850000,2,0.034000,0.045000
9726,0.072000,0.900000,1,0.024000,0.070000
9727,0.142000,1.514000,3,0.066000,0.095000
9728,0.202000,2.682000,5,0.100000,0.145000
9729,0.108000,0.776000,1,0.050000,0.115000
9730,0.360000,1.772000,5,0.140000,0.200000
9731,0.084000,1.510000,2,0.040000,0.045000
9732,0.136000,2.002000,5,0.116000,0.145000
9733,0.048000,3.036000,4,0.066000,0.065000
9734,0.110000,1.680000,2,0.042000,0.065000
9735,0.088000,1.482000,2,0.046000,0.070000
9736,0.074000,2.454000,3,0.058000,0.075000
9737,0.158000,2.340000,5,0.086000,0.090000
9738,0.138000,1.988000,4,0.094000,0.135000
9739,0.092000,1.516000,4,0.076000,0.095000
9740,0.028000,0.842000,2,0.032000,0.035000
9741,0.134000,1.534000,3,0.072000,0.110000
9742,0.270000,2.814000,6,0.154000,0.180000
9743,0.044000,1.760000,2,0.030000,0.035000
9744,0.232000,2.038000,3,0.080000,0.125000
9745,0.142000,2.428000,4,0.090000,0.120000
9746,0.258000,1.316000,3,0.086000,0.140000
9747,0.106000,1.252000,3,0.058000,0.090000
9748,0.102000,1.610000,2,0.042000,0.065000
9749,0.008000,0.886000,1,0.018000,0.015000
9750,0.042000,1.700000,2,0.032000,0.040000
9751,0.072000,0.850000,2,0.038000,0.055000
9752,0.158000,0.746000,1,0.056000,0.090000
9753,0.240000,0.830000,1,0.038000,0.075000
9754,0.050000,0.690000,2,0.034000,0.045000
9755,0.008000,0.806000,1,0.018000,0.015000
9756,0.090000,0.760000,1,0.026000,0.045000
9757,0.040000,2.340000,4,0.052000,0.075000
9758,0.020000,0.770000,1,0.016000,0.020000
9759,0.056000,1.726000,2,0.042000,0.055000
9760,0.080000,1.134000,3,0.062000,0.085000
9761,0.104000,1.324000,2,0.048000,0.070000
9762,0.152000,1.540000,2,0.048000,0.080000
9763,0.128000,2.600000,3,0.060000,0.090000
9764,0.186000,2.008000,3,0.094000,0.155000
9765,0.076000,1.232000,3,0.052000,0.065000
9766,0.020000,0.920000,1,0.016000,0.020000
9767,0.020000,0.940000,1,0.016000,0.020000
9768,0.020000,0.820000,1,0.016000,0.020000
9769,0.048000,1.472000,2,0.038000,0.030000
9770,0.346000,2.918000,4,0.128000,0.220000
9771,0.032000,0.722000,1,0.024000,0.035000
9772,0.090000,0.580000,1,0.026000,0.045000
9773,0.002000,0.340000,1,0.010000,0.005000
9774,0.012000,0.812000,1,0.018000,0.020000
9775,0.186000,3.014000,4,0.108000,0.135000
9776,0.204000,2.122000,4,0.084000,0.125000
9777,0.012000,0.930000,1,0.014000,0.015000
9778,0.084000,1.330000,2,0.040000,0.060000
9779,0.012000,0.760000,1,0.014000,0.015000
9780,0.030000,0.830000,1,0.018000,0.025000
9781,0.020000,0.900000,1,0.016000,0.020000
9782,0.138000,1.424000,2,0.054000,0.075000
9783,0.054000,1.752000,2,0.038000,0.075000
9784,0.036000,1.134000,2,0.040000,0.075000
9785,0.246000,1.780000,2,0.050000,0.085000
9786,0.086000,2.342000,3,0.056000,0.070000
9787,0.050000,1.318000,2,0.044000,0.050000
9788,0.122000,1.462000,2,0.052000,0.085000
9789,0.318000,2.310000,3,0.074000,0.115000
9790,0.044000,1.650000,3,0.044000,0.050000
9791,0.078000,1.696000,3,0.064000,0.100000
9792,0.048000,1.750000,3,0.044000,0.050000
9793,0.118000,1.990000,3,0.058000,0.080000
9794,0.036000,0.892000,1,0.024000,0.035000
9795,0.044000,1.400000,2,0.030000,0.035000
9796,0.094000,0.742000,2,0.044000,0.065000
9797,0.160000,1.702000,3,0.062000,0.090000
9798,0.162000,3.298000,4,0.088000,0.115000
9799,0.022000,1.900000,2,0.026000,0.025000
9800,0.072000,0.780000,1,0.024000,0.040000
9801,0.054000,0.774000,2,0.044000,0.100000
9802,0.034000,0.864000,1,0.028000,0.040000
9803,0.022000,1.800000,2,0.026000,0.025000
9804,0.084000,2.306000,3,0.064000,0.085000
9805,0.076000,1.712000,3,0.054000,0.070000
9806,0.082000,2.122000,3,0.056000,0.075000
9807,0.096000,1.134000,3,0.062000,0.085000
9808,0.000000,0.000000,0,0.000000,0.000000
9809,0.110000,1.060000,2,0.068000,0.075000
9810,0.084000,2.140000,3,0.052000,0.070000
9811,0.206000,2.092000,3,0.078000,0.140000
9812,0.102000,1.840000,2,0.040000,0.060000
9813,0.166000,1.334000,2,0.062000,0.105000
9814,0.064000,0.812000,2,0.038000,0.050000
9815,0.042000,0.872000,1,0.026000,0.040000
9816,0.106000,2.550000,3,0.056000,0.080000
9817,0.318000,1.116000,2,0.082000,0.150000
9818,0.160000,0.708000,2,0.068000,0.110000
9819,0.444000,1.714000,3,0.110000,0.180000
9820,0.064000,1.326000,2,0.044000,0.055000
9821,0.012000,0.610000,1,0.014000,0.015000
9822,0.120000,1.386000,2,0.060000,0.085000
9823,0.052000,2.420000,3,0.044000,0.070000
9824,0.062000,1.452000,2,0.040000,0.055000
9825,0.138000,1.522000,2,0.056000,0.075000
9826,0.042000,0.590000,1,0.020000,0.030000
9827,0.214000,1.716000,7,0.132000,0.205000
9828,0.078000,1.682000,2,0.042000,0.060000
9829,0.200000,2.392000,5,0.122000,0.165000
9830,0.144000,1.592000,5,0.098000,0.150000
9831,0.096000,0.790000,2,0.038000,0.055000
9832,0.040000,1.830000,2,0.032000,0.040000
9833,0.006000,0.960000,1,0.012000,0.010000
9834,0.096000,2.440000,3,0.070000,0.095000
9835,0.014000,1.902000,2,0.028000,0.025000
9836,0.090000,0.000000,1,0.018000,0.075000
9837,0.124000,2.524000,4,0.082000,0.115000
9838,0.056000,0.890000,1,0.022000,0.035000
9839,0.054000,0.792000,2,0.040000,0.055000
9840,0.246000,3.266000,4,0.094000,0.140000
9841,0.552000,1.024000,3,0.098000,0.230000
9842,0.420000,2.104000,4,0.116000,0.220000
9843,0.068000,2.330000,4,0.060000,0.070000
9844,0.062000,0.970000,2,0.036000,0.050000
9845,0.030000,0.770000,1,0.018000,0.025000
9846,0.266000,1.518000,4,0.118000,0.195000
9847,0.018000,0.332000,1,0.020000,0.025000
9848,0.012000,1.750000,2,0.024000,0.020000
9849,0.280000,2.390000,4,0.086000,0.125000
9850,0.146000,1.042000,3,0.064000,0.095000
9851,0.084000,1.750000,2,0.040000,0.060000
9852,0.032000,0.522000,1,0.022000,0.030000
9853,0.256000,1.632000,3,0.074000,0.120000
9854,0.090000,0.040000,1,0.026000,0.045000
9855,0.300000,2.186000,4,0.104000,0.120000
9856,0.084000,0.980000,2,0.038000,0.095000
9857,0.068000,1.582000,2,0.042000,0.060000
9858,0.012000,0.880000,1,0.014000,0.015000
9859,0.058000,1.124000,2,0.044000,0.060000
9860,0.182000,3.068000,5,0.088000,0.125000
9861,0.112000,2.312000,4,0.072000,0.095000
9862,0.212000,1.614000,3,0.084000,0.140000
9863,0.086000,1.570000,2,0.040000,0.060000
9864,0.562000,2.146000,4,0.124000,0.185000
9865,0.114000,1.586000,3,0.066000,0.100000
9866,0.086000,1.690000,2,0.040000,0.075000
9867,0.174000,1.930000,4,0.074000,0.120000
9868,0.080000,1.296000,3,0.056000,0.070000
9869,0.000000,0.000000,0,0.000000,0.000000
9870,0.068000,1.120000,3,0.048000,0.060000
9871,0.176000,3.098000,4,0.086000,0.120000
9872,0.030000,0.510000,1,0.018000,0.025000
9873,0.198000,0.762000,1,0.046000,0.090000
9874,0.086000,0.650000,2,0.040000,0.060000
9875,0.132000,0.742000,1,0.040000,0.075000
9876,0.298000,1.862000,4,0.088000,0.135000
9877,0.072000,1.650000,3,0.050000,0.065000
9878,0.056000,0.804000,3,0.052000,0.060000
9879,0.074000,0.542000,1,0.028000,0.045000
9880,0.012000,0.660000,1,0.014000,0.015000
9881,0.312000,1.614000,2,0.080000,0.150000
9882,0.128000,2.834000,4,0.080000,0.110000
9883,0.140000,0.792000,2,0.046000,0.095000
9884,0.100000,0.932000,3,0.048000,0.075000
9885,0.058000,3.086000,4,0.068000,0.075000
9886,0.086000,2.346000,3,0.068000,0.095000
9887,0.260000,0.448000,3,0.102000,0.175000
9888,0.030000,0.740000,1,0.018000,0.025000
9889,0.140000,2.580000,4,0.074000,0.085000
9890,0.006000,0.800000,1,0.012000,0.010000
9891,0.076000,1.430000,2,0.038000,0.055000
9892,0.140000,2.220000,3,0.060000,0.090000
9893,0.374000,2.400000,3,0.078000,0.135000
9894,0.148000,2.242000,3,0.080000,0.105000
9895,0.010000,1.852000,2,0.026000,0.020000
9896,0.258000,1.390000,2,0.074000,0.120000
9897,0.074000,1.850000,3,0.050000,0.065000
9898,0.110000,2.782000,4,0.074000,0.100000
9899,0.078000,1.162000,2,0.042000,0.060000
9900,0.068000,1.108000,4,0.072000,0.105000
9901,0.542000,1.422000,2,0.090000,0.200000
9902,0.020000,0.994000,2,0.034000,0.035000
9903,0.030000,0.930000,1,0.018000,0.025000
9904,0.020000,1.304000,2,0.034000,0.050000
9905,0.156000,0.860000,1,0.032000,0.060000
9906,0.158000,0.842000,1,0.036000,0.065000
9907,0.382000,2.414000,3,0.102000,0.185000
9908,0.100000,2.030000,3,0.076000,0.105000
9909,0.042000,0.880000,1,0.020000,0.030000
9910,0.174000,1.210000,4,0.078000,0.115000
9911,0.128000,2.848000,5,0.102000,0.160000
9912,0.042000,1.710000,2,0.032000,0.040000
9913,0.236000,1.442000,4,0.086000,0.140000
9914,0.078000,1.404000,3,0.052000,0.095000
9915,0.004000,0.932000,1,0.014000,0.010000
9916,0.054000,1.842000,2,0.040000,0.055000
9917,0.180000,0.780000,2,0.052000,0.090000
9918,0.042000,0.496000,1,0.028000,0.040000
9919,0.098000,3.226000,4,0.078000,0.085000
9920,0.082000,2.532000,3,0.056000,0.075000
9921,0.446000,2.330000,4,0.120000,0.195000
9922,0.032000,2.232000,4,0.052000,0.045000
9923,0.180000,1.482000,4,0.084000,0.125000
9924,0.158000,3.788000,8,0.132000,0.150000
9925,0.120000,1.462000,3,0.064000,0.075000
9926,0.134000,2.890000,4,0.086000,0.115000
9927,0.106000,2.222000,4,0.074000,0.100000
9928,0.438000,2.608000,5,0.156000,0.240000
9929,0.134000,1.602000,3,0.066000,0.100000
9930,0.012000,0.900000,1,0.014000,0.015000
9931,0.022000,0.112000,1,0.020000,0.025000
9932,0.056000,0.910000,1,0.022000,0.035000
9933,0.120000,2.212000,5,0.086000,0.125000
9934,0.126000,1.808000,3,0.066000,0.090000
9935,0.244000,1.394000,3,0.090000,0.155000
9936,0.046000,2.806000,5,0.074000,0.070000
9937,0.000000,0.000000,0,0.000000,0.000000
9938,0.162000,2.106000,3,0.074000,0.115000
9939,0.068000,1.714000,4,0.068000,0.065000
9940,0.110000,2.584000,4,0.076000,0.090000
9941,0.022000,1.490000,2,0.026000,0.025000
9942,0.048000,2.330000,3,0.044000,0.050000
9943,0.206000,1.496000,3,0.078000,0.140000
9944,0.074000,1.762000,4,0.058000,0.080000
9945,0.072000,1.430000,2,0.038000,0.055000
9946,0.910000,0.614000,2,0.108000,0.240000
9947,0.176000,1.946000,3,0.082000,0.125000
9948,0.052000,1.190000,3,0.044000,0.050000
9949,0.146000,1.774000,2,0.052000,0.080000
9950,0.112000,2.252000,4,0.070000,0.090000
9951,0.020000,0.750000,1,0.016000,0.020000
9952,0.042000,0.910000,1,0.020000,0.030000
9953,0.124000,1.402000,4,0.076000,0.105000
9954,0.094000,1.472000,2,0.066000,0.090000
9955,0.032000,1.830000,2,0.028000,0.050000
9956,0.074000,1.692000,3,0.052000,0.065000
9957,0.646000,1.656000,3,0.140000,0.265000
9958,0.224000,2.292000,3,0.076000,0.125000
9959,0.052000,1.622000,2,0.040000,0.055000
9960,0.044000,1.780000,2,0.030000,0.035000
9961,0.636000,3.010000,6,0.128000,0.190000
9962,0.012000,0.890000,1,0.014000,0.015000
9963,0.022000,0.082000,3,0.024000,0.025000
9964,0.302000,0.990000,2,0.058000,0.105000
9965,0.168000,0.952000,2,0.050000,0.080000
9966,0.086000,2.968000,4,0.076000,0.095000
9967,0.006000,0.960000,1,0.012000,0.030000
9968,0.342000,1.670000,2,0.066000,0.125000
9969,0.174000,1.926000,3,0.084000,0.135000
9970,0.034000,1.752000,2,0.034000,0.040000
9971,0.032000,0.402000,1,0.022000,0.030000
9972,0.048000,0.960000,2,0.024000,0.040000
9973,0.112000,0.850000,2,0.038000,0.055000
9974,0.400000,2.472000,6,0.178000,0.230000
9975,0.096000,1.000000,2,0.038000,0.055000
9976,0.094000,1.532000,2,0.044000,0.065000
9977,0.110000,0.816000,1,0.038000,0.065000
9978,0.178000,1.316000,4,0.090000,0.165000
9979,0.060000,2.398000,5,0.084000,0.125000
9980,0.072000,0.830000,1,0.024000,0.040000
9981,0.000000,0.000000,0,0.000000,0.000000
9982,0.090000,1.572000,4,0.068000,0.080000
9983,0.066000,1.524000,2,0.044000,0.060000
9984,0.416000,1.482000,2,0.080000,0.155000
9985,0.012000,2.582000,3,0.036000,0.025000
9986,0.108000,1.654000,4,0.078000,0.110000
9987,0.304000,2.394000,5,0.104000,0.160000
9988,0.080000,1.224000,3,0.060000,0.080000
9989,0.132000,1.744000,3,0.068000,0.100000
9990,0.148000,1.664000,4,0.080000,0.110000
9991,0.164000,1.402000,4,0.086000,0.120000
9992,0.106000,1.710000,3,0.056000,0.105000
9993,0.032000,0.890000,2,0.030000,0.055000
9994,0.164000,1.230000,4,0.076000,0.110000
9995,0.154000,1.208000,3,0.086000,0.135000
9996,0.170000,1.670000,3,0.084000,0.115000
9997,0.170000,1.722000,3,0.066000,0.100000
9998,0.082000,0.144000,2,0.048000,0.070000
9999,0.164000,2.330000,4,0.078000,0.120000
10000,0.508000,2.426000,4,0.106000,0.170000
10001,0.144000,2.464000,5,0.090000,0.140000
10002,0.124000,1.920000,3,0.058000,0.085000
10003,0.074000,1.570000,3,0.042000,0.090000
10004,0.078000,0.834000,3,0.050000,0.075000
10005,0.474000,1.378000,2,0.088000,0.165000
10006,0.082000,1.248000,3,0.070000,0.095000
10007,0.630000,1.736000,4,0.134000,0.235000
10008,0.026000,1.500000,2,0.028000,0.030000
10009,0.144000,0.820000,2,0.044000,0.070000
10010,0.172000,1.984000,6,0.114000,0.135000
10011,0.206000,2.290000,5,0.086000,0.125000
10012,0.178000,1.994000,4,0.094000,0.130000
10013,0.288000,1.464000,5,0.110000,0.185000
10014,0.146000,2.272000,3,0.066000,0.150000
10015,0.140000,2.068000,3,0.088000,0.155000
10016,0.032000,1.820000,2,0.030000,0.035000
10017,0.042000,0.650000,1,0.020000,0.030000
10018,0.076000,2.252000,3,0.052000,0.065000
10019,0.062000,0.004000,1,0.022000,0.045000
10020,0.080000,1.722000,3,0.048000,0.075000
10021,0.058000,1.270000,2,0.032000,0.040000
10022,0.044000,1.024000,2,0.040000,0.050000
10023,0.028000,1.636000,2,0.038000,0.040000
10024,0.044000,0.702000,1,0.024000,0.035000
10025,0.774000,1.200000,2,0.084000,0.170000
10026,0.070000,1.684000,3,0.058000,0.075000
10027,0.026000,0.964000,2,0.034000,0.035000
10028,0.064000,2.972000,4,0.062000,0.070000
10029,0.046000,1.052000,2,0.038000,0.050000
10030,0.030000,0.830000,1,0.018000,0.025000
10031,0.054000,2.432000,3,0.048000,0.055000
10032,0.314000,2.254000,4,0.104000,0.170000
10033,0.032000,0.762000,1,0.022000,0.030000
10034,0.316000,1.294000,2,0.072000,0.130000
10035,0.740000,1.340000,6,0.128000,0.230000
10036,0.368000,2.238000,5,0.132000,0.215000
10037,0.000000,0.000000,0,0.000000,0.000000
10038,0.142000,1.544000,3,0.074000,0.110000
10039,0.278000,2.922000,5,0.108000,0.165000
10040,0.152000,0.612000,3,0.066000,0.100000
10041,0.016000,1.712000,2,0.028000,0.025000
10042,0.192000,2.070000,4,0.082000,0.125000
10043,0.092000,2.180000,3,0.054000,0.075000
10044,0.034000,1.670000,3,0.040000,0.075000
10045,0.006000,0.950000,1,0.012000,0.010000
10046,0.030000,0.930000,1,0.018000,0.025000
10047,0.120000,0.902000,4,0.076000,0.105000
10048,0.102000,0.750000,4,0.066000,0.085000
10049,0.080000,3.010000,4,0.062000,0.075000
10050,0.154000,2.560000,7,0.120000,0.155000
10051,0.198000,3.184000,5,0.110000,0.170000
10052,0.078000,1.840000,2,0.036000,0.050000
10053,0.018000,1.550000,2,0.026000,0.025000
10054,0.022000,0.846000,2,0.038000,0.040000
10055,0.160000,1.756000,3,0.078000,0.120000
10056,0.082000,0.810000,3,0.050000,0.065000
10057,0.002000,0.560000,1,0.010000,0.005000
10058,0.110000,0.804000,1,0.044000,0.080000
10059,0.130000,2.194000,5,0.094000,0.125000
10060,0.424000,2.082000,4,0.112000,0.220000
10061,0.082000,1.602000,3,0.050000,0.060000
10062,0.084000,1.482000,3,0.056000,0.075000
10063,0.018000,0.900000,2,0.026000,0.025000
10064,0.414000,1.992000,3,0.096000,0.165000
10065,0.110000,1.584000,3,0.066000,0.095000
10066,0.030000,2.250000,3,0.040000,0.040000
10067,0.232000,0.730000,3,0.062000,0.115000
10068,0.162000,3.230000,4,0.078000,0.115000
10069,0.182000,1.704000,4,0.102000,0.145000
10070,0.132000,1.642000,2,0.056000,0.085000
10071,0.078000,2.362000,5,0.076000,0.070000
10072,0.048000,1.700000,2,0.032000,0.040000
10073,0.544000,0.918000,3,0.086000,0.170000
10074,0.128000,1.230000,3,0.060000,0.090000
10075,0.106000,1.652000,3,0.056000,0.105000
10076,0.354000,1.648000,4,0.120000,0.200000
10077,0.212000,0.750000,2,0.070000,0.115000
10078,0.084000,2.464000,3,0.058000,0.075000
10079,0.060000,1.532000,3,0.052000,0.065000
10080,0.046000,1.580000,3,0.044000,0.065000
10081,0.024000,1.132000,2,0.032000,0.035000
10082,0.156000,3.262000,4,0.080000,0.085000
10083,0.078000,2.290000,3,0.048000,0.055000
10084,0.220000,2.806000,5,0.112000,0.165000
10085,0.030000,0.470000,1,0.018000,0.025000
10086,0.048000,1.670000,2,0.032000,0.040000
10087,0.074000,1.606000,3,0.060000,0.075000
10088,0.112000,2.590000,4,0.070000,0.095000
10089,0.238000,2.442000,3,0.082000,0.135000
10090,0.072000,1.616000,3,0.064000,0.085000
10091,0.132000,2.736000,4,0.078000,0.105000
10092,0.194000,0.598000,1,0.068000,0.130000
10093,0.062000,1.822000,2,0.042000,0.060000
10094,0.140000,0.604000,1,0.050000,0.095000
10095,0.130000,1.416000,2,0.062000,0.100000
10096,0.066000,1.452000,3,0.050000,0.060000
10097,0.024000,1.862000,2,0.032000,0.035000
10098,0.012000,1.720000,2,0.024000,0.020000
10099,0.154000,0.798000,1,0.046000,0.095000
10100,0.162000,1.052000,4,0.080000,0.155000
10101,0.056000,0.210000,1,0.022000,0.035000
10102,0.218000,3.564000,7,0.130000,0.170000
10103,0.174000,0.630000,3,0.064000,0.100000
10104,0.276000,2.606000,7,0.148000,0.205000
10105,0.076000,1.408000,3,0.062000,0.080000
10106,0.702000,1.454000,2,0.090000,0.175000
10107,0.266000,1.490000,3,0.066000,0.105000
10108,0.100000,1.572000,3,0.056000,0.075000
10109,0.122000,1.900000,3,0.084000,0.115000
10110,0.030000,0.810000,1,0.018000,0.025000
10111,0.042000,1.282000,2,0.036000,0.045000
10112,0.008000,0.942000,1,0.016000,0.020000
10113,0.034000,1.704000,3,0.048000,0.050000
10114,0.032000,0.832000,1,0.024000,0.035000
10115,0.158000,1.506000,3,0.072000,0.130000
10116,0.000000,0.000000,0,0.000000,0.000000
10117,0.132000,1.170000,2,0.046000,0.075000
10118,0.378000,1.754000,4,0.108000,0.180000
10119,0.036000,1.710000,2,0.030000,0.035000
10120,0.050000,1.168000,2,0.046000,0.060000
10121,0.332000,1.486000,3,0.088000,0.165000
10122,0.036000,1.164000,2,0.040000,0.060000
10123,0.110000,0.830000,1,0.028000,0.050000
10124,0.330000,1.480000,3,0.080000,0.140000
10125,0.280000,1.788000,4,0.100000,0.140000
10126,0.024000,0.812000,2,0.032000,0.035000
10127,0.042000,0.896000,3,0.038000,0.075000
10128,0.132000,2.132000,3,0.062000,0.090000
10129,0.024000,1.730000,2,0.028000,0.030000
10130,0.154000,1.322000,2,0.050000,0.070000
10131,0.120000,1.020000,2,0.044000,0.070000
10132,0.002000,0.000000,1,0.002000,0.005000
10133,0.088000,1.314000,2,0.052000,0.065000
10134,0.032000,1.752000,2,0.034000,0.040000
10135,0.120000,0.832000,1,0.038000,0.070000
10136,0.056000,1.824000,2,0.044000,0.060000
10137,0.000000,0.000000,0,0.000000,0.000000
10138,0.090000,1.770000,3,0.052000,0.070000
10139,0.020000,1.612000,2,0.030000,0.035000
10140,0.182000,1.360000,3,0.066000,0.085000
10141,0.134000,1.634000,3,0.066000,0.125000
10142,0.044000,1.480000,3,0.042000,0.045000
10143,0.716000,2.600000,7,0.230000,0.345000
10144,0.032000,1.754000,2,0.038000,0.045000
10145,0.074000,1.222000,2,0.042000,0.060000
10146,0.068000,1.700000,2,0.036000,0.050000
10147,0.042000,1.496000,3,0.054000,0.070000
10148,0.078000,2.150000,3,0.050000,0.065000
10149,0.140000,2.784000,6,0.128000,0.145000
10150,0.056000,1.792000,2,0.038000,0.050000
10151,0.000000,0.000000,0,0.000000,0.000000
10152,0.074000,2.210000,4,0.062000,0.075000
10153,0.058000,1.964000,4,0.064000,0.065000
10154,0.074000,1.252000,2,0.042000,0.060000
10155,0.088000,1.260000,3,0.052000,0.070000
10156,0.098000,2.080000,3,0.054000,0.075000
10157,0.120000,0.794000,1,0.044000,0.080000
10158,0.060000,1.820000,2,0.036000,0.050000
10159,0.098000,2.236000,4,0.082000,0.110000
10160,0.012000,1.770000,2,0.024000,0.020000
10161,0.014000,1.842000,2,0.028000,0.025000
10162,0.238000,0.976000,3,0.090000,0.150000
10163,0.162000,1.112000,3,0.070000,0.125000
10164,0.230000,1.212000,3,0.078000,0.165000
10165,0.056000,2.190000,3,0.046000,0.055000
10166,0.082000,2.060000,3,0.052000,0.070000
10167,0.014000,0.692000,1,0.018000,0.020000
10168,0.068000,1.842000,2,0.040000,0.055000
10169,0.190000,1.734000,4,0.090000,0.135000
10170,0.002000,0.690000,1,0.010000,0.005000
10171,0.574000,1.346000,5,0.174000,0.305000
10172,0.120000,1.292000,3,0.062000,0.090000
10173,0.000000,0.000000,0,0.000000,0.000000
10174,0.110000,0.556000,2,0.038000,0.065000
10175,0.146000,1.484000,5,0.094000,0.110000
10176,0.032000,1.540000,2,0.030000,0.035000
10177,0.018000,0.672000,1,0.020000,0.025000
10178,0.132000,0.336000,2,0.054000,0.085000
10179,0.092000,1.560000,3,0.052000,0.070000
10180,0.114000,1.072000,4,0.088000,0.130000
10181,0.062000,1.300000,2,0.036000,0.050000
10182,0.020000,0.940000,1,0.016000,0.020000
10183,0.140000,2.384000,3,0.068000,0.100000
10184,0.030000,0.830000,1,0.018000,0.025000
10185,0.100000,2.362000,4,0.072000,0.095000
10186,0.248000,2.474000,3,0.086000,0.145000
10187,0.018000,0.202000,1,0.020000,0.025000
10188,0.060000,2.352000,3,0.050000,0.060000
10189,0.386000,2.226000,5,0.118000,0.145000
10190,0.166000,3.010000,6,0.104000,0.140000
10191,0.144000,1.420000,3,0.080000,0.170000
10192,0.092000,1.700000,5,0.074000,0.085000
10193,0.098000,1.680000,3,0.054000,0.075000
10194,0.056000,0.640000,1,0.022000,0.035000
10195,0.044000,0.808000,2,0.048000,0.060000
10196,0.000000,0.000000,0,0.000000,0.000000
10197,0.098000,2.502000,4,0.070000,0.090000
10198,0.190000,2.176000,4,0.084000,0.135000
10199,0.070000,1.810000,3,0.050000,0.065000
10200,0.186000,1.190000,2,0.050000,0.085000
10201,0.052000,1.152000,2,0.038000,0.050000
10202,0.036000,1.620000,2,0.030000,0.035000
10203,0.164000,2.416000,5,0.096000,0.145000
10204,0.012000,0.890000,1,0.014000,0.015000
10205,0.126000,1.382000,5,0.088000,0.160000
10206,0.026000,1.700000,2,0.028000,0.030000
10207,0.134000,2.410000,4,0.074000,0.080000
10208,0.026000,0.900000,2,0.028000,0.030000
10209,0.130000,2.774000,4,0.082000,0.115000
10210,0.226000,1.954000,5,0.108000,0.185000
10211,0.162000,3.048000,7,0.130000,0.165000
10212,0.388000,0.894000,3,0.094000,0.165000
10213,0.034000,1.502000,2,0.034000,0.040000
10214,0.066000,0.824000,2,0.046000,0.055000
10215,0.374000,2.438000,4,0.116000,0.215000
10216,0.068000,1.502000,4,0.064000,0.075000
10217,0.080000,1.610000,4,0.056000,0.080000
10218,0.322000,2.968000,5,0.130000,0.195000
10219,0.044000,1.760000,3,0.044000,0.075000
10220,0.322000,2.966000,6,0.142000,0.195000
10221,0.072000,1.750000,2,0.038000,0.055000
10222,0.022000,1.524000,2,0.034000,0.035000
10223,0.036000,0.240000,2,0.030000,0.035000
10224,0.338000,0.646000,1,0.068000,0.135000
10225,0.000000,0.000000,0,0.000000,0.000000
10226,0.072000,1.698000,4,0.078000,0.095000
10227,0.042000,0.890000,1,0.020000,0.030000
10228,0.032000,1.824000,2,0.038000,0.045000
10229,0.060000,1.930000,3,0.048000,0.060000
10230,0.008000,0.492000,1,0.016000,0.015000
10231,0.080000,1.830000,3,0.046000,0.055000
10232,0.042000,0.690000,1,0.020000,0.030000
10233,0.164000,2.496000,3,0.082000,0.130000
10234,0.072000,0.840000,1,0.024000,0.040000
10235,0.056000,2.222000,3,0.050000,0.055000
10236,0.042000,0.710000,1,0.020000,0.030000
10237,0.042000,0.880000,1,0.020000,0.030000
10238,0.196000,2.836000,4,0.102000,0.130000
10239,0.026000,1.632000,2,0.032000,0.060000
10240,0.012000,0.950000,1,0.014000,0.015000
10241,0.254000,1.602000,2,0.060000,0.105000
10242,0.106000,1.568000,4,0.076000,0.110000
10243,0.034000,1.126000,3,0.052000,0.065000
10244,0.074000,1.450000,3,0.050000,0.065000
10245,0.016000,1.702000,2,0.028000,0.025000
10246,0.062000,2.260000,3,0.048000,0.060000
10247,0.032000,0.872000,1,0.022000,0.030000
10248,0.154000,2.222000,4,0.080000,0.115000
10249,0.438000,1.300000,3,0.090000,0.165000
10250,0.072000,1.720000,3,0.050000,0.065000
10251,0.046000,1.022000,2,0.034000,0.060000
10252,0.048000,1.540000,2,0.032000,0.050000
10253,0.094000,2.634000,4,0.070000,0.085000
10254,0.176000,0.408000,1,0.066000,0.110000
10255,0.002000,0.930000,1,0.010000,0.005000
10256,0.068000,2.456000,3,0.056000,0.070000
10257,0.068000,2.376000,3,0.062000,0.075000
10258,0.010000,1.912000,2,0.026000,0.020000
10259,0.110000,0.830000,2,0.042000,0.065000
10260,0.122000,1.330000,3,0.058000,0.085000
10261,0.046000,0.666000,2,0.040000,0.050000
10262,0.018000,0.752000,1,0.020000,0.025000
10263,0.154000,2.592000,5,0.092000,0.125000
10264,0.006000,0.960000,1,0.012000,0.010000
10265,0.202000,2.398000,4,0.114000,0.140000
10266,0.110000,1.760000,2,0.042000,0.065000
10267,0.054000,2.096000,3,0.060000,0.075000
10268,0.002000,0.840000,1,0.010000,0.005000
10269,0.044000,2.392000,3,0.046000,0.075000
10270,0.230000,2.230000,3,0.066000,0.105000
10271,0.124000,1.724000,4,0.070000,0.105000
10272,0.092000,1.420000,3,0.054000,0.075000
10273,0.074000,0.672000,2,0.042000,0.060000
10274,0.064000,1.512000,3,0.052000,0.065000
10275,0.044000,1.700000,2,0.030000,0.035000
10276,0.000000,0.000000,0,0.000000,0.000000
10277,0.062000,1.760000,2,0.036000,0.050000
10278,0.116000,2.426000,3,0.072000,0.105000
10279,0.050000,1.760000,2,0.034000,0.045000
10280,0.072000,1.740000,2,0.038000,0.055000
10281,0.098000,3.190000,5,0.078000,0.095000
10282,0.040000,1.670000,2,0.032000,0.040000
10283,0.000000,0.000000,0,0.000000,0.000000
10284,0.030000,0.920000,1,0.018000,0.025000
10285,0.058000,0.842000,1,0.026000,0.040000
10286,0.092000,2.602000,3,0.054000,0.065000
10287,0.000000,0.000000,0,0.000000,0.000000
10288,0.188000,2.380000,3,0.068000,0.110000
10289,0.032000,0.732000,1,0.022000,0.030000
10290,0.072000,2.650000,3,0.050000,0.065000
10291,0.140000,1.532000,3,0.066000,0.085000
10292,0.082000,2.154000,3,0.056000,0.105000
10293,0.160000,1.710000,3,0.078000,0.110000
10294,0.030000,0.900000,1,0.018000,0.025000
10295,0.388000,2.294000,3,0.092000,0.140000
10296,0.064000,1.492000,2,0.038000,0.050000
10297,0.048000,0.980000,2,0.046000,0.055000
10298,0.046000,0.740000,2,0.046000,0.055000
10299,0.046000,1.700000,3,0.044000,0.050000
10300,0.000000,0.000000,0,0.000000,0.000000
10301,0.322000,0.970000,4,0.080000,0.145000
10302,0.014000,1.902000,2,0.028000,0.025000
10303,0.080000,0.708000,1,0.036000,0.055000
10304,0.264000,3.140000,4,0.082000,0.125000
10305,0.004000,0.822000,1,0.014000,0.010000
10306,0.082000,1.676000,3,0.050000,0.075000
10307,0.028000,1.882000,2,0.032000,0.035000
10308,0.026000,0.892000,1,0.022000,0.030000
10309,0.002000,0.970000,1,0.010000,0.005000
10310,0.000000,0.000000,0,0.000000,0.000000
10311,0.060000,1.702000,2,0.040000,0.055000
10312,0.056000,0.950000,2,0.052000,0.095000
10313,0.066000,2.032000,3,0.050000,0.055000
10314,0.020000,0.940000,1,0.016000,0.040000
10315,0.016000,1.902000,2,0.028000,0.025000
10316,0.012000,0.950000,1,0.014000,0.015000
10317,0.086000,0.812000,2,0.042000,0.060000
10318,0.332000,2.354000,3,0.096000,0.170000
10319,0.006000,0.950000,1,0.012000,0.010000
10320,0.182000,0.810000,1,0.034000,0.065000
10321,0.130000,2.458000,4,0.072000,0.105000
10322,0.072000,0.030000,1,0.024000,0.040000
10323,0.116000,2.130000,3,0.054000,0.075000
10324,0.368000,2.796000,5,0.134000,0.185000
10325,0.038000,1.562000,2,0.036000,0.045000
10326,0.018000,1.650000,2,0.026000,0.025000
10327,0.110000,0.766000,1,0.044000,0.075000
10328,0.124000,1.892000,5,0.088000,0.115000
10329,0.076000,1.022000,3,0.054000,0.070000
10330,0.022000,1.000000,2,0.026000,0.025000
10331,0.056000,1.806000,3,0.050000,0.055000
10332,0.216000,2.280000,5,0.112000,0.135000
10333,0.074000,1.622000,2,0.042000,0.060000
10334,0.120000,1.664000,3,0.062000,0.085000
10335,0.002000,0.210000,1,0.010000,0.005000
10336,0.054000,1.702000,3,0.050000,0.050000
10337,0.060000,1.652000,2,0.040000,0.055000
10338,0.344000,2.594000,5,0.108000,0.180000
10339,0.042000,1.750000,2,0.032000,0.040000
10340,0.090000,0.830000,1,0.026000,0.045000
10341,0.176000,1.520000,3,0.060000,0.090000
10342,0.140000,1.352000,3,0.068000,0.105000
10343,0.114000,1.580000,3,0.050000,0.085000
10344,0.192000,0.632000,2,0.056000,0.095000
10345,0.000000,0.000000,0,0.000000,0.000000
10346,0.052000,2.460000,3,0.046000,0.080000
10347,0.000000,0.000000,0,0.000000,0.000000
10348,0.140000,2.472000,3,0.068000,0.105000
10349,0.108000,1.658000,4,0.070000,0.130000
10350,0.002000,0.970000,1,0.010000,0.005000
10351,0.020000,0.920000,1,0.016000,0.020000
10352,0.002000,0.970000,1,0.010000,0.005000
10353,0.038000,1.040000,3,0.042000,0.060000
10354,0.052000,2.202000,4,0.060000,0.065000
10355,0.072000,2.392000,3,0.054000,0.050000
10356,0.012000,0.950000,1,0.014000,0.015000
10357,0.136000,2.152000,4,0.070000,0.090000
10358,0.074000,1.686000,2,0.052000,0.075000
10359,0.054000,1.688000,2,0.046000,0.060000
10360,0.082000,2.224000,3,0.060000,0.080000
10361,0.020000,0.800000,1,0.016000,0.020000
10362,0.032000,1.872000,2,0.034000,0.040000
10363,0.108000,1.436000,3,0.070000,0.100000
10364,0.066000,2.496000,4,0.064000,0.070000
10365,0.110000,0.880000,1,0.028000,0.050000
10366,0.002000,0.970000,1,0.010000,0.005000
10367,0.020000,0.940000,1,0.016000,0.020000
10368,0.056000,0.800000,1,0.022000,0.035000
10369,0.166000,2.492000,3,0.064000,0.080000
10370,0.040000,1.720000,2,0.032000,0.040000
10371,0.062000,1.790000,2,0.036000,0.065000
10372,0.062000,1.650000,2,0.034000,0.045000
10373,0.056000,0.890000,1,0.022000,0.035000
10374,0.018000,0.882000,1,0.020000,0.025000
10375,0.164000,1.556000,3,0.080000,0.110000
10376,0.048000,1.568000,2,0.044000,0.055000
10377,0.000000,0.000000,0,0.000000,0.000000
10378,0.056000,0.890000,1,0.022000,0.035000
10379,0.038000,1.570000,3,0.040000,0.040000
10380,0.152000,1.700000,2,0.048000,0.080000
10381,0.008000,0.842000,1,0.016000,0.015000
10382,0.072000,0.840000,1,0.024000,0.040000
10383,0.014000,0.932000,1,0.018000,0.020000
10384,0.062000,1.194000,3,0.058000,0.090000
10385,0.110000,0.668000,2,0.070000,0.105000
10386,0.142000,2.582000,3,0.064000,0.095000
10387,0.022000,1.862000,3,0.040000,0.035000
10388,0.106000,2.452000,3,0.058000,0.075000
10389,0.054000,0.872000,1,0.028000,0.045000
10390,0.012000,0.900000,1,0.014000,0.015000
10391,0.044000,1.822000,3,0.048000,0.055000
10392,0.074000,1.280000,3,0.048000,0.060000
10393,0.104000,2.546000,6,0.098000,0.125000
10394,0.044000,1.830000,3,0.044000,0.050000
10395,0.104000,1.800000,3,0.056000,0.080000
10396,0.038000,1.702000,2,0.036000,0.045000
10397,0.026000,1.782000,3,0.042000,0.040000
10398,0.000000,0.000000,0,0.000000,0.000000
10399,0.000000,0.000000,0,0.000000,0.000000
10400,0.018000,0.770000,2,0.026000,0.025000
10401,0.164000,1.712000,3,0.064000,0.095000
10402,0.000000,0.000000,0,0.000000,0.000000
10403,0.074000,1.752000,4,0.056000,0.075000
10404,0.026000,1.780000,2,0.028000,0.030000
10405,0.026000,0.766000,1,0.024000,0.030000
10406,0.062000,1.572000,2,0.042000,0.045000
10407,0.000000,0.000000,0,0.000000,0.000000
10408,0.020000,0.770000,1,0.016000,0.020000
10409,0.022000,0.794000,2,0.034000,0.035000
10410,0.000000,0.000000,0,0.000000,0.000000
10411,0.060000,0.860000,2,0.036000,0.050000
10412,0.030000,0.870000,1,0.018000,0.025000
10413,0.020000,0.840000,1,0.016000,0.020000
10414,0.240000,0.742000,2,0.060000,0.135000
10415,0.056000,0.750000,1,0.022000,0.035000
10416,0.046000,1.002000,2,0.038000,0.050000
10417,0.000000,0.000000,0,0.000000,0.000000
10418,0.188000,2.412000,3,0.072000,0.115000
10419,0.000000,0.000000,0,0.000000,0.000000
10420,0.304000,2.202000,4,0.084000,0.105000
10421,0.188000,1.600000,4,0.074000,0.125000
10422,0.168000,1.054000,5,0.090000,0.135000
10423,0.056000,0.840000,1,0.022000,0.035000
10424,0.220000,0.482000,1,0.050000,0.100000
10425,0.110000,2.962000,4,0.072000,0.085000
10426,0.020000,0.890000,1,0.016000,0.020000
10427,0.156000,0.770000,1,0.032000,0.060000
10428,0.000000,0.000000,0,0.000000,0.000000
10429,0.050000,1.640000,2,0.034000,0.045000
10430,0.000000,0.000000,0,0.000000,0.000000
10431,0.050000,1.744000,3,0.046000,0.055000
10432,0.322000,2.072000,3,0.070000,0.110000
10433,0.080000,1.392000,2,0.040000,0.045000
10434,0.002000,0.940000,1,0.010000,0.005000
10435,0.060000,0.640000,1,0.050000,0.070000
10436,0.110000,1.628000,4,0.068000,0.095000
10437,0.064000,0.830000,3,0.046000,0.065000
10438,0.002000,0.730000,1,0.010000,0.005000
10439,0.092000,1.460000,2,0.040000,0.060000
10440,0.026000,1.032000,2,0.032000,0.035000
10441,0.086000,1.490000,2,0.040000,0.060000
10442,0.020000,0.940000,1,0.016000,0.020000
10443,0.046000,1.502000,3,0.038000,0.050000
10444,0.020000,0.940000,1,0.016000,0.020000
10445,0.202000,1.486000,2,0.066000,0.140000
10446,0.134000,2.394000,4,0.088000,0.130000
10447,0.050000,0.860000,2,0.034000,0.045000
10448,0.040000,0.852000,1,0.026000,0.040000
10449,0.030000,0.930000,1,0.018000,0.025000
10450,0.162000,1.620000,4,0.070000,0.135000
10451,0.000000,0.000000,0,0.000000,0.000000
10452,0.000000,0.000000,0,0.000000,0.000000
10453,0.012000,0.950000,1,0.014000,0.015000
10454,0.058000,0.414000,2,0.044000,0.060000
10455,0.130000,2.080000,5,0.084000,0.100000
10456,0.120000,3.104000,5,0.088000,0.110000
10457,0.068000,1.000000,2,0.036000,0.050000
10458,0.014000,1.742000,2,0.028000,0.025000
10459,0.034000,2.630000,3,0.040000,0.040000
10460,0.084000,2.472000,3,0.054000,0.070000
10461,0.150000,1.864000,3,0.062000,0.085000
10462,0.000000,0.000000,0,0.000000,0.000000
10463,0.012000,1.830000,2,0.024000,0.020000
10464,0.022000,1.910000,2,0.026000,0.025000
10465,0.002000,0.910000,1,0.010000,0.005000
10466,0.058000,0.732000,1,0.026000,0.040000
10467,0.354000,1.144000,3,0.074000,0.135000
10468,0.132000,0.870000,1,0.030000,0.070000
10469,0.042000,0.900000,1,0.020000,0.030000
10470,0.026000,0.912000,1,0.022000,0.030000
10471,0.062000,1.830000,2,0.036000,0.050000
10472,0.100000,0.882000,2,0.046000,0.070000
10473,0.012000,1.830000,2,0.024000,0.020000
10474,0.012000,0.920000,1,0.014000,0.015000
10475,0.030000,0.850000,1,0.018000,0.025000
10476,0.078000,1.632000,2,0.042000,0.040000
10477,0.106000,0.656000,3,0.072000,0.105000
10478,0.152000,2.252000,3,0.068000,0.105000
10479,0.056000,0.910000,1,0.022000,0.035000
10480,0.132000,1.740000,3,0.058000,0.070000
10481,0.162000,0.730000,1,0.054000,0.095000
10482,0.200000,1.744000,3,0.098000,0.150000
10483,0.118000,2.450000,3,0.058000,0.060000
10484,0.002000,0.880000,1,0.010000,0.005000
10485,0.176000,1.734000,3,0.066000,0.105000
10486,0.030000,0.930000,1,0.018000,0.025000
10487,0.032000,0.890000,2,0.030000,0.065000
10488,0.164000,1.540000,3,0.054000,0.095000
10489,0.088000,0.812000,2,0.046000,0.095000
10490,0.010000,0.966000,2,0.028000,0.020000
10491,0.142000,1.622000,2,0.052000,0.085000
10492,0.010000,2.080000,3,0.032000,0.020000
10493,0.156000,2.126000,3,0.080000,0.105000
10494,0.050000,0.866000,2,0.030000,0.045000
10495,0.086000,1.810000,2,0.040000,0.060000
10496,0.398000,0.712000,2,0.066000,0.120000
10497,0.048000,0.742000,1,0.026000,0.040000
10498,0.256000,1.364000,3,0.076000,0.125000
10499,0.052000,2.424000,3,0.054000,0.065000
10500,0.006000,0.910000,1,0.012000,0.010000
10501,0.036000,1.044000,2,0.036000,0.050000
10502,0.036000,1.820000,2,0.030000,0.035000
10503,0.084000,0.872000,2,0.034000,0.060000
10504,0.102000,2.652000,4,0.070000,0.090000
10505,0.000000,0.000000,0,0.000000,0.000000
10506,0.000000,0.000000,0,0.000000,0.000000
10507,0.138000,0.830000,2,0.042000,0.065000
10508,0.036000,1.000000,2,0.030000,0.035000
10509,0.042000,0.860000,2,0.032000,0.045000
10510,0.066000,1.534000,5,0.066000,0.090000
10511,0.002000,0.890000,1,0.010000,0.005000
10512,0.070000,1.526000,4,0.066000,0.090000
10513,0.000000,0.000000,0,0.000000,0.000000
10514,0.048000,0.892000,1,0.026000,0.050000
10515,0.052000,0.764000,1,0.032000,0.050000
10516,0.000000,0.000000,0,0.000000,0.000000
10517,0.008000,0.802000,1,0.016000,0.015000
10518,0.400000,2.514000,5,0.118000,0.210000
10519,0.086000,1.590000,2,0.040000,0.050000
10520,0.218000,0.774000,2,0.050000,0.085000
10521,0.012000,1.580000,2,0.024000,0.020000
10522,0.028000,1.672000,2,0.032000,0.035000
10523,0.010000,1.742000,2,0.026000,0.020000
10524,0.048000,0.782000,2,0.038000,0.050000
10525,0.068000,0.860000,2,0.036000,0.050000
10526,0.034000,1.840000,3,0.032000,0.040000
10527,0.116000,1.530000,4,0.068000,0.075000
10528,0.188000,2.460000,4,0.076000,0.095000
10529,0.062000,0.950000,2,0.036000,0.050000
10530,0.056000,0.900000,1,0.022000,0.035000
10531,0.000000,0.000000,0,0.000000,0.000000
10532,0.074000,1.580000,2,0.034000,0.045000
10533,0.020000,1.472000,2,0.030000,0.030000
10534,0.012000,0.940000,1,0.014000,0.015000
10535,0.006000,0.960000,1,0.012000,0.010000
10536,0.086000,2.344000,5,0.070000,0.085000
10537,0.122000,1.820000,3,0.058000,0.085000
10538,0.276000,1.872000,4,0.086000,0.165000
10539,0.014000,0.932000,1,0.018000,0.020000
10540,0.020000,1.722000,2,0.030000,0.030000
10541,0.166000,2.474000,3,0.078000,0.115000
10542,0.042000,1.870000,2,0.032000,0.040000
10543,0.018000,0.822000,1,0.020000,0.025000
10544,0.030000,0.770000,1,0.018000,0.025000
10545,0.218000,1.692000,3,0.072000,0.115000
10546,0.084000,1.550000,3,0.052000,0.070000
10547,0.152000,1.774000,4,0.084000,0.120000
10548,0.040000,1.750000,2,0.032000,0.040000
10549,0.128000,0.990000,2,0.046000,0.075000
10550,0.070000,1.510000,3,0.050000,0.065000
10551,0.408000,2.052000,6,0.124000,0.185000
10552,0.030000,0.930000,1,0.018000,0.025000
10553,0.358000,1.602000,4,0.132000,0.205000
10554,0.150000,1.684000,3,0.074000,0.115000
10555,0.032000,0.880000,2,0.030000,0.035000
10556,0.098000,2.420000,3,0.048000,0.050000
10557,0.444000,1.224000,3,0.102000,0.185000
10558,0.018000,2.382000,3,0.038000,0.030000
10559,0.028000,1.652000,2,0.032000,0.035000
10560,0.116000,0.752000,2,0.048000,0.095000
10561,0.032000,0.872000,1,0.022000,0.050000
10562,0.100000,3.142000,4,0.072000,0.095000
10563,0.002000,0.870000,1,0.010000,0.005000
10564,0.098000,1.470000,2,0.042000,0.065000
10565,0.012000,0.920000,1,0.014000,0.015000
10566,0.020000,0.940000,1,0.016000,0.020000
10567,0.012000,0.950000,1,0.014000,0.015000
10568,0.056000,0.830000,1,0.022000,0.035000
10569,0.086000,0.820000,2,0.040000,0.060000
10570,0.066000,1.594000,3,0.058000,0.075000
10571,0.074000,1.730000,2,0.056000,0.080000
10572,0.158000,2.082000,5,0.088000,0.125000
10573,0.084000,0.936000,3,0.062000,0.080000
10574,0.030000,0.890000,1,0.018000,0.025000
10575,0.054000,1.142000,2,0.038000,0.050000
10576,0.084000,1.710000,2,0.040000,0.060000
10577,0.078000,1.692000,2,0.042000,0.060000
10578,0.032000,1.680000,2,0.028000,0.030000
10579,0.090000,0.870000,1,0.026000,0.045000
10580,0.020000,0.880000,1,0.016000,0.020000
10581,0.080000,2.526000,3,0.062000,0.065000
10582,0.050000,1.666000,3,0.050000,0.080000
10583,0.064000,1.498000,2,0.048000,0.065000
10584,0.038000,1.562000,2,0.034000,0.040000
10585,0.072000,0.866000,2,0.034000,0.055000
10586,0.384000,2.270000,4,0.086000,0.135000
10587,0.064000,0.852000,2,0.038000,0.050000
10588,0.000000,0.000000,0,0.000000,0.000000
10589,0.042000,0.870000,1,0.020000,0.030000
10590,0.090000,0.770000,1,0.026000,0.045000
10591,0.062000,1.670000,2,0.036000,0.050000
10592,0.000000,0.000000,0,0.000000,0.000000
10593,0.090000,1.750000,3,0.050000,0.065000
10594,0.184000,1.736000,5,0.106000,0.165000
10595,0.020000,0.890000,1,0.016000,0.020000
10596,0.090000,0.870000,1,0.026000,0.045000
10597,0.006000,0.890000,1,0.012000,0.010000
10598,0.112000,2.452000,3,0.062000,0.090000
10599,0.072000,1.684000,2,0.048000,0.070000
10600,0.068000,2.452000,3,0.052000,0.065000
10601,0.248000,1.634000,3,0.086000,0.145000
10602,0.102000,1.570000,4,0.086000,0.110000
10603,0.076000,0.920000,2,0.038000,0.055000
10604,0.058000,1.394000,2,0.046000,0.065000
10605,0.008000,0.902000,1,0.016000,0.015000
10606,0.000000,0.000000,0,0.000000,0.000000
10607,0.014000,1.832000,2,0.028000,0.025000
10608,0.014000,0.762000,1,0.018000,0.020000
10609,0.084000,1.662000,2,0.046000,0.070000
10610,0.068000,0.820000,2,0.036000,0.050000
10611,0.242000,0.712000,2,0.066000,0.145000
10612,0.074000,1.602000,2,0.042000,0.060000
10613,0.136000,1.672000,3,0.076000,0.135000
10614,0.050000,1.800000,2,0.034000,0.045000
10615,0.034000,1.670000,3,0.032000,0.040000
10616,0.052000,1.584000,4,0.064000,0.070000
10617,0.074000,2.584000,4,0.064000,0.065000
10618,0.126000,1.196000,3,0.070000,0.100000
10619,0.026000,0.862000,1,0.022000,0.030000
10620,0.044000,2.422000,3,0.046000,0.050000
10621,0.130000,0.820000,2,0.044000,0.070000
10622,0.230000,1.510000,2,0.052000,0.085000
10623,0.026000,0.800000,2,0.020000,0.045000
10624,0.110000,0.830000,1,0.028000,0.050000
10625,0.056000,0.910000,1,0.022000,0.035000
10626,0.120000,3.340000,4,0.068000,0.090000
10627,0.000000,0.000000,0,0.000000,0.000000
10628,0.100000,2.420000,5,0.078000,0.095000
10629,0.276000,2.744000,5,0.138000,0.200000
10630,0.090000,0.880000,1,0.026000,0.045000
10631,0.070000,1.700000,3,0.050000,0.065000
10632,0.044000,1.382000,2,0.036000,0.030000
10633,0.020000,0.910000,1,0.016000,0.045000
10634,0.010000,0.804000,1,0.020000,0.020000
10635,0.038000,1.530000,3,0.040000,0.040000
10636,0.094000,1.610000,4,0.058000,0.085000
10637,0.078000,1.586000,2,0.052000,0.075000
10638,0.348000,1.656000,3,0.096000,0.165000
10639,0.386000,1.674000,2,0.064000,0.110000
10640,0.040000,0.804000,3,0.050000,0.055000
10641,0.196000,1.526000,2,0.066000,0.110000
10642,0.000000,0.000000,0,0.000000,0.000000
10643,0.032000,0.780000,2,0.028000,0.030000
10644,0.104000,2.338000,4,0.068000,0.095000
10645,0.064000,0.780000,1,0.050000,0.080000
10646,0.042000,0.710000,1,0.020000,0.030000
10647,0.112000,0.714000,4,0.078000,0.155000
10648,0.208000,0.894000,3,0.068000,0.110000
10649,0.074000,2.392000,4,0.064000,0.075000
10650,0.036000,1.610000,2,0.030000,0.040000
10651,0.222000,2.334000,4,0.094000,0.145000
10652,0.042000,0.890000,1,0.020000,0.030000
10653,0.184000,2.140000,4,0.082000,0.125000
10654,0.056000,2.448000,3,0.058000,0.070000
10655,0.000000,0.000000,0,0.000000,0.000000
10656,0.004000,0.792000,1,0.014000,0.010000
10657,0.018000,1.912000,3,0.030000,0.030000
10658,0.094000,2.202000,3,0.056000,0.070000
10659,0.170000,2.386000,5,0.086000,0.125000
10660,0.012000,0.950000,1,0.014000,0.015000
10661,0.012000,0.750000,1,0.014000,0.015000
10662,0.040000,0.940000,2,0.024000,0.040000
10663,0.072000,2.600000,3,0.050000,0.065000
10664,0.132000,0.830000,1,0.030000,0.055000
10665,0.014000,0.812000,1,0.018000,0.020000
10666,0.026000,0.830000,2,0.028000,0.050000
10667,0.018000,0.916000,1,0.022000,0.025000
10668,0.064000,1.672000,2,0.038000,0.050000
10669,0.072000,0.902000,3,0.054000,0.070000
10670,0.410000,2.494000,3,0.082000,0.110000
10671,0.006000,0.960000,1,0.012000,0.010000
10672,0.438000,1.328000,2,0.134000,0.245000
10673,0.120000,2.710000,5,0.086000,0.105000
10674,0.010000,0.892000,2,0.018000,0.020000
10675,0.096000,1.886000,3,0.068000,0.095000
10676,0.076000,1.660000,4,0.060000,0.085000
10677,0.064000,1.126000,3,0.042000,0.055000
10678,0.164000,2.986000,5,0.094000,0.135000
10679,0.068000,1.742000,2,0.040000,0.055000
10680,0.046000,0.994000,2,0.040000,0.050000
10681,0.024000,0.342000,1,0.022000,0.030000
10682,0.020000,0.844000,1,0.024000,0.030000
10683,0.128000,1.400000,3,0.060000,0.120000
10684,0.190000,2.360000,4,0.082000,0.100000
10685,0.128000,1.160000,4,0.072000,0.080000
10686,0.016000,1.772000,3,0.038000,0.030000
10687,0.168000,2.094000,4,0.084000,0.120000
10688,0.000000,0.000000,0,0.000000,0.000000
10689,0.180000,1.660000,4,0.074000,0.080000
10690,0.072000,2.322000,3,0.054000,0.070000
10691,0.056000,2.360000,3,0.046000,0.055000
10692,0.042000,0.820000,2,0.032000,0.040000
10693,0.064000,1.432000,3,0.044000,0.065000
10694,0.088000,1.614000,3,0.060000,0.080000
10695,0.036000,1.752000,3,0.046000,0.050000
10696,0.076000,1.602000,2,0.038000,0.075000
10697,0.124000,2.388000,4,0.078000,0.095000
10698,0.096000,1.670000,3,0.054000,0.075000
10699,0.054000,1.780000,2,0.034000,0.045000
10700,0.182000,2.410000,3,0.066000,0.105000
10701,0.226000,0.884000,3,0.076000,0.120000
10702,0.050000,0.830000,2,0.034000,0.045000
10703,0.204000,0.880000,3,0.070000,0.125000
10704,0.144000,1.420000,3,0.060000,0.090000
10705,0.090000,0.956000,5,0.080000,0.105000
10706,0.072000,0.900000,2,0.038000,0.055000
10707,0.092000,2.394000,3,0.062000,0.085000
10708,0.216000,2.202000,4,0.082000,0.140000
10709,0.076000,1.190000,2,0.038000,0.055000
10710,0.114000,0.812000,2,0.052000,0.085000
10711,0.000000,0.000000,0,0.000000,0.000000
10712,0.008000,0.970000,2,0.014000,0.015000
10713,0.154000,1.294000,2,0.064000,0.110000
10714,0.146000,0.744000,2,0.052000,0.120000
10715,0.322000,2.134000,3,0.092000,0.175000
10716,0.000000,0.000000,0,0.000000,0.000000
10717,0.042000,0.690000,2,0.032000,0.040000
10718,0.118000,0.580000,2,0.072000,0.115000
10719,0.086000,1.380000,2,0.040000,0.060000
10720,0.014000,0.922000,1,0.018000,0.020000
10721,0.088000,0.802000,2,0.044000,0.080000
10722,0.044000,2.214000,4,0.052000,0.060000
10723,0.092000,0.790000,2,0.040000,0.060000
10724,0.056000,0.860000,3,0.046000,0.075000
10725,0.056000,0.900000,1,0.022000,0.035000
10726,0.162000,1.414000,3,0.076000,0.120000
10727,0.138000,1.594000,3,0.074000,0.115000
10728,0.000000,0.000000,0,0.000000,0.000000
10729,0.132000,0.702000,1,0.052000,0.085000
10730,0.056000,1.200000,3,0.044000,0.050000
10731,0.244000,1.544000,4,0.104000,0.170000
10732,0.152000,2.514000,3,0.064000,0.090000
10733,0.070000,1.590000,3,0.046000,0.055000
10734,0.062000,0.772000,3,0.052000,0.065000
10735,0.134000,0.758000,4,0.078000,0.130000
10736,0.012000,0.830000,1,0.014000,0.015000
10737,0.030000,0.310000,1,0.018000,0.025000
10738,0.090000,1.366000,2,0.048000,0.070000
10739,0.092000,1.740000,3,0.052000,0.070000
10740,0.038000,1.584000,3,0.050000,0.055000
10741,0.056000,0.700000,1,0.022000,0.035000
10742,0.080000,2.384000,4,0.074000,0.085000
10743,0.062000,0.860000,2,0.036000,0.050000
10744,0.010000,0.836000,2,0.028000,0.020000
10745,0.030000,0.900000,1,0.018000,0.025000
10746,0.036000,0.692000,1,0.024000,0.035000
10747,0.194000,1.394000,4,0.090000,0.105000
10748,0.012000,0.950000,1,0.014000,0.015000
10749,0.000000,0.000000,0,0.000000,0.000000
10750,0.070000,0.774000,3,0.058000,0.075000
10751,0.148000,2.334000,5,0.094000,0.125000
10752,0.084000,2.378000,3,0.068000,0.075000
10753,0.052000,2.454000,3,0.052000,0.055000
10754,0.068000,2.242000,3,0.052000,0.065000
10755,0.130000,2.462000,5,0.090000,0.120000
10756,0.232000,2.756000,9,0.164000,0.180000
10757,0.498000,1.444000,5,0.122000,0.215000
10758,0.040000,1.844000,2,0.040000,0.050000
10759,0.464000,1.212000,2,0.080000,0.155000
10760,0.032000,1.512000,3,0.056000,0.050000
10761,0.012000,0.710000,1,0.014000,0.015000
10762,0.090000,0.912000,2,0.044000,0.065000
10763,0.064000,1.672000,4,0.052000,0.065000
10764,0.126000,2.282000,4,0.086000,0.125000
10765,0.112000,2.190000,3,0.056000,0.075000
10766,0.032000,0.862000,2,0.024000,0.035000
10767,0.056000,0.780000,1,0.022000,0.035000
10768,0.008000,0.402000,1,0.016000,0.015000
10769,0.032000,0.796000,1,0.026000,0.035000
10770,0.110000,1.674000,2,0.054000,0.085000
10771,0.556000,0.988000,5,0.148000,0.215000
10772,0.068000,1.106000,4,0.072000,0.105000
10773,0.032000,0.832000,2,0.034000,0.040000
10774,0.030000,0.780000,1,0.018000,0.025000
10775,0.434000,1.574000,6,0.136000,0.210000
10776,0.000000,0.000000,0,0.000000,0.000000
10777,0.000000,0.000000,0,0.000000,0.000000
10778,0.032000,0.144000,1,0.028000,0.040000
10779,0.036000,1.100000,3,0.042000,0.045000
10780,0.280000,0.750000,2,0.062000,0.095000
10781,0.032000,0.970000,2,0.020000,0.030000
10782,0.030000,0.870000,1,0.018000,0.025000
10783,0.102000,1.740000,2,0.042000,0.065000
10784,0.030000,0.810000,1,0.018000,0.025000
10785,0.128000,1.150000,2,0.046000,0.075000
10786,0.110000,0.994000,3,0.064000,0.090000
10787,0.000000,0.000000,0,0.000000,0.000000
10788,0.026000,1.704000,2,0.036000,0.040000
10789,0.038000,1.668000,4,0.066000,0.070000
10790,0.020000,0.600000,1,0.016000,0.020000
10791,0.316000,3.190000,5,0.114000,0.150000
10792,0.236000,2.330000,5,0.098000,0.145000
10793,0.080000,1.140000,3,0.042000,0.065000
10794,0.028000,1.722000,2,0.032000,0.035000
10795,0.230000,1.202000,3,0.082000,0.140000
10796,0.890000,1.932000,5,0.146000,0.230000
10797,0.012000,0.950000,1,0.014000,0.030000
10798,0.098000,2.068000,4,0.080000,0.100000
10799,0.000000,0.000000,0,0.000000,0.000000
10800,0.210000,1.366000,4,0.090000,0.100000
10801,0.120000,1.742000,3,0.062000,0.090000
10802,0.508000,2.820000,6,0.162000,0.265000
10803,0.168000,1.590000,2,0.046000,0.075000
10804,0.110000,0.056000,1,0.066000,0.110000
10805,0.304000,1.596000,2,0.064000,0.110000
10806,0.000000,0.000000,0,0.000000,0.000000
10807,0.012000,0.890000,1,0.014000,0.015000
10808,0.034000,1.062000,2,0.034000,0.040000
10809,0.262000,2.110000,3,0.076000,0.100000
10810,0.068000,1.412000,2,0.042000,0.060000
10811,0.144000,2.144000,6,0.098000,0.145000
10812,0.052000,2.332000,3,0.046000,0.050000
10813,0.160000,2.384000,5,0.098000,0.170000
10814,0.218000,1.212000,2,0.062000,0.110000
10815,0.020000,0.220000,1,0.016000,0.020000
10816,0.062000,1.442000,2,0.042000,0.060000
10817,0.122000,0.902000,3,0.066000,0.100000
10818,0.072000,0.900000,1,0.024000,0.040000
10819,0.152000,1.324000,3,0.072000,0.110000
10820,0.078000,3.072000,4,0.068000,0.085000
10821,0.056000,1.382000,3,0.050000,0.060000
10822,0.042000,0.770000,1,0.020000,0.030000
10823,0.326000,2.700000,7,0.170000,0.230000
10824,0.044000,1.762000,2,0.036000,0.045000
10825,0.206000,1.538000,4,0.086000,0.120000
10826,0.098000,1.584000,2,0.054000,0.085000
10827,0.142000,1.312000,3,0.058000,0.100000
10828,0.142000,1.430000,3,0.056000,0.080000
10829,0.042000,1.786000,3,0.054000,0.060000
10830,0.006000,0.920000,1,0.012000,0.010000
10831,0.028000,0.828000,3,0.048000,0.045000
10832,0.000000,0.000000,0,0.000000,0.000000
10833,0.322000,1.424000,3,0.096000,0.170000
10834,0.292000,2.164000,4,0.102000,0.175000
10835,0.386000,2.456000,3,0.098000,0.200000
10836,0.148000,1.536000,4,0.074000,0.110000
10837,0.286000,1.630000,3,0.066000,0.125000
10838,0.462000,2.066000,5,0.146000,0.205000
10839,0.142000,2.748000,4,0.084000,0.115000
10840,0.000000,0.000000,0,0.000000,0.000000
10841,0.098000,1.482000,3,0.058000,0.080000
10842,0.094000,1.420000,4,0.066000,0.085000
10843,0.062000,1.772000,3,0.050000,0.060000
10844,0.076000,1.682000,3,0.052000,0.065000
10845,0.366000,2.228000,4,0.126000,0.200000
10846,0.000000,0.000000,0,0.000000,0.000000
10847,0.142000,2.372000,3,0.062000,0.090000
10848,0.086000,1.150000,2,0.040000,0.075000
10849,0.000000,0.000000,0,0.000000,0.000000
10850,0.668000,0.192000,2,0.088000,0.195000
10851,0.088000,2.304000,3,0.068000,0.085000
10852,0.184000,1.712000,3,0.064000,0.095000
10853,0.572000,1.340000,5,0.156000,0.285000
10854,0.058000,0.872000,1,0.026000,0.040000
10855,0.234000,3.840000,6,0.142000,0.155000
10856,0.080000,2.202000,3,0.054000,0.070000
10857,0.050000,1.682000,3,0.050000,0.060000
10858,0.074000,2.102000,4,0.066000,0.080000
10859,0.056000,2.312000,4,0.060000,0.065000
10860,0.198000,1.628000,3,0.086000,0.135000
10861,0.006000,0.870000,1,0.012000,0.010000
10862,0.118000,1.560000,4,0.070000,0.095000
10863,0.030000,0.800000,1,0.018000,0.025000
10864,0.056000,1.952000,3,0.048000,0.090000
10865,0.148000,1.676000,5,0.088000,0.130000
10866,0.020000,0.870000,1,0.016000,0.020000
10867,0.312000,0.218000,2,0.084000,0.155000
10868,0.736000,2.970000,8,0.204000,0.350000
10869,0.018000,0.782000,1,0.020000,0.025000
10870,0.242000,2.020000,4,0.116000,0.185000
10871,0.056000,1.012000,2,0.040000,0.055000
10872,0.110000,1.752000,3,0.058000,0.045000
10873,0.118000,1.970000,4,0.070000,0.095000
10874,0.166000,3.266000,6,0.110000,0.135000
10875,0.162000,1.124000,3,0.070000,0.090000
10876,0.144000,1.612000,3,0.066000,0.100000
10877,0.056000,2.318000,3,0.056000,0.065000
10878,0.324000,2.402000,3,0.084000,0.135000
10879,0.122000,0.900000,3,0.058000,0.085000
10880,0.030000,0.780000,1,0.018000,0.025000
10881,0.044000,0.882000,2,0.036000,0.045000
10882,0.146000,2.154000,4,0.084000,0.120000
10883,0.218000,2.092000,4,0.088000,0.135000
10884,0.000000,0.000000,0,0.000000,0.000000
10885,0.006000,0.840000,1,0.012000,0.010000
10886,0.240000,3.208000,8,0.156000,0.205000
10887,0.106000,1.840000,3,0.056000,0.080000
10888,0.036000,0.742000,1,0.024000,0.035000
10889,0.000000,0.000000,0,0.000000,0.000000
10890,0.042000,0.682000,1,0.026000,0.040000
10891,0.404000,1.240000,4,0.104000,0.185000
10892,0.058000,1.304000,3,0.056000,0.070000
10893,0.172000,3.050000,5,0.090000,0.125000
10894,0.072000,0.912000,2,0.036000,0.065000
10895,0.088000,3.182000,4,0.068000,0.075000
10896,0.444000,0.572000,2,0.078000,0.150000
10897,0.094000,1.842000,4,0.050000,0.080000
10898,0.054000,1.850000,2,0.034000,0.045000
10899,0.138000,1.556000,4,0.086000,0.150000
10900,0.056000,2.480000,3,0.044000,0.035000
10901,0.022000,0.832000,1,0.020000,0.025000
10902,0.042000,1.842000,2,0.036000,0.045000
10903,0.012000,0.950000,1,0.014000,0.015000
10904,0.150000,1.652000,3,0.066000,0.100000
10905,0.056000,1.854000,4,0.064000,0.065000
10906,0.038000,1.780000,3,0.034000,0.045000
10907,0.042000,0.740000,1,0.020000,0.030000
10908,0.012000,0.940000,1,0.014000,0.015000
10909,0.150000,2.056000,5,0.098000,0.130000
10910,0.098000,1.382000,2,0.046000,0.065000
10911,0.054000,1.470000,2,0.034000,0.045000
10912,0.196000,1.312000,3,0.068000,0.105000
10913,0.178000,1.622000,2,0.052000,0.085000
10914,0.080000,0.964000,3,0.060000,0.080000
10915,0.020000,0.780000,1,0.016000,0.020000
10916,0.120000,0.782000,4,0.068000,0.105000
10917,0.254000,2.156000,4,0.122000,0.135000
10918,0.154000,2.424000,4,0.082000,0.095000
10919,0.046000,1.852000,2,0.038000,0.050000
10920,0.000000,0.000000,0,0.000000,0.000000
10921,0.120000,3.032000,4,0.072000,0.095000
10922,0.300000,1.308000,4,0.110000,0.160000
10923,0.080000,1.344000,2,0.048000,0.070000
10924,0.028000,1.782000,2,0.032000,0.035000
10925,0.354000,2.920000,4,0.098000,0.165000
10926,0.092000,2.658000,6,0.102000,0.105000
10927,0.416000,3.060000,4,0.102000,0.175000
10928,0.186000,3.024000,5,0.104000,0.150000
10929,0.346000,2.100000,3,0.094000,0.155000
10930,0.122000,1.474000,3,0.064000,0.090000
10931,0.098000,1.514000,3,0.062000,0.100000
10932,0.142000,2.142000,3,0.064000,0.095000
10933,0.198000,1.032000,2,0.082000,0.140000
10934,0.226000,1.688000,4,0.120000,0.180000
10935,0.074000,1.784000,4,0.066000,0.065000
10936,0.696000,2.944000,5,0.144000,0.200000
10937,0.132000,2.174000,5,0.094000,0.125000
10938,0.064000,2.274000,5,0.070000,0.105000
10939,0.076000,1.522000,3,0.052000,0.065000
10940,0.120000,2.302000,5,0.078000,0.105000
10941,0.052000,2.178000,3,0.056000,0.065000
10942,0.614000,1.216000,5,0.150000,0.270000
10943,0.072000,1.710000,2,0.038000,0.075000
10944,0.148000,2.374000,5,0.090000,0.120000
10945,0.090000,1.506000,2,0.046000,0.060000
10946,0.194000,2.324000,3,0.076000,0.120000
10947,0.122000,2.366000,5,0.100000,0.115000
10948,0.006000,0.960000,1,0.012000,0.010000
10949,0.692000,2.140000,6,0.168000,0.290000
10950,0.032000,1.640000,3,0.040000,0.040000
10951,0.352000,2.856000,6,0.150000,0.175000
10952,0.048000,1.680000,2,0.032000,0.040000
10953,0.042000,1.720000,2,0.032000,0.050000
10954,0.112000,1.314000,3,0.066000,0.095000
10955,0.206000,2.676000,4,0.102000,0.160000
10956,0.244000,3.262000,6,0.122000,0.145000
10957,0.658000,1.422000,3,0.106000,0.200000
10958,0.028000,0.884000,2,0.026000,0.035000
10959,0.136000,2.086000,3,0.078000,0.110000
10960,0.148000,2.084000,4,0.092000,0.125000
10961,0.502000,2.138000,6,0.144000,0.215000
10962,0.076000,1.792000,3,0.054000,0.070000
10963,0.382000,2.072000,5,0.160000,0.250000
10964,0.572000,1.966000,4,0.126000,0.175000
10965,0.408000,2.948000,6,0.138000,0.175000
10966,0.048000,1.710000,2,0.032000,0.040000
10967,0.184000,1.906000,4,0.076000,0.140000
10968,0.258000,1.640000,4,0.122000,0.190000
10969,0.150000,2.142000,3,0.066000,0.100000
10970,0.190000,1.846000,4,0.102000,0.160000
10971,0.000000,0.000000,0,0.000000,0.000000
10972,0.116000,1.680000,3,0.058000,0.085000
10973,0.042000,0.510000,1,0.020000,0.030000
10974,0.080000,1.212000,3,0.054000,0.070000
10975,0.172000,1.882000,4,0.084000,0.125000
10976,0.324000,3.296000,8,0.166000,0.205000
10977,0.350000,2.028000,6,0.166000,0.255000
10978,0.414000,2.612000,5,0.148000,0.240000
10979,0.196000,0.164000,4,0.098000,0.200000
10980,0.188000,2.550000,6,0.140000,0.175000
10981,0.028000,1.864000,3,0.046000,0.045000
10982,0.042000,0.650000,1,0.020000,0.030000
10983,0.048000,1.310000,2,0.032000,0.040000
10984,0.186000,1.652000,3,0.074000,0.120000
10985,0.204000,2.542000,5,0.104000,0.140000
10986,0.132000,1.396000,5,0.098000,0.100000
10987,0.542000,2.194000,3,0.106000,0.195000
10988,0.252000,2.260000,5,0.126000,0.190000
10989,0.600000,2.590000,5,0.156000,0.210000
10990,0.126000,1.162000,2,0.050000,0.080000
10991,0.370000,2.684000,8,0.154000,0.210000
10992,0.310000,1.392000,3,0.082000,0.125000
10993,0.094000,1.740000,5,0.082000,0.105000
10994,0.078000,1.396000,3,0.060000,0.075000
10995,0.492000,1.276000,5,0.172000,0.340000
10996,0.040000,0.880000,2,0.032000,0.040000
10997,0.068000,0.114000,2,0.038000,0.065000
10998,0.216000,1.804000,5,0.108000,0.140000
10999,0.344000,2.372000,4,0.100000,0.185000
11000,0.050000,2.602000,4,0.058000,0.060000
11001,0.184000,2.412000,6,0.126000,0.170000
11002,0.182000,1.692000,7,0.106000,0.155000
11003,0.326000,2.840000,6,0.148000,0.245000
11004,0.106000,1.712000,4,0.070000,0.105000
11005,0.290000,2.430000,4,0.124000,0.205000
11006,0.228000,2.952000,6,0.108000,0.165000
11007,0.014000,0.914000,1,0.022000,0.025000
11008,0.448000,2.292000,7,0.174000,0.260000
11009,0.110000,0.880000,1,0.028000,0.050000
11010,0.148000,3.164000,5,0.096000,0.135000
11011,0.134000,0.944000,2,0.058000,0.095000
11012,0.150000,2.094000,5,0.094000,0.125000
11013,0.314000,1.302000,2,0.076000,0.145000
11014,0.130000,1.530000,4,0.092000,0.125000
11015,0.220000,1.274000,2,0.066000,0.115000
11016,0.160000,1.474000,5,0.088000,0.130000
11017,0.190000,1.110000,5,0.104000,0.195000
11018,0.056000,1.352000,4,0.068000,0.085000
11019,0.128000,1.982000,3,0.062000,0.090000
11020,0.010000,1.696000,2,0.028000,0.020000
11021,0.210000,2.824000,6,0.118000,0.150000
11022,0.168000,2.404000,6,0.108000,0.130000
11023,0.006000,0.930000,1,0.012000,0.010000
11024,0.222000,1.642000,3,0.074000,0.120000
11025,0.142000,1.508000,4,0.068000,0.145000
11026,0.310000,2.534000,5,0.124000,0.205000
11027,0.042000,0.862000,2,0.036000,0.045000
11028,0.026000,1.590000,2,0.028000,0.030000
11029,0.022000,1.900000,2,0.026000,0.025000
11030,0.044000,1.592000,2,0.036000,0.045000
11031,0.096000,2.322000,3,0.050000,0.060000
11032,0.164000,2.158000,6,0.122000,0.150000
11033,0.136000,1.880000,3,0.056000,0.080000
11034,0.232000,1.512000,6,0.134000,0.185000
11035,0.152000,3.454000,5,0.098000,0.105000
11036,0.134000,3.212000,6,0.102000,0.130000
11037,0.188000,2.032000,5,0.094000,0.145000
11038,0.230000,1.460000,3,0.102000,0.160000
11039,0.084000,0.810000,2,0.058000,0.085000
11040,0.054000,1.720000,3,0.046000,0.055000
11041,0.002000,0.250000,1,0.010000,0.005000
11042,0.012000,0.950000,1,0.014000,0.035000
11043,0.342000,2.394000,5,0.122000,0.205000
11044,0.616000,1.442000,3,0.126000,0.275000
11045,0.170000,2.122000,4,0.096000,0.195000
11046,0.638000,3.232000,7,0.234000,0.380000
11047,0.210000,2.274000,4,0.092000,0.140000
11048,0.356000,1.916000,3,0.106000,0.190000
11049,0.102000,1.030000,3,0.056000,0.080000
11050,0.124000,1.016000,3,0.072000,0.105000
11051,0.328000,2.208000,4,0.122000,0.195000
11052,0.190000,2.306000,5,0.110000,0.160000
11053,0.034000,1.474000,2,0.038000,0.045000
11054,0.106000,2.790000,6,0.094000,0.115000
11055,0.178000,2.744000,4,0.090000,0.135000
11056,0.204000,2.010000,5,0.096000,0.120000
11057,0.068000,0.782000,2,0.040000,0.055000
11058,0.108000,1.316000,3,0.062000,0.085000
11059,0.166000,1.140000,4,0.066000,0.105000
11060,0.448000,2.402000,6,0.136000,0.215000
11061,0.098000,1.890000,3,0.054000,0.075000
11062,0.056000,0.330000,1,0.022000,0.035000
11063,0.460000,2.810000,6,0.180000,0.270000
11064,0.098000,1.728000,5,0.088000,0.095000
11065,0.142000,1.666000,3,0.060000,0.095000
11066,0.284000,1.106000,3,0.088000,0.185000
11067,0.040000,2.464000,3,0.050000,0.055000
11068,0.128000,1.740000,3,0.054000,0.075000
11069,0.082000,1.470000,4,0.064000,0.080000
11070,0.138000,1.710000,4,0.074000,0.105000
11071,0.196000,2.328000,5,0.096000,0.145000
11072,0.140000,2.632000,5,0.090000,0.120000
11073,0.102000,1.222000,2,0.044000,0.065000
11074,0.128000,2.492000,3,0.064000,0.105000
11075,1.422000,1.586000,3,0.146000,0.290000
11076,0.252000,2.472000,5,0.100000,0.145000
11077,0.228000,1.302000,4,0.074000,0.120000
11078,0.050000,0.132000,1,0.028000,0.045000
11079,0.084000,1.974000,5,0.080000,0.090000
11080,0.162000,1.610000,3,0.056000,0.110000
11081,0.142000,2.132000,3,0.064000,0.080000
11082,0.062000,1.404000,2,0.046000,0.065000
11083,0.122000,2.160000,4,0.066000,0.085000
11084,0.172000,2.508000,5,0.110000,0.150000
11085,0.106000,1.720000,3,0.070000,0.095000
11086,0.108000,2.410000,4,0.068000,0.095000
11087,0.390000,1.760000,5,0.166000,0.255000
11088,0.110000,0.710000,1,0.028000,0.050000
11089,0.024000,2.354000,3,0.044000,0.040000
11090,0.072000,0.600000,1,0.024000,0.040000
11091,0.198000,2.136000,5,0.106000,0.175000
11092,0.232000,1.972000,4,0.086000,0.130000
11093,0.252000,0.696000,3,0.074000,0.115000
11094,0.364000,0.940000,4,0.120000,0.200000
11095,0.132000,1.516000,4,0.084000,0.115000
11096,0.212000,1.494000,2,0.070000,0.125000
11097,0.254000,0.494000,1,0.060000,0.120000
11098,0.022000,0.828000,2,0.036000,0.035000
11099,0.038000,0.826000,2,0.044000,0.055000
11100,0.058000,1.962000,4,0.062000,0.070000
11101,0.600000,0.740000,1,0.056000,0.120000
11102,0.132000,3.014000,5,0.088000,0.120000
11103,0.288000,2.032000,3,0.078000,0.130000
11104,0.000000,0.000000,0,0.000000,0.000000
11105,0.086000,1.282000,4,0.064000,0.075000
11106,0.134000,1.958000,4,0.082000,0.095000
11107,0.112000,2.212000,3,0.062000,0.120000
11108,0.078000,1.522000,2,0.042000,0.080000
11109,0.070000,0.952000,2,0.032000,0.055000
11110,0.082000,1.094000,3,0.060000,0.080000
11111,0.404000,1.724000,4,0.140000,0.260000
11112,0.434000,2.746000,5,0.144000,0.240000
11113,0.104000,2.178000,4,0.084000,0.110000
11114,0.236000,1.552000,3,0.078000,0.130000
11115,0.092000,1.764000,3,0.060000,0.080000
11116,0.320000,1.734000,3,0.088000,0.150000
11117,0.412000,1.482000,4,0.110000,0.170000
11118,0.130000,2.182000,3,0.058000,0.080000
11119,0.030000,0.880000,1,0.018000,0.025000
11120,0.056000,2.290000,3,0.046000,0.055000
11121,0.032000,0.246000,1,0.024000,0.030000
11122,0.248000,2.444000,5,0.100000,0.130000
11123,0.232000,2.972000,4,0.090000,0.140000
11124,0.032000,0.840000,2,0.042000,0.055000
11125,0.006000,0.950000,1,0.012000,0.010000
11126,0.020000,0.490000,1,0.016000,0.020000
11127,0.158000,2.230000,3,0.084000,0.125000
11128,0.146000,1.354000,4,0.088000,0.130000
11129,0.104000,1.240000,3,0.056000,0.105000
11130,0.360000,2.214000,8,0.160000,0.240000
11131,0.076000,1.512000,2,0.038000,0.050000
11132,0.042000,0.920000,1,0.020000,0.030000
11133,0.362000,1.220000,4,0.130000,0.210000
11134,0.928000,1.638000,3,0.150000,0.295000
11135,0.026000,1.764000,2,0.036000,0.040000
11136,0.144000,1.702000,3,0.062000,0.090000
11137,0.056000,0.832000,2,0.032000,0.055000
11138,0.108000,1.880000,3,0.054000,0.075000
11139,0.188000,1.474000,3,0.068000,0.120000
11140,0.024000,0.860000,2,0.028000,0.040000
11141,0.000000,0.000000,0,0.000000,0.000000
11142,0.390000,1.634000,4,0.108000,0.180000
11143,0.138000,2.002000,4,0.104000,0.165000
11144,0.026000,0.472000,1,0.022000,0.030000
11145,0.024000,0.782000,2,0.032000,0.035000
11146,0.174000,0.838000,4,0.098000,0.175000
11147,0.156000,1.150000,3,0.062000,0.105000
11148,0.168000,1.072000,3,0.082000,0.140000
11149,0.068000,2.610000,3,0.046000,0.045000
11150,0.072000,0.282000,2,0.032000,0.055000
11151,0.030000,0.750000,1,0.018000,0.025000
11152,0.128000,1.732000,3,0.060000,0.085000
11153,0.120000,1.620000,3,0.048000,0.080000
11154,0.188000,0.732000,1,0.040000,0.075000
11155,0.152000,1.914000,3,0.072000,0.095000
11156,0.106000,1.420000,3,0.056000,0.080000
11157,0.056000,0.910000,1,0.022000,0.035000
11158,1.480000,0.544000,4,0.178000,0.375000
11159,0.064000,0.642000,2,0.040000,0.085000
11160,0.068000,1.070000,2,0.036000,0.050000
11161,0.000000,0.000000,0,0.000000,0.000000
11162,0.086000,1.610000,2,0.040000,0.060000
11163,0.212000,2.214000,3,0.082000,0.125000
11164,0.246000,2.584000,5,0.106000,0.155000
11165,0.012000,0.840000,1,0.014000,0.015000
11166,0.008000,1.810000,2,0.022000,0.015000
11167,0.198000,2.560000,3,0.064000,0.100000
11168,0.052000,1.892000,3,0.050000,0.060000
11169,0.162000,1.336000,4,0.090000,0.140000
11170,0.042000,0.240000,1,0.020000,0.030000
11171,0.110000,0.340000,1,0.028000,0.050000
11172,0.086000,1.382000,2,0.044000,0.065000
11173,0.116000,0.810000,2,0.040000,0.060000
11174,0.156000,1.346000,5,0.092000,0.140000
11175,0.386000,0.872000,2,0.078000,0.145000
11176,0.086000,1.670000,3,0.056000,0.080000
11177,0.254000,2.290000,5,0.118000,0.175000
11178,0.060000,1.336000,4,0.054000,0.065000
11179,0.116000,1.534000,3,0.064000,0.090000
11180,0.120000,2.002000,5,0.082000,0.100000
11181,0.236000,1.918000,6,0.124000,0.170000
11182,0.472000,1.614000,3,0.094000,0.165000
11183,0.422000,2.136000,3,0.100000,0.160000
11184,0.096000,0.650000,3,0.076000,0.105000
11185,0.394000,1.722000,3,0.088000,0.175000
11186,0.062000,1.460000,3,0.048000,0.060000
11187,0.024000,1.516000,2,0.032000,0.060000
11188,0.052000,1.502000,2,0.040000,0.055000
11189,0.172000,2.480000,4,0.078000,0.115000
11190,0.094000,1.752000,3,0.056000,0.075000
11191,0.056000,1.372000,3,0.050000,0.060000
11192,0.466000,1.224000,2,0.090000,0.130000
11193,0.248000,1.264000,4,0.088000,0.150000
11194,0.198000,2.032000,4,0.080000,0.115000
11195,0.074000,0.844000,2,0.036000,0.060000
11196,0.126000,1.526000,3,0.078000,0.110000
11197,0.002000,0.500000,1,0.010000,0.005000
11198,0.056000,1.456000,3,0.058000,0.100000
11199,0.172000,2.732000,5,0.094000,0.130000
11200,0.078000,0.842000,2,0.044000,0.065000
11201,0.168000,2.434000,5,0.100000,0.130000
11202,0.158000,1.550000,3,0.062000,0.105000
11203,0.090000,1.560000,3,0.050000,0.080000
11204,0.464000,1.648000,3,0.110000,0.180000
11205,0.260000,2.212000,4,0.084000,0.110000
11206,0.476000,2.010000,4,0.106000,0.130000
11207,0.110000,1.090000,3,0.056000,0.080000
11208,0.072000,0.020000,1,0.024000,0.040000
11209,0.098000,1.380000,2,0.042000,0.065000
11210,0.278000,3.354000,10,0.174000,0.225000
11211,0.042000,0.350000,1,0.020000,0.030000
11212,0.236000,1.354000,4,0.100000,0.160000
11213,0.098000,0.640000,3,0.052000,0.070000
11214,0.172000,1.256000,3,0.074000,0.110000
11215,0.038000,1.392000,3,0.046000,0.075000
11216,0.342000,2.190000,6,0.118000,0.210000
11217,0.068000,1.200000,2,0.036000,0.050000
11218,0.252000,1.270000,2,0.052000,0.090000
11219,0.050000,1.834000,2,0.042000,0.055000
11220,0.042000,0.700000,1,0.020000,0.030000
11221,0.118000,1.472000,2,0.052000,0.085000
11222,0.036000,1.392000,3,0.044000,0.045000
11223,0.814000,0.978000,4,0.156000,0.305000
11224,0.280000,2.856000,7,0.160000,0.205000
11225,0.080000,1.814000,3,0.060000,0.080000
11226,0.092000,0.860000,3,0.046000,0.075000
11227,0.462000,2.678000,6,0.150000,0.225000
11228,0.144000,0.646000,2,0.056000,0.090000
11229,0.120000,2.202000,4,0.072000,0.095000
11230,0.104000,1.512000,3,0.060000,0.080000
11231,0.156000,1.914000,4,0.086000,0.125000
11232,0.090000,1.022000,2,0.048000,0.075000
11233,0.034000,1.400000,3,0.040000,0.060000
11234,0.166000,2.398000,4,0.092000,0.130000
11235,0.106000,2.580000,4,0.064000,0.080000
11236,0.158000,1.492000,3,0.062000,0.090000
11237,0.036000,2.292000,4,0.054000,0.050000
11238,0.096000,2.350000,3,0.054000,0.075000
11239,0.312000,1.514000,3,0.106000,0.180000
11240,0.000000,0.000000,0,0.000000,0.000000
11241,0.068000,1.580000,2,0.036000,0.045000
11242,0.086000,1.430000,3,0.050000,0.065000
11243,0.018000,1.650000,2,0.026000,0.025000
11244,0.030000,0.774000,1,0.028000,0.040000
11245,0.120000,2.348000,5,0.092000,0.105000
11246,0.084000,1.324000,2,0.048000,0.070000
11247,0.028000,1.422000,2,0.032000,0.035000
11248,0.110000,2.084000,4,0.076000,0.125000
11249,0.158000,1.560000,4,0.072000,0.095000
11250,0.062000,2.290000,5,0.070000,0.075000
11251,0.378000,1.514000,3,0.096000,0.155000
11252,0.120000,1.740000,2,0.044000,0.070000
11253,0.092000,0.840000,2,0.040000,0.060000
11254,0.054000,0.624000,2,0.042000,0.055000
11255,0.070000,1.514000,2,0.050000,0.065000
11256,0.008000,0.882000,1,0.016000,0.015000
11257,0.042000,0.890000,1,0.020000,0.030000
11258,0.122000,0.690000,2,0.042000,0.065000
11259,0.092000,1.830000,2,0.040000,0.060000
11260,0.048000,1.702000,2,0.038000,0.050000
11261,0.114000,2.206000,4,0.078000,0.105000
11262,0.260000,1.766000,5,0.108000,0.185000
11263,0.392000,2.862000,5,0.112000,0.155000
11264,0.082000,2.198000,3,0.062000,0.080000
11265,0.186000,1.572000,4,0.088000,0.135000
11266,0.032000,3.302000,4,0.054000,0.050000
11267,0.410000,2.470000,6,0.172000,0.240000
11268,0.002000,0.970000,1,0.010000,0.005000
11269,0.062000,1.350000,2,0.034000,0.045000
11270,0.060000,1.624000,4,0.056000,0.070000
11271,0.012000,0.840000,1,0.014000,0.015000
11272,0.030000,0.770000,1,0.018000,0.025000
11273,0.076000,0.782000,3,0.056000,0.080000
11274,0.066000,2.506000,5,0.082000,0.115000
11275,0.222000,1.018000,2,0.094000,0.155000
11276,0.246000,1.606000,3,0.080000,0.130000
11277,0.194000,1.176000,4,0.106000,0.155000
11278,0.080000,0.976000,2,0.042000,0.055000
11279,0.030000,0.790000,1,0.018000,0.025000
11280,0.074000,4.022000,5,0.076000,0.085000
11281,0.026000,0.534000,1,0.030000,0.035000
11282,0.322000,1.314000,5,0.114000,0.195000
11283,0.076000,1.426000,4,0.074000,0.090000
11284,0.012000,0.830000,1,0.014000,0.015000
11285,0.026000,1.480000,2,0.028000,0.030000
11286,0.090000,2.188000,4,0.080000,0.090000
11287,0.044000,2.660000,3,0.042000,0.045000
11288,0.158000,0.802000,4,0.070000,0.140000
11289,0.020000,0.820000,1,0.016000,0.020000
11290,0.130000,1.472000,3,0.058000,0.080000
11291,0.172000,3.022000,6,0.108000,0.145000
11292,0.260000,0.672000,3,0.078000,0.130000
11293,0.056000,0.840000,1,0.022000,0.055000
11294,0.348000,1.906000,5,0.136000,0.225000
11295,0.072000,0.770000,1,0.024000,0.040000
11296,0.122000,1.572000,2,0.052000,0.085000
11297,0.072000,2.370000,3,0.050000,0.065000
11298,0.098000,2.978000,6,0.100000,0.100000
11299,0.032000,2.268000,3,0.054000,0.055000
11300,0.272000,1.850000,5,0.118000,0.260000
11301,0.254000,0.670000,3,0.074000,0.125000
11302,0.110000,2.242000,4,0.070000,0.090000
11303,0.048000,2.314000,4,0.060000,0.060000
11304,0.118000,1.300000,3,0.058000,0.085000
11305,0.180000,2.450000,5,0.110000,0.140000
11306,0.094000,1.752000,2,0.044000,0.065000
11307,0.190000,0.924000,3,0.076000,0.120000
11308,0.188000,2.380000,4,0.078000,0.105000
11309,0.030000,1.846000,2,0.040000,0.045000
11310,0.194000,3.892000,8,0.158000,0.200000
11311,0.164000,1.102000,2,0.054000,0.090000
11312,0.074000,0.880000,3,0.050000,0.065000
11313,0.012000,0.910000,1,0.014000,0.015000
11314,0.246000,0.654000,1,0.062000,0.135000
11315,0.072000,1.650000,2,0.038000,0.055000
11316,0.438000,2.806000,7,0.170000,0.260000
11317,0.152000,2.396000,4,0.080000,0.110000
11318,0.036000,1.242000,3,0.044000,0.060000
11319,0.112000,0.780000,2,0.044000,0.070000
11320,0.060000,1.660000,3,0.046000,0.055000
11321,0.152000,1.542000,4,0.076000,0.105000
11322,0.040000,1.800000,2,0.032000,0.040000
11323,0.078000,1.384000,2,0.042000,0.055000
11324,0.020000,0.720000,1,0.016000,0.020000
11325,0.106000,1.402000,3,0.060000,0.085000
11326,0.006000,0.960000,1,0.012000,0.010000
11327,0.098000,1.840000,4,0.066000,0.085000
11328,0.200000,2.792000,5,0.094000,0.120000
11329,0.002000,0.970000,1,0.010000,0.005000
11330,0.082000,1.540000,3,0.052000,0.070000
11331,0.000000,0.000000,0,0.000000,0.000000
11332,0.092000,0.942000,4,0.068000,0.085000
11333,0.050000,0.462000,2,0.036000,0.045000
11334,0.176000,3.616000,5,0.104000,0.125000
11335,0.190000,1.470000,3,0.056000,0.080000
11336,0.194000,1.978000,5,0.112000,0.160000
11337,0.070000,1.698000,3,0.048000,0.065000
11338,0.140000,2.322000,4,0.076000,0.105000
11339,0.380000,0.794000,2,0.074000,0.135000
11340,0.078000,1.262000,2,0.042000,0.060000
11341,0.086000,1.050000,2,0.040000,0.060000
11342,0.162000,1.000000,2,0.050000,0.085000
11343,0.118000,1.490000,3,0.058000,0.060000
11344,0.200000,1.480000,3,0.070000,0.080000
11345,0.446000,2.040000,4,0.134000,0.230000
11346,0.088000,1.572000,2,0.044000,0.065000
11347,0.172000,3.242000,4,0.082000,0.120000
11348,0.048000,1.270000,3,0.044000,0.050000
11349,0.000000,0.000000,0,0.000000,0.000000
11350,0.108000,1.292000,3,0.060000,0.085000
11351,0.018000,0.222000,1,0.020000,0.025000
11352,0.066000,0.592000,2,0.034000,0.060000
11353,0.022000,1.560000,2,0.026000,0.025000
11354,0.294000,2.366000,6,0.138000,0.210000
11355,0.144000,1.032000,2,0.056000,0.130000
11356,0.044000,2.482000,3,0.048000,0.055000
11357,0.068000,1.318000,2,0.048000,0.090000
11358,0.208000,0.728000,1,0.060000,0.110000
11359,0.122000,1.570000,2,0.042000,0.065000
11360,0.080000,2.600000,3,0.066000,0.090000
11361,0.130000,0.790000,2,0.044000,0.070000
11362,0.022000,0.910000,2,0.026000,0.025000
11363,0.306000,3.222000,4,0.084000,0.125000
11364,0.034000,0.784000,1,0.028000,0.040000
11365,0.086000,1.372000,4,0.066000,0.080000
11366,0.108000,1.770000,3,0.052000,0.070000
11367,0.042000,0.590000,1,0.020000,0.030000
11368,0.000000,0.000000,0,0.000000,0.000000
11369,0.178000,1.852000,4,0.084000,0.125000
11370,0.048000,1.590000,3,0.036000,0.050000
11371,0.034000,0.812000,2,0.034000,0.040000
11372,0.066000,1.472000,2,0.042000,0.060000
11373,0.332000,1.334000,5,0.108000,0.160000
11374,0.180000,1.390000,2,0.052000,0.090000
11375,0.184000,1.802000,3,0.070000,0.110000
11376,0.232000,1.372000,4,0.086000,0.130000
11377,0.040000,0.834000,3,0.040000,0.050000
11378,0.012000,0.790000,1,0.014000,0.015000
11379,0.398000,2.470000,4,0.110000,0.155000
11380,0.050000,1.740000,2,0.034000,0.065000
11381,0.096000,1.368000,3,0.064000,0.100000
11382,0.194000,1.550000,4,0.072000,0.100000
11383,0.132000,2.314000,4,0.096000,0.130000
11384,0.182000,0.690000,1,0.034000,0.065000
11385,0.020000,0.940000,1,0.016000,0.020000
11386,0.210000,2.364000,6,0.112000,0.160000
11387,0.042000,0.470000,1,0.020000,0.030000
11388,0.086000,0.912000,2,0.034000,0.060000
11389,0.080000,2.162000,3,0.054000,0.070000
11390,0.050000,1.810000,2,0.034000,0.045000
11391,0.090000,0.720000,3,0.052000,0.070000
11392,0.088000,1.654000,4,0.080000,0.110000
11393,0.348000,3.104000,4,0.098000,0.155000
11394,0.868000,1.768000,5,0.148000,0.280000
11395,0.662000,2.590000,5,0.178000,0.280000
11396,0.146000,2.422000,3,0.058000,0.080000
11397,0.008000,0.902000,1,0.016000,0.015000
11398,0.206000,1.580000,3,0.058000,0.105000
11399,0.014000,0.812000,1,0.018000,0.020000
11400,0.086000,2.392000,4,0.066000,0.095000
11401,0.092000,0.860000,2,0.036000,0.050000
11402,0.074000,1.732000,2,0.042000,0.060000
11403,0.166000,2.806000,5,0.094000,0.130000
11404,0.086000,1.062000,2,0.042000,0.060000
11405,0.220000,2.872000,8,0.138000,0.150000
11406,0.562000,2.594000,9,0.184000,0.250000
11407,0.120000,1.702000,4,0.066000,0.100000
11408,0.072000,1.386000,4,0.072000,0.085000
11409,0.012000,0.900000,1,0.014000,0.015000
11410,0.030000,0.902000,3,0.034000,0.040000
11411,0.248000,2.644000,5,0.116000,0.155000
11412,0.054000,2.194000,3,0.056000,0.060000
11413,0.034000,0.772000,2,0.032000,0.035000
11414,0.052000,0.832000,2,0.038000,0.050000
11415,0.152000,1.060000,2,0.048000,0.080000
11416,0.116000,2.366000,5,0.080000,0.085000
11417,0.056000,0.910000,1,0.022000,0.035000
11418,0.184000,2.260000,5,0.092000,0.110000
11419,0.000000,0.000000,0,0.000000,0.000000
11420,0.060000,1.270000,3,0.048000,0.065000
11421,0.008000,0.930000,2,0.022000,0.035000
11422,0.132000,1.430000,2,0.046000,0.115000
11423,0.818000,1.410000,5,0.138000,0.220000
11424,0.126000,0.786000,4,0.086000,0.130000
11425,0.234000,1.562000,3,0.074000,0.120000
11426,0.038000,1.642000,2,0.036000,0.045000
11427,0.082000,2.222000,3,0.056000,0.075000
11428,0.338000,2.160000,4,0.108000,0.135000
11429,0.108000,1.440000,3,0.054000,0.095000
11430,0.072000,1.030000,2,0.038000,0.055000
11431,0.232000,1.440000,4,0.098000,0.115000
11432,0.138000,1.514000,3,0.068000,0.100000
11433,0.270000,1.382000,4,0.126000,0.205000
11434,0.090000,0.622000,3,0.052000,0.075000
11435,0.328000,2.140000,3,0.110000,0.195000
11436,0.060000,2.062000,4,0.062000,0.055000
11437,0.136000,0.822000,3,0.054000,0.090000
11438,0.086000,1.820000,2,0.040000,0.060000
11439,0.026000,1.604000,2,0.036000,0.040000
11440,0.070000,1.382000,2,0.040000,0.055000
11441,0.110000,2.542000,4,0.072000,0.095000
11442,0.142000,1.582000,3,0.064000,0.095000
11443,0.668000,2.266000,5,0.160000,0.255000
11444,0.228000,1.244000,2,0.062000,0.105000
11445,0.070000,1.204000,3,0.058000,0.070000
11446,0.120000,1.436000,3,0.074000,0.120000
11447,0.282000,1.242000,4,0.122000,0.205000
11448,0.072000,0.850000,2,0.038000,0.055000
11449,0.056000,0.768000,3,0.050000,0.060000
11450,0.288000,1.956000,5,0.136000,0.225000
11451,0.258000,3.672000,6,0.134000,0.155000
11452,0.330000,1.890000,4,0.092000,0.150000
11453,0.074000,1.414000,3,0.054000,0.065000
11454,0.034000,0.658000,1,0.030000,0.040000
11455,0.536000,1.832000,4,0.120000,0.165000
11456,0.102000,1.740000,4,0.066000,0.085000
11457,0.136000,3.912000,6,0.100000,0.115000
11458,0.018000,0.772000,1,0.020000,0.025000
11459,0.000000,0.000000,0,0.000000,0.000000
11460,0.166000,1.454000,3,0.076000,0.100000
11461,0.058000,1.650000,4,0.056000,0.085000
11462,0.074000,0.822000,2,0.044000,0.065000
11463,0.162000,2.490000,4,0.072000,0.100000
11464,0.740000,0.336000,1,0.086000,0.170000
11465,0.298000,1.898000,3,0.094000,0.155000
11466,0.184000,1.780000,3,0.068000,0.110000
11467,0.118000,1.514000,2,0.056000,0.090000
11468,0.176000,2.926000,5,0.124000,0.175000
11469,0.114000,1.964000,5,0.084000,0.095000
11470,0.194000,3.038000,6,0.124000,0.170000
11471,0.190000,2.560000,4,0.078000,0.115000
11472,0.002000,0.960000,1,0.010000,0.005000
11473,0.128000,2.162000,3,0.062000,0.090000
11474,0.042000,0.770000,1,0.020000,0.030000
11475,0.176000,2.462000,4,0.082000,0.120000
11476,0.446000,0.612000,2,0.070000,0.130000
11477,0.088000,2.410000,3,0.052000,0.070000
11478,0.242000,1.950000,3,0.074000,0.130000
11479,0.078000,1.442000,2,0.044000,0.065000
11480,0.122000,1.800000,3,0.052000,0.070000
11481,0.070000,0.844000,1,0.034000,0.055000
11482,0.210000,2.030000,3,0.066000,0.105000
11483,0.402000,2.240000,3,0.096000,0.150000
11484,0.208000,2.036000,6,0.124000,0.155000
11485,0.062000,2.124000,3,0.058000,0.075000
11486,0.172000,3.440000,5,0.092000,0.115000
11487,0.552000,2.258000,4,0.126000,0.190000
11488,0.348000,2.028000,5,0.136000,0.215000
11489,0.022000,1.830000,4,0.046000,0.050000
11490,0.076000,1.160000,2,0.038000,0.070000
11491,0.072000,1.370000,2,0.038000,0.055000
11492,0.324000,1.930000,3,0.068000,0.100000
11493,0.166000,2.852000,4,0.100000,0.145000
11494,0.186000,1.650000,2,0.050000,0.085000
11495,0.046000,0.004000,1,0.020000,0.040000
11496,0.090000,1.858000,5,0.092000,0.110000
11497,0.020000,2.222000,3,0.040000,0.035000
11498,0.038000,1.132000,2,0.034000,0.040000
11499,0.038000,0.762000,2,0.036000,0.045000
11500,0.124000,2.012000,3,0.062000,0.090000
11501,0.086000,0.840000,2,0.040000,0.060000
11502,0.062000,0.850000,2,0.036000,0.070000
11503,0.116000,1.768000,3,0.070000,0.100000
11504,0.086000,1.442000,2,0.042000,0.060000
11505,0.352000,1.822000,5,0.138000,0.240000
11506,0.064000,1.484000,3,0.054000,0.085000
11507,0.014000,1.920000,2,0.024000,0.020000
11508,0.082000,1.364000,3,0.060000,0.080000
11509,0.230000,3.012000,6,0.122000,0.180000
11510,0.032000,0.750000,2,0.030000,0.035000
11511,0.102000,0.580000,2,0.042000,0.065000
11512,0.050000,1.430000,2,0.034000,0.030000
11513,0.184000,1.702000,5,0.092000,0.125000
11514,0.252000,2.832000,4,0.092000,0.145000
11515,0.308000,2.624000,5,0.148000,0.185000
11516,0.284000,1.250000,3,0.140000,0.270000
11517,0.086000,3.094000,4,0.068000,0.080000
11518,0.136000,1.146000,2,0.066000,0.110000
11519,0.358000,0.910000,4,0.100000,0.140000
11520,0.142000,2.440000,3,0.056000,0.080000
11521,0.104000,0.724000,1,0.044000,0.080000
11522,0.064000,2.300000,4,0.052000,0.070000
11523,0.062000,1.810000,2,0.036000,0.050000
11524,0.514000,2.940000,7,0.172000,0.240000
11525,0.110000,1.640000,4,0.068000,0.090000
11526,0.000000,0.000000,0,0.000000,0.000000
11527,0.080000,1.328000,2,0.050000,0.070000
11528,0.020000,0.920000,1,0.016000,0.020000
11529,0.076000,1.446000,3,0.074000,0.090000
11530,0.068000,1.492000,3,0.052000,0.065000
11531,0.174000,2.184000,4,0.090000,0.115000
11532,0.084000,1.440000,2,0.038000,0.055000
11533,0.272000,0.640000,1,0.040000,0.080000
11534,0.072000,1.616000,2,0.048000,0.065000
11535,0.084000,1.694000,2,0.048000,0.070000
11536,0.020000,0.870000,1,0.016000,0.020000
11537,0.020000,0.940000,1,0.016000,0.020000
11538,0.050000,1.442000,2,0.036000,0.045000
11539,0.102000,1.672000,3,0.056000,0.075000
11540,0.032000,0.812000,1,0.024000,0.035000
11541,0.106000,2.402000,3,0.060000,0.085000
11542,0.110000,1.810000,2,0.042000,0.065000
11543,0.068000,0.790000,4,0.058000,0.090000
11544,0.018000,0.870000,2,0.026000,0.045000
11545,0.004000,0.940000,1,0.020000,0.010000
11546,0.198000,2.352000,4,0.086000,0.130000
11547,0.128000,2.344000,5,0.084000,0.120000
11548,0.178000,2.508000,6,0.102000,0.145000
11549,0.000000,0.000000,0,0.000000,0.000000
11550,0.050000,1.680000,2,0.034000,0.045000
11551,0.104000,1.722000,2,0.046000,0.070000
11552,0.030000,0.770000,1,0.018000,0.025000
11553,0.054000,1.532000,3,0.050000,0.065000
11554,0.064000,1.586000,2,0.050000,0.045000
11555,0.058000,0.840000,2,0.032000,0.055000
11556,0.098000,2.302000,3,0.060000,0.080000
11557,0.490000,2.238000,4,0.132000,0.130000
11558,0.024000,2.242000,4,0.050000,0.040000
11559,0.004000,0.940000,2,0.020000,0.035000
11560,0.418000,1.932000,3,0.092000,0.115000
11561,0.086000,1.660000,2,0.040000,0.060000
11562,0.010000,0.864000,1,0.020000,0.020000
11563,0.264000,1.402000,3,0.080000,0.140000
11564,0.100000,1.662000,3,0.056000,0.075000
11565,0.246000,1.152000,4,0.114000,0.180000
11566,0.214000,2.082000,3,0.082000,0.125000
11567,0.070000,2.492000,3,0.052000,0.065000
11568,0.000000,0.000000,0,0.000000,0.000000
11569,0.030000,0.930000,1,0.018000,0.025000
11570,0.018000,0.700000,2,0.038000,0.055000
11571,0.228000,1.572000,4,0.090000,0.115000
11572,0.056000,1.692000,3,0.050000,0.060000
11573,0.104000,2.314000,3,0.062000,0.085000
11574,0.012000,0.740000,1,0.014000,0.040000
11575,0.030000,0.840000,1,0.018000,0.025000
11576,0.042000,1.682000,2,0.036000,0.045000
11577,0.024000,1.086000,2,0.034000,0.035000
11578,0.044000,0.760000,2,0.030000,0.040000
11579,0.032000,0.906000,1,0.024000,0.030000
11580,0.012000,0.720000,1,0.014000,0.015000
11581,0.054000,2.344000,3,0.054000,0.065000
11582,0.110000,0.770000,1,0.028000,0.050000
11583,0.014000,0.920000,2,0.024000,0.020000
11584,0.094000,1.672000,2,0.040000,0.055000
11585,0.052000,1.612000,2,0.040000,0.055000
11586,0.056000,0.700000,1,0.022000,0.035000
11587,0.006000,0.960000,1,0.012000,0.010000
11588,0.136000,2.036000,3,0.072000,0.125000
11589,0.092000,1.800000,2,0.040000,0.060000
11590,0.124000,3.150000,5,0.084000,0.100000
11591,0.002000,0.970000,1,0.010000,0.005000
11592,0.090000,0.012000,1,0.024000,0.045000
11593,0.014000,0.722000,1,0.018000,0.020000
11594,0.274000,1.436000,2,0.092000,0.155000
11595,0.006000,0.960000,1,0.012000,0.010000
11596,0.030000,0.930000,1,0.018000,0.025000
11597,0.042000,1.652000,2,0.036000,0.045000
11598,0.110000,2.482000,3,0.060000,0.085000
11599,0.306000,0.110000,1,0.042000,0.085000
11600,0.098000,1.654000,3,0.062000,0.085000
11601,0.068000,1.402000,2,0.042000,0.060000
11602,0.032000,0.906000,1,0.024000,0.030000
11603,0.114000,0.800000,2,0.044000,0.070000
11604,0.054000,1.710000,2,0.034000,0.045000
11605,0.020000,0.940000,1,0.016000,0.020000
11606,0.012000,0.840000,1,0.014000,0.015000
11607,0.140000,1.278000,5,0.084000,0.115000
11608,0.120000,2.146000,4,0.082000,0.110000
11609,0.054000,1.172000,2,0.038000,0.050000
11610,0.184000,2.310000,3,0.080000,0.120000
11611,0.006000,0.960000,1,0.012000,0.010000
11612,0.092000,2.216000,3,0.056000,0.070000
11613,0.184000,2.960000,4,0.082000,0.125000
11614,0.070000,2.290000,4,0.050000,0.065000
11615,0.068000,0.450000,2,0.036000,0.055000
11616,0.190000,1.552000,3,0.074000,0.120000
11617,0.092000,1.994000,3,0.062000,0.085000
11618,0.050000,1.762000,2,0.036000,0.045000
11619,0.002000,0.006000,1,0.006000,0.005000
11620,0.144000,2.500000,3,0.060000,0.090000
11621,0.192000,1.952000,4,0.088000,0.120000
11622,0.000000,0.000000,0,0.000000,0.000000
11623,0.026000,0.820000,2,0.028000,0.040000
11624,0.102000,1.580000,2,0.040000,0.060000
11625,0.116000,1.700000,2,0.040000,0.060000
11626,0.130000,1.682000,3,0.066000,0.100000
11627,0.006000,0.960000,1,0.012000,0.010000
11628,0.132000,1.432000,3,0.060000,0.085000
11629,0.414000,1.998000,4,0.126000,0.160000
11630,0.062000,1.800000,2,0.034000,0.045000
11631,0.018000,0.862000,1,0.020000,0.025000
11632,0.000000,0.000000,0,0.000000,0.000000
11633,0.050000,0.864000,2,0.046000,0.055000
11634,0.176000,1.654000,3,0.078000,0.125000
11635,0.192000,2.432000,4,0.082000,0.120000
11636,0.064000,2.492000,3,0.052000,0.065000
11637,0.188000,1.990000,3,0.062000,0.095000
11638,0.060000,2.662000,3,0.052000,0.065000
11639,0.068000,1.932000,4,0.058000,0.055000
11640,0.066000,2.272000,3,0.048000,0.050000
11641,0.324000,2.140000,4,0.130000,0.205000
11642,0.044000,0.902000,1,0.024000,0.035000
11643,0.000000,0.000000,0,0.000000,0.000000
11644,0.062000,1.590000,2,0.034000,0.040000
11645,0.000000,0.000000,0,0.000000,0.000000
11646,0.000000,0.000000,0,0.000000,0.000000
11647,0.008000,0.942000,1,0.016000,0.015000
11648,0.002000,0.970000,1,0.010000,0.005000
11649,0.000000,0.000000,0,0.000000,0.000000
11650,0.124000,2.272000,3,0.060000,0.085000
11651,0.186000,1.020000,2,0.050000,0.085000
11652,0.012000,0.950000,1,0.014000,0.025000
11653,0.042000,0.720000,1,0.020000,0.030000
11654,0.172000,1.634000,2,0.054000,0.085000
11655,0.080000,1.762000,3,0.054000,0.075000
11656,0.216000,1.442000,3,0.076000,0.115000
11657,0.212000,0.622000,1,0.040000,0.075000
11658,0.364000,0.694000,1,0.058000,0.115000
11659,0.000000,0.000000,0,0.000000,0.000000
11660,0.080000,2.428000,3,0.062000,0.080000
11661,0.020000,1.802000,2,0.030000,0.030000
11662,0.030000,0.870000,1,0.018000,0.035000
11663,0.056000,0.540000,1,0.022000,0.035000
11664,0.042000,1.410000,2,0.032000,0.040000
11665,0.012000,0.590000,1,0.014000,0.015000
11666,0.116000,1.670000,3,0.058000,0.085000
11667,0.046000,1.624000,3,0.052000,0.060000
11668,0.042000,1.590000,2,0.032000,0.040000
11669,0.002000,0.860000,1,0.010000,0.005000
11670,0.072000,2.242000,3,0.054000,0.070000
11671,0.026000,1.670000,2,0.028000,0.030000
11672,0.204000,1.442000,2,0.054000,0.090000
11673,0.050000,1.530000,2,0.034000,0.045000
11674,0.052000,1.716000,2,0.046000,0.110000
11675,0.042000,0.752000,1,0.026000,0.040000
11676,0.020000,0.670000,1,0.016000,0.020000
11677,0.138000,1.398000,3,0.082000,0.120000
11678,0.544000,2.102000,3,0.086000,0.150000
11679,0.428000,2.202000,4,0.110000,0.210000
11680,0.218000,1.434000,4,0.088000,0.180000
11681,0.020000,1.790000,3,0.036000,0.030000
11682,0.096000,1.942000,3,0.060000,0.085000
11683,0.020000,0.700000,1,0.016000,0.020000
11684,0.066000,2.104000,3,0.058000,0.075000
11685,0.082000,1.570000,4,0.064000,0.090000
11686,0.252000,1.410000,2,0.052000,0.090000
11687,0.018000,1.460000,2,0.026000,0.025000
11688,0.020000,0.800000,1,0.016000,0.020000
11689,0.000000,0.000000,0,0.000000,0.000000
11690,0.068000,2.146000,5,0.082000,0.080000
11691,0.012000,1.290000,2,0.024000,0.020000
11692,0.218000,1.942000,5,0.104000,0.155000
11693,0.002000,0.950000,1,0.010000,0.005000
11694,0.232000,2.042000,4,0.092000,0.145000
11695,0.006000,0.730000,1,0.012000,0.010000
11696,0.068000,3.256000,4,0.068000,0.070000
11697,0.168000,2.696000,5,0.094000,0.135000
11698,0.090000,0.620000,1,0.026000,0.045000
11699,0.050000,1.720000,2,0.034000,0.045000
11700,0.276000,1.226000,3,0.086000,0.140000
11701,0.104000,1.588000,2,0.058000,0.085000
11702,0.000000,0.000000,0,0.000000,0.000000
11703,0.042000,1.710000,2,0.032000,0.040000
11704,0.080000,1.402000,3,0.054000,0.115000
11705,0.158000,1.446000,4,0.082000,0.110000
11706,0.032000,1.680000,2,0.028000,0.030000
11707,0.006000,0.850000,1,0.012000,0.010000
11708,0.160000,2.462000,3,0.066000,0.100000
11709,0.338000,3.428000,5,0.124000,0.170000
11710,0.098000,1.260000,2,0.042000,0.065000
11711,0.110000,2.062000,3,0.056000,0.075000
11712,0.026000,2.562000,3,0.042000,0.040000
11713,0.102000,1.160000,2,0.040000,0.060000
11714,0.104000,1.184000,3,0.064000,0.115000
11715,0.020000,0.940000,1,0.016000,0.020000
11716,0.032000,1.590000,2,0.028000,0.030000
11717,0.088000,3.300000,4,0.062000,0.075000
11718,0.062000,1.670000,2,0.036000,0.050000
11719,0.174000,1.430000,3,0.066000,0.090000
11720,0.066000,1.766000,2,0.050000,0.070000
11721,0.072000,0.900000,1,0.024000,0.040000
11722,0.068000,1.624000,5,0.070000,0.140000
11723,0.032000,0.890000,2,0.030000,0.035000
11724,0.040000,0.800000,2,0.032000,0.040000
11725,0.236000,1.640000,3,0.064000,0.100000
11726,0.000000,0.000000,0,0.000000,0.000000
11727,0.056000,0.640000,1,0.022000,0.035000
11728,0.110000,2.570000,3,0.056000,0.080000
11729,0.090000,1.664000,2,0.048000,0.110000
11730,0.032000,1.470000,2,0.030000,0.035000
11731,0.114000,1.430000,3,0.058000,0.090000
11732,0.018000,1.664000,2,0.032000,0.030000
11733,0.158000,1.880000,3,0.060000,0.090000
11734,0.260000,1.302000,3,0.084000,0.165000
11735,0.272000,1.572000,3,0.078000,0.095000
11736,0.184000,1.762000,4,0.082000,0.120000
11737,0.010000,1.612000,2,0.026000,0.020000
11738,0.084000,2.454000,4,0.074000,0.095000
11739,0.184000,2.074000,3,0.070000,0.070000
11740,0.162000,0.832000,1,0.038000,0.070000
11741,0.032000,0.880000,2,0.030000,0.035000
11742,0.176000,1.610000,2,0.048000,0.080000
11743,0.100000,2.306000,4,0.078000,0.100000
11744,0.054000,1.750000,2,0.034000,0.045000
11745,0.044000,1.732000,2,0.036000,0.080000
11746,0.308000,2.226000,4,0.106000,0.170000
11747,0.080000,2.506000,5,0.078000,0.085000
11748,0.094000,1.644000,5,0.084000,0.100000
11749,0.200000,2.286000,4,0.082000,0.105000
11750,0.000000,0.000000,0,0.000000,0.000000
11751,0.200000,2.430000,5,0.096000,0.140000
11752,0.032000,1.948000,3,0.048000,0.045000
11753,0.030000,0.930000,1,0.018000,0.025000
11754,0.040000,1.610000,2,0.032000,0.040000
11755,0.064000,2.164000,4,0.066000,0.075000
11756,0.062000,1.440000,3,0.040000,0.060000
11757,0.000000,0.000000,0,0.000000,0.000000
11758,0.186000,1.650000,2,0.050000,0.085000
11759,0.000000,0.000000,0,0.000000,0.000000
11760,0.174000,1.680000,3,0.058000,0.085000
11761,0.240000,2.700000,4,0.090000,0.135000
11762,0.084000,1.456000,5,0.086000,0.115000
11763,0.050000,0.980000,2,0.034000,0.045000
11764,0.142000,2.212000,4,0.076000,0.095000
11765,0.262000,2.420000,3,0.064000,0.100000
11766,0.188000,1.772000,3,0.070000,0.110000
11767,0.100000,2.314000,4,0.072000,0.090000
11768,0.020000,1.882000,2,0.030000,0.030000
11769,0.566000,2.132000,3,0.108000,0.235000
11770,0.212000,2.002000,5,0.090000,0.140000
11771,0.416000,1.102000,2,0.080000,0.180000
11772,0.086000,1.252000,3,0.058000,0.085000
11773,0.006000,0.910000,1,0.012000,0.010000
11774,0.110000,0.850000,1,0.028000,0.050000
11775,0.144000,1.926000,5,0.102000,0.170000
11776,0.026000,0.832000,1,0.022000,0.030000
11777,0.124000,1.586000,4,0.078000,0.115000
11778,0.090000,1.564000,2,0.052000,0.080000
11779,0.326000,2.808000,6,0.140000,0.210000
11780,0.076000,1.400000,2,0.038000,0.055000
11781,0.002000,0.970000,1,0.010000,0.005000
11782,0.042000,0.650000,2,0.032000,0.040000
11783,0.266000,2.220000,4,0.088000,0.140000
11784,0.064000,1.804000,2,0.046000,0.065000
11785,0.050000,1.204000,2,0.044000,0.060000
11786,0.076000,1.702000,3,0.044000,0.065000
11787,0.120000,1.700000,2,0.044000,0.070000
11788,0.124000,1.396000,3,0.068000,0.095000
11789,0.060000,1.686000,3,0.058000,0.070000
11790,0.030000,0.850000,1,0.018000,0.025000
11791,0.128000,1.812000,4,0.076000,0.105000
11792,0.080000,2.342000,3,0.056000,0.075000
11793,0.042000,0.560000,1,0.020000,0.030000
11794,0.030000,0.300000,1,0.018000,0.025000
11795,0.138000,1.610000,5,0.080000,0.115000
11796,0.068000,1.704000,3,0.046000,0.065000
11797,0.042000,2.546000,3,0.054000,0.060000
11798,0.078000,2.920000,4,0.062000,0.075000
11799,0.304000,0.734000,1,0.058000,0.115000
11800,0.086000,1.432000,2,0.042000,0.060000
11801,0.014000,0.932000,1,0.018000,0.020000
11802,0.190000,1.706000,5,0.096000,0.145000
11803,0.312000,2.248000,5,0.130000,0.230000
11804,0.014000,0.832000,1,0.018000,0.020000
11805,0.044000,1.742000,2,0.036000,0.045000
11806,0.496000,2.226000,4,0.120000,0.180000
11807,0.042000,0.610000,1,0.020000,0.030000
11808,0.096000,1.440000,2,0.038000,0.055000
11809,0.204000,1.392000,2,0.058000,0.100000
11810,0.174000,1.900000,3,0.082000,0.125000
11811,0.042000,0.832000,1,0.026000,0.040000
11812,0.228000,1.902000,4,0.092000,0.145000
11813,0.080000,1.492000,3,0.054000,0.070000
11814,0.042000,0.920000,1,0.020000,0.040000
11815,0.140000,1.442000,3,0.068000,0.105000
11816,0.138000,1.410000,2,0.042000,0.065000
11817,0.134000,1.988000,4,0.092000,0.155000
11818,0.240000,1.550000,2,0.054000,0.095000
11819,0.166000,1.390000,2,0.050000,0.085000
11820,0.060000,2.162000,3,0.052000,0.065000
11821,0.198000,2.616000,6,0.124000,0.195000
11822,0.102000,2.002000,4,0.072000,0.095000
11823,0.116000,1.622000,2,0.048000,0.075000
11824,0.186000,2.070000,3,0.064000,0.100000
11825,0.000000,0.000000,0,0.000000,0.000000
11826,0.234000,1.322000,2,0.062000,0.110000
11827,0.196000,1.502000,2,0.052000,0.085000
11828,0.048000,0.774000,2,0.038000,0.045000
11829,0.142000,2.048000,3,0.078000,0.115000
11830,0.068000,1.650000,2,0.036000,0.050000
11831,0.074000,1.490000,2,0.034000,0.045000
11832,0.000000,0.000000,0,0.000000,0.000000
11833,0.000000,0.000000,0,0.000000,0.000000
11834,0.258000,2.352000,3,0.074000,0.120000
11835,0.078000,1.482000,2,0.042000,0.060000
11836,0.016000,1.672000,2,0.028000,0.025000
11837,0.012000,0.690000,1,0.014000,0.015000
11838,0.016000,1.422000,2,0.028000,0.025000
11839,0.132000,0.908000,4,0.090000,0.125000
11840,0.128000,1.490000,2,0.046000,0.080000
11841,0.042000,1.772000,5,0.066000,0.085000
11842,0.006000,0.000000,1,0.004000,0.010000
11843,0.164000,2.850000,5,0.090000,0.145000
11844,0.078000,2.246000,3,0.062000,0.080000
11845,0.070000,3.022000,4,0.064000,0.070000
11846,0.026000,1.840000,2,0.028000,0.030000
11847,0.016000,0.852000,2,0.028000,0.050000
11848,0.160000,1.728000,4,0.094000,0.110000
11849,0.152000,1.414000,2,0.064000,0.110000
11850,0.060000,0.860000,2,0.036000,0.050000
11851,0.026000,0.712000,1,0.022000,0.030000
11852,0.268000,2.216000,5,0.126000,0.180000
11853,0.072000,1.690000,2,0.038000,0.055000
11854,0.000000,0.000000,0,0.000000,0.000000
11855,0.456000,1.522000,2,0.072000,0.135000
11856,0.042000,0.360000,1,0.020000,0.030000
11857,0.144000,1.412000,2,0.054000,0.055000
11858,0.044000,1.014000,2,0.040000,0.050000
11859,0.140000,2.602000,5,0.092000,0.130000
11860,0.196000,2.002000,6,0.114000,0.160000
11861,0.024000,0.904000,1,0.024000,0.030000
11862,0.054000,2.512000,5,0.068000,0.050000
11863,0.106000,1.496000,3,0.060000,0.080000
11864,0.090000,2.326000,4,0.070000,0.075000
11865,0.092000,1.860000,4,0.064000,0.080000
11866,0.022000,0.912000,1,0.020000,0.025000
11867,0.082000,1.912000,5,0.078000,0.090000
11868,0.082000,2.450000,4,0.064000,0.070000
11869,0.194000,2.992000,5,0.100000,0.130000
11870,0.072000,2.372000,3,0.054000,0.070000
11871,0.032000,1.600000,2,0.030000,0.035000
11872,0.128000,3.222000,5,0.084000,0.105000
11873,0.106000,0.746000,2,0.060000,0.160000
11874,0.080000,1.314000,3,0.060000,0.080000
11875,0.264000,1.624000,4,0.110000,0.200000
11876,0.102000,1.560000,3,0.056000,0.080000
11877,0.400000,2.152000,4,0.130000,0.220000
11878,0.012000,0.290000,1,0.026000,0.025000
11879,0.092000,0.864000,2,0.052000,0.080000
11880,0.114000,1.262000,2,0.050000,0.080000
11881,0.090000,0.100000,1,0.026000,0.045000
11882,0.042000,0.920000,1,0.020000,0.030000
11883,0.030000,1.642000,2,0.034000,0.040000
11884,0.034000,0.804000,1,0.028000,0.040000
11885,0.012000,0.760000,1,0.014000,0.015000
11886,0.112000,1.780000,2,0.044000,0.070000
11887,0.162000,1.948000,3,0.082000,0.125000
11888,0.214000,0.740000,3,0.064000,0.110000
11889,0.146000,2.200000,4,0.082000,0.140000
11890,0.132000,0.810000,2,0.046000,0.075000
11891,0.320000,1.226000,2,0.114000,0.195000
11892,0.090000,1.350000,3,0.070000,0.095000
11893,0.054000,0.832000,1,0.028000,0.045000
11894,0.024000,0.720000,2,0.028000,0.030000
11895,0.032000,0.572000,1,0.022000,0.030000
11896,0.110000,0.712000,3,0.062000,0.105000
11897,0.146000,1.972000,4,0.080000,0.115000
11898,0.110000,2.536000,4,0.080000,0.105000
11899,0.086000,2.502000,3,0.058000,0.080000
11900,0.218000,2.510000,7,0.116000,0.180000
11901,0.076000,1.674000,3,0.058000,0.075000
11902,0.350000,3.026000,7,0.140000,0.175000
11903,0.054000,1.312000,3,0.048000,0.055000
11904,0.194000,1.318000,4,0.102000,0.145000
11905,0.244000,1.370000,4,0.088000,0.140000
11906,0.050000,0.730000,2,0.034000,0.045000
11907,0.158000,2.322000,4,0.084000,0.115000
11908,0.118000,1.694000,4,0.072000,0.105000
11909,0.154000,1.504000,3,0.070000,0.105000
11910,0.198000,2.540000,7,0.134000,0.175000
11911,0.340000,2.486000,6,0.144000,0.240000
11912,0.000000,0.000000,0,0.000000,0.000000
11913,0.094000,2.202000,3,0.056000,0.065000
11914,0.090000,1.890000,3,0.052000,0.070000
11915,0.042000,0.810000,1,0.020000,0.030000
11916,0.234000,2.202000,3,0.082000,0.140000
11917,0.058000,0.672000,1,0.026000,0.040000
11918,0.012000,0.760000,1,0.014000,0.015000
11919,0.036000,1.560000,2,0.030000,0.035000
11920,0.084000,2.680000,3,0.052000,0.070000
11921,0.064000,0.684000,2,0.046000,0.065000
11922,0.306000,1.432000,3,0.082000,0.105000
11923,0.046000,2.434000,3,0.054000,0.055000
11924,0.074000,1.702000,4,0.064000,0.075000
11925,0.062000,1.680000,2,0.036000,0.050000
11926,0.010000,0.884000,1,0.020000,0.020000
11927,0.068000,0.800000,2,0.036000,0.050000
11928,0.380000,2.570000,5,0.146000,0.230000
11929,0.038000,2.394000,4,0.058000,0.055000
11930,1.106000,1.298000,4,0.180000,0.330000
11931,0.048000,1.642000,3,0.048000,0.055000
11932,0.168000,2.972000,7,0.120000,0.160000
11933,0.000000,0.000000,0,0.000000,0.000000
11934,0.014000,1.732000,2,0.028000,0.025000
11935,0.010000,0.972000,2,0.018000,0.020000
11936,0.110000,1.900000,4,0.070000,0.095000
11937,0.022000,1.716000,3,0.038000,0.040000
11938,0.020000,0.940000,1,0.016000,0.035000
11939,0.210000,1.004000,3,0.070000,0.115000
11940,0.046000,0.894000,3,0.052000,0.070000
11941,0.050000,2.526000,3,0.052000,0.060000
11942,0.042000,1.830000,2,0.032000,0.040000
11943,0.088000,0.862000,2,0.044000,0.065000
11944,0.272000,1.622000,5,0.142000,0.250000
11945,0.194000,1.832000,5,0.100000,0.145000
11946,0.324000,1.484000,4,0.096000,0.175000
11947,0.106000,1.164000,4,0.080000,0.110000
11948,0.020000,0.890000,1,0.016000,0.055000
11949,0.300000,2.174000,5,0.122000,0.195000
11950,1.008000,2.866000,5,0.136000,0.220000
11951,0.184000,1.724000,4,0.094000,0.145000
11952,0.266000,2.264000,5,0.112000,0.160000
11953,0.390000,1.366000,5,0.138000,0.265000
11954,0.208000,3.216000,6,0.124000,0.170000
11955,0.074000,1.662000,3,0.042000,0.060000
11956,0.468000,2.124000,4,0.130000,0.235000
11957,0.032000,0.912000,1,0.022000,0.045000
11958,0.082000,1.564000,3,0.060000,0.080000
11959,0.054000,2.380000,4,0.054000,0.055000
11960,0.104000,1.544000,3,0.064000,0.090000
11961,0.154000,1.982000,5,0.120000,0.200000
11962,0.032000,0.892000,1,0.024000,0.035000
11963,0.538000,2.296000,7,0.182000,0.280000
11964,0.222000,2.382000,4,0.080000,0.100000
11965,0.086000,0.606000,1,0.036000,0.060000
11966,0.216000,1.536000,3,0.078000,0.140000
11967,0.098000,1.434000,2,0.052000,0.080000
11968,0.162000,2.390000,4,0.082000,0.115000
11969,0.088000,1.502000,3,0.056000,0.075000
11970,0.010000,0.918000,1,0.022000,0.020000
11971,0.062000,1.634000,3,0.056000,0.070000
11972,0.028000,2.880000,4,0.048000,0.040000
11973,0.108000,1.600000,3,0.054000,0.075000
11974,0.112000,1.666000,3,0.070000,0.095000
11975,0.204000,2.252000,3,0.078000,0.130000
11976,0.066000,2.466000,3,0.060000,0.065000
11977,0.120000,1.542000,2,0.070000,0.110000
11978,0.078000,2.222000,4,0.066000,0.080000
11979,0.086000,2.782000,4,0.070000,0.125000
11980,0.160000,2.536000,5,0.102000,0.140000
11981,0.440000,3.032000,5,0.118000,0.170000
11982,0.180000,1.642000,4,0.086000,0.110000
11983,0.474000,2.006000,6,0.170000,0.280000
11984,0.154000,0.738000,4,0.078000,0.120000
11985,0.200000,2.366000,3,0.084000,0.100000
11986,0.066000,0.064000,2,0.036000,0.060000
11987,0.108000,1.600000,4,0.068000,0.090000
11988,0.376000,2.518000,5,0.134000,0.195000
11989,0.110000,1.510000,4,0.070000,0.095000
11990,0.172000,1.532000,4,0.074000,0.100000
11991,0.604000,2.712000,5,0.132000,0.220000
11992,0.510000,0.720000,3,0.064000,0.120000
11993,0.158000,1.494000,3,0.076000,0.120000
11994,0.122000,1.640000,6,0.094000,0.130000
11995,0.180000,1.560000,4,0.068000,0.105000
11996,0.140000,2.764000,4,0.084000,0.140000
11997,0.240000,1.722000,3,0.074000,0.140000
11998,0.132000,2.874000,4,0.076000,0.100000
11999,0.048000,1.682000,2,0.038000,0.050000
12000,0.456000,2.482000,4,0.108000,0.175000
12001,0.138000,1.512000,3,0.066000,0.100000
12002,0.058000,1.222000,3,0.050000,0.060000
12003,0.278000,2.154000,5,0.104000,0.165000
12004,0.106000,1.172000,3,0.058000,0.080000
12005,0.076000,1.822000,3,0.052000,0.065000
12006,0.104000,1.722000,2,0.046000,0.070000
12007,0.042000,0.920000,1,0.020000,0.055000
12008,0.072000,1.910000,3,0.050000,0.065000
12009,0.040000,0.762000,1,0.026000,0.040000
12010,0.074000,2.954000,4,0.068000,0.080000
12011,0.062000,0.940000,2,0.034000,0.045000
12012,0.166000,3.034000,6,0.110000,0.140000
12013,0.018000,0.832000,1,0.020000,0.025000
12014,0.022000,1.664000,2,0.034000,0.035000
12015,0.316000,2.232000,4,0.088000,0.180000
12016,0.430000,1.324000,4,0.120000,0.220000
12017,0.046000,1.362000,3,0.046000,0.060000
12018,0.078000,0.802000,2,0.042000,0.060000
12019,0.088000,3.088000,5,0.100000,0.115000
12020,0.098000,0.862000,3,0.050000,0.085000
12021,0.054000,1.650000,2,0.034000,0.045000
12022,0.080000,1.020000,3,0.038000,0.055000
12023,0.126000,1.402000,4,0.076000,0.105000
12024,0.086000,1.582000,3,0.058000,0.075000
12025,0.140000,1.624000,4,0.074000,0.105000
12026,0.126000,1.698000,4,0.070000,0.110000
12027,0.026000,1.874000,2,0.034000,0.035000
12028,0.184000,2.062000,3,0.070000,0.090000
12029,0.056000,1.060000,3,0.046000,0.055000
12030,0.298000,2.012000,3,0.084000,0.145000
12031,0.110000,0.674000,3,0.058000,0.095000
12032,0.196000,1.356000,2,0.072000,0.125000
12033,0.014000,0.430000,2,0.024000,0.020000
12034,0.080000,1.032000,3,0.056000,0.075000
12035,0.014000,1.600000,2,0.024000,0.020000
12036,0.084000,2.192000,5,0.082000,0.105000
12037,0.076000,1.580000,2,0.038000,0.055000
12038,0.094000,1.012000,3,0.056000,0.075000
12039,0.030000,0.290000,1,0.018000,0.025000
12040,0.228000,3.170000,4,0.086000,0.135000
12041,0.156000,0.260000,1,0.032000,0.060000
12042,0.056000,0.480000,1,0.022000,0.035000
12043,0.290000,3.066000,5,0.116000,0.185000
12044,0.020000,2.282000,3,0.040000,0.035000
12045,0.084000,1.080000,2,0.040000,0.060000
12046,0.066000,2.270000,5,0.070000,0.085000
12047,0.254000,1.440000,5,0.126000,0.190000
12048,0.120000,1.834000,3,0.080000,0.100000
12049,0.488000,2.278000,6,0.166000,0.275000
12050,0.134000,1.492000,4,0.068000,0.135000
12051,0.162000,0.990000,3,0.064000,0.100000
12052,0.088000,2.634000,5,0.082000,0.095000
12053,0.200000,2.092000,4,0.086000,0.115000
12054,0.060000,1.712000,2,0.040000,0.055000
12055,0.164000,1.924000,3,0.080000,0.130000
12056,0.038000,0.932000,3,0.046000,0.050000
12057,0.100000,2.330000,4,0.094000,0.105000
12058,0.070000,1.144000,3,0.046000,0.065000
12059,0.134000,1.724000,3,0.068000,0.100000
12060,1.040000,2.872000,5,0.146000,0.240000
12061,0.236000,2.356000,5,0.090000,0.135000
12062,0.232000,1.450000,3,0.062000,0.095000
12063,0.030000,0.810000,1,0.018000,0.025000
12064,0.056000,0.838000,2,0.036000,0.080000
12065,0.164000,2.400000,4,0.078000,0.105000
12066,0.408000,1.940000,5,0.108000,0.175000
12067,0.088000,0.870000,2,0.044000,0.070000
12068,0.050000,1.190000,2,0.034000,0.045000
12069,0.056000,2.534000,3,0.054000,0.065000
12070,0.042000,0.900000,1,0.020000,0.030000
12071,0.124000,3.272000,4,0.074000,0.100000
12072,0.034000,1.304000,2,0.038000,0.045000
12073,0.456000,1.484000,4,0.118000,0.205000
12074,0.000000,0.000000,0,0.000000,0.000000
12075,0.470000,2.600000,5,0.156000,0.255000
12076,0.046000,0.844000,2,0.040000,0.050000
12077,0.280000,2.114000,3,0.092000,0.160000
12078,0.242000,2.074000,6,0.116000,0.180000
12079,0.938000,2.032000,4,0.142000,0.255000
12080,0.082000,1.702000,3,0.064000,0.075000
12081,0.056000,0.910000,1,0.022000,0.035000
12082,0.276000,1.732000,5,0.106000,0.165000
12083,0.190000,1.580000,4,0.072000,0.120000
12084,0.072000,1.364000,3,0.060000,0.080000
12085,0.208000,2.024000,3,0.072000,0.110000
12086,0.396000,1.590000,4,0.094000,0.155000
12087,0.408000,2.130000,6,0.134000,0.215000
12088,0.208000,2.160000,3,0.102000,0.155000
12089,0.054000,1.154000,3,0.054000,0.065000
12090,0.054000,1.978000,3,0.056000,0.065000
12091,0.008000,1.930000,2,0.022000,0.015000
12092,0.218000,1.726000,5,0.122000,0.180000
12093,0.160000,0.698000,5,0.094000,0.160000
12094,0.126000,1.612000,2,0.050000,0.080000
12095,0.394000,1.736000,5,0.152000,0.255000
12096,0.140000,0.692000,2,0.054000,0.150000
12097,0.028000,1.402000,2,0.032000,0.035000
12098,0.210000,1.762000,5,0.088000,0.140000
12099,0.150000,2.330000,4,0.072000,0.100000
12100,0.026000,0.852000,2,0.032000,0.035000
12101,0.158000,0.858000,3,0.078000,0.120000
12102,0.032000,1.480000,2,0.030000,0.035000
12103,0.468000,1.972000,5,0.128000,0.165000
12104,0.276000,2.164000,4,0.104000,0.170000
12105,0.154000,3.052000,4,0.078000,0.085000
12106,0.128000,2.330000,3,0.068000,0.090000
12107,0.062000,0.814000,2,0.046000,0.085000
12108,0.156000,2.298000,5,0.102000,0.135000
12109,0.232000,1.124000,4,0.096000,0.165000
12110,0.060000,0.820000,3,0.034000,0.045000
12111,0.012000,0.850000,1,0.014000,0.015000
12112,0.002000,0.000000,1,0.002000,0.005000
12113,0.572000,1.496000,5,0.150000,0.260000
12114,0.326000,1.356000,5,0.136000,0.295000
12115,0.278000,2.382000,3,0.072000,0.115000
12116,0.110000,2.662000,4,0.070000,0.085000
12117,0.070000,1.526000,4,0.068000,0.105000
12118,0.120000,1.392000,3,0.078000,0.110000
12119,0.042000,0.750000,1,0.020000,0.030000
12120,0.038000,0.794000,1,0.028000,0.040000
12121,0.002000,0.000000,1,0.002000,0.005000
12122,0.370000,2.220000,5,0.140000,0.245000
12123,0.080000,1.348000,2,0.050000,0.070000
12124,0.012000,0.950000,1,0.014000,0.015000
12125,0.204000,1.426000,2,0.076000,0.130000
12126,0.084000,1.614000,4,0.074000,0.095000
12127,0.106000,1.716000,3,0.062000,0.085000
12128,0.006000,0.960000,1,0.012000,0.010000
12129,0.170000,1.624000,3,0.076000,0.125000
12130,0.030000,0.900000,1,0.018000,0.025000
12131,0.170000,2.456000,4,0.082000,0.110000
12132,0.070000,2.140000,3,0.046000,0.055000
12133,0.054000,1.772000,3,0.050000,0.060000
12134,0.076000,0.820000,2,0.038000,0.055000
12135,0.350000,2.296000,4,0.102000,0.130000
12136,0.032000,2.662000,4,0.052000,0.045000
12137,0.152000,1.200000,2,0.048000,0.080000
12138,0.100000,1.498000,4,0.068000,0.115000
12139,0.374000,0.906000,3,0.082000,0.150000
12140,0.428000,2.156000,6,0.160000,0.270000
12141,0.328000,1.022000,3,0.088000,0.155000
12142,0.202000,2.736000,7,0.118000,0.175000
12143,0.166000,1.564000,4,0.082000,0.105000
12144,0.070000,1.582000,3,0.052000,0.065000
12145,0.002000,0.970000,1,0.010000,0.005000
12146,0.180000,1.556000,2,0.068000,0.095000
12147,0.020000,0.940000,1,0.016000,0.020000
12148,0.068000,1.440000,2,0.036000,0.050000
12149,0.076000,0.902000,3,0.054000,0.070000
12150,0.260000,1.452000,3,0.082000,0.140000
12151,0.222000,2.240000,4,0.108000,0.165000
12152,0.044000,1.592000,2,0.036000,0.045000
12153,0.448000,2.200000,6,0.160000,0.260000
12154,0.114000,2.238000,4,0.090000,0.105000
12155,0.126000,1.650000,3,0.058000,0.075000
12156,0.478000,1.042000,2,0.074000,0.140000
12157,0.360000,1.526000,2,0.104000,0.185000
12158,0.310000,2.774000,4,0.130000,0.190000
12159,0.166000,1.574000,2,0.058000,0.095000
12160,0.190000,1.314000,5,0.090000,0.135000
12161,0.122000,1.272000,2,0.052000,0.085000
12162,0.014000,0.724000,1,0.022000,0.025000
12163,0.000000,0.000000,0,0.000000,0.000000
12164,0.298000,1.974000,3,0.090000,0.165000
12165,0.174000,1.492000,2,0.052000,0.085000
12166,0.042000,1.216000,2,0.038000,0.045000
12167,0.044000,0.542000,1,0.024000,0.035000
12168,0.104000,1.438000,3,0.074000,0.135000
12169,0.348000,0.972000,2,0.068000,0.125000
12170,0.080000,0.960000,4,0.062000,0.075000
12171,0.136000,1.720000,3,0.066000,0.105000
12172,0.050000,1.162000,2,0.036000,0.050000
12173,0.000000,0.000000,0,0.000000,0.000000
12174,0.186000,2.604000,6,0.120000,0.160000
12175,0.542000,1.976000,5,0.144000,0.255000
12176,0.112000,0.850000,2,0.038000,0.055000
12177,0.266000,1.664000,2,0.074000,0.135000
12178,0.114000,2.416000,5,0.094000,0.110000
12179,0.100000,1.942000,3,0.072000,0.095000
12180,0.264000,2.296000,4,0.096000,0.140000
12181,0.154000,1.184000,4,0.086000,0.155000
12182,0.060000,1.782000,2,0.040000,0.055000
12183,0.468000,1.532000,2,0.074000,0.140000
12184,0.032000,1.624000,3,0.048000,0.050000
12185,0.008000,0.842000,1,0.016000,0.015000
12186,0.102000,0.822000,2,0.044000,0.080000
12187,0.158000,2.592000,3,0.068000,0.115000
12188,0.104000,1.000000,3,0.044000,0.070000
12189,0.160000,1.634000,2,0.062000,0.105000
12190,0.136000,0.674000,2,0.058000,0.120000
12191,0.020000,1.230000,3,0.036000,0.030000
12192,0.104000,2.172000,3,0.058000,0.080000
12193,0.344000,0.782000,1,0.048000,0.100000
12194,0.240000,1.290000,5,0.114000,0.165000
12195,0.068000,0.852000,1,0.030000,0.050000
12196,0.056000,0.822000,2,0.040000,0.055000
12197,0.234000,2.420000,4,0.088000,0.130000
12198,0.544000,2.046000,4,0.126000,0.210000
12199,0.020000,1.216000,2,0.032000,0.030000
12200,0.102000,1.456000,3,0.060000,0.095000
12201,0.000000,0.000000,0,0.000000,0.000000
12202,0.044000,1.642000,2,0.038000,0.050000
12203,0.080000,2.724000,5,0.090000,0.100000
12204,0.074000,0.806000,1,0.044000,0.075000
12205,0.116000,0.852000,1,0.034000,0.060000
12206,0.204000,2.240000,4,0.084000,0.130000
12207,0.406000,1.510000,3,0.072000,0.140000
12208,0.218000,2.022000,3,0.076000,0.125000
12209,0.022000,0.786000,1,0.022000,0.025000
12210,0.074000,0.870000,2,0.034000,0.045000
12211,0.208000,1.242000,2,0.056000,0.095000
12212,0.110000,0.770000,1,0.028000,0.050000
12213,0.038000,1.474000,2,0.040000,0.050000
12214,0.106000,0.598000,4,0.084000,0.115000
12215,0.170000,2.646000,4,0.096000,0.145000
12216,0.048000,1.490000,3,0.044000,0.050000
12217,0.390000,1.932000,3,0.100000,0.230000
12218,0.184000,1.924000,5,0.102000,0.145000
12219,0.130000,2.824000,5,0.094000,0.125000
12220,0.334000,2.604000,5,0.120000,0.190000
12221,0.144000,3.860000,8,0.136000,0.150000
12222,0.050000,0.632000,2,0.036000,0.045000
12223,0.210000,1.626000,5,0.100000,0.140000
12224,0.214000,1.032000,2,0.058000,0.100000
12225,0.076000,1.400000,2,0.038000,0.055000
12226,0.134000,0.826000,2,0.068000,0.105000
12227,0.074000,0.602000,2,0.042000,0.075000
12228,0.102000,1.728000,2,0.056000,0.085000
12229,0.140000,1.884000,3,0.070000,0.105000
12230,0.170000,1.846000,4,0.074000,0.110000
12231,0.036000,1.472000,3,0.046000,0.060000
12232,0.376000,1.846000,3,0.104000,0.155000
12233,0.308000,1.156000,4,0.112000,0.180000
12234,0.254000,2.130000,3,0.072000,0.120000
12235,0.110000,1.126000,2,0.054000,0.080000
12236,0.140000,1.514000,4,0.084000,0.120000
12237,0.168000,1.996000,4,0.094000,0.125000
12238,0.074000,1.626000,4,0.074000,0.090000
12239,0.172000,1.552000,3,0.070000,0.110000
12240,0.030000,1.752000,2,0.034000,0.040000
12241,0.044000,1.350000,2,0.030000,0.035000
12242,0.060000,0.842000,2,0.040000,0.055000
12243,0.310000,0.794000,2,0.084000,0.160000
12244,0.292000,2.192000,6,0.126000,0.205000
12245,0.268000,1.258000,4,0.104000,0.165000
12246,0.158000,1.362000,2,0.054000,0.090000
12247,0.150000,1.672000,2,0.050000,0.080000
12248,0.110000,0.572000,1,0.036000,0.065000
12249,0.286000,1.674000,4,0.092000,0.160000
12250,0.178000,2.196000,5,0.112000,0.135000
12251,0.062000,0.782000,1,0.030000,0.050000
12252,0.216000,1.152000,3,0.084000,0.135000
12253,1.400000,1.144000,6,0.212000,0.400000
12254,0.044000,1.734000,3,0.052000,0.060000
12255,0.094000,0.772000,2,0.044000,0.065000
12256,0.026000,1.290000,3,0.030000,0.050000
12257,0.050000,0.780000,2,0.034000,0.045000
12258,0.894000,2.344000,6,0.238000,0.335000
12259,0.122000,0.604000,2,0.054000,0.085000
12260,0.014000,0.842000,1,0.018000,0.020000
12261,0.026000,0.900000,2,0.028000,0.030000
12262,0.078000,2.042000,4,0.064000,0.080000
12263,0.084000,1.364000,2,0.050000,0.075000
12264,0.200000,1.498000,3,0.080000,0.120000
12265,0.078000,1.334000,3,0.060000,0.080000
12266,0.022000,1.020000,2,0.026000,0.025000
12267,0.230000,1.794000,6,0.112000,0.165000
12268,0.128000,1.730000,2,0.046000,0.075000
12269,0.034000,0.594000,1,0.028000,0.040000
12270,0.118000,1.526000,3,0.072000,0.135000
12271,0.422000,1.214000,2,0.098000,0.185000
12272,0.038000,0.734000,1,0.030000,0.045000
12273,0.330000,0.892000,4,0.092000,0.145000
12274,0.038000,1.294000,2,0.040000,0.050000
12275,0.504000,2.616000,6,0.154000,0.235000
12276,0.538000,1.612000,4,0.122000,0.220000
12277,0.120000,2.582000,4,0.072000,0.095000
12278,0.024000,1.660000,2,0.028000,0.030000
12279,0.120000,1.532000,3,0.062000,0.090000
12280,0.206000,1.502000,2,0.060000,0.105000
12281,0.110000,0.400000,1,0.028000,0.050000
12282,0.060000,1.782000,2,0.036000,0.045000
12283,0.112000,1.874000,5,0.090000,0.115000
12284,0.128000,1.722000,3,0.058000,0.090000
12285,0.274000,0.882000,2,0.078000,0.150000
12286,0.152000,1.938000,4,0.086000,0.120000
12287,0.240000,1.056000,2,0.074000,0.130000
12288,0.084000,1.090000,2,0.040000,0.060000
12289,0.162000,2.036000,3,0.078000,0.120000
12290,0.128000,1.440000,2,0.046000,0.075000
12291,0.516000,1.056000,6,0.178000,0.235000
12292,0.190000,2.050000,4,0.078000,0.110000
12293,0.494000,2.382000,4,0.112000,0.195000
12294,0.036000,0.342000,1,0.024000,0.035000
12295,0.244000,2.272000,5,0.118000,0.170000
12296,0.092000,1.624000,2,0.048000,0.070000
12297,0.106000,1.488000,2,0.052000,0.075000
12298,0.022000,0.352000,1,0.020000,0.025000
12299,0.086000,1.730000,2,0.040000,0.060000
12300,0.002000,0.450000,1,0.010000,0.005000
12301,0.286000,1.428000,4,0.110000,0.175000
12302,0.152000,1.430000,2,0.046000,0.095000
12303,0.106000,0.604000,2,0.052000,0.080000
12304,0.134000,1.484000,4,0.072000,0.120000
12305,0.166000,0.950000,3,0.064000,0.100000
12306,0.842000,0.172000,1,0.168000,0.350000
12307,0.170000,1.818000,3,0.070000,0.120000
12308,0.088000,0.926000,3,0.056000,0.090000
12309,0.032000,0.816000,1,0.024000,0.030000
12310,0.102000,3.020000,4,0.066000,0.085000
12311,0.048000,0.806000,2,0.044000,0.075000
12312,0.230000,1.682000,3,0.058000,0.130000
12313,0.238000,0.564000,3,0.082000,0.135000
12314,0.222000,2.846000,4,0.100000,0.200000
12315,0.000000,0.000000,0,0.000000,0.000000
12316,0.082000,1.590000,3,0.052000,0.070000
12317,0.136000,3.204000,5,0.092000,0.120000
12318,0.050000,0.430000,2,0.034000,0.045000
12319,0.226000,0.712000,3,0.070000,0.110000
12320,0.044000,0.538000,2,0.032000,0.045000
12321,0.052000,0.734000,2,0.032000,0.050000
12322,0.044000,0.732000,1,0.024000,0.035000
12323,0.068000,1.754000,3,0.052000,0.085000
12324,0.112000,1.224000,3,0.076000,0.100000
12325,0.208000,2.012000,3,0.066000,0.100000
12326,0.120000,1.740000,4,0.068000,0.090000
12327,0.164000,2.416000,5,0.100000,0.135000
12328,0.198000,1.560000,6,0.096000,0.140000
12329,0.236000,2.594000,6,0.112000,0.160000
12330,0.452000,2.542000,4,0.106000,0.165000
12331,0.158000,0.782000,2,0.052000,0.085000
12332,0.058000,1.640000,2,0.032000,0.040000
12333,0.144000,1.646000,3,0.068000,0.085000
12334,0.024000,0.912000,1,0.022000,0.060000
12335,0.114000,1.224000,3,0.064000,0.085000
12336,0.354000,2.276000,6,0.146000,0.215000
12337,0.226000,3.184000,4,0.088000,0.125000
12338,0.114000,2.272000,3,0.064000,0.095000
12339,0.172000,2.128000,4,0.084000,0.140000
12340,0.060000,1.794000,3,0.054000,0.065000
12341,0.114000,1.120000,2,0.044000,0.070000
12342,0.074000,1.140000,2,0.034000,0.045000
12343,0.124000,3.206000,6,0.106000,0.130000
12344,0.282000,1.110000,2,0.058000,0.105000
12345,0.020000,0.940000,1,0.016000,0.020000
12346,0.404000,1.430000,5,0.122000,0.185000
12347,0.030000,2.562000,3,0.042000,0.040000
12348,0.052000,1.812000,2,0.038000,0.050000
12349,0.216000,2.752000,8,0.130000,0.185000
12350,0.092000,0.824000,1,0.040000,0.125000
12351,0.132000,3.344000,5,0.092000,0.125000
12352,0.042000,1.020000,2,0.032000,0.040000
12353,0.158000,3.570000,7,0.108000,0.120000
12354,0.000000,0.000000,0,0.000000,0.000000
12355,0.188000,0.722000,2,0.058000,0.100000
12356,0.254000,2.030000,3,0.092000,0.150000
12357,0.168000,1.472000,2,0.056000,0.120000
12358,0.370000,1.924000,6,0.132000,0.220000
12359,0.002000,0.970000,1,0.010000,0.005000
12360,0.084000,1.320000,2,0.054000,0.075000
12361,0.152000,1.968000,4,0.086000,0.140000
12362,0.274000,1.094000,2,0.098000,0.175000
12363,0.242000,1.926000,4,0.104000,0.165000
12364,0.104000,2.082000,3,0.060000,0.085000
12365,0.244000,1.598000,3,0.080000,0.125000
12366,0.108000,1.016000,2,0.050000,0.075000
12367,0.112000,0.850000,2,0.038000,0.055000
12368,0.366000,1.456000,3,0.088000,0.155000
12369,0.254000,2.188000,5,0.108000,0.205000
12370,0.032000,0.680000,2,0.020000,0.030000
12371,0.018000,0.512000,1,0.020000,0.025000
12372,0.262000,2.590000,8,0.144000,0.200000
12373,0.070000,1.182000,2,0.040000,0.055000
12374,0.384000,2.482000,6,0.162000,0.275000
12375,0.802000,0.856000,5,0.154000,0.360000
12376,0.110000,2.476000,4,0.074000,0.090000
12377,0.070000,3.112000,4,0.062000,0.070000
12378,0.098000,1.612000,4,0.072000,0.095000
12379,0.990000,1.574000,4,0.152000,0.260000
12380,0.242000,1.958000,3,0.084000,0.135000
12381,0.072000,0.890000,1,0.024000,0.040000
12382,0.136000,2.372000,4,0.078000,0.115000
12383,0.000000,0.000000,0,0.000000,0.000000
12384,0.012000,0.930000,1,0.014000,0.015000
12385,0.208000,2.328000,4,0.090000,0.125000
12386,0.258000,1.528000,2,0.068000,0.110000
12387,0.050000,0.822000,1,0.042000,0.060000
12388,0.032000,0.760000,2,0.030000,0.035000
12389,0.438000,1.822000,5,0.114000,0.180000
12390,0.176000,1.412000,4,0.086000,0.140000
12391,0.026000,0.282000,1,0.022000,0.030000
12392,0.322000,1.410000,4,0.096000,0.160000
12393,0.034000,1.792000,2,0.032000,0.035000
12394,0.076000,1.922000,3,0.056000,0.060000
12395,0.046000,1.642000,3,0.048000,0.055000
12396,0.198000,1.554000,3,0.074000,0.115000
12397,0.040000,0.880000,2,0.032000,0.040000
12398,0.260000,1.448000,2,0.074000,0.155000
12399,0.440000,2.142000,4,0.104000,0.155000
12400,0.152000,1.080000,2,0.046000,0.075000
12401,0.046000,2.034000,3,0.052000,0.060000
12402,0.174000,1.402000,2,0.052000,0.085000
12403,0.118000,1.206000,3,0.060000,0.095000
12404,0.170000,1.482000,5,0.098000,0.125000
12405,0.034000,2.010000,3,0.038000,0.035000
12406,0.086000,0.644000,2,0.040000,0.060000
12407,0.066000,1.392000,3,0.054000,0.060000
12408,0.106000,0.346000,2,0.060000,0.095000
12409,0.180000,1.952000,4,0.084000,0.125000
12410,0.076000,0.918000,2,0.050000,0.070000
12411,0.156000,0.528000,4,0.082000,0.135000
12412,0.114000,1.642000,3,0.060000,0.085000
12413,0.396000,2.098000,6,0.176000,0.280000
12414,0.702000,2.010000,6,0.170000,0.270000
12415,0.614000,2.042000,3,0.106000,0.200000
12416,0.148000,2.014000,3,0.074000,0.115000
12417,0.270000,1.542000,3,0.080000,0.135000
12418,0.140000,1.620000,4,0.074000,0.105000
12419,0.206000,1.548000,6,0.110000,0.145000
12420,0.000000,0.000000,0,0.000000,0.000000
12421,0.200000,2.864000,4,0.092000,0.090000
12422,0.080000,1.558000,3,0.076000,0.090000
12423,0.234000,1.490000,3,0.106000,0.160000
12424,0.308000,1.456000,5,0.124000,0.195000
12425,0.018000,1.090000,2,0.026000,0.025000
12426,0.360000,2.118000,8,0.158000,0.255000
12427,0.758000,1.284000,4,0.126000,0.225000
12428,0.492000,2.566000,5,0.148000,0.255000
12429,0.204000,1.542000,3,0.074000,0.070000
12430,0.000000,0.000000,0,0.000000,0.000000
12431,0.060000,0.802000,2,0.036000,0.050000
12432,0.110000,0.944000,2,0.052000,0.080000
12433,0.228000,2.342000,7,0.130000,0.160000
12434,0.128000,1.580000,4,0.072000,0.100000
12435,0.400000,2.808000,5,0.132000,0.195000
12436,0.030000,0.800000,1,0.018000,0.025000
12437,0.182000,1.984000,5,0.104000,0.130000
12438,0.248000,2.384000,6,0.120000,0.200000
12439,0.000000,0.000000,0,0.000000,0.000000
12440,0.094000,1.762000,2,0.044000,0.065000
12441,0.034000,0.854000,2,0.038000,0.055000
12442,0.246000,2.526000,7,0.146000,0.225000
12443,0.034000,1.432000,4,0.054000,0.050000
12444,0.194000,0.834000,2,0.066000,0.215000
12445,0.118000,1.942000,3,0.058000,0.080000
12446,0.250000,1.958000,5,0.106000,0.135000
12447,0.074000,1.492000,2,0.042000,0.060000
12448,0.130000,2.554000,4,0.084000,0.120000
12449,0.068000,1.170000,2,0.036000,0.050000
12450,0.098000,1.452000,2,0.042000,0.060000
12451,0.000000,0.000000,0,0.000000,0.000000
12452,0.108000,1.064000,4,0.078000,0.105000
12453,0.070000,2.582000,4,0.064000,0.070000
12454,0.138000,1.730000,2,0.042000,0.060000
12455,0.516000,1.980000,3,0.084000,0.150000
12456,0.038000,1.712000,2,0.034000,0.035000
12457,0.272000,0.610000,1,0.040000,0.080000
12458,0.074000,0.792000,3,0.054000,0.120000
12459,0.182000,2.994000,4,0.082000,0.115000
12460,0.116000,2.554000,6,0.090000,0.115000
12461,0.090000,0.480000,1,0.026000,0.045000
12462,0.154000,1.442000,2,0.050000,0.080000
12463,0.074000,1.822000,2,0.042000,0.060000
12464,0.144000,1.748000,3,0.080000,0.120000
12465,0.432000,2.284000,5,0.108000,0.200000
12466,0.200000,1.424000,3,0.076000,0.095000
12467,0.596000,0.824000,2,0.084000,0.160000
12468,0.060000,1.750000,3,0.046000,0.070000
12469,0.164000,1.810000,3,0.058000,0.090000
12470,0.046000,1.640000,3,0.040000,0.035000
12471,0.018000,0.910000,2,0.026000,0.025000
12472,0.186000,3.416000,6,0.102000,0.140000
12473,0.174000,1.256000,3,0.076000,0.135000
12474,0.076000,1.820000,2,0.038000,0.055000
12475,0.020000,0.900000,1,0.016000,0.020000
12476,0.342000,2.792000,4,0.116000,0.185000
12477,0.054000,0.962000,2,0.040000,0.055000
12478,0.206000,2.114000,4,0.088000,0.130000
12479,0.048000,0.530000,2,0.024000,0.040000
12480,0.086000,1.430000,2,0.040000,0.060000
12481,0.266000,1.944000,4,0.096000,0.170000
12482,0.516000,1.516000,2,0.104000,0.205000
12483,0.146000,2.282000,5,0.086000,0.120000
12484,0.030000,0.080000,1,0.018000,0.025000
12485,0.042000,0.900000,1,0.020000,0.030000
12486,0.332000,2.346000,8,0.162000,0.250000
12487,0.298000,1.360000,3,0.100000,0.190000
12488,0.020000,0.012000,1,0.014000,0.045000
12489,0.136000,0.736000,2,0.058000,0.110000
12490,0.152000,0.768000,2,0.052000,0.095000
12491,0.146000,3.100000,4,0.074000,0.105000
12492,0.056000,0.900000,1,0.022000,0.035000
12493,0.042000,0.920000,1,0.020000,0.030000
12494,0.066000,2.560000,3,0.048000,0.060000
12495,0.084000,1.592000,2,0.042000,0.050000
12496,0.020000,0.780000,1,0.016000,0.020000
12497,0.096000,2.504000,4,0.062000,0.085000
12498,0.108000,1.630000,3,0.054000,0.075000
12499,0.168000,2.404000,4,0.080000,0.100000
12500,0.300000,2.162000,5,0.110000,0.160000
12501,0.142000,2.282000,3,0.068000,0.105000
12502,0.050000,0.834000,2,0.042000,0.055000
12503,0.076000,1.572000,2,0.054000,0.060000
12504,0.166000,2.464000,4,0.076000,0.125000
12505,0.090000,1.642000,3,0.048000,0.075000
12506,0.394000,0.992000,3,0.066000,0.145000
12507,0.082000,3.868000,5,0.090000,0.095000
12508,0.052000,0.642000,3,0.038000,0.050000
12509,0.200000,3.136000,5,0.108000,0.135000
12510,0.028000,2.588000,3,0.048000,0.045000
12511,0.084000,2.324000,3,0.060000,0.080000
12512,0.104000,2.262000,3,0.062000,0.090000
12513,0.248000,1.220000,3,0.070000,0.145000
12514,0.032000,1.890000,2,0.030000,0.035000
12515,0.052000,2.860000,5,0.066000,0.065000
12516,0.080000,2.824000,4,0.066000,0.075000
12517,0.026000,1.520000,2,0.028000,0.030000
12518,0.070000,3.042000,4,0.064000,0.075000
12519,0.072000,1.584000,4,0.070000,0.085000
12520,0.064000,1.302000,2,0.040000,0.055000
12521,0.100000,1.862000,3,0.050000,0.080000
12522,0.030000,0.780000,1,0.018000,0.025000
12523,0.078000,1.040000,3,0.042000,0.065000
12524,0.000000,0.000000,0,0.000000,0.000000
12525,0.104000,1.682000,5,0.078000,0.090000
12526,0.176000,2.982000,4,0.082000,0.105000
12527,0.078000,0.828000,1,0.038000,0.060000
12528,0.098000,1.670000,2,0.042000,0.065000
12529,0.040000,1.480000,2,0.032000,0.040000
12530,0.104000,2.260000,4,0.068000,0.090000
12531,0.120000,1.702000,2,0.050000,0.080000
12532,0.032000,1.722000,2,0.034000,0.040000
12533,0.002000,0.970000,1,0.010000,0.005000
12534,0.008000,0.842000,1,0.016000,0.015000
12535,0.274000,2.450000,5,0.096000,0.140000
12536,0.144000,0.638000,3,0.056000,0.100000
12537,0.086000,1.552000,2,0.042000,0.060000
12538,0.036000,2.694000,3,0.048000,0.065000
12539,0.440000,2.138000,4,0.128000,0.220000
12540,0.060000,0.992000,2,0.040000,0.055000
12541,0.096000,2.934000,6,0.086000,0.110000
12542,0.082000,3.210000,4,0.062000,0.075000
12543,0.026000,1.700000,2,0.028000,0.030000
12544,0.040000,2.002000,3,0.044000,0.045000
12545,0.032000,1.602000,2,0.034000,0.040000
12546,0.138000,2.230000,5,0.106000,0.140000
12547,0.054000,0.982000,3,0.042000,0.060000
12548,0.242000,1.542000,2,0.066000,0.100000
12549,0.110000,2.186000,3,0.070000,0.090000
12550,0.518000,1.978000,3,0.108000,0.190000
12551,0.112000,0.856000,1,0.034000,0.075000
12552,0.130000,2.536000,4,0.080000,0.120000
12553,0.108000,2.264000,3,0.058000,0.075000
12554,0.124000,2.062000,3,0.062000,0.065000
12555,0.206000,2.040000,4,0.084000,0.130000
12556,0.064000,2.464000,5,0.076000,0.090000
12557,0.116000,2.284000,3,0.070000,0.105000
12558,0.374000,1.194000,3,0.098000,0.175000
12559,0.058000,1.644000,2,0.044000,0.080000
12560,0.020000,0.900000,1,0.016000,0.020000
12561,0.030000,0.880000,1,0.018000,0.025000
12562,0.032000,1.700000,2,0.030000,0.035000
12563,0.070000,3.244000,6,0.088000,0.085000
12564,0.562000,2.106000,3,0.134000,0.235000
12565,0.064000,2.502000,3,0.052000,0.065000
12566,0.082000,0.772000,2,0.044000,0.065000
12567,0.052000,1.732000,2,0.040000,0.055000
12568,0.070000,1.642000,2,0.044000,0.055000
12569,0.164000,2.356000,3,0.074000,0.110000
12570,0.068000,2.112000,3,0.052000,0.065000
12571,0.102000,2.160000,3,0.056000,0.080000
12572,0.056000,2.290000,4,0.076000,0.085000
12573,0.040000,1.680000,2,0.032000,0.040000
12574,0.160000,2.412000,3,0.066000,0.100000
12575,0.012000,0.790000,1,0.014000,0.015000
12576,0.152000,2.452000,4,0.084000,0.125000
12577,0.112000,0.750000,2,0.044000,0.070000
12578,0.298000,3.102000,7,0.158000,0.220000
12579,0.068000,0.824000,4,0.056000,0.070000
12580,0.030000,0.870000,1,0.018000,0.025000
12581,0.246000,2.404000,3,0.076000,0.120000
12582,0.100000,3.042000,4,0.072000,0.085000
12583,0.110000,1.422000,2,0.050000,0.080000
12584,0.060000,2.330000,3,0.046000,0.045000
12585,0.512000,2.218000,4,0.130000,0.220000
12586,0.070000,0.752000,2,0.032000,0.055000
12587,0.108000,2.276000,3,0.062000,0.085000
12588,0.374000,2.452000,4,0.100000,0.155000
12589,0.006000,0.870000,1,0.012000,0.010000
12590,0.062000,3.166000,4,0.072000,0.085000
12591,0.172000,2.464000,5,0.102000,0.150000
12592,0.136000,3.342000,5,0.088000,0.110000
12593,0.354000,2.346000,4,0.112000,0.175000
12594,0.190000,1.632000,4,0.086000,0.130000
12595,0.422000,1.854000,3,0.096000,0.190000
12596,0.036000,1.550000,2,0.030000,0.035000
12597,0.076000,2.572000,3,0.052000,0.065000
12598,0.136000,2.152000,3,0.062000,0.090000
12599,0.012000,0.700000,1,0.014000,0.015000
12600,0.138000,2.296000,3,0.080000,0.100000
12601,0.050000,3.356000,4,0.066000,0.070000
12602,0.356000,1.068000,2,0.090000,0.145000
12603,0.118000,2.406000,4,0.084000,0.095000
12604,0.122000,2.562000,3,0.066000,0.100000
12605,0.042000,0.910000,1,0.020000,0.030000
12606,0.084000,2.598000,4,0.072000,0.085000
12607,0.072000,1.190000,2,0.038000,0.055000
12608,0.524000,1.504000,5,0.140000,0.230000
12609,0.084000,1.644000,4,0.072000,0.090000
12610,0.012000,1.660000,2,0.024000,0.020000
12611,0.000000,0.000000,0,0.000000,0.000000
12612,0.370000,2.648000,6,0.138000,0.185000
12613,0.020000,0.500000,1,0.016000,0.020000
12614,0.220000,3.006000,4,0.094000,0.130000
12615,0.234000,2.738000,7,0.146000,0.255000
12616,0.076000,2.502000,4,0.066000,0.065000
12617,0.076000,1.594000,4,0.068000,0.080000
12618,0.012000,0.790000,1,0.014000,0.015000
12619,0.112000,2.404000,4,0.076000,0.070000
12620,0.028000,1.602000,2,0.032000,0.035000
12621,0.048000,1.770000,2,0.032000,0.040000
12622,0.548000,2.142000,5,0.122000,0.160000
12623,0.070000,2.436000,3,0.060000,0.075000
12624,0.082000,1.202000,2,0.060000,0.085000
12625,0.088000,1.632000,4,0.084000,0.105000
12626,0.084000,2.334000,3,0.060000,0.080000
12627,0.130000,2.820000,4,0.070000,0.120000
12628,0.018000,0.866000,1,0.022000,0.025000
12629,0.130000,1.292000,3,0.080000,0.115000
12630,0.148000,2.410000,3,0.062000,0.075000
12631,0.012000,0.950000,1,0.014000,0.015000
12632,0.068000,0.870000,2,0.036000,0.050000
12633,0.112000,1.122000,2,0.046000,0.070000
12634,0.234000,1.316000,3,0.092000,0.155000
12635,0.360000,1.830000,6,0.142000,0.195000
12636,0.140000,1.272000,2,0.046000,0.070000
12637,0.174000,2.550000,3,0.058000,0.075000
12638,0.104000,2.172000,3,0.062000,0.090000
12639,0.092000,1.560000,3,0.054000,0.075000
12640,0.238000,1.532000,3,0.068000,0.105000
12641,0.078000,2.310000,3,0.050000,0.065000
12642,0.450000,3.014000,5,0.144000,0.220000
12643,0.036000,0.802000,1,0.024000,0.035000
12644,0.052000,1.590000,3,0.036000,0.050000
12645,0.034000,1.502000,2,0.034000,0.040000
12646,0.000000,0.000000,0,0.000000,0.000000
12647,0.050000,1.474000,2,0.042000,0.055000
12648,0.024000,2.540000,3,0.038000,0.035000
12649,0.398000,1.550000,3,0.090000,0.165000
12650,0.046000,2.390000,4,0.054000,0.080000
12651,0.048000,1.502000,3,0.066000,0.070000
12652,0.052000,1.610000,3,0.046000,0.055000
12653,0.012000,0.712000,1,0.018000,0.020000
12654,0.124000,2.514000,5,0.086000,0.105000
12655,0.134000,1.324000,3,0.072000,0.110000
12656,0.038000,1.640000,3,0.042000,0.045000
12657,0.208000,1.474000,3,0.078000,0.125000
12658,0.024000,1.300000,2,0.028000,0.030000
12659,0.042000,0.160000,1,0.020000,0.030000
12660,0.030000,2.362000,3,0.042000,0.040000
12661,0.092000,1.820000,2,0.040000,0.060000
12662,0.032000,1.532000,2,0.034000,0.040000
12663,0.058000,2.522000,3,0.050000,0.060000
12664,0.276000,1.670000,3,0.078000,0.120000
12665,0.012000,0.930000,1,0.014000,0.015000
12666,0.096000,0.748000,2,0.060000,0.090000
12667,0.986000,1.184000,3,0.132000,0.260000
12668,0.038000,1.562000,2,0.036000,0.045000
12669,0.180000,2.274000,4,0.086000,0.150000
12670,0.100000,1.586000,2,0.048000,0.070000
12671,0.034000,3.386000,4,0.056000,0.035000
12672,0.144000,2.600000,3,0.060000,0.090000
12673,0.034000,0.012000,1,0.028000,0.045000
12674,0.038000,2.362000,3,0.046000,0.040000
12675,0.040000,2.432000,3,0.046000,0.050000
12676,0.026000,1.724000,2,0.036000,0.040000
12677,0.330000,0.862000,2,0.066000,0.120000
12678,0.050000,1.210000,2,0.034000,0.045000
12679,0.044000,1.760000,3,0.042000,0.045000
12680,0.078000,1.714000,3,0.056000,0.070000
12681,0.044000,1.750000,2,0.044000,0.050000
12682,0.044000,1.684000,2,0.042000,0.055000
12683,0.042000,0.532000,1,0.026000,0.040000
12684,0.060000,1.300000,3,0.048000,0.060000
12685,0.044000,0.844000,2,0.040000,0.050000
12686,0.152000,1.474000,2,0.054000,0.085000
12687,0.188000,1.974000,4,0.090000,0.135000
12688,0.154000,3.184000,5,0.100000,0.140000
12689,0.878000,2.146000,4,0.140000,0.285000
12690,0.026000,1.616000,4,0.054000,0.050000
12691,0.084000,1.632000,3,0.054000,0.075000
12692,0.254000,2.442000,4,0.098000,0.160000
12693,0.012000,0.660000,1,0.014000,0.015000
12694,0.002000,0.860000,1,0.010000,0.005000
12695,0.050000,1.410000,2,0.034000,0.045000
12696,0.318000,2.942000,6,0.146000,0.220000
12697,0.032000,1.390000,2,0.030000,0.035000
12698,0.000000,0.000000,0,0.000000,0.000000
12699,0.002000,0.970000,1,0.010000,0.005000
12700,0.134000,1.212000,3,0.062000,0.090000
12701,0.518000,0.632000,1,0.060000,0.125000
12702,0.098000,1.434000,2,0.054000,0.085000
12703,0.084000,1.520000,3,0.066000,0.070000
12704,0.060000,2.342000,4,0.058000,0.060000
12705,0.184000,0.592000,1,0.038000,0.070000
12706,0.110000,0.810000,1,0.028000,0.050000
12707,0.434000,2.412000,5,0.120000,0.175000
12708,0.266000,1.640000,2,0.058000,0.135000
12709,0.050000,1.580000,2,0.034000,0.075000
12710,0.398000,1.700000,3,0.072000,0.120000
12711,0.064000,2.552000,4,0.060000,0.065000
12712,0.136000,2.400000,3,0.056000,0.080000
12713,0.226000,2.530000,5,0.096000,0.135000
12714,0.000000,0.000000,0,0.000000,0.000000
12715,0.454000,0.872000,3,0.106000,0.180000
12716,0.162000,1.248000,2,0.068000,0.110000
12717,0.002000,0.970000,1,0.010000,0.005000
12718,0.084000,1.522000,2,0.046000,0.070000
12719,0.134000,2.290000,3,0.056000,0.080000
12720,0.102000,1.742000,3,0.056000,0.075000
12721,0.030000,0.700000,1,0.018000,0.025000
12722,0.068000,0.742000,1,0.030000,0.050000
12723,0.060000,1.552000,2,0.040000,0.055000
12724,0.104000,1.580000,3,0.046000,0.075000
12725,0.518000,1.372000,3,0.100000,0.185000
12726,0.012000,0.940000,1,0.014000,0.015000
12727,0.118000,1.640000,3,0.056000,0.115000
12728,0.072000,2.572000,3,0.058000,0.070000
12729,0.178000,2.380000,3,0.064000,0.100000
12730,0.150000,1.522000,3,0.066000,0.100000
12731,0.072000,1.250000,2,0.038000,0.055000
12732,0.030000,1.682000,3,0.044000,0.065000
12733,0.274000,1.350000,3,0.074000,0.125000
12734,0.056000,2.032000,5,0.064000,0.075000
12735,0.224000,2.000000,5,0.112000,0.180000
12736,0.124000,1.742000,4,0.076000,0.105000
12737,0.050000,2.232000,3,0.048000,0.065000
12738,0.176000,3.170000,4,0.076000,0.110000
12739,0.140000,1.332000,3,0.074000,0.100000
12740,0.044000,1.270000,2,0.030000,0.035000
12741,0.090000,0.740000,1,0.026000,0.045000
12742,0.052000,1.642000,2,0.044000,0.040000
12743,0.028000,2.362000,3,0.042000,0.040000
12744,0.296000,0.422000,2,0.074000,0.130000
12745,0.086000,1.376000,5,0.086000,0.115000
12746,0.006000,0.740000,1,0.012000,0.010000
12747,0.062000,1.242000,3,0.052000,0.065000
12748,0.350000,2.380000,4,0.094000,0.140000
12749,0.086000,1.956000,3,0.066000,0.085000
12750,0.076000,2.514000,3,0.058000,0.070000
12751,0.306000,1.566000,3,0.102000,0.160000
12752,0.454000,3.082000,7,0.150000,0.245000
12753,0.142000,1.494000,3,0.066000,0.115000
12754,0.384000,1.350000,2,0.064000,0.120000
12755,0.056000,0.824000,2,0.044000,0.060000
12756,0.356000,2.140000,3,0.076000,0.110000
12757,0.056000,1.418000,2,0.044000,0.065000
12758,0.030000,0.930000,1,0.018000,0.025000
12759,0.274000,1.554000,2,0.082000,0.160000
12760,0.132000,2.548000,4,0.082000,0.110000
12761,0.034000,1.702000,2,0.034000,0.040000
12762,0.214000,1.434000,4,0.094000,0.145000
12763,0.056000,1.672000,2,0.038000,0.035000
12764,0.108000,2.136000,4,0.080000,0.115000
12765,0.194000,1.542000,2,0.058000,0.100000
12766,0.134000,2.920000,6,0.116000,0.120000
12767,0.054000,1.792000,3,0.050000,0.060000
12768,0.130000,1.372000,2,0.050000,0.080000
12769,0.142000,2.444000,3,0.066000,0.095000
12770,0.124000,1.474000,4,0.078000,0.115000
12771,0.112000,2.460000,5,0.078000,0.095000
12772,0.056000,1.122000,2,0.038000,0.050000
12773,0.052000,0.842000,2,0.040000,0.055000
12774,0.436000,2.280000,3,0.124000,0.190000
12775,0.032000,0.672000,1,0.024000,0.035000
12776,0.136000,2.202000,6,0.098000,0.120000
12777,0.062000,1.530000,2,0.036000,0.050000
12778,0.032000,1.100000,2,0.030000,0.035000
12779,0.044000,0.882000,1,0.024000,0.035000
12780,0.174000,1.490000,2,0.050000,0.085000
12781,0.006000,0.960000,1,0.012000,0.010000
12782,0.084000,0.562000,1,0.034000,0.085000
12783,0.268000,1.882000,3,0.078000,0.130000
12784,0.624000,1.030000,3,0.130000,0.245000
12785,0.156000,1.022000,4,0.078000,0.115000
12786,0.116000,1.656000,5,0.092000,0.115000
12787,0.164000,1.346000,2,0.070000,0.120000
12788,0.134000,3.310000,4,0.072000,0.100000
12789,0.088000,1.592000,2,0.044000,0.065000
12790,0.134000,2.610000,4,0.072000,0.100000
12791,0.114000,1.552000,2,0.050000,0.080000
12792,0.202000,2.438000,3,0.092000,0.130000
12793,0.412000,2.040000,4,0.120000,0.225000
12794,0.194000,1.230000,2,0.048000,0.080000
12795,0.024000,0.902000,1,0.022000,0.030000
12796,0.154000,1.540000,5,0.080000,0.100000
12797,0.190000,2.280000,5,0.096000,0.140000
12798,0.030000,0.790000,1,0.018000,0.025000
12799,0.040000,1.384000,2,0.040000,0.050000
12800,0.204000,0.806000,2,0.050000,0.095000
12801,0.042000,1.760000,2,0.032000,0.040000
12802,0.000000,0.000000,0,0.000000,0.000000
12803,0.082000,1.734000,4,0.070000,0.085000
12804,0.032000,1.310000,2,0.028000,0.035000
12805,0.050000,1.290000,2,0.034000,0.045000
12806,0.294000,1.848000,6,0.132000,0.215000
12807,0.088000,1.002000,2,0.044000,0.065000
12808,0.024000,1.090000,2,0.028000,0.030000
12809,0.172000,1.392000,2,0.056000,0.095000
12810,0.330000,2.078000,6,0.140000,0.230000
12811,0.112000,2.426000,3,0.062000,0.085000
12812,0.196000,2.200000,4,0.106000,0.145000
12813,0.018000,1.500000,2,0.026000,0.025000
12814,0.104000,1.352000,3,0.060000,0.085000
12815,0.078000,3.184000,5,0.078000,0.085000
12816,0.098000,1.540000,3,0.054000,0.075000
12817,0.012000,0.800000,1,0.014000,0.015000
12818,0.100000,2.182000,3,0.068000,0.080000
12819,0.068000,3.222000,4,0.064000,0.060000
12820,0.008000,0.772000,1,0.016000,0.015000
12821,0.322000,0.866000,2,0.076000,0.140000
12822,0.092000,1.570000,2,0.054000,0.075000
12823,0.214000,0.616000,3,0.086000,0.145000
12824,0.402000,2.012000,6,0.124000,0.145000
12825,0.022000,0.522000,1,0.020000,0.025000
12826,0.062000,0.820000,2,0.036000,0.070000
12827,0.152000,2.334000,3,0.070000,0.105000
12828,0.060000,2.232000,4,0.062000,0.070000
12829,0.186000,1.456000,3,0.082000,0.130000
12830,0.050000,2.330000,4,0.054000,0.055000
12831,0.322000,1.238000,2,0.092000,0.170000
12832,0.000000,0.000000,0,0.000000,0.000000
12833,0.220000,2.244000,4,0.084000,0.120000
12834,0.266000,2.282000,4,0.098000,0.160000
12835,0.160000,2.752000,6,0.098000,0.120000
12836,0.020000,0.570000,1,0.016000,0.020000
12837,0.356000,2.240000,4,0.118000,0.190000
12838,0.280000,3.084000,5,0.112000,0.165000
12839,0.224000,2.660000,5,0.100000,0.110000
12840,0.040000,1.694000,2,0.040000,0.050000
12841,0.000000,0.000000,0,0.000000,0.000000
12842,0.166000,1.432000,3,0.068000,0.120000
12843,0.020000,0.730000,1,0.016000,0.020000
12844,0.090000,1.640000,4,0.062000,0.075000
12845,0.190000,2.880000,5,0.114000,0.160000
12846,0.208000,2.210000,5,0.112000,0.150000
12847,0.148000,1.944000,3,0.068000,0.100000
12848,0.000000,0.000000,0,0.000000,0.000000
12849,0.072000,1.460000,3,0.050000,0.065000
12850,0.278000,2.148000,4,0.114000,0.185000
12851,0.164000,2.322000,4,0.080000,0.115000
12852,0.014000,1.890000,3,0.034000,0.025000
12853,0.312000,2.366000,4,0.110000,0.155000
12854,0.104000,2.152000,5,0.084000,0.140000
12855,0.108000,0.800000,3,0.052000,0.070000
12856,0.012000,0.880000,1,0.014000,0.015000
12857,0.048000,0.852000,2,0.038000,0.050000
12858,0.146000,2.710000,4,0.070000,0.095000
12859,0.062000,2.400000,4,0.056000,0.060000
12860,0.110000,2.318000,3,0.070000,0.100000
12861,0.094000,0.654000,2,0.050000,0.075000
12862,0.218000,1.830000,3,0.072000,0.120000
12863,0.054000,1.342000,3,0.048000,0.055000
12864,0.382000,2.118000,4,0.128000,0.225000
12865,0.100000,2.582000,7,0.104000,0.115000
12866,0.092000,1.440000,2,0.040000,0.060000
12867,0.446000,1.464000,2,0.120000,0.220000
12868,0.064000,1.984000,3,0.054000,0.065000
12869,0.054000,1.340000,2,0.034000,0.045000
12870,0.110000,1.892000,4,0.072000,0.095000
12871,0.042000,1.130000,3,0.034000,0.045000
12872,0.092000,1.726000,3,0.068000,0.095000
12873,0.214000,2.294000,3,0.082000,0.135000
12874,0.014000,0.602000,1,0.018000,0.020000
12875,0.248000,2.742000,6,0.104000,0.155000
12876,0.030000,0.880000,1,0.018000,0.025000
12877,0.332000,1.682000,4,0.098000,0.170000
12878,0.000000,0.000000,0,0.000000,0.000000
12879,0.054000,0.372000,2,0.028000,0.045000
12880,0.278000,2.228000,4,0.108000,0.170000
12881,0.298000,2.244000,7,0.144000,0.260000
12882,0.094000,1.374000,4,0.082000,0.110000
12883,0.606000,1.774000,3,0.108000,0.200000
12884,0.320000,2.388000,7,0.158000,0.205000
12885,0.138000,1.756000,6,0.108000,0.175000
12886,0.006000,0.600000,1,0.012000,0.010000
12887,0.030000,0.890000,1,0.018000,0.025000
12888,0.168000,2.254000,3,0.066000,0.095000
12889,0.124000,2.880000,4,0.070000,0.095000
12890,0.176000,2.320000,6,0.114000,0.145000
12891,0.144000,0.770000,2,0.044000,0.070000
12892,0.108000,2.326000,5,0.092000,0.115000
12893,0.202000,2.290000,3,0.064000,0.100000
12894,0.348000,0.760000,2,0.056000,0.100000
12895,0.556000,1.328000,4,0.118000,0.210000
12896,0.500000,1.088000,3,0.114000,0.265000
12897,0.040000,1.150000,2,0.032000,0.040000
12898,0.190000,2.752000,4,0.088000,0.125000
12899,0.410000,0.700000,2,0.080000,0.160000
12900,0.124000,3.316000,7,0.108000,0.125000
12901,1.120000,2.574000,6,0.178000,0.370000
12902,0.368000,2.816000,6,0.142000,0.220000
12903,0.180000,0.708000,2,0.060000,0.095000
12904,0.102000,0.466000,1,0.036000,0.060000
12905,0.048000,1.464000,4,0.060000,0.060000
12906,0.002000,0.910000,1,0.010000,0.005000
12907,0.034000,1.342000,2,0.034000,0.060000
12908,0.154000,1.540000,3,0.064000,0.100000
12909,0.398000,2.610000,5,0.152000,0.240000
12910,0.006000,0.920000,1,0.012000,0.010000
12911,0.026000,0.632000,1,0.022000,0.030000
12912,0.268000,3.054000,5,0.108000,0.170000
12913,0.146000,1.122000,4,0.080000,0.095000
12914,0.110000,2.392000,5,0.084000,0.105000
12915,0.172000,1.132000,6,0.108000,0.145000
12916,0.084000,1.130000,2,0.040000,0.060000
12917,0.158000,1.182000,2,0.058000,0.100000
12918,0.066000,1.572000,3,0.054000,0.070000
12919,0.120000,2.084000,5,0.086000,0.105000
12920,0.054000,0.542000,1,0.028000,0.080000
12921,0.210000,2.884000,6,0.116000,0.150000
12922,0.232000,0.648000,2,0.066000,0.110000
12923,0.160000,2.218000,4,0.086000,0.120000
12924,0.090000,0.810000,1,0.026000,0.045000
12925,0.056000,0.770000,1,0.022000,0.035000
12926,0.208000,2.984000,5,0.106000,0.115000
12927,0.230000,2.072000,4,0.110000,0.180000
12928,0.062000,0.540000,3,0.052000,0.070000
12929,0.164000,2.374000,7,0.120000,0.180000
12930,0.054000,1.622000,2,0.038000,0.080000
12931,0.184000,2.216000,4,0.086000,0.125000
12932,0.894000,1.196000,3,0.104000,0.185000
12933,0.162000,0.744000,5,0.090000,0.135000
12934,0.426000,2.470000,3,0.078000,0.115000
12935,0.056000,0.770000,1,0.022000,0.035000
12936,0.152000,1.540000,3,0.062000,0.095000
12937,0.072000,0.830000,2,0.038000,0.055000
12938,0.226000,2.278000,6,0.130000,0.175000
12939,0.282000,2.456000,7,0.148000,0.195000
12940,0.040000,1.604000,4,0.060000,0.060000
12941,0.104000,1.492000,2,0.044000,0.065000
12942,0.034000,0.842000,2,0.034000,0.055000
12943,0.442000,2.302000,4,0.106000,0.165000
12944,0.040000,2.482000,3,0.046000,0.050000
12945,0.056000,0.870000,1,0.022000,0.035000
12946,0.070000,1.622000,2,0.040000,0.055000
12947,0.066000,2.202000,4,0.064000,0.065000
12948,0.702000,0.840000,4,0.192000,0.325000
12949,0.018000,1.240000,2,0.026000,0.025000
12950,0.078000,1.476000,3,0.064000,0.085000
12951,0.194000,3.172000,4,0.084000,0.125000
12952,0.020000,0.880000,1,0.016000,0.020000
12953,0.066000,1.662000,3,0.068000,0.085000
12954,0.128000,1.300000,2,0.046000,0.105000
12955,0.306000,1.600000,4,0.096000,0.175000
12956,0.008000,0.942000,1,0.016000,0.015000
12957,0.038000,1.002000,2,0.036000,0.045000
12958,0.000000,0.000000,0,0.000000,0.000000
12959,0.088000,0.792000,2,0.046000,0.095000
12960,0.170000,3.038000,6,0.120000,0.140000
12961,0.060000,1.800000,2,0.036000,0.050000
12962,0.262000,0.516000,3,0.092000,0.155000
12963,0.120000,2.466000,3,0.066000,0.070000
12964,0.354000,1.232000,7,0.168000,0.230000
12965,0.022000,0.920000,2,0.018000,0.025000
12966,0.112000,0.152000,1,0.032000,0.055000
12967,0.110000,2.350000,3,0.074000,0.105000
12968,0.034000,1.152000,2,0.034000,0.040000
12969,0.436000,1.596000,5,0.122000,0.220000
12970,0.044000,1.652000,3,0.046000,0.050000
12971,0.076000,2.364000,3,0.056000,0.070000
12972,0.072000,2.562000,3,0.054000,0.070000
12973,0.092000,1.870000,4,0.052000,0.070000
12974,0.038000,2.412000,3,0.046000,0.050000
12975,0.212000,0.452000,1,0.046000,0.090000
12976,0.222000,2.944000,6,0.112000,0.155000
12977,0.118000,2.288000,3,0.072000,0.095000
12978,0.470000,1.152000,3,0.132000,0.245000
12979,0.156000,1.560000,3,0.064000,0.100000
12980,0.140000,1.552000,3,0.066000,0.070000
12981,0.212000,2.864000,5,0.094000,0.145000
12982,0.028000,0.830000,3,0.038000,0.035000
12983,0.056000,1.324000,4,0.054000,0.070000
12984,0.082000,1.262000,4,0.068000,0.075000
12985,0.126000,1.598000,6,0.104000,0.155000
12986,0.090000,3.374000,4,0.074000,0.095000
12987,0.092000,0.840000,2,0.040000,0.060000
12988,0.052000,1.650000,3,0.044000,0.050000
12989,0.042000,0.650000,1,0.020000,0.030000
12990,0.050000,1.710000,2,0.034000,0.045000
12991,0.124000,1.384000,3,0.064000,0.080000
12992,0.206000,2.396000,3,0.090000,0.150000
12993,0.386000,2.964000,6,0.148000,0.190000
12994,0.288000,1.602000,6,0.100000,0.145000
12995,0.080000,2.300000,3,0.050000,0.055000
12996,0.444000,2.812000,6,0.170000,0.235000
12997,0.066000,2.612000,3,0.052000,0.065000
12998,0.152000,3.482000,4,0.076000,0.100000
12999,0.092000,2.578000,3,0.066000,0.090000
13000,0.114000,1.374000,2,0.054000,0.085000
13001,0.216000,2.304000,4,0.094000,0.145000
13002,0.060000,1.640000,2,0.036000,0.050000
13003,0.132000,0.840000,1,0.030000,0.055000
13004,0.118000,0.812000,3,0.050000,0.105000
13005,0.242000,1.964000,3,0.078000,0.125000
13006,0.052000,0.716000,1,0.034000,0.065000
13007,0.484000,2.004000,3,0.102000,0.160000
13008,0.086000,1.554000,3,0.060000,0.075000
13009,0.020000,0.790000,1,0.016000,0.020000
13010,0.056000,1.522000,2,0.040000,0.055000
13011,0.402000,1.302000,2,0.112000,0.215000
13012,0.022000,2.722000,3,0.040000,0.035000
13013,0.142000,2.216000,4,0.090000,0.130000
13014,0.072000,0.630000,1,0.024000,0.040000
13015,0.152000,2.442000,5,0.094000,0.130000
13016,0.072000,0.582000,1,0.032000,0.055000
13017,0.000000,0.000000,0,0.000000,0.000000
13018,0.072000,0.700000,1,0.024000,0.040000
13019,0.054000,1.702000,3,0.050000,0.060000
13020,0.108000,1.132000,2,0.048000,0.075000
13021,0.114000,2.444000,5,0.106000,0.125000
13022,0.218000,2.296000,4,0.090000,0.130000
13023,0.280000,2.436000,4,0.112000,0.175000
13024,0.072000,0.880000,2,0.038000,0.055000
13025,0.148000,2.326000,3,0.072000,0.105000
13026,0.298000,1.372000,4,0.090000,0.135000
13027,0.170000,1.926000,4,0.088000,0.110000
13028,0.224000,2.202000,3,0.080000,0.135000
13029,0.494000,1.592000,2,0.074000,0.140000
13030,0.210000,2.412000,4,0.090000,0.165000
13031,0.070000,1.444000,3,0.056000,0.070000
13032,0.094000,1.612000,2,0.044000,0.065000
13033,0.316000,2.412000,5,0.108000,0.190000
13034,0.046000,1.604000,2,0.040000,0.050000
13035,0.090000,0.720000,1,0.026000,0.045000
13036,0.238000,3.734000,7,0.148000,0.180000
13037,0.062000,0.850000,2,0.034000,0.045000
13038,0.084000,1.684000,2,0.048000,0.070000
13039,0.094000,2.474000,3,0.062000,0.080000
13040,0.020000,0.680000,1,0.016000,0.020000
13041,0.038000,1.792000,2,0.036000,0.045000
13042,0.340000,2.072000,5,0.116000,0.185000
13043,0.178000,2.182000,5,0.098000,0.130000
13044,0.450000,2.034000,3,0.108000,0.200000
13045,0.098000,1.630000,4,0.064000,0.080000
13046,0.128000,2.406000,5,0.072000,0.100000
13047,0.044000,1.680000,2,0.030000,0.035000
13048,0.126000,2.148000,4,0.086000,0.115000
13049,0.084000,2.424000,3,0.060000,0.060000
13050,0.114000,2.092000,3,0.060000,0.135000
13051,0.200000,2.300000,3,0.062000,0.095000
13052,0.044000,1.392000,2,0.036000,0.045000
13053,0.302000,3.522000,8,0.136000,0.150000
13054,0.054000,2.182000,3,0.048000,0.055000
13055,0.092000,1.456000,2,0.054000,0.080000
13056,0.096000,0.670000,2,0.038000,0.055000
13057,0.028000,1.670000,3,0.038000,0.035000
13058,0.234000,3.124000,6,0.124000,0.180000
13059,0.020000,0.890000,1,0.016000,0.020000
13060,0.182000,1.526000,2,0.066000,0.100000
13061,0.260000,3.020000,5,0.102000,0.170000
13062,0.132000,2.436000,4,0.088000,0.125000
13063,0.072000,0.900000,1,0.024000,0.040000
13064,0.216000,1.440000,4,0.082000,0.110000
13065,0.030000,0.800000,1,0.018000,0.025000
13066,0.068000,1.090000,3,0.046000,0.070000
13067,0.124000,0.842000,2,0.038000,0.070000
13068,0.194000,2.302000,3,0.068000,0.105000
13069,0.176000,3.046000,4,0.098000,0.140000
13070,0.846000,1.374000,2,0.110000,0.210000
13071,0.032000,1.800000,2,0.030000,0.035000
13072,0.002000,0.820000,1,0.010000,0.005000
13073,0.058000,1.692000,3,0.048000,0.055000
13074,0.020000,0.750000,1,0.016000,0.020000
13075,0.298000,1.566000,3,0.092000,0.155000
13076,0.164000,1.650000,3,0.054000,0.075000
13077,0.158000,1.060000,3,0.062000,0.095000
13078,0.070000,1.822000,2,0.040000,0.055000
13079,0.164000,2.432000,6,0.106000,0.140000
13080,0.178000,1.542000,2,0.052000,0.115000
13081,0.314000,1.946000,3,0.106000,0.165000
13082,0.062000,2.280000,3,0.048000,0.060000
13083,0.844000,1.846000,3,0.142000,0.280000
13084,0.072000,0.852000,2,0.036000,0.055000
13085,0.340000,3.414000,7,0.150000,0.220000
13086,0.028000,1.792000,2,0.032000,0.035000
13087,0.140000,1.600000,2,0.046000,0.075000
13088,0.050000,0.372000,1,0.028000,0.045000
13089,0.038000,1.702000,3,0.046000,0.050000
13090,0.054000,2.392000,3,0.050000,0.060000
13091,0.014000,0.902000,1,0.018000,0.020000
13092,0.090000,0.440000,1,0.026000,0.045000
13093,0.070000,1.410000,3,0.046000,0.055000
13094,0.052000,2.506000,3,0.056000,0.065000
13095,0.094000,1.690000,3,0.050000,0.070000
13096,0.002000,0.860000,1,0.010000,0.005000
13097,0.096000,1.016000,3,0.062000,0.085000
13098,0.490000,1.504000,3,0.106000,0.215000
13099,0.020000,0.940000,1,0.016000,0.025000
13100,0.058000,2.602000,3,0.052000,0.065000
13101,0.304000,2.424000,4,0.100000,0.160000
13102,0.130000,2.460000,5,0.084000,0.110000
13103,0.130000,1.240000,2,0.044000,0.070000
13104,0.104000,2.504000,4,0.074000,0.095000
13105,0.140000,1.562000,2,0.054000,0.090000
13106,0.084000,0.850000,2,0.038000,0.055000
13107,0.000000,0.000000,0,0.000000,0.000000
13108,0.428000,1.642000,2,0.064000,0.115000
13109,0.126000,1.010000,3,0.058000,0.085000
13110,0.016000,2.402000,3,0.038000,0.030000
13111,0.006000,0.880000,1,0.012000,0.010000
13112,0.054000,0.790000,2,0.034000,0.055000
13113,0.142000,2.352000,3,0.064000,0.070000
13114,0.184000,2.662000,6,0.130000,0.150000
13115,0.092000,1.630000,2,0.036000,0.050000
13116,0.284000,2.932000,6,0.126000,0.190000
13117,0.056000,0.810000,1,0.022000,0.035000
13118,0.086000,1.872000,3,0.056000,0.050000
13119,0.294000,2.900000,5,0.110000,0.175000
13120,0.084000,1.584000,3,0.062000,0.085000
13121,0.032000,0.770000,2,0.028000,0.030000
13122,0.074000,1.810000,3,0.050000,0.070000
13123,0.108000,1.372000,3,0.060000,0.085000
13124,0.126000,0.760000,3,0.060000,0.090000
13125,0.028000,0.836000,2,0.040000,0.050000
13126,0.462000,2.202000,4,0.124000,0.185000
13127,0.032000,0.880000,2,0.030000,0.035000
13128,0.224000,2.322000,4,0.094000,0.125000
13129,0.182000,2.316000,5,0.110000,0.150000
13130,0.172000,1.020000,3,0.064000,0.100000
13131,0.030000,0.930000,1,0.018000,0.025000
13132,0.082000,1.750000,3,0.052000,0.070000
13133,0.062000,0.846000,3,0.040000,0.050000
13134,0.038000,1.900000,3,0.040000,0.040000
13135,0.330000,1.620000,2,0.086000,0.150000
13136,0.076000,0.854000,3,0.050000,0.085000
13137,0.348000,3.092000,5,0.116000,0.185000
13138,0.104000,0.810000,3,0.050000,0.080000
13139,0.110000,1.550000,2,0.042000,0.065000
13140,0.194000,3.220000,4,0.106000,0.125000
13141,0.166000,2.008000,5,0.100000,0.125000
13142,0.320000,1.270000,4,0.114000,0.200000
13143,0.020000,0.760000,1,0.016000,0.020000
13144,0.220000,3.206000,6,0.126000,0.155000
13145,0.136000,0.984000,2,0.066000,0.105000
13146,0.088000,2.394000,4,0.088000,0.110000
13147,0.062000,1.532000,2,0.042000,0.060000
13148,0.042000,0.700000,1,0.020000,0.030000
13149,0.080000,1.744000,3,0.050000,0.075000
13150,0.070000,2.832000,4,0.064000,0.075000
13151,0.024000,1.890000,2,0.028000,0.030000
13152,0.254000,2.342000,4,0.094000,0.120000
13153,0.118000,2.082000,4,0.074000,0.100000
13154,0.226000,0.714000,2,0.066000,0.115000
13155,0.012000,0.650000,1,0.014000,0.015000
13156,0.148000,1.680000,3,0.062000,0.095000
13157,0.280000,1.554000,3,0.086000,0.145000
13158,0.198000,1.508000,2,0.068000,0.120000
13159,0.328000,2.864000,5,0.160000,0.235000
13160,0.204000,2.060000,3,0.068000,0.110000
13161,0.432000,2.734000,4,0.148000,0.195000
13162,0.068000,1.252000,2,0.042000,0.065000
13163,0.044000,1.332000,3,0.046000,0.050000
13164,0.166000,3.170000,6,0.106000,0.130000
13165,0.204000,1.434000,3,0.074000,0.115000
13166,0.062000,1.794000,3,0.054000,0.065000
13167,0.042000,1.782000,2,0.036000,0.045000
13168,0.120000,1.416000,5,0.082000,0.125000
13169,0.108000,2.422000,4,0.070000,0.080000
13170,0.012000,0.950000,1,0.014000,0.015000
13171,0.072000,1.750000,2,0.038000,0.055000
13172,0.094000,2.940000,4,0.064000,0.080000
13173,0.074000,0.832000,2,0.042000,0.070000
13174,0.078000,1.722000,2,0.042000,0.060000
13175,0.036000,0.890000,2,0.030000,0.035000
13176,0.132000,0.860000,1,0.030000,0.055000
13177,0.012000,0.950000,1,0.014000,0.015000
13178,0.102000,0.882000,4,0.072000,0.095000
13179,0.120000,2.434000,4,0.076000,0.100000
13180,0.020000,0.940000,1,0.016000,0.020000
13181,0.090000,0.750000,1,0.026000,0.045000
13182,0.002000,0.970000,1,0.010000,0.005000
13183,0.000000,0.000000,0,0.000000,0.000000
13184,0.040000,0.772000,3,0.046000,0.065000
13185,0.176000,1.794000,4,0.092000,0.145000
13186,0.152000,0.940000,4,0.064000,0.100000
13187,0.154000,2.298000,4,0.084000,0.115000
13188,0.118000,1.970000,3,0.058000,0.085000
13189,0.026000,1.512000,2,0.032000,0.035000
13190,0.276000,1.956000,6,0.136000,0.215000
13191,0.028000,1.342000,2,0.032000,0.035000
13192,0.058000,0.892000,1,0.026000,0.040000
13193,0.036000,1.250000,2,0.030000,0.035000
13194,0.324000,0.542000,2,0.070000,0.130000
13195,0.050000,0.424000,2,0.036000,0.060000
13196,0.158000,3.664000,7,0.118000,0.155000
13197,0.286000,2.108000,7,0.168000,0.290000
13198,0.086000,1.354000,2,0.052000,0.105000
13199,0.138000,2.586000,4,0.088000,0.125000
13200,0.094000,2.540000,4,0.064000,0.080000
13201,0.148000,1.220000,5,0.102000,0.135000
13202,0.312000,2.158000,3,0.106000,0.240000
13203,0.376000,2.934000,5,0.136000,0.190000
13204,0.008000,0.812000,1,0.016000,0.015000
13205,0.094000,1.422000,3,0.056000,0.075000
13206,0.342000,0.790000,1,0.044000,0.090000
13207,0.228000,2.152000,3,0.066000,0.100000
13208,0.038000,0.856000,2,0.038000,0.045000
13209,0.114000,2.382000,3,0.064000,0.085000
13210,0.022000,0.340000,2,0.018000,0.025000
13211,0.144000,2.434000,5,0.094000,0.125000
13212,0.042000,1.580000,2,0.032000,0.040000
13213,0.250000,0.994000,2,0.068000,0.155000
13214,0.002000,0.970000,1,0.010000,0.005000
13215,0.118000,1.962000,3,0.062000,0.090000
13216,0.072000,0.710000,1,0.024000,0.040000
13217,0.146000,1.540000,3,0.054000,0.075000
13218,0.126000,1.156000,2,0.058000,0.120000
13219,0.054000,2.298000,3,0.058000,0.075000
13220,0.186000,1.192000,4,0.086000,0.130000
13221,0.086000,1.802000,2,0.044000,0.065000
13222,0.066000,1.512000,2,0.042000,0.065000
13223,0.020000,0.820000,1,0.016000,0.020000
13224,0.024000,0.912000,1,0.022000,0.030000
13225,0.074000,2.342000,4,0.066000,0.080000
13226,0.042000,1.590000,3,0.042000,0.045000
13227,0.158000,1.788000,6,0.114000,0.140000
13228,0.146000,1.104000,2,0.060000,0.100000
13229,0.062000,1.550000,2,0.036000,0.045000
13230,0.156000,2.472000,5,0.090000,0.120000
13231,0.100000,2.792000,5,0.082000,0.100000
13232,0.152000,0.698000,4,0.070000,0.105000
13233,0.086000,1.482000,3,0.058000,0.080000
13234,0.060000,1.634000,2,0.044000,0.060000
13235,0.066000,2.182000,3,0.054000,0.070000
13236,0.392000,2.000000,3,0.084000,0.095000
13237,0.094000,1.554000,3,0.060000,0.080000
13238,0.032000,0.280000,2,0.030000,0.060000
13239,0.080000,1.152000,3,0.046000,0.070000
13240,0.104000,0.812000,2,0.048000,0.075000
13241,0.056000,0.814000,2,0.042000,0.055000
13242,0.188000,0.632000,4,0.088000,0.135000
13243,0.012000,0.902000,1,0.018000,0.020000
13244,0.212000,2.950000,7,0.138000,0.180000
13245,0.142000,1.556000,3,0.080000,0.125000
13246,0.238000,2.804000,5,0.108000,0.145000
13247,0.054000,1.610000,2,0.034000,0.045000
13248,0.042000,0.170000,1,0.020000,0.030000
13249,0.030000,1.652000,3,0.034000,0.040000
13250,0.134000,1.662000,4,0.074000,0.100000
13251,0.050000,1.762000,3,0.048000,0.055000
13252,0.132000,2.162000,3,0.062000,0.085000
13253,0.030000,1.394000,2,0.036000,0.040000
13254,0.014000,0.882000,1,0.018000,0.020000
13255,0.162000,2.780000,6,0.094000,0.115000
13256,0.084000,1.100000,2,0.038000,0.055000
13257,0.050000,1.350000,2,0.034000,0.045000
13258,0.116000,2.694000,6,0.088000,0.110000
13259,0.216000,2.216000,3,0.094000,0.160000
13260,0.384000,1.562000,3,0.086000,0.150000
13261,0.042000,0.920000,1,0.020000,0.030000
13262,0.070000,1.544000,3,0.058000,0.075000
13263,0.074000,0.740000,3,0.050000,0.065000
13264,0.306000,0.730000,1,0.042000,0.120000
13265,0.126000,1.658000,2,0.062000,0.090000
13266,0.210000,1.934000,6,0.122000,0.200000
13267,0.226000,2.264000,5,0.106000,0.155000
13268,0.184000,1.728000,6,0.108000,0.140000
13269,0.248000,3.066000,5,0.114000,0.170000
13270,0.110000,2.452000,4,0.072000,0.095000
13271,0.180000,2.002000,3,0.068000,0.105000
13272,0.064000,1.700000,3,0.046000,0.035000
13273,0.096000,1.010000,3,0.054000,0.085000
13274,0.298000,3.120000,7,0.130000,0.165000
13275,0.224000,0.792000,3,0.068000,0.125000
13276,0.032000,2.414000,3,0.048000,0.050000
13277,0.096000,2.476000,4,0.080000,0.105000
13278,0.030000,1.388000,3,0.038000,0.040000
13279,0.396000,1.796000,4,0.138000,0.265000
13280,0.092000,1.782000,3,0.054000,0.070000
13281,0.276000,2.354000,5,0.108000,0.160000
13282,0.092000,1.620000,3,0.054000,0.075000
13283,0.258000,1.850000,3,0.064000,0.090000
13284,0.056000,2.110000,3,0.044000,0.050000
13285,0.638000,1.180000,5,0.152000,0.240000
13286,0.156000,2.186000,5,0.104000,0.145000
13287,0.098000,1.702000,3,0.046000,0.070000
13288,0.188000,3.546000,7,0.124000,0.160000
13289,0.072000,3.022000,6,0.086000,0.115000
13290,0.036000,1.624000,2,0.040000,0.050000
13291,0.116000,1.296000,3,0.064000,0.110000
13292,0.098000,1.122000,2,0.048000,0.075000
13293,0.314000,2.462000,3,0.084000,0.125000
13294,0.080000,2.390000,5,0.072000,0.075000
13295,0.182000,0.650000,2,0.052000,0.090000
13296,0.044000,1.638000,2,0.044000,0.055000
13297,0.230000,1.498000,2,0.078000,0.125000
13298,0.232000,2.298000,3,0.072000,0.100000
13299,0.130000,1.994000,4,0.084000,0.120000
13300,0.150000,2.476000,6,0.104000,0.145000
13301,0.118000,2.312000,4,0.072000,0.090000
13302,0.162000,2.912000,5,0.096000,0.130000
13303,0.092000,1.650000,3,0.054000,0.075000
13304,0.308000,1.152000,2,0.074000,0.140000
13305,0.172000,1.708000,5,0.112000,0.195000
13306,0.040000,2.172000,3,0.046000,0.050000
13307,0.240000,2.834000,6,0.122000,0.175000
13308,0.082000,0.712000,2,0.044000,0.070000
13309,0.008000,0.882000,1,0.016000,0.015000
13310,0.326000,1.322000,4,0.080000,0.135000
13311,0.184000,1.766000,5,0.102000,0.140000
13312,0.002000,0.970000,1,0.010000,0.005000
13313,0.384000,1.514000,4,0.136000,0.230000
13314,0.192000,2.426000,4,0.096000,0.145000
13315,0.100000,2.452000,4,0.072000,0.080000
13316,0.048000,0.630000,2,0.032000,0.040000
13317,0.140000,1.960000,5,0.080000,0.145000
13318,0.106000,0.992000,3,0.058000,0.110000
13319,0.078000,1.044000,2,0.050000,0.075000
13320,0.100000,3.076000,6,0.092000,0.115000
13321,0.664000,3.090000,4,0.102000,0.175000
13322,0.140000,2.022000,4,0.070000,0.140000
13323,0.142000,2.194000,5,0.098000,0.135000
13324,0.370000,2.060000,4,0.114000,0.170000
13325,0.114000,1.502000,6,0.094000,0.110000
13326,0.006000,0.880000,1,0.012000,0.010000
13327,0.290000,0.842000,5,0.102000,0.180000
13328,0.052000,1.732000,2,0.038000,0.050000
13329,0.032000,1.880000,2,0.030000,0.035000
13330,0.210000,1.734000,4,0.096000,0.140000
13331,0.398000,1.904000,4,0.124000,0.200000
13332,0.170000,0.992000,4,0.060000,0.100000
13333,0.054000,1.750000,2,0.034000,0.045000
13334,0.146000,2.294000,3,0.072000,0.110000
13335,0.036000,0.890000,2,0.030000,0.035000
13336,0.072000,0.890000,1,0.024000,0.040000
13337,0.070000,1.402000,2,0.044000,0.065000
13338,0.552000,2.128000,6,0.182000,0.275000
13339,0.058000,1.344000,2,0.044000,0.060000
13340,0.200000,1.490000,3,0.062000,0.065000
13341,0.202000,2.370000,6,0.110000,0.155000
13342,0.184000,1.942000,4,0.074000,0.145000
13343,0.046000,2.180000,3,0.044000,0.050000
13344,0.182000,1.420000,3,0.066000,0.105000
13345,0.004000,0.876000,1,0.016000,0.010000
13346,0.168000,2.520000,4,0.078000,0.110000
13347,0.078000,1.592000,2,0.044000,0.065000
13348,0.008000,1.930000,2,0.022000,0.015000
13349,0.020000,1.042000,3,0.040000,0.055000
13350,0.254000,2.734000,6,0.154000,0.215000
13351,0.140000,2.236000,3,0.078000,0.120000
13352,0.098000,1.680000,2,0.042000,0.065000
13353,0.188000,2.110000,3,0.068000,0.110000
13354,0.136000,1.572000,2,0.054000,0.080000
13355,0.106000,1.670000,3,0.056000,0.080000
13356,0.154000,1.256000,2,0.052000,0.080000
13357,0.054000,1.172000,3,0.050000,0.060000
13358,0.086000,1.742000,2,0.042000,0.060000
13359,0.256000,2.256000,4,0.116000,0.175000
13360,0.182000,1.968000,4,0.102000,0.120000
13361,0.062000,2.020000,3,0.046000,0.055000
13362,0.030000,0.930000,1,0.018000,0.025000
13363,0.012000,0.922000,1,0.018000,0.020000
13364,0.032000,1.830000,2,0.028000,0.030000
13365,0.076000,1.540000,2,0.038000,0.045000
13366,0.182000,1.928000,5,0.108000,0.150000
13367,0.388000,2.944000,7,0.150000,0.240000
13368,0.122000,1.320000,3,0.088000,0.125000
13369,0.000000,0.000000,0,0.000000,0.000000
13370,0.116000,1.462000,3,0.060000,0.085000
13371,0.138000,3.210000,5,0.084000,0.110000
13372,0.116000,1.702000,4,0.074000,0.100000
13373,0.084000,0.954000,2,0.050000,0.075000
13374,0.060000,1.790000,2,0.036000,0.050000
13375,0.108000,2.184000,4,0.076000,0.100000
13376,0.320000,2.586000,5,0.110000,0.155000
13377,0.756000,1.624000,5,0.166000,0.270000
13378,0.022000,1.774000,2,0.034000,0.035000
13379,0.088000,1.016000,4,0.076000,0.095000
13380,0.072000,0.900000,1,0.024000,0.040000
13381,0.000000,0.000000,0,0.000000,0.000000
13382,0.000000,0.000000,0,0.000000,0.000000
13383,0.368000,3.232000,7,0.134000,0.180000
13384,0.220000,1.258000,2,0.080000,0.140000
13385,0.030000,0.790000,1,0.018000,0.025000
13386,0.148000,0.750000,3,0.062000,0.095000
13387,0.204000,1.320000,4,0.100000,0.155000
13388,0.324000,2.996000,7,0.158000,0.230000
13389,0.018000,0.922000,1,0.020000,0.025000
13390,0.030000,0.750000,1,0.018000,0.025000
13391,0.054000,1.640000,3,0.060000,0.070000
13392,0.016000,1.510000,3,0.034000,0.055000
13393,0.006000,0.960000,1,0.012000,0.010000
13394,0.012000,0.910000,1,0.014000,0.015000
13395,0.606000,0.604000,1,0.076000,0.160000
13396,0.188000,1.752000,3,0.072000,0.115000
13397,1.186000,1.670000,6,0.232000,0.460000
13398,0.040000,1.620000,4,0.042000,0.045000
13399,0.048000,1.702000,2,0.038000,0.050000
13400,0.508000,1.214000,4,0.136000,0.235000
13401,0.062000,2.618000,3,0.058000,0.070000
13402,0.306000,2.452000,3,0.074000,0.105000
13403,0.048000,0.482000,1,0.026000,0.040000
13404,0.366000,2.182000,4,0.104000,0.205000
13405,0.038000,2.720000,3,0.040000,0.040000
13406,0.258000,0.762000,3,0.110000,0.185000
13407,0.062000,1.480000,2,0.036000,0.050000
13408,0.118000,1.220000,3,0.050000,0.085000
13409,0.466000,0.694000,1,0.058000,0.115000
13410,0.026000,0.900000,2,0.028000,0.030000
13411,0.062000,0.530000,2,0.034000,0.045000
13412,0.070000,0.842000,2,0.040000,0.080000
13413,0.064000,2.460000,3,0.046000,0.055000
13414,0.128000,2.318000,4,0.090000,0.115000
13415,0.032000,1.650000,2,0.028000,0.030000
13416,0.056000,2.142000,3,0.048000,0.055000
13417,0.022000,1.820000,2,0.026000,0.025000
13418,0.122000,2.560000,3,0.054000,0.110000
13419,0.142000,0.840000,3,0.048000,0.080000
13420,0.090000,0.760000,1,0.026000,0.045000
13421,0.122000,1.680000,2,0.042000,0.065000
13422,0.278000,2.500000,5,0.096000,0.140000
13423,0.074000,1.038000,3,0.060000,0.085000
13424,0.062000,1.510000,2,0.036000,0.070000
13425,0.080000,1.274000,2,0.048000,0.070000
13426,0.072000,0.890000,1,0.024000,0.070000
13427,0.028000,2.450000,3,0.038000,0.060000
13428,0.474000,2.502000,4,0.104000,0.145000
13429,0.222000,3.504000,6,0.120000,0.160000
13430,0.136000,1.222000,4,0.068000,0.095000
13431,0.140000,0.700000,2,0.046000,0.075000
13432,0.152000,2.422000,4,0.078000,0.110000
13433,0.122000,0.522000,4,0.074000,0.120000
13434,0.056000,0.780000,1,0.022000,0.035000
13435,0.076000,0.814000,2,0.046000,0.065000
13436,0.032000,0.872000,1,0.022000,0.030000
13437,0.000000,0.000000,0,0.000000,0.000000
13438,0.696000,1.908000,8,0.228000,0.300000
13439,0.174000,1.752000,4,0.084000,0.125000
13440,0.462000,0.420000,1,0.050000,0.105000
13441,0.246000,2.070000,4,0.088000,0.140000
13442,0.310000,0.916000,3,0.078000,0.125000
13443,0.116000,2.052000,3,0.062000,0.090000
13444,0.124000,2.252000,4,0.074000,0.100000
13445,0.114000,3.106000,5,0.088000,0.110000
13446,0.026000,0.830000,2,0.028000,0.030000
13447,0.018000,0.910000,2,0.026000,0.035000
13448,0.104000,1.360000,5,0.078000,0.120000
13449,0.178000,1.892000,4,0.080000,0.115000
13450,0.384000,2.862000,5,0.120000,0.195000
13451,0.046000,0.912000,3,0.048000,0.055000
13452,0.156000,1.380000,3,0.064000,0.100000
13453,0.054000,0.702000,1,0.028000,0.045000
13454,0.070000,1.392000,2,0.048000,0.060000
13455,0.304000,1.650000,5,0.120000,0.200000
13456,0.194000,0.900000,4,0.080000,0.135000
13457,0.096000,1.622000,2,0.046000,0.070000
13458,0.042000,0.700000,1,0.020000,0.030000
13459,0.226000,2.584000,5,0.106000,0.170000
13460,0.240000,1.674000,2,0.072000,0.130000
13461,0.078000,1.752000,2,0.044000,0.065000
13462,0.120000,2.194000,4,0.072000,0.090000
13463,0.312000,2.762000,6,0.116000,0.165000
13464,0.014000,1.752000,2,0.028000,0.025000
13465,0.078000,2.368000,4,0.070000,0.080000
13466,0.188000,0.780000,2,0.046000,0.075000
13467,0.000000,0.000000,0,0.000000,0.000000
13468,0.072000,1.170000,2,0.038000,0.085000
13469,0.042000,0.780000,1,0.020000,0.030000
13470,0.554000,1.562000,4,0.146000,0.255000
13471,0.000000,0.000000,0,0.000000,0.000000
13472,0.308000,0.576000,2,0.074000,0.115000
13473,0.060000,1.140000,3,0.048000,0.050000
13474,0.084000,1.214000,3,0.060000,0.080000
13475,0.334000,1.402000,4,0.100000,0.155000
13476,0.334000,1.948000,3,0.118000,0.165000
13477,0.206000,1.276000,2,0.070000,0.125000
13478,0.596000,0.918000,2,0.094000,0.180000
13479,0.102000,1.330000,3,0.048000,0.080000
13480,0.480000,2.566000,5,0.138000,0.200000
13481,0.044000,0.832000,2,0.036000,0.045000
13482,0.090000,2.024000,4,0.072000,0.115000
13483,0.074000,1.478000,3,0.060000,0.055000
13484,0.262000,2.240000,6,0.116000,0.170000
13485,0.140000,0.760000,3,0.060000,0.090000
13486,0.050000,1.646000,5,0.068000,0.065000
13487,0.068000,1.760000,3,0.046000,0.055000
13488,0.064000,1.942000,3,0.054000,0.070000
13489,0.296000,0.770000,3,0.060000,0.110000
13490,0.080000,2.410000,3,0.046000,0.055000
13491,0.206000,3.082000,5,0.102000,0.140000
13492,0.112000,2.060000,3,0.056000,0.080000
13493,0.102000,1.752000,3,0.060000,0.085000
13494,0.392000,0.704000,3,0.114000,0.215000
13495,0.130000,1.364000,3,0.068000,0.130000
13496,0.152000,0.752000,1,0.042000,0.110000
13497,0.156000,2.420000,4,0.072000,0.090000
13498,0.028000,0.706000,2,0.034000,0.035000
13499,0.048000,1.870000,2,0.032000,0.040000
13500,0.110000,2.562000,3,0.060000,0.085000
13501,0.098000,1.530000,2,0.042000,0.065000
13502,0.000000,0.000000,0,0.000000,0.000000
13503,0.060000,1.492000,2,0.040000,0.055000
13504,0.092000,1.710000,2,0.036000,0.050000
13505,0.068000,3.222000,4,0.064000,0.075000
13506,0.234000,2.180000,3,0.072000,0.120000
13507,0.084000,1.706000,3,0.064000,0.085000
13508,0.010000,1.906000,2,0.028000,0.020000
13509,0.208000,2.470000,3,0.070000,0.115000
13510,0.134000,1.578000,5,0.096000,0.125000
13511,0.468000,1.132000,2,0.088000,0.120000
13512,0.044000,2.132000,3,0.048000,0.055000
13513,0.020000,0.930000,1,0.016000,0.020000
13514,0.074000,1.820000,2,0.034000,0.045000
13515,0.296000,2.292000,4,0.100000,0.135000
13516,0.080000,2.550000,3,0.050000,0.065000
13517,0.168000,0.992000,2,0.076000,0.140000
13518,0.150000,1.912000,4,0.082000,0.120000
13519,0.044000,0.792000,2,0.036000,0.045000
13520,0.002000,0.940000,1,0.010000,0.005000
13521,0.002000,0.970000,1,0.010000,0.005000
13522,0.044000,2.760000,3,0.044000,0.050000
13523,0.072000,1.602000,3,0.054000,0.070000
13524,0.028000,1.362000,2,0.032000,0.035000
13525,0.114000,1.760000,3,0.058000,0.085000
13526,0.080000,1.538000,3,0.066000,0.085000
13527,0.236000,1.394000,3,0.086000,0.165000
13528,0.070000,2.308000,4,0.076000,0.085000
13529,0.200000,3.630000,6,0.126000,0.150000
13530,0.020000,0.850000,1,0.016000,0.020000
13531,0.092000,1.424000,3,0.058000,0.075000
13532,0.182000,1.400000,3,0.066000,0.105000
13533,0.250000,2.872000,5,0.110000,0.165000
13534,0.102000,0.774000,2,0.054000,0.085000
13535,0.032000,0.652000,1,0.022000,0.030000
13536,0.088000,0.442000,2,0.036000,0.065000
13537,0.534000,3.140000,5,0.158000,0.225000
13538,0.050000,1.510000,2,0.034000,0.045000
13539,0.224000,2.322000,4,0.086000,0.110000
13540,0.054000,2.560000,3,0.046000,0.055000
13541,0.006000,0.870000,1,0.012000,0.010000
13542,0.128000,1.650000,2,0.046000,0.075000
13543,0.050000,1.812000,2,0.036000,0.045000
13544,0.144000,2.280000,3,0.060000,0.090000
13545,0.114000,1.610000,3,0.058000,0.100000
13546,0.248000,1.436000,4,0.082000,0.130000
13547,0.314000,2.402000,5,0.108000,0.140000
13548,0.032000,1.760000,2,0.028000,0.030000
13549,0.004000,0.772000,1,0.014000,0.010000
13550,0.030000,0.880000,1,0.018000,0.025000
13551,0.100000,1.476000,2,0.048000,0.070000
13552,0.250000,1.410000,4,0.088000,0.140000
13553,0.030000,0.870000,1,0.018000,0.025000
13554,0.110000,0.530000,1,0.028000,0.050000
13555,0.156000,1.658000,3,0.078000,0.115000
13556,0.188000,0.740000,2,0.044000,0.090000
13557,0.222000,1.620000,2,0.050000,0.070000
13558,0.052000,1.562000,2,0.040000,0.085000
13559,0.040000,0.880000,2,0.032000,0.040000
13560,0.210000,2.940000,4,0.102000,0.125000
13561,0.102000,1.490000,3,0.056000,0.080000
13562,0.042000,1.802000,2,0.036000,0.060000
13563,0.278000,1.296000,4,0.098000,0.130000
13564,0.178000,2.292000,4,0.084000,0.125000
13565,0.166000,1.592000,2,0.062000,0.105000
13566,0.090000,2.392000,3,0.056000,0.075000
13567,0.024000,1.540000,2,0.028000,0.030000
13568,0.096000,2.814000,5,0.086000,0.115000
13569,0.024000,1.602000,2,0.032000,0.025000
13570,0.216000,1.520000,3,0.068000,0.110000
13571,0.120000,2.022000,4,0.072000,0.095000
13572,0.090000,2.216000,3,0.072000,0.095000
13573,0.192000,1.250000,5,0.114000,0.160000
13574,0.328000,2.262000,4,0.094000,0.140000
13575,0.278000,1.402000,4,0.086000,0.140000
13576,0.156000,1.252000,2,0.052000,0.085000
13577,0.006000,1.812000,2,0.024000,0.015000
13578,0.140000,2.846000,7,0.120000,0.145000
13579,0.040000,1.632000,3,0.044000,0.070000
13580,0.126000,1.212000,3,0.066000,0.100000
13581,0.026000,0.770000,2,0.028000,0.045000
13582,0.130000,0.820000,2,0.044000,0.070000
13583,0.128000,2.244000,5,0.092000,0.105000
13584,0.042000,0.880000,2,0.032000,0.040000
13585,0.344000,1.840000,4,0.094000,0.145000
13586,0.124000,2.246000,5,0.090000,0.105000
13587,0.312000,2.750000,7,0.142000,0.195000
13588,0.174000,0.978000,4,0.100000,0.140000
13589,0.086000,1.330000,2,0.040000,0.060000
13590,0.140000,1.664000,3,0.064000,0.090000
13591,0.042000,0.852000,2,0.030000,0.040000
13592,0.458000,0.706000,4,0.124000,0.220000
13593,0.064000,1.230000,3,0.046000,0.075000
13594,0.258000,1.094000,4,0.114000,0.180000
13595,0.044000,1.020000,3,0.044000,0.050000
13596,0.140000,1.484000,3,0.072000,0.085000
13597,0.138000,2.164000,4,0.080000,0.125000
13598,0.040000,1.046000,3,0.040000,0.050000
13599,0.022000,0.910000,2,0.026000,0.045000
13600,0.078000,2.076000,4,0.074000,0.090000
13601,0.078000,1.632000,2,0.044000,0.065000
13602,0.150000,1.506000,4,0.076000,0.115000
13603,0.082000,1.560000,3,0.052000,0.090000
13604,0.092000,0.882000,3,0.046000,0.070000
13605,0.182000,1.220000,3,0.066000,0.105000
13606,0.020000,1.162000,2,0.030000,0.030000
13607,0.106000,2.704000,4,0.078000,0.105000
13608,0.048000,1.250000,2,0.032000,0.040000
13609,0.358000,1.480000,3,0.080000,0.140000
13610,0.098000,2.434000,4,0.074000,0.095000
13611,0.018000,0.892000,1,0.020000,0.025000
13612,0.518000,2.060000,3,0.090000,0.165000
13613,0.062000,1.610000,2,0.034000,0.045000
13614,0.304000,3.102000,5,0.100000,0.165000
13615,0.004000,0.882000,1,0.014000,0.035000
13616,0.170000,1.460000,4,0.078000,0.125000
13617,0.044000,1.670000,3,0.044000,0.070000
13618,0.040000,1.434000,2,0.038000,0.045000
13619,0.048000,1.634000,3,0.050000,0.055000
13620,0.200000,2.244000,3,0.084000,0.115000
13621,0.008000,1.850000,2,0.022000,0.015000
13622,0.176000,2.700000,5,0.108000,0.230000
13623,0.268000,3.212000,5,0.104000,0.170000
13624,0.024000,0.462000,1,0.022000,0.030000
13625,0.006000,0.960000,1,0.012000,0.010000
13626,0.054000,1.624000,2,0.044000,0.060000
13627,0.318000,2.368000,7,0.158000,0.215000
13628,0.026000,0.652000,1,0.022000,0.030000
13629,0.244000,1.724000,2,0.064000,0.110000
13630,0.084000,1.702000,3,0.054000,0.070000
13631,0.044000,1.482000,2,0.036000,0.045000
13632,0.026000,0.822000,2,0.032000,0.035000
13633,0.136000,1.606000,2,0.066000,0.110000
13634,0.208000,1.642000,3,0.074000,0.120000
13635,0.128000,0.694000,3,0.064000,0.110000
13636,0.320000,1.662000,2,0.060000,0.105000
13637,0.018000,1.850000,2,0.026000,0.025000
13638,0.034000,1.730000,3,0.040000,0.040000
13639,0.034000,1.522000,2,0.034000,0.040000
13640,0.170000,1.754000,2,0.058000,0.095000
13641,0.042000,1.694000,4,0.060000,0.060000
13642,0.036000,2.632000,3,0.046000,0.050000
13643,0.372000,0.706000,1,0.064000,0.130000
13644,0.062000,2.032000,3,0.050000,0.060000
13645,0.070000,2.176000,3,0.052000,0.060000
13646,0.014000,1.850000,2,0.024000,0.020000
13647,0.000000,0.000000,0,0.000000,0.000000
13648,0.174000,0.846000,2,0.064000,0.090000
13649,0.382000,2.276000,4,0.098000,0.155000
13650,0.046000,1.084000,2,0.040000,0.060000
13651,0.202000,2.410000,4,0.076000,0.080000
13652,0.194000,1.626000,5,0.106000,0.150000
13653,0.024000,1.440000,2,0.028000,0.060000
13654,0.006000,0.892000,2,0.024000,0.015000
13655,0.000000,0.000000,0,0.000000,0.000000
13656,0.108000,1.520000,4,0.066000,0.085000
13657,0.020000,0.940000,1,0.016000,0.020000
13658,0.132000,0.820000,1,0.030000,0.055000
13659,0.112000,1.734000,2,0.054000,0.085000
13660,0.074000,0.290000,2,0.034000,0.045000
13661,0.178000,1.504000,4,0.090000,0.135000
13662,0.068000,1.768000,2,0.048000,0.065000
13663,0.128000,0.940000,3,0.060000,0.090000
13664,0.076000,1.654000,2,0.046000,0.050000
13665,0.006000,0.350000,1,0.012000,0.010000
13666,0.052000,1.516000,2,0.046000,0.060000
13667,0.112000,2.532000,4,0.062000,0.090000
13668,0.054000,1.870000,2,0.034000,0.045000
13669,0.022000,0.822000,1,0.020000,0.025000
13670,0.110000,1.660000,3,0.056000,0.080000
13671,0.162000,0.690000,2,0.050000,0.085000
13672,0.098000,1.682000,2,0.042000,0.060000
13673,0.056000,0.840000,1,0.022000,0.035000
13674,0.284000,1.720000,3,0.068000,0.110000
13675,0.026000,0.790000,2,0.028000,0.030000
13676,0.054000,1.000000,3,0.046000,0.055000
13677,0.010000,0.732000,2,0.026000,0.020000
13678,0.020000,0.880000,1,0.016000,0.020000
13679,0.198000,2.092000,8,0.126000,0.165000
13680,0.124000,3.222000,5,0.088000,0.110000
13681,0.030000,0.840000,1,0.018000,0.025000
13682,0.340000,0.576000,3,0.096000,0.240000
13683,0.006000,0.960000,1,0.012000,0.010000
13684,0.084000,2.430000,7,0.090000,0.105000
13685,0.242000,2.136000,6,0.126000,0.195000
13686,0.122000,1.532000,2,0.052000,0.100000
13687,0.286000,2.294000,4,0.132000,0.200000
13688,0.018000,1.910000,2,0.026000,0.025000
13689,0.236000,2.246000,5,0.118000,0.160000
13690,0.048000,0.936000,3,0.050000,0.060000
13691,0.026000,0.876000,1,0.024000,0.030000
13692,0.232000,1.472000,2,0.062000,0.110000
13693,0.006000,0.860000,1,0.012000,0.010000
13694,0.086000,0.724000,2,0.050000,0.075000
13695,0.050000,1.440000,2,0.034000,0.045000
13696,0.046000,1.542000,2,0.034000,0.040000
13697,0.056000,0.830000,1,0.022000,0.035000
13698,0.000000,0.000000,0,0.000000,0.000000
13699,0.110000,1.152000,3,0.058000,0.100000
13700,0.150000,3.230000,4,0.074000,0.105000
13701,0.062000,0.850000,2,0.028000,0.050000
13702,0.056000,0.870000,1,0.022000,0.035000
13703,0.004000,1.150000,2,0.020000,0.010000
13704,0.072000,0.280000,1,0.024000,0.040000
13705,0.606000,1.370000,5,0.128000,0.220000
13706,0.022000,0.872000,1,0.020000,0.025000
13707,0.038000,1.724000,2,0.050000,0.055000
13708,0.154000,1.724000,2,0.064000,0.110000
13709,0.258000,1.286000,4,0.098000,0.170000
13710,0.048000,0.892000,1,0.026000,0.040000
13711,0.114000,2.916000,6,0.106000,0.135000
13712,0.204000,2.310000,4,0.076000,0.105000
13713,0.072000,0.640000,1,0.024000,0.040000
13714,0.054000,1.732000,3,0.048000,0.055000
13715,0.228000,2.268000,5,0.136000,0.200000
13716,0.018000,2.090000,3,0.036000,0.030000
13717,0.098000,2.774000,5,0.086000,0.105000
13718,0.068000,0.892000,3,0.054000,0.070000
13719,0.056000,0.942000,2,0.038000,0.050000
13720,0.296000,0.620000,2,0.060000,0.110000
13721,0.068000,0.860000,2,0.036000,0.080000
13722,0.028000,0.966000,2,0.034000,0.035000
13723,0.032000,1.770000,2,0.030000,0.035000
13724,0.000000,0.000000,0,0.000000,0.000000
13725,0.000000,0.000000,0,0.000000,0.000000
13726,0.274000,1.430000,4,0.114000,0.175000
13727,0.150000,1.294000,5,0.094000,0.130000
13728,0.040000,1.580000,2,0.032000,0.040000
13729,0.202000,1.584000,4,0.094000,0.145000
13730,0.072000,0.810000,1,0.024000,0.040000
13731,0.304000,2.332000,5,0.144000,0.265000
13732,0.064000,1.732000,2,0.040000,0.055000
13733,0.114000,2.122000,3,0.058000,0.080000
13734,0.136000,1.762000,4,0.102000,0.145000
13735,0.132000,1.500000,2,0.046000,0.075000
13736,0.276000,2.278000,6,0.128000,0.160000
13737,0.112000,2.296000,6,0.104000,0.115000
13738,0.138000,2.106000,5,0.090000,0.140000
13739,0.080000,0.664000,2,0.048000,0.070000
13740,0.074000,2.402000,4,0.066000,0.080000
13741,0.150000,3.222000,4,0.074000,0.090000
13742,0.286000,0.752000,1,0.058000,0.100000
13743,0.028000,1.642000,2,0.032000,0.060000
13744,0.212000,1.170000,2,0.054000,0.095000
13745,0.288000,2.862000,4,0.094000,0.150000
13746,0.080000,1.812000,2,0.040000,0.055000
13747,0.264000,3.500000,6,0.114000,0.170000
13748,0.076000,2.770000,4,0.062000,0.070000
13749,0.128000,2.002000,5,0.074000,0.100000
13750,0.096000,1.556000,4,0.078000,0.130000
13751,0.094000,1.444000,5,0.084000,0.100000
13752,0.018000,0.892000,1,0.020000,0.025000
13753,0.104000,1.030000,3,0.054000,0.075000
13754,0.012000,0.940000,1,0.014000,0.015000
13755,0.390000,2.466000,4,0.112000,0.135000
13756,0.056000,1.762000,2,0.040000,0.055000
13757,0.254000,2.154000,5,0.126000,0.185000
13758,0.000000,0.000000,0,0.000000,0.000000
13759,0.072000,0.780000,1,0.024000,0.040000
13760,0.092000,1.800000,4,0.060000,0.070000
13761,0.050000,0.852000,1,0.028000,0.045000
13762,0.100000,2.314000,3,0.064000,0.085000
13763,0.110000,0.992000,3,0.056000,0.075000
13764,0.060000,1.860000,2,0.036000,0.050000
13765,0.228000,1.592000,3,0.076000,0.125000
13766,0.194000,1.476000,4,0.086000,0.125000
13767,0.018000,0.886000,1,0.022000,0.025000
13768,0.006000,0.960000,1,0.012000,0.010000
13769,0.130000,1.058000,4,0.080000,0.120000
13770,0.176000,0.962000,3,0.062000,0.110000
13771,0.008000,0.442000,1,0.016000,0.015000
13772,0.146000,0.834000,2,0.044000,0.095000
13773,0.076000,0.864000,1,0.032000,0.050000
13774,0.000000,0.000000,0,0.000000,0.000000
13775,0.012000,0.950000,1,0.014000,0.015000
13776,0.106000,2.380000,4,0.066000,0.085000
13777,0.048000,1.760000,2,0.032000,0.040000
13778,0.020000,0.700000,1,0.016000,0.020000
13779,0.006000,0.960000,1,0.012000,0.010000
13780,0.248000,1.446000,3,0.086000,0.140000
13781,0.122000,1.662000,3,0.064000,0.095000
13782,0.046000,1.080000,3,0.044000,0.065000
13783,0.154000,2.066000,3,0.076000,0.130000
13784,0.154000,2.340000,4,0.076000,0.110000
13785,0.184000,1.802000,3,0.066000,0.100000
13786,0.304000,1.484000,6,0.134000,0.205000
13787,0.108000,1.640000,4,0.068000,0.090000
13788,0.104000,1.532000,2,0.046000,0.070000
13789,0.078000,1.432000,4,0.066000,0.080000
13790,0.092000,1.700000,3,0.054000,0.075000
13791,0.170000,1.982000,3,0.060000,0.085000
13792,0.042000,0.880000,1,0.020000,0.030000
13793,0.004000,0.942000,1,0.014000,0.010000
13794,0.204000,1.284000,3,0.080000,0.135000
13795,0.160000,3.162000,4,0.078000,0.110000
13796,0.084000,1.090000,2,0.038000,0.055000
13797,0.178000,1.512000,3,0.082000,0.125000
13798,0.096000,1.718000,2,0.050000,0.070000
13799,0.002000,0.970000,1,0.010000,0.005000
13800,0.128000,1.484000,2,0.054000,0.085000
13801,0.078000,2.538000,4,0.068000,0.075000
13802,0.220000,1.952000,4,0.104000,0.155000
13803,0.240000,2.488000,5,0.098000,0.150000
13804,0.100000,2.342000,6,0.092000,0.105000
13805,0.404000,0.514000,1,0.062000,0.125000
13806,0.100000,0.802000,3,0.048000,0.075000
13807,0.070000,1.832000,2,0.040000,0.055000
13808,0.042000,0.880000,1,0.020000,0.030000
13809,0.052000,1.820000,3,0.046000,0.040000
13810,0.244000,2.672000,6,0.110000,0.170000
13811,0.116000,1.696000,4,0.076000,0.085000
13812,0.128000,1.294000,4,0.076000,0.100000
13813,0.030000,0.710000,1,0.018000,0.025000
13814,0.638000,2.422000,4,0.124000,0.215000
13815,0.146000,0.740000,3,0.058000,0.090000
13816,0.076000,1.780000,2,0.038000,0.055000
13817,0.066000,2.470000,3,0.048000,0.060000
13818,0.080000,1.620000,3,0.052000,0.070000
13819,0.458000,1.534000,4,0.112000,0.225000
13820,0.600000,1.432000,3,0.102000,0.195000
13821,0.404000,2.362000,8,0.170000,0.265000
13822,0.068000,1.412000,3,0.044000,0.065000
13823,0.222000,1.208000,4,0.112000,0.195000
13824,0.136000,1.094000,3,0.070000,0.105000
13825,0.194000,1.194000,4,0.092000,0.185000
13826,0.198000,2.130000,5,0.110000,0.130000
13827,0.202000,1.622000,4,0.086000,0.130000
13828,0.040000,1.650000,2,0.032000,0.040000
13829,0.104000,1.822000,3,0.060000,0.085000
13830,0.004000,0.912000,1,0.014000,0.010000
13831,0.104000,1.472000,5,0.076000,0.105000
13832,0.000000,0.000000,0,0.000000,0.000000
13833,0.042000,0.002000,1,0.014000,0.030000
13834,0.220000,1.460000,5,0.088000,0.140000
13835,0.132000,2.020000,3,0.058000,0.085000
13836,0.092000,1.434000,3,0.062000,0.065000
13837,0.076000,2.482000,3,0.054000,0.070000
13838,0.568000,1.504000,5,0.136000,0.215000
13839,0.000000,0.000000,0,0.000000,0.000000
13840,0.000000,0.000000,0,0.000000,0.000000
13841,0.048000,1.620000,3,0.044000,0.050000
13842,0.228000,1.494000,4,0.112000,0.170000
13843,0.056000,2.472000,3,0.050000,0.060000
13844,0.198000,2.220000,4,0.080000,0.120000
13845,0.106000,1.352000,3,0.054000,0.070000
13846,0.146000,1.646000,4,0.086000,0.150000
13847,0.864000,3.004000,5,0.160000,0.295000
13848,0.124000,1.316000,2,0.070000,0.110000
13849,0.032000,2.590000,3,0.040000,0.040000
13850,0.430000,1.422000,2,0.096000,0.175000
13851,0.166000,2.364000,5,0.098000,0.135000
13852,0.050000,1.592000,3,0.048000,0.070000
13853,0.242000,2.586000,8,0.154000,0.250000
13854,0.052000,1.742000,2,0.038000,0.050000
13855,0.036000,0.704000,3,0.040000,0.040000
13856,0.154000,1.562000,4,0.080000,0.135000
13857,0.256000,1.176000,5,0.118000,0.160000
13858,0.020000,0.870000,1,0.016000,0.020000
13859,0.088000,0.868000,3,0.066000,0.100000
13860,0.248000,1.494000,4,0.102000,0.145000
13861,0.050000,0.832000,3,0.062000,0.070000
13862,0.042000,0.870000,1,0.020000,0.040000
13863,0.088000,2.082000,5,0.078000,0.090000
13864,0.060000,2.600000,3,0.046000,0.055000
13865,0.102000,1.614000,4,0.072000,0.090000
13866,0.104000,2.652000,3,0.058000,0.075000
13867,0.194000,2.278000,5,0.098000,0.145000
13868,0.032000,0.362000,2,0.028000,0.035000
13869,0.124000,2.420000,4,0.086000,0.115000
13870,0.124000,3.132000,5,0.090000,0.110000
13871,0.006000,0.834000,1,0.018000,0.015000
13872,0.222000,2.046000,6,0.124000,0.150000
13873,0.184000,2.360000,4,0.074000,0.105000
13874,0.246000,2.418000,6,0.114000,0.170000
13875,0.018000,0.892000,1,0.020000,0.025000
13876,0.282000,2.258000,4,0.110000,0.175000
13877,0.186000,0.702000,2,0.054000,0.110000
13878,0.176000,3.030000,4,0.076000,0.110000
13879,0.038000,1.820000,3,0.040000,0.040000
13880,0.574000,1.264000,3,0.106000,0.195000
13881,0.056000,1.242000,2,0.040000,0.055000
13882,0.296000,2.274000,3,0.094000,0.165000
13883,0.148000,1.642000,4,0.074000,0.120000
13884,0.106000,1.652000,4,0.072000,0.110000
13885,0.218000,0.652000,1,0.050000,0.085000
13886,0.186000,3.208000,4,0.088000,0.110000
13887,0.106000,1.660000,3,0.056000,0.080000
13888,0.098000,1.200000,2,0.042000,0.065000
13889,0.250000,0.834000,2,0.082000,0.135000
13890,0.132000,0.760000,1,0.030000,0.095000
13891,0.114000,2.174000,3,0.062000,0.065000
13892,0.080000,1.462000,3,0.056000,0.075000
13893,0.100000,3.024000,4,0.076000,0.100000
13894,0.294000,1.356000,4,0.110000,0.190000
13895,0.058000,1.140000,2,0.032000,0.040000
13896,0.024000,1.642000,2,0.032000,0.035000
13897,0.000000,0.000000,0,0.000000,0.000000
13898,0.090000,0.790000,1,0.026000,0.045000
13899,0.114000,1.682000,3,0.060000,0.085000
13900,0.100000,1.684000,3,0.066000,0.095000
13901,0.066000,0.644000,2,0.044000,0.085000
13902,0.144000,1.392000,2,0.056000,0.095000
13903,0.050000,1.708000,2,0.044000,0.085000
13904,0.230000,1.522000,4,0.084000,0.125000
13905,0.180000,2.524000,3,0.074000,0.115000
13906,0.094000,2.190000,4,0.064000,0.080000
13907,0.108000,2.442000,4,0.056000,0.075000
13908,0.054000,1.062000,2,0.038000,0.050000
13909,0.020000,0.840000,1,0.016000,0.020000
13910,0.020000,0.810000,1,0.016000,0.020000
13911,0.042000,1.762000,2,0.036000,0.055000
13912,0.284000,2.310000,3,0.076000,0.125000
13913,0.012000,0.950000,1,0.014000,0.015000
13914,0.102000,1.702000,3,0.060000,0.085000
13915,0.032000,0.852000,1,0.022000,0.030000
13916,0.132000,0.810000,2,0.046000,0.075000
13917,0.106000,3.046000,5,0.088000,0.100000
13918,0.084000,2.532000,3,0.056000,0.075000
13919,0.404000,1.930000,3,0.130000,0.200000
13920,0.476000,2.246000,3,0.112000,0.185000
13921,0.042000,1.570000,2,0.032000,0.040000
13922,0.238000,2.140000,4,0.088000,0.140000
13923,0.234000,2.470000,4,0.080000,0.120000
13924,0.024000,0.872000,2,0.032000,0.045000
13925,0.158000,3.000000,5,0.086000,0.090000
13926,0.242000,2.310000,4,0.086000,0.135000
13927,0.090000,1.602000,4,0.054000,0.090000
13928,0.050000,1.500000,2,0.034000,0.045000
13929,0.042000,0.986000,4,0.060000,0.075000
13930,0.366000,2.766000,6,0.152000,0.185000
13931,0.088000,1.634000,2,0.046000,0.065000
13932,0.196000,1.372000,4,0.076000,0.110000
13933,0.236000,1.534000,6,0.108000,0.150000
13934,0.356000,1.352000,3,0.086000,0.130000
13935,0.018000,0.876000,2,0.026000,0.070000
13936,0.078000,0.922000,2,0.044000,0.065000
13937,0.196000,2.004000,5,0.100000,0.130000
13938,0.128000,1.900000,3,0.060000,0.090000
13939,0.060000,2.850000,5,0.072000,0.070000
13940,0.024000,0.912000,1,0.022000,0.030000
13941,0.110000,1.810000,2,0.042000,0.065000
13942,0.084000,2.432000,3,0.056000,0.075000
13943,0.184000,3.630000,5,0.106000,0.140000
13944,0.040000,2.692000,5,0.066000,0.060000
13945,0.398000,2.116000,6,0.138000,0.255000
13946,0.240000,2.736000,8,0.150000,0.195000
13947,0.042000,1.610000,2,0.032000,0.060000
13948,0.318000,3.082000,5,0.116000,0.170000
13949,0.026000,1.120000,2,0.028000,0.030000
13950,0.048000,1.420000,2,0.032000,0.040000
13951,0.070000,2.188000,4,0.060000,0.075000
13952,0.070000,1.622000,3,0.052000,0.065000
13953,0.032000,0.812000,2,0.024000,0.035000
13954,0.056000,0.830000,1,0.022000,0.035000
13955,0.066000,2.470000,3,0.048000,0.060000
13956,0.070000,1.516000,3,0.056000,0.075000
13957,0.100000,1.604000,4,0.070000,0.085000
13958,0.018000,0.552000,1,0.020000,0.025000
13959,0.052000,2.180000,4,0.064000,0.075000
13960,0.162000,1.038000,2,0.060000,0.175000
13961,0.134000,1.654000,4,0.064000,0.090000
13962,0.056000,0.810000,1,0.022000,0.035000
13963,0.264000,3.086000,4,0.106000,0.170000
13964,0.098000,1.686000,5,0.090000,0.150000
13965,0.210000,3.828000,6,0.120000,0.165000
13966,0.166000,1.652000,4,0.084000,0.125000
13967,0.098000,0.924000,3,0.064000,0.085000
13968,0.208000,1.438000,4,0.086000,0.115000
13969,0.114000,1.550000,3,0.058000,0.130000
13970,0.130000,1.770000,2,0.044000,0.070000
13971,0.078000,1.720000,2,0.036000,0.050000
13972,0.132000,1.444000,4,0.076000,0.100000
13973,0.042000,2.540000,4,0.054000,0.055000
13974,0.424000,0.728000,2,0.140000,0.265000
13975,0.166000,2.212000,4,0.086000,0.130000
13976,0.182000,2.380000,3,0.062000,0.090000
13977,0.112000,1.672000,4,0.070000,0.090000
13978,0.120000,2.394000,4,0.076000,0.120000
13979,0.092000,1.774000,3,0.064000,0.090000
13980,0.120000,1.584000,3,0.080000,0.120000
13981,0.016000,0.454000,1,0.022000,0.025000
13982,0.110000,0.750000,2,0.042000,0.065000
13983,0.264000,0.862000,3,0.078000,0.130000
13984,0.114000,2.640000,6,0.082000,0.105000
13985,0.182000,1.544000,3,0.072000,0.145000
13986,0.104000,2.448000,5,0.094000,0.105000
13987,0.268000,1.476000,3,0.082000,0.150000
13988,0.786000,2.018000,6,0.160000,0.280000
13989,0.042000,1.444000,3,0.050000,0.055000
13990,0.056000,0.852000,2,0.038000,0.060000
13991,0.112000,2.340000,4,0.084000,0.110000
13992,0.106000,0.952000,2,0.050000,0.100000
13993,0.062000,1.490000,2,0.036000,0.050000
13994,0.254000,2.674000,5,0.100000,0.160000
13995,0.236000,1.678000,5,0.118000,0.175000
13996,0.058000,2.086000,4,0.068000,0.075000
13997,0.108000,2.530000,4,0.066000,0.085000
13998,0.234000,2.596000,4,0.102000,0.170000
13999,0.288000,1.234000,4,0.088000,0.130000
14000,0.268000,1.818000,4,0.118000,0.230000
14001,0.072000,0.900000,1,0.024000,0.040000
14002,0.106000,2.674000,4,0.074000,0.095000
14003,0.078000,0.120000,2,0.036000,0.050000
14004,0.466000,2.174000,6,0.138000,0.230000
14005,0.010000,0.774000,1,0.020000,0.020000
14006,0.200000,2.402000,4,0.086000,0.130000
14007,0.322000,1.330000,4,0.130000,0.210000
14008,0.084000,2.326000,3,0.058000,0.075000
14009,0.162000,3.126000,6,0.110000,0.130000
14010,0.156000,1.084000,2,0.068000,0.110000
14011,0.134000,2.386000,6,0.110000,0.140000
14012,0.034000,1.620000,3,0.040000,0.040000
14013,0.056000,1.482000,4,0.060000,0.065000
14014,0.000000,0.000000,0,0.000000,0.000000
14015,0.138000,1.914000,3,0.068000,0.100000
14016,0.084000,3.004000,4,0.068000,0.080000
14017,0.018000,0.922000,1,0.020000,0.025000
14018,0.342000,2.464000,5,0.116000,0.200000
14019,0.080000,2.512000,3,0.054000,0.070000
14020,0.130000,1.208000,4,0.090000,0.125000
14021,0.494000,1.112000,3,0.110000,0.210000
14022,0.144000,3.024000,4,0.086000,0.125000
14023,0.130000,1.504000,3,0.070000,0.105000
14024,0.028000,0.848000,2,0.028000,0.040000
14025,0.106000,0.484000,2,0.048000,0.070000
14026,0.154000,2.826000,6,0.114000,0.170000
14027,0.066000,1.808000,3,0.058000,0.070000
14028,0.120000,2.326000,6,0.096000,0.125000
14029,0.246000,2.320000,3,0.074000,0.115000
14030,0.164000,1.652000,3,0.072000,0.115000
14031,0.078000,1.700000,3,0.050000,0.065000
14032,0.120000,0.146000,2,0.058000,0.115000
14033,0.158000,1.844000,4,0.090000,0.135000
14034,0.068000,1.520000,4,0.052000,0.085000
14035,0.082000,1.228000,2,0.054000,0.105000
14036,0.164000,2.206000,5,0.084000,0.120000
14037,0.088000,1.532000,3,0.056000,0.075000
14038,0.094000,2.452000,5,0.078000,0.075000
14039,0.272000,2.220000,4,0.084000,0.150000
14040,0.306000,1.406000,5,0.114000,0.170000
14041,0.206000,1.150000,4,0.104000,0.165000
14042,0.022000,0.802000,1,0.020000,0.025000
14043,0.660000,2.464000,7,0.170000,0.255000
14044,0.278000,2.860000,9,0.170000,0.240000
14045,0.160000,2.322000,5,0.092000,0.125000
14046,0.220000,2.036000,3,0.084000,0.175000
14047,0.000000,0.000000,0,0.000000,0.000000
14048,0.136000,1.272000,4,0.066000,0.100000
14049,0.186000,2.036000,3,0.080000,0.125000
14050,0.036000,1.530000,2,0.030000,0.035000
14051,0.028000,2.530000,3,0.038000,0.035000
14052,0.094000,2.264000,5,0.068000,0.080000
14053,0.274000,1.504000,2,0.080000,0.115000
14054,0.034000,0.872000,2,0.026000,0.060000
14055,0.110000,1.288000,2,0.056000,0.085000
14056,0.338000,0.370000,3,0.072000,0.120000
14057,0.056000,1.682000,2,0.038000,0.050000
14058,0.058000,1.840000,2,0.032000,0.040000
14059,0.248000,1.250000,3,0.096000,0.155000
14060,0.112000,1.550000,4,0.070000,0.095000
14061,0.000000,0.000000,0,0.000000,0.000000
14062,0.356000,1.486000,2,0.074000,0.090000
14063,0.078000,2.092000,3,0.056000,0.075000
14064,0.404000,2.814000,6,0.144000,0.205000
14065,0.056000,0.384000,2,0.032000,0.050000
14066,0.240000,1.112000,2,0.078000,0.130000
14067,0.090000,2.062000,3,0.060000,0.085000
14068,0.098000,1.690000,3,0.054000,0.075000
14069,0.312000,1.910000,6,0.150000,0.205000
14070,0.030000,0.470000,1,0.018000,0.025000
14071,0.160000,3.882000,9,0.134000,0.125000
14072,0.362000,1.224000,4,0.110000,0.185000
14073,0.110000,1.952000,4,0.070000,0.090000
14074,0.146000,2.382000,3,0.080000,0.110000
14075,0.128000,2.362000,4,0.078000,0.090000
14076,0.188000,2.446000,5,0.102000,0.130000
14077,0.056000,0.910000,1,0.022000,0.035000
14078,0.054000,0.760000,2,0.034000,0.075000
14079,0.092000,1.648000,3,0.070000,0.090000
14080,0.186000,1.360000,4,0.102000,0.140000
14081,0.060000,2.590000,3,0.042000,0.045000
14082,0.084000,0.652000,2,0.042000,0.060000
14083,0.086000,0.912000,2,0.036000,0.065000
14084,0.174000,1.600000,2,0.072000,0.120000
14085,0.026000,1.402000,2,0.032000,0.035000
14086,0.224000,1.582000,2,0.064000,0.105000
14087,0.006000,0.960000,1,0.012000,0.010000
14088,0.170000,2.572000,6,0.106000,0.140000
14089,0.196000,1.902000,5,0.100000,0.145000
14090,0.260000,2.296000,5,0.112000,0.150000
14091,0.140000,1.566000,3,0.076000,0.115000
14092,0.048000,2.582000,3,0.048000,0.055000
14093,0.288000,2.636000,5,0.110000,0.190000
14094,0.022000,1.890000,2,0.026000,0.025000
14095,0.050000,1.762000,3,0.048000,0.055000
14096,0.130000,1.150000,3,0.056000,0.080000
14097,0.006000,0.940000,1,0.012000,0.010000
14098,0.184000,2.404000,4,0.088000,0.175000
14099,0.048000,0.722000,1,0.026000,0.040000
14100,0.124000,2.448000,4,0.086000,0.100000
14101,0.022000,0.902000,1,0.020000,0.025000
14102,0.586000,1.306000,3,0.108000,0.195000
14103,0.076000,1.790000,2,0.038000,0.055000
14104,0.190000,1.408000,3,0.076000,0.115000
14105,0.086000,0.780000,2,0.040000,0.095000
14106,0.068000,2.526000,4,0.070000,0.090000
14107,0.274000,1.374000,2,0.070000,0.125000
14108,0.584000,1.292000,2,0.078000,0.150000
14109,0.234000,2.314000,5,0.110000,0.115000
14110,0.206000,2.470000,5,0.094000,0.135000
14111,0.006000,0.890000,1,0.012000,0.010000
14112,0.416000,1.120000,4,0.128000,0.220000
14113,0.146000,3.112000,4,0.080000,0.115000
14114,0.022000,0.870000,2,0.018000,0.025000
14115,0.076000,1.708000,2,0.048000,0.065000
14116,0.506000,0.940000,5,0.178000,0.280000
14117,0.186000,1.512000,3,0.074000,0.120000
14118,0.122000,2.150000,3,0.058000,0.085000
14119,0.034000,2.300000,3,0.040000,0.060000
14120,0.128000,1.570000,2,0.046000,0.075000
14121,0.182000,2.492000,3,0.066000,0.100000
14122,0.140000,1.366000,4,0.070000,0.105000
14123,0.032000,0.672000,1,0.022000,0.060000
14124,0.262000,2.262000,5,0.112000,0.175000
14125,0.042000,0.630000,1,0.020000,0.030000
14126,0.206000,2.052000,4,0.088000,0.135000
14127,0.178000,3.174000,4,0.086000,0.125000
14128,0.062000,1.590000,2,0.036000,0.050000
14129,0.092000,1.574000,2,0.054000,0.085000
14130,0.320000,2.414000,3,0.088000,0.150000
14131,0.050000,0.822000,1,0.028000,0.060000
14132,0.082000,2.402000,3,0.056000,0.075000
14133,0.086000,2.242000,3,0.056000,0.075000
14134,0.008000,1.540000,2,0.022000,0.015000
14135,0.296000,2.732000,4,0.098000,0.145000
14136,0.742000,1.974000,4,0.136000,0.250000
14137,0.286000,2.952000,5,0.114000,0.165000
14138,0.000000,0.000000,0,0.000000,0.000000
14139,0.210000,0.840000,1,0.036000,0.070000
14140,0.040000,1.604000,2,0.038000,0.045000
14141,0.032000,1.850000,2,0.028000,0.030000
14142,0.124000,1.662000,4,0.076000,0.100000
14143,0.096000,0.700000,3,0.054000,0.075000
14144,0.368000,2.528000,6,0.152000,0.220000
14145,0.176000,2.766000,4,0.094000,0.140000
14146,0.126000,1.326000,2,0.058000,0.090000
14147,0.076000,1.450000,2,0.038000,0.055000
14148,0.068000,1.452000,4,0.060000,0.065000
14149,0.110000,1.978000,4,0.084000,0.110000
14150,0.146000,2.260000,4,0.100000,0.145000
14151,0.154000,2.694000,5,0.098000,0.140000
14152,0.000000,0.000000,0,0.000000,0.000000
14153,0.104000,2.182000,3,0.060000,0.085000
14154,0.052000,1.580000,3,0.046000,0.055000
14155,0.012000,0.940000,1,0.014000,0.015000
14156,0.006000,0.960000,1,0.012000,0.010000
14157,0.042000,0.920000,1,0.020000,0.030000
14158,0.042000,0.880000,1,0.020000,0.030000
14159,0.072000,1.370000,2,0.038000,0.055000
14160,0.042000,1.604000,3,0.052000,0.060000
14161,0.088000,1.360000,3,0.052000,0.070000
14162,0.184000,3.030000,5,0.090000,0.170000
14163,0.000000,0.000000,0,0.000000,0.000000
14164,0.226000,2.124000,5,0.108000,0.145000
14165,0.094000,2.346000,3,0.068000,0.095000
14166,0.000000,0.000000,0,0.000000,0.000000
14167,0.112000,1.390000,4,0.082000,0.105000
14168,0.082000,2.100000,4,0.064000,0.080000
14169,0.046000,1.292000,2,0.038000,0.050000
14170,0.080000,1.980000,3,0.046000,0.055000
14171,0.170000,1.094000,3,0.074000,0.115000
14172,0.156000,2.306000,5,0.098000,0.120000
14173,0.352000,1.186000,2,0.090000,0.170000
14174,0.042000,1.548000,2,0.048000,0.060000
14175,0.106000,2.360000,4,0.084000,0.110000
14176,0.066000,1.614000,2,0.046000,0.065000
14177,0.316000,1.860000,4,0.092000,0.145000
14178,0.290000,1.954000,4,0.100000,0.160000
14179,0.084000,1.650000,2,0.040000,0.060000
14180,0.174000,1.448000,3,0.088000,0.130000
14181,0.114000,2.760000,4,0.092000,0.125000
14182,0.258000,2.252000,6,0.136000,0.185000
14183,0.026000,0.930000,2,0.028000,0.030000
14184,0.122000,2.490000,3,0.058000,0.085000
14185,0.310000,3.540000,6,0.116000,0.160000
14186,0.158000,2.208000,5,0.106000,0.130000
14187,0.050000,2.082000,3,0.050000,0.060000
14188,0.480000,1.936000,5,0.136000,0.245000
14189,0.198000,2.182000,5,0.124000,0.180000
14190,0.278000,1.582000,3,0.078000,0.130000
14191,0.240000,1.716000,4,0.104000,0.165000
14192,0.216000,2.306000,4,0.096000,0.110000
14193,0.020000,1.024000,2,0.034000,0.035000
14194,0.076000,0.740000,2,0.038000,0.105000
14195,0.010000,0.864000,1,0.020000,0.020000
14196,0.548000,1.724000,7,0.170000,0.250000
14197,0.086000,1.676000,2,0.054000,0.080000
14198,0.122000,1.822000,4,0.074000,0.100000
14199,0.218000,2.484000,4,0.090000,0.135000
14200,0.124000,1.460000,4,0.070000,0.150000
14201,0.116000,2.452000,4,0.070000,0.090000
14202,0.196000,2.292000,5,0.088000,0.135000
14203,0.208000,2.718000,6,0.126000,0.160000
14204,0.138000,2.402000,4,0.094000,0.125000
14205,0.038000,1.302000,2,0.034000,0.040000
14206,0.222000,1.376000,4,0.108000,0.175000
14207,0.098000,1.562000,3,0.058000,0.080000
14208,0.158000,3.014000,5,0.094000,0.125000
14209,0.088000,1.954000,4,0.074000,0.095000
14210,0.254000,1.480000,3,0.076000,0.130000
14211,0.178000,2.358000,5,0.094000,0.155000
14212,0.000000,0.000000,0,0.000000,0.000000
14213,0.100000,2.650000,4,0.074000,0.105000
14214,0.084000,1.700000,2,0.040000,0.060000
14215,0.076000,2.292000,3,0.052000,0.065000
14216,0.074000,1.480000,3,0.042000,0.065000
14217,0.108000,2.378000,5,0.090000,0.110000
14218,0.080000,1.796000,3,0.056000,0.070000
14219,0.044000,0.832000,2,0.036000,0.065000
14220,0.074000,1.492000,4,0.066000,0.095000
14221,0.032000,1.314000,3,0.048000,0.050000
14222,0.190000,1.684000,3,0.088000,0.130000
14223,0.072000,0.900000,1,0.024000,0.040000
14224,0.192000,2.054000,4,0.092000,0.140000
14225,0.024000,1.500000,2,0.028000,0.030000
14226,0.502000,2.798000,6,0.152000,0.220000
14227,0.014000,0.426000,1,0.020000,0.020000
14228,0.246000,2.902000,5,0.106000,0.160000
14229,0.036000,1.410000,2,0.030000,0.035000
14230,0.054000,1.702000,3,0.048000,0.050000
14231,0.206000,1.534000,4,0.098000,0.200000
14232,0.122000,1.442000,2,0.050000,0.080000
14233,0.072000,0.620000,1,0.024000,0.040000
14234,0.084000,1.602000,3,0.050000,0.070000
14235,0.056000,0.520000,1,0.022000,0.035000
14236,0.070000,1.702000,4,0.054000,0.050000
14237,0.130000,2.482000,4,0.070000,0.090000
14238,0.090000,2.504000,4,0.066000,0.075000
14239,0.106000,2.296000,4,0.070000,0.085000
14240,0.036000,2.122000,3,0.044000,0.045000
14241,0.026000,2.242000,3,0.042000,0.040000
14242,0.000000,0.000000,0,0.000000,0.000000
14243,0.456000,1.698000,7,0.178000,0.265000
14244,0.052000,0.812000,2,0.040000,0.055000
14245,0.104000,2.858000,5,0.086000,0.100000
14246,0.006000,0.540000,1,0.012000,0.010000
14247,0.284000,1.056000,4,0.102000,0.155000
14248,0.198000,1.752000,3,0.068000,0.120000
14249,0.310000,2.040000,5,0.098000,0.120000
14250,0.014000,1.822000,2,0.028000,0.025000
14251,0.254000,2.056000,4,0.108000,0.170000
14252,0.122000,1.692000,3,0.060000,0.085000
14253,0.242000,0.450000,2,0.040000,0.080000
14254,0.152000,1.902000,5,0.090000,0.130000
14255,0.138000,1.456000,3,0.076000,0.140000
14256,0.044000,0.822000,3,0.048000,0.085000
14257,0.742000,2.060000,5,0.148000,0.190000
14258,0.200000,2.622000,5,0.094000,0.110000
14259,0.276000,2.890000,4,0.094000,0.130000
14260,0.174000,0.582000,2,0.052000,0.085000
14261,0.058000,1.710000,2,0.032000,0.040000
14262,0.112000,1.602000,2,0.046000,0.070000
14263,0.096000,2.152000,4,0.062000,0.090000
14264,0.094000,1.432000,2,0.040000,0.055000
14265,0.108000,1.506000,3,0.072000,0.090000
14266,0.056000,2.382000,4,0.060000,0.065000
14267,0.090000,1.230000,3,0.052000,0.085000
14268,0.276000,2.216000,8,0.146000,0.200000
14269,0.012000,1.000000,2,0.024000,0.020000
14270,0.194000,2.320000,3,0.066000,0.105000
14271,0.040000,1.448000,2,0.042000,0.050000
14272,0.066000,1.584000,2,0.042000,0.055000
14273,0.068000,1.462000,3,0.054000,0.070000
14274,0.476000,1.686000,3,0.104000,0.170000
14275,0.170000,1.752000,3,0.070000,0.110000
14276,0.092000,2.420000,4,0.062000,0.075000
14277,0.594000,2.526000,5,0.162000,0.290000
14278,0.122000,1.398000,4,0.082000,0.135000
14279,0.288000,2.998000,6,0.132000,0.180000
14280,0.168000,2.684000,7,0.118000,0.180000
14281,0.118000,1.890000,4,0.070000,0.095000
14282,0.036000,1.300000,2,0.030000,0.035000
14283,0.072000,1.550000,2,0.038000,0.055000
14284,0.094000,3.182000,4,0.066000,0.105000
14285,0.218000,1.812000,4,0.080000,0.125000
14286,0.054000,1.510000,2,0.034000,0.045000
14287,0.098000,1.800000,2,0.042000,0.065000
14288,0.558000,2.678000,5,0.174000,0.295000
14289,0.000000,0.000000,0,0.000000,0.000000
14290,0.020000,0.660000,1,0.016000,0.020000
14291,0.182000,2.034000,4,0.090000,0.135000
14292,0.072000,0.800000,1,0.024000,0.040000
14293,0.036000,0.724000,2,0.038000,0.045000
14294,0.474000,1.440000,2,0.064000,0.120000
14295,0.160000,1.848000,3,0.076000,0.110000
14296,0.090000,0.760000,1,0.026000,0.045000
14297,0.032000,0.332000,2,0.034000,0.040000
14298,0.128000,1.592000,3,0.064000,0.070000
14299,0.110000,0.310000,1,0.028000,0.050000
14300,0.484000,2.048000,4,0.112000,0.215000
14301,0.046000,1.692000,2,0.038000,0.050000
14302,0.296000,1.332000,3,0.078000,0.130000
14303,0.154000,3.448000,6,0.116000,0.135000
14304,0.120000,1.082000,3,0.054000,0.090000
14305,0.218000,1.722000,2,0.064000,0.115000
14306,0.258000,2.232000,4,0.084000,0.105000
14307,0.014000,0.772000,1,0.018000,0.020000
14308,0.618000,0.642000,1,0.076000,0.195000
14309,0.128000,1.040000,6,0.100000,0.160000
14310,0.408000,2.022000,5,0.116000,0.185000
14311,0.020000,0.880000,1,0.016000,0.040000
14312,0.110000,1.502000,3,0.062000,0.090000
14313,0.012000,0.920000,1,0.014000,0.015000
14314,0.090000,1.694000,3,0.060000,0.080000
14315,0.286000,3.190000,6,0.118000,0.175000
14316,0.160000,2.232000,3,0.066000,0.100000
14317,0.218000,3.092000,5,0.102000,0.120000
14318,0.144000,1.460000,4,0.096000,0.120000
14319,0.042000,1.690000,3,0.042000,0.045000
14320,0.112000,2.822000,6,0.096000,0.115000
14321,0.144000,3.184000,6,0.104000,0.125000
14322,0.038000,1.352000,2,0.034000,0.040000
14323,0.362000,2.340000,5,0.130000,0.200000
14324,0.174000,1.502000,4,0.072000,0.115000
14325,0.066000,1.690000,3,0.048000,0.060000
14326,0.024000,0.682000,2,0.032000,0.035000
14327,0.138000,2.762000,5,0.086000,0.110000
14328,0.060000,1.420000,2,0.036000,0.050000
14329,0.118000,2.392000,6,0.096000,0.105000
14330,0.146000,0.724000,2,0.060000,0.100000
14331,0.040000,1.762000,3,0.046000,0.050000
14332,0.304000,2.956000,7,0.174000,0.250000
14333,0.238000,1.822000,3,0.068000,0.105000
14334,0.094000,2.120000,4,0.064000,0.080000
14335,0.554000,1.288000,4,0.146000,0.265000
14336,0.388000,2.730000,4,0.098000,0.165000
14337,0.012000,0.920000,2,0.024000,0.020000
14338,0.052000,1.434000,2,0.040000,0.050000
14339,0.082000,1.072000,3,0.044000,0.065000
14340,0.040000,2.162000,3,0.046000,0.050000
14341,0.046000,2.218000,3,0.054000,0.060000
14342,0.198000,2.170000,5,0.112000,0.160000
14343,0.086000,1.710000,2,0.040000,0.060000
14344,0.018000,0.892000,1,0.020000,0.025000
14345,0.312000,1.978000,4,0.126000,0.190000
14346,0.312000,1.444000,4,0.112000,0.190000
14347,0.044000,1.686000,3,0.048000,0.050000
14348,0.020000,0.890000,1,0.016000,0.020000
14349,0.120000,2.576000,3,0.056000,0.070000
14350,0.110000,1.592000,3,0.062000,0.090000
14351,0.400000,1.036000,2,0.092000,0.175000
14352,0.284000,1.976000,4,0.100000,0.130000
14353,0.374000,1.402000,2,0.072000,0.165000
14354,0.188000,2.394000,5,0.104000,0.150000
14355,0.144000,2.132000,5,0.088000,0.115000
14356,0.138000,1.498000,4,0.092000,0.145000
14357,0.156000,0.540000,1,0.032000,0.060000
14358,0.554000,2.956000,6,0.154000,0.230000
14359,0.382000,2.296000,3,0.102000,0.150000
14360,0.332000,2.926000,4,0.132000,0.195000
14361,0.076000,1.624000,2,0.046000,0.065000
14362,0.080000,1.082000,3,0.054000,0.070000
14363,0.084000,1.610000,2,0.040000,0.060000
14364,0.132000,1.630000,2,0.046000,0.075000
14365,0.412000,1.418000,3,0.110000,0.195000
14366,0.000000,0.000000,0,0.000000,0.000000
14367,0.066000,1.618000,3,0.058000,0.070000
14368,0.000000,0.000000,0,0.000000,0.000000
14369,0.146000,2.902000,4,0.080000,0.115000
14370,0.076000,2.352000,3,0.054000,0.070000
14371,0.376000,1.824000,4,0.118000,0.205000
14372,0.282000,1.328000,3,0.092000,0.150000
14373,0.074000,2.324000,4,0.070000,0.085000
14374,0.042000,0.880000,1,0.020000,0.030000
14375,0.336000,2.390000,5,0.100000,0.170000
14376,0.116000,2.270000,3,0.054000,0.075000
14377,0.072000,0.480000,2,0.038000,0.055000
14378,0.000000,0.000000,0,0.000000,0.000000
14379,0.266000,2.962000,5,0.128000,0.165000
14380,0.304000,1.476000,3,0.088000,0.165000
14381,0.372000,3.052000,4,0.106000,0.180000
14382,0.374000,2.234000,4,0.110000,0.175000
14383,0.144000,2.190000,3,0.060000,0.110000
14384,0.088000,1.230000,3,0.050000,0.065000
14385,0.000000,0.000000,0,0.000000,0.000000
14386,0.092000,1.184000,3,0.072000,0.090000
14387,0.076000,1.582000,2,0.038000,0.050000
14388,0.012000,0.910000,1,0.014000,0.015000
14389,0.032000,1.360000,2,0.030000,0.035000
14390,0.044000,1.450000,2,0.030000,0.035000
14391,0.160000,2.280000,3,0.062000,0.095000
14392,0.230000,2.094000,3,0.084000,0.120000
14393,0.150000,1.702000,3,0.066000,0.115000
14394,0.088000,0.902000,4,0.072000,0.110000
14395,0.170000,2.312000,5,0.096000,0.120000
14396,0.188000,2.158000,4,0.080000,0.125000
14397,0.136000,1.472000,4,0.092000,0.120000
14398,0.020000,0.670000,1,0.016000,0.020000
14399,0.002000,0.970000,1,0.010000,0.005000
14400,0.122000,1.474000,4,0.080000,0.125000
14401,0.042000,0.460000,1,0.020000,0.030000
14402,0.398000,2.062000,5,0.176000,0.245000
14403,0.008000,0.960000,2,0.022000,0.015000
14404,0.048000,0.502000,1,0.026000,0.040000
14405,0.014000,0.812000,1,0.018000,0.020000
14406,0.020000,0.940000,1,0.016000,0.020000
14407,0.036000,2.522000,3,0.044000,0.045000
14408,0.196000,1.314000,2,0.062000,0.105000
14409,0.006000,0.550000,1,0.012000,0.010000
14410,0.048000,0.800000,2,0.032000,0.040000
14411,0.106000,1.320000,3,0.056000,0.080000
14412,0.000000,0.000000,0,0.000000,0.000000
14413,0.020000,0.880000,1,0.016000,0.020000
14414,0.412000,2.342000,5,0.122000,0.175000
14415,0.030000,0.520000,1,0.018000,0.025000
14416,0.042000,0.692000,1,0.026000,0.040000
14417,0.148000,1.118000,4,0.110000,0.195000
14418,0.250000,2.024000,4,0.098000,0.125000
14419,0.116000,1.710000,2,0.040000,0.060000
14420,0.000000,0.000000,0,0.000000,0.000000
14421,0.054000,1.574000,3,0.050000,0.055000
14422,0.006000,0.800000,1,0.012000,0.010000
14423,0.070000,2.510000,4,0.058000,0.065000
14424,0.154000,1.452000,4,0.078000,0.110000
14425,0.074000,2.734000,4,0.070000,0.085000
14426,0.096000,2.620000,3,0.054000,0.075000
14427,0.102000,1.820000,3,0.056000,0.095000
14428,0.026000,1.312000,3,0.042000,0.040000
14429,0.064000,1.276000,2,0.050000,0.070000
14430,0.008000,1.790000,2,0.022000,0.015000
14431,0.116000,2.680000,4,0.070000,0.095000
14432,0.030000,0.930000,1,0.018000,0.025000
14433,0.000000,0.000000,0,0.000000,0.000000
14434,0.028000,1.444000,2,0.036000,0.040000
14435,0.282000,1.904000,3,0.088000,0.150000
14436,0.050000,1.510000,2,0.034000,0.045000
14437,0.044000,1.712000,2,0.036000,0.045000
14438,0.060000,1.650000,2,0.036000,0.050000
14439,0.228000,0.720000,1,0.058000,0.105000
14440,0.160000,2.264000,4,0.100000,0.125000
14441,0.192000,1.742000,2,0.056000,0.095000
14442,0.094000,2.176000,5,0.086000,0.095000
14443,0.050000,1.804000,2,0.042000,0.055000
14444,0.056000,0.792000,2,0.038000,0.050000
14445,0.018000,1.484000,2,0.032000,0.030000
14446,0.000000,0.000000,0,0.000000,0.000000
14447,0.100000,0.782000,2,0.046000,0.070000
14448,0.296000,1.090000,3,0.078000,0.135000
14449,0.258000,2.374000,4,0.102000,0.145000
14450,0.208000,1.658000,2,0.074000,0.125000
14451,0.164000,0.054000,2,0.046000,0.085000
14452,0.126000,2.286000,3,0.072000,0.090000
14453,0.042000,1.510000,2,0.032000,0.040000
14454,0.056000,2.474000,3,0.054000,0.065000
14455,0.036000,1.490000,2,0.030000,0.035000
14456,0.002000,0.970000,1,0.010000,0.005000
14457,0.336000,1.420000,3,0.068000,0.130000
14458,0.288000,1.420000,2,0.062000,0.095000
14459,0.322000,2.134000,4,0.106000,0.175000
14460,0.134000,1.714000,3,0.062000,0.105000
14461,0.080000,1.772000,3,0.054000,0.070000
14462,0.076000,1.890000,4,0.060000,0.080000
14463,0.102000,0.810000,2,0.042000,0.100000
14464,0.000000,0.000000,0,0.000000,0.000000
14465,0.194000,0.596000,3,0.084000,0.150000
14466,0.346000,1.484000,2,0.104000,0.190000
14467,0.174000,1.542000,3,0.068000,0.105000
14468,0.588000,1.532000,2,0.082000,0.150000
14469,0.000000,0.000000,0,0.000000,0.000000
14470,0.052000,1.594000,2,0.044000,0.060000
14471,0.334000,1.402000,2,0.076000,0.145000
14472,0.386000,0.942000,2,0.128000,0.235000
14473,0.020000,0.920000,1,0.016000,0.020000
14474,0.002000,0.700000,1,0.010000,0.005000
14475,0.664000,1.762000,5,0.130000,0.220000
14476,0.132000,2.052000,5,0.082000,0.100000
14477,0.202000,0.660000,2,0.062000,0.115000
14478,0.192000,2.330000,3,0.068000,0.110000
14479,0.042000,0.410000,1,0.020000,0.030000
14480,0.118000,2.376000,4,0.084000,0.115000
14481,0.030000,0.490000,1,0.018000,0.025000
14482,0.172000,1.232000,3,0.070000,0.125000
14483,0.332000,1.944000,6,0.134000,0.205000
14484,0.194000,2.314000,4,0.090000,0.135000
14485,0.082000,1.792000,3,0.058000,0.080000
14486,0.088000,0.960000,3,0.062000,0.090000
14487,0.020000,0.510000,1,0.016000,0.020000
14488,0.258000,3.324000,6,0.126000,0.185000
14489,0.012000,0.950000,1,0.014000,0.015000
14490,0.028000,1.536000,2,0.034000,0.035000
14491,0.200000,2.130000,4,0.084000,0.160000
14492,0.174000,1.532000,2,0.052000,0.085000
14493,0.218000,0.734000,3,0.078000,0.145000
14494,0.074000,1.650000,3,0.048000,0.060000
14495,0.116000,1.200000,2,0.040000,0.060000
14496,0.654000,0.984000,2,0.088000,0.170000
14497,0.078000,1.630000,2,0.036000,0.045000
14498,0.306000,2.776000,4,0.100000,0.155000
14499,0.160000,2.394000,4,0.084000,0.120000
14500,0.282000,1.952000,3,0.084000,0.145000
14501,0.130000,2.380000,4,0.070000,0.095000
14502,0.374000,2.660000,5,0.142000,0.150000
14503,0.310000,2.012000,5,0.108000,0.165000
14504,0.038000,0.956000,2,0.036000,0.040000
14505,0.188000,0.810000,1,0.046000,0.075000
14506,0.002000,0.640000,1,0.010000,0.005000
14507,0.168000,1.560000,2,0.046000,0.085000
14508,0.030000,1.414000,2,0.036000,0.040000
14509,0.042000,0.520000,1,0.020000,0.045000
14510,0.026000,0.832000,1,0.022000,0.030000
14511,0.108000,2.394000,3,0.062000,0.085000
14512,0.124000,1.406000,3,0.064000,0.070000
14513,0.022000,1.490000,2,0.026000,0.025000
14514,0.068000,2.064000,4,0.066000,0.075000
14515,0.216000,1.182000,2,0.064000,0.115000
14516,0.112000,1.776000,3,0.068000,0.075000
14517,0.110000,0.736000,2,0.062000,0.100000
14518,0.092000,0.832000,1,0.030000,0.050000
14519,0.080000,0.902000,2,0.040000,0.055000
14520,0.134000,2.736000,6,0.108000,0.135000
14521,0.072000,0.430000,1,0.024000,0.040000
14522,0.216000,1.174000,5,0.104000,0.150000
14523,0.130000,1.616000,3,0.076000,0.115000
14524,0.154000,1.574000,2,0.058000,0.110000
14525,0.138000,2.254000,4,0.086000,0.125000
14526,0.250000,3.016000,5,0.110000,0.125000
14527,0.074000,1.584000,3,0.054000,0.075000
14528,0.266000,2.306000,5,0.112000,0.170000
14529,0.000000,0.000000,0,0.000000,0.000000
14530,0.098000,2.322000,3,0.060000,0.085000
14531,0.304000,1.672000,5,0.124000,0.215000
14532,0.236000,2.168000,4,0.112000,0.165000
14533,0.048000,1.830000,2,0.032000,0.040000
14534,0.394000,1.424000,4,0.106000,0.195000
14535,0.122000,1.032000,2,0.046000,0.070000
14536,0.152000,2.146000,3,0.066000,0.090000
14537,0.194000,0.986000,3,0.088000,0.145000
14538,0.052000,1.522000,3,0.042000,0.060000
14539,0.196000,1.292000,4,0.084000,0.125000
14540,0.170000,2.114000,5,0.100000,0.140000
14541,0.044000,0.894000,2,0.042000,0.055000
14542,0.092000,1.090000,2,0.036000,0.050000
14543,0.444000,1.476000,2,0.086000,0.160000
14544,0.030000,0.900000,1,0.018000,0.025000
14545,0.064000,1.684000,4,0.068000,0.075000
14546,0.218000,1.432000,2,0.058000,0.100000
14547,0.126000,2.116000,4,0.086000,0.120000
14548,0.092000,2.784000,4,0.074000,0.095000
14549,0.296000,2.492000,5,0.108000,0.165000
14550,0.612000,2.338000,4,0.112000,0.160000
14551,0.198000,1.582000,4,0.086000,0.130000
14552,0.082000,1.342000,2,0.044000,0.065000
14553,0.090000,0.840000,1,0.026000,0.045000
14554,0.146000,0.932000,2,0.052000,0.085000
14555,0.492000,2.506000,5,0.138000,0.230000
14556,0.614000,1.234000,2,0.090000,0.210000
14557,0.162000,1.702000,3,0.064000,0.095000
14558,0.114000,2.570000,3,0.056000,0.080000
14559,0.086000,1.334000,3,0.060000,0.080000
14560,0.304000,2.296000,6,0.152000,0.225000
14561,0.056000,0.680000,1,0.022000,0.035000
14562,0.248000,0.624000,1,0.048000,0.090000
14563,0.180000,1.876000,5,0.090000,0.165000
14564,0.068000,2.142000,3,0.052000,0.100000
14565,0.124000,1.078000,5,0.094000,0.135000
14566,0.196000,2.012000,4,0.076000,0.105000
14567,0.108000,1.692000,2,0.048000,0.075000
14568,0.068000,1.444000,3,0.056000,0.070000
14569,0.042000,0.840000,2,0.032000,0.040000
14570,0.166000,1.726000,4,0.080000,0.110000
14571,0.298000,2.614000,5,0.116000,0.140000
14572,0.006000,0.760000,1,0.012000,0.010000
14573,0.032000,0.802000,1,0.022000,0.030000
14574,0.040000,1.360000,2,0.032000,0.040000
14575,0.028000,0.034000,1,0.026000,0.035000
14576,0.050000,1.132000,2,0.036000,0.045000
14577,0.272000,3.110000,4,0.082000,0.125000
14578,0.012000,0.950000,1,0.014000,0.015000
14579,0.428000,2.682000,7,0.168000,0.195000
14580,0.268000,2.592000,5,0.108000,0.165000
14581,0.072000,0.180000,1,0.024000,0.040000
14582,0.160000,1.546000,3,0.086000,0.125000
14583,0.168000,3.142000,7,0.132000,0.165000
14584,0.126000,1.946000,4,0.090000,0.140000
14585,0.048000,1.386000,2,0.052000,0.065000
14586,0.192000,1.622000,2,0.056000,0.095000
14587,0.074000,1.874000,3,0.060000,0.080000
14588,0.030000,1.224000,2,0.036000,0.035000
14589,0.056000,2.602000,4,0.060000,0.065000
14590,0.092000,0.522000,1,0.030000,0.050000
14591,0.044000,1.182000,2,0.036000,0.045000
14592,0.052000,1.630000,3,0.046000,0.055000
14593,0.094000,1.980000,4,0.064000,0.080000
14594,0.578000,2.264000,5,0.174000,0.290000
14595,0.098000,1.400000,2,0.042000,0.065000
14596,0.000000,0.000000,0,0.000000,0.000000
14597,0.022000,1.760000,2,0.026000,0.025000
14598,0.192000,2.532000,5,0.122000,0.175000
14599,0.124000,2.028000,3,0.072000,0.095000
14600,0.152000,2.384000,5,0.096000,0.130000
14601,0.112000,1.982000,4,0.072000,0.080000
14602,0.402000,2.182000,6,0.142000,0.230000
14603,0.074000,0.962000,2,0.042000,0.060000
14604,0.060000,3.012000,4,0.060000,0.065000
14605,0.058000,1.310000,2,0.032000,0.040000
14606,0.094000,2.552000,4,0.068000,0.085000
14607,0.128000,0.732000,2,0.048000,0.075000
14608,0.618000,1.734000,7,0.172000,0.205000
14609,0.160000,2.282000,4,0.078000,0.105000
14610,0.160000,2.222000,6,0.112000,0.170000
14611,0.090000,2.290000,4,0.064000,0.080000
14612,0.038000,1.752000,2,0.036000,0.045000
14613,0.000000,0.000000,0,0.000000,0.000000
14614,0.124000,2.246000,4,0.086000,0.120000
14615,0.078000,2.394000,4,0.072000,0.075000
14616,0.000000,0.000000,0,0.000000,0.000000
14617,0.126000,1.492000,2,0.052000,0.085000
14618,0.132000,0.770000,1,0.030000,0.055000
14619,0.454000,0.362000,3,0.074000,0.210000
14620,0.442000,1.928000,6,0.152000,0.270000
14621,0.148000,1.792000,4,0.078000,0.110000
14622,0.374000,2.288000,5,0.138000,0.270000
14623,0.224000,2.982000,5,0.100000,0.145000
14624,0.042000,1.310000,2,0.032000,0.040000
14625,0.242000,3.124000,5,0.110000,0.160000
14626,0.096000,2.380000,3,0.054000,0.085000
14627,0.158000,0.890000,3,0.056000,0.100000
14628,0.356000,2.856000,6,0.138000,0.235000
14629,0.056000,0.412000,2,0.040000,0.095000
14630,0.120000,0.712000,2,0.050000,0.080000
14631,0.256000,1.594000,4,0.098000,0.155000
14632,0.136000,2.464000,5,0.094000,0.125000
14633,0.344000,2.910000,6,0.132000,0.210000
14634,0.006000,0.550000,1,0.012000,0.010000
14635,0.146000,1.470000,4,0.062000,0.095000
14636,0.076000,1.712000,3,0.054000,0.070000
14637,0.242000,0.318000,1,0.068000,0.130000
14638,0.272000,1.546000,3,0.094000,0.145000
14639,0.134000,1.422000,2,0.052000,0.085000
14640,0.026000,1.714000,2,0.036000,0.040000
14641,0.086000,1.542000,3,0.056000,0.075000
14642,0.392000,2.240000,5,0.114000,0.185000
14643,0.086000,2.252000,3,0.056000,0.055000
14644,0.262000,2.692000,5,0.108000,0.220000
14645,0.120000,1.220000,4,0.064000,0.100000
14646,0.158000,1.408000,4,0.092000,0.130000
14647,0.114000,1.730000,3,0.056000,0.080000
14648,0.058000,1.404000,2,0.044000,0.060000
14649,0.162000,2.252000,4,0.078000,0.110000
14650,0.040000,0.844000,2,0.040000,0.050000
14651,0.132000,0.700000,1,0.030000,0.055000
14652,0.058000,1.636000,3,0.058000,0.070000
14653,0.062000,1.644000,3,0.056000,0.070000
14654,0.112000,0.882000,2,0.046000,0.070000
14655,0.082000,2.242000,3,0.056000,0.075000
14656,0.092000,2.462000,4,0.070000,0.090000
14657,0.122000,3.196000,6,0.106000,0.130000
14658,0.074000,1.772000,3,0.054000,0.070000
14659,0.116000,1.582000,3,0.062000,0.070000
14660,0.082000,1.802000,2,0.046000,0.070000
14661,0.198000,1.444000,5,0.106000,0.175000
14662,0.052000,1.502000,3,0.050000,0.060000
14663,0.112000,0.570000,2,0.038000,0.055000
14664,0.084000,0.922000,2,0.046000,0.070000
14665,0.280000,1.830000,6,0.118000,0.195000
14666,0.284000,1.118000,3,0.106000,0.185000
14667,0.186000,1.240000,2,0.050000,0.085000
14668,0.258000,1.878000,4,0.104000,0.165000
14669,0.194000,1.328000,4,0.088000,0.150000
14670,0.190000,1.958000,5,0.114000,0.165000
14671,0.070000,2.442000,4,0.062000,0.070000
14672,0.020000,0.770000,1,0.016000,0.050000
14673,0.882000,1.368000,5,0.150000,0.290000
14674,0.194000,1.330000,5,0.092000,0.140000
14675,0.422000,0.410000,2,0.066000,0.095000
14676,0.078000,0.762000,2,0.042000,0.060000
14677,0.132000,1.232000,2,0.054000,0.090000
14678,0.158000,1.012000,3,0.068000,0.105000
14679,0.012000,0.940000,1,0.014000,0.015000
14680,0.208000,2.368000,3,0.090000,0.145000
14681,0.060000,1.112000,2,0.036000,0.045000
14682,0.068000,1.696000,3,0.056000,0.065000
14683,0.224000,1.920000,4,0.104000,0.160000
14684,0.138000,0.830000,2,0.042000,0.065000
14685,0.150000,1.520000,3,0.060000,0.090000
14686,0.292000,2.956000,5,0.108000,0.175000
14687,0.254000,1.422000,3,0.070000,0.115000
14688,0.630000,1.260000,3,0.096000,0.180000
14689,0.102000,1.710000,2,0.040000,0.095000
14690,0.008000,1.930000,2,0.022000,0.015000
14691,0.056000,0.820000,1,0.022000,0.060000
14692,0.128000,1.620000,4,0.068000,0.070000
14693,0.188000,2.190000,3,0.068000,0.110000
14694,0.160000,2.462000,4,0.072000,0.100000
14695,0.044000,1.492000,2,0.036000,0.045000
14696,0.694000,1.426000,4,0.128000,0.245000
14697,0.082000,0.614000,2,0.040000,0.080000
14698,0.260000,2.034000,7,0.132000,0.205000
14699,0.232000,1.652000,2,0.056000,0.095000
14700,0.240000,2.132000,7,0.128000,0.200000
14701,0.056000,1.322000,3,0.048000,0.055000
14702,0.052000,1.408000,4,0.060000,0.070000
14703,0.188000,2.774000,7,0.126000,0.165000
14704,0.072000,1.442000,3,0.054000,0.095000
14705,0.242000,2.570000,3,0.072000,0.120000
14706,0.088000,1.842000,4,0.070000,0.090000
14707,0.162000,2.246000,5,0.100000,0.135000
14708,0.162000,2.394000,3,0.076000,0.120000
14709,0.296000,2.084000,4,0.110000,0.145000
14710,0.242000,1.472000,2,0.064000,0.150000
14711,0.188000,0.912000,2,0.062000,0.155000
14712,0.132000,1.590000,3,0.058000,0.095000
14713,0.084000,2.472000,3,0.056000,0.075000
14714,0.210000,2.100000,5,0.084000,0.135000
14715,0.046000,2.290000,4,0.054000,0.055000
14716,0.036000,1.522000,2,0.036000,0.045000
14717,0.244000,1.706000,4,0.086000,0.155000
14718,0.158000,1.600000,2,0.076000,0.110000
14719,0.192000,2.388000,4,0.078000,0.160000
14720,0.244000,1.364000,3,0.070000,0.105000
14721,0.162000,1.440000,2,0.048000,0.080000
14722,0.408000,0.816000,3,0.108000,0.195000
14723,0.030000,0.720000,1,0.018000,0.025000
14724,0.078000,3.002000,4,0.064000,0.075000
14725,0.028000,0.706000,2,0.032000,0.045000
14726,0.152000,1.442000,4,0.070000,0.135000
14727,0.184000,1.994000,4,0.092000,0.100000
14728,0.036000,1.476000,3,0.048000,0.050000
14729,0.140000,1.440000,3,0.062000,0.100000
14730,0.122000,1.412000,3,0.060000,0.085000
14731,0.014000,0.614000,1,0.022000,0.025000
14732,0.198000,1.712000,3,0.068000,0.105000
14733,0.384000,2.226000,10,0.212000,0.270000
14734,0.068000,1.142000,3,0.042000,0.060000
14735,0.558000,2.290000,4,0.102000,0.160000
14736,0.042000,0.100000,1,0.020000,0.030000
14737,0.000000,0.000000,0,0.000000,0.000000
14738,0.258000,1.640000,5,0.124000,0.170000
14739,0.188000,1.556000,3,0.076000,0.130000
14740,0.056000,1.010000,3,0.046000,0.055000
14741,0.068000,0.906000,2,0.040000,0.080000
14742,0.540000,1.864000,3,0.158000,0.270000
14743,0.230000,2.338000,6,0.114000,0.170000
14744,0.084000,1.790000,2,0.038000,0.055000
14745,0.140000,1.964000,4,0.096000,0.130000
14746,0.110000,0.660000,1,0.028000,0.055000
14747,0.006000,0.700000,1,0.012000,0.010000
14748,0.072000,1.714000,2,0.044000,0.060000
14749,0.534000,2.132000,4,0.112000,0.135000
14750,0.036000,2.566000,3,0.048000,0.050000
14751,0.108000,2.550000,3,0.054000,0.075000
14752,0.274000,3.612000,7,0.136000,0.195000
14753,0.488000,2.194000,3,0.086000,0.145000
14754,0.342000,2.308000,8,0.170000,0.245000
14755,0.026000,0.854000,1,0.026000,0.035000
14756,0.584000,2.384000,3,0.118000,0.195000
14757,0.184000,1.332000,3,0.068000,0.140000
14758,0.052000,1.184000,3,0.054000,0.065000
14759,0.104000,1.740000,3,0.054000,0.075000
14760,0.048000,0.026000,1,0.028000,0.040000
14761,0.044000,1.642000,2,0.038000,0.050000
14762,0.042000,1.650000,3,0.042000,0.045000
14763,0.062000,1.330000,2,0.036000,0.045000
14764,0.088000,0.462000,2,0.060000,0.085000
14765,0.150000,0.840000,3,0.062000,0.110000
14766,0.178000,2.154000,4,0.090000,0.135000
14767,0.020000,0.940000,1,0.016000,0.020000
14768,0.146000,2.710000,4,0.072000,0.095000
14769,0.134000,2.394000,5,0.094000,0.125000
14770,0.042000,0.900000,1,0.020000,0.035000
14771,0.142000,3.174000,5,0.094000,0.120000
14772,0.060000,1.092000,2,0.040000,0.055000
14773,0.072000,0.860000,1,0.024000,0.040000
14774,0.198000,1.900000,4,0.100000,0.165000
14775,0.092000,2.380000,3,0.054000,0.075000
14776,0.006000,0.960000,1,0.012000,0.010000
14777,0.000000,0.000000,0,0.000000,0.000000
14778,0.178000,3.704000,8,0.126000,0.170000
14779,0.108000,1.520000,4,0.080000,0.115000
14780,0.012000,0.950000,1,0.014000,0.015000
14781,0.020000,0.840000,1,0.016000,0.020000
14782,0.022000,0.792000,1,0.020000,0.025000
14783,0.200000,2.030000,5,0.112000,0.155000
14784,0.056000,0.750000,1,0.022000,0.035000
14785,0.088000,2.420000,3,0.050000,0.065000
14786,0.000000,0.000000,0,0.000000,0.000000
14787,0.142000,1.548000,2,0.052000,0.075000
14788,0.132000,0.790000,1,0.030000,0.055000
14789,0.048000,1.240000,2,0.032000,0.040000
14790,0.078000,2.444000,4,0.068000,0.080000
14791,0.114000,1.554000,2,0.074000,0.115000
14792,0.150000,1.522000,3,0.068000,0.105000
14793,0.028000,1.782000,2,0.032000,0.055000
14794,0.044000,0.832000,2,0.038000,0.050000
14795,0.036000,1.650000,2,0.030000,0.035000
14796,0.086000,1.060000,2,0.040000,0.060000
14797,0.008000,1.770000,2,0.022000,0.015000
14798,0.108000,2.404000,3,0.062000,0.070000
14799,0.230000,0.742000,2,0.060000,0.105000
14800,0.146000,1.528000,3,0.072000,0.105000
14801,0.064000,2.532000,3,0.052000,0.075000
14802,0.274000,2.826000,5,0.130000,0.170000
14803,0.000000,0.000000,0,0.000000,0.000000
14804,0.018000,0.780000,2,0.026000,0.025000
14805,0.046000,0.282000,2,0.038000,0.050000
14806,0.100000,1.862000,3,0.058000,0.080000
14807,0.196000,0.770000,3,0.058000,0.085000
14808,0.002000,0.970000,1,0.010000,0.005000
14809,0.220000,1.264000,2,0.062000,0.105000
14810,0.428000,1.896000,6,0.148000,0.275000
14811,1.010000,2.670000,7,0.196000,0.275000
14812,1.002000,1.450000,3,0.106000,0.205000
14813,0.158000,1.428000,3,0.068000,0.115000
14814,0.094000,1.230000,3,0.046000,0.055000
14815,0.400000,2.138000,4,0.132000,0.230000
14816,0.056000,0.680000,1,0.022000,0.035000
14817,0.110000,1.502000,3,0.060000,0.085000
14818,0.206000,1.962000,4,0.086000,0.130000
14819,0.000000,0.000000,0,0.000000,0.000000
14820,0.162000,2.852000,6,0.084000,0.130000
14821,0.030000,0.840000,1,0.018000,0.025000
14822,0.094000,1.854000,4,0.070000,0.095000
14823,0.128000,0.952000,3,0.060000,0.135000
14824,0.056000,0.900000,1,0.022000,0.050000
14825,0.172000,1.502000,3,0.074000,0.100000
14826,0.000000,0.000000,0,0.000000,0.000000
14827,0.050000,1.682000,2,0.036000,0.045000
14828,0.156000,2.350000,4,0.076000,0.110000
14829,0.176000,2.044000,5,0.100000,0.140000
14830,0.048000,1.690000,3,0.044000,0.075000
14831,0.054000,1.700000,2,0.034000,0.045000
14832,0.110000,0.060000,1,0.028000,0.050000
14833,0.100000,1.600000,3,0.052000,0.070000
14834,0.142000,2.904000,5,0.094000,0.125000
14835,0.366000,1.988000,3,0.104000,0.195000
14836,0.096000,0.782000,1,0.032000,0.105000
14837,0.062000,1.730000,2,0.036000,0.050000
14838,0.244000,1.486000,4,0.092000,0.100000
14839,0.128000,3.046000,4,0.078000,0.090000
14840,0.170000,1.452000,2,0.050000,0.080000
14841,0.218000,1.620000,4,0.086000,0.135000
14842,0.110000,1.450000,2,0.042000,0.100000
14843,0.006000,0.920000,1,0.012000,0.010000
14844,0.056000,0.830000,1,0.022000,0.035000
14845,0.046000,1.792000,2,0.034000,0.040000
14846,0.102000,1.590000,2,0.040000,0.060000
14847,0.058000,1.540000,2,0.032000,0.040000
14848,0.048000,0.898000,2,0.044000,0.055000
14849,0.078000,1.360000,2,0.036000,0.040000
14850,0.482000,1.836000,7,0.166000,0.280000
14851,0.024000,2.184000,4,0.046000,0.045000
14852,0.062000,1.520000,2,0.036000,0.050000
14853,0.042000,1.790000,2,0.032000,0.040000
14854,0.020000,0.820000,1,0.016000,0.020000
14855,0.342000,0.790000,1,0.044000,0.090000
14856,0.252000,1.640000,2,0.052000,0.075000
14857,0.042000,1.700000,2,0.032000,0.045000
14858,0.042000,2.544000,3,0.052000,0.060000
14859,0.074000,1.760000,3,0.048000,0.060000
14860,0.062000,1.712000,3,0.052000,0.065000
14861,0.136000,2.372000,4,0.076000,0.105000
14862,0.044000,0.832000,1,0.024000,0.035000
14863,0.132000,0.870000,1,0.030000,0.055000
14864,0.046000,1.432000,2,0.038000,0.050000
14865,0.054000,2.492000,3,0.048000,0.055000
14866,0.020000,0.850000,1,0.016000,0.020000
14867,0.804000,1.986000,4,0.140000,0.235000
14868,0.018000,0.842000,1,0.020000,0.025000
14869,0.118000,2.172000,5,0.086000,0.095000
14870,0.074000,1.348000,3,0.070000,0.095000
14871,0.042000,0.750000,2,0.032000,0.040000
14872,0.086000,1.030000,2,0.040000,0.060000
14873,0.002000,0.960000,1,0.010000,0.005000
14874,0.038000,1.542000,2,0.034000,0.040000
14875,0.106000,1.962000,3,0.058000,0.080000
14876,0.186000,2.432000,5,0.100000,0.140000
14877,0.004000,1.860000,2,0.020000,0.010000
14878,0.144000,0.832000,1,0.038000,0.070000
14879,0.044000,1.640000,2,0.030000,0.035000
14880,0.074000,0.832000,2,0.042000,0.080000
14881,0.060000,1.660000,2,0.036000,0.050000
14882,0.072000,1.340000,2,0.038000,0.055000
14883,0.094000,1.422000,2,0.044000,0.065000
14884,0.176000,1.340000,4,0.078000,0.115000
14885,0.128000,2.474000,3,0.072000,0.110000
14886,0.156000,2.438000,4,0.090000,0.135000
14887,0.058000,1.932000,3,0.050000,0.060000
14888,0.000000,0.000000,0,0.000000,0.000000
14889,0.364000,2.392000,3,0.096000,0.140000
14890,0.152000,2.176000,3,0.080000,0.150000
14891,0.144000,2.322000,4,0.080000,0.100000
14892,0.048000,0.882000,1,0.026000,0.040000
14893,0.098000,1.830000,4,0.064000,0.080000
14894,0.388000,1.384000,3,0.092000,0.160000
14895,0.160000,2.868000,5,0.110000,0.145000
14896,0.000000,0.000000,0,0.000000,0.000000
14897,0.084000,3.304000,5,0.082000,0.125000
14898,0.020000,0.680000,1,0.016000,0.020000
14899,0.248000,1.280000,3,0.104000,0.175000
14900,0.276000,2.120000,3,0.090000,0.145000
14901,0.082000,1.590000,3,0.050000,0.065000
14902,0.118000,1.952000,3,0.058000,0.070000
14903,0.182000,0.030000,1,0.034000,0.065000
14904,0.030000,0.850000,1,0.018000,0.025000
14905,0.070000,1.626000,3,0.052000,0.060000
14906,0.096000,2.572000,3,0.060000,0.085000
14907,0.038000,1.632000,2,0.034000,0.060000
14908,0.030000,0.790000,1,0.018000,0.025000
14909,0.026000,0.562000,1,0.022000,0.030000
14910,0.044000,1.622000,2,0.036000,0.045000
14911,0.072000,1.730000,2,0.038000,0.055000
14912,0.000000,0.000000,0,0.000000,0.000000
14913,0.008000,0.916000,1,0.022000,0.020000
14914,0.476000,1.946000,4,0.132000,0.250000
14915,0.100000,2.484000,3,0.064000,0.090000
14916,0.212000,1.726000,3,0.084000,0.135000
14917,0.060000,1.862000,4,0.060000,0.070000
14918,0.140000,3.020000,5,0.082000,0.105000
14919,0.090000,2.336000,3,0.068000,0.095000
14920,0.158000,2.282000,3,0.072000,0.115000
14921,0.060000,0.800000,2,0.036000,0.050000
14922,0.012000,0.660000,1,0.014000,0.015000
14923,0.078000,0.802000,2,0.042000,0.060000
14924,0.056000,0.910000,1,0.022000,0.050000
14925,0.036000,0.882000,1,0.024000,0.035000
14926,0.042000,0.920000,1,0.020000,0.030000
14927,0.146000,0.932000,3,0.050000,0.080000
14928,0.072000,3.198000,4,0.070000,0.075000
14929,0.148000,2.462000,4,0.076000,0.105000
14930,0.070000,0.956000,2,0.038000,0.060000
14931,0.122000,0.760000,2,0.042000,0.065000
14932,0.000000,0.000000,0,0.000000,0.000000
14933,0.092000,2.292000,4,0.068000,0.080000
14934,0.038000,0.992000,2,0.036000,0.045000
14935,0.100000,1.876000,4,0.076000,0.100000
14936,0.096000,0.862000,1,0.032000,0.065000
14937,0.144000,1.550000,2,0.044000,0.070000
14938,0.064000,3.180000,4,0.060000,0.070000
14939,0.188000,1.984000,3,0.070000,0.105000
14940,0.102000,1.604000,2,0.052000,0.080000
14941,0.256000,2.366000,4,0.096000,0.165000
14942,0.042000,1.714000,3,0.050000,0.065000
14943,0.114000,1.592000,2,0.066000,0.100000
14944,0.196000,0.772000,2,0.052000,0.085000
14945,0.114000,1.420000,5,0.090000,0.145000
14946,0.072000,0.860000,1,0.024000,0.040000
14947,0.198000,1.752000,2,0.060000,0.090000
14948,0.126000,2.020000,4,0.072000,0.100000
14949,0.036000,0.890000,2,0.030000,0.035000
14950,0.028000,1.682000,2,0.032000,0.035000
14951,0.096000,1.362000,2,0.046000,0.070000
14952,0.076000,1.740000,2,0.038000,0.055000
14953,0.088000,1.694000,3,0.056000,0.105000
14954,0.076000,0.862000,1,0.032000,0.055000
14955,0.056000,1.688000,4,0.070000,0.075000
14956,0.118000,0.820000,3,0.050000,0.085000
14957,0.090000,1.820000,4,0.056000,0.080000
14958,0.006000,0.000000,1,0.004000,0.010000
14959,0.204000,2.184000,3,0.078000,0.125000
14960,0.122000,1.420000,2,0.062000,0.095000
14961,0.232000,0.518000,1,0.080000,0.145000
14962,0.074000,1.592000,2,0.044000,0.065000
14963,0.048000,1.642000,2,0.038000,0.050000
14964,0.270000,1.480000,2,0.056000,0.100000
14965,0.110000,0.738000,1,0.062000,0.095000
14966,0.240000,2.264000,5,0.132000,0.140000
14967,0.254000,1.652000,2,0.066000,0.120000
14968,0.116000,1.770000,5,0.080000,0.100000
14969,0.054000,1.760000,2,0.034000,0.045000
14970,0.136000,3.126000,5,0.098000,0.125000
14971,0.218000,1.354000,2,0.082000,0.100000
14972,0.194000,3.142000,4,0.082000,0.120000
14973,0.050000,1.792000,3,0.050000,0.060000
14974,0.094000,0.744000,1,0.034000,0.055000
14975,0.038000,1.762000,2,0.034000,0.040000
14976,0.190000,1.612000,2,0.056000,0.115000
14977,0.140000,0.792000,2,0.038000,0.070000
14978,0.032000,1.840000,2,0.030000,0.035000
14979,0.096000,1.780000,4,0.078000,0.095000
14980,0.306000,1.524000,3,0.078000,0.105000
14981,0.092000,1.700000,2,0.040000,0.060000
14982,0.140000,2.142000,4,0.078000,0.105000
14983,0.032000,0.760000,2,0.028000,0.030000
14984,0.044000,1.820000,4,0.052000,0.060000
14985,0.032000,1.750000,2,0.030000,0.035000
14986,0.026000,0.890000,2,0.028000,0.035000
14987,0.034000,0.792000,2,0.034000,0.040000
14988,0.176000,1.632000,2,0.054000,0.090000
14989,0.152000,1.674000,2,0.058000,0.095000
14990,0.126000,1.302000,2,0.050000,0.080000
14991,0.218000,0.682000,2,0.074000,0.150000
14992,0.026000,1.620000,2,0.028000,0.030000
14993,0.168000,1.300000,3,0.060000,0.105000
14994,0.000000,0.000000,0,0.000000,0.000000
14995,0.068000,2.502000,3,0.052000,0.065000
14996,0.000000,0.000000,0,0.000000,0.000000
14997,0.074000,1.010000,2,0.034000,0.045000
14998,0.026000,1.692000,3,0.042000,0.070000
14999,0.030000,2.336000,3,0.050000,0.035000
15000,0.350000,1.486000,3,0.092000,0.155000
15001,0.052000,2.626000,5,0.076000,0.080000
15002,0.392000,1.430000,4,0.100000,0.170000
15003,0.086000,1.560000,2,0.040000,0.060000
15004,0.096000,0.862000,1,0.032000,0.055000
15005,0.152000,1.858000,3,0.078000,0.120000
15006,0.064000,1.460000,3,0.046000,0.055000
15007,0.046000,1.582000,2,0.038000,0.050000
15008,0.006000,0.870000,1,0.012000,0.010000
15009,0.318000,0.772000,1,0.050000,0.100000
15010,0.030000,0.850000,1,0.018000,0.025000
15011,0.048000,1.712000,3,0.048000,0.060000
15012,0.056000,0.910000,1,0.022000,0.035000
15013,0.120000,1.482000,4,0.066000,0.125000
15014,0.360000,1.546000,2,0.088000,0.175000
15015,0.086000,1.262000,4,0.066000,0.085000
15016,0.172000,0.592000,3,0.072000,0.115000
15017,0.024000,0.300000,2,0.028000,0.030000
15018,0.036000,0.772000,3,0.046000,0.050000
15019,0.054000,1.474000,4,0.064000,0.055000
15020,0.140000,0.730000,3,0.066000,0.105000
15021,0.024000,0.900000,2,0.028000,0.030000
15022,0.082000,1.462000,2,0.044000,0.065000
15023,0.076000,0.850000,2,0.038000,0.055000
15024,0.042000,0.780000,2,0.032000,0.055000
15025,0.086000,2.362000,3,0.056000,0.075000
15026,0.134000,1.606000,3,0.072000,0.125000
15027,0.122000,1.200000,3,0.052000,0.070000
15028,0.066000,2.182000,3,0.052000,0.065000
15029,0.078000,0.842000,2,0.030000,0.050000
15030,0.230000,1.556000,4,0.096000,0.145000
15031,0.070000,2.536000,3,0.054000,0.065000
15032,0.128000,1.500000,2,0.046000,0.075000
15033,0.086000,1.722000,3,0.048000,0.075000
15034,0.114000,1.560000,3,0.054000,0.075000
15035,0.084000,0.002000,2,0.024000,0.055000
15036,0.888000,1.794000,4,0.158000,0.255000
15037,0.030000,1.980000,4,0.048000,0.040000
15038,0.244000,1.606000,5,0.122000,0.215000
15039,0.262000,1.432000,4,0.096000,0.155000
15040,0.022000,1.620000,2,0.026000,0.025000
15041,0.182000,1.432000,3,0.064000,0.105000
15042,0.120000,1.744000,2,0.048000,0.115000
15043,0.122000,2.440000,4,0.070000,0.095000
15044,0.112000,1.550000,4,0.060000,0.115000
15045,0.104000,1.728000,4,0.082000,0.105000
15046,0.112000,1.386000,5,0.094000,0.140000
15047,0.054000,0.818000,3,0.046000,0.060000
15048,0.106000,1.272000,3,0.058000,0.080000
15049,0.042000,0.962000,2,0.036000,0.045000
15050,0.282000,2.666000,4,0.106000,0.130000
15051,0.058000,1.030000,2,0.032000,0.040000
15052,0.020000,0.060000,1,0.016000,0.020000
15053,0.102000,1.934000,4,0.074000,0.095000
15054,0.020000,0.790000,1,0.016000,0.020000
15055,0.068000,1.792000,3,0.052000,0.065000
15056,0.080000,1.538000,3,0.072000,0.100000
15057,0.116000,1.026000,4,0.070000,0.100000
15058,0.092000,2.454000,3,0.062000,0.085000
15059,0.480000,2.112000,4,0.108000,0.180000
15060,0.018000,1.530000,2,0.026000,0.025000
15061,0.380000,2.786000,5,0.138000,0.205000
15062,0.016000,1.692000,2,0.028000,0.025000
15063,0.080000,1.676000,3,0.068000,0.080000
15064,0.266000,1.522000,4,0.082000,0.145000
15065,0.686000,0.912000,4,0.104000,0.205000
15066,0.222000,1.420000,3,0.066000,0.105000
15067,0.256000,1.834000,4,0.106000,0.185000
15068,0.232000,1.532000,2,0.056000,0.095000
15069,0.328000,0.890000,3,0.082000,0.145000
15070,0.236000,2.874000,4,0.096000,0.150000
15071,0.118000,0.844000,2,0.052000,0.080000
15072,0.064000,2.384000,3,0.056000,0.065000
15073,0.146000,0.802000,1,0.042000,0.080000
15074,0.218000,2.690000,5,0.110000,0.155000
15075,0.140000,3.156000,6,0.102000,0.170000
15076,0.202000,3.036000,6,0.114000,0.155000
15077,0.274000,2.668000,9,0.174000,0.225000
15078,0.020000,0.790000,1,0.016000,0.020000
15079,0.296000,2.070000,4,0.108000,0.170000
15080,0.208000,2.390000,3,0.096000,0.135000
15081,0.084000,1.990000,4,0.062000,0.075000
15082,0.090000,1.686000,3,0.068000,0.095000
15083,0.254000,2.132000,4,0.092000,0.140000
15084,0.282000,0.750000,2,0.058000,0.115000
15085,0.054000,1.560000,2,0.034000,0.045000
15086,0.032000,1.890000,2,0.030000,0.035000
15087,0.092000,2.512000,3,0.060000,0.085000
15088,0.074000,2.434000,5,0.080000,0.090000
15089,0.066000,1.624000,4,0.058000,0.075000
15090,0.312000,1.482000,6,0.146000,0.225000
15091,0.080000,2.380000,6,0.082000,0.085000
15092,0.064000,1.510000,3,0.068000,0.105000
15093,0.098000,2.254000,3,0.064000,0.090000
15094,0.260000,2.126000,3,0.070000,0.105000
15095,0.124000,0.152000,3,0.054000,0.090000
15096,0.224000,2.366000,3,0.090000,0.130000
15097,0.212000,1.914000,3,0.080000,0.115000
15098,0.042000,0.030000,1,0.020000,0.030000
15099,0.138000,3.228000,8,0.110000,0.135000
15100,0.036000,1.740000,2,0.030000,0.035000
15101,0.040000,0.850000,2,0.032000,0.040000
15102,0.020000,0.940000,1,0.016000,0.020000
15103,0.058000,1.492000,3,0.044000,0.065000
15104,0.202000,2.432000,3,0.070000,0.110000
15105,0.036000,0.890000,2,0.030000,0.035000
15106,0.140000,1.674000,3,0.070000,0.105000
15107,0.340000,1.296000,6,0.142000,0.175000
15108,0.228000,1.150000,2,0.056000,0.100000
15109,0.090000,1.282000,3,0.058000,0.110000
15110,0.106000,2.026000,4,0.082000,0.110000
15111,0.094000,1.726000,2,0.046000,0.065000
15112,0.134000,2.212000,4,0.076000,0.105000
15113,0.130000,1.662000,3,0.058000,0.080000
15114,0.130000,0.940000,2,0.036000,0.085000
15115,0.182000,1.540000,3,0.066000,0.190000
15116,0.218000,1.492000,4,0.088000,0.135000
15117,0.148000,0.910000,2,0.076000,0.125000
15118,0.078000,0.832000,2,0.042000,0.070000
15119,0.132000,1.790000,3,0.060000,0.090000
15120,0.084000,2.510000,5,0.068000,0.090000
15121,0.806000,1.590000,6,0.206000,0.340000
15122,0.556000,1.324000,2,0.094000,0.200000
15123,0.300000,0.684000,2,0.080000,0.150000
15124,0.126000,1.662000,3,0.062000,0.090000
15125,0.136000,2.404000,3,0.068000,0.100000
15126,0.072000,2.482000,3,0.054000,0.060000
15127,0.024000,0.532000,1,0.022000,0.030000
15128,0.072000,0.040000,1,0.024000,0.040000
15129,0.076000,1.124000,3,0.058000,0.075000
15130,0.034000,1.092000,2,0.034000,0.040000
15131,0.546000,1.482000,4,0.120000,0.230000
15132,0.042000,0.770000,1,0.020000,0.030000
15133,0.000000,0.000000,0,0.000000,0.000000
15134,0.420000,0.420000,3,0.080000,0.135000
15135,0.082000,2.334000,4,0.070000,0.085000
15136,0.142000,1.732000,3,0.064000,0.120000
15137,0.126000,2.372000,4,0.072000,0.095000
15138,0.226000,1.968000,5,0.114000,0.190000
15139,0.000000,0.000000,0,0.000000,0.000000
15140,0.032000,2.090000,3,0.040000,0.055000
15141,0.342000,1.550000,3,0.104000,0.180000
15142,0.022000,0.816000,1,0.022000,0.025000
15143,0.496000,1.376000,4,0.106000,0.190000
15144,0.182000,1.950000,3,0.066000,0.085000
15145,0.142000,1.912000,4,0.080000,0.115000
15146,0.018000,0.840000,2,0.038000,0.035000
15147,0.104000,3.680000,6,0.084000,0.085000
15148,0.020000,0.862000,2,0.030000,0.030000
15149,0.008000,1.770000,2,0.022000,0.015000
15150,0.080000,2.300000,3,0.052000,0.070000
15151,0.122000,1.546000,4,0.084000,0.115000
15152,0.074000,1.820000,3,0.048000,0.060000
15153,0.038000,1.750000,3,0.042000,0.045000
15154,0.270000,1.130000,2,0.056000,0.100000
15155,0.234000,1.672000,3,0.064000,0.115000
15156,0.226000,2.224000,4,0.096000,0.150000
15157,0.484000,2.606000,6,0.164000,0.275000
15158,0.064000,1.592000,2,0.040000,0.065000
15159,0.124000,2.110000,6,0.104000,0.130000
15160,0.098000,1.440000,2,0.042000,0.065000
15161,0.256000,1.974000,4,0.096000,0.145000
15162,0.060000,1.230000,3,0.046000,0.055000
15163,0.120000,2.010000,4,0.084000,0.100000
15164,0.278000,2.340000,4,0.090000,0.125000
15165,0.054000,2.102000,4,0.060000,0.075000
15166,0.254000,1.764000,6,0.124000,0.180000
15167,0.012000,0.920000,1,0.014000,0.015000
15168,0.188000,1.280000,4,0.074000,0.105000
15169,0.000000,0.000000,0,0.000000,0.000000
15170,0.118000,2.362000,3,0.064000,0.095000
15171,0.148000,1.404000,3,0.068000,0.100000
15172,0.140000,1.410000,3,0.060000,0.090000
15173,0.080000,1.402000,2,0.040000,0.055000
15174,0.110000,1.660000,2,0.042000,0.075000
15175,0.252000,2.412000,8,0.140000,0.205000
15176,0.018000,0.822000,1,0.020000,0.025000
15177,0.102000,1.520000,2,0.042000,0.065000
15178,0.148000,3.082000,4,0.078000,0.110000
15179,0.064000,1.724000,3,0.056000,0.070000
15180,0.092000,2.210000,3,0.054000,0.075000
15181,0.150000,1.632000,3,0.066000,0.100000
15182,0.138000,2.842000,5,0.080000,0.090000
15183,0.208000,1.960000,4,0.072000,0.100000
15184,0.110000,1.706000,3,0.058000,0.075000
15185,0.060000,2.442000,3,0.058000,0.065000
15186,0.032000,1.620000,2,0.028000,0.030000
15187,0.066000,1.340000,3,0.048000,0.070000
15188,0.110000,2.442000,3,0.058000,0.095000
15189,0.012000,0.950000,1,0.014000,0.015000
15190,0.054000,1.600000,2,0.034000,0.045000
15191,0.022000,1.830000,2,0.026000,0.025000
15192,0.086000,1.700000,3,0.058000,0.085000
15193,0.098000,1.342000,3,0.058000,0.080000
15194,0.108000,1.022000,3,0.060000,0.085000
15195,0.584000,3.026000,6,0.202000,0.310000
15196,0.134000,3.154000,5,0.092000,0.120000
15197,0.142000,0.782000,2,0.050000,0.080000
15198,0.014000,1.740000,2,0.024000,0.020000
15199,0.014000,1.582000,2,0.028000,0.025000
15200,0.080000,1.642000,3,0.056000,0.075000
15201,0.246000,3.028000,5,0.116000,0.160000
15202,0.050000,1.562000,2,0.036000,0.070000
15203,0.072000,2.512000,3,0.054000,0.070000
15204,0.652000,1.748000,3,0.114000,0.200000
15205,0.262000,1.268000,5,0.126000,0.195000
15206,0.114000,1.450000,2,0.044000,0.070000
15207,0.246000,2.834000,5,0.108000,0.155000
15208,0.070000,1.610000,3,0.050000,0.055000
15209,0.144000,2.222000,4,0.082000,0.120000
15210,0.160000,1.972000,3,0.062000,0.090000
15211,0.190000,2.854000,4,0.084000,0.120000
15212,0.158000,2.554000,8,0.136000,0.150000
15213,0.146000,3.112000,4,0.074000,0.090000
15214,0.210000,1.804000,3,0.080000,0.130000
15215,0.146000,1.656000,3,0.074000,0.110000
15216,0.146000,1.366000,2,0.082000,0.130000
15217,0.120000,2.410000,4,0.070000,0.085000
15218,0.044000,2.562000,3,0.046000,0.050000
15219,0.282000,2.884000,6,0.126000,0.205000
15220,0.380000,2.676000,6,0.142000,0.220000
15221,0.238000,2.322000,6,0.118000,0.165000
15222,0.116000,1.430000,3,0.050000,0.085000
15223,0.230000,2.470000,4,0.086000,0.110000
15224,0.050000,1.720000,2,0.034000,0.045000
15225,0.176000,1.522000,4,0.082000,0.120000
15226,0.306000,3.032000,6,0.114000,0.130000
15227,0.092000,2.012000,4,0.064000,0.075000
15228,0.128000,2.412000,7,0.108000,0.135000
15229,0.038000,2.150000,3,0.040000,0.040000
15230,0.130000,2.182000,3,0.066000,0.100000
15231,0.582000,2.660000,5,0.128000,0.215000
15232,0.106000,0.444000,2,0.048000,0.070000
15233,0.324000,2.902000,7,0.148000,0.215000
15234,0.086000,2.430000,4,0.062000,0.075000
15235,0.002000,0.970000,1,0.010000,0.005000
15236,0.232000,2.836000,4,0.096000,0.135000
15237,0.234000,1.874000,5,0.108000,0.160000
15238,0.070000,0.766000,2,0.054000,0.080000
15239,0.122000,1.440000,2,0.042000,0.065000
15240,0.458000,1.338000,4,0.130000,0.250000
15241,0.138000,1.212000,3,0.066000,0.110000
15242,0.008000,1.620000,2,0.022000,0.015000
15243,0.196000,0.554000,1,0.052000,0.100000
15244,0.192000,1.306000,5,0.106000,0.155000
15245,0.414000,3.220000,5,0.138000,0.155000
15246,0.126000,2.830000,7,0.118000,0.125000
15247,0.126000,1.900000,3,0.058000,0.085000
15248,0.294000,3.072000,4,0.092000,0.125000
15249,0.070000,1.662000,4,0.064000,0.075000
15250,0.122000,0.830000,2,0.042000,0.090000
15251,0.052000,1.532000,2,0.040000,0.055000
15252,0.056000,2.650000,3,0.046000,0.055000
15253,0.164000,2.960000,4,0.076000,0.110000
15254,0.246000,1.394000,3,0.086000,0.145000
15255,0.206000,2.390000,3,0.064000,0.100000
15256,0.214000,2.024000,4,0.094000,0.145000
15257,0.032000,0.752000,1,0.024000,0.035000
15258,0.166000,1.182000,3,0.060000,0.140000
15259,0.202000,1.322000,5,0.104000,0.155000
15260,0.076000,2.362000,4,0.068000,0.085000
15261,0.192000,2.944000,5,0.102000,0.145000
15262,0.134000,2.594000,4,0.082000,0.100000
15263,0.084000,2.262000,4,0.068000,0.085000
15264,0.074000,1.760000,4,0.062000,0.075000
15265,0.128000,2.808000,4,0.080000,0.125000
15266,0.144000,3.106000,5,0.094000,0.110000
15267,0.096000,1.724000,3,0.054000,0.075000
15268,0.280000,1.642000,3,0.084000,0.145000
15269,0.058000,2.954000,4,0.066000,0.070000
15270,0.138000,1.448000,3,0.074000,0.105000
15271,0.038000,2.312000,4,0.054000,0.045000
15272,0.260000,3.722000,6,0.124000,0.175000
15273,0.038000,1.876000,3,0.044000,0.055000
15274,0.152000,2.332000,4,0.072000,0.115000
15275,0.152000,1.802000,3,0.064000,0.090000
15276,0.048000,1.790000,2,0.032000,0.040000
15277,0.022000,0.692000,1,0.020000,0.025000
15278,0.044000,1.690000,2,0.030000,0.035000
15279,0.252000,2.302000,5,0.124000,0.180000
15280,0.102000,1.534000,4,0.072000,0.090000
15281,0.642000,1.926000,3,0.122000,0.210000
15282,0.054000,2.642000,3,0.050000,0.060000
15283,0.210000,1.910000,4,0.072000,0.120000
15284,0.232000,1.540000,3,0.070000,0.115000
15285,0.112000,3.184000,5,0.092000,0.110000
15286,0.060000,1.752000,3,0.052000,0.065000
15287,0.382000,2.182000,5,0.126000,0.210000
15288,0.024000,1.800000,2,0.028000,0.030000
15289,0.098000,0.846000,3,0.050000,0.075000
15290,0.156000,1.890000,3,0.058000,0.085000
15291,0.084000,1.100000,2,0.038000,0.095000
15292,0.106000,0.716000,3,0.070000,0.105000
15293,0.148000,1.702000,5,0.084000,0.125000
15294,0.038000,1.762000,2,0.036000,0.045000
15295,0.024000,1.562000,2,0.030000,0.030000
15296,0.000000,0.000000,0,0.000000,0.000000
15297,0.076000,1.790000,2,0.038000,0.055000
15298,0.078000,1.540000,2,0.036000,0.050000
15299,0.148000,1.680000,3,0.062000,0.095000
15300,0.100000,1.634000,5,0.086000,0.105000
15301,0.078000,2.434000,4,0.072000,0.090000
15302,0.044000,0.742000,2,0.036000,0.045000
15303,0.076000,1.222000,2,0.038000,0.070000
15304,0.054000,1.618000,4,0.058000,0.070000
15305,0.226000,1.754000,2,0.058000,0.095000
15306,0.026000,0.896000,1,0.024000,0.030000
15307,0.170000,1.562000,2,0.060000,0.105000
15308,0.076000,2.948000,5,0.082000,0.085000
15309,0.132000,2.202000,4,0.076000,0.125000
15310,0.184000,2.246000,4,0.084000,0.135000
15311,0.042000,1.610000,2,0.032000,0.040000
15312,0.134000,1.596000,2,0.068000,0.100000
15313,0.134000,2.502000,3,0.080000,0.115000
15314,0.062000,1.770000,2,0.036000,0.050000
15315,0.026000,1.710000,2,0.028000,0.030000
15316,0.242000,2.048000,6,0.132000,0.155000
15317,0.244000,2.172000,5,0.102000,0.150000
15318,0.092000,1.710000,2,0.040000,0.045000
15319,0.130000,0.740000,2,0.044000,0.070000
15320,0.034000,2.462000,3,0.044000,0.075000
15321,0.000000,0.000000,0,0.000000,0.000000
15322,0.048000,1.572000,2,0.038000,0.050000
15323,0.134000,2.372000,5,0.090000,0.110000
15324,0.006000,0.880000,1,0.012000,0.010000
15325,0.002000,0.830000,1,0.010000,0.005000
15326,0.840000,2.618000,5,0.178000,0.330000
15327,0.006000,0.840000,1,0.012000,0.010000
15328,0.006000,0.960000,1,0.012000,0.010000
15329,0.020000,1.550000,3,0.036000,0.030000
15330,0.260000,2.350000,3,0.070000,0.115000
15331,0.272000,0.820000,1,0.040000,0.080000
15332,0.194000,1.806000,4,0.098000,0.150000
15333,0.030000,0.930000,1,0.018000,0.025000
15334,0.056000,0.760000,1,0.022000,0.075000
15335,0.440000,2.814000,4,0.098000,0.155000
15336,0.032000,1.540000,2,0.030000,0.035000
15337,0.340000,1.348000,2,0.092000,0.170000
15338,0.158000,2.752000,5,0.106000,0.170000
15339,0.012000,0.700000,1,0.014000,0.015000
15340,0.182000,1.276000,4,0.092000,0.165000
15341,0.288000,1.500000,2,0.062000,0.115000
15342,0.054000,1.650000,2,0.034000,0.045000
15343,0.154000,2.330000,5,0.088000,0.105000
15344,0.406000,1.758000,3,0.102000,0.180000
15345,0.024000,0.132000,1,0.022000,0.030000
15346,0.092000,1.420000,2,0.040000,0.060000
15347,0.334000,2.912000,4,0.096000,0.155000
15348,0.074000,1.614000,3,0.058000,0.075000
15349,0.130000,1.636000,4,0.084000,0.115000
15350,0.082000,1.780000,3,0.052000,0.070000
15351,0.102000,1.422000,2,0.044000,0.065000
15352,0.134000,0.902000,2,0.050000,0.080000
15353,0.022000,1.724000,2,0.034000,0.035000
15354,0.164000,1.390000,3,0.060000,0.090000
15355,0.028000,1.574000,3,0.046000,0.045000
15356,0.162000,2.152000,5,0.078000,0.130000
15357,0.116000,2.048000,3,0.074000,0.105000
15358,0.190000,1.454000,2,0.066000,0.120000
15359,0.586000,2.606000,8,0.180000,0.315000
15360,0.020000,0.872000,2,0.030000,0.030000
15361,0.128000,1.690000,3,0.060000,0.090000
15362,0.114000,2.206000,3,0.062000,0.085000
15363,0.040000,2.472000,3,0.046000,0.050000
15364,0.020000,0.930000,1,0.016000,0.050000
15365,0.060000,1.262000,2,0.040000,0.055000
15366,0.106000,2.344000,4,0.076000,0.100000
15367,0.086000,2.016000,3,0.066000,0.090000
15368,0.028000,1.662000,2,0.032000,0.035000
15369,0.372000,1.708000,4,0.122000,0.205000
15370,0.292000,1.018000,3,0.098000,0.155000
15371,0.130000,2.812000,4,0.078000,0.135000
15372,0.096000,1.944000,5,0.086000,0.105000
15373,0.024000,1.660000,3,0.038000,0.035000
15374,0.124000,1.184000,3,0.070000,0.090000
15375,0.066000,0.756000,2,0.052000,0.075000
15376,0.166000,2.924000,6,0.106000,0.135000
15377,0.230000,2.894000,4,0.098000,0.140000
15378,0.050000,1.242000,2,0.036000,0.045000
15379,0.460000,3.072000,6,0.152000,0.210000
15380,0.012000,0.830000,1,0.014000,0.015000
15381,0.140000,1.922000,4,0.078000,0.110000
15382,0.090000,2.140000,6,0.078000,0.095000
15383,0.306000,1.972000,5,0.114000,0.180000
15384,0.082000,1.706000,3,0.066000,0.090000
15385,0.948000,2.454000,5,0.170000,0.250000
15386,0.078000,1.652000,2,0.044000,0.065000
15387,0.064000,1.802000,2,0.040000,0.055000
15388,0.028000,0.802000,2,0.032000,0.035000
15389,0.114000,0.950000,2,0.044000,0.070000
15390,0.154000,2.544000,6,0.110000,0.145000
15391,0.000000,0.000000,0,0.000000,0.000000
15392,0.348000,2.268000,3,0.100000,0.145000
15393,0.106000,1.824000,3,0.066000,0.095000
15394,0.148000,3.704000,8,0.128000,0.190000
15395,0.258000,1.582000,2,0.066000,0.140000
15396,0.182000,2.108000,4,0.100000,0.175000
15397,0.026000,1.112000,3,0.046000,0.040000
15398,0.380000,1.092000,4,0.110000,0.255000
15399,0.172000,1.402000,2,0.076000,0.175000
15400,0.082000,1.582000,2,0.046000,0.070000
15401,0.088000,1.666000,4,0.072000,0.085000
15402,0.062000,2.382000,4,0.062000,0.070000
15403,0.060000,2.194000,4,0.064000,0.070000
15404,0.204000,2.812000,8,0.140000,0.200000
15405,0.254000,2.590000,7,0.156000,0.210000
15406,0.352000,1.794000,5,0.122000,0.195000
15407,0.106000,3.410000,5,0.078000,0.095000
15408,0.050000,0.810000,2,0.034000,0.045000
15409,0.092000,1.740000,2,0.040000,0.060000
15410,0.084000,1.754000,3,0.060000,0.080000
15411,0.178000,2.150000,4,0.076000,0.110000
15412,0.068000,1.590000,2,0.036000,0.050000
15413,0.092000,2.792000,4,0.066000,0.080000
15414,0.202000,2.200000,5,0.096000,0.140000
15415,0.080000,1.444000,3,0.056000,0.080000
15416,0.180000,2.234000,5,0.100000,0.145000
15417,0.162000,1.374000,4,0.106000,0.155000
15418,0.012000,0.800000,1,0.014000,0.015000
15419,0.024000,1.662000,2,0.030000,0.050000
15420,0.070000,1.590000,3,0.050000,0.065000
15421,0.088000,2.472000,4,0.066000,0.080000
15422,0.024000,1.840000,2,0.028000,0.030000
15423,0.164000,1.840000,3,0.060000,0.125000
15424,0.052000,1.432000,2,0.038000,0.050000
15425,0.110000,0.650000,1,0.028000,0.050000
15426,0.386000,2.096000,4,0.116000,0.195000
15427,0.100000,1.370000,3,0.052000,0.065000
15428,0.210000,2.660000,5,0.098000,0.125000
15429,0.110000,2.320000,3,0.056000,0.080000
15430,0.116000,2.942000,5,0.076000,0.095000
15431,0.102000,1.330000,4,0.068000,0.120000
15432,0.242000,1.324000,3,0.078000,0.125000
15433,0.002000,0.880000,1,0.010000,0.005000
15434,0.132000,2.084000,3,0.068000,0.100000
15435,0.432000,1.978000,3,0.112000,0.215000
15436,0.058000,2.322000,4,0.060000,0.110000
15437,0.088000,1.342000,2,0.046000,0.070000
15438,0.068000,1.672000,3,0.054000,0.090000
15439,0.354000,2.044000,4,0.098000,0.095000
15440,0.094000,2.964000,4,0.074000,0.095000
15441,0.482000,2.154000,3,0.108000,0.200000
15442,0.054000,1.650000,2,0.034000,0.045000
15443,0.092000,2.032000,3,0.060000,0.085000
15444,0.114000,1.150000,2,0.044000,0.070000
15445,0.028000,1.402000,2,0.032000,0.055000
15446,0.304000,1.112000,5,0.116000,0.195000
15447,0.294000,2.510000,5,0.146000,0.210000
15448,0.104000,2.966000,4,0.076000,0.100000
15449,0.260000,1.572000,5,0.108000,0.165000
15450,0.086000,1.210000,2,0.040000,0.060000
15451,0.184000,2.152000,4,0.084000,0.125000
15452,0.244000,1.676000,3,0.088000,0.190000
15453,0.118000,2.364000,3,0.078000,0.140000
15454,0.120000,1.780000,3,0.056000,0.080000
15455,0.042000,0.750000,1,0.020000,0.030000
15456,0.054000,1.420000,2,0.034000,0.045000
15457,0.040000,0.880000,2,0.032000,0.040000
15458,0.074000,1.860000,2,0.034000,0.045000
15459,0.154000,1.716000,3,0.076000,0.115000
15460,0.030000,2.404000,3,0.046000,0.080000
15461,0.104000,2.352000,4,0.074000,0.100000
15462,0.072000,3.152000,4,0.060000,0.065000
15463,0.062000,1.230000,2,0.036000,0.050000
15464,0.044000,0.762000,2,0.038000,0.050000
15465,0.046000,2.346000,4,0.066000,0.060000
15466,0.238000,1.684000,4,0.096000,0.160000
15467,0.048000,1.432000,2,0.038000,0.050000
15468,0.000000,0.000000,0,0.000000,0.000000
15469,0.166000,2.246000,3,0.070000,0.105000
15470,0.156000,0.640000,1,0.032000,0.060000
15471,0.060000,2.384000,3,0.056000,0.070000
15472,0.102000,0.720000,2,0.042000,0.065000
15473,0.074000,1.342000,2,0.042000,0.080000
15474,0.014000,1.224000,3,0.040000,0.040000
15475,0.068000,1.986000,3,0.062000,0.080000
15476,0.088000,1.224000,2,0.046000,0.115000
15477,0.600000,1.434000,4,0.108000,0.225000
15478,0.150000,1.854000,4,0.086000,0.125000
15479,0.112000,2.262000,3,0.064000,0.085000
15480,0.104000,0.736000,1,0.052000,0.085000
15481,0.210000,2.350000,3,0.076000,0.110000
15482,0.068000,1.710000,2,0.036000,0.050000
15483,0.056000,0.870000,1,0.022000,0.035000
15484,0.064000,1.722000,2,0.038000,0.050000
15485,0.032000,1.670000,2,0.030000,0.035000
15486,0.132000,0.600000,1,0.030000,0.055000
15487,0.032000,0.842000,1,0.022000,0.045000
15488,0.108000,1.354000,3,0.062000,0.095000
15489,0.034000,0.842000,3,0.044000,0.075000
15490,0.202000,1.224000,3,0.084000,0.155000
15491,0.042000,0.942000,2,0.036000,0.045000
15492,0.110000,2.152000,3,0.058000,0.080000
15493,0.210000,2.522000,5,0.104000,0.155000
15494,0.354000,1.360000,2,0.058000,0.105000
15495,0.138000,2.012000,4,0.074000,0.110000
15496,0.042000,0.472000,1,0.026000,0.065000
15497,0.128000,1.720000,2,0.046000,0.075000
15498,0.056000,0.690000,1,0.022000,0.035000
15499,0.194000,1.702000,3,0.070000,0.110000
15500,0.036000,0.004000,1,0.018000,0.045000
15501,0.156000,2.616000,6,0.112000,0.165000
15502,0.046000,1.804000,3,0.052000,0.060000
15503,0.080000,2.604000,5,0.078000,0.085000
15504,0.160000,2.490000,4,0.070000,0.090000
15505,0.026000,1.700000,2,0.028000,0.030000
15506,0.056000,0.780000,1,0.022000,0.035000
15507,0.134000,2.230000,3,0.060000,0.070000
15508,0.154000,2.570000,3,0.058000,0.085000
15509,0.082000,1.784000,2,0.050000,0.075000
15510,0.052000,1.730000,3,0.044000,0.060000
15511,0.040000,0.880000,2,0.032000,0.040000
15512,0.076000,3.056000,4,0.068000,0.075000
15513,0.084000,2.290000,4,0.060000,0.070000
15514,0.166000,1.590000,3,0.084000,0.130000
15515,0.012000,0.950000,1,0.014000,0.015000
15516,0.034000,0.762000,2,0.034000,0.040000
15517,0.026000,1.812000,3,0.042000,0.040000
15518,0.098000,1.670000,2,0.042000,0.105000
15519,0.020000,0.860000,1,0.016000,0.020000
15520,0.116000,2.290000,3,0.058000,0.085000
15521,0.044000,0.890000,2,0.030000,0.055000
15522,0.118000,2.270000,4,0.068000,0.090000
15523,0.406000,2.772000,5,0.156000,0.275000
15524,0.084000,0.504000,1,0.044000,0.070000
15525,0.236000,1.456000,4,0.094000,0.140000
15526,0.048000,1.770000,2,0.032000,0.040000
15527,0.052000,1.488000,2,0.042000,0.050000
15528,0.020000,0.870000,1,0.016000,0.035000
15529,0.026000,1.638000,2,0.038000,0.040000
15530,0.430000,2.282000,4,0.114000,0.175000
15531,0.032000,0.582000,1,0.022000,0.030000
15532,0.122000,1.680000,3,0.058000,0.085000
15533,0.030000,0.840000,1,0.018000,0.025000
15534,0.144000,2.356000,5,0.094000,0.120000
15535,0.078000,1.840000,3,0.048000,0.060000
15536,0.040000,1.630000,2,0.046000,0.055000
15537,0.046000,1.392000,2,0.034000,0.040000
15538,0.150000,2.440000,4,0.074000,0.105000
15539,0.146000,1.480000,2,0.048000,0.080000
15540,0.006000,0.930000,1,0.012000,0.010000
15541,0.042000,0.830000,1,0.020000,0.030000
15542,0.012000,0.950000,1,0.014000,0.015000
15543,0.020000,0.750000,1,0.016000,0.020000
15544,0.288000,2.124000,4,0.100000,0.180000
15545,0.474000,1.512000,3,0.092000,0.165000
15546,0.034000,1.472000,2,0.032000,0.035000
15547,0.138000,2.436000,3,0.074000,0.110000
15548,0.026000,0.842000,1,0.022000,0.030000
15549,0.050000,1.702000,3,0.048000,0.075000
15550,0.078000,2.692000,3,0.048000,0.045000
15551,0.156000,1.408000,3,0.086000,0.110000
15552,0.048000,1.740000,3,0.044000,0.050000
15553,0.196000,2.908000,4,0.088000,0.125000
15554,0.034000,1.750000,3,0.040000,0.055000
15555,0.102000,1.830000,2,0.042000,0.065000
15556,0.020000,0.890000,1,0.016000,0.020000
15557,0.064000,1.562000,2,0.038000,0.050000
15558,0.096000,3.250000,4,0.080000,0.080000
15559,0.018000,0.902000,1,0.020000,0.025000
15560,0.064000,1.432000,2,0.038000,0.050000
15561,0.056000,1.624000,2,0.044000,0.060000
15562,0.044000,1.730000,2,0.030000,0.035000
15563,0.144000,1.636000,2,0.068000,0.130000
15564,0.026000,1.660000,2,0.028000,0.030000
15565,0.076000,1.650000,2,0.038000,0.055000
15566,0.108000,3.374000,4,0.076000,0.085000
15567,0.226000,3.172000,5,0.102000,0.125000
15568,0.110000,0.880000,1,0.028000,0.050000
15569,0.018000,1.750000,2,0.026000,0.025000
15570,0.036000,2.694000,3,0.048000,0.050000
15571,0.000000,0.000000,0,0.000000,0.000000
15572,0.148000,1.852000,3,0.062000,0.090000
15573,0.242000,2.296000,5,0.092000,0.140000
15574,0.110000,0.880000,1,0.028000,0.050000
15575,0.042000,0.860000,1,0.020000,0.030000
15576,0.180000,2.532000,3,0.068000,0.105000
15577,0.000000,0.000000,0,0.000000,0.000000
15578,0.190000,1.580000,4,0.080000,0.120000
15579,0.002000,0.650000,1,0.010000,0.005000
15580,0.018000,0.922000,1,0.020000,0.025000
15581,0.204000,1.500000,2,0.054000,0.125000
15582,0.144000,1.490000,2,0.044000,0.070000
15583,0.004000,0.682000,1,0.014000,0.010000
15584,0.024000,1.842000,2,0.032000,0.035000
15585,0.046000,1.826000,2,0.044000,0.055000
15586,0.082000,1.374000,2,0.050000,0.075000
15587,0.094000,1.592000,3,0.072000,0.110000
15588,0.104000,1.692000,2,0.048000,0.075000
15589,0.018000,1.670000,2,0.026000,0.025000
15590,0.020000,0.790000,1,0.016000,0.020000
15591,0.184000,1.996000,3,0.092000,0.135000
15592,0.040000,2.652000,3,0.046000,0.035000
15593,0.054000,1.440000,2,0.034000,0.045000
15594,0.094000,1.662000,2,0.044000,0.065000
15595,0.358000,2.476000,3,0.094000,0.135000
15596,0.000000,0.000000,0,0.000000,0.000000
15597,0.108000,3.012000,4,0.070000,0.085000
15598,0.216000,1.712000,3,0.072000,0.115000
15599,0.142000,4.242000,5,0.088000,0.110000
15600,0.094000,0.800000,2,0.046000,0.075000
15601,0.120000,1.388000,2,0.056000,0.070000
15602,0.038000,1.612000,2,0.036000,0.045000
15603,0.014000,0.896000,1,0.020000,0.020000
15604,0.006000,1.890000,3,0.030000,0.015000
15605,0.036000,2.272000,3,0.046000,0.050000
15606,0.038000,1.172000,2,0.034000,0.040000
15607,0.134000,2.602000,3,0.062000,0.090000
15608,0.262000,1.614000,3,0.092000,0.150000
15609,0.004000,0.946000,1,0.016000,0.010000
15610,0.152000,1.120000,3,0.060000,0.090000
15611,0.018000,0.922000,1,0.020000,0.025000
15612,0.042000,0.830000,1,0.020000,0.030000
15613,0.282000,0.710000,2,0.058000,0.145000
15614,0.096000,1.692000,2,0.048000,0.075000
15615,0.128000,1.604000,2,0.054000,0.085000
15616,0.042000,1.680000,2,0.032000,0.025000
15617,0.060000,2.912000,4,0.060000,0.065000
15618,0.000000,0.000000,0,0.000000,0.000000
15619,0.248000,2.344000,4,0.094000,0.145000
15620,0.036000,1.420000,2,0.030000,0.035000
15621,0.058000,0.732000,1,0.026000,0.040000
15622,0.006000,0.920000,1,0.012000,0.010000
15623,0.026000,0.852000,2,0.032000,0.035000
15624,0.020000,0.940000,1,0.016000,0.020000
15625,0.104000,1.760000,3,0.054000,0.075000
15626,0.102000,1.760000,2,0.042000,0.065000
15627,0.030000,0.880000,1,0.018000,0.025000
15628,0.024000,2.546000,3,0.048000,0.040000
15629,0.178000,1.642000,3,0.070000,0.110000
15630,0.182000,2.094000,5,0.098000,0.145000
15631,0.096000,1.480000,2,0.038000,0.055000
15632,0.072000,1.572000,3,0.054000,0.065000
15633,0.076000,0.540000,2,0.038000,0.055000
15634,0.176000,1.510000,2,0.078000,0.095000
15635,0.144000,1.422000,2,0.052000,0.095000
15636,0.076000,2.690000,5,0.086000,0.095000
15637,0.104000,2.238000,3,0.072000,0.080000
15638,0.116000,1.730000,3,0.054000,0.075000
15639,0.080000,2.330000,4,0.060000,0.070000
15640,0.086000,0.720000,2,0.032000,0.060000
15641,0.124000,2.382000,5,0.088000,0.130000
15642,0.142000,2.044000,4,0.078000,0.105000
15643,0.082000,1.780000,3,0.042000,0.065000
15644,0.092000,2.636000,4,0.070000,0.075000
15645,0.072000,3.404000,5,0.076000,0.075000
15646,0.294000,1.344000,7,0.138000,0.185000
15647,0.078000,1.590000,3,0.050000,0.065000
15648,0.174000,1.670000,2,0.050000,0.085000
15649,0.092000,2.116000,3,0.056000,0.090000
15650,0.270000,2.082000,4,0.090000,0.140000
15651,0.132000,1.552000,3,0.064000,0.100000
15652,0.162000,1.170000,2,0.050000,0.085000
15653,0.020000,0.610000,1,0.016000,0.045000
15654,0.356000,0.338000,1,0.104000,0.200000
15655,0.244000,3.626000,6,0.128000,0.175000
15656,0.110000,1.440000,2,0.042000,0.065000
15657,0.022000,1.724000,2,0.034000,0.035000
15658,0.164000,3.004000,5,0.100000,0.110000
15659,0.120000,1.972000,3,0.054000,0.070000
15660,0.290000,2.682000,5,0.104000,0.175000
15661,0.042000,0.920000,1,0.020000,0.030000
15662,0.080000,1.664000,2,0.050000,0.075000
15663,0.178000,1.872000,3,0.074000,0.165000
15664,0.098000,2.006000,3,0.070000,0.100000
15665,0.044000,1.372000,2,0.036000,0.045000
15666,0.316000,2.206000,3,0.092000,0.155000
15667,0.186000,1.590000,2,0.050000,0.085000
15668,0.226000,3.012000,6,0.118000,0.170000
15669,0.186000,1.352000,2,0.060000,0.065000
15670,0.394000,1.404000,4,0.098000,0.170000
15671,0.058000,2.592000,3,0.048000,0.055000
15672,0.110000,1.274000,2,0.050000,0.075000
15673,0.066000,1.820000,3,0.048000,0.060000
15674,0.112000,2.946000,5,0.098000,0.115000
15675,0.172000,1.454000,4,0.084000,0.120000
15676,0.074000,2.532000,3,0.054000,0.070000
15677,0.214000,3.154000,5,0.110000,0.165000
15678,0.266000,2.144000,5,0.120000,0.230000
15679,0.130000,3.092000,4,0.076000,0.105000
15680,0.138000,2.250000,5,0.084000,0.110000
15681,0.132000,2.330000,3,0.060000,0.090000
15682,0.162000,1.800000,2,0.048000,0.080000
15683,0.632000,3.110000,5,0.116000,0.175000
15684,0.348000,2.752000,4,0.112000,0.195000
15685,0.174000,1.792000,3,0.066000,0.100000
15686,0.442000,1.066000,2,0.104000,0.205000
15687,0.068000,0.410000,2,0.036000,0.050000
15688,0.036000,1.698000,3,0.050000,0.050000
15689,0.030000,0.840000,1,0.018000,0.025000
15690,0.266000,1.322000,3,0.080000,0.100000
15691,0.040000,2.552000,3,0.046000,0.050000
15692,0.284000,2.122000,4,0.102000,0.125000
15693,0.100000,2.184000,4,0.078000,0.130000
15694,0.028000,0.812000,2,0.024000,0.035000
15695,0.272000,2.184000,5,0.116000,0.180000
15696,0.212000,3.300000,5,0.096000,0.125000
15697,0.212000,1.524000,2,0.066000,0.105000
15698,0.166000,1.446000,3,0.078000,0.180000
15699,0.154000,1.502000,2,0.050000,0.080000
15700,0.092000,0.812000,2,0.046000,0.070000
15701,0.344000,2.076000,4,0.114000,0.175000
15702,0.164000,1.240000,3,0.082000,0.125000
15703,0.114000,1.302000,2,0.048000,0.075000
15704,0.088000,1.612000,3,0.054000,0.070000
15705,0.082000,2.964000,4,0.072000,0.090000
15706,0.054000,1.174000,2,0.044000,0.060000
15707,0.178000,1.334000,3,0.076000,0.120000
15708,0.068000,0.642000,3,0.052000,0.065000
15709,0.022000,1.120000,2,0.026000,0.025000
15710,0.080000,2.212000,4,0.066000,0.080000
15711,0.256000,2.110000,3,0.100000,0.135000
15712,0.366000,1.574000,2,0.070000,0.125000
15713,0.052000,1.552000,2,0.040000,0.055000
15714,0.164000,2.384000,5,0.098000,0.135000
15715,0.006000,0.730000,1,0.012000,0.010000
15716,0.480000,1.880000,6,0.150000,0.195000
15717,0.028000,1.382000,2,0.032000,0.035000
15718,0.514000,1.588000,4,0.122000,0.195000
15719,0.238000,1.180000,4,0.088000,0.140000
15720,0.120000,1.752000,3,0.062000,0.090000
15721,0.102000,1.284000,3,0.064000,0.090000
15722,0.136000,1.514000,3,0.072000,0.110000
15723,0.048000,1.594000,2,0.042000,0.055000
15724,0.030000,0.930000,1,0.018000,0.025000
15725,0.056000,1.064000,2,0.042000,0.055000
15726,0.104000,1.310000,4,0.066000,0.095000
15727,0.160000,3.082000,5,0.094000,0.130000
15728,0.032000,0.870000,2,0.030000,0.040000
15729,0.522000,2.858000,5,0.124000,0.210000
15730,0.030000,0.770000,1,0.018000,0.025000
15731,0.014000,1.890000,2,0.024000,0.020000
15732,0.090000,2.144000,4,0.074000,0.120000
15733,0.006000,0.430000,1,0.012000,0.010000
15734,0.218000,1.440000,4,0.086000,0.115000
15735,0.056000,1.894000,3,0.054000,0.065000
15736,0.132000,1.586000,3,0.070000,0.090000
15737,0.048000,1.340000,2,0.032000,0.040000
15738,0.488000,2.462000,5,0.112000,0.175000
15739,0.110000,0.992000,2,0.050000,0.080000
15740,0.410000,1.442000,5,0.120000,0.200000
15741,0.350000,2.262000,3,0.090000,0.160000
15742,0.218000,1.500000,3,0.070000,0.115000
15743,0.380000,2.660000,7,0.184000,0.300000
15744,0.346000,1.974000,3,0.092000,0.160000
15745,0.030000,2.764000,3,0.046000,0.045000
15746,0.032000,1.692000,3,0.044000,0.030000
15747,0.144000,2.262000,4,0.078000,0.110000
15748,0.182000,3.594000,5,0.098000,0.130000
15749,0.048000,1.404000,3,0.052000,0.060000
15750,0.148000,2.152000,5,0.088000,0.135000
15751,0.176000,1.964000,3,0.072000,0.110000
15752,0.196000,1.624000,4,0.088000,0.130000
15753,0.042000,1.850000,2,0.032000,0.040000
15754,0.388000,1.874000,7,0.154000,0.255000
15755,0.044000,3.048000,4,0.062000,0.060000
15756,0.042000,0.630000,1,0.020000,0.030000
15757,0.210000,0.660000,1,0.036000,0.070000
15758,0.496000,3.310000,6,0.158000,0.210000
15759,0.200000,2.596000,4,0.080000,0.110000
15760,0.060000,3.152000,4,0.060000,0.065000
15761,0.382000,3.474000,8,0.160000,0.255000
15762,0.076000,0.750000,2,0.056000,0.080000
15763,0.096000,3.596000,6,0.098000,0.110000
15764,0.272000,2.262000,5,0.108000,0.165000
15765,0.182000,3.444000,6,0.114000,0.155000
15766,0.168000,1.508000,3,0.080000,0.190000
15767,0.152000,2.020000,3,0.060000,0.090000
15768,0.216000,2.140000,4,0.082000,0.125000
15769,0.024000,0.892000,2,0.030000,0.050000
15770,0.002000,0.970000,1,0.010000,0.005000
15771,0.050000,2.504000,3,0.052000,0.060000
15772,0.142000,1.530000,3,0.056000,0.090000
15773,0.258000,2.604000,5,0.122000,0.175000
15774,0.030000,0.760000,1,0.018000,0.025000
15775,0.070000,1.504000,3,0.058000,0.075000
15776,0.122000,2.268000,4,0.072000,0.105000
15777,0.078000,2.198000,3,0.068000,0.090000
15778,0.074000,0.804000,1,0.038000,0.065000
15779,0.038000,1.134000,3,0.048000,0.050000
15780,0.158000,2.972000,5,0.134000,0.185000
15781,0.030000,0.880000,1,0.018000,0.025000
15782,0.124000,2.298000,5,0.084000,0.115000
15783,0.212000,2.510000,4,0.084000,0.145000
15784,0.194000,3.180000,5,0.094000,0.115000
15785,0.058000,1.570000,2,0.032000,0.040000
15786,0.352000,0.556000,2,0.088000,0.165000
15787,0.030000,0.600000,1,0.018000,0.025000
15788,0.148000,1.694000,4,0.082000,0.115000
15789,1.262000,1.730000,3,0.114000,0.225000
15790,0.076000,1.490000,2,0.038000,0.055000
15791,0.158000,2.476000,6,0.116000,0.140000
15792,1.064000,2.520000,7,0.170000,0.285000
15793,0.188000,0.772000,2,0.054000,0.090000
15794,0.068000,2.352000,3,0.054000,0.070000
15795,0.132000,2.668000,4,0.084000,0.115000
15796,0.212000,1.300000,2,0.052000,0.130000
15797,0.256000,0.768000,3,0.086000,0.185000
15798,0.368000,2.048000,4,0.130000,0.225000
15799,0.048000,0.830000,3,0.044000,0.070000
15800,0.112000,1.190000,2,0.072000,0.115000
15801,0.214000,2.664000,4,0.090000,0.135000
15802,0.062000,2.360000,4,0.056000,0.060000
15803,0.052000,1.970000,3,0.046000,0.055000
15804,0.152000,2.244000,3,0.070000,0.105000
15805,0.206000,2.650000,6,0.110000,0.165000
15806,0.048000,1.764000,3,0.050000,0.055000
15807,0.178000,3.182000,5,0.100000,0.120000
15808,0.232000,1.586000,5,0.112000,0.165000
15809,0.112000,2.334000,4,0.080000,0.110000
15810,0.096000,1.724000,3,0.062000,0.085000
15811,0.084000,1.760000,2,0.038000,0.060000
15812,0.088000,2.310000,3,0.050000,0.065000
15813,0.028000,1.532000,2,0.032000,0.035000
15814,0.080000,1.660000,3,0.052000,0.070000
15815,0.086000,2.600000,4,0.062000,0.095000
15816,0.098000,0.680000,2,0.042000,0.065000
15817,0.170000,1.510000,4,0.078000,0.115000
15818,0.064000,1.982000,3,0.052000,0.065000
15819,0.212000,1.264000,4,0.092000,0.150000
15820,0.742000,0.608000,3,0.134000,0.320000
15821,0.162000,1.800000,2,0.048000,0.080000
15822,0.150000,0.900000,3,0.060000,0.090000
15823,0.752000,1.356000,3,0.138000,0.270000
15824,0.026000,1.600000,2,0.028000,0.030000
15825,0.054000,0.808000,1,0.046000,0.100000
15826,0.042000,1.500000,2,0.032000,0.040000
15827,0.146000,2.236000,5,0.104000,0.175000
15828,0.112000,2.314000,3,0.066000,0.115000
15829,0.000000,0.000000,0,0.000000,0.000000
15830,0.018000,0.892000,1,0.020000,0.025000
15831,0.158000,0.076000,1,0.054000,0.100000
15832,0.196000,2.682000,5,0.098000,0.140000
15833,0.122000,1.356000,5,0.090000,0.130000
15834,0.168000,1.594000,3,0.072000,0.110000
15835,0.130000,0.882000,4,0.076000,0.090000
15836,0.146000,0.980000,2,0.048000,0.080000
15837,0.018000,1.750000,2,0.026000,0.025000
15838,0.050000,1.280000,2,0.034000,0.045000
15839,0.120000,3.144000,7,0.110000,0.125000
15840,0.020000,0.640000,1,0.016000,0.020000
15841,0.122000,3.140000,5,0.070000,0.095000
15842,0.022000,1.450000,2,0.026000,0.025000
15843,0.414000,0.636000,1,0.078000,0.215000
15844,0.018000,0.800000,2,0.026000,0.025000
15845,0.354000,2.704000,5,0.110000,0.165000
15846,0.218000,1.084000,3,0.082000,0.135000
15847,0.166000,0.620000,2,0.050000,0.125000
15848,0.036000,1.524000,3,0.048000,0.050000
15849,0.090000,2.400000,4,0.058000,0.085000
15850,0.104000,0.944000,2,0.052000,0.080000
15851,0.036000,0.550000,2,0.022000,0.035000
15852,0.072000,1.672000,3,0.054000,0.070000
15853,0.282000,2.342000,4,0.098000,0.120000
15854,0.286000,2.208000,5,0.134000,0.215000
15855,0.084000,1.980000,6,0.100000,0.100000
15856,0.290000,1.808000,4,0.114000,0.205000
15857,0.134000,1.630000,3,0.058000,0.085000
15858,0.096000,1.734000,3,0.064000,0.090000
15859,0.086000,2.522000,3,0.058000,0.080000
15860,0.084000,2.480000,4,0.074000,0.085000
15861,0.098000,1.060000,2,0.042000,0.065000
15862,0.066000,2.406000,3,0.058000,0.095000
15863,0.076000,2.348000,3,0.058000,0.070000
15864,0.190000,1.542000,5,0.098000,0.140000
15865,0.018000,0.900000,2,0.026000,0.030000
15866,0.090000,2.450000,3,0.050000,0.070000
15867,0.204000,2.594000,5,0.116000,0.175000
15868,0.090000,0.870000,1,0.026000,0.045000
15869,0.198000,0.702000,2,0.072000,0.115000
15870,0.146000,1.320000,3,0.082000,0.125000
15871,0.096000,1.470000,3,0.052000,0.070000
15872,0.360000,3.482000,6,0.148000,0.200000
15873,0.036000,1.470000,2,0.030000,0.035000
15874,0.050000,0.612000,1,0.028000,0.045000
15875,0.322000,2.876000,4,0.112000,0.175000
15876,0.278000,1.648000,4,0.102000,0.175000
15877,0.110000,1.722000,4,0.072000,0.095000
15878,0.182000,2.012000,4,0.080000,0.095000
15879,0.026000,0.732000,1,0.022000,0.030000
15880,0.058000,1.324000,2,0.046000,0.065000
15881,0.050000,2.452000,3,0.048000,0.055000
15882,0.042000,1.840000,3,0.042000,0.045000
15883,0.104000,0.712000,2,0.050000,0.080000
15884,0.086000,0.554000,2,0.050000,0.075000
15885,0.112000,1.200000,2,0.038000,0.090000
15886,0.088000,1.910000,3,0.052000,0.070000
15887,0.218000,1.928000,5,0.122000,0.185000
15888,0.202000,1.168000,3,0.080000,0.140000
15889,0.192000,1.660000,3,0.060000,0.110000
15890,0.106000,0.852000,3,0.058000,0.080000
15891,0.072000,1.550000,2,0.038000,0.070000
15892,0.212000,2.234000,6,0.120000,0.155000
15893,0.290000,2.032000,7,0.132000,0.185000
15894,0.124000,1.422000,2,0.052000,0.100000
15895,0.098000,1.796000,3,0.068000,0.150000
15896,0.452000,2.314000,4,0.102000,0.150000
15897,0.120000,1.384000,4,0.078000,0.115000
15898,0.020000,0.480000,1,0.016000,0.020000
15899,0.422000,1.404000,5,0.118000,0.240000
15900,0.236000,2.896000,6,0.130000,0.190000
15901,0.054000,1.504000,3,0.054000,0.065000
15902,0.160000,1.686000,2,0.064000,0.105000
15903,0.162000,1.330000,3,0.084000,0.130000
15904,0.002000,0.110000,1,0.010000,0.005000
15905,0.120000,0.940000,2,0.044000,0.070000
15906,0.134000,2.422000,3,0.066000,0.070000
15907,0.054000,1.632000,3,0.048000,0.055000
15908,0.078000,1.522000,2,0.044000,0.065000
15909,0.090000,1.580000,3,0.054000,0.075000
15910,0.212000,0.952000,3,0.078000,0.145000
15911,0.006000,0.840000,1,0.012000,0.010000
15912,0.176000,1.092000,3,0.066000,0.100000
15913,0.136000,0.726000,3,0.068000,0.100000
15914,0.060000,1.490000,3,0.048000,0.060000
15915,0.172000,1.034000,3,0.080000,0.135000
15916,0.030000,0.930000,1,0.018000,0.025000
15917,0.050000,1.670000,2,0.034000,0.045000
15918,0.052000,1.736000,2,0.048000,0.065000
15919,0.226000,3.002000,4,0.090000,0.120000
15920,0.218000,2.816000,6,0.122000,0.220000
15921,0.270000,2.214000,4,0.098000,0.135000
15922,0.108000,0.446000,2,0.056000,0.085000
15923,0.496000,3.176000,5,0.146000,0.250000
15924,0.154000,1.736000,3,0.076000,0.115000
15925,0.072000,2.312000,4,0.064000,0.075000
15926,0.328000,1.376000,3,0.096000,0.135000
15927,0.038000,0.792000,2,0.036000,0.045000
15928,0.282000,1.560000,2,0.060000,0.110000
15929,0.052000,0.884000,2,0.040000,0.050000
15930,0.170000,2.082000,5,0.088000,0.115000
15931,0.172000,1.880000,5,0.106000,0.135000
15932,0.418000,1.982000,5,0.130000,0.220000
15933,0.260000,1.002000,3,0.106000,0.260000
15934,0.390000,2.122000,3,0.088000,0.155000
15935,0.150000,2.310000,5,0.112000,0.135000
15936,0.336000,2.656000,5,0.128000,0.160000
15937,0.194000,1.468000,2,0.066000,0.085000
15938,0.200000,1.942000,5,0.112000,0.180000
15939,0.050000,1.620000,2,0.034000,0.045000
15940,0.204000,1.562000,4,0.088000,0.130000
15941,0.072000,0.110000,2,0.030000,0.055000
15942,0.290000,2.166000,5,0.118000,0.180000
15943,0.158000,2.114000,3,0.078000,0.115000
15944,0.006000,0.910000,1,0.012000,0.010000
15945,0.054000,0.840000,2,0.034000,0.045000
15946,0.100000,2.042000,3,0.056000,0.060000
15947,0.042000,1.632000,2,0.036000,0.045000
15948,0.164000,1.012000,3,0.072000,0.100000
15949,0.116000,3.042000,5,0.082000,0.090000
15950,0.086000,2.142000,3,0.058000,0.065000
15951,0.056000,0.938000,2,0.036000,0.055000
15952,0.232000,2.174000,5,0.108000,0.160000
15953,0.050000,0.704000,1,0.030000,0.045000
15954,0.040000,0.872000,3,0.046000,0.050000
15955,0.160000,1.750000,3,0.062000,0.095000
15956,0.202000,2.326000,5,0.120000,0.200000
15957,0.138000,2.482000,4,0.078000,0.110000
15958,0.120000,2.714000,5,0.086000,0.105000
15959,0.166000,1.826000,3,0.090000,0.170000
15960,0.142000,1.938000,4,0.078000,0.120000
15961,0.020000,0.940000,1,0.016000,0.020000
15962,0.314000,2.030000,6,0.146000,0.215000
15963,0.142000,1.682000,2,0.074000,0.120000
15964,0.348000,0.924000,4,0.108000,0.185000
15965,0.060000,3.182000,4,0.060000,0.065000
15966,0.250000,2.174000,4,0.098000,0.155000
15967,0.132000,2.522000,4,0.076000,0.105000
15968,0.230000,2.250000,3,0.072000,0.120000
15969,0.238000,2.194000,5,0.108000,0.150000
15970,0.170000,2.322000,6,0.108000,0.130000
15971,0.040000,0.892000,1,0.026000,0.040000
15972,0.226000,1.012000,4,0.128000,0.170000
15973,0.490000,3.180000,8,0.196000,0.280000
15974,0.126000,2.930000,4,0.070000,0.095000
15975,0.284000,2.060000,6,0.122000,0.175000
15976,0.236000,2.286000,3,0.088000,0.145000
15977,0.280000,2.644000,4,0.106000,0.175000
15978,0.062000,1.234000,2,0.044000,0.060000
15979,0.064000,1.862000,3,0.052000,0.065000
15980,0.366000,2.748000,7,0.152000,0.210000
15981,0.248000,2.162000,4,0.092000,0.145000
15982,0.008000,0.112000,1,0.016000,0.015000
15983,0.232000,1.770000,3,0.070000,0.115000
15984,0.022000,1.430000,2,0.026000,0.025000
15985,0.314000,0.852000,4,0.102000,0.170000
15986,0.218000,2.016000,7,0.140000,0.175000
15987,0.186000,1.900000,4,0.096000,0.140000
15988,0.114000,1.510000,2,0.044000,0.070000
15989,0.116000,1.710000,3,0.058000,0.085000
15990,0.034000,1.782000,2,0.034000,0.040000
15991,0.068000,0.860000,2,0.036000,0.065000
15992,0.206000,1.966000,6,0.114000,0.170000
15993,0.162000,2.932000,7,0.114000,0.130000
15994,0.032000,2.360000,3,0.040000,0.030000
15995,0.128000,1.320000,3,0.060000,0.090000
15996,0.048000,1.606000,2,0.048000,0.065000
15997,0.194000,2.128000,4,0.114000,0.165000
15998,0.138000,1.210000,2,0.042000,0.065000
15999,0.140000,1.338000,3,0.080000,0.135000
16000,0.084000,1.100000,2,0.038000,0.055000
